fen,ply,game_id,engine_best,best_cp,engine_margin,played_move,p_engine_move_1100,p_engine_move_1400,p_engine_move_1700,p_engine_move_2000,human_top_1100,human_top_1400,human_top_1700,human_top_2000,human_cost_cp,p_max,p_slope,machine_unique
rnb1k2r/pp1nqppp/4p3/2ppP3/3P4/2PB1N2/PP3PPP/RN1QK2R b KQkq - 0 8,16,5hd19YaA,e8g8,-56,5,h7h6,0.107,0.0659,0.0472,0.0221,b8c6,b8c6,b8c6,b8c6,6.0,0.107,-0.0849,False
r1b1k2r/pp1nqpp1/2n1p2p/2ppP3/3P4/2PB1N2/PP1N1PPP/R2Q1RK1 b kq - 3 10,20,5hd19YaA,e7d8,-67,9,e8g8,0.0019,0.0016,0.0012,0.0004,e8g8,e8g8,e8g8,e8g8,9.0,0.0019,-0.0015,False
r1b2rk1/pp1nq1p1/2n1pP1p/2pp4/3P4/P1PB1N2/1P1N1PPP/R2Q1RK1 b - - 0 12,24,5hd19YaA,e7f6,5,94,d7f6,0.3623,0.254,0.1973,0.1961,d7f6,d7f6,d7f6,d7f6,94.0,0.3623,-0.1662,False
r4rk1/pp1bq1p1/2n1pn1p/2pp4/3P4/P1PB1N2/1P1N1PPP/2RQR1K1 b - - 3 14,28,5hd19YaA,a8c8,-123,5,a7a6,0.0735,0.0683,0.0805,0.104,c5c4,c5c4,c5c4,a8e8,30.0,0.104,0.0305,False
r4rk1/1p1bq1p1/p1n2n1p/2Ppp3/7N/P1PB4/1P1N1PPP/2RQR1K1 b - - 1 16,32,5hd19YaA,f6g4,127,83,e5e4,0.0467,0.0403,0.0327,0.029,e5e4,e5e4,e5e4,e5e4,270.0,0.0467,-0.0177,True
r4Nk1/1p1b1qp1/p1n2n1p/2Pp4/4p3/P1PB4/1P1N1PPP/2RQR1K1 b - - 0 18,36,5hd19YaA,a8f8,-184,44,a8f8,0.4066,0.4349,0.4226,0.395,a8f8,e4d3,e4d3,e4d3,169.0,0.4349,-0.0116,False
5rk1/1p1b1qp1/p4n1p/2Ppn3/4p3/P1P5/1P1NBPPP/2RQ1RK1 b - - 3 20,40,5hd19YaA,f6g4,-77,9,f6g4,0.108,0.1055,0.1205,0.159,f7g6,f7g6,f7g6,f7g6,20.0,0.159,0.051,False
5rk1/1p3qp1/p6p/2Ppn3/4p1b1/PNP5/1P3PPP/2RQ1RK1 b - - 1 22,44,5hd19YaA,g4d1,523,170,g4d1,0.8525,0.9008,0.9328,0.9539,g4d1,g4d1,g4d1,g4d1,0.0,0.9539,0.1014,False
5rk1/1p3qp1/p6p/2Pp4/3Np1n1/P1P5/1P3PPP/3R1RK1 b - - 2 24,48,5hd19YaA,f7c7,516,24,f7f4,0.1219,0.1203,0.0976,0.0694,g4f2,g4f2,g4f2,g4f2,-53.0,0.1219,-0.0525,False
5rk1/1p4p1/p4q1p/2Pp4/3Np1n1/P1P3PP/1P3P2/3R1RK1 b - - 0 26,52,5hd19YaA,g4f2,622,99,g4e5,0.4891,0.5357,0.581,0.5889,g4f2,g4f2,g4f2,g4f2,0.0,0.5889,0.0998,False
5rk1/1p4p1/p4q1p/2Pp4/4p3/P1P2nPP/1P2NPK1/3R1R2 b - - 4 28,56,5hd19YaA,f3h4,551,9,f6e5,0.0666,0.0519,0.036,0.0267,f8d8,f8d8,f6c6,f6c6,-4.0,0.0666,-0.0399,False
5rk1/1p4p1/p6p/2Ppq3/3Pp3/P5PP/1P3PK1/3R1R2 b - - 0 30,60,5hd19YaA,e5f5,563,15,e5f5,0.2956,0.3023,0.3413,0.3933,e5f5,e5f5,e5f5,e5f5,0.0,0.3933,0.0977,False
5rk1/1p4p1/p6p/2Pp4/3Pp2P/P4qP1/1P3P2/3R1RK1 b - - 2 32,64,5hd19YaA,e4e3,662,55,e4e3,0.3319,0.2932,0.2791,0.2792,e4e3,e4e3,e4e3,e4e3,0.0,0.3319,-0.0527,False
5rk1/1p4p1/p6p/2Pp4/3P3P/P2R1qP1/1P3R2/6K1 b - - 0 34,68,5hd19YaA,f3f2,1997,1200,f3d3,0.6643,0.7239,0.753,0.7775,f3f2,f3f2,f3f2,f3f2,0.0,0.7775,0.1132,False
r1bq1rk1/pppp1p2/2n1pn1p/6p1/1bPP4/2N1PNB1/PP3PPP/R2QKB1R b KQ - 0 8,16,ZmIK0RUK,d7d6,-53,43,f6e4,0.0621,0.0619,0.0532,0.0482,f6e4,f6e4,f6e4,f6e4,54.0,0.0621,-0.0139,False
r1bq1rk1/ppp2p2/2n1p2p/3p2p1/1bPPn3/2NBPNB1/PP3PPP/2RQK2R b K - 1 10,20,ZmIK0RUK,g8g7,-138,1,e4g3,0.0026,0.0035,0.0052,0.0113,e4g3,e4g3,e4g3,f7f5,17.0,0.0113,0.0087,False
r1bq1rk1/ppp2p2/2n1p2R/3p4/1bPP2p1/2NBPNP1/PP3PP1/2RQK3 b - - 0 12,24,ZmIK0RUK,d5c4,-247,10,g4f3,0.0107,0.0069,0.0094,0.022,g4f3,g4f3,g4f3,g4f3,129.0,0.022,0.0113,True
r1b2rk1/ppp2p2/2n1p3/3p2qR/1bPP4/2NBPQP1/PP3PP1/2R1K3 b - - 2 14,28,ZmIK0RUK,g5g7,-477,31,g5g7,0.6856,0.7703,0.8129,0.8108,g5g7,g5g7,g5g7,g5g7,0.0,0.8129,0.1252,False
r1b2r1k/ppp2pqB/2n1p3/3p3R/1bPP4/2N1PQP1/PP2KPP1/2R5 b - - 6 16,32,ZmIK0RUK,b4c3,-499,14,d5c4,0.0828,0.0755,0.0738,0.0704,e6e5,e6e5,f7f5,f7f5,79.0,0.0828,-0.0124,False
r1b2r1k/ppp2pq1/2n5/4pB1R/1bpP4/2N1PQP1/PP2KPP1/7R b - - 1 18,36,ZmIK0RUK,h8g8,-1990,8,h8g8,0.9853,0.9945,0.9979,0.999,h8g8,h8g8,h8g8,h8g8,0.0,0.999,0.0137,False
r1b2rkR/ppp2p2/2n5/4pB2/1bpP4/2N1PQP1/PP2KPP1/8 b - - 0 20,40,ZmIK0RUK,g8h8,-1996,1,g8h8,0.8744,0.8664,0.8653,0.8679,g8h8,g8h8,g8h8,g8h8,0.0,0.8744,-0.0065,False
r1b2r2/ppp2pk1/2n5/4pBQ1/1bpP4/2N1P1P1/PP2KPP1/8 b - - 3 22,44,ZmIK0RUK,g7h8,-1998,0,g7h8,1.0,1.0,1.0,1.0,g7h8,g7h8,g7h8,g7h8,0.0,1.0,0.0,False
r2qkbnr/2p2ppp/p1p5/3pP3/4P1b1/2P2N2/PP3PPP/RNBQ1RK1 b kq - 0 8,16,UjpnoOi7,d5e4,-131,10,d5e4,0.6558,0.7015,0.7677,0.838,d5e4,d5e4,d5e4,d5e4,0.0,0.838,0.1822,False
3rkbnr/2p2ppp/p1p5/4P3/3Np1b1/2P5/PP3PPP/RNB2RK1 b k - 1 10,20,UjpnoOi7,g8e7,-52,8,c6c5,0.0636,0.0812,0.0785,0.0522,c6c5,c6c5,c6c5,c6c5,6.0,0.0812,-0.0114,False
4kbnr/2p2ppp/p1N5/2prP3/4pBb1/2P5/PP3PPP/RN3RK1 b k - 3 12,24,UjpnoOi7,g8e7,-30,12,c5c4,0.2109,0.3634,0.4438,0.406,g8e7,g8e7,g8e7,g8e7,0.0,0.4438,0.1951,False
4kbnr/2p3pp/p1N5/3rPp2/2N1pBb1/2P5/PP3PPP/R4RK1 b k - 0 14,28,UjpnoOi7,d5c5,-83,123,h7h6,0.3561,0.3277,0.2994,0.2852,d5c5,d5c5,d5c5,g4e2,169.0,0.3561,-0.0709,False
rnbqkb1r/1p3pp1/p4n1p/2pp4/8/P2P1N1P/BPP2PP1/RNBQK2R b KQkq - 1 8,16,JtXWS6PK,d8c7,61,4,c8e6,0.0028,0.0024,0.0016,0.0009,b8c6,b8c6,f8e7,f8d6,-11.0,0.0028,-0.0019,False
rn1qk2r/1p3pp1/p2bbn1p/2pp4/8/P2P1N1P/BPP2PP1/RNBQR1K1 b kq - 5 10,20,JtXWS6PK,e8g8,59,1,e8g8,0.7459,0.796,0.8674,0.9321,e8g8,e8g8,e8g8,e8g8,0.0,0.9321,0.1862,False
rn1q1rk1/1pb2pp1/p3bn1p/2ppN3/8/P1NP3P/BPP2PP1/R1BQR1K1 b - - 9 12,24,JtXWS6PK,f8e8,112,73,b8c6,0.1289,0.1259,0.0902,0.063,d8d6,d8d6,d8d6,d8d6,119.0,0.1289,-0.0659,False
r2q1rk1/2b2pp1/p1p1bn1p/2pp4/8/P1NP1Q1P/BPP2PP1/R1B1R1K1 b - - 1 14,28,JtXWS6PK,d8d6,130,73,d8d6,0.6885,0.7661,0.834,0.8913,d8d6,d8d6,d8d6,d8d6,0.0,0.8913,0.2028,False
r4rk1/2b2pp1/p1pq1n1p/2pp4/5B2/P1NP1QPb/BPP2P2/R3R1K1 b - - 1 16,32,JtXWS6PK,d6d8,227,1,d6d7,0.054,0.0497,0.0447,0.0417,d6d7,d6d7,d6d7,d6d7,-15.0,0.054,-0.0123,False
r4rk1/2bq1pp1/p1p2n1B/2pp4/6b1/P1NPQ1P1/BPP2P2/R3R1K1 b - - 2 18,36,JtXWS6PK,d7f5,413,21,g7h6,0.0124,0.0174,0.0225,0.0311,g7h6,g7h6,g7h6,g7h6,25.0,0.0311,0.0187,False
r4rk1/2b2p2/p1p2n1Q/2pp1q2/5Pb1/P1NP2P1/BPP5/R3R1K1 b - - 0 20,40,JtXWS6PK,f5g6,444,0,g4h5,0.118,0.2039,0.2811,0.2338,f6h5,f5g6,f5g6,f5g6,0.0,0.2811,0.1158,False
r4rk1/2b2p2/p1p2n2/2pp2Pb/8/P1NP2P1/BPP5/R3R1K1 b - - 0 22,44,JtXWS6PK,f6h7,494,35,f6h7,0.168,0.217,0.2684,0.2678,f6g4,f6g4,f6g4,f6g4,42.0,0.2684,0.0998,False
r4rk1/2b1Rp2/p1p5/2pp2nb/8/P1NP2P1/BPP3K1/R7 b - - 1 24,48,JtXWS6PK,c7d6,558,2,c7d6,0.4473,0.5586,0.6458,0.6956,c7d6,c7d6,c7d6,c7d6,0.0,0.6956,0.2483,False
4rrk1/5p2/pRpb4/2pp2nb/8/P1NP2P1/BPP3K1/R7 b - - 5 26,52,JtXWS6PK,h5f3,581,28,d5d4,0.3978,0.4395,0.4335,0.4142,h5f3,h5f3,h5f3,h5f3,0.0,0.4395,0.0164,False
4rrk1/5p2/pRpb4/2p4b/3pP3/P5P1/BPP3K1/R7 b - - 0 28,56,JtXWS6PK,h5g6,492,8,e8e4,0.0183,0.0193,0.0201,0.0205,e8e4,e8e4,e8e4,e8e4,27.0,0.0205,0.0022,False
5rk1/5p2/p1Rb4/2p4b/3p4/P5P1/BPP1r3/R4K2 b - - 2 30,60,JtXWS6PK,f8d8,519,35,d6g3,0.0381,0.0294,0.0242,0.0201,d6g3,d6g3,d6g3,d6g3,77.0,0.0381,-0.018,False
5rk1/5p2/p7/2R4b/3p4/P5b1/BPP2r2/R5K1 b - - 2 32,64,JtXWS6PK,h5g6,223,190,h5f3,0.2961,0.421,0.5109,0.526,h5f3,h5g6,h5g6,h5g6,0.0,0.526,0.2299,False
5r2/5p1k/p7/8/3p4/P4bR1/BPP2r2/R5K1 b - - 0 34,68,JtXWS6PK,f2c2,-250,103,f2c2,0.5746,0.6095,0.655,0.683,f2c2,f2c2,f2c2,f2c2,0.0,0.683,0.1084,False
r1bqkb1r/p3pp1p/1npp1np1/1p6/3PPB2/P1N2N2/1PPQ1PPP/2KR1B1R b kq - 2 8,16,6SE2GH52,a7a5,-53,36,a7a5,0.1538,0.3121,0.4391,0.5265,b6c4,a7a5,a7a5,a7a5,0.0,0.5265,0.3727,False
r1bqkb1r/4pp1p/1npP2p1/pp1n4/3P1B2/P1N2N2/1PPQ1PPP/2KR1B1R b kq - 0 10,20,6SE2GH52,d5f4,20,90,d5f4,0.1002,0.1155,0.1194,0.1259,e7d6,e7d6,e7d6,e7d6,92.0,0.1259,0.0257,False
r1bqk2r/4bp1p/1np3p1/pp6/3P1Q2/P1N2N2/1PP2PPP/2KR1B1R b kq - 0 12,24,6SE2GH52,b5b4,125,131,e8g8,0.33,0.3214,0.2715,0.2274,b5b4,b5b4,e8g8,e8g8,165.0,0.33,-0.1026,False
r1bq1rk1/4bp2/1np3p1/pp5p/3P1Q1P/P1NB1N2/1PP2PP1/2KR3R b - - 1 14,28,6SE2GH52,b5b4,0,45,b5b4,0.3774,0.436,0.5012,0.5772,b5b4,b5b4,b5b4,b5b4,0.0,0.5772,0.1998,False
r1bq1rk1/4bp2/1np3p1/7p/1p1P1Q1P/3B1N2/1PP2PP1/1NKR3R b - - 1 16,32,6SE2GH52,e7f6,252,60,b6d5,0.0162,0.0206,0.0277,0.04,b6d5,b6d5,b6d5,b6d5,91.0,0.04,0.0238,False
r2q1rk1/4bp2/2p3p1/3n3p/1p1P2bP/3B1NQ1/1PP2PP1/1NK1R2R b - - 5 18,36,6SE2GH52,e7f6,317,8,g4f3,0.0215,0.0283,0.0412,0.0625,e7d6,e7d6,e7d6,e7d6,55.0,0.0625,0.041,False
r2q1rk1/5p2/2pb2p1/3n3p/1p1P3P/3B1P2/1PP2PQ1/1NK1R2R b - - 2 20,40,6SE2GH52,d6f4,577,32,d5f4,0.2647,0.2934,0.3058,0.2983,d5f4,d5f4,d5f4,d6f4,0.0,0.3058,0.0336,False
r2q1rk1/5p2/2pb2p1/7p/1p1P3P/3Q1P2/1PP2P2/1NK1R2R b - - 0 22,44,6SE2GH52,d6f4,559,269,d8f6,0.4349,0.4819,0.4815,0.4537,d6f4,d6f4,d6f4,d6f4,0.0,0.4819,0.0188,False
r4rk1/5p2/3b1qp1/2P4p/1p2R2P/3Q1P2/1PP2P2/1NK4R b - - 0 24,48,6SE2GH52,d6f4,419,92,d6c5,0.0715,0.0805,0.0869,0.1026,d6c5,d6c5,d6c5,d6c5,72.0,0.1026,0.0311,False
r4rk1/5p2/5qp1/7p/1p2R2P/3Q1P2/1PP2bR1/1NK5 b - - 1 26,52,6SE2GH52,f8d8,434,33,f2h4,0.0088,0.0074,0.0081,0.0113,f2h4,f2h4,f2h4,f2h4,269.0,0.0113,0.0025,True
r4rk1/5p2/6R1/7p/1p5q/3Q1P2/1PP5/1NK5 b - - 0 28,56,6SE2GH52,f7g6,0,660,f7g6,0.8426,0.844,0.8325,0.7878,f7g6,f7g6,f7g6,f7g6,0.0,0.844,-0.0548,False
r4r1k/8/7Q/7p/1p5q/5P2/1PP5/1NK5 b - - 2 30,60,6SE2GH52,h8g8,0,0,h8g8,1.0,1.0,1.0,1.0,h8g8,h8g8,h8g8,h8g8,0.0,1.0,0.0,False
r4r1k/8/7Q/7p/1p5q/5P2/1PP5/1NK5 b - - 6 32,64,6SE2GH52,h8g8,0,0,h8g8,1.0,1.0,1.0,1.0,h8g8,h8g8,h8g8,h8g8,0.0,1.0,0.0,False
r1bqkb1r/p4ppp/2p1pn2/3pP3/8/2NB4/PPP2PPP/R1BQK2R b KQkq - 0 8,16,dJVtH2o5,f6d7,57,114,f6d7,0.7885,0.9237,0.977,0.9915,f6d7,f6d7,f6d7,f6d7,0.0,0.9915,0.203,False
r1bqk2r/p2n1ppp/2p1p3/3pP3/1b3P2/2NB4/PPP3PP/R1BQ1RK1 b kq - 2 10,20,dJVtH2o5,b4e7,12,5,c6c5,0.0035,0.0057,0.007,0.0072,e8g8,e8g8,e8g8,e8g8,0.0,0.0072,0.0037,False
r1bqk2r/p2n1ppp/4p3/2ppP3/5P2/P1PB4/2P3PP/R1BQ1RK1 b kq - 0 12,24,dJVtH2o5,e8g8,-48,34,d8b6,0.1264,0.1043,0.1103,0.1721,c5c4,c5c4,c5c4,c5c4,40.0,0.1721,0.0457,False
r3k2r/p2n1ppp/bq2p3/2ppP3/5P2/P1PBB3/2P3PP/R2Q1R1K b kq - 4 14,28,dJVtH2o5,a6d3,13,73,b6a5,0.3086,0.3515,0.3633,0.2852,a6d3,a6d3,a6d3,a6d3,0.0,0.3633,-0.0234,False
r3k2r/p2n1ppp/b3p3/q1p1P3/2Pp1P2/P2B4/2PB2PP/R2Q1R1K b kq - 1 16,32,dJVtH2o5,a5a4,-100,10,a5c7,0.2337,0.1627,0.1516,0.1942,a5c7,a5c7,a5c7,a5c7,27.0,0.2337,-0.0395,False
r3k2r/p1qn1p1p/b3p1p1/2p1P3/2Pp1P2/P2B3Q/2PB2PP/R4R1K b kq - 1 18,36,dJVtH2o5,d7b6,-49,33,h7h5,0.3269,0.4526,0.599,0.6372,d7b6,d7b6,d7b6,d7b6,0.0,0.6372,0.3103,False
r3k2r/pbqn1p2/4p1p1/2p1P2p/2Pp1P2/P2B3Q/2PBR1PP/5R1K b kq - 3 20,40,dJVtH2o5,d7b6,-78,19,e8c8,0.0659,0.0813,0.1061,0.1214,e8c8,e8c8,e8c8,e8c8,10.0,0.1214,0.0555,False
2kr3r/pbqn1p2/4p3/2p1P1Pp/2Pp4/P2B3Q/2PBR1PP/1R5K b - - 0 22,44,dJVtH2o5,d8g8,-294,2,d8g8,0.0932,0.1076,0.1202,0.1493,d7e5,d7e5,d7e5,d7e5,279.0,0.1493,0.0561,False
2k3rr/p1qn1p2/4p3/2p1P1Pp/2PpR3/P6Q/2PB2PP/1R5K b - - 0 24,48,dJVtH2o5,h5h4,-269,34,c7c6,0.0332,0.0216,0.015,0.0146,d7e5,d7e5,d7e5,d7e5,313.0,0.0332,-0.0186,True
2k3rr/p4p2/1nq1p3/2p1P1Pp/2Pp4/PQ6/2PB2PP/1R2R2K b - - 4 26,52,dJVtH2o5,h5h4,-273,25,h5h4,0.5918,0.6198,0.6493,0.6797,h5h4,h5h4,h5h4,h5h4,0.0,0.6797,0.0879,False
6rr/p1k2p2/1nq1p3/1Qp1P1P1/2Pp3p/P6P/2PB2P1/1R2R2K b - - 2 28,56,dJVtH2o5,c6b5,-27,220,c6b5,0.2775,0.2688,0.244,0.1943,c6b5,c6b5,g8b8,h8h5,340.0,0.2775,-0.0832,False
6rr/p1k2p2/4p3/1Pp1P1P1/2np3p/P6P/2P3P1/1RB1R2K b - - 2 30,60,dJVtH2o5,c7b6,-22,9,g8b8,0.2084,0.2252,0.1951,0.1405,h8h5,h8h5,h8h5,h8h5,70.0,0.2252,-0.0679,False
1r5r/2k2p2/p3p3/1Pp1P1P1/P1np3p/1R5P/2P3P1/2B1R2K b - - 1 32,64,dJVtH2o5,a6b5,29,92,a6b5,0.7334,0.7872,0.847,0.8588,a6b5,a6b5,a6b5,a6b5,0.0,0.8588,0.1254,False
7r/2k2p2/1r2p3/1Pp1P1P1/2np3p/5R1P/2P3P1/2B1R2K b - - 2 34,68,dJVtH2o5,b6b5,-82,34,h8f8,0.1668,0.099,0.0573,0.0352,h8f8,h8h7,h8h7,h8h7,56.0,0.1668,-0.1316,False
r3kbnr/1pp2ppp/p1nqp3/5b2/2B5/2NPBQP1/PPP2P1P/R3K1NR b KQkq - 3 8,16,DbNLygqd,e8c8,43,7,g8f6,0.3533,0.3593,0.3669,0.3909,e8c8,e8c8,e8c8,e8c8,0.0,0.3909,0.0376,False
2kr1b1r/1pp2ppp/p1nqpn2/5b2/2B5/2NPBQP1/PPP1NP1P/2KR3R b - - 7 10,20,DbNLygqd,f5g4,62,16,f8e7,0.1775,0.2564,0.3522,0.4094,f5g4,f5g4,f5g4,f5g4,0.0,0.4094,0.2319,False
2kr3r/1pp1bppp/p1n1pn2/5b2/1qB1N3/P2PBQP1/1PP1NP1P/2KR3R b - - 0 12,24,DbNLygqd,b4a5,92,31,b4a4,0.4311,0.4603,0.545,0.6115,b4a4,b4a4,b4a5,b4a5,0.0,0.6115,0.1804,False
2kr3r/1pp1bppp/p1n1pn2/1q3b2/4N3/PBNPBQP1/1PP2P1P/2KR3R b - - 4 14,28,DbNLygqd,f5e4,51,28,f5g4,0.0143,0.0116,0.0092,0.0053,b5a5,b5a5,b5a5,b5a5,28.0,0.0143,-0.009,False
2kr3r/1pp1bppp/p1n1p3/1N6/4N1n1/PB1PB1P1/1PP2P1P/2KR3R b - - 0 16,32,DbNLygqd,a6b5,-22,143,a6b5,0.8249,0.8319,0.8203,0.8119,a6b5,a6b5,a6b5,a6b5,0.0,0.8319,-0.013,False
2kr3r/1pp1bppp/2n1p3/1p6/4N3/PB1PP1PP/1PP5/2KR3R b - - 0 18,36,DbNLygqd,c8b8,-21,2,b5b4,0.0146,0.0173,0.0139,0.0204,f7f5,f7f5,c6a5,c6a5,15.0,0.0204,0.0058,False
2kr3r/1pp2ppp/2n1p3/8/1b2N3/1BPPP1PP/1P6/2KR3R b - - 0 20,40,DbNLygqd,b4f8,-114,0,b4e7,0.0073,0.0057,0.004,0.0042,b4a5,b4a5,b4a5,b4e7,130.0,0.0073,-0.0031,True
2kr3r/1pp1bppp/4p3/4n3/3PN3/1BP1P1PP/1PK5/3R3R b - - 0 22,44,DbNLygqd,e5d7,-69,237,e5c6,0.0259,0.0425,0.0636,0.1047,e5f3,e5c6,e5c6,e5c6,216.0,0.1047,0.0788,False
1k1r3r/1pp1bppp/2n1p3/8/3PN3/1BP1P1PP/RPK5/7R b - - 4 24,48,DbNLygqd,b7b5,-105,39,b7b6,0.0112,0.0058,0.0036,0.0024,f7f5,f7f5,f7f5,f7f5,248.0,0.0112,-0.0088,True
3r3r/1kp1bppp/1pn1p3/8/2BPN3/2P1P1PP/RPK5/R7 b - - 3 26,52,DbNLygqd,d8a8,-111,140,c6a5,0.2882,0.3583,0.421,0.5358,d8a8,d8a8,d8a8,d8a8,0.0,0.5358,0.2476,False
3r3r/1kp1b1pp/1p2p3/n4p2/3P4/2P1P1PP/RPKNB3/R7 b - - 1 28,56,DbNLygqd,c7c5,-338,40,e7g5,0.0451,0.041,0.0463,0.055,d8a8,d8a8,d8a8,d8a8,140.0,0.055,0.0099,False
3r3r/1kp3pp/1pn1p3/5pb1/1P1P4/2P1PBPP/R1KN4/R7 b - - 2 30,60,DbNLygqd,d8d5,-537,52,d8d5,0.0082,0.0063,0.0049,0.0041,g5e3,g5e3,g5e3,g5e3,1460.0,0.0082,-0.0041,True
7r/1kp3pp/1pn5/1P1p1pb1/3P4/2P1P1PP/R1KN4/R7 b - - 0 32,64,DbNLygqd,c6a5,-360,80,c6a5,0.7563,0.8213,0.8711,0.906,c6a5,c6a5,c6a5,c6a5,0.0,0.906,0.1497,False
4r3/1kp3pp/1p6/NP1p1pb1/3P4/2P1P1PP/R1K5/R7 b - - 0 34,68,DbNLygqd,b6a5,-414,144,b6a5,0.9485,0.9782,0.9889,0.9921,b6a5,b6a5,b6a5,b6a5,0.0,0.9921,0.0436,False
rnb2rk1/ppp1bppp/4Qn2/8/8/2N2N2/PPPP1PPP/R1B1KB1R b KQ - 0 8,16,rqqADhpk,c8e6,-100,107,c8e6,0.872,0.9407,0.9541,0.9725,c8e6,c8e6,c8e6,c8e6,0.0,0.9725,0.1005,False
rn3rk1/ppp2ppp/4bn2/8/1b1P4/2N1BN2/PPP2PPP/R3KB1R b KQ - 2 10,20,rqqADhpk,f6e4,-44,61,b4c3,0.206,0.2512,0.2936,0.2559,b8c6,f8e8,f6e4,f6d5,63.0,0.2936,0.0499,False
rn3rk1/ppp2ppp/4b3/8/2PPn3/4BN2/P1P2PPP/R3KB1R b KQ - 0 12,24,rqqADhpk,b8d7,-216,1,e6g4,0.0474,0.059,0.0696,0.0906,b8c6,b8c6,f8e8,c7c6,15.0,0.0906,0.0432,False
rn3rk1/ppp2ppp/8/8/2PP2b1/2n1BP2/P1PN2PP/R3KB1R b KQ - 0 14,28,rqqADhpk,g4f5,-239,14,g4f5,0.4529,0.4234,0.3782,0.3798,g4f5,g4f5,g4f5,g4f5,0.0,0.4529,-0.0731,False
rn3rk1/pppb1ppp/8/8/2PP4/1NnBBP2/P1P3PP/R3K2R b KQ - 4 16,32,rqqADhpk,b7b6,-268,3,f7f5,0.0308,0.0417,0.0519,0.0569,f8e8,f8e8,f8e8,f8e8,47.0,0.0569,0.0261,False
rn3rk1/pppb2pp/8/5p2/n1PP4/1N1BBP2/P1PK2PP/4R2R b - - 3 18,36,rqqADhpk,f5f4,-354,4,b8c6,0.2157,0.238,0.2228,0.1688,a4b2,b8c6,b8c6,b8c6,-3.0,0.238,-0.0469,False
4rrk1/pppb2pp/2n5/5p2/n1PP1B2/1NPB1P2/P2K2PP/4R2R b - - 2 20,40,rqqADhpk,e8e1,-359,0,g7g5,0.3646,0.3289,0.2492,0.2282,a4b2,a4b2,a4b2,a4b2,6.0,0.3646,-0.1364,False
4rrk1/ppBb3p/2n5/3P2p1/n1P2p2/1NPB1P2/P2K2PP/4R2R b - - 0 22,44,rqqADhpk,c6e7,-434,10,c6e7,0.3338,0.4032,0.512,0.5819,e8e1,c6e7,c6e7,c6e7,0.0,0.5819,0.2481,False
4r1k1/pp1bnr1p/3B4/3P2p1/n1P2p2/1NPB1P2/P2KR1PP/7R b - - 4 24,48,rqqADhpk,e7f5,-393,48,e7f5,0.2083,0.2577,0.3385,0.4354,a4b2,a4b2,e7f5,e7f5,0.0,0.4354,0.2271,False
4r1k1/pp1b1r1p/8/3P2p1/n1P2p2/BNPBnP2/P2KR1PP/4R3 b - - 8 26,52,rqqADhpk,d7f5,-249,34,b7b6,0.0567,0.0526,0.0492,0.0498,a4b6,a4b6,a4b6,a4b6,105.0,0.0567,-0.0069,False
4r1k1/p4r1p/1p6/3P2p1/n1PN1p2/B1PBnPPb/P2KR2P/4R3 b - - 2 28,56,rqqADhpk,h3f1,-296,56,a4c5,0.0586,0.0759,0.087,0.1047,a4c5,a4c5,e8c8,e8c8,95.0,0.1047,0.0461,False
4r1k1/p4r1p/8/2pP1Np1/2P2p2/2PBnPPb/P2KR2P/4R3 b - - 1 30,60,rqqADhpk,h3f5,275,112,h3f5,0.7495,0.8198,0.8614,0.8576,h3f5,h3f5,h3f5,h3f5,0.0,0.8614,0.1081,False
4r1k1/p6p/8/2pP1rp1/2P2P2/2P1nP2/P2KR2P/4R3 b - - 0 32,64,rqqADhpk,e3c4,325,21,g5f4,0.2056,0.2051,0.2083,0.2305,g5f4,g5f4,g5f4,g5f4,-1.0,0.2305,0.0249,False
4r3/p4k1p/8/2pP1r2/2P2p2/2P1nP2/P2KR2P/1R6 b - - 3 34,68,rqqADhpk,e3c4,489,111,e3c4,0.8515,0.8043,0.7012,0.5755,e3c4,e3c4,e3c4,e3c4,0.0,0.8515,-0.276,False
r1bqkb1r/1p3ppp/p1nppn2/8/4P3/2N1QN1P/PPPB1PP1/R3KB1R b KQkq - 0 8,16,wjiQTh84,b7b5,-14,2,f8e7,0.0965,0.1021,0.0914,0.0848,f8e7,f8e7,f8e7,f8e7,-2.0,0.1021,-0.0117,False
r1bqk2r/4bppp/p1nppn2/1p2P3/8/2N1QN1P/PPPB1PP1/2KR1B1R b kq - 0 10,20,wjiQTh84,d6e5,81,57,d6e5,0.5723,0.5575,0.5432,0.5133,d6e5,d6e5,d6e5,d6e5,0.0,0.5723,-0.059,False
r2qk2r/1b2bppp/p1N1pn2/1p6/8/2N1Q2P/PPPB1PP1/2KR1B1R b kq - 0 12,24,wjiQTh84,b7c6,73,526,b7c6,0.9951,0.9978,0.9983,0.9977,b7c6,b7c6,b7c6,b7c6,0.0,0.9983,0.0026,False
r2qk2r/4bppp/p1b1pn2/8/1p3B2/2N3QP/PPP2PP1/2KR1B1R b kq - 1 14,28,wjiQTh84,d8b6,203,5,d8b6,0.2928,0.3234,0.3228,0.298,d8a5,d8a5,d8a5,d8a5,4.0,0.3234,0.0052,False
r3k2r/4bppp/pq2pn2/8/1p1NbB2/6QP/PPP2PP1/2KR1B1R b kq - 5 16,32,wjiQTh84,e8g8,198,28,e8g8,0.5787,0.6131,0.4086,0.2134,e8g8,e8g8,e8g8,e4g6,89.0,0.6131,-0.3653,False
rn1q1rk1/pp3ppp/3bpn2/2pp1bB1/2PP4/2N2NP1/PP2PPBP/R2Q1RK1 b - - 4 8,16,LnoDjPUm,b8d7,-155,11,d5c4,0.1307,0.1923,0.2331,0.2516,h7h6,h7h6,h7h6,b8d7,0.0,0.2516,0.1209,False
rn1q1rk1/pp3ppp/3bpn2/5bB1/2pQP3/2N2NP1/PP3PBP/R4RK1 b - - 0 10,20,LnoDjPUm,b8c6,-47,163,e6e5,0.3268,0.362,0.423,0.5134,b8c6,b8c6,b8c6,b8c6,0.0,0.5134,0.1866,False
rn1q1rk1/pp3ppp/3bbn2/6B1/2NQP3/2N3P1/PP3PBP/R4RK1 b - - 0 12,24,LnoDjPUm,d6g3,-251,6,e6c4,0.0193,0.0257,0.0257,0.0226,e6c4,e6c4,e6c4,e6c4,84.0,0.0257,0.0033,False
r2q1rk1/pp3ppp/2nb1n2/6B1/2Q1P3/2N3P1/PP3PBP/R2R2K1 b - - 2 14,28,LnoDjPUm,d8e7,-366,31,d8e7,0.1347,0.1794,0.2107,0.2593,c6e5,c6e5,c6e5,c6e5,55.0,0.2593,0.1246,False
r1bq1rk1/2pp1ppp/p1n2n2/1pb1p3/3PP3/1BP2N2/PP3PPP/RNBQ1RK1 b - - 0 8,16,bihP3LO3,c5a7,-125,12,e5d4,0.0206,0.0201,0.0167,0.0224,e5d4,e5d4,e5d4,e5d4,44.0,0.0224,0.0018,False
r1bq1rk1/2pp1ppp/pbn2n2/1p1P4/4P3/1B3N2/PP3PPP/RNBQ1RK1 b - - 0 10,20,bihP3LO3,c6a5,-50,111,c6a5,0.3395,0.4477,0.5574,0.6448,c6e7,c6e7,c6a5,c6a5,0.0,0.6448,0.3053,False
r2q1rk1/1bpp1ppp/pb3n2/np1P2B1/4P3/5N2/PPB2PPP/RN1Q1RK1 b - - 4 12,24,bihP3LO3,h7h6,-134,21,f8e8,0.3826,0.4491,0.5822,0.7525,h7h6,h7h6,h7h6,h7h6,0.0,0.7525,0.3699,False
rnbqk1nr/p4p1p/2p1p1p1/1p1p4/3P2Q1/2N1PNP1/PPP2PP1/R3KB1R b KQkq - 1 8,16,yWXjrrcP,e6e5,-36,83,e6e5,0.1414,0.17,0.1916,0.2003,g8f6,g8f6,g8f6,g8f6,105.0,0.2003,0.0589,False
r3kbnr/pppq2p1/2n1pp2/1B1p1b1p/3P1B2/4PN1P/PPPN1PP1/R2QK2R b KQkq - 1 8,16,HgqaE0Jz,g7g5,48,4,g7g5,0.3416,0.5201,0.6109,0.6535,g7g5,g7g5,g7g5,g7g5,0.0,0.6535,0.3119,False
r3kbnr/pppq4/2n1pp2/1B1p1b1p/3P2pN/4P2P/PPPN1PPB/R2QK2R b KQkq - 1 10,20,HgqaE0Jz,g4h3,-60,4,g4h3,0.3513,0.39,0.3974,0.3096,g4h3,g4h3,g4h3,f5h7,26.0,0.3974,-0.0417,False
r3kbnr/pppq4/2n1pp2/1B1p1N1p/3P4/4P3/PPPN1PpB/R2QK1R1 b Qkq - 1 12,24,HgqaE0Jz,e6f5,-43,16,e6f5,0.9918,0.9961,0.9972,0.9975,e6f5,e6f5,e6f5,e6f5,0.0,0.9975,0.0057,False
r3k1nr/pppq4/2nb1p2/1B1p1p1p/3P4/4PQ2/PPPN1PRB/R3K3 b Qkq - 2 14,28,HgqaE0Jz,g8e7,-40,13,d6h2,0.0784,0.1273,0.2176,0.3462,d6h2,d6h2,d6h2,d6h2,57.0,0.3462,0.2678,False
r3k2r/pppqn3/2n2p2/1B1p1p1R/3P4/4PQ2/PPPN1P2/R3K3 b Qkq - 0 16,32,HgqaE0Jz,e8c8,-93,101,e8c8,0.1619,0.2371,0.3309,0.385,h8h5,h8h5,h8h5,h8h5,228.0,0.385,0.2231,False
2k4r/pppqn3/2n2p2/1B1p1p2/3P4/4PQ2/PPPN1P2/2KR4 b - - 1 18,36,HgqaE0Jz,d7e6,-62,0,a7a6,0.039,0.0523,0.0785,0.1267,a7a6,a7a6,a7a6,a7a6,9.0,0.1267,0.0877,False
2k4r/1pp1n3/p1nq1p2/3p1p2/3P4/1B2PQ2/PPPN1P2/2KR4 b - - 3 20,40,HgqaE0Jz,c6a5,-24,10,c8b8,0.1198,0.2155,0.3427,0.3635,c6b4,c6a5,c6a5,c6a5,0.0,0.3635,0.2437,False
1k5r/1pp1n3/p2q1p2/n2p1p2/B2P4/4PQ2/PPPN1P2/2K3R1 b - - 7 22,44,HgqaE0Jz,d6h2,15,11,d6b4,0.0733,0.0546,0.0431,0.0441,b7b5,b7b5,b7b5,b7b5,17.0,0.0733,-0.0292,False
1k5r/1ppBn3/p4p2/3p1p2/1qNP4/4PQ2/PPP2P2/2K3R1 b - - 0 24,48,HgqaE0Jz,d5c4,-119,56,d5c4,0.2144,0.1875,0.1775,0.1698,b4c4,b4c4,b4c4,b4c4,48.0,0.2144,-0.0446,False
1k5r/1pp1n3/p4p2/5B2/1q1P4/2P1PQ2/P1P2P2/2K3R1 b - - 0 26,52,HgqaE0Jz,b4c3,66,174,b4c3,0.7234,0.7395,0.743,0.7162,b4c3,b4c3,b4c3,b4c3,0.0,0.743,-0.0072,False
1k5r/1pp1n3/p4p2/8/3P4/3BPQ2/P1PK1P2/q5R1 b - - 3 28,56,HgqaE0Jz,a1g1,490,633,a1g1,0.9623,0.9637,0.9652,0.9719,a1g1,a1g1,a1g1,a1g1,0.0,0.9719,0.0096,False
1k2r3/1pp1nQ2/p7/8/3P4/3BP3/P1PK1P2/6q1 b - - 2 30,60,HgqaE0Jz,g1g8,421,160,g1g8,0.8058,0.8727,0.8958,0.8578,g1g8,g1g8,g1g8,g1g8,0.0,0.8958,0.052,False
1k2r3/1pp1n3/p4Q2/8/3P1P2/3BP3/q1PK4/8 b - - 0 32,64,HgqaE0Jz,a2a5,657,11,a2a5,0.5681,0.6264,0.6444,0.624,a2a5,a2a5,a2a5,a2a5,0.0,0.6444,0.0559,False
1k2r3/1pp2Q2/p7/q2n4/3P1P2/3BP3/2P1K3/8 b - - 4 34,68,HgqaE0Jz,e8e3,1996,1510,e8e3,0.8751,0.9023,0.9295,0.948,e8e3,e8e3,e8e3,e8e3,0.0,0.948,0.0729,False
r1bqk2r/pp1pbppp/2n1p3/8/3PnB2/2PB1N1P/PP3PP1/RN1QK2R b KQkq - 4 8,16,8z6NJ0Yv,f7f5,-55,2,f7f5,0.1702,0.1361,0.1468,0.1955,d7d5,d7d5,e4f6,d7d5,-1.0,0.1955,0.0253,False
r1bq1rk1/pp1pb1pp/2n1p3/5p2/3Pn3/2PB1N1P/PP1N1PPB/R2QK2R b KQ - 3 10,20,8z6NJ0Yv,d7d5,-38,39,d7d5,0.3751,0.4698,0.6411,0.8417,d7d5,d7d5,d7d5,d7d5,0.0,0.8417,0.4666,False
r1bq1rk1/pp2b1pp/2n1p3/3pN3/3Pp3/2P4P/PP1N1PPB/R2QK2R b KQ - 1 12,24,8z6NJ0Yv,d8b6,78,9,c6e5,0.0209,0.0224,0.0287,0.0359,c6e5,c6e5,c6e5,c6e5,15.0,0.0359,0.015,False
r1bq1rk1/pp4pp/4pB2/3p4/3Pp3/2P4P/PP1N1PP1/R2QK2R b KQ - 0 14,28,8z6NJ0Yv,f8f6,50,18,f8f6,0.1902,0.1535,0.1253,0.0659,d8f6,d8f6,d8f6,d8f6,42.0,0.1902,-0.1243,False
r1b3k1/pp4pp/1q2pr2/3p4/3Pp3/2P4P/PP1NQPP1/2KR3R b - - 3 16,32,8z6NJ0Yv,c8d7,88,33,c8d7,0.3125,0.3479,0.4477,0.6363,c8d7,c8d7,c8d7,c8d7,0.0,0.6363,0.3238,False
r5k1/pp4pp/1q2pr2/1b1p4/3Pp3/2P2P1P/PP1N1QP1/2KR3R b - - 2 18,36,8z6NJ0Yv,e6e5,186,17,b5d3,0.032,0.0237,0.0199,0.0195,b5d3,b5d3,b5d3,b5d3,41.0,0.032,-0.0125,False
r5k1/pp4pp/q3pr2/3p4/3Pp3/PNPb1P1P/1P3QP1/2KR3R b - - 0 20,40,8z6NJ0Yv,b7b6,233,37,a6b5,0.0578,0.0915,0.129,0.1456,a6a4,a6a4,a6a4,a6a4,365.0,0.1456,0.0878,False
r5k1/pp4pp/4pr2/1qNp4/3Pp3/P1P2P1P/1P1RbQP1/2K4R b - - 4 22,44,8z6NJ0Yv,e4f3,202,192,e4f3,0.2748,0.3863,0.4987,0.5109,e2c4,e4f3,e4f3,e4f3,0.0,0.5109,0.2361,False
r5k1/pp4pp/4pr2/1qNp4/3P4/P1P2b1P/1P1R1Q2/2K1R3 b - - 1 24,48,8z6NJ0Yv,b7b6,244,76,f3e4,0.1622,0.1392,0.1087,0.0769,f3e4,f3e4,f3e4,f3e4,164.0,0.1622,-0.0853,False
r5k1/pp4pp/4p3/1qNpQ3/3Pb3/P1P2r1P/1P1R4/2K1R3 b - - 5 26,52,8z6NJ0Yv,f3c3,531,479,f3c3,0.0833,0.1258,0.1591,0.1482,f3f1,f3f1,f3f1,f3f1,531.0,0.1591,0.0649,False
r5k1/pp4pp/4Q3/1qNp4/3Pb3/P6r/1P1R4/3KR3 b - - 0 28,56,8z6NJ0Yv,g8h8,-457,62,g8h8,0.8849,0.963,0.9806,0.9848,g8h8,g8h8,g8h8,g8h8,0.0,0.9848,0.0999,False
r6k/p5pp/1p6/1q1p4/3PN3/P6Q/1P1R4/3KR3 b - - 0 30,60,8z6NJ0Yv,d5e4,-520,38,d5e4,0.8504,0.9194,0.9575,0.9696,d5e4,d5e4,d5e4,d5e4,0.0,0.9696,0.1192,False
r6k/p5p1/1p5p/1q6/3PR3/P1Q5/1P1R4/3K4 b - - 1 32,64,8z6NJ0Yv,b5h5,-437,51,b5f1,0.2298,0.2156,0.1808,0.1554,b5f1,b5f1,b5f1,b5f1,105.0,0.2298,-0.0744,False
r6k/p5p1/1p5p/5q2/3P4/P2Q4/1P1R4/3KR3 b - - 5 34,68,8z6NJ0Yv,f5d7,-558,8,f5g4,0.024,0.0224,0.0229,0.0205,f5g4,f5g4,f5g4,f5g4,40.0,0.024,-0.0035,False
rn2kbnr/pp2pppp/1qp5/8/3P4/2N2B2/PPPB1PPP/R2QK2R b KQkq - 0 8,16,uQRZcLiH,g8f6,-89,9,b6d4,0.0121,0.0106,0.0088,0.0048,b6d4,b6d4,b6d4,b6d4,30.0,0.0121,-0.0073,False
rn2kb1r/pp2pppp/2p2n2/8/3q4/5B2/PPPBNPPP/R2Q1RK1 b kq - 3 10,20,uQRZcLiH,d4d6,24,6,d4b6,0.0696,0.0925,0.0804,0.0571,d4b2,d4b2,d4d8,d4d8,18.0,0.0925,-0.0125,False
rn2kb1r/pp3ppp/1qp1pB2/8/8/5B2/PPP1NPPP/R2Q1RK1 b kq - 0 12,24,uQRZcLiH,g7f6,-20,462,g7f6,0.9844,0.9955,0.9986,0.9995,g7f6,g7f6,g7f6,g7f6,0.0,0.9995,0.0151,False
rn2kb1r/pp3p1p/2p1pp2/8/3N4/5B2/PPP2PPP/R4RK1 b kq - 0 14,28,uQRZcLiH,f8c5,153,36,b8d7,0.3296,0.3048,0.2977,0.2925,f8c5,f8c5,f8c5,f8c5,0.0,0.3296,-0.0371,False
2kr1b1r/pp1n1p1p/2p1pp2/8/8/PN3B2/1PP2PPP/R4RK1 b - - 2 16,32,uQRZcLiH,h7h5,217,27,d7e5,0.0406,0.0683,0.0665,0.0396,d7e5,d7e5,d7e5,d7e5,81.0,0.0683,-0.001,False
2kr1br1/pp3p1p/2p1pp2/4n3/8/PN6/1PP1BPPP/R2R2K1 b - - 6 18,36,uQRZcLiH,f8e7,155,0,d8d1,0.0919,0.2134,0.389,0.5367,d8d1,d8d1,f8e7,f8e7,0.0,0.5367,0.4448,False
2k3r1/pp2bp1p/2p1pp2/4n3/5P2/PN6/1PP1B1PP/3R2K1 b - - 0 20,40,uQRZcLiH,e5g6,186,8,e5g6,0.6456,0.6575,0.648,0.587,e5g6,e5g6,e5g6,e5g6,0.0,0.6575,-0.0586,False
r1bq1rk1/pp1p1ppp/2n1pn2/8/1bPN4/2NQ2P1/PP2PPBP/R1B1K2R b KQ - 0 8,16,LHc6zdNj,c6e5,56,56,d8a5,0.0867,0.1158,0.1555,0.1444,d7d5,d7d5,d7d5,d7d5,75.0,0.1555,0.0577,False
r1b2rk1/pp1p1ppp/2N1pn2/q7/2P5/2Q3P1/PP2PPBP/R1B1K2R b KQ - 0 10,20,LHc6zdNj,a5c3,-27,554,a5c3,0.9134,0.9596,0.9746,0.9763,a5c3,a5c3,a5c3,a5c3,0.0,0.9763,0.0629,False
r1b2rk1/p2p1ppp/2p1pn2/8/2P5/B1P3P1/P3PPBP/R3K2R b KQ - 1 12,24,LHc6zdNj,f8d8,-57,1,f8e8,0.1601,0.1521,0.1623,0.1862,f8e8,f8e8,f8e8,f8e8,9.0,0.1862,0.0261,False
r3r1k1/p2p1ppp/b1pBpn2/2P5/8/2P3P1/P3PPBP/R3K2R b KQ - 0 14,28,LHc6zdNj,e6e5,-64,9,f6d5,0.1505,0.1092,0.0791,0.1048,f6d5,f6d5,f6d5,f6d5,87.0,0.1505,-0.0457,False
r3r1k1/p2p1ppp/b1pB4/2Pp4/8/2P1P1P1/P4P1P/R3K2R b KQ - 0 16,32,LHc6zdNj,a6d3,-6,12,e8e4,0.127,0.1271,0.1202,0.0951,e8e4,a6c4,a6c4,e8e4,23.0,0.1271,-0.0319,False
r5k1/p2p1ppp/b1pB4/2Pp4/r7/2P1P1P1/P2K1P1P/RR6 b - - 4 18,36,LHc6zdNj,f7f6,0,0,a6c4,0.0405,0.0484,0.0669,0.1278,a6c4,a6c4,a6c4,a6c4,11.0,0.1278,0.0873,False
r5k1/p2p2pp/2pB1p2/2Pp4/r1b4P/2P1P1P1/PR1K1P2/R7 b - - 0 20,40,LHc6zdNj,g8f7,16,16,g8f7,0.2286,0.2914,0.3516,0.4662,g8f7,g8f7,g8f7,g8f7,0.0,0.4662,0.2376,False
r7/pR1p2pp/2pBkp2/2Pp4/r1b2P1P/2P1P1P1/P2K4/R7 b - - 0 22,44,LHc6zdNj,h7h5,122,32,f6f5,0.0411,0.0523,0.0722,0.107,a4a2,a4a2,a4a2,a4a2,62.0,0.107,0.0659,False
r7/p2p2p1/2p1k3/2PpBp1p/r1b2P1P/2P1P1P1/PR1K4/R7 b - - 1 24,48,LHc6zdNj,a4a5,0,0,g7g6,0.146,0.0963,0.0556,0.0343,g7g6,g7g6,g7g6,g7g6,0.0,0.146,-0.1117,False
4r3/p2p4/2pBk1p1/2Pp1p1p/r1b2P1P/P1P1P1P1/1R1K4/R7 b - - 0 26,52,LHc6zdNj,a7a5,0,0,c4b5,0.0766,0.0744,0.0654,0.06,c4b5,c4b5,c4b5,c4b5,0.0,0.0766,-0.0166,False
4r3/p2p4/2pBk1p1/1bPp1p1p/1P3P1P/P3P1P1/3K4/R7 b - - 0 28,56,LHc6zdNj,b5a4,0,0,d5d4,0.0796,0.0781,0.0909,0.1093,e6f6,e6f6,e6f6,e6f7,0.0,0.1093,0.0297,False
4r3/p2p4/2p3p1/1bPkBp1p/1P1P1P1P/P5P1/3K4/R7 b - - 2 30,60,LHc6zdNj,b5a4,0,0,e8a8,0.0754,0.0679,0.073,0.0921,d5e4,d5e4,d5e4,d5e4,113.0,0.0921,0.0167,False
r7/3p4/2p3p1/pbPkBp1p/PP1P1P1P/2K3P1/8/R7 b - - 0 32,64,LHc6zdNj,a5b4,-100,10,a5b4,0.428,0.4764,0.5086,0.4438,a5b4,a5b4,a5b4,a5b4,0.0,0.5086,0.0158,False
r7/3p4/2p3p1/P1PkBp1p/1K1P1P1P/3b2P1/8/R7 b - - 0 34,68,LHc6zdNj,d3a6,-15,1,d3b5,0.065,0.0779,0.0924,0.0996,d5e4,d5e4,d5e4,d5e4,2.0,0.0996,0.0346,False
r1bq1rk1/ppp2pp1/2np1n1p/2b1p3/2B1P3/P1NP1N1P/1PP2PP1/R1BQ1RK1 b - - 0 8,16,iLVQvkMo,c8e6,-15,1,c8e6,0.1783,0.2048,0.3361,0.3436,a7a6,a7a6,c8e6,c8e6,0.0,0.3436,0.1653,False
r2q1rk1/ppp2pp1/3pbn1p/2b1p3/3NP3/P1NP3P/BPP2PP1/R1BQ1RK1 b - - 0 10,20,iLVQvkMo,c5d4,0,39,c5d4,0.736,0.8086,0.8219,0.8361,c5d4,c5d4,c5d4,c5d4,0.0,0.8361,0.1001,False
r2q1rk1/ppp2pp1/1b1pbn1p/4p3/4P3/P2P2NP/BPP2PP1/R1BQ1RK1 b - - 3 12,24,iLVQvkMo,d6d5,-1,11,e6a2,0.1394,0.1393,0.0975,0.0819,e6a2,e6a2,e6a2,e6a2,41.0,0.1394,-0.0575,False
r2q1rk1/ppp2ppn/1b1p3p/4p3/4P3/P2P2NP/1PP2PP1/R1BQ1RK1 b - - 2 14,28,iLVQvkMo,h7g5,-52,19,d8h4,0.1927,0.2091,0.2544,0.2351,d8f6,d8f6,d8h4,d8h4,103.0,0.2544,0.0424,False
r4rk1/ppp2ppn/1b1p3p/4p3/4P1P1/P2P2N1/1PP2PP1/R1B2RK1 b - - 0 16,32,iLVQvkMo,h7f6,11,17,h7f6,0.3956,0.4304,0.457,0.4207,h7f6,h7f6,h7f6,h7f6,0.0,0.457,0.0251,False
r4rk1/ppp2pp1/1b1N3p/4p3/4P1n1/P2P4/1PP2PP1/R1B2RK1 b - - 0 18,36,iLVQvkMo,c7d6,498,263,c7d6,0.9785,0.9875,0.9908,0.9864,c7d6,c7d6,c7d6,c7d6,0.0,0.9908,0.0079,False
r4rk1/pp4p1/1b1p3p/4pp2/2P1P1n1/P2PB3/1P3PP1/R4RK1 b - - 1 20,40,iLVQvkMo,g4e3,538,21,g4e3,0.3977,0.524,0.5972,0.6385,g4e3,g4e3,g4e3,g4e3,0.0,0.6385,0.2408,False
r4rk1/pp4p1/3p3p/4pp2/2P1P3/P2Pb3/1P4PK/R4R2 b - - 1 22,44,iLVQvkMo,f5f4,548,18,f5f4,0.2888,0.4196,0.5369,0.6039,f5e4,f5e4,f5f4,f5f4,0.0,0.6039,0.3151,False
r5k1/pp4p1/3p1r1p/4p3/2P1Pp2/P2PbR2/1P4PK/5R2 b - - 3 24,48,iLVQvkMo,h6h5,566,22,g7g5,0.0163,0.0127,0.0104,0.0089,f6g6,f6g6,f6g6,a8f8,31.0,0.0163,-0.0074,False
r5k1/pp6/3p1r1p/4p1p1/2P1P3/P2PbRpK/1P6/5R2 b - - 1 26,52,iLVQvkMo,f6f3,803,93,f6f3,0.8525,0.8491,0.8089,0.7566,f6f3,f6f3,f6f3,f6f3,0.0,0.8525,-0.0959,False
r5k1/pp6/3p3p/4p1p1/2P1Pb2/P2P2pK/1P6/5R2 b - - 2 28,56,iLVQvkMo,g8g7,712,3,h6h5,0.2051,0.2449,0.2276,0.1867,h6h5,h6h5,h6h5,h6h5,-14.0,0.2449,-0.0184,False
r5k1/pp6/3p4/4p2p/2P1Pbp1/P2P2p1/1P4K1/7R b - - 1 30,60,iLVQvkMo,g8g7,663,69,g8g7,0.3231,0.3738,0.4124,0.4264,g8g7,g8g7,g8g7,g8g7,0.0,0.4264,0.1033,False
7R/pp4k1/3p4/4p3/2P1Pbp1/P2P2p1/1P4K1/8 b - - 0 32,64,iLVQvkMo,g7h8,735,1126,g7h8,0.9984,0.9989,0.9989,0.9988,g7h8,g7h8,g7h8,g7h8,0.0,0.9989,0.0004,False
8/pp4k1/3p4/4p3/PPP1Pbp1/3P2p1/6K1/8 b - - 0 34,68,iLVQvkMo,g7h6,869,8,g7f7,0.1014,0.0742,0.0544,0.0488,g7g6,g7g6,g7g6,g7g6,-33.0,0.1014,-0.0526,False
rn1k3r/ppp2ppp/3bBn2/4p3/4P3/2N2N2/PPP2PPP/R1B1K2R b KQ - 0 8,16,ysGYI5lM,f7e6,-39,521,f7e6,0.9986,0.9994,0.9996,0.9997,f7e6,f7e6,f7e6,f7e6,0.0,0.9997,0.0011,False
r2k3r/pppn2pp/3bpn2/4p3/4P3/2N1BN2/PPP2PPP/R4RK1 b - - 3 10,20,ysGYI5lM,a7a5,-34,2,d8e7,0.0058,0.0049,0.0031,0.0043,d8e7,d8e7,d8e7,d8e7,0.0,0.0058,-0.0015,False
r6r/1ppnk1pp/p2Npn2/4p3/4P3/4BN2/PPP2PPP/R4RK1 b - - 0 12,24,ysGYI5lM,c7d6,6,144,c7d6,0.8684,0.9139,0.9575,0.9771,c7d6,c7d6,c7d6,c7d6,0.0,0.9771,0.1087,False
r6r/1p1nk1pp/p3pn2/3Pp3/8/4B3/PPPN1PPP/R4RK1 b - - 0 14,28,ysGYI5lM,e6d5,-23,10,e6d5,0.4839,0.4324,0.4718,0.5992,f6d5,f6d5,f6d5,e6d5,0.0,0.5992,0.1153,False
r6r/1p1nk1p1/p4n1p/3pp3/7B/8/PPPN1PPP/R4RK1 b - - 1 16,32,ysGYI5lM,a8c8,4,2,g7g5,0.0522,0.0372,0.0354,0.0775,g7g5,g7g5,g7g5,g7g5,-2.0,0.0775,0.0253,False
r6r/1p1nk3/p6p/3pp1pn/8/6B1/PPPN1PPP/R3R1K1 b - - 3 18,36,ysGYI5lM,h5g3,-1,16,h5g3,0.6988,0.7668,0.7974,0.8128,h5g3,h5g3,h5g3,h5g3,0.0,0.8128,0.114,False
r6r/1p1nk3/p6p/3pp3/2P3p1/6P1/PP1N1PP1/R3R1K1 b - - 0 20,40,ysGYI5lM,d5d4,0,21,d5d4,0.5769,0.6621,0.7047,0.6931,d5d4,d5d4,d5d4,d5d4,0.0,0.7047,0.1162,False
r6r/1p1nk3/p7/4p2p/2PpR1p1/6P1/PP1N1PP1/4R1K1 b - - 1 22,44,ysGYI5lM,e7d6,-5,10,e7f6,0.2646,0.3737,0.4489,0.4819,e7d6,e7d6,e7d6,e7d6,0.0,0.4819,0.2173,False
r3r3/1p1n4/p4k2/4P2p/2PpR1p1/6P1/PP1N2P1/4R1K1 b - - 0 24,48,ysGYI5lM,d7e5,-43,20,e8e5,0.5819,0.5394,0.5198,0.5034,d7e5,d7e5,d7e5,d7e5,0.0,0.5819,-0.0785,False
r7/1p1n4/p4k2/5r1p/2PR2p1/6P1/PP1N2P1/5RK1 b - - 0 26,52,ysGYI5lM,f5f1,-117,383,f5f1,0.5211,0.6115,0.5819,0.5014,f5f1,f5f1,f5f1,f5f1,0.0,0.6115,-0.0197,False
r7/1p6/p4k2/4n2p/2PR2p1/4N1P1/PP4P1/6K1 b - - 2 28,56,ysGYI5lM,b7b5,-109,19,a8c8,0.1967,0.1596,0.1197,0.081,a8e8,a8e8,a8e8,a8c8,50.0,0.1967,-0.1157,False
2r5/1p6/p3k3/3Nn2p/2PR2p1/1P4P1/P5P1/6K1 b - - 2 30,60,ysGYI5lM,b7b5,-56,80,e5g6,0.2927,0.262,0.2518,0.2417,b7b5,b7b5,b7b5,b7b5,0.0,0.2927,-0.051,False
2r5/1p2R3/p5n1/3N1k1p/2P3p1/1P4P1/P5P1/6K1 b - - 6 32,64,ysGYI5lM,b7b5,-149,37,b7b5,0.0697,0.0775,0.0895,0.1046,g6e7,g6e7,g6e7,g6e7,430.0,0.1046,0.0349,False
2r5/5R2/p5n1/1P1N2kp/6p1/1P4P1/P5P1/6K1 b - - 0 34,68,ysGYI5lM,a6b5,-150,57,a6b5,0.8701,0.9398,0.9628,0.958,a6b5,a6b5,a6b5,a6b5,0.0,0.9628,0.0879,False
r2qkb1r/pp2pppp/2n2n2/1Bp5/3P2b1/5NN1/PPP2PPP/R1BQ1RK1 b kq - 5 8,16,fEJWgLkq,c5d4,-13,3,e7e6,0.337,0.4136,0.47,0.4221,c5d4,c5d4,c5d4,c5d4,0.0,0.47,0.0851,False
r2qkb1r/pp3ppp/2B1pn2/8/3p2b1/2P2NN1/PP3PPP/R1BQ1RK1 b kq - 0 10,20,fEJWgLkq,b7c6,15,570,b7c6,0.9964,0.9994,0.9999,1.0,b7c6,b7c6,b7c6,b7c6,0.0,1.0,0.0036,False
r3kb1r/p4ppp/1qp1pn2/8/3P2b1/5NNP/PP3PP1/R1BQ1RK1 b kq - 0 12,24,fEJWgLkq,g4f3,-3,118,g4f3,0.6471,0.6149,0.71,0.8945,g4f3,g4f3,g4f3,g4f3,0.0,0.8945,0.2474,False
r3k2r/p3bppp/1qp1pn2/8/3P4/4BQNP/PP3PP1/R4RK1 b kq - 2 14,28,fEJWgLkq,f6d5,1,15,f6d5,0.0849,0.1908,0.3609,0.5068,e8g8,e8g8,e8g8,f6d5,0.0,0.5068,0.4219,False
r4rk1/p3bppp/1qp1p3/3n4/3PN3/1P2BQ1P/P4PP1/R4RK1 b - - 2 16,32,fEJWgLkq,a7a5,16,12,a7a5,0.0349,0.0557,0.0944,0.1829,d5e3,d5e3,d5e3,a7a5,0.0,0.1829,0.148,False
r4rk1/5ppp/1qp1p3/p1Pn4/8/1P2BQ1P/P4PP1/R4RK1 b - - 0 18,36,fEJWgLkq,b6c7,18,2,b6b4,0.1337,0.1688,0.1754,0.1595,b6b4,b6b4,b6b4,b6b4,10.0,0.1754,0.0258,False
r4rk1/5ppp/2p1p3/p1Pn4/8/qP2BQ1P/P1R2PP1/5RK1 b - - 4 20,40,fEJWgLkq,d5e3,5,13,a5a4,0.3083,0.2434,0.1606,0.1018,d5e3,a5a4,a5a4,a5a4,17.0,0.3083,-0.2065,False
r4rk1/5ppp/2p1p3/2Pn4/3B4/qP3Q1P/2R2PP1/5RK1 b - - 0 22,44,fEJWgLkq,f7f6,55,56,d5e7,0.0503,0.0417,0.0314,0.0276,a3b4,a3b4,a3b4,a3b4,40.0,0.0503,-0.0227,False
r4rk1/5ppp/2p1p3/2P1Bn2/8/qP3Q1P/2R2PP1/1R4K1 b - - 4 24,48,fEJWgLkq,a3a6,-29,13,a3a6,0.0501,0.0553,0.049,0.0366,f7f6,f8c8,f8c8,f8c8,29.0,0.0553,-0.0135,False
r4rk1/4nppp/q1pBp3/2P5/6P1/1P3Q1P/2R2P2/1R4K1 b - - 2 26,52,fEJWgLkq,f8e8,-77,6,f8e8,0.6326,0.6981,0.725,0.7282,f8e8,f8e8,f8e8,f8e8,0.0,0.7282,0.0956,False
r3r1k1/5ppp/q1pBp3/2Pn4/R5P1/1P3Q1P/5P2/1R4K1 b - - 6 28,56,fEJWgLkq,a6b7,29,35,a6b7,0.5994,0.6757,0.7368,0.7865,a6b7,a6b7,a6b7,a6b7,0.0,0.7865,0.1871,False
r5k1/1q3ppp/2pBp3/2Pn2P1/8/1P3Q1P/5P2/1R4K1 b - - 0 30,60,fEJWgLkq,b7b4,56,39,b7b4,0.1768,0.2664,0.3927,0.4893,a8a3,b7b4,b7b4,b7b4,0.0,0.4893,0.3125,False
r5k1/5ppp/2pBp3/2Pn2P1/6P1/1P6/5P2/1R4K1 b - - 0 32,64,fEJWgLkq,f7f6,40,9,d5c3,0.0658,0.0849,0.1235,0.1699,d5c3,d5c3,d5c3,d5c3,39.0,0.1699,0.1041,False
r5k1/5ppp/2pBp3/2P3P1/4nPP1/1P6/1R6/6K1 b - - 0 34,68,fEJWgLkq,a8d8,0,2,e4d6,0.0299,0.0327,0.0326,0.0317,a8a1,a8a1,a8a1,e4d6,0.0,0.0327,0.0018,False
r1bqkb1r/pp3ppp/2n2n2/2p1p3/3pP3/1P1P1NP1/PBP2PBP/RN1Q1RK1 b kq - 1 8,16,qN5vDDhz,c8e6,86,6,f8d6,0.061,0.0609,0.0458,0.022,c8g4,c8g4,f8d6,f8d6,23.0,0.061,-0.039,False
r1bqk2r/ppb2ppp/2n2n2/2p1p3/2NpP3/1P1P1NP1/PBP2PBP/R2Q1RK1 b kq - 5 10,20,qN5vDDhz,b7b5,79,5,e8g8,0.198,0.329,0.4124,0.395,e8g8,e8g8,b7b5,b7b5,0.0,0.4124,0.197,False
r1bq1rk1/p1b2ppp/2n2n2/1pp1N3/3pP3/1P1P1NP1/P1P2PBP/R1BQ1RK1 b - - 0 12,24,qN5vDDhz,c7e5,260,16,c7e5,0.109,0.1102,0.0945,0.0701,c6e5,c6e5,c6e5,c6e5,34.0,0.1102,-0.0389,False
r1bq1rk1/p4ppp/5n2/1pp1n3/3pPP2/1P1P2P1/P1P3BP/R1BQ1RK1 b - - 0 14,28,qN5vDDhz,e5g6,294,27,e5c6,0.0643,0.0711,0.0767,0.0619,e5g4,e5g4,e5g4,e5g4,92.0,0.0767,-0.0024,False
r1bq1rk1/p4ppp/2n5/1ppnP2Q/3p1P2/1P1P2P1/P1P3BP/R1B2RK1 b - - 2 16,32,qN5vDDhz,a8b8,289,31,c6e7,0.038,0.0903,0.1481,0.1145,g7g6,c8e6,c8e6,c8b7,35.0,0.1481,0.0765,False
r1bq1rk1/p3np1p/6pQ/1ppnP3/3pBP2/1P1P2P1/P1P4P/R1B2RK1 b - - 1 18,36,qN5vDDhz,e7f5,415,70,e7f5,0.2013,0.3027,0.4021,0.3836,e7f5,e7f5,e7f5,e7f5,0.0,0.4021,0.1823,False
r2q1rk1/p4p1p/6pQ/1ppnPb2/3p1P2/1P1P2PP/P1P5/R1B2RK1 b - - 0 20,40,qN5vDDhz,f8e8,375,12,d5e7,0.0142,0.0143,0.0135,0.0181,d5e3,d5e3,d8d7,d8d7,140.0,0.0181,0.0039,True
r2q1rk1/p2bnp1p/6pQ/1pp1P3/3p1PP1/1P1P3P/P1PB4/R4RK1 b - - 2 22,44,qN5vDDhz,d7c6,312,51,g8h8,0.0776,0.0948,0.1039,0.1036,e7d5,e7d5,e7d5,e7d5,53.0,0.1039,0.026,False
r3kb1r/pp1npppp/3p1n2/2q5/2P3b1/1PN1PN2/P3BPPP/R1BQK2R b KQkq - 0 8,16,gzFJXw4j,e7e6,-63,9,e7e6,0.0903,0.1381,0.1957,0.2268,g7g6,g7g6,g7g6,g7g6,11.0,0.2268,0.1365,False
r3k2r/pp1nbppp/3ppn2/2q5/2P3b1/1PN1PN2/P3BPPP/R1BQR1K1 b kq - 3 10,20,gzFJXw4j,e8g8,-26,1,e8g8,0.5238,0.5074,0.5202,0.5585,e8g8,e8g8,e8g8,e8g8,0.0,0.5585,0.0347,False
r4rk1/1p1nbppp/p2ppn2/2q5/P1P3b1/BPN1PN2/4BPPP/R2QR1K1 b - - 1 12,24,gzFJXw4j,c5c7,-18,9,c5c7,0.4088,0.5495,0.6998,0.8344,c5c7,c5c7,c5c7,c5c7,0.0,0.8344,0.4256,False
r4rk1/1pq1bppp/p2ppn2/2B5/P1P3b1/1PN1PN2/4BPPP/2RQR1K1 b - - 0 14,28,gzFJXw4j,c7c5,26,3,d6c5,0.7017,0.6967,0.6776,0.6918,c7c5,c7c5,c7c5,c7c5,0.0,0.7017,-0.0099,False
3r1rk1/1pq1bppp/p3pn2/2p5/P1P1P1b1/1PN2N2/2Q1BPPP/2R1R1K1 b - - 2 16,32,gzFJXw4j,g4f3,144,51,c7f4,0.1563,0.1407,0.1288,0.1303,g4f3,d8d7,d8d7,d8d7,144.0,0.1563,-0.026,False
3r1rk1/1p1nbppp/p3p3/2p1P3/P1P1Nqb1/1P3N2/2Q1BPPP/2R1R1K1 b - - 2 18,36,gzFJXw4j,g4f3,270,39,d7b6,0.2258,0.2458,0.2904,0.3745,d7e5,d7e5,d7e5,g4f3,0.0,0.3745,0.1487,False
3r1rk1/1p2bp1p/pn2p1p1/2p1P3/P1P1Qqb1/1P3NN1/4BPPP/2R1R1K1 b - - 1 20,40,gzFJXw4j,f4e4,38,304,f4e4,0.8081,0.8971,0.931,0.9519,f4e4,f4e4,f4e4,f4e4,0.0,0.9519,0.1438,False
3r1r2/1p2bpkp/pn2p1p1/2p1P3/P1P1N1b1/1P3N1P/4BPP1/2R1R1K1 b - - 0 22,44,gzFJXw4j,g4f5,24,4,g4f5,0.6183,0.6124,0.6004,0.524,g4f5,g4f5,g4f5,g4f5,0.0,0.6183,-0.0943,False
3r1r2/1p2bpkp/pn2p1p1/2p1P3/P1P5/1P1B1NNP/5PP1/2R1R1K1 b - - 0 24,48,gzFJXw4j,d8d3,23,472,d8d3,0.9886,0.9971,0.9994,0.9998,d8d3,d8d3,d8d3,d8d3,0.0,0.9998,0.0112,False
3r4/1p2bpkp/pn2p1p1/2p1P3/P1P1N3/1P1r1N1P/5PP1/1R2R1K1 b - - 3 26,52,gzFJXw4j,h7h6,9,3,h7h6,0.0691,0.0841,0.1332,0.2966,b6d7,b6d7,b6d7,h7h6,0.0,0.2966,0.2275,False
3r4/1p2b1k1/pn2p1pp/2p1Pp2/P1P5/1P1r1N1P/3N1PP1/1R2RK2 b - - 1 28,56,gzFJXw4j,g6g5,251,42,g6g5,0.2186,0.2177,0.2484,0.294,g6g5,g6g5,g6g5,g6g5,0.0,0.294,0.0754,False
3r4/1p2b3/pn2p1kp/2p1Ppp1/P1P3P1/1P1r1N1P/3N1PK1/1R2R3 b - - 2 30,60,gzFJXw4j,d3d2,270,55,h6h5,0.0273,0.0363,0.0477,0.0544,f5g4,f5g4,f5g4,h6h5,143.0,0.0544,0.0271,False
3r4/1p2b3/pn2p3/2p1Pppk/P1P5/1P1r1N1P/5PK1/1R2RN2 b - - 1 32,64,gzFJXw4j,b6d7,243,38,g5g4,0.091,0.13,0.1702,0.2268,g5g4,g5g4,g5g4,g5g4,243.0,0.2268,0.1358,False
3r4/1p2b3/pn2p3/2p1P2k/P1P3p1/1P1r4/5PKN/1R2RN2 b - - 1 34,68,gzFJXw4j,e7h4,8,8,e7h4,0.2301,0.2264,0.2036,0.1567,e7h4,e7h4,e7h4,b6d7,69.0,0.2301,-0.0734,False
r1bq1rk1/pppp1ppp/1bn2n2/1B1P4/4P3/5N2/PP3PPP/RNBQ1RK1 b - - 0 8,16,J5lAVSUx,c6e7,-46,177,c6e7,0.4041,0.6725,0.819,0.8749,c6e7,c6e7,c6e7,c6e7,0.0,0.8749,0.4708,False
r1bq1rk1/ppp1nppp/1b1p1n2/1B1P4/4P3/2N2N1P/PP3PP1/R1BQ1RK1 b - - 0 10,20,J5lAVSUx,c7c6,-32,4,e7g6,0.3913,0.3728,0.2545,0.1085,c7c6,c7c6,a7a6,e7g6,31.0,0.3913,-0.2828,False
r1bq1rk1/ppp2pp1/1b1p1nnp/1B1P4/4P3/2N1BN1P/PP3PP1/R2Q1RK1 b - - 1 12,24,J5lAVSUx,b6e3,18,0,d8e7,0.2283,0.1941,0.1971,0.3409,b6e3,a7a6,a7a6,b6e3,0.0,0.3409,0.1126,False
r1b2rk1/1pp1qpp1/1p1p1nnp/1B1P4/P3P3/2N2N1P/1P3PP1/R2Q1RK1 b - - 0 14,28,J5lAVSUx,f6e4,-5,51,f6e4,0.3805,0.325,0.2824,0.2985,f6e4,f6e4,f6e4,f6e4,0.0,0.3805,-0.082,False
r1b2rk1/1pp1qpp1/1p1p2np/1B1P4/P7/2P2N1P/5PP1/R2QR1K1 b - - 0 16,32,J5lAVSUx,e7d8,106,20,e7f6,0.1609,0.1323,0.1208,0.1093,e7f6,e7f6,e7f6,e7f6,23.0,0.1609,-0.0516,False
r1b2rk1/1pp2pp1/1p1p2np/1B1P4/P2N4/2P4P/5PP1/R3R1K1 b - - 0 18,36,J5lAVSUx,f8d8,73,28,g6e5,0.0196,0.0217,0.0249,0.0416,g6e5,g6e5,g6e5,g6e5,33.0,0.0416,0.022,False
r1b2rk1/1ppnRpp1/1p1p3p/1B1P4/P2N1P2/2P4P/6P1/R5K1 b - - 2 20,40,J5lAVSUx,f8d8,-69,17,d7f6,0.1316,0.1292,0.1146,0.1051,d7c5,d7c5,d7c5,d7c5,28.0,0.1316,-0.0265,False
r1b2rk1/1pR2pp1/1p1p3p/1B1P3n/P1PN1P2/7P/6P1/R5K1 b - - 0 22,44,J5lAVSUx,h5f4,-132,87,h5f4,0.9622,0.9748,0.9794,0.9816,h5f4,h5f4,h5f4,h5f4,0.0,0.9816,0.0194,False
r1b2rk1/1pR1Rpp1/1p1p3p/1B1P4/P1PN4/3n3P/6P1/6K1 b - - 3 24,48,J5lAVSUx,d3c5,-122,110,d3c5,0.4754,0.5919,0.6465,0.6573,d3c5,d3c5,d3c5,d3c5,0.0,0.6573,0.1819,False
r1b2rk1/1pR1Rpp1/1p1p3p/1B1P1N2/n1P3P1/7P/8/6K1 b - - 1 26,52,J5lAVSUx,c8f5,109,290,c8f5,0.2126,0.2403,0.2296,0.1999,a4c3,a4c5,a4c5,a4c5,407.0,0.2403,-0.0127,False
r4rk1/1R2Rpp1/1p1p3p/1B1P1P2/2P5/2n4P/8/6K1 b - - 0 28,56,J5lAVSUx,a8a2,27,1,c3b5,0.0223,0.0273,0.0392,0.0742,c3b5,c3b5,c3b5,c3b5,9.0,0.0742,0.0519,False
1r3rk1/1R2Rpp1/1p1p3p/1P1P1P2/8/7P/6K1/8 b - - 2 30,60,J5lAVSUx,b8c8,-21,2,f8e8,0.0763,0.0904,0.1112,0.14,b8b7,b8b7,b8b7,b8b7,-6.0,0.14,0.0637,False
4r1k1/1R4p1/1p1p3p/1P1P1P2/8/7P/6K1/8 b - - 0 32,64,J5lAVSUx,e8e5,0,42,e8e5,0.684,0.8389,0.9245,0.9473,e8e5,e8e5,e8e5,e8e5,0.0,0.9473,0.2633,False
1R4k1/6p1/3p3p/1P1r1P2/8/7P/6K1/8 b - - 1 34,68,J5lAVSUx,g8f7,0,0,g8f7,0.5076,0.5234,0.567,0.5936,g8f7,g8f7,g8f7,g8f7,0.0,0.5936,0.086,False
r1bq1rk1/pp2ppbp/2np1np1/2p5/4PP2/2PP1N2/PP2B1PP/RNB1QRK1 b - - 2 8,16,LDw2JSy3,b7b5,13,3,d6d5,0.1246,0.1279,0.1175,0.1914,c8g4,c8g4,c8g4,b7b5,0.0,0.1914,0.0668,False
r1bq1rk1/pp1nppbp/2n3p1/2ppP3/5P1Q/2PP1N2/PP2B1PP/RNB2RK1 b - - 2 10,20,LDw2JSy3,f7f6,-15,71,d5d4,0.2721,0.3377,0.3734,0.4195,f7f6,f7f6,f7f6,f7f6,0.0,0.4195,0.1474,False
r1bq1rk1/p2nppbp/2n3p1/1pp1P3/3p1P1Q/P1PP1N2/1P1NB1PP/R1B2RK1 b - - 1 12,24,LDw2JSy3,d7b6,-53,3,a7a6,0.0553,0.0586,0.0698,0.1114,d4c3,d4c3,d4c3,d4c3,4.0,0.1114,0.0561,False
r2q1rk1/1b1nppbp/p1n3p1/1pp1P3/3pNP1Q/P1PP1N2/1P1BB1PP/R4RK1 b - - 3 14,28,LDw2JSy3,d4c3,-87,7,d7b6,0.3414,0.3375,0.304,0.2227,d4c3,d4c3,d4c3,d4c3,0.0,0.3414,-0.1187,False
r4rk1/1Nq1ppbp/pnn3p1/1p2P3/3p1P1Q/P1PP1N2/1P1BB1PP/R4RK1 b - - 0 16,32,LDw2JSy3,c7b7,-258,16,c7b7,0.9685,0.9752,0.9773,0.9832,c7b7,c7b7,c7b7,c7b7,0.0,0.9832,0.0147,False
3r1rk1/1q2ppbp/pnn3p1/1p2P3/3P1P1Q/P1BP1N2/1P2B1PP/R4RK1 b - - 2 18,36,LDw2JSy3,b6d5,-157,18,a6a5,0.2827,0.3843,0.5084,0.5965,b6a4,b6d5,b6d5,b6d5,0.0,0.5965,0.3138,False
3r1rk1/1q2ppbp/1n4p1/np2P3/1P1P1P1Q/P2P1N2/4B1PP/R4RK1 b - - 0 20,40,LDw2JSy3,a5c6,347,45,a5b3,0.1573,0.2842,0.4196,0.4361,a5b3,a5b3,a5b3,a5b3,14.0,0.4361,0.2788,False
3r1rk1/1q2ppbp/1n4p1/1p2P3/1P1N1P1Q/P2P4/4B1PP/1R3RK1 b - - 0 22,44,LDw2JSy3,d8d4,355,411,d8d4,0.8376,0.8978,0.952,0.9781,d8d4,d8d4,d8d4,d8d4,0.0,0.9781,0.1405,False
5rk1/q3ppbp/1n4p1/1p2P3/1P1r1P1Q/PR1P1B2/6PP/5RK1 b - - 3 24,48,LDw2JSy3,d4f4,580,62,g7e5,0.0306,0.0242,0.017,0.0108,b6d5,b6d5,b6d5,b6d5,62.0,0.0306,-0.0198,False
5rk1/q3pp1p/1n4p1/1pQ1b3/1P3r2/PR1P1B2/6PP/5RK1 b - - 1 26,52,LDw2JSy3,e5d4,652,59,e5d6,0.6108,0.714,0.7951,0.844,e5d4,e5d4,e5d4,e5d4,0.0,0.844,0.2332,False
1r4k1/q3pp1p/1n1b2p1/1Q6/1P3r2/PR1P1B2/6PP/5R1K b - - 2 28,56,LDw2JSy3,b6d7,545,45,b6c4,0.4043,0.4759,0.539,0.5933,b6d7,b6d7,b6d7,b6d7,0.0,0.5933,0.189,False
1r4k1/q3pp1p/3b2p1/3Q4/1P2Br2/PR1P4/3n2PP/5R1K b - - 6 30,60,LDw2JSy3,f4f1,1999,1113,f4f1,0.8144,0.8713,0.8796,0.8966,f4f1,f4f1,f4f1,f4f1,0.0,0.8966,0.0822,False
r1bqk2r/ppp2ppp/1n2pn2/8/1b1P4/2NBPN2/PP3PPP/R1BQ1RK1 b kq - 6 8,16,OMBhQLoH,c8d7,-157,1,e8g8,0.1021,0.1482,0.1883,0.1214,e8g8,e8g8,e8g8,e8g8,17.0,0.1883,0.0193,False
r1bq1rk1/ppp2pp1/1n2pn1p/8/1b1P4/2NBPN2/PPQB1PPP/R4RK1 b - - 1 10,20,OMBhQLoH,c7c5,-98,35,c7c6,0.0534,0.0547,0.0705,0.1676,b6d5,b6d5,b6d5,b6d5,81.0,0.1676,0.1142,False
r1bq1rk1/pp3pp1/1np1pN1p/8/3P4/3BPN2/PPQb1PPP/R4RK1 b - - 0 12,24,OMBhQLoH,d8f6,-71,114,d8f6,0.9237,0.9735,0.9797,0.9745,d8f6,d8f6,d8f6,d8f6,0.0,0.9797,0.0508,False
r1b2rk1/pp3pp1/1np2q1p/4P3/8/3BP3/PPQN1PPP/R4RK1 b - - 0 14,28,OMBhQLoH,f6e5,-29,128,f6e5,0.9629,0.9689,0.9782,0.9902,f6e5,f6e5,f6e5,f6e5,0.0,0.9902,0.0273,False
r1b2rk1/pp3pp1/1np2q1p/8/P7/3BPN2/1PQ2PPP/R4RK1 b - - 0 16,32,OMBhQLoH,a7a5,-10,4,c8g4,0.1714,0.1942,0.1853,0.1845,b6d5,b6d5,b6d5,b6d5,6.0,0.1942,0.0131,False
r4rk1/pp3pp1/2p2q1p/3n4/P2N2b1/4P3/1PQ1BPPP/R4RK1 b - - 4 18,36,OMBhQLoH,g4e2,18,9,g4e2,0.7137,0.7351,0.7322,0.787,g4e2,g4e2,g4e2,g4e2,0.0,0.787,0.0733,False
4rrk1/pp3pp1/2p2q1p/3n4/P2N4/4P3/1PQ2PPP/R4RK1 b - - 2 20,40,OMBhQLoH,e8e7,12,1,e8e5,0.0217,0.0265,0.0471,0.0816,d5b4,d5b4,d5b4,e8e5,9.0,0.0816,0.0599,False
5rk1/pp3pp1/2p2q1p/3n1r2/P3P3/5N2/1PQ2PPP/R4RK1 b - - 0 22,44,OMBhQLoH,f5f3,-82,188,f5f3,0.5097,0.6617,0.7759,0.8061,f5f3,f5f3,f5f3,f5f3,0.0,0.8061,0.2964,False
5rk1/pp3pp1/2p4p/3n2q1/P3P3/5P2/1PQ2P1P/R4R1K b - - 2 24,48,OMBhQLoH,g5f6,-162,9,d5f4,0.0012,0.0007,0.0004,0.0003,d5f4,d5f4,d5f4,d5f4,42.0,0.0012,-0.0009,False
5rk1/pp3pp1/2p4p/7q/P3Pn2/5PR1/1PQ2P1P/R6K b - - 6 26,52,OMBhQLoH,h5e5,-166,25,g7g5,0.0617,0.0925,0.1032,0.0735,f8d8,f8d8,f8d8,f8d8,8.0,0.1032,0.0118,False
5rk1/p4p2/1pp4p/6pq/P3Pn2/4QPR1/1P3P1P/R6K b - - 1 28,56,OMBhQLoH,h5g6,-188,21,f4g6,0.0581,0.0739,0.0763,0.0639,c6c5,f8d8,f8d8,f8d8,321.0,0.0763,0.0058,False
5rk1/p4p2/1P4np/2p3pq/4P3/4QPR1/1P3P1P/R6K b - - 0 30,60,OMBhQLoH,a7b6,-361,133,a7b6,0.969,0.9771,0.9821,0.985,a7b6,a7b6,a7b6,a7b6,0.0,0.985,0.016,False
3r2k1/5p2/1R4np/2p3pq/4P3/4QPR1/1P3P1P/7K b - - 0 32,64,OMBhQLoH,c5c4,-296,6,d8d1,0.0292,0.017,0.0128,0.0135,d8d1,d8d1,g6f4,g6f4,413.0,0.0292,-0.0157,True
6k1/5p2/1R4np/2p3pq/4P3/4QP2/1P3P1P/6K1 b - - 0 34,68,OMBhQLoH,g5g4,-301,60,g6h4,0.0513,0.0242,0.0154,0.014,g6f4,g6f4,g6f4,g6f4,38.0,0.0513,-0.0373,False
rnb1kb1r/pp3ppp/3p1n2/2pP4/1q2P3/2NB1N2/PP3PPP/R1BQK2R b KQkq - 2 8,16,ovr0cZUd,c8g4,-227,6,c8g4,0.3102,0.3828,0.4442,0.4519,c5c4,c8g4,c8g4,c8g4,0.0,0.4519,0.1417,False
rn2kb1r/pp3ppp/3p1n2/2pP4/1q2P3/2NB1Q2/PP3PPP/R1B2RK1 b kq - 0 10,20,ovr0cZUd,b8d7,-263,20,c5c4,0.1743,0.2643,0.4067,0.5553,c5c4,f8e7,b8d7,b8d7,0.0,0.5553,0.381,False
r3kb1r/pp1n1ppp/3p1n2/3P4/1qp1P3/2N2Q2/PPB2PPP/1RB2RK1 b kq - 3 12,24,ovr0cZUd,g7g6,-228,1,d7e5,0.0232,0.0139,0.0085,0.0119,d7e5,d7e5,d7e5,d7e5,53.0,0.0232,-0.0113,False
2r1kb1r/pp3ppp/3p1n2/3Pn3/1qp1PP2/2N5/PPB1Q1PP/1RB2RK1 b k - 0 14,28,ovr0cZUd,e5d3,-349,74,e5g6,0.2194,0.2656,0.3167,0.3828,e5g4,e5d3,e5d3,e5d3,0.0,0.3828,0.1634,False
2r1kb1r/pp3ppp/5nn1/3PP3/1qp5/2N5/PPB1Q1PP/1RB2RK1 b k - 0 16,32,ovr0cZUd,f6d5,-488,15,f6d7,0.0942,0.0474,0.0238,0.0126,f8c5,f8c5,f8c5,f8c5,37.0,0.0942,-0.0816,False
2r1kb1r/pp1n2pp/4P1n1/8/1qp5/2N5/PPB1Q1PP/1RB2RK1 b k - 0 18,36,ovr0cZUd,d7f6,-401,19,d7e5,0.2254,0.3221,0.4333,0.5041,d7e5,d7f6,d7f6,d7f6,0.0,0.5041,0.2787,False
2r1kb1r/pp4pp/2n1P1n1/8/Bqp5/2N2Q2/PP4PP/1RB2RK1 b k - 4 20,40,ovr0cZUd,f8c5,-309,189,f8c5,0.3615,0.2996,0.2462,0.2198,f8c5,f8c5,f8c5,f8c5,0.0,0.3615,-0.1417,False
2r1kr2/pp4pp/2n1P1n1/2b5/Bqp5/2N5/PP2Q1PP/1RB2R1K b - - 8 22,44,ovr0cZUd,c5d4,-280,75,f8f1,0.0481,0.0319,0.0219,0.0177,f8f1,f8f1,f8f1,f8f1,237.0,0.0481,-0.0304,True
2r1k3/pp2bQpp/2n1P1n1/8/Bqp5/2N5/PP4PP/1RB4K b - - 2 24,48,ovr0cZUd,e8d8,-557,0,e8d8,1.0,1.0,1.0,1.0,e8d8,e8d8,e8d8,e8d8,0.0,1.0,0.0,False
2rk4/1p2bQpp/p1n1P1n1/8/Bqp5/P1N1B3/1P4PP/1R5K b - - 0 26,52,ovr0cZUd,b4a5,-619,37,b4a5,0.161,0.1659,0.1744,0.1792,b4d6,b4d6,b4d6,b4d6,173.0,0.1792,0.0182,False
2rk4/1p2b1Qp/p3P1n1/q3n3/2p5/P1N1B3/1PB3PP/1R5K b - - 2 28,56,ovr0cZUd,d8c7,-415,134,d8c7,0.1302,0.185,0.2153,0.2026,c8c6,c8c6,c8c6,c8c6,113.0,0.2153,0.0724,False
2r5/1pk1Q3/p3P1p1/q3n3/2p5/P1N1B3/1P4PP/1R5K b - - 0 30,60,ovr0cZUd,c7b8,-664,1329,c7b8,0.9122,0.947,0.9678,0.9734,c7b8,c7b8,c7b8,c7b8,0.0,0.9734,0.0612,False
k1r5/1p2P3/p2Q2p1/q3n3/2p5/P1N1B3/1P4PP/1R5K b - - 0 32,64,ovr0cZUd,e5c6,-732,31,e5f7,0.2635,0.2821,0.2768,0.2537,e5c6,e5c6,e5c6,e5c6,0.0,0.2821,-0.0098,False
1kr1Q3/1p1Q1n2/p5p1/q7/2p5/P1N1B3/1P4PP/1R5K b - - 0 34,68,ovr0cZUd,c8e8,-974,1016,c8e8,0.4427,0.5034,0.6173,0.6783,c8e8,c8e8,c8e8,c8e8,0.0,0.6783,0.2356,False
rnbqk2r/p2pbpp1/1pp2n1p/8/2PQ1B2/2N3P1/PP2PPBP/R3K1NR b KQkq - 1 8,16,o62PVy24,e8g8,-55,6,e8g8,0.2699,0.344,0.4346,0.4535,e8g8,e8g8,e8g8,e8g8,0.0,0.4535,0.1836,False
rnbq1rk1/p2p1pp1/1pp2n1p/2b5/2P2B2/2NQ2P1/PP2PPBP/3RK1NR b K - 5 10,20,o62PVy24,f8e8,-55,17,b8a6,0.1461,0.1529,0.1452,0.1455,f6g4,f6g4,c8b7,c8b7,53.0,0.1529,-0.0006,False
rnbqk2r/pp2pp2/3p1bpp/2p5/2PPP3/2N2P2/PP2N1PP/R2QKB1R b KQkq - 1 8,16,yVDJmomy,c5d4,100,39,c5d4,0.5611,0.6077,0.6054,0.4604,c5d4,c5d4,c5d4,c5d4,0.0,0.6077,-0.1007,False
r1bqk2r/pp2pp2/2np1bpp/8/2P1P3/2N2P2/PPN3PP/R2QKB1R b KQkq - 2 10,20,yVDJmomy,c8e6,83,0,d8a5,0.0656,0.0576,0.0486,0.0694,e8g8,e8g8,e8g8,e8g8,0.0,0.0694,0.0038,False
r1b1k2r/pp2pp2/2np2pp/q7/2P1P3/2Q2P2/PPN3PP/R3KB1R b KQkq - 0 12,24,yVDJmomy,a5c3,111,99,a5c3,0.8575,0.9289,0.9646,0.9768,a5c3,a5c3,a5c3,a5c3,0.0,0.9768,0.1193,False
r1b1k2r/p3pp2/1pnp2pp/8/2PNP3/2P2P2/P5PP/R3KB1R b KQkq - 1 14,28,yVDJmomy,c6a5,104,8,c6a5,0.0511,0.0665,0.0896,0.1172,c6d4,c8b7,c8b7,c8b7,13.0,0.1172,0.0661,False
r1b1k2r/pn2pp2/1p1p2pp/8/2P1P3/1NP2P2/P3B1PP/R3K2R b KQkq - 5 16,32,yVDJmomy,c8d7,113,24,c8e6,0.0289,0.0369,0.0591,0.1145,b7c5,b7c5,b7c5,b7c5,50.0,0.1145,0.0856,False
r6r/pn1kpp2/1p1pb1pp/8/2PNPP2/2P5/P3B1PP/R3K2R b KQ - 0 18,36,yVDJmomy,a8c8,129,40,a8c8,0.1615,0.168,0.2008,0.205,b7c5,b7c5,b7c5,b7c5,495.0,0.205,0.0435,False
2r4r/pn1kpp2/1p1p2pp/4P3/2bN1PB1/2P5/P5PP/R3K2R b KQ - 1 20,40,yVDJmomy,e7e6,318,96,e7e6,0.5364,0.5721,0.5893,0.6108,e7e6,e7e6,e7e6,e7e6,0.0,0.6108,0.0744,False
2r4r/pn1k1p2/1p2p1pp/3pP3/2bN1P2/2P5/P3B1PP/2KR3R b - - 1 22,44,yVDJmomy,h6h5,314,9,c4e2,0.0034,0.0022,0.0015,0.0013,c4e2,c4e2,c4e2,c4e2,13.0,0.0034,-0.0021,False
2r4r/p2k1p2/1p2p1pp/2npP3/5P2/2P5/PK2N1PP/3R3R b - - 2 24,48,yVDJmomy,c8c7,307,4,c5a4,0.0191,0.0323,0.0404,0.0408,c5e4,c5e4,c5e4,c5e4,6.0,0.0408,0.0217,False
7r/p2k1p2/1p2p1pp/3pP3/n1rR1P2/1KP5/P3N1PP/7R b - - 6 26,52,yVDJmomy,h8c8,313,43,h8c8,0.0346,0.0325,0.0359,0.0364,a4c5,a4c5,a4c5,a4c5,53.0,0.0364,0.0018,False
2r5/p2k1p2/4p1pp/1p1pP3/n1rR1PP1/1KP5/P3N2P/2R5 b - - 0 28,56,yVDJmomy,a4c5,350,34,a4c5,0.2476,0.2883,0.3429,0.3889,c4d4,a4c5,a4c5,a4c5,0.0,0.3889,0.1413,False
r2qkb1r/p3pppp/2n2n2/1p1p4/2pP2b1/2P1PN2/PPBN1PPP/R1BQ1RK1 b kq - 5 8,16,EzT4EPp1,e7e6,-22,13,a7a5,0.411,0.4669,0.5325,0.716,e7e6,e7e6,e7e6,e7e6,0.0,0.716,0.305,False
r2qkb1r/4pp1p/2n2np1/pp1p4/2pP2b1/2P1PN1P/PPBN1PP1/R1B1QRK1 b kq - 0 10,20,EzT4EPp1,g4f3,-66,39,g4f5,0.5438,0.4189,0.2906,0.3408,g4f3,g4f3,g4d7,g4d7,99.0,0.5438,-0.203,False
r2qkb1r/4pp1p/2n3p1/pp1p1b2/2pPN3/2P2N1P/PPB2PP1/R1B1QRK1 b kq - 0 12,24,EzT4EPp1,f8g7,-164,116,f8g7,0.0239,0.0209,0.0164,0.0167,d5e4,d5e4,d5e4,d5e4,113.0,0.0239,-0.0072,True
r2qk2r/4pp1p/2n2bp1/pp1p1B2/2pP4/2P2N1P/PP3PP1/R1B1QRK1 b kq - 0 14,28,EzT4EPp1,g6f5,33,453,g6f5,0.9928,0.9959,0.9981,0.9989,g6f5,g6f5,g6f5,g6f5,0.0,0.9989,0.0061,False
r2qk2r/5p1p/2n1pb2/pp1pNp2/2pP1B2/2P4P/PP3PP1/R3QRK1 b kq - 1 16,32,EzT4EPp1,f6e5,130,6,c6e5,0.1276,0.1239,0.1277,0.132,c6e5,c6e5,c6e5,c6e5,2.0,0.132,0.0044,False
r2q3r/3k1p1p/4pb2/pp1pBp2/P1pP4/2P4P/1P3PP1/R3QRK1 b - - 0 18,36,EzT4EPp1,f6e5,116,30,f6e5,0.2946,0.2931,0.2771,0.2325,b5b4,b5b4,b5b4,b5b4,37.0,0.2946,-0.0621,False
r2q3r/3k1p1p/4p3/p2pQp2/PPpP4/7P/1P3PP1/R4RK1 b - - 0 20,40,EzT4EPp1,a5b4,163,134,a5b4,0.9756,0.9777,0.9808,0.9796,a5b4,a5b4,a5b4,a5b4,0.0,0.9808,0.004,False
r6r/3k1p1p/1q2p3/3p1p2/PppP4/4Q2P/1P3PP1/R4RK1 b - - 3 22,44,EzT4EPp1,d7c6,213,17,b4b3,0.0036,0.0039,0.0033,0.0022,b4b3,b4b3,a8a5,a8a5,14.0,0.0039,-0.0014,False
r5r1/3k1p1p/1q2pQ2/3p1p2/P1pP4/1p5P/1P3PP1/R4RK1 b - - 3 24,48,EzT4EPp1,b6d6,202,11,a8f8,0.0287,0.0277,0.0291,0.028,g8f8,a8f8,a8f8,a8f8,0.0,0.0291,-0.0007,False
5r2/3k1p1p/1q2p1r1/3pQp2/P1pP4/1p5P/1P3PP1/R3R1K1 b - - 7 26,52,EzT4EPp1,b6c7,347,30,b6d6,0.0148,0.0127,0.0101,0.0086,f8g8,f8g8,f8g8,f8g8,22.0,0.0148,-0.0062,False
5r2/3k1p1p/4p1r1/P2pRp2/2pP4/1p5P/1P3PP1/R5K1 b - - 0 28,56,EzT4EPp1,f8a8,399,1,f8a8,0.5179,0.6466,0.702,0.7054,f8a8,f8a8,f8a8,f8a8,0.0,0.7054,0.1875,False
8/3k1p1p/r3p1r1/P2p1p2/R1pP4/1p5P/1P3PP1/4R1K1 b - - 4 30,60,EzT4EPp1,g6g8,440,15,g6g8,0.2179,0.2351,0.3139,0.4397,d7c6,d7c6,d7c6,d7c6,0.0,0.4397,0.2218,False
r7/3k1p1p/r3p3/P2p1p2/R1pP1P2/1p5P/1P4P1/R5K1 b - - 0 32,64,EzT4EPp1,d7c6,584,67,d7c6,0.7309,0.8095,0.8547,0.8803,d7c6,d7c6,d7c6,d7c6,0.0,0.8803,0.1494,False
r7/5p1p/r3p3/Pk1p1p2/R1pP1P2/1p5P/1P2K1P1/R7 b - - 4 34,68,EzT4EPp1,a6a5,677,84,a6a5,0.9327,0.9535,0.9669,0.9717,a6a5,a6a5,a6a5,a6a5,0.0,0.9717,0.039,False
rn1qk2r/pbp2ppp/1p2pn2/3P4/3P4/5NP1/PP1QPPBP/RN2K2R b KQkq - 0 8,16,KMD4FowC,e6d5,-45,11,e6d5,0.1255,0.0802,0.1072,0.3851,b7d5,b7d5,b7d5,b7d5,27.0,0.3851,0.2596,False
rn1q1rk1/pbp2ppp/1p3n2/3p4/3P4/2N2NP1/PP1QPPBP/R4RK1 b - - 3 10,20,KMD4FowC,c7c6,-35,2,f8e8,0.0416,0.0502,0.0621,0.0464,b8d7,b8d7,b8d7,b8d7,9.0,0.0621,0.0048,False
r2qr1k1/pbpn1ppp/1p3n2/3pN3/3P1P2/2N3P1/PP1QP1BP/R4RK1 b - - 0 12,24,KMD4FowC,d8e7,-16,5,f6e4,0.0125,0.0126,0.0161,0.0268,d7e5,d7e5,d7e5,c7c5,-5.0,0.0268,0.0143,False
r2qr1k1/pbpn1ppp/1p6/3pN3/3P1P2/2P3P1/P1Q1P1BP/R4RK1 b - - 0 14,28,KMD4FowC,d8e7,-36,10,c7c5,0.0042,0.0041,0.0047,0.0084,d7e5,d7e5,d7e5,f7f6,17.0,0.0084,0.0042,False
r2qr1k1/pb1n1ppp/1p6/3pN3/3P1P2/1Q4P1/P3P1BP/R4RK1 b - - 0 16,32,KMD4FowC,d7f6,-63,7,d7e5,0.2176,0.3149,0.4339,0.5922,d7e5,d7e5,d7e5,d7f6,0.0,0.5922,0.3746,False
r3r1k1/pb2qppp/1p6/3pP3/5P2/1Q4P1/P3P1BP/3R1RK1 b - - 2 18,36,KMD4FowC,e7c5,-77,1,e8d8,0.2372,0.308,0.3939,0.4203,a8d8,e7c5,e7c5,e7c5,0.0,0.4203,0.1831,False
r2r2k1/pb3ppp/1p6/2qpP3/5P2/1Q2P1P1/P5BP/2R2RK1 b - - 2 20,40,KMD4FowC,c5e7,-82,21,c5e7,0.5866,0.6649,0.6908,0.6589,c5e7,c5e7,c5e7,c5e7,0.0,0.6908,0.0723,False
2Rr2k1/pb2qppp/1p6/3pP3/5P2/1Q2P1P1/P5BP/3R2K1 b - - 0 22,44,KMD4FowC,b7c8,-121,23,d8c8,0.1536,0.1194,0.1111,0.1332,d8c8,d8c8,d8c8,d8c8,28.0,0.1536,-0.0204,False
2r3k1/p3qppp/1p6/3QP3/5P2/4P1P1/P6P/3R2K1 b - - 0 24,48,KMD4FowC,h7h6,-152,2,h7h6,0.4132,0.5007,0.5036,0.4131,h7h6,h7h6,h7h6,h7h6,0.0,0.5036,-0.0001,False
2r3k1/pq3pp1/1p1QP2p/8/5P2/4P1P1/P6P/3R2K1 b - - 0 26,52,KMD4FowC,c8e8,-120,42,c8c2,0.0152,0.0184,0.0196,0.0183,f7e6,f7e6,f7e6,f7e6,83.0,0.0196,0.0031,False
3Q2k1/p4qp1/1p5p/8/5P2/4P1P1/P1r4P/3R2K1 b - - 1 28,56,KMD4FowC,g8h7,-82,56,g8h7,0.7958,0.8833,0.9167,0.9285,g8h7,g8h7,g8h7,g8h7,0.0,0.9285,0.1327,False
8/p5pk/1p4Qp/8/5P2/4P1P1/P1r4P/3R2K1 b - - 0 30,60,KMD4FowC,h7g6,-5,1994,h7g6,0.9995,0.9999,1.0,1.0,h7g6,h7g6,h7g6,h7g6,0.0,1.0,0.0005,False
8/p5p1/1p4kp/8/P2R1P2/4P1P1/r6P/6K1 b - - 2 32,64,KMD4FowC,g6f6,-73,7,a2e2,0.0422,0.0613,0.0872,0.1052,g6f5,g6f5,g6f5,g6f5,24.0,0.1052,0.063,False
8/p5p1/1p3k1p/8/P2RPP1P/6P1/4r3/6K1 b - - 0 34,68,KMD4FowC,h6h5,-129,60,e2e3,0.0174,0.0204,0.0305,0.0497,e2e3,e2e3,e2e3,e2e3,183.0,0.0497,0.0323,True
rn1q1rk1/ppp1nppp/3b4/3p1b2/3P4/2P2N1P/PP2BPP1/RNBQ1RK1 b - - 4 8,16,b5BbR9X5,h7h6,19,2,b8c6,0.0582,0.0425,0.0412,0.0565,b8c6,c7c6,c7c6,c7c6,7.0,0.0582,-0.0017,False
r4rk1/pppqnppp/2nb4/3p1b2/3P4/2P2N1P/PP3PP1/RNBQRBK1 b - - 8 10,20,b5BbR9X5,e7g6,0,0,a8e8,0.172,0.2421,0.2563,0.191,f8e8,f8e8,e7g6,f8e8,5.0,0.2563,0.019,False
4rrk1/pppqn1pp/2nb1p2/3p1b2/3P4/2P1BN1P/PP1N1PP1/R2QRBK1 b - - 1 12,24,b5BbR9X5,c6d8,34,13,f5g6,0.0497,0.115,0.2267,0.3094,e7g6,e7g6,e7g6,c6d8,0.0,0.3094,0.2597,False
4rrk1/pppq2pp/2nb1pN1/3p1n2/3P4/2P1B2P/PP1N1PP1/R2QRBK1 b - - 0 14,28,b5BbR9X5,h7g6,-55,328,h7g6,0.9409,0.9534,0.9531,0.9638,h7g6,h7g6,h7g6,h7g6,0.0,0.9638,0.0229,False
5rk1/pppqr1p1/2nb1pp1/3p1n2/3P4/2PQBN1P/PP3PP1/R3RBK1 b - - 3 16,32,b5BbR9X5,f5e3,-78,8,f8e8,0.1342,0.0915,0.0452,0.0166,f8e8,f8e8,f8e8,f8e8,-5.0,0.1342,-0.1176,False
4r1k1/pppqr1p1/2nb1pp1/3p4/3P4/2PQPN1P/PP4P1/3RRBK1 b - - 0 18,36,b5BbR9X5,g8h7,87,18,d7f5,0.0236,0.0292,0.0334,0.0351,g8f7,g8f7,g8f7,d6g3,44.0,0.0351,0.0115,False
4r1k1/ppp1r1p1/2n2pp1/3p1q2/3P4/2PBPNbP/PP1Q2P1/3RR1K1 b - - 4 20,40,b5BbR9X5,g3e1,160,63,f5h5,0.2578,0.2727,0.2635,0.2884,f5h5,f5h5,f5h5,f5h5,67.0,0.2884,0.0306,False
3nr1k1/ppp1r1p1/5pp1/3p3q/2PP4/3BPNbP/PP1QR1P1/3R2K1 b - - 0 22,44,b5BbR9X5,f6f5,76,1,d5c4,0.0566,0.042,0.0263,0.0145,c7c6,c7c6,c7c6,c7c6,19.0,0.0566,-0.0421,False
3nr2k/ppp1r1p1/5pp1/7q/3P4/3BPNbP/PP1QR1P1/3R2K1 b - - 2 24,48,b5BbR9X5,f6f5,91,17,d8f7,0.1255,0.1108,0.0917,0.0729,g6g5,d8f7,d8f7,d8f7,33.0,0.1255,-0.0526,False
4r2k/ppp1rnp1/6p1/5p1q/3PP3/3B1NbP/PPQ1R1P1/3R2K1 b - - 0 26,52,b5BbR9X5,f7g5,64,47,f7d6,0.6128,0.5931,0.5365,0.508,f7g5,f7g5,f7g5,f7g5,0.0,0.6128,-0.1048,False
4r2k/ppp3p1/3n2p1/5P1q/3P4/5NbP/PPQ1B1P1/3R2K1 b - - 0 28,56,b5BbR9X5,g6f5,68,32,h5f5,0.2436,0.1681,0.1232,0.1233,d6f5,d6f5,d6f5,d6f5,134.0,0.2436,-0.1203,False
4r2k/ppp3p1/3n1qB1/8/3P4/5NbP/PPQ3P1/3R2K1 b - - 0 30,60,b5BbR9X5,e8f8,-110,1,c7c6,0.1293,0.2003,0.2636,0.2877,e8e6,e8e7,e8e7,e8f8,0.0,0.2877,0.1584,False
4n2k/pp4p1/2p2q2/8/3P4/1Q3NbP/PP4P1/3R2K1 b - - 1 32,64,b5BbR9X5,e8c7,-438,16,f6e7,0.014,0.0105,0.0074,0.0054,e8d6,e8d6,e8d6,e8d6,22.0,0.014,-0.0086,False
7k/pp2q1p1/2p2n2/4N3/3P4/1Q4bP/PP4P1/5RK1 b - - 5 34,68,b5BbR9X5,g3e5,-436,176,e7d6,0.8101,0.8939,0.936,0.9557,g3e5,g3e5,g3e5,g3e5,0.0,0.9557,0.1456,False
rn1qk2r/pbpp1ppp/1p2p3/4P3/1b1P4/2BB1N2/PPP2PPP/R2QK2R b KQkq - 0 8,16,stS86adT,b4c3,-3,14,b4c3,0.872,0.8846,0.8873,0.9008,b4c3,b4c3,b4c3,b4c3,0.0,0.9008,0.0288,False
rn1q1rk1/pbpp1ppp/1p2p3/4P3/3P4/2PB1N2/P1P2PPP/R2Q1RK1 b - - 2 10,20,stS86adT,d7d6,-3,22,f7f5,0.3699,0.4586,0.5019,0.5236,d7d6,d7d6,d7d6,d7d6,0.0,0.5236,0.1537,False
rn1q1rk1/p1pp2pp/1p2p3/4Pp2/3P4/2PB1Q1P/P1P2PP1/R4RK1 b - - 0 12,24,stS86adT,b8c6,-56,103,b8c6,0.4979,0.6121,0.7822,0.9296,b8c6,b8c6,b8c6,b8c6,0.0,0.9296,0.4317,False
r2q1rk1/p1pp2pp/1p2p3/nB2Pp2/P2P4/2P2Q1P/2P2PP1/R4RK1 b - - 0 14,28,stS86adT,d8e7,-48,1,c7c6,0.0134,0.0101,0.0102,0.0205,c7c6,c7c6,c7c6,c7c6,33.0,0.0205,0.0071,False
r2q1rk1/3p2pp/ppp1p3/n3Pp2/P2P4/2PB3P/2P1QPP1/R4RK1 b - - 1 16,32,stS86adT,b6b5,-100,22,b6b5,0.4998,0.538,0.5592,0.5372,b6b5,b6b5,b6b5,b6b5,0.0,0.5592,0.0374,False
r2q1rk1/3p2pp/2p1p3/np2Pp2/2PP4/3B3P/2P1QPP1/R4RK1 b - - 0 18,36,stS86adT,b5c4,21,6,a5c4,0.6419,0.6725,0.6872,0.6455,b5c4,b5c4,b5c4,b5c4,0.0,0.6872,0.0036,False
r4rk1/3p2pp/1qp1p3/1p2Pp2/3P4/3B3P/2P1QPP1/R4RK1 b - - 2 20,40,stS86adT,b6d4,-281,13,b6d4,0.5624,0.6893,0.7935,0.8136,b6d4,b6d4,b6d4,b6d4,0.0,0.8136,0.2512,False
r5k1/3p2pp/2p1p3/1p2Pp2/3q4/3B3P/2P1QPP1/3R2K1 b - - 1 22,44,stS86adT,d4c5,-267,7,a8a1,0.032,0.0628,0.0952,0.1216,a8a1,a8a1,a8a1,a8a1,8.0,0.1216,0.0896,False
6k1/3p2pp/2p1p3/1p2Pp2/8/3B3P/2P1QPPK/q7 b - - 1 24,48,stS86adT,a1c3,-265,6,b5b4,0.0531,0.0651,0.0767,0.0831,a1d4,a1d4,a1d4,a1d4,25.0,0.0831,0.03,False
6k1/3p2pp/2p1p3/4Pp2/1p1q1P2/3B1Q1P/2P3PK/8 b - - 2 26,52,stS86adT,c6c5,-150,46,g7g6,0.535,0.6153,0.6976,0.7111,c6c5,c6c5,c6c5,c6c5,0.0,0.7111,0.1761,False
6k1/3p4/2p1p1p1/4Pp1p/1p1q1P1P/3B2Q1/2P3PK/8 b - - 1 28,56,stS86adT,g8g7,-204,20,g8h7,0.5919,0.6413,0.6508,0.5839,g8g7,g8g7,g8g7,g8g7,0.0,0.6508,-0.008,False
7k/3p4/2p1pQp1/4Pp1p/1p1q1P1P/3B4/2P3PK/8 b - - 5 30,60,stS86adT,h8h7,-302,265,h8h7,0.78,0.8064,0.8249,0.8243,h8h7,h8h7,h8h7,h8h7,0.0,0.8249,0.0443,False
8/3p1Q2/2p1p1pk/4Pp1p/1p1q1P1P/3B2P1/2P4K/8 b - - 0 32,64,stS86adT,d4f2,0,427,d4f2,0.6959,0.7295,0.7489,0.7251,d4f2,d4f2,d4f2,d4f2,0.0,0.7489,0.0292,False
5Q2/3p4/2p1p1pk/4Pp1p/1p3P1P/3B2PK/2P5/6q1 b - - 4 34,68,stS86adT,h6h7,0,0,h6h7,1.0,1.0,1.0,1.0,h6h7,h6h7,h6h7,h6h7,0.0,1.0,0.0,False
rnbq1rk1/pp3ppp/2pb1p2/8/3P4/3B1N2/PPP2PPP/R1BQ1RK1 b - - 5 8,16,XUYNlcpO,c8g4,-21,6,f8e8,0.2212,0.3386,0.4421,0.5136,f8e8,f8e8,c8g4,c8g4,0.0,0.5136,0.2924,False
r1bqr1k1/pp1n1ppp/2pb1p2/8/2PP4/3B1N1P/PP3PP1/R1BQ1RK1 b - - 0 10,20,XUYNlcpO,d7f8,-39,6,d7f8,0.7318,0.8337,0.9231,0.975,d7f8,d7f8,d7f8,d7f8,0.0,0.975,0.2432,False
r1bqr1k1/pp3ppp/2pb1pB1/8/2PP4/4BN1P/PP3PP1/R2Q1RK1 b - - 0 12,24,XUYNlcpO,h7g6,27,7,h7g6,0.2922,0.3146,0.5809,0.9584,f7g6,f7g6,h7g6,h7g6,0.0,0.9584,0.6662,False
r1bqr1k1/1p3pp1/2pb1pp1/p7/2PP4/PQ2BN1P/1P3PP1/R4RK1 b - - 1 14,28,XUYNlcpO,c8e6,125,13,f6f5,0.2114,0.1893,0.154,0.1041,c8e6,c8e6,a5a4,a5a4,0.0,0.2114,-0.1073,False
r1bqr1k1/1p3pp1/2pb2p1/p1P3N1/3P1p2/PQ2B2P/1P3PP1/R4RK1 b - - 0 16,32,XUYNlcpO,d8g5,476,467,d8g5,0.3584,0.426,0.4773,0.4846,d8g5,d8g5,d8g5,d8g5,0.0,0.4846,0.1262,False
r1b1r1k1/1p3pp1/2pP2p1/p5q1/3P4/PQ2p2P/1P3PP1/4RRK1 b - - 1 18,36,XUYNlcpO,c8h3,765,99,e3f2,0.582,0.6346,0.593,0.5982,c8h3,c8h3,c8h3,c8h3,0.0,0.6346,0.0162,False
r1b1r1k1/1p3pp1/2pP2p1/p7/3P4/PQ5P/1P1q2P1/4RRK1 b - - 2 20,40,XUYNlcpO,c8f5,464,42,d2d4,0.0029,0.0019,0.0016,0.0018,e8e1,e8e1,e8e1,e8e1,-237.0,0.0029,-0.0011,False
r3r1k1/1Q3pp1/2pPb1p1/p7/3q4/P6P/1P4P1/4RR1K b - - 0 22,44,XUYNlcpO,d4d6,526,92,d4d6,0.9044,0.933,0.9411,0.9306,d4d6,d4d6,d4d6,d4d6,0.0,0.9411,0.0262,False
r3r1k1/1Q3Rp1/2pq2p1/p2b4/8/P6P/1P4P1/3R3K b - - 0 24,48,XUYNlcpO,d6e5,557,63,e8e1,0.0924,0.0982,0.1167,0.1427,d5f7,d5f7,d5f7,d5f7,831.0,0.1427,0.0503,False
Q5k1/5bp1/2pq2p1/p7/8/P6P/1P4P1/4R2K b - - 0 26,52,XUYNlcpO,g8h7,-436,61,g8h7,0.9655,0.9776,0.9869,0.9904,g8h7,g8h7,g8h7,g8h7,0.0,0.9904,0.0249,False
8/5bpk/2p3p1/8/8/P1Q3qP/1P4P1/4R2K b - - 2 28,56,XUYNlcpO,g3h4,-506,7,g3f2,0.0697,0.0759,0.0892,0.104,f7d5,f7d5,f7d5,g3d6,6.0,0.104,0.0343,False
8/6pk/2p3p1/3b4/1P6/P1Q4P/5qP1/6RK b - - 2 30,60,XUYNlcpO,f2f4,-434,30,f2f5,0.0603,0.0817,0.0869,0.0752,g6g5,g6g5,g6g5,g6g5,29.0,0.0869,0.0149,False
8/6pk/2p5/P2b1qp1/1P6/2Q4P/6P1/6RK b - - 0 32,64,XUYNlcpO,f5f4,-417,22,g5g4,0.023,0.0214,0.0203,0.0199,g5g4,g5g4,g5g4,g5g4,36.0,0.023,-0.0031,False
8/6pk/2p5/P2b4/1P4q1/2Q5/6PK/6R1 b - - 1 34,68,XUYNlcpO,h7g8,-398,120,h7g8,0.0072,0.0064,0.0092,0.0188,g4h4,g4h4,g4h4,g4h4,216.0,0.0188,0.0116,True
r1bq1rk1/pppnb1pp/4pn2/3p1p2/2PP1B2/2N1PN1P/PP3PP1/2RQKB1R b K - 2 8,16,Hkk7cbBb,e7d6,-111,2,c7c5,0.0123,0.0072,0.0051,0.0046,c7c6,c7c6,c7c6,c7c6,8.0,0.0123,-0.0077,False
r1bq1rk1/pp1nb1pp/4pn2/3p1p2/2PP1B2/1PN2N1P/P4PP1/2RQKB1R b K - 0 10,20,Hkk7cbBb,f6e4,50,5,f6e4,0.242,0.3354,0.4064,0.4024,f6e4,f6e4,f6e4,f6e4,0.0,0.4064,0.1604,False
r1bq1rk1/pp1nb2p/4p3/3p1pp1/2PPn3/1PNB1N1P/P4PPB/2RQK2R b K - 1 12,24,Hkk7cbBb,e7b4,105,33,g5g4,0.1556,0.1845,0.2633,0.3935,g5g4,g5g4,e7b4,e7b4,0.0,0.3935,0.2379,False
r1bq1rk1/pp1n3p/4pb2/3p1p2/2PPB1p1/1PN4P/P2N1PPB/2RQK2R b K - 0 14,28,Hkk7cbBb,d5e4,-124,97,d5e4,0.6511,0.6899,0.7388,0.7783,d5e4,d5e4,d5e4,d5e4,0.0,0.7783,0.1272,False
r1bq1rk1/pp1n3p/4pb2/5p2/2PPp3/1PN4P/P4P1B/2RQKN1R b K - 0 16,32,Hkk7cbBb,d7b8,77,22,d7b6,0.0065,0.0058,0.0045,0.0047,e6e5,d7b6,d7b6,g8h8,24.0,0.0065,-0.0018,False
r1bq1rk1/pp5p/1n2p3/5pb1/2PPp3/1P5P/P3NP1B/2RQKNR1 b - - 4 18,36,Hkk7cbBb,g8h8,-161,243,g8h8,0.1771,0.3045,0.405,0.4793,h7h6,h7h6,g8h8,g8h8,0.0,0.4793,0.3022,False
r1bq1r1k/pp5p/1n2p3/6b1/2PPpp2/1P5P/P1RQNP1B/4KNR1 b - - 1 20,40,Hkk7cbBb,e4e3,-136,5,e4e3,0.3167,0.3517,0.3837,0.4317,f4f3,e4e3,e4e3,e4e3,0.0,0.4317,0.115,False
r1bq1r1k/pp5p/1n2p3/4B1b1/2PP4/1P2p2P/P1RQN3/4KNR1 b - - 1 22,44,Hkk7cbBb,g5f6,-268,140,g5f6,0.3107,0.389,0.4601,0.5151,h8g8,h8g8,g5f6,g5f6,0.0,0.5151,0.2044,False
r2q1r1k/pp1b3p/1n2pb2/4B3/2PP1N2/1P2Q2P/P1R5/4KNR1 b - - 2 24,48,Hkk7cbBb,d7e8,-511,127,d8e7,0.0179,0.0174,0.0171,0.017,f6e5,f6e5,f6e5,f6e5,1475.0,0.0179,-0.0009,True
r3br1k/pp2q2p/1n2pN2/4B3/2PP4/1P2Q2P/P1R5/4KNR1 b - - 0 26,52,Hkk7cbBb,f8f6,-1153,822,f8f6,0.5655,0.6454,0.6868,0.7007,f8f6,f8f6,f8f6,f8f6,0.0,0.7007,0.1352,False
r3b2k/pp1nq2p/4pB2/8/2PP1Q2/1P5P/P1R5/4KNR1 b - - 0 28,56,Hkk7cbBb,d7f6,-488,11,e7f6,0.7422,0.7746,0.7593,0.7425,d7f6,d7f6,d7f6,d7f6,0.0,0.7746,0.0003,False
r3b2k/pp1n3p/4p3/8/2PP1R2/1P5P/P7/4KNR1 b - - 0 30,60,Hkk7cbBb,e8g6,-444,4,e8g6,0.4773,0.6726,0.7977,0.8331,e8g6,e8g6,e8g6,e8g6,0.0,0.8331,0.3558,False
r6k/p2n3p/4p1b1/1p6/2PP1R2/1P2N2P/P2K4/6R1 b - - 1 32,64,Hkk7cbBb,e6e5,-455,11,b5c4,0.2001,0.1473,0.1181,0.1227,b5c4,b5c4,b5c4,b5c4,1.0,0.2001,-0.0774,False
1r5k/p2n3p/4p1b1/8/2PP1R2/2K1N2P/P7/6R1 b - - 2 34,68,Hkk7cbBb,d7b6,-423,54,a7a5,0.314,0.391,0.4196,0.3433,e6e5,d7b6,d7b6,d7b6,0.0,0.4196,0.0293,False
r2qkb1r/pp3ppp/2np1n2/3Pp3/4P1b1/2N1BN2/PP3PPP/R2QKB1R b KQkq - 0 8,16,KEezw1Yx,c6b8,-161,44,c6e7,0.0326,0.0751,0.1391,0.3862,c6b4,c6d4,c6e7,c6b8,0.0,0.3862,0.3536,False
r2qkb1r/pp1Bnppp/3p1n2/3Pp3/4P3/2N1BN2/PP3PPP/R2QK2R b KQkq - 0 10,20,KEezw1Yx,d8d7,-133,58,d8d7,0.8917,0.8894,0.8935,0.9193,d8d7,d8d7,d8d7,d8d7,0.0,0.9193,0.0276,False
r3kb1r/1p1qnppp/p2p1n2/3Pp3/4P3/2N1BN2/PP3PPP/2RQ1RK1 b kq - 1 12,24,KEezw1Yx,e7c8,-140,10,g7g6,0.0529,0.0613,0.055,0.05,g7g6,g7g6,e7g6,e7g6,267.0,0.0613,-0.0029,False
r3k2r/1p1qnpbp/p2p1np1/3Pp1B1/4P3/2N2N2/PP1Q1PPP/2R2RK1 b kq - 3 14,28,KEezw1Yx,h7h6,-59,0,e8g8,0.0639,0.0581,0.0617,0.1007,e8g8,e8g8,e8g8,e8g8,19.0,0.1007,0.0368,False
2r2rk1/1p1qnpBp/p2p1np1/3Pp3/4P3/2N2N2/PP1Q1PPP/2R2RK1 b - - 0 16,32,KEezw1Yx,g8g7,-6,370,g8g7,0.9988,0.9995,0.9996,0.9997,g8g7,g8g7,g8g7,g8g7,0.0,0.9997,0.0009,False
5r2/1p1qnpkp/p2p1np1/3Pp1Q1/4P3/2P2N2/P4PPP/2R2RK1 b - - 0 18,36,KEezw1Yx,f6e4,-16,240,f6e4,0.6256,0.7046,0.7584,0.762,f6e4,f6e4,f6e4,f6e4,0.0,0.762,0.1364,False
5r2/1p1qnpkp/p2p1np1/3Pp3/2P4Q/5N2/P4PPP/2R2RK1 b - - 0 20,40,KEezw1Yx,b7b5,43,10,d7f5,0.1573,0.0893,0.0408,0.0181,e7f5,e7f5,e7f5,e7f5,13.0,0.1573,-0.1392,False
1r6/1p2npkp/pR1p1np1/3Ppq2/2P4Q/5N2/P4PPP/5RK1 b - - 4 22,44,KEezw1Yx,e7c8,-46,17,f5d7,0.3422,0.4109,0.4005,0.3882,e7c8,e7c8,e7c8,e7c8,0.0,0.4109,0.046,False
1r6/1p1q1pkp/pR1p1np1/3PpnQ1/2P5/5N2/P4PPP/1R4K1 b - - 8 24,48,KEezw1Yx,d7c7,-24,8,h7h6,0.0975,0.1281,0.1506,0.1441,f6e4,f6e4,f6e4,h7h6,126.0,0.1506,0.0466,False
1r6/1p1q1pk1/pR1p2pp/3Ppn2/2P1n3/5N2/PQ3PPP/1R4K1 b - - 3 26,52,KEezw1Yx,d7e7,-195,38,e4c5,0.0143,0.0106,0.0084,0.0092,e4c5,e4c5,e4c5,e4c5,244.0,0.0143,-0.0051,True
1r6/1p1q1pk1/pR1p2pp/2nP1n2/1QP1p3/8/P4PPP/1R2N1K1 b - - 1 28,56,KEezw1Yx,e4e3,-26,21,g7h7,0.3527,0.3667,0.3947,0.4045,e4e3,f5d4,e4e3,e4e3,0.0,0.4045,0.0518,False
1r6/1p1q1p1k/pR1p2pp/2nP4/1QPnp3/7P/P4PPK/1R2N3 b - - 2 30,60,KEezw1Yx,d7e7,-53,0,d7f5,0.0696,0.0803,0.0911,0.1053,d7f5,d7f5,f7f5,f7f5,234.0,0.1053,0.0357,False
1r6/1p3p1k/pR1p2pp/2nPq3/1QPnp3/7P/PR3PP1/4N2K b - - 6 32,64,KEezw1Yx,d4f5,78,1,e5h5,0.159,0.1964,0.2153,0.2104,e4e3,e4e3,e4e3,e4e3,78.0,0.2153,0.0514,False
1r6/1p3p1k/p2R2pp/3P3q/1QPnp3/3N3P/PR3PP1/7K b - - 0 34,68,KEezw1Yx,e4d3,-335,58,e4d3,0.6348,0.7162,0.7469,0.7128,e4d3,e4d3,e4d3,e4d3,0.0,0.7469,0.078,False
rn1qkb1r/pppb1ppp/5n2/3P4/4P2N/2N5/PPPPQ1PP/R1B1KB1R b KQkq - 0 8,16,3Y7KRrw3,f8e7,-248,1,f8b4,0.0929,0.1372,0.1586,0.1355,d7g4,d7g4,d7g4,f8c5,28.0,0.1586,0.0426,False
rn1qk2r/pppb1ppp/8/3PP3/1b4n1/2N2N2/PPPPQ1PP/R1B1KB1R b KQkq - 2 10,20,3Y7KRrw3,e8g8,-281,122,e8g8,0.4088,0.5678,0.6822,0.7686,e8g8,e8g8,e8g8,e8g8,0.0,0.7686,0.3598,False
rn1q1rk1/pppb1ppp/8/3PP3/4Q1n1/2P2N2/PPP3PP/R1B1KB1R b KQ - 0 12,24,3Y7KRrw3,f8e8,-389,10,f8e8,0.3218,0.3502,0.298,0.2466,f8e8,f8e8,f8e8,f7f5,45.0,0.3502,-0.0752,False
rn1qr1k1/pp1b1ppQ/2p5/3PP3/6n1/2PB1N2/PPP3PP/R1B1K2R b KQ - 0 14,28,3Y7KRrw3,g8f8,-1993,0,g8f8,1.0,1.0,1.0,1.0,g8f8,g8f8,g8f8,g8f8,0.0,1.0,0.0,False
rn1qrk1Q/pp1b2p1/2pP1p2/4P3/6n1/2PB1N2/PPP3PP/R1B1K2R b KQ - 1 16,32,3Y7KRrw3,f8f7,-931,0,f8f7,1.0,1.0,1.0,1.0,f8f7,f8f7,f8f7,f8f7,0.0,1.0,0.0,False
rn1qr2Q/pp1b2p1/2pP1pk1/4P3/6nN/2P5/PPP3PP/R1B1K2R b KQ - 1 18,36,3Y7KRrw3,g6f7,220,0,g6f7,1.0,1.0,1.0,1.0,g6f7,g6f7,g6f7,g6f7,0.0,1.0,0.0,False
rn1qr3/pp1b2p1/2pPkp2/4P3/6QN/2P5/PPP3PP/R1B1K2R b KQ - 0 20,40,3Y7KRrw3,e6f7,-530,73,e6e5,0.457,0.5273,0.5805,0.5932,e6f7,e6f7,e6f7,e6f7,0.0,0.5932,0.1362,False
rn1qr3/pp1b2p1/2pPkp2/8/3Q3N/2P5/PPP3PP/R1B2RK1 b - - 3 22,44,3Y7KRrw3,d8b6,-280,206,e6f7,0.0431,0.05,0.0583,0.0656,e6f7,e6f7,e6f7,e6f7,312.0,0.0656,0.0225,False
rn1q4/pp1b1kp1/2pP1p2/4Q1B1/7N/2P5/PPP3PP/R4RK1 b - - 0 24,48,3Y7KRrw3,d7e8,-817,18,d8b6,0.0037,0.0039,0.0046,0.0045,d8b6,d8b6,d8b6,d7e6,250.0,0.0046,0.0008,True
rn6/pp1b1kp1/1q1P1R2/2p3B1/3Q3N/2P5/PPP3PP/R5K1 b - - 0 26,52,3Y7KRrw3,f7g8,-1995,2,g7f6,0.0794,0.0918,0.1094,0.123,g7f6,g7f6,g7f6,g7f6,2.0,0.123,0.0436,False
rn4k1/pp1b4/1q1P2Q1/2p3B1/7N/2P5/PPP3PP/R5K1 b - - 2 28,56,3Y7KRrw3,g8h8,-1999,0,g8f8,0.1793,0.2378,0.2943,0.3825,g8f8,g8f8,g8f8,g8f8,0.0,0.3825,0.2032,False
r3k1nr/ppp2ppp/2p1bq2/2b5/4P3/5P2/PPPNQ1PP/R1B1KB1R b KQkq - 0 8,16,0dromiBc,e8c8,100,10,e8c8,0.655,0.7396,0.8063,0.8247,e8c8,e8c8,e8c8,e8c8,0.0,0.8247,0.1697,False
2kr2nr/ppp2ppp/2p1b3/2b1P3/7q/5PP1/PPPNQ2P/R1B1KB1R b KQ - 0 10,20,0dromiBc,h4h5,117,59,h4h5,0.0572,0.0608,0.0589,0.0533,h4d4,h4d4,h4d4,h4d4,105.0,0.0608,-0.0039,False
2kr2nr/ppp2ppp/2p5/2b1P2q/2Q2Pb1/6P1/PPPN3P/R1B1KB1R b KQ - 2 12,24,0dromiBc,c5b6,243,66,c5b6,0.2136,0.411,0.5857,0.6513,b7b6,c5b6,c5b6,c5b6,0.0,0.6513,0.4377,False
2kr3r/ppp1nppp/1bp5/4P2q/5Pb1/2Q3P1/PPPN2BP/R1B1K2R b KQ - 6 14,28,0dromiBc,e7d5,611,262,e7d5,0.4825,0.5477,0.5957,0.5829,e7d5,e7d5,e7d5,e7d5,0.0,0.5957,0.1004,False
2kr3r/ppp2ppp/1bB5/4P2q/5Pb1/1Q2n1P1/PPPN3P/R1B1K2R b KQ - 0 16,32,0dromiBc,b7c6,823,165,b7c6,0.8852,0.9181,0.9251,0.9063,b7c6,b7c6,b7c6,b7c6,0.0,0.9251,0.0211,False
2kr3r/p1p2ppp/Qbp5/4P2q/5P2/4n1P1/PPPN3P/R1BbK2R b KQ - 3 18,36,0dromiBc,c8b8,1987,1249,c8b8,0.7329,0.8324,0.8973,0.933,c8b8,c8b8,c8b8,c8b8,0.0,0.933,0.2001,False
1k1r3r/p1p2ppp/Qbp5/4P2q/5P2/6PP/PPnN4/R1Bb1K1R b - - 1 20,40,0dromiBc,d8d2,1989,2,d8d2,0.0277,0.0458,0.0827,0.1397,c2a1,c2a1,c2e3,c2e3,2.0,0.1397,0.112,False
rn2kb1r/pp2pppp/2p2n2/q6b/2BP4/2N2PN1/PPP3PP/R1BQK2R b KQkq - 2 8,16,2nOQZQxM,e7e6,-59,1,h5g6,0.1605,0.1135,0.0879,0.0512,h5g6,h5g6,h5g6,h5g6,34.0,0.1605,-0.1093,False
rn2kb1r/pp3ppp/2p1pnb1/q7/2BP1P2/2N3N1/PPP3PP/R1BQ1RK1 b kq - 0 10,20,2nOQZQxM,f8d6,-96,19,f8e7,0.3039,0.2373,0.1814,0.1268,f8d6,f8d6,f8e7,f8e7,25.0,0.3039,-0.1771,False
rn2k2r/pp2bppp/2p2nb1/q4p2/2BP4/2N3N1/PPP1Q1PP/R1B2RK1 b kq - 1 12,24,2nOQZQxM,a5d8,-126,6,f6e4,0.0611,0.0989,0.0962,0.0833,a5c7,a5c7,a5c7,a5c7,68.0,0.0989,0.0222,False
rn2k2r/pp2bppp/2p3b1/q7/2BPN3/8/PPP1Q1PP/R1B2RK1 b kq - 0 14,28,2nOQZQxM,e8g8,-40,259,e8g8,0.5319,0.671,0.8039,0.8861,e8g8,e8g8,e8g8,e8g8,0.0,0.8861,0.3542,False
r4rk1/pp1nbppp/2p3b1/q7/1PBPN3/2P5/P3Q1PP/R1B2RK1 b - - 0 16,32,2nOQZQxM,a5d8,-13,16,a5d8,0.1606,0.1977,0.1941,0.1366,a5c7,a5c7,a5c7,a5c7,41.0,0.1977,-0.024,False
r2q1rk1/pp2bppp/2p2nb1/8/1PBPN3/2P5/PB2Q1PP/4RRK1 b - - 4 18,36,2nOQZQxM,f6e4,411,86,f6e4,0.5875,0.6641,0.7638,0.8269,f6e4,f6e4,f6e4,f6e4,0.0,0.8269,0.2394,False
r2q2k1/pp2brpp/2p3b1/8/1PQPn3/2P5/PB4PP/4RRK1 b - - 1 20,40,2nOQZQxM,d8d5,655,0,d8d5,0.0636,0.1155,0.2319,0.442,e4d2,e4d2,e4d2,d8d5,0.0,0.442,0.3784,False
r5k1/pp2bRpp/6b1/3p4/1P1Pn3/2P5/PB4PP/4R1K1 b - - 0 22,44,2nOQZQxM,g6f7,679,5,g6f7,0.5499,0.4897,0.407,0.293,g6f7,g8f7,g8f7,g8f7,-15.0,0.5499,-0.2569,False
r1bqk2r/1pp2ppp/pbnp1n2/4p3/1PB1P3/2PP1N1P/P4PP1/RNBQ1RK1 b kq - 0 8,16,wGhEsRRL,e8g8,-27,2,h7h6,0.3841,0.3123,0.247,0.2258,e8g8,e8g8,h7h6,h7h6,6.0,0.3841,-0.1583,False
r1bqk2r/1pp2pp1/pbnp1n1p/8/1PBPP3/5N1P/P4PP1/RNBQ1RK1 b kq - 0 10,20,wGhEsRRL,e8g8,-4,4,c6b4,0.1887,0.362,0.654,0.7126,f6e4,e8g8,e8g8,e8g8,0.0,0.7126,0.5239,False
r1bq3r/1pp2kp1/pb1p1n1p/8/1n1PP3/1Q3N1P/P4PP1/RNB2RK1 b - - 1 12,24,wGhEsRRL,c8e6,177,104,b4d5,0.3577,0.4287,0.4205,0.3858,c8e6,c8e6,c8e6,c8e6,0.0,0.4287,0.0281,False
r1bqr3/1pp2kp1/pb1p1n1p/3P4/3P4/1QN2N1P/P4PP1/R1B2RK1 b - - 2 14,28,wGhEsRRL,d8d7,99,3,c8f5,0.0044,0.004,0.0041,0.0041,f7g8,f7g8,f7g8,f7g8,-13.0,0.0044,-0.0003,False
r2qr1k1/1pp3p1/pb1p1n1p/3P1b2/3P4/1QN2N1P/P2B1PP1/R3R1K1 b - - 6 16,32,wGhEsRRL,d8d7,110,28,d8d7,0.1564,0.2483,0.3709,0.5805,e8e1,d8d7,d8d7,d8d7,0.0,0.5805,0.4241,False
r3r1k1/1ppq2p1/pb1p1n1p/3P4/3PbN2/1Q3N1P/P2B1PP1/R3R1K1 b - - 10 18,36,wGhEsRRL,g7g5,195,17,g7g5,0.0513,0.0416,0.0508,0.0924,e4f3,e4f3,e4f3,e4f3,93.0,0.0924,0.0411,False
r3r1k1/1ppq4/pb1pN2p/3P2p1/3Pn3/1Q3N1P/P2B1PP1/R5K1 b - - 1 20,40,wGhEsRRL,d7b5,204,86,d7f7,0.0192,0.0215,0.0256,0.0307,e4d2,e4d2,e4d2,e4d2,239.0,0.0307,0.0115,True
r3r1k1/1pp2q2/pb1pN2p/3P4/3Pn1pP/1Q3N2/P2B1PPK/R7 b - - 1 22,44,wGhEsRRL,g4f3,327,74,g4f3,0.8473,0.8743,0.8669,0.8377,g4f3,g4f3,g4f3,g4f3,0.0,0.8743,-0.0096,False
r3r1k1/1pp2q2/pb1pN2p/3P4/3P3P/1Q3P2/P2n1P1K/6R1 b - - 1 24,48,wGhEsRRL,g8h8,618,241,g8h8,0.3404,0.3601,0.3689,0.3794,g8h7,g8h7,g8h7,g8h7,264.0,0.3794,0.039,False
r3r2k/1pp2q2/pb1pN2p/3P4/3P3P/4Qn2/P4P2/6RK b - - 1 26,52,wGhEsRRL,f7f6,656,89,f7h5,0.0023,0.0027,0.004,0.007,f3g1,f3g1,f3g1,f3g1,3.0,0.007,0.0047,False
r3r2k/1pp5/pb1pN2p/3P4/3P3q/4QnR1/P4PK1/8 b - - 1 28,56,wGhEsRRL,f3d4,670,63,b6d4,0.3229,0.2694,0.2342,0.215,f3d4,f3d4,f3g5,f3g5,74.0,0.3229,-0.1079,False
r3r2k/1pp5/p2pN2p/3Pb3/7q/5Q1R/P4PK1/8 b - - 2 30,60,wGhEsRRL,e8g8,484,239,e8g8,0.686,0.7407,0.7508,0.7352,e8g8,e8g8,e8g8,e8g8,0.0,0.7508,0.0492,False
r6k/1pp5/p2pN2p/3Pb3/6rR/5Q2/P4P2/7K b - - 0 32,64,wGhEsRRL,g4h4,0,1988,g4h4,0.9837,0.9886,0.9908,0.9908,g4h4,g4h4,g4h4,g4h4,0.0,0.9908,0.0071,False
6rk/1pp5/p2pN2p/3Pb3/7r/5Q2/P4P2/5K2 b - - 3 34,68,wGhEsRRL,h4h2,0,0,h4c4,0.0624,0.0515,0.0398,0.0312,h4g4,h4g4,h4g4,h4g4,0.0,0.0624,-0.0312,False
r1b1kb1r/pp1n1ppp/1qn1p3/2ppP3/3P4/2PB1N2/PP2NPPP/R1BQK2R b KQkq - 4 8,16,Bfl5nYMR,c5d4,-62,50,c5d4,0.4672,0.5514,0.62,0.4906,c5d4,c5d4,c5d4,c5d4,0.0,0.62,0.0234,False
r1b1kb1r/pp1n2pp/1qn1pp2/3pP3/3P4/3B1N2/PP2NPPP/R1BQ1RK1 b kq - 1 10,20,Bfl5nYMR,f6e5,-60,113,f6e5,0.8611,0.8686,0.8513,0.8379,f6e5,f6e5,f6e5,f6e5,0.0,0.8686,-0.0232,False
r1b1kb1r/pp1n2pp/1qn1N3/3p4/3Pp3/3B4/PP2NPPP/R1BQ1RK1 b kq - 0 12,24,Bfl5nYMR,e4d3,246,7,e4d3,0.7626,0.7791,0.7319,0.667,e4d3,e4d3,e4d3,e4d3,0.0,0.7791,-0.0956,False
r1b1kb1r/pp4pp/1qn1Nn2/3p2B1/3P4/3Q4/PP2NPPP/R4RK1 b kq - 2 14,28,Bfl5nYMR,c8e6,382,41,c8e6,0.8896,0.9298,0.9328,0.9156,c8e6,c8e6,c8e6,c8e6,0.0,0.9328,0.026,False
r3kb1r/pp3bpp/1qn2n2/3p2B1/3P1N2/3Q4/PP3PPP/R3R1K1 b kq - 3 16,32,Bfl5nYMR,f6e4,445,50,f8e7,0.1136,0.0908,0.0847,0.09,f8e7,f8e7,f8e7,f8e7,44.0,0.1136,-0.0236,False
r3k2r/pp2bb1p/1qn1Np2/3p4/3P4/3Q4/PP3PPP/R3R1K1 b kq - 1 18,36,Bfl5nYMR,f7e6,544,100,f7e6,0.5194,0.5287,0.4935,0.448,f7e6,f7e6,f7e6,f7e6,0.0,0.5287,-0.0714,False
2kr3r/pp2b2p/1qn1Rp2/3p4/3P4/3Q4/PP3PPP/2R3K1 b - - 2 20,40,Bfl5nYMR,e7d6,581,68,e7d6,0.0203,0.0338,0.0488,0.0552,b6b2,c8b8,c8b8,c8b8,85.0,0.0552,0.0349,False
1k1r3r/pp3R1p/1qnb4/3p4/3P4/3Q4/PP3PPP/2R3K1 b - - 2 22,44,Bfl5nYMR,b6d4,618,2,b6d4,0.2353,0.3216,0.4783,0.6263,b6b2,b6d4,b6d4,b6d4,0.0,0.6263,0.391,False
1k1r3r/pp3R1p/1qnb4/3p4/Q7/8/PP3PPP/2R3K1 b - - 3 24,48,Bfl5nYMR,h8f8,689,1,h8f8,0.1832,0.2236,0.2849,0.3662,b6b2,b6b2,h8f8,h8f8,0.0,0.3662,0.183,False
1k3r2/pp5p/1qnb4/3p4/Q7/8/PP3PPP/5RK1 b - - 1 26,52,Bfl5nYMR,d5d4,697,3,d6c5,0.0423,0.042,0.0437,0.0495,b6b2,b6b2,b6b2,b6b2,3.0,0.0495,0.0072,False
1k6/pp5p/1qn5/2bp4/8/8/PPQ2RPP/6K1 b - - 0 28,56,Bfl5nYMR,c5f2,600,3,c6b4,0.7922,0.7901,0.7337,0.5568,c5f2,c5f2,c5f2,c5f2,0.0,0.7922,-0.2354,False
1k6/pp5p/1q6/3p4/1n6/8/PP3QPP/6K1 b - - 0 30,60,Bfl5nYMR,b8c7,591,10,b6f2,0.0012,0.0006,0.0003,0.0003,b6f2,b6f2,b6f2,b6f2,6.0,0.0012,-0.0009,False
1k6/pp5p/8/3p4/8/4K3/nP4PP/8 b - - 1 32,64,Bfl5nYMR,b8c7,554,3,b8c7,0.3771,0.4573,0.4242,0.4174,a2b4,a2b4,a2b4,a2b4,-1.0,0.4573,0.0403,False
8/pp5p/3k4/3p4/3K2P1/8/nP5P/8 b - - 0 34,68,Bfl5nYMR,a2b4,604,13,a2b4,0.5542,0.6579,0.709,0.695,a2b4,a2b4,a2b4,a2b4,0.0,0.709,0.1408,False
r2qkb1r/p1p2ppp/2p1pn2/5b2/2B5/3P1Q2/PPP2PPP/RNB1K2R b KQkq - 1 8,16,wcfP6j8O,f6d5,-49,9,d8d7,0.0475,0.0786,0.1271,0.1419,f8c5,d8d6,d8d6,d8d7,23.0,0.1419,0.0944,False
r3k2r/p1pq1ppp/2pbpn2/5b2/2B5/2NP1Q2/PPP2PPP/R1B2RK1 b kq - 5 10,20,wcfP6j8O,e8g8,-38,5,e8g8,0.7053,0.6529,0.5866,0.609,e8g8,e8g8,e8g8,e8g8,0.0,0.7053,-0.0963,False
r4rk1/p1pq1ppp/2pbp3/3n1b2/2B1N3/3P1Q1P/PPP2PP1/R1B2RK1 b - - 2 12,24,wcfP6j8O,f5g6,-44,2,f8b8,0.0122,0.0297,0.0778,0.1502,f5e4,f5e4,d6e7,d6e7,1.0,0.1502,0.138,False
rr4k1/p1pq1ppp/2pbp3/5b2/1n2N3/1B1P1Q1P/PPP2PP1/R1B1R1K1 b - - 6 14,28,wcfP6j8O,c6c5,-91,5,a7a5,0.1282,0.0815,0.043,0.0209,a7a5,a7a5,a7a5,a7a5,2.0,0.1282,-0.1073,False
rr4k1/2pq1ppp/2pbp3/5b2/pn2N3/2PP1Q1P/PP3PP1/R1BBR1K1 b - - 1 16,32,wcfP6j8O,b4d3,228,183,b4d3,0.0401,0.0375,0.0388,0.0374,b4d5,b4d5,b4d5,b4d5,247.0,0.0401,-0.0027,True
rr4k1/2pq1ppp/2pbp3/4nb1Q/p3N3/2P4P/PP2RPP1/R1BB2K1 b - - 3 18,36,wcfP6j8O,f5g6,258,18,f5g6,0.1674,0.2833,0.3842,0.4159,f5g6,f5g6,f5g6,f5g6,0.0,0.4159,0.2485,False
r5k1/2pq1ppp/2pNp1b1/1r2n3/p6Q/2P4P/PP2RPP1/R1BB2K1 b - - 0 20,40,wcfP6j8O,b5a5,120,36,c7d6,0.0003,0.0001,0.0,0.0,d7d6,c7d6,c7d6,c7d6,20.0,0.0003,-0.0003,False
r2q2k1/5ppp/2ppp1b1/1r2n3/p6Q/2P4P/PP1RBPP1/R1B3K1 b - - 3 22,44,wcfP6j8O,d8h4,625,164,d8h4,0.4596,0.4693,0.4518,0.4228,d8h4,d8h4,d8h4,d8h4,0.0,0.4693,-0.0368,False
rnb1kb1r/pp2pppp/2pq1n2/8/2BP4/2N2N2/P1P2PPP/1RBQK2R b Kkq - 3 8,16,KMkj8gty,b7b5,25,51,d6c7,0.149,0.0958,0.0545,0.042,c8g4,c8g4,c8g4,c8g4,226.0,0.149,-0.107,False
rn2kb1r/ppq1pppp/2p2n2/8/2BP2b1/2N2N2/P1P2PPP/1RBQR1K1 b kq - 7 10,20,KMkj8gty,e7e6,-74,67,e7e6,0.6413,0.7728,0.8653,0.9141,e7e6,e7e6,e7e6,e7e6,0.0,0.9141,0.2728,False
rn2kb1r/ppq2ppp/2p1pn2/7b/2BP2P1/2N2N1P/P1P2P2/1RBQR1K1 b kq - 0 12,24,KMkj8gty,h5g6,-112,205,h5g6,0.9304,0.9298,0.9537,0.9822,h5g6,h5g6,h5g6,h5g6,0.0,0.9822,0.0518,False
rn2k2r/ppq1bppp/2p1pnb1/4N1P1/2BP4/2N4P/P1P2P2/1RBQR1K1 b kq - 0 14,28,KMkj8gty,f6d5,-74,28,f6d5,0.2522,0.4199,0.618,0.7719,f6d7,f6d5,f6d5,f6d5,0.0,0.7719,0.5197,False
rn2k2r/ppq1bppp/4p1N1/3p2P1/3P4/2N4P/P1P2P2/1RBQR1K1 b kq - 0 16,32,KMkj8gty,h7g6,107,301,h7g6,0.915,0.9565,0.9812,0.9947,h7g6,h7g6,h7g6,h7g6,0.0,0.9947,0.0797,False
r3k2r/ppqnbpp1/4p1p1/3N2P1/3P4/5Q1P/P1P2P2/1RB1R1K1 b kq - 0 18,36,KMkj8gty,c7c6,-64,62,c7c2,0.058,0.0701,0.0826,0.1115,e6d5,e6d5,e6d5,e6d5,104.0,0.1115,0.0535,False
2r1k2r/pR1nNpp1/4p1p1/6P1/3P4/5Q1P/P1q2P2/2B1R1K1 b k - 0 20,40,KMkj8gty,c8c3,-417,72,e8e7,0.0479,0.036,0.0256,0.0224,e8e7,e8e7,e8e7,e8e7,655.0,0.0479,-0.0255,True
rn2k2r/pp1qpp1p/2p3pn/3pPb2/3P4/3B1P1P/PPP1N1P1/RN1QK2R b KQkq - 0 8,16,TNsrzgx8,f5d3,-53,3,e8g8,0.1918,0.1614,0.1276,0.1059,b8a6,b8a6,b8a6,b8a6,301.0,0.1918,-0.0859,False
rn3rk1/pp1qpp1p/2p1b1pn/3pP3/3P2P1/3B1P1P/PPPQN3/RN2K2R b KQ - 2 10,20,TNsrzgx8,g8g7,-256,130,g8g7,0.2816,0.5193,0.6961,0.7425,g8g7,g8g7,g8g7,g8g7,0.0,0.7425,0.4609,False
rn3r2/pp1qp1kp/2p1b1pn/3pPP2/3P4/3B1PNP/PPPQ4/RN2K2R b KQ - 0 12,24,TNsrzgx8,h6f5,-18,72,h6f5,0.7314,0.8359,0.8792,0.8829,h6f5,h6f5,h6f5,h6f5,0.0,0.8829,0.1515,False
rn3r2/pp1qp1kp/2p3p1/3pPb2/3P3P/3B1P2/PPPQ4/RN2K2R b KQ - 0 14,28,TNsrzgx8,f5d3,117,64,f5d3,0.4537,0.4373,0.4045,0.368,f5d3,f5d3,f5d3,f5d3,0.0,0.4537,-0.0857,False
rn3r2/pp2p1kp/2p3p1/3pPq2/3P3P/3Q1P2/PPP1K3/RN5R b - - 2 16,32,TNsrzgx8,c6c5,146,24,f5d3,0.0126,0.0106,0.013,0.0145,f5d3,f5d3,f5d3,f5f4,112.0,0.0145,0.0019,True
r4r2/pp2p1kp/n1p3p1/3pP3/3P3P/P2P1P2/1P2K3/RN5R b - - 0 18,36,TNsrzgx8,a6c7,147,36,f8f4,0.1383,0.1886,0.2149,0.2411,f8f4,f8f4,f8f4,f8f4,27.0,0.2411,0.1028,False
5r2/pp2p1kp/n1p3p1/3pP3/3P1r1P/P2PKP2/1P1N4/R6R b - - 4 20,40,TNsrzgx8,a6c7,235,117,a6c7,0.469,0.627,0.7474,0.8194,a6c7,a6c7,a6c7,a6c7,0.0,0.8194,0.3504,False
5r2/pp2p1kp/2p1n1p1/3pP3/3P1r1P/PN1PKP1R/1P6/R7 b - - 8 22,44,TNsrzgx8,f8f5,232,1,a7a5,0.0584,0.0645,0.0756,0.0963,b7b6,b7b6,b7b6,b7b6,11.0,0.0963,0.0379,False
5r2/4p1kp/1pp1n1p1/p2pP3/P2P1r1P/1N1PKP1R/1P6/2R5 b - - 1 24,48,TNsrzgx8,c6c5,387,87,c6c5,0.1281,0.0921,0.0723,0.0651,e6d8,e6d8,e6d8,e6d8,249.0,0.1281,-0.063,False
5r2/4p1kp/1p2n1p1/p1PpP3/Pr5P/3PKP1R/1P1N4/2R5 b - - 2 26,52,TNsrzgx8,b6c5,446,48,b6c5,0.5165,0.4579,0.4069,0.4446,b6c5,b6c5,e6c5,e6c5,137.0,0.5165,-0.0719,False
5r2/4p1kp/6p1/p1ppP3/Pr3n1P/1P1PKPR1/3N4/2R5 b - - 2 28,56,TNsrzgx8,d5d4,530,106,b4d4,0.3376,0.296,0.2507,0.1637,d5d4,f4e6,f4e6,f4e6,201.0,0.3376,-0.1739,False
5r2/4p1kp/6p1/p1ppP2n/P2r3P/1PRPKP1R/3N4/8 b - - 6 30,60,TNsrzgx8,h5f4,396,80,h5f4,0.4537,0.4713,0.4571,0.4233,h5f4,h5f4,h5f4,h5f4,0.0,0.4713,-0.0304,False
5r2/4p1kp/4n1p1/p1RpP3/P2r3P/1P1PKPR1/3N4/8 b - - 0 32,64,TNsrzgx8,d4d3,45,27,d4d3,0.0075,0.0089,0.0107,0.0167,d4h4,d4h4,d4h4,d4h4,56.0,0.0167,0.0092,False
5r2/4p1kp/6p1/p1npP3/P2K3P/1P3PR1/3N4/8 b - - 1 34,68,TNsrzgx8,c5a6,45,83,c5e6,0.0377,0.0417,0.0443,0.0405,c5e6,c5e6,c5e6,c5e6,83.0,0.0443,0.0028,False
r1bqk2r/ppp1bpp1/2np1n1p/8/2B1PN2/2NP4/PPP3PP/R1BQ1RK1 b kq - 0 8,16,vh8lIHX8,c6a5,-59,48,e8g8,0.0225,0.0396,0.0556,0.0503,e8g8,e8g8,e8g8,e8g8,84.0,0.0556,0.0278,False
r1bqr1k1/ppp1Npp1/2np1n1p/8/2B1P3/2NP4/PPP3PP/R1BQ1RK1 b - - 0 10,20,vh8lIHX8,d8e7,-63,226,d8e7,0.6151,0.6347,0.6305,0.6397,d8e7,d8e7,d8e7,d8e7,0.0,0.6397,0.0246,False
r1b1r1k1/ppp1qpp1/3p1n1p/n2B4/4P3/2NP1Q2/PPP3PP/R1B2RK1 b - - 3 12,24,vh8lIHX8,c7c6,-68,49,f6d5,0.3582,0.5579,0.7007,0.7452,c7c6,c7c6,c7c6,c7c6,0.0,0.7452,0.387,False
r1b1r1k1/pppq1pp1/3p3p/n2N4/4P3/3P1Q2/PPPB2PP/R4RK1 b - - 2 14,28,vh8lIHX8,a5c6,-345,109,a5c6,0.5364,0.6843,0.7735,0.8204,a5c6,a5c6,a5c6,a5c6,0.0,0.8204,0.284,False
r1b1r1k1/pppq1pp1/3p3p/3Nn3/4PQ2/3P4/PPPB1RPP/R5K1 b - - 6 16,32,vh8lIHX8,c7c6,-81,63,e5g6,0.4513,0.5981,0.7097,0.783,c7c6,c7c6,c7c6,c7c6,0.0,0.783,0.3317,False
r1b1r1k1/pp1q1pp1/2pp2np/3N4/4P3/3P2Q1/PPPB1RPP/5RK1 b - - 1 18,36,vh8lIHX8,c6d5,153,422,c6d5,0.8284,0.8732,0.897,0.9061,c6d5,c6d5,c6d5,c6d5,0.0,0.9061,0.0777,False
r1b1r1k1/pp3Rp1/3p2np/3p4/4P3/3P2Q1/PPPB2PP/6K1 b - - 0 20,40,vh8lIHX8,g8f7,140,579,g8f7,0.9812,0.9921,0.9955,0.9971,g8f7,g8f7,g8f7,g8f7,0.0,0.9971,0.0159,False
r1b5/pp3kp1/3p2np/3Pr3/8/2BP2Q1/PPP3PP/6K1 b - - 2 22,44,vh8lIHX8,e5d5,303,200,e5d5,0.5276,0.3991,0.3117,0.3034,e5d5,e5g5,e5g5,e5g5,220.0,0.5276,-0.2242,False
r1b5/pp3kp1/3p2np/5r2/8/2BPQ3/PPP3PP/6K1 b - - 3 24,48,vh8lIHX8,f7g8,331,8,c8e6,0.0343,0.0376,0.029,0.0197,c8e6,c8e6,c8e6,c8e6,-21.0,0.0376,-0.0146,False
r7/pp3kp1/3pb1np/6r1/6P1/2BP1Q2/PPP4P/6K1 b - - 2 26,52,vh8lIHX8,f7g8,439,134,f7g8,0.6162,0.7872,0.8554,0.8428,f7g8,f7g8,f7g8,f7g8,0.0,0.8554,0.2266,False
r5k1/pQ4p1/3pb1np/8/6r1/2BP4/PPP2K1P/8 b - - 1 28,56,vh8lIHX8,a8f8,500,795,a8f8,0.5923,0.658,0.7508,0.7873,a8f8,a8f8,a8f8,a8f8,0.0,0.7873,0.195,False
1Q4k1/p4rp1/3pb1np/8/6r1/2BPK3/PPP4P/8 b - - 5 30,60,vh8lIHX8,g8h7,514,65,g8h7,0.6198,0.7536,0.8599,0.9063,g8h7,g8h7,g8h7,g8h7,0.0,0.9063,0.2865,False
8/p4rpk/3Q2np/8/6r1/1PBPK3/b1P4P/8 b - - 0 32,64,vh8lIHX8,a2b1,518,23,a2b1,0.236,0.3146,0.4052,0.4404,f7e7,a2b1,a2b1,a2b1,0.0,0.4404,0.2044,False
8/p4rpk/3Q2np/8/8/1PBP4/2P3rP/1bK5 b - - 4 34,68,vh8lIHX8,f7f1,770,242,b1c2,0.1349,0.1103,0.0905,0.0879,b1c2,b1c2,b1c2,b1c2,171.0,0.1349,-0.047,False
rnbqkb1r/pp4pp/2p2n2/3p1P2/8/3N4/PPPP1PPP/RNBQK2R b KQkq - 0 8,16,ss7tWtvS,d8e7,574,24,f8d6,0.0356,0.0156,0.0078,0.0056,c8f5,c8f5,c8f5,c8f5,58.0,0.0356,-0.03,False
r1bqk2r/pp1n2pp/2pb1n2/3p1PP1/8/3N4/PPPP1P1P/RNBQK2R b KQkq - 0 10,20,ss7tWtvS,d8e7,563,18,f6e4,0.0887,0.1207,0.1359,0.1581,f6e4,f6e4,f6e4,f6e4,111.0,0.1581,0.0694,False
r1bq1k1r/pp1n2pp/2pb4/3p1PPQ/4n3/3N1P2/PPPP3P/RNB1K2R b KQ - 0 12,24,ss7tWtvS,d8g5,584,44,d8g5,0.0367,0.0339,0.033,0.0398,e4g5,e4g5,e4g5,e4g5,49.0,0.0398,0.0031,False
r1b2k1r/pp1n2pp/2pb4/3p1P2/4n1P1/3N4/PPPP3P/RNB1K2R b KQ - 0 14,28,ss7tWtvS,d7f6,598,20,d7e5,0.3136,0.385,0.4304,0.3953,d7f6,d7f6,d7f6,d7f6,0.0,0.4304,0.0817,False
r1b2k1r/pp4pp/2pb4/3p1P2/4n1P1/3N1n1P/PPPPK3/RNB4R b - - 2 16,32,ss7tWtvS,f3d4,595,17,e4g3,0.7713,0.7757,0.7709,0.7689,f3d4,f3d4,f3d4,f3d4,0.0,0.7757,-0.0024,False
r1b2k1r/pp4pp/2pb4/3p1P2/5NP1/5K1P/PPPP4/RNB4n b - - 1 18,36,ss7tWtvS,h1f2,480,28,d6f4,0.0024,0.0028,0.0036,0.0042,d6f4,d6f4,d6f4,d6f4,41.0,0.0042,0.0018,False
r1b2k1r/pp4pp/2p5/3p1P2/6P1/6KP/PPPP1n2/RNB5 b - - 2 20,40,ss7tWtvS,f2e4,491,50,f2e4,0.8125,0.8946,0.9143,0.9129,f2e4,f2e4,f2e4,f2e4,0.0,0.9143,0.1004,False
r1b2k1r/pp4p1/2p5/3p1P1p/4n1P1/3P3P/PPP4K/RNB5 b - - 0 22,44,ss7tWtvS,h5g4,544,64,e4d6,0.2576,0.3376,0.3964,0.3948,e4f2,h5g4,h5g4,h5g4,0.0,0.3964,0.1372,False
r1b2k1r/pp4p1/2pn4/3p1P2/6P1/3P2K1/PPP5/RNB5 b - - 0 24,48,ss7tWtvS,f8g8,481,22,f8f7,0.0059,0.0042,0.0027,0.0022,h8h1,h8h1,h8h1,h8h1,-13.0,0.0059,-0.0037,False
r1b4r/pp3kp1/2p5/1n1pBP2/6P1/3P2K1/PPP5/RN6 b - - 4 26,52,ss7tWtvS,c8f5,413,59,h8h1,0.0091,0.0064,0.0049,0.0045,h8h1,c8d7,c8d7,c8d7,103.0,0.0091,-0.0046,True
r1b5/pp3kp1/2p5/1n2BP2/P2p2P1/1P1P2K1/2P5/RN5r b - - 0 28,56,ss7tWtvS,b5c3,466,39,b5c3,0.8436,0.9058,0.9404,0.9483,b5c3,b5c3,b5c3,b5c3,0.0,0.9483,0.1047,False
r1b5/pp3kp1/2p5/5P2/P2B2P1/1PNP2K1/2P5/r7 b - - 0 30,60,ss7tWtvS,a1f1,466,12,g7g6,0.023,0.0223,0.0198,0.0212,a1c1,a1c1,a1c1,a1c1,-8.0,0.023,-0.0018,False
r1b5/pp3k2/2p2Pp1/8/P2BN1P1/1P1P2K1/2P5/2r5 b - - 2 32,64,ss7tWtvS,c8g4,380,21,c1c2,0.003,0.002,0.0018,0.0024,c1c2,c1c2,c1c2,c1c2,-44.0,0.003,-0.0006,False
r1b2k2/pp6/2pN1Pp1/6P1/P2B4/1P1P2K1/2r5/8 b - - 0 34,68,ss7tWtvS,c6c5,494,6,c2d2,0.1038,0.1159,0.1557,0.1752,c2d2,c2d2,c2d2,c2d2,3.0,0.1752,0.0714,False
r2qkb1r/pp3ppp/2n1pn2/3p1b2/3P4/2N2NP1/PP2PPBP/R1BQ1RK1 b kq - 1 8,16,SVeKirHi,h7h6,23,7,h7h6,0.0269,0.0394,0.0699,0.1709,f8d6,f8d6,f8d6,f8e7,3.0,0.1709,0.144,False
r3kb1r/ppq2pp1/2n1pn1p/3pNb2/Q2P4/2N3P1/PP2PPBP/R1B2RK1 b kq - 3 10,20,SVeKirHi,f8e7,26,6,f8d6,0.0997,0.1242,0.1064,0.0763,f8d6,f8d6,f8d6,f8d6,235.0,0.1242,-0.0234,False
r4rk1/ppq2pp1/2nbpn1p/1N1pNb2/Q2P1P2/6P1/PP2P1BP/R1B2RK1 b - - 2 12,24,SVeKirHi,c7b8,49,2,c7b8,0.2872,0.3416,0.3916,0.4307,c7b8,c7b8,c7b8,c7b8,0.0,0.4307,0.1435,False
rq3rk1/pp3pp1/2n1pn1p/1N1pPb2/Q2P4/4B1P1/PP2P1BP/R4RK1 b - - 0 14,28,SVeKirHi,f6e4,-3,66,f6e4,0.4396,0.4643,0.4549,0.4219,f6e4,f6e4,f6e4,f6e4,0.0,0.4643,-0.0177,False
rq3rk1/pp4p1/2n1pp1p/1N1pPb2/Q2PB3/4B1P1/PP2P2P/2R2RK1 b - - 0 16,32,SVeKirHi,f5e4,-116,43,f5e4,0.8705,0.928,0.955,0.9623,f5e4,f5e4,f5e4,f5e4,0.0,0.9623,0.0918,False
rq3rk1/pp6/2n1pp1B/1N1p4/Q2Pb3/6P1/PP2P2P/2R2RK1 b - - 0 18,36,SVeKirHi,a7a6,-208,20,f8f7,0.0292,0.0183,0.0159,0.021,f8f7,f8f7,f8f7,f8f7,10.0,0.0292,-0.0082,False
rq4k1/pp5r/2n1pp2/1N1p4/3Pb3/Q3B1P1/PP2P2P/2R2RK1 b - - 4 20,40,SVeKirHi,b8f8,-160,50,g8f7,0.0781,0.0767,0.0653,0.0544,f6f5,f6f5,f6f5,f6f5,65.0,0.0781,-0.0237,False
rq6/pp5r/2n1ppk1/3p4/3PN3/Q3B1P1/PP2P2P/2R2RK1 b - - 0 22,44,SVeKirHi,d5e4,-245,345,d5e4,0.7789,0.8826,0.9419,0.9719,d5e4,d5e4,d5e4,d5e4,0.0,0.9719,0.193,False
r6q/pp5r/2n1ppk1/8/3Pp3/2Q1B1P1/PP2PR1P/2R3K1 b - - 3 24,48,SVeKirHi,c6e7,-194,84,e6e5,0.1115,0.1154,0.1239,0.1363,f6f5,f6f5,f6f5,f6f5,145.0,0.1363,0.0248,False
3r3q/pp5r/2n2pk1/3Pp3/4p3/2Q1B1P1/PP2PR1P/5RK1 b - - 0 26,52,SVeKirHi,c6e7,-427,53,d8d5,0.3639,0.3436,0.3235,0.3114,d8d5,d8d5,d8d5,d8d5,72.0,0.3639,-0.0525,False
8/pp5r/2n2Rk1/3rp3/4p3/2Q1B1P1/PP2P2P/6K1 b - - 0 28,56,SVeKirHi,g6f6,-409,300,g6f6,0.9947,0.998,0.9992,0.9994,g6f6,g6f6,g6f6,g6f6,0.0,0.9994,0.0047,False
8/pp1r4/2n2k2/3rp3/4p3/1Q2B1P1/PP2P1KP/8 b - - 3 30,60,SVeKirHi,c6d4,-336,13,c6d4,0.2298,0.2428,0.2296,0.1868,c6d4,c6d4,c6d4,f6f5,102.0,0.2428,-0.043,False
8/pp1r1k2/8/3rp3/3Bp3/Q5P1/PP2P1KP/8 b - - 0 32,64,SVeKirHi,e5d4,204,485,e5d4,0.402,0.4266,0.4554,0.487,d5d4,d5d4,d5d4,d5d4,499.0,0.487,0.085,False
8/Qp1r1k2/8/3r4/4p3/3P2P1/PP4KP/8 b - - 0 34,68,SVeKirHi,e4d3,383,368,e4d3,0.7783,0.7963,0.8136,0.8205,e4d3,e4d3,e4d3,e4d3,0.0,0.8205,0.0422,False
r1b1kb1r/p3pppp/1qpp1n2/8/2B1P3/2N5/PPP2PPP/R1BQ1RK1 b kq - 1 8,16,3q9nsTyn,g7g6,-32,4,g7g6,0.2418,0.3658,0.4558,0.5551,g7g6,g7g6,g7g6,g7g6,0.0,0.5551,0.3133,False
r1b1k2r/p3ppbp/1qpp1np1/8/2B1PP2/2N5/PPP3PP/R1BQ1R1K b kq - 0 10,20,3q9nsTyn,e8g8,11,6,f6g4,0.4523,0.4376,0.4402,0.4623,e8g8,e8g8,e8g8,e8g8,0.0,0.4623,0.01,False
r3k2r/p3ppbp/1qpp2p1/8/2B1PPb1/2N4P/PPP3P1/R1B2R1K b kq - 0 12,24,3q9nsTyn,g4e6,516,27,g4e6,0.2854,0.2095,0.1667,0.1805,g4d7,g4d7,g4d7,g4d7,45.0,0.2854,-0.1049,False
r3k2r/p3p1bp/1qppp1p1/8/N3PP2/7P/PPP3P1/R1B2R1K b kq - 1 14,28,3q9nsTyn,b6b5,680,19,b6d4,0.5104,0.5393,0.5379,0.5081,b6b5,b6b5,b6b5,b6b5,0.0,0.5393,-0.0023,False
r4rk1/p3p1bp/2ppp1p1/5P2/3qP3/2N4P/PPP3P1/R1B2R1K b - - 0 16,32,3q9nsTyn,e6f5,610,14,e6f5,0.8293,0.9071,0.9334,0.9224,e6f5,e6f5,e6f5,e6f5,0.0,0.9334,0.0931,False
r4rk1/p3p2p/2pp1bp1/5pB1/3qP3/2N4P/PPP3P1/3R1R1K b - - 3 18,36,3q9nsTyn,d4d1,648,60,d4b4,0.0067,0.0066,0.0086,0.015,d4e5,d4e5,d4e5,d4e5,61.0,0.015,0.0083,False
r5k1/p3p2p/2pp1rp1/4Pp2/1q6/2N4P/PPP3P1/3R1R1K b - - 0 20,40,3q9nsTyn,f6e6,632,7,d6e5,0.1117,0.0841,0.0702,0.0763,d6e5,d6e5,d6e5,d6e5,-13.0,0.1117,-0.0354,False
rn1qk1nr/ppp2ppp/8/b2b4/1P1Pp3/P3P3/3NNPPP/R1BQKB1R b KQkq - 0 8,16,oUZOqZG0,a5b6,-165,323,a5b6,0.9954,0.998,0.9983,0.9993,a5b6,a5b6,a5b6,a5b6,0.0,0.9993,0.0039,False
rn1qk1nr/pp3ppp/1bp5/3b4/1P1Pp3/P3P1N1/1B1N1PPP/R2QKB1R b KQkq - 1 10,20,oUZOqZG0,g8f6,-67,60,b6c7,0.518,0.5845,0.6449,0.6448,g8f6,g8f6,g8f6,g8f6,0.0,0.6449,0.1268,False
rn1qk2r/ppb2ppp/2p2n2/3b4/1P1PN3/P2BP1N1/1B3PPP/R2QK2R b KQkq - 2 12,24,oUZOqZG0,f6e4,-137,94,d8e7,0.1628,0.1723,0.1966,0.189,c7g3,c7g3,c7g3,e8g8,133.0,0.1966,0.0262,False
r3k2r/ppbnqppp/2p2n2/3b4/1P1PN3/P2BP1N1/1BQ2PPP/R4RK1 b kq - 6 14,28,oUZOqZG0,f6e4,-192,89,h7h5,0.1923,0.2351,0.2929,0.3188,c7g3,c7g3,f6e4,f6e4,0.0,0.3188,0.1265,False
r3k2r/ppb1qpp1/2p2n2/3b3p/1P1P4/P2BP1N1/1BQ2PPP/R3R1K1 b kq - 1 16,32,oUZOqZG0,c7g3,-186,60,e8c8,0.1001,0.1004,0.0748,0.0434,h5h4,h5h4,h5h4,h5h4,105.0,0.1004,-0.0567,False
2kr3r/ppb1qpp1/2p1bn2/3P3p/1P2P3/P2B2N1/1BQ2PPP/R3R1K1 b - - 0 18,36,oUZOqZG0,h5h4,-160,42,c6d5,0.0284,0.0195,0.0187,0.0195,c6d5,c6d5,c6d5,c6d5,94.0,0.0284,-0.0089,False
2kr3r/ppb1qpB1/4b3/3n3p/1P6/P2B2N1/2Q2PPP/R3R1K1 b - - 0 20,40,oUZOqZG0,h8g8,-198,50,h8g8,0.9201,0.9466,0.9486,0.9231,h8g8,h8g8,h8g8,h8g8,0.0,0.9486,0.003,False
2kr2r1/ppB1qp2/4b3/3n4/1P5p/P2B2N1/2Q2PPP/R3R1K1 b - - 0 22,44,oUZOqZG0,e7c7,-126,162,d5c7,0.3204,0.386,0.4284,0.4367,d5c7,d5c7,d5c7,d5c7,169.0,0.4367,0.1163,False
2kr2r1/ppn2p2/4b3/5Nq1/1P5p/P2B2P1/2Q2P1P/R3R1K1 b - - 0 24,48,oUZOqZG0,d8d3,24,14,d8d3,0.0044,0.0055,0.0076,0.0181,h4g3,h4g3,h4g3,h4g3,3.0,0.0181,0.0137,False
2k3r1/ppn2p2/4b3/5Q2/1P5p/P5P1/5P1P/R3R1K1 b - - 0 26,52,oUZOqZG0,e6f5,39,625,e6f5,0.9935,0.9979,0.9985,0.9987,e6f5,e6f5,e6f5,e6f5,0.0,0.9987,0.0052,False
3k2r1/ppn2R2/8/5b2/1P5p/P5P1/5P1P/R5K1 b - - 0 28,56,oUZOqZG0,f5g6,-170,2,f5h3,0.0915,0.0813,0.0662,0.0522,f5e6,f5e6,f5e6,f5e6,15.0,0.0915,-0.0393,False
2k3r1/ppn2R2/8/8/1P5p/P5Pb/5P1P/2R3K1 b - - 4 30,60,oUZOqZG0,h3d7,-212,315,h3d7,0.099,0.1516,0.1528,0.1393,h4g3,h4g3,h4g3,h4g3,332.0,0.1528,0.0403,False
2k3r1/ppnb1R2/8/8/1P3P2/P5P1/8/2R3K1 b - - 0 32,64,oUZOqZG0,d7c6,-16,5,g8g3,0.0142,0.0289,0.0463,0.0536,g8g3,g8g3,g8g3,g8g3,1.0,0.0536,0.0394,False
2k3r1/ppnb1R2/8/5P2/1P6/P7/5K2/2R5 b - - 0 34,68,oUZOqZG0,d7c6,10,2,d7c6,0.0843,0.1355,0.1834,0.163,g8g5,c8d8,c8d8,c8d8,551.0,0.1834,0.0787,False
rn1qkbnr/pp3ppp/4b3/3p4/3P4/2N1PB2/PP4PP/R1BQK1NR b KQkq - 0 8,16,qtBrAhTe,g8f6,1,1,g8f6,0.2975,0.3455,0.3887,0.4277,f8b4,f8b4,g8f6,g8f6,0.0,0.4277,0.1302,False
rn2kb1r/pp1q1ppp/4bn2/3p4/3P4/1QN1PB2/PP2N1PP/R1B1K2R b KQkq - 4 10,20,qtBrAhTe,b8c6,11,6,b8c6,0.3417,0.3181,0.3417,0.533,b8c6,b8c6,b8c6,b8c6,0.0,0.533,0.1913,False
r3kb1r/p2q1ppp/1pn1bn2/3p4/3P1N2/1QN1PB2/PP1B2PP/R3K2R b KQkq - 1 12,24,qtBrAhTe,f8b4,-42,23,a8d8,0.1592,0.1549,0.1089,0.0539,c6a5,c6a5,c6a5,c6a5,54.0,0.1592,-0.1053,False
3rkb1r/p2q1ppp/1pn1b3/3B4/3P1N2/1Q2P3/PP1B2PP/R3K2R b KQk - 0 14,28,qtBrAhTe,e6d5,375,372,e6d5,0.9095,0.9355,0.942,0.936,e6d5,e6d5,e6d5,e6d5,0.0,0.942,0.0265,False
r1b1kbnr/pp2qppp/8/2p1N3/2PN4/8/PP2PPPP/R1BQKB1R b KQkq - 0 8,16,4X0qke7z,e7e5,-229,36,e7e5,0.6843,0.6872,0.6283,0.5848,e7e5,e7e5,e7e5,e7e5,0.0,0.6872,-0.0995,False
r1b1kbnr/pp3ppp/4q3/2p5/2P5/4PN2/PP3PPP/R1BQKB1R b KQkq - 0 10,20,4X0qke7z,c8d7,-120,1,c8d7,0.1139,0.1785,0.2461,0.3116,g8f6,g8f6,g8f6,g8f6,18.0,0.3116,0.1977,False
2kr1bnr/pp1b1ppp/4q3/2p5/2P5/4PN2/PPQB1PPP/R3KB1R b KQ - 4 12,24,4X0qke7z,f8d6,-129,5,d7c6,0.068,0.061,0.0528,0.0419,g8f6,g8f6,g8f6,d7c6,8.0,0.068,-0.0261,False
2kr1bnr/pp3ppp/4q3/2p5/2P1b3/1Q2PN2/PP1BBPPP/R3K2R b KQ - 8 14,28,4X0qke7z,g8f6,-128,9,f7f6,0.2923,0.3243,0.4063,0.5175,g8f6,g8f6,g8f6,g8f6,0.0,0.5175,0.2252,False
2kr1bnr/pp4pp/4qp2/2p5/2P5/1QBbPN2/PP2BPPP/3RK2R b K - 3 16,32,4X0qke7z,d3e2,-205,90,d3e2,0.6035,0.6775,0.7297,0.738,d3e2,d3e2,d3e2,d3e2,0.0,0.738,0.1345,False
2kr2nr/pp4pp/3bqp2/2p5/2P5/1QBRPN2/PP2KPPP/7R b - - 2 18,36,4X0qke7z,g8e7,-158,18,g8h6,0.4052,0.4743,0.5806,0.643,g8e7,g8e7,g8e7,g8e7,0.0,0.643,0.2378,False
2kr3r/pp3npp/3bqp2/B1p5/2P5/1Q1RPN2/PP2KPPP/3R4 b - - 6 20,40,4X0qke7z,b7b6,-180,43,d8d7,0.526,0.5335,0.5484,0.5502,b7b6,b7b6,b7b6,b7b6,0.0,0.5502,0.0242,False
2kB4/pp1r1npp/3bqp2/2p5/2P5/1Q1RPN2/PP3PPP/3R1K2 b - - 0 22,44,4X0qke7z,f7d8,-443,43,d7d8,0.4825,0.4957,0.4962,0.487,f7d8,f7d8,f7d8,f7d8,0.0,0.4962,0.0045,False
2kr4/pp3npp/3b1p2/2p5/2P1q3/3RPN2/PPQR1PPP/5K2 b - - 3 24,48,4X0qke7z,c8c7,-451,12,g7g5,0.0393,0.0536,0.0707,0.1062,d6h2,d6h2,g7g5,g7g5,30.0,0.1062,0.0669,False
2kr4/pp3n2/3b1p2/2pR2pp/2P1q3/4PN1P/PPQR1PP1/5K2 b - - 1 26,52,4X0qke7z,e4c2,-460,21,e4e6,0.2966,0.2246,0.1324,0.0823,e4e6,e4e6,e4e6,e4e7,21.0,0.2966,-0.2143,False
2kr4/pp3n2/3bqp2/2pR3p/2P3p1/4P2P/PP1R1PP1/3Q1KN1 b - - 1 28,56,4X0qke7z,c8c7,-395,7,f6f5,0.083,0.1292,0.2097,0.3321,g4h3,g4h3,g4h3,c8c7,0.0,0.3321,0.2491,False
2kr4/pp3n2/3b4/2pR1p1p/2P1q1pP/4P3/PP1RNPP1/3Q1K2 b - - 2 30,60,4X0qke7z,d6c7,-434,29,e4c4,0.0134,0.0224,0.0335,0.043,e4c4,e4c4,e4c4,e4c4,44.0,0.043,0.0296,False
2kr4/pp3n2/3b4/2pR1p1p/4q1pP/2N1P3/PP1R1PP1/3Q2K1 b - - 3 32,64,4X0qke7z,e4e6,-446,37,e4b4,0.4987,0.5388,0.5684,0.5753,e4e6,e4e6,e4e6,e4e6,0.0,0.5753,0.0766,False
2kr4/ppb2R2/8/2p4p/1q4pP/2N1P3/PP1R1PP1/3Q2K1 b - - 0 34,68,4X0qke7z,c7h2,-812,13,g4g3,0.0059,0.0047,0.0036,0.0029,d8d2,d8d2,d8d2,d8d2,152.0,0.0059,-0.003,True
r1bqkb1r/1p3ppp/p1n1pn2/2pP4/2B5/P1NP4/1PP1NPPP/R1BQ1RK1 b kq - 0 8,16,dxg83o90,e6d5,-22,53,e6d5,0.9335,0.908,0.8996,0.9409,e6d5,e6d5,e6d5,e6d5,0.0,0.9409,0.0074,False
r1bqk2r/1p2bppp/p1n2n2/2pp4/8/P1NP2N1/BPP2PPP/R1BQ1RK1 b kq - 3 10,20,dxg83o90,h7h5,16,1,e8g8,0.0024,0.0032,0.0034,0.007,e8g8,e8g8,e8g8,e8g8,2.0,0.007,0.0046,False
r1bq1rk1/1p2bpp1/p1n2B1p/2pp4/8/P1NP2N1/BPP2PPP/R2Q1RK1 b - - 0 12,24,dxg83o90,e7f6,34,417,e7f6,0.9873,0.9915,0.993,0.9934,e7f6,e7f6,e7f6,e7f6,0.0,0.9934,0.0061,False
r1bq1rk1/1p3pp1/p1n4p/2pN4/8/P2P2N1/BbP2PPP/1R1Q1RK1 b - - 1 14,28,dxg83o90,b2a3,36,71,b2e5,0.5928,0.642,0.6578,0.6511,b2a3,b2a3,b2a3,b2a3,0.0,0.6578,0.0583,False
rbbq1rk1/1p3pp1/p1n4p/2pN3Q/5P2/P2P2N1/B1P3PP/1R3RK1 b - - 2 16,32,dxg83o90,b7b5,-61,8,b7b5,0.0946,0.1172,0.1408,0.1417,c8e6,c6d4,c6d4,c6d4,196.0,0.1417,0.0471,False
rb1q1rk1/5pp1/p1n1b2p/1pNN3Q/5P2/P2P4/B1P3PP/1R3RK1 b - - 0 18,36,dxg83o90,b8a7,191,228,c6e7,0.2111,0.2378,0.295,0.4149,e6d5,e6d5,b8a7,b8a7,0.0,0.4149,0.2038,False
rb1q1rk1/4N1p1/p3p2p/1p5Q/5P2/P2P4/B1P3PP/1R3RK1 b - - 0 20,40,dxg83o90,d8e7,-187,326,d8e7,0.9805,0.993,0.9973,0.9985,d8e7,d8e7,d8e7,d8e7,0.0,0.9985,0.018,False
rb3r1k/4q1p1/p3B2p/1p3P1Q/8/P2P4/2P3PP/1R3RK1 b - - 0 22,44,dxg83o90,b8e5,-92,13,b8e5,0.0749,0.1148,0.186,0.2617,e7d6,e7d6,e7d6,b8e5,0.0,0.2617,0.1868,False
r4r1k/4q1p1/p3Bb1p/1p3P1Q/3P4/P7/2P3PP/3R1RK1 b - - 0 24,48,dxg83o90,e7a3,-14,53,e7a3,0.294,0.3948,0.4729,0.5123,a8d8,a8d8,e7a3,e7a3,0.0,0.5123,0.2183,False
r4r1k/6p1/p3Bb1p/1p1P1P2/8/2q5/2P1Q1PP/3R1RK1 b - - 2 26,52,dxg83o90,f8d8,-89,7,b5b4,0.0238,0.0284,0.0378,0.0469,f6d4,f6d4,a8d8,a8d8,11.0,0.0469,0.0231,False
r4r1k/6p1/4Bb1p/p2P1P2/1p6/2q2R2/2P1Q1PP/3R3K b - - 1 28,56,dxg83o90,c3b2,-82,7,c3b2,0.1759,0.1498,0.1527,0.1791,c3c5,c3c5,c3c5,c3c5,55.0,0.1791,0.0032,False
r4r1k/6p1/4Bb1p/p2PQP2/1p6/1R6/2P3PP/3R3K b - - 0 30,60,dxg83o90,f6e5,-11,534,f6e5,0.9992,0.9999,1.0,1.0,f6e5,f6e5,f6e5,f6e5,0.0,1.0,0.0008,False
r4r1k/3P2p1/4B2p/p4P2/1p6/1Rb5/2P3PP/3R3K b - - 0 32,64,dxg83o90,a5a4,0,11,a5a4,0.4632,0.4606,0.4493,0.4185,a5a4,a5a4,a5a4,a5a4,0.0,0.4632,-0.0447,False
r4r1k/3P2p1/4B2p/5P2/p6P/2p5/2P3P1/3R3K b - - 0 34,68,dxg83o90,h6h5,0,15,a4a3,0.0167,0.0124,0.0099,0.0116,a4a3,a4a3,a4a3,a4a3,17.0,0.0167,-0.0051,False
r1b1k1nr/pp3ppp/2n1p3/3q4/1b1P4/2N2N2/PP2BPPP/R1BQK2R b KQkq - 3 8,16,IbPB3WTn,d5a5,-55,2,g8f6,0.0486,0.0288,0.0141,0.0062,g8f6,g8f6,g8f6,g8f6,-1.0,0.0486,-0.0424,False
r1b1k2r/pp3ppp/2n1pn2/3q4/3P4/2P2N2/P3BPPP/R1BQ1RK1 b kq - 0 10,20,IbPB3WTn,e8g8,-95,38,e8g8,0.5935,0.6756,0.7274,0.7551,e8g8,e8g8,e8g8,e8g8,0.0,0.7551,0.1616,False
r1b2rk1/p4ppp/1pn1pn2/3q4/3P4/1QP2N2/P3BPPP/R1B1R1K1 b - - 1 12,24,IbPB3WTn,d5b3,-54,23,c8b7,0.3957,0.3064,0.1699,0.0933,d5b3,c8b7,c8b7,c8b7,25.0,0.3957,-0.3024,False
r4rk1/pb3ppp/1pn1pn2/7q/3P4/1QP2N2/P3BPPP/R1B1R1K1 b - - 5 14,28,IbPB3WTn,c6a5,-17,4,c6a5,0.2351,0.2255,0.2242,0.2253,f6g4,c6a5,c6a5,c6a5,0.0,0.2351,-0.0098,False
2r2rk1/pb3ppp/1p2pn2/n3N2q/3P4/2P5/P1Q1BPPP/R1B1R1K1 b - - 9 16,32,IbPB3WTn,h5h4,0,352,h5h4,0.4511,0.471,0.521,0.6182,h5h4,h5h4,h5h4,h5h4,0.0,0.6182,0.1671,False
2rr2k1/pb3ppp/1p2pn2/n3N3/3P3q/2PQ4/P2BBPPP/R3R1K1 b - - 13 18,36,IbPB3WTn,f6e4,49,16,h4e4,0.1732,0.1632,0.1611,0.1602,a5c6,a5c6,a5c6,a5c6,37.0,0.1732,-0.013,False
r1bqk2r/pp1p2pp/2n2p2/2b1p3/2P1P1nB/2N2N2/PP3PPP/R2QKB1R b KQkq - 1 8,16,7jfs0PJ2,d7d6,-13,3,d8b6,0.0795,0.0759,0.0664,0.0651,g7g5,g7g5,g7g5,g7g5,35.0,0.0795,-0.0144,False
r1b1k2r/pp1p2pp/1q3p2/2b1p3/2PNP1nB/2N5/PP1Q1PPP/R3KB1R b KQkq - 0 10,20,7jfs0PJ2,c5d4,-244,97,e5d4,0.742,0.8557,0.895,0.9124,c5d4,c5d4,c5d4,c5d4,0.0,0.9124,0.1704,False
r1b1k2r/pp1p2pp/2q2p2/2bN4/2PpP1nB/7P/PP1Q1PP1/R3KB1R b KQkq - 0 12,24,7jfs0PJ2,g4e5,-306,41,g4e5,0.7985,0.8504,0.8842,0.9119,g4e5,g4e5,g4e5,g4e5,0.0,0.9119,0.1134,False
r1b1k2r/pp1pN1pp/2q2p2/4n3/1PPpP2B/7P/P2Q1PP1/R3KB1R b KQkq - 0 14,28,7jfs0PJ2,c6e4,-44,210,e8e7,0.1342,0.109,0.0875,0.0808,e8e7,e8e7,e8e7,e8e7,225.0,0.1342,-0.0534,False
r1b4r/pp2k1pp/2qp1p2/4n3/1PPQP2B/7P/P3BPP1/R3K2R b KQ - 1 16,32,7jfs0PJ2,g7g5,-205,16,c8e6,0.173,0.1045,0.0604,0.0302,c8e6,c8e6,c8e6,c8e6,35.0,0.173,-0.1428,False
r6r/pp3kpp/2qpbp2/4n3/1PPQP2B/7P/P3BPP1/2R2RK1 b - - 5 18,36,7jfs0PJ2,c6b6,-380,8,h8c8,0.0105,0.0102,0.0097,0.0103,c6a4,h8d8,h8d8,h8d8,-10.0,0.0105,-0.0002,False
r1r5/pp3kpp/2qpbp2/4P3/1PnQ1P1B/7P/P3B1P1/2R2RK1 b - - 0 20,40,7jfs0PJ2,d6e5,-181,19,c6b6,0.4875,0.488,0.4846,0.4867,d6e5,d6e5,d6e5,d6e5,0.0,0.488,-0.0008,False
r1r5/1p3kpp/1p1pbp2/4PP2/1Pn4B/7P/P3B1P1/2R2RK1 b - - 0 22,44,7jfs0PJ2,e6d5,-102,287,e6d5,0.5173,0.6015,0.6516,0.6801,e6d5,e6d5,e6d5,e6d5,0.0,0.6801,0.1628,False
r1r5/1p2k1pp/1p1pPp2/3b1P2/1Pn4B/7P/P3B1P1/2RR2K1 b - - 2 24,48,7jfs0PJ2,c4e3,17,218,a8a2,0.7778,0.8256,0.8495,0.8487,c4e3,c4e3,c4e3,c4e3,0.0,0.8495,0.0709,False
2r5/1p2k1pp/1p1pPp2/3b1P2/1Pn4B/7P/3R2P1/2R2BK1 b - - 0 26,52,7jfs0PJ2,c4d2,-635,1,d5g2,0.4844,0.4353,0.4183,0.3971,c4d2,c4d2,c4d2,c4d2,0.0,0.4844,-0.0873,False
r2qk2r/pb1pbppp/1pn1pn2/2p5/4P3/3P1NP1/PPPN1PBP/R1BQR1K1 b kq - 4 8,16,ZQiinlSb,d7d6,-12,4,e8g8,0.0581,0.0952,0.1501,0.2603,e8g8,e8g8,e8g8,e8g8,9.0,0.2603,0.2022,False
r2q1rk1/pb2bppp/1pn1pn2/2pp4/4P3/2PP1NP1/PPQN1PBP/R1B1R1K1 b - - 1 10,20,ZQiinlSb,h7h6,18,5,a8c8,0.0273,0.0172,0.019,0.0422,d5e4,d5e4,d5e4,d5e4,43.0,0.0422,0.0149,False
2rq1rk1/1b2bppp/1pn1pn2/p1pp4/4P3/PPPP1NP1/2QN1PBP/R1B1R1K1 b - - 0 12,24,ZQiinlSb,c8c7,26,1,d8c7,0.0079,0.0045,0.0026,0.0018,d5d4,d5e4,d5e4,d5e4,62.0,0.0079,-0.0061,False
2r2rk1/1bq1bppp/1pn1pn2/p1p5/P1NpP3/1PPP1NP1/2Q2PBP/R1B1R1K1 b - - 1 14,28,ZQiinlSb,f6d7,6,14,d4c3,0.0226,0.0336,0.0453,0.0622,d4c3,d4c3,d4c3,d4c3,28.0,0.0622,0.0396,False
2rq1rk1/1b2bppp/1pn1pn2/p1p5/P1N1PB2/1PpP1NP1/2Q2PBP/3RR1K1 b - - 3 16,32,ZQiinlSb,f6d7,-26,6,c6d4,0.0123,0.0138,0.014,0.0169,c6d4,c6d4,c6d4,c6d4,9.0,0.0169,0.0046,False
2rq1rk1/1b2bpp1/1p2pn1p/p1p5/P1NnPB2/1P1P1NP1/1Q3PBP/3RR1K1 b - - 1 18,36,ZQiinlSb,b7a6,-46,17,g7g5,0.1254,0.1552,0.1657,0.1607,d4f3,d4f3,d4f3,d4f3,32.0,0.1657,0.0353,False
2rq1rk1/1b2bp2/1p2p2p/p1p3p1/P1NBP1n1/1P1P1NP1/1Q3PBP/3RR1K1 b - - 0 20,40,ZQiinlSb,c5d4,-201,211,c5d4,0.9962,0.9978,0.9982,0.9979,c5d4,c5d4,c5d4,c5d4,0.0,0.9982,0.0017,False
2rq1rk1/1b2bp2/1p2p3/p5pp/P1NpP1B1/1P1P1NP1/1Q3P1P/3RR1K1 b - - 0 22,44,ZQiinlSb,h5g4,-49,161,h5g4,0.9973,0.9989,0.9994,0.9995,h5g4,h5g4,h5g4,h5g4,0.0,0.9995,0.0022,False
2rq1rk1/1b3p2/1p2pb2/p3P1p1/P1NN2p1/1P1P2P1/1Q3P1P/3RR1K1 b - - 0 24,48,ZQiinlSb,f6e7,-65,137,f6e7,0.281,0.2503,0.2066,0.1548,f6g7,f6g7,f6g7,d8d5,126.0,0.281,-0.1262,False
2rq1rk1/1b3p2/1p2p3/p1b1P1p1/P5p1/1P1PN1P1/1QN2P1P/3RR1K1 b - - 4 26,52,ZQiinlSb,g8g7,46,54,g8g7,0.0362,0.0464,0.0459,0.0354,b7f3,b7f3,b7f3,b7f3,166.0,0.0464,-0.0008,True
2rq1r2/1b2bpk1/1p2p3/p3P1p1/P2P2N1/1P4P1/1QN2P1P/3RR1K1 b - - 0 28,56,ZQiinlSb,c8c2,357,14,d8d5,0.0057,0.0042,0.004,0.0052,d8d5,d8d5,d8d5,d8d5,-13.0,0.0057,-0.0005,False
2r2r2/1b2bpk1/1p2p3/p2PP1p1/P3q1N1/1P4P1/1QN2P1P/3R2K1 b - - 0 30,60,ZQiinlSb,c8c2,678,43,b7d5,0.2843,0.3151,0.3598,0.46,c8c2,c8c2,c8c2,c8c2,0.0,0.46,0.1757,False
2r2r2/4bpk1/1p2p3/p2qP1p1/P5N1/1P2N1P1/1Q3P1P/6K1 b - - 1 32,64,ZQiinlSb,d5f3,497,7,d5e4,0.2308,0.2194,0.2139,0.2164,d5f3,d5f3,d5f3,d5d3,-56.0,0.2308,-0.0144,False
2rr4/4bpk1/1p2p3/p3P1p1/P3q1N1/1P2N1PP/1Q3P1K/8 b - - 2 34,68,ZQiinlSb,d8h8,725,49,e7b4,0.0806,0.0801,0.0598,0.0343,e4d4,e4d4,e4d4,e4d4,217.0,0.0806,-0.0463,False
rnb1k2r/pppp1ppp/4p3/8/3P3q/3B4/PPP3PP/RN1Q1KNR b kq - 2 8,16,WfaSyiJE,h4d4,-91,154,h4d4,0.6728,0.7923,0.8419,0.8957,h4d4,h4d4,h4d4,h4d4,0.0,0.8957,0.2229,False
r1b1k2r/pppp1ppp/2n1p3/8/3q4/2NB1N2/PPP3PP/R2Q1K1R b kq - 3 10,20,WfaSyiJE,d4b4,-89,13,d4f6,0.1068,0.1189,0.1458,0.1949,d4f6,d4f6,d4f6,d4f6,40.0,0.1949,0.0881,False
r1b1k2r/pppp1ppp/2n1p3/8/4Nq2/3B1N2/PPPQ2PP/R4K1R b kq - 7 12,24,WfaSyiJE,f4d2,-23,179,f4d2,0.5014,0.5016,0.4252,0.3803,f4d2,f4d2,f4d2,f4g4,173.0,0.5016,-0.1211,False
r1b1k2r/ppp2ppp/2n1p3/2Np4/8/3B4/PPPN2PP/R4K1R b kq - 1 14,28,WfaSyiJE,e8e7,-23,12,e8g8,0.0017,0.0027,0.0074,0.0343,b7b6,b7b6,b7b6,b7b6,102.0,0.0343,0.0326,True
r1b2rk1/p1p2ppp/1pn1p3/3p4/7P/1N1B4/PPPN2P1/R4K1R b - - 1 16,32,WfaSyiJE,a7a5,13,2,c6e5,0.1126,0.1457,0.176,0.1945,c8b7,c8b7,c8b7,e6e5,-17.0,0.1945,0.0819,False
r1b2rk1/p4ppp/1pp1p3/3pn3/7P/1N6/PPPNB1P1/R4K1R b - - 1 18,36,WfaSyiJE,e5g6,-26,5,a7a6,0.0356,0.0388,0.0314,0.0189,c6c5,c6c5,c6c5,c6c5,13.0,0.0388,-0.0167,False
r1b2rk1/5ppp/ppN1p3/2ppn3/7P/8/PPPNB1P1/R4K1R b - - 1 20,40,WfaSyiJE,e5c6,486,587,e5c6,0.9827,0.9896,0.9932,0.9949,e5c6,e5c6,e5c6,e5c6,0.0,0.9949,0.0122,False
r1b2rk1/5ppp/p1n1p3/1ppp4/7P/2P5/PP1NBKP1/R6R b - - 0 22,44,WfaSyiJE,c8d7,449,3,e6e5,0.0163,0.0161,0.0146,0.0158,c5c4,c5c4,c8b7,e6e5,55.0,0.0163,-0.0005,False
r4rk1/1b3ppp/p1n5/1Pppp3/7P/2P5/1P1NBKP1/R6R b - - 0 24,48,WfaSyiJE,a6b5,323,280,a6b5,0.9269,0.9533,0.9683,0.9672,a6b5,a6b5,a6b5,a6b5,0.0,0.9683,0.0403,False
5rk1/1b3ppp/2n5/1Bppp3/7P/2P5/1P1N1KP1/R7 b - - 0 26,52,WfaSyiJE,f8a8,319,34,f8a8,0.0599,0.0891,0.1287,0.1593,d5d4,d5d4,d5d4,f7f5,282.0,0.1593,0.0994,False
r3kbnr/pp2pppp/2n5/q7/3P2b1/2N1BN2/PP3PPP/R2QKB1R b KQkq - 5 8,16,vQRu5aCE,e7e6,-17,26,e8c8,0.252,0.387,0.4485,0.6055,e7e6,e7e6,e7e6,e7e6,0.0,0.6055,0.3535,False
1k1r1bnr/pp2pppp/2n5/q7/3P2b1/2N1BN2/PP2BPPP/R2Q1RK1 b - - 9 10,20,vQRu5aCE,e7e6,-190,22,g8f6,0.1737,0.2787,0.4144,0.61,e7e5,e7e6,e7e6,e7e6,0.0,0.61,0.4363,False
1k1r1b1r/pp3ppp/2n1pn2/q7/3P2b1/1QN1BN2/PP2BPPP/R2R2K1 b - - 1 12,24,vQRu5aCE,a5b6,-94,9,f6d5,0.0132,0.0115,0.0075,0.0029,f8b4,f8b4,f8b4,f8d6,19.0,0.0132,-0.0103,False
1k1r1b1r/pp3ppp/2n1p3/3Q4/3P2b1/4BN2/PP2BPPP/R2R2K1 b - - 0 14,28,vQRu5aCE,e6d5,-41,32,e6d5,0.1716,0.129,0.1183,0.1216,d8d5,d8d5,d8d5,d8d5,32.0,0.1716,-0.05,False
1k1r3r/pp3ppp/2nb4/3p4/1P1P2b1/P3BN2/4BPPP/R2R2K1 b - - 0 16,32,vQRu5aCE,f7f6,32,16,f7f5,0.0289,0.0399,0.0604,0.1005,h8e8,h8e8,h8e8,h8e8,29.0,0.1005,0.0716,False
1k1r3r/pp4pp/2nb4/1P1p1p1b/3P4/P3BN1P/4BPP1/R2R2K1 b - - 0 18,36,vQRu5aCE,c6a5,0,12,c6e7,0.6441,0.593,0.5788,0.6449,c6a5,c6a5,c6a5,c6a5,0.0,0.6449,0.0008,False
1k1rr3/pp2n1pp/3b4/1P1p1pBb/3P4/P2B1N1P/5PP1/R2R2K1 b - - 4 20,40,vQRu5aCE,h7h6,10,2,h5f7,0.5412,0.5949,0.6097,0.5381,h7h6,h7h6,h7h6,h7h6,0.0,0.6097,-0.0031,False
1k1r4/pp2rbpp/3b4/1P1p1B2/3P4/P4N1P/5PP1/R2R2K1 b - - 0 22,44,vQRu5aCE,d8f8,-23,4,d6f4,0.0121,0.0125,0.013,0.0126,g7g6,g7g6,g7g6,g7g6,22.0,0.013,0.0005,False
1k1r4/pp2rbpp/3b4/1P1p1B2/P2P4/5NPP/5P2/R2R2K1 b - - 0 24,48,vQRu5aCE,d8f8,-52,70,d8e8,0.035,0.0399,0.0432,0.0447,g7g6,g7g6,g7g6,g7g6,59.0,0.0447,0.0097,False
1k2r3/pp3bpp/3b4/1P1p1B2/P2P4/5NPP/5P2/4R1K1 b - - 0 26,52,vQRu5aCE,e8e1,-20,27,e8e1,0.7382,0.7571,0.731,0.7195,e8e1,e8e1,e8e1,e8e1,0.0,0.7571,-0.0187,False
8/ppk2bpp/3b4/1P1p1B2/P2P4/3N2PP/5P2/6K1 b - - 2 28,56,vQRu5aCE,c7b6,-9,1,c7b6,0.1553,0.1206,0.0986,0.111,g7g6,g7g6,g7g6,g7g6,19.0,0.1553,-0.0443,False
8/pp4pB/1k1b4/1P1pN2b/P2P4/6PP/5P2/6K1 b - - 0 30,60,vQRu5aCE,h5d1,37,45,h5d1,0.1473,0.1359,0.1445,0.1801,b6a5,b6a5,b6a5,b6a5,39.0,0.1801,0.0328,False
8/pp4p1/1k1b4/1P1BN3/b2P4/6PP/5P2/6K1 b - - 0 32,64,vQRu5aCE,b6b5,32,18,a4b5,0.09,0.0654,0.053,0.0574,a4b5,a4b5,a4b5,a4b5,36.0,0.09,-0.0326,False
8/ppk3p1/3N4/1b1B4/3P4/6PP/5P2/6K1 b - - 0 34,68,vQRu5aCE,c7d6,243,590,c7d6,0.9428,0.9576,0.9613,0.9511,c7d6,c7d6,c7d6,c7d6,0.0,0.9613,0.0083,False
r1bqkb1r/p3pppp/5n2/1p1pP3/2p5/2P1P3/PP2BPPP/RNBQK2R b KQkq - 0 8,16,1ke2xuys,f6e4,-29,84,f6d7,0.7463,0.6524,0.5256,0.4367,f6e4,f6e4,f6e4,f6d7,86.0,0.7463,-0.3096,False
r1bqkb1r/p3pppp/8/1pnpP3/2p2P2/2P1P3/PP1NB1PP/R1BQK2R b KQkq - 2 10,20,1ke2xuys,c8f5,78,20,h7h6,0.2963,0.4085,0.5171,0.5931,e7e6,c8f5,c8f5,c8f5,0.0,0.5931,0.2968,False
r2qkb1r/p3ppp1/7p/1pnpPb2/1Pp2P2/2P1P3/P2NB1PP/R1BQ1RK1 b kq b3 0 12,24,1ke2xuys,c5a4,193,193,c5d3,0.1326,0.1076,0.0916,0.1158,c5e4,c5d3,c5d3,c5d3,250.0,0.1326,-0.0168,False
r2qkb1r/p3ppp1/7p/1p1pP3/1Pp2P2/2PbP3/P2N2PP/R1BQR1K1 b kq - 1 14,28,1ke2xuys,a7a5,144,6,e7e6,0.0604,0.0526,0.0492,0.0651,e7e6,e7e6,e7e6,e7e6,4.0,0.0651,0.0047,False
r2qkb1r/5pp1/4p2p/pp1pP3/1Pp2P2/2PbPN2/P2B2PP/R2QR1K1 b kq - 1 16,32,1ke2xuys,a5b4,149,40,a5b4,0.5458,0.5168,0.5069,0.4894,a5b4,a5b4,a5b4,a5b4,0.0,0.5458,-0.0564,False
r2qk2r/4bpp1/4p2p/1p1pP3/1PpN1P2/3bP3/P2B2PP/R2QR1K1 b kq - 2 18,36,1ke2xuys,d8d7,193,48,d8b6,0.1262,0.1486,0.1554,0.137,d8b6,d8b6,d8b6,d8b6,55.0,0.1554,0.0108,False
4k2r/4bpp1/1q2p2p/1p1pP3/RPpN1P2/3bP3/3B2PP/3QR1K1 b k - 0 20,40,1ke2xuys,b5a4,-352,4,b5a4,0.9661,0.9871,0.9958,0.9984,b5a4,b5a4,b5a4,b5a4,0.0,0.9984,0.0323,False
Q4k1r/4bpp1/1q2p2p/3pP3/1PpN1P2/3bP3/3B2PP/4R1K1 b - - 2 22,44,1ke2xuys,e7d8,-392,44,b6d8,0.8094,0.8444,0.8887,0.9217,e7d8,e7d8,e7d8,e7d8,0.0,0.9217,0.1123,False
3Q1k1r/4bp2/4p1pp/3pP3/1PpN1P2/3bP3/3B2PP/R5K1 b - - 0 24,48,1ke2xuys,e7d8,-140,1854,e7d8,0.9918,0.9956,0.997,0.9974,e7d8,e7d8,e7d8,e7d8,0.0,0.9974,0.0056,False
R2b3r/5pk1/2N1p1pp/3pP3/1Pp2P2/3bP3/3B2PP/6K1 b - - 3 26,52,1ke2xuys,d8b6,8,4,d8c7,0.4265,0.5086,0.5927,0.6091,d8b6,d8b6,d8b6,d8b6,0.0,0.6091,0.1826,False
7k/2b2p2/2N1p1pp/3pP3/1Pp2P2/2BbP3/6PP/6K1 b - - 1 28,56,1ke2xuys,h8g7,0,5,h8g8,0.2324,0.3168,0.3761,0.4223,c7b6,c7b6,h8g7,h8g7,0.0,0.4223,0.1899,False
5k2/2b2p2/4p1pp/1N1pP3/1Pp2P2/2BbP3/6PP/6K1 b - - 5 30,60,1ke2xuys,c7b8,-8,9,c7b6,0.1774,0.1694,0.167,0.1736,c7b6,c7b6,c7b6,c7b6,5.0,0.1774,-0.0038,False
8/4kp2/1b2p1pp/1N1pP3/1PpB1P2/3bP3/5KPP/8 b - - 9 32,64,1ke2xuys,e7d7,-10,1,b6d4,0.0216,0.0189,0.0153,0.0127,b6d4,b6d4,b6d4,b6d4,8.0,0.0216,-0.0089,False
8/3k1p2/3Np1pp/3pP3/1PpP1P2/3b4/5KPP/8 b - - 2 34,68,1ke2xuys,c4c3,0,46,c4c3,0.4269,0.4203,0.4148,0.427,c4c3,c4c3,c4c3,c4c3,0.0,0.427,0.0001,False
r1b1kbnr/pp3ppp/2pp1q2/8/2B1P3/2N1Q3/PPP2PPP/R1B1K2R b KQkq - 3 8,16,jkthL8ab,c8e6,-118,11,b7b5,0.37,0.3999,0.4722,0.5115,c8e6,c8e6,c8e6,c8e6,0.0,0.5115,0.1415,False
r1b1kbnr/5ppp/2pp1q2/pp6/P3P3/1BN1Q3/1PP2PPP/R1B1K2R b KQkq - 0 10,20,jkthL8ab,b5b4,-224,92,b5b4,0.7361,0.8347,0.8925,0.9309,b5b4,b5b4,b5b4,b5b4,0.0,0.9309,0.1948,False
r1b1kb1r/5ppp/2pp1q1n/p7/Pp2P3/1B2Q3/1PP1NPPP/R1B2RK1 b kq - 3 12,24,jkthL8ab,f8e7,-125,90,f8e7,0.1263,0.2417,0.3237,0.3661,h6g4,h6g4,h6g4,h6g4,83.0,0.3661,0.2398,False
r1b2rk1/4bppp/2pp1q1n/p3P3/Pp3P2/1B2Q3/1PP1N1PP/R1B2RK1 b - - 0 14,28,jkthL8ab,f6h4,90,24,d6e5,0.0216,0.0157,0.0154,0.0235,d6e5,d6e5,d6e5,d6e5,77.0,0.0235,0.0019,False
r1b2rk1/4bppp/2p3qn/p3P3/Pp3N2/1B2Q3/1PP3PP/R1B2RK1 b - - 2 16,32,jkthL8ab,g6g5,-118,20,g6g4,0.3867,0.4191,0.4097,0.3694,g6g5,g6g5,g6g5,g6g5,0.0,0.4191,-0.0173,False
r1b2rk1/3qbppp/2p4n/p3P3/Pp3N2/1B2Q2P/1PPB2P1/R4RK1 b - - 2 18,36,jkthL8ab,h6f5,-41,44,h6f5,0.5811,0.6356,0.7042,0.7342,h6f5,h6f5,h6f5,h6f5,0.0,0.7342,0.1531,False
r1b2rk1/3q1ppp/2p5/p3Pn2/Pp3N1b/1B5P/1PPBQ1P1/R4RK1 b - - 6 20,40,jkthL8ab,c8a6,300,4,f5g3,0.1163,0.1044,0.1103,0.1455,f5g3,f5g3,f5g3,f5g3,101.0,0.1455,0.0292,False
r1b2rk1/3q1ppp/2p5/p3P2Q/Pp3N1b/1B5P/1PPB2P1/5RK1 b - - 0 22,44,jkthL8ab,d7d2,302,147,d7d2,0.2957,0.2394,0.2043,0.1985,d7d2,h4g3,h4g3,h4g3,281.0,0.2957,-0.0972,False
r1b2rk1/5ppp/2p5/p3P3/Pp3N1Q/1B2q2P/1PP3P1/5R1K b - - 2 24,48,jkthL8ab,a8a7,149,51,c8a6,0.005,0.0062,0.0065,0.0076,e3e5,e3e5,e3e5,e3e5,199.0,0.0076,0.0026,True
r4rk1/5ppp/b1p1P3/p7/Pp3N1Q/1B5P/1PPq2P1/4R2K b - - 0 26,52,jkthL8ab,a8a7,-465,32,g7g6,0.0099,0.016,0.0205,0.0245,f7e6,f7e6,f7e6,f7e6,520.0,0.0245,0.0146,True
r4r2/5Pkp/b1p1N1p1/p7/Pp5Q/1B5P/1PPq2P1/4R2K b - - 2 28,56,jkthL8ab,g7f7,-1996,3,g7h8,0.7471,0.6171,0.4824,0.3377,g7f7,g7f7,g7h8,g7h8,3.0,0.7471,-0.4094,False
r1b1k1nr/pp3ppp/1qn1p3/3pP3/1b1P4/5N2/PP1BBPPP/RN1QK2R b KQkq - 2 8,16,q8Jzx0RF,g8e7,-22,11,c6d4,0.1256,0.1377,0.1295,0.1613,c6d4,c6d4,c6d4,c6d4,422.0,0.1613,0.0357,False
r1b1k1nr/pp3ppp/4p3/3pP3/Qb1q4/8/PP1BBPPP/RN2K2R b KQkq - 1 10,20,q8Jzx0RF,c8d7,-458,50,c8d7,0.9491,0.9492,0.9548,0.9662,c8d7,c8d7,c8d7,c8d7,0.0,0.9662,0.0171,False
r2qkb1r/pp1n1ppp/2p2n2/4P3/2B1P1b1/5N2/PPP3PP/RNBQ1RK1 b kq - 0 8,16,jM1xn9Hv,g4f3,10,2,g4f3,0.0628,0.0798,0.1297,0.2211,d7e5,d7e5,d7e5,d7e5,468.0,0.2211,0.1583,False
r2q1b1r/pp1n1kpp/2p2n2/4P3/4P3/5Q2/PPP3PP/RNB2RK1 b - - 0 10,20,jM1xn9Hv,d7e5,263,21,d7e5,0.9795,0.981,0.979,0.9732,d7e5,d7e5,d7e5,d7e5,0.0,0.981,-0.0063,False
r2q1b1r/pp3kpp/2p2nn1/4P2Q/8/8/PPP3PP/RNB2RK1 b - - 0 12,24,jM1xn9Hv,d8d4,418,53,d8d4,0.5253,0.5555,0.6234,0.6995,d8d4,d8d4,d8d4,d8d4,0.0,0.6995,0.1742,False
r4b1r/pp3kpp/2p2nn1/4q3/8/8/PPP3PP/RNBQ1R1K b - - 1 14,28,jM1xn9Hv,f8d6,529,42,f8d6,0.6104,0.684,0.708,0.7277,f8d6,f8d6,f8d6,f8d6,0.0,0.7277,0.1173,False
rnbqr1k1/ppp1bppp/5n2/3p4/3P1B2/2NQ4/PPP2PPP/2KR1BNR b - - 9 8,16,xBe1GeCR,c7c6,142,34,e7b4,0.0979,0.1573,0.3001,0.5149,b8c6,b8c6,c7c6,c7c6,0.0,0.5149,0.417,False
rnbqr1k1/pp3ppp/2p2n2/3p4/1b1P1B1P/2NQ1P2/PPP3P1/2KR1BNR b - - 0 10,20,xBe1GeCR,f6h5,136,63,b4c3,0.124,0.1333,0.1252,0.0935,b8d7,b8d7,a7a5,d8a5,110.0,0.1333,-0.0305,False
rn1qr1k1/pp3ppp/2p2n2/3p1b2/3P1BPP/2Q2P2/PPP5/2KR1BNR b - - 0 12,24,xBe1GeCR,f5e6,-210,22,f5d7,0.4207,0.4267,0.4032,0.3671,f5e6,f5e6,f5e6,f5e6,0.0,0.4267,-0.0536,False
r2qr1k1/pp1b1ppp/B1p2n2/3p3P/3P1BP1/2Q2P2/PPP5/2KR2NR b - - 0 14,28,xBe1GeCR,b7b5,-391,9,b7a6,0.0013,0.0012,0.001,0.001,b7a6,b7a6,b7a6,b7a6,15.0,0.0013,-0.0003,False
r2qr1k1/p2b1p1p/p1p2npP/3p4/3P1BP1/2Q2P1N/PPP5/2KR3R b - - 1 16,32,xBe1GeCR,d8e7,-364,19,e8e2,0.0399,0.0319,0.03,0.0302,e8e2,e8e2,e8e2,e8e2,35.0,0.0399,-0.0097,False
r2q2k1/p2brp1p/Q1p2npP/3p4/3P1BP1/5P1N/PPP5/2KR3R b - - 0 18,36,xBe1GeCR,f6e8,-320,33,d8b6,0.042,0.0512,0.0527,0.0571,d7c8,d8b6,d8b6,d8b6,30.0,0.0571,0.0151,False
r5k1/3brp1p/1pp2npP/3p4/3P1BP1/5P1N/PPP5/1K1R3R b - - 1 20,40,xBe1GeCR,e7e6,-320,2,a8e8,0.0155,0.0145,0.0088,0.005,a8e8,a8e8,a8e8,a8e8,45.0,0.0155,-0.0105,False
4r1k1/3b1p1p/1pp1rnpP/3pB3/3P1NP1/5P2/PPP5/1K1R3R b - - 5 22,44,xBe1GeCR,e6e5,-450,45,f6g4,0.272,0.3671,0.4865,0.5984,e6e7,e6e7,e6e5,e6e5,0.0,0.5984,0.3264,False
4r1k1/3b1p1p/1pp1N1pP/3pP3/8/5P2/PPP5/1K1R3R b - - 0 24,48,xBe1GeCR,e8e6,-307,29,e8e6,0.5492,0.5843,0.5841,0.5446,e8e6,e8e6,e8e6,e8e6,0.0,0.5843,-0.0046,False
5k2/3b1p1p/1pp1r1pP/3pP3/2P2P2/8/PP6/1K1R3R b - - 0 26,52,xBe1GeCR,g6g5,-328,5,d7c8,0.0964,0.0866,0.0887,0.0959,d5c4,d5c4,f7f6,f7f6,68.0,0.0964,-0.0005,False
2b2k2/5p1p/1p2r1pP/3RP3/5P2/8/PP6/1K5R b - - 0 28,56,xBe1GeCR,e6c6,-445,19,f8e7,0.073,0.0526,0.0421,0.0384,c8b7,c8b7,c8b7,c8b7,105.0,0.073,-0.0346,False
8/3bkp1p/1R2r1pP/4P3/5P2/8/PP6/1K5R b - - 0 30,60,xBe1GeCR,e6b6,378,780,e6b6,0.9748,0.982,0.9892,0.9917,e6b6,e6b6,e6b6,e6b6,0.0,0.9917,0.0169,False
8/4kp1p/1r4pP/4Pb2/5P2/1P6/PK6/7R b - - 2 32,64,xBe1GeCR,b6b4,316,25,b6c6,0.3812,0.4209,0.4663,0.4782,b6b4,b6b4,b6b4,b6b4,0.0,0.4782,0.097,False
8/4kp1p/6pP/4Pb2/5P2/KP6/P1r5/3R4 b - - 6 34,68,xBe1GeCR,f5e6,374,16,c2f2,0.0137,0.0102,0.0094,0.0131,c2f2,c2f2,c2f2,c2f2,1.0,0.0137,-0.0006,False
r3kbnr/pp1n1ppp/2p1p3/q7/3P1Bb1/2P2N2/PP2BPPP/RN1Q1RK1 b kq - 1 8,16,rxmug1BH,g8f6,-105,18,g8f6,0.4451,0.6229,0.732,0.8676,g8f6,g8f6,g8f6,g8f6,0.0,0.8676,0.4225,False
r3kb1r/pp1n1ppp/2p1pn2/q6b/3P1B2/2P2N1P/PP1NBPP1/R2Q1RK1 b kq - 2 10,20,rxmug1BH,f8e7,-126,5,h7h6,0.4575,0.5682,0.6492,0.7766,f8e7,f8e7,f8e7,f8e7,0.0,0.7766,0.3191,False
r2qkb1r/pp1n1pp1/2pNpn1p/7b/3P1B2/2P2N1P/PP2BPP1/R2Q1RK1 b kq - 3 12,24,rxmug1BH,f8d6,-110,318,f8d6,0.9529,0.9813,0.9922,0.9966,f8d6,f8d6,f8d6,f8d6,0.0,0.9966,0.0437,False
r2qk2r/pp3pp1/1np1pn1p/7b/3P4/B1P2N1P/PP2BPP1/R2Q1RK1 b kq - 2 14,28,rxmug1BH,h5f3,-86,52,h5f3,0.0463,0.0294,0.0193,0.0179,b6d5,b6d5,b6d5,b6d5,87.0,0.0463,-0.0284,False
r2qk2r/pp3pp1/2p1pn1p/8/2nP4/BQP2B1P/PP3PP1/R4RK1 b kq - 2 16,32,rxmug1BH,c4a3,-64,121,c4d2,0.2379,0.3364,0.403,0.4014,c4d2,c4d2,c4d2,c4d2,102.0,0.403,0.1635,False
r2qk2r/pQ3pp1/2p1pn1p/8/3P4/B1P2P1P/PP3P2/R4RK1 b kq - 0 18,36,rxmug1BH,a8c8,-184,78,a8c8,0.0883,0.0895,0.1028,0.1271,f6d5,f6d5,f6d7,f6d7,116.0,0.1271,0.0388,False
3qk2r/2r2pp1/Q1p1pn1p/8/3P4/B1P2P1P/PP3P2/R4RK1 b k - 2 20,40,rxmug1BH,f6d5,-164,13,f6d5,0.3933,0.4637,0.4942,0.4489,f6d5,f6d5,f6d5,f6d5,0.0,0.4942,0.0556,False
3qk2r/2r1npp1/Q1p1p2p/2B5/3P4/2P2P1P/PP3P1K/R4R2 b k - 6 22,44,rxmug1BH,e8g8,-208,16,c7c8,0.5326,0.678,0.7462,0.7338,e8g8,e8g8,e8g8,e8g8,0.0,0.7462,0.2012,False
2rq1rk1/4npp1/2p1p2p/2B5/1P1P4/2P2P1P/P3QP1K/R4R2 b - - 0 24,48,rxmug1BH,f8e8,-315,12,f8e8,0.2497,0.3846,0.4705,0.5423,d8c7,f8e8,f8e8,f8e8,0.0,0.5423,0.2926,False
2rqr1k1/5pp1/2p1p2p/2Bn4/PP1P4/2P2P1P/3Q1P1K/R4R2 b - - 2 26,52,rxmug1BH,d8c7,-183,59,d8c7,0.4058,0.3524,0.2368,0.1434,d8c7,d8c7,d8f6,d8h4,76.0,0.4058,-0.2624,False
2r1r1k1/2q2pp1/2p4p/2Bnp3/PP1P4/2P2P1P/3Q1PK1/R6R b - - 1 28,56,rxmug1BH,d5f4,32,32,e5d4,0.4496,0.5103,0.5518,0.5644,d5f4,d5f4,d5f4,d5f4,0.0,0.5644,0.1148,False
2r3k1/2q2pp1/2p1r2p/3n4/PP1B4/2P2P1P/3Q1PK1/5R1R b - - 2 30,60,rxmug1BH,e6g6,1998,1585,e6g6,0.6133,0.5733,0.443,0.2892,e6g6,e6g6,e6g6,d5f4,1582.0,0.6133,-0.3241,False
r3kb1r/ppp1pppp/2n2n2/q7/3P4/2N5/PPPBNPPP/R2Q1RK1 b kq - 2 8,16,zaBiLuPd,a5h5,36,6,e8c8,0.1195,0.1281,0.1551,0.2923,e8c8,e8c8,e8c8,e8c8,8.0,0.2923,0.1728,False
2kr1b1r/ppp1pppp/2n2n2/7q/3P4/P1N1B3/1PP1NPPP/R2Q1RK1 b - - 2 10,20,zaBiLuPd,e7e5,65,27,e7e6,0.3369,0.3262,0.33,0.473,f6g4,f6g4,f6g4,e7e5,0.0,0.473,0.1361,False
2kr1b1r/ppp2ppp/2n1pn2/8/3P4/P1N1B1N1/1PP2PPP/R2R2K1 b - - 0 12,24,zaBiLuPd,f6g4,62,18,h7h5,0.1736,0.1399,0.1064,0.0745,f8d6,f8d6,f8d6,f6d5,52.0,0.1736,-0.0991,False
2kr3r/ppp1bpp1/2n1pn2/7p/3PN3/P1N1B2P/1PP2PP1/R2R2K1 b - - 0 14,28,zaBiLuPd,f6e4,51,23,f6e4,0.538,0.462,0.3202,0.1831,f6e4,f6e4,f6e4,f6d5,29.0,0.538,-0.3549,False
2kr3r/ppp1b1p1/2n1pp2/7p/3PN3/P1P1B2P/1P3PP1/R2R2K1 b - - 0 16,32,zaBiLuPd,e6e5,10,4,g7g5,0.1045,0.0669,0.0462,0.0477,f6f5,g7g5,g7g5,g7g5,25.0,0.1045,-0.0568,False
2kr3r/ppp1b3/2n1p3/5ppp/3P1P2/P1P1B1NP/1P4P1/R2R2K1 b - - 0 18,36,zaBiLuPd,h5h4,58,23,g5g4,0.2789,0.2451,0.2078,0.1908,g5g4,g5g4,g5g4,g5f4,73.0,0.2789,-0.0881,False
2kr3r/ppp1b3/2n1p3/5p1p/3P1P2/P1P1B2P/1P2N3/R2R2K1 b - - 0 20,40,zaBiLuPd,c6a5,27,3,h8g8,0.0567,0.062,0.0677,0.0714,h8g8,h8g8,h8g8,h8g8,-1.0,0.0714,0.0147,False
2kr4/ppp1b1r1/2n1p3/5p1p/3P1P2/P1P1B2P/1P2N2K/R5R1 b - - 4 22,44,zaBiLuPd,d8g8,-1,2,d8g8,0.4503,0.5735,0.685,0.7149,d8g8,d8g8,d8g8,d8g8,0.0,0.7149,0.2646,False
2k5/ppp1b1r1/2n1p3/5p1p/3P1P2/P1P1B2P/1P2N2K/6R1 b - - 1 24,48,zaBiLuPd,g7g1,-6,9,g7g1,0.5639,0.5417,0.4721,0.4226,g7g1,g7g1,g7g1,g7g1,0.0,0.5639,-0.1413,False
2k5/ppp5/2nbp3/5p1p/3P1P2/P1P1B2P/1P2N1K1/8 b - - 2 26,52,zaBiLuPd,c6a5,12,14,c6e7,0.3474,0.4101,0.4338,0.368,c6a5,c6a5,c6a5,c6a5,0.0,0.4338,0.0206,False
2k5/ppp5/3bp3/3n1p1p/3P1P2/P1P2K1P/1P2NB2/8 b - - 6 28,56,zaBiLuPd,b7b5,37,18,d5f6,0.1974,0.1519,0.125,0.0988,c8d7,c8d7,c8d7,c8d7,52.0,0.1974,-0.0986,False
2k5/ppp5/3bp3/5p1p/2PPnP2/P3BK1P/1P2N3/8 b - - 2 30,60,zaBiLuPd,d6e7,-5,2,d6e7,0.1844,0.2103,0.2018,0.1843,h5h4,d6e7,d6e7,c7c5,37.0,0.2103,-0.0001,False
2k5/ppp1b3/4p3/2P2p2/1P1PnP1p/P3BK1P/4N3/8 b - - 0 32,64,zaBiLuPd,c8d7,48,44,c7c6,0.1903,0.2798,0.3499,0.3431,c7c6,c7c6,c8d7,c8d7,0.0,0.3499,0.1528,False
2k5/pp2b3/2p1p3/2P2p2/1P1P1P1p/P1nNBK1P/8/8 b - - 3 34,68,zaBiLuPd,c8d8,0,0,e7f6,0.0023,0.0021,0.0022,0.0035,c3b1,c3b1,c3b1,c3b1,6.0,0.0035,0.0012,False
r1b1kbnr/ppp1n1pp/5p2/qB1Pp3/4P3/2N2N2/PP3PPP/R1BQK2R b KQkq - 2 8,16,zvZ1Ymk7,c7c6,-185,137,c8d7,0.7269,0.6917,0.6549,0.5568,c7c6,c7c6,c7c6,c7c6,0.0,0.7269,-0.1701,False
r4bnr/pppkn1pp/5p2/q2Pp3/4P3/2N2N2/PP3PPP/R1BQ1RK1 b - - 1 10,20,zvZ1Ymk7,e7g6,-331,16,g7g5,0.0468,0.0404,0.0493,0.1056,a8d8,a8d8,a8d8,a8d8,-2.0,0.1056,0.0588,False
r4bnr/pppk3p/5pn1/q2Pp1p1/4P3/P1N2N1P/1P3PP1/R1BQ1RK1 b - - 0 12,24,zvZ1Ymk7,h7h5,-293,12,a8d8,0.0609,0.089,0.1248,0.2283,a8d8,a8d8,a8d8,a8d8,45.0,0.2283,0.1674,False
3r2nr/pppk3p/5pn1/q1bPp1p1/1P2P3/P1N1BN1P/5PP1/R2Q1RK1 b - - 0 14,28,zvZ1Ymk7,a5a6,-572,16,c5e3,0.1252,0.0911,0.0771,0.0688,c5b4,c5b4,c5b4,c5b4,87.0,0.1252,-0.0564,False
3r2nr/pppk3p/5pn1/P2Pp1p1/3NP3/P1N4P/5PP1/R2Q1RK1 b - - 0 16,32,zvZ1Ymk7,e5d4,-667,43,e5d4,0.9356,0.9617,0.9696,0.9762,e5d4,e5d4,e5d4,e5d4,0.0,0.9762,0.0406,False
3r2nr/Qppk3p/5p2/P2Pn1p1/4P3/P1N4P/5PP1/R4RK1 b - - 0 18,36,zvZ1Ymk7,g5g4,-723,26,g8e7,0.0956,0.0836,0.0897,0.094,g8e7,g8e7,g8e7,g8e7,26.0,0.0956,-0.0016,False
rn1q1rk1/pb1pppbp/1p3np1/2p5/3P1B2/2P1PN1P/PP2BPP1/RN1Q1RK1 b - - 0 8,16,x0Bx0jKg,b8c6,-27,3,d7d6,0.211,0.1735,0.1329,0.0669,d7d6,d7d6,d7d6,d7d6,5.0,0.211,-0.1441,False
r2q1rk1/pb1nppbp/1p1p1np1/2p5/P2P1B2/2P1PN1P/1P1NBPP1/R2Q1RK1 b - - 0 10,20,x0Bx0jKg,f8e8,-34,1,f8e8,0.1176,0.1561,0.1973,0.2203,c5d4,c5d4,c5d4,f8e8,0.0,0.2203,0.1027,False
r2qr1k1/pb1n1pbp/1p1p1np1/P1p1p3/3P4/2P1PN1P/1P1NBPPB/R2Q1RK1 b - - 1 12,24,x0Bx0jKg,e5d4,-54,18,e5e4,0.136,0.152,0.1631,0.0876,c5d4,c5d4,c5d4,b6a5,93.0,0.1631,-0.0484,False
r2qr1k1/pb1n1pbp/1p3np1/P1pp4/Q2Pp3/2P1P2P/1P1NBPPB/R3NRK1 b - - 1 14,28,x0Bx0jKg,e8e6,-34,15,c5c4,0.0471,0.0502,0.0551,0.0718,c5d4,c5d4,c5d4,c5d4,18.0,0.0718,0.0247,False
r1bqr1k1/p2n1pbp/PpQ2np1/3p4/2pPp3/2P1P2P/1P1NBPPB/R3NRK1 b - - 2 16,32,x0Bx0jKg,a8b8,-215,109,a8b8,0.2091,0.2532,0.2826,0.2706,c8a6,c8a6,c8a6,c8a6,231.0,0.2826,0.0615,False
1nbqr1k1/p4pbp/Pp3np1/1Q1p4/2pPp3/2P1P2P/1P1NBPP1/R3NRK1 b - - 1 18,36,x0Bx0jKg,c8d7,389,414,c8d7,0.5107,0.5617,0.5525,0.439,c8d7,c8d7,c8d7,c8d7,0.0,0.5617,-0.0717,False
r1bq1rk1/pp2ppbp/2n2np1/2pp4/8/PP3NPP/1BPPPPB1/RN1Q1RK1 b - - 3 8,16,suc6YrCw,d8c7,82,2,c8f5,0.0257,0.0429,0.0691,0.0959,e7e5,f8e8,f8e8,f8e8,13.0,0.0959,0.0702,False
r2qr1k1/pp2ppbp/2n2np1/2pp1b2/7N/PP1P2PP/1BP1PPB1/RN1Q1RK1 b - - 2 10,20,suc6YrCw,f5e6,99,7,f5e6,0.2364,0.2592,0.2255,0.1962,f5e6,f5d7,f5d7,f5d7,8.0,0.2592,-0.0402,False
r3r1k1/pp2ppbp/2nqbnp1/2pp4/7N/PP1P2PP/1BPNPPB1/1R1Q1RK1 b - - 6 12,24,suc6YrCw,d6d7,43,3,a8d8,0.3345,0.6268,0.7409,0.6182,d6d7,d6d7,d6d7,d6d7,0.0,0.7409,0.2837,False
3rr1k1/pp2ppbp/2nqbnp1/2p5/1PPp3N/P2P2PP/1B1NPPB1/1R1Q1RK1 b - - 0 14,28,suc6YrCw,b7b6,35,34,b7b6,0.245,0.3436,0.386,0.295,c5b4,c5b4,c5b4,c5b4,101.0,0.386,0.05,False
3rr1k1/p3ppbp/1p1qbnp1/1Pp1n3/2Pp1P1N/P2P2PP/1B1NP1B1/1R1Q1RK1 b - - 0 16,32,suc6YrCw,e5d7,-55,30,e5d7,0.8278,0.8916,0.9239,0.9353,e5d7,e5d7,e5d7,e5d7,0.0,0.9353,0.1075,False
3rr1k1/p1qnppbp/1p2bnp1/1Pp5/Q1Pp1P1N/P2P2PP/1B1NP1BK/1R3R2 b - - 4 18,36,suc6YrCw,f6h5,181,15,f6h5,0.2025,0.2127,0.211,0.1573,f6h5,d7f8,d7f8,d7f8,34.0,0.2127,-0.0452,False
3rr1k1/p1qnp1bp/1p2bpp1/1Pp4n/Q1Pp1P1N/P2P1RPP/1B1NP1BK/5R2 b - - 1 20,40,suc6YrCw,g6g5,291,28,g6g5,0.1935,0.1638,0.1461,0.1143,f6f5,f6f5,f6f5,e6f7,82.0,0.1935,-0.0792,False
3rr1k1/p1qnp1bp/1p2Pp2/1Pp4n/Q1Pp3p/P2P1RPP/1B1NP1BK/5R2 b - - 0 22,44,suc6YrCw,d7e5,323,34,h5g3,0.2805,0.2572,0.2538,0.2353,h4g3,h4g3,h5g3,h5g3,27.0,0.2805,-0.0452,False
3rr1k1/p1qnp1bp/1p2Pp2/1Pp5/Q1Pp3p/P2P1R1P/1B1NnKB1/5R2 b - - 1 24,48,suc6YrCw,e2c3,119,70,e2c3,0.1696,0.1577,0.1429,0.1329,e2g3,e2g3,e2g3,e2g3,68.0,0.1696,-0.0367,False
3rr1k1/p1qPp1bp/1p3p2/1Pp5/Q1P4p/P1pP1R1P/3N1KB1/5R2 b - - 0 26,52,suc6YrCw,c7d7,146,142,c7d7,0.338,0.3071,0.2845,0.2522,d8d7,d8d7,d8d7,d8d7,146.0,0.338,-0.0858,False
3rr1k1/p3p1bp/1p3p2/1Pp5/Q1PqN2p/P1pP1R1P/4K1B1/5R2 b - - 3 28,56,suc6YrCw,f6f5,311,190,f6f5,0.1472,0.1321,0.1256,0.1319,g7h6,g7h6,g7h6,g7h6,325.0,0.1472,-0.0153,False
3rr1k1/p3p1bp/1p2N3/1Pp5/Q1Pq1p1p/P1pP1R1P/4K1B1/5R2 b - - 1 30,60,suc6YrCw,d4e5,416,558,d4e5,0.6435,0.7126,0.7279,0.7003,d4e5,d4e5,d4e5,d4e5,0.0,0.7279,0.0568,False
3rr1k1/Q3p1bp/1p2q3/1Pp5/2P2p1p/P1pP1R1P/6B1/3K1R2 b - - 0 32,64,suc6YrCw,e6c4,938,384,e6c4,0.0914,0.1569,0.25,0.3733,d8a8,e6c4,e6c4,e6c4,0.0,0.3733,0.2819,False
4r1k1/4p1bp/1Q6/1Pp5/2q2p1p/P1pR3P/6B1/3K1R2 b - - 0 34,68,suc6YrCw,c4d3,1997,1541,c4d3,0.9076,0.9385,0.9547,0.9622,c4d3,c4d3,c4d3,c4d3,0.0,0.9622,0.0546,False
r1bq1rk1/pp2ppbp/2n2np1/2pp4/5P2/2NPPNP1/PPP3BP/R1BQ1RK1 b - - 2 8,16,dNiujkg3,d5d4,58,30,a7a6,0.2025,0.1566,0.1016,0.1594,c8g4,c8g4,c8g4,c8g4,42.0,0.2025,-0.0431,False
r1bq1rk1/4ppbp/p1n2np1/1ppp4/5P2/P1NPPNP1/1PPB2BP/R2Q1RK1 b - - 0 10,20,dNiujkg3,c8b7,68,17,e7e6,0.2624,0.4168,0.6278,0.7648,c8b7,c8b7,c8b7,c8b7,0.0,0.7648,0.5024,False
r1bq1rk1/5pbp/p1n1pnp1/1pp5/3pPP2/P2P1NP1/1PPBN1BP/R2Q1RK1 b - - 1 12,24,dNiujkg3,d8b6,22,3,c8b7,0.0103,0.0118,0.0141,0.014,c8b7,c8b7,c8b7,c8b7,-1.0,0.0141,0.0037,False
r2qr1k1/1b3pbp/p1n1pnp1/1pp5/3pPP2/PP1P1NPP/2PBN1B1/R2Q1RK1 b - - 0 14,28,dNiujkg3,a6a5,17,6,a8c8,0.0976,0.0895,0.0701,0.0568,e6e5,e6e5,e6e5,e6e5,12.0,0.0976,-0.0408,False
2rqr1k1/1b3pb1/p1n1pnp1/1pp3Pp/3pPP2/PP1P1N1P/2PBN1B1/R2Q1RK1 b - - 0 16,32,dNiujkg3,f6d7,-31,15,f6d7,0.5912,0.5726,0.5734,0.692,f6d7,f6d7,f6d7,f6d7,0.0,0.692,0.1008,False
2rqr1k1/1b1n1pb1/2n1p1p1/ppp3Pp/3pPP1N/PP1P3P/2PBN1B1/1R1Q1RK1 b - - 1 18,36,dNiujkg3,d8c7,-77,15,g8h7,0.0278,0.0366,0.0523,0.0554,b5b4,b5b4,b5b4,b5b4,49.0,0.0554,0.0276,False
2rqr3/1b1n1pbk/2n3p1/ppp2PPp/3p3N/PP1P3P/2PBN1B1/1R1Q1RK1 b - - 0 20,40,dNiujkg3,e8e3,-340,19,d8c7,0.0009,0.0012,0.0018,0.0024,g6f5,d7e5,d7e5,d7e5,15.0,0.0024,0.0015,False
2r1r3/1bqn1pbk/6P1/ppp1n1Pp/3p1N1N/PP1P3P/2PB2B1/1R1Q1RK1 b - - 0 22,44,dNiujkg3,f7g6,-401,10,h7g8,0.8997,0.9404,0.9552,0.9635,f7g6,f7g6,f7g6,f7g6,0.0,0.9635,0.0638,False
2r1r1k1/1b1n1Pb1/3q4/pppNn1Pp/3p3N/PP1P3P/2PB2B1/1R1Q1RK1 b - - 0 24,48,dNiujkg3,e5f7,-591,290,e5f7,0.9024,0.9501,0.9728,0.9847,e5f7,e5f7,e5f7,e5f7,0.0,0.9847,0.0823,False
2r1r1k1/1b1n2b1/3q2P1/pppNn2Q/3p3N/PP1P3P/2PB2B1/1R3RK1 b - - 0 26,52,dNiujkg3,e5g6,-615,307,e5g6,0.0596,0.0509,0.04,0.0291,b7d5,b7d5,b7d5,b7d5,1384.0,0.0596,-0.0305,False
r1bqkb1r/ppp2ppp/8/3pp3/4N3/3P1N2/PP1P1PPP/R1BQ1RK1 b kq - 0 8,16,YjCvc6ul,d5e4,-4,210,d5e4,0.9819,0.9827,0.9756,0.9611,d5e4,d5e4,d5e4,d5e4,0.0,0.9827,-0.0208,False
r1b1kb1r/ppp2ppp/5q2/4p3/4P3/1P3N2/P2P1PPP/R1BQ1RK1 b kq - 0 10,20,YjCvc6ul,c8g4,38,14,f8d6,0.3502,0.4147,0.4551,0.481,c8g4,c8g4,c8g4,c8g4,0.0,0.481,0.1308,False
r3k2r/ppp2ppp/3b1q2/4p3/4P1b1/1P3N1P/PB1P1PP1/R2Q1RK1 b kq - 0 12,24,YjCvc6ul,g4f3,32,15,g4f3,0.688,0.5815,0.5488,0.7148,g4f3,g4f3,g4f3,g4f3,0.0,0.7148,0.0268,False
r3k2r/ppp2ppp/3b4/4p3/4P3/1P3P1P/PB1P1P2/R4RK1 b kq - 0 14,28,YjCvc6ul,e8c8,38,2,e8c8,0.3825,0.4081,0.459,0.5321,e8g8,e8g8,e8c8,e8c8,0.0,0.5321,0.1496,False
2kr3r/ppp3pp/3b1p2/4p3/4P3/1P3P1P/PB1P1P2/R5RK b - - 1 16,32,YjCvc6ul,d6f8,75,12,g7g5,0.0155,0.0141,0.0161,0.0333,g7g6,g7g6,g7g6,g7g6,23.0,0.0333,0.0178,False
2kr3r/ppp5/3b1p1p/4P1p1/4P3/1P3P1P/PB3P2/R5RK b - - 0 18,36,YjCvc6ul,d6e5,35,37,d6e5,0.6767,0.7201,0.7409,0.7769,d6e5,d6e5,d6e5,d6e5,0.0,0.7769,0.1002,False
2kr3r/ppp5/7p/4p1p1/4P3/1P3P1P/P4P2/3R2RK b - - 1 20,40,YjCvc6ul,d8d1,91,36,c7c6,0.4249,0.2718,0.1468,0.0995,d8d1,d8d1,h8f8,h8f8,59.0,0.4249,-0.3254,False
3r3r/ppk5/2p4p/4p1p1/4P3/1P3PKP/P4P2/3R2R1 b - - 3 22,44,YjCvc6ul,a7a5,92,14,h6h5,0.0195,0.0314,0.0363,0.0406,d8d1,h6h5,h6h5,d8d4,70.0,0.0406,0.0211,False
3r3r/ppk5/2p5/4p2p/4P2K/1P3P2/P4P2/3R2R1 b - - 0 24,48,YjCvc6ul,d8d1,2,8,d8f8,0.3295,0.1907,0.1089,0.077,d8d1,d8f8,d8f8,d8f8,22.0,0.3295,-0.2525,False
7r/ppk5/2p5/4p2p/4Pr2/1P1R1P1K/P4P2/6R1 b - - 4 26,52,YjCvc6ul,f4f7,0,3,h8f8,0.0318,0.0377,0.0361,0.0338,h5h4,h8f8,h8f8,h8f8,3.0,0.0377,0.002,False
5r2/ppk5/2p5/4p2p/4P3/1P3R1K/P4PR1/8 b - - 0 28,56,YjCvc6ul,f8f3,250,790,f8f3,0.9973,0.9993,0.9997,0.9998,f8f3,f8f3,f8f3,f8f3,0.0,0.9998,0.0025,False
8/ppk5/2p5/4p2K/4Pr2/1P6/P4PR1/8 b - - 0 30,60,YjCvc6ul,f4e4,346,41,f4e4,0.9696,0.9726,0.9755,0.9745,f4e4,f4e4,f4e4,f4e4,0.0,0.9755,0.0049,False
8/ppk5/2p5/4p1K1/P7/1P6/4rPR1/8 b - - 0 32,64,YjCvc6ul,a7a5,426,13,a7a5,0.0111,0.01,0.0105,0.0135,e2b2,e2b2,e2b2,e2b2,47.0,0.0135,0.0024,False
8/1p6/2pk2R1/p3pK2/P7/1P6/4rP2/8 b - - 3 34,68,YjCvc6ul,d6d5,516,39,d6d5,0.7495,0.6889,0.6388,0.586,d6d5,d6d5,d6d5,d6d5,0.0,0.7495,-0.1635,False
r2qk1nr/pp1bppbp/2Bp2p1/8/3NP3/2N1B3/PPP2PPP/R2QK2R b KQkq - 0 8,16,bKScTyX2,b7c6,0,62,d7c6,0.505,0.5817,0.7327,0.8822,b7c6,b7c6,b7c6,b7c6,0.0,0.8822,0.3772,False
r2qk2r/pp2ppbp/2Np1np1/8/4P3/2N1B3/PPP2PPP/R2Q1RK1 b kq - 0 10,20,bKScTyX2,b7c6,-5,528,b7c6,0.9964,0.9987,0.9994,0.9997,b7c6,b7c6,b7c6,b7c6,0.0,0.9997,0.0033,False
r2q1rk1/p3ppbp/2pp1np1/8/4P3/2N1B3/PPPQ1PPP/R3R1K1 b - - 3 12,24,bKScTyX2,f6g4,10,10,f6g4,0.2044,0.3269,0.453,0.4484,f6g4,f6g4,f6g4,f6g4,0.0,0.453,0.244,False
r2q1rk1/p4pbp/2pp2p1/4p3/4P1n1/2N1B3/PPPQ1PPP/R3R1K1 b - - 1 14,28,bKScTyX2,g4e3,22,4,g4e3,0.6112,0.7144,0.7628,0.7619,g4e3,g4e3,g4e3,g4e3,0.0,0.7628,0.1507,False
r4rk1/p1q2pbp/2pp2p1/4p3/4P3/2N1Q3/PPP2PPP/3RR1K1 b - - 2 16,32,bKScTyX2,f7f5,24,4,f8d8,0.0778,0.1137,0.1449,0.1491,a8b8,a8b8,a8b8,a8b8,5.0,0.1491,0.0713,False
1r1r2k1/p1q2pbp/2pp2p1/4p3/4P3/1PNRQ3/P1P2PPP/4R1K1 b - - 0 18,36,bKScTyX2,f7f5,0,14,c7e7,0.036,0.0321,0.0333,0.035,d6d5,a7a5,a7a5,a7a5,28.0,0.036,-0.001,False
1r1r2k1/p3q1bp/2pp2p1/4pp2/4P3/1PNRQP2/P1P3PP/3R2K1 b - - 0 20,40,bKScTyX2,d8d7,-14,3,f5f4,0.0403,0.0408,0.0364,0.032,f5f4,f5f4,f5f4,f5f4,73.0,0.0408,-0.0083,False
1r1r2k1/p3q1bp/2pp4/4p1p1/4Pp2/1P1R1P2/P1P2QPP/1N1R2K1 b - - 1 22,44,bKScTyX2,g7f8,-39,0,h7h5,0.1861,0.2263,0.3138,0.4549,g7f8,g7f8,g7f8,g7f8,0.0,0.4549,0.2688,False
1r1r2k1/p3q1b1/2p5/3pp1pp/4Pp2/1P1R1P2/P1P2QPP/1N1R2K1 b - - 1 24,48,bKScTyX2,d5e4,82,35,d5d4,0.2061,0.1366,0.0792,0.0558,d5d4,d5d4,d5d4,d5d4,36.0,0.2061,-0.1503,False
1r1r2k1/p3q1b1/8/2p1p1pp/3pPp2/1PPR1P2/P2N1QPP/3R2K1 b - - 1 26,52,bKScTyX2,b8b6,39,1,g5g4,0.0164,0.0212,0.0274,0.0328,g5g4,g5g4,g5g4,g5g4,16.0,0.0328,0.0164,False
1r1r2k1/p5b1/8/2p1p1qp/2NpPpp1/1PPR1PP1/P4Q1P/3R2K1 b - - 0 28,56,bKScTyX2,d4c3,95,43,g8h7,0.029,0.0148,0.0089,0.0075,f4g3,f4g3,f4g3,f4g3,61.0,0.029,-0.0215,False
1r1r4/p5bk/8/2p3qp/2NpPpP1/1PPR4/P4Q1P/3R2K1 b - - 0 30,60,bKScTyX2,d4c3,263,90,h5g4,0.0033,0.0018,0.0016,0.0026,g5g4,g5g4,g5g4,g5g4,228.0,0.0033,-0.0007,True
1r1r4/p6k/8/2p3q1/2NRPpp1/1P6/P4Q1P/3R2K1 b - - 0 32,64,bKScTyX2,d8d4,353,91,c5d4,0.1814,0.2322,0.2703,0.3107,c5d4,c5d4,c5d4,c5d4,71.0,0.3107,0.1293,False
1r6/p6k/8/6q1/2NQPpp1/1P6/P6P/6K1 b - - 0 34,68,bKScTyX2,b8d8,389,100,b8g8,0.2537,0.3359,0.4487,0.5552,f4f3,b8d8,b8d8,b8d8,0.0,0.5552,0.3015,False
rnbq1rk1/pp2bppp/2pp1n2/8/2PP4/2N2NP1/PP3PBP/R1BQK2R b KQ - 2 8,16,U67JkNqw,d6d5,-16,17,c8g4,0.2896,0.1899,0.1336,0.2153,d6d5,c8g4,c8g4,c8g4,63.0,0.2896,-0.0743,False
rnq2rk1/pp2bppp/2pp1n2/8/2PP2b1/2N2NP1/PP3PBP/R1BQR1K1 b - - 6 10,20,U67JkNqw,f8e8,-97,48,f8e8,0.47,0.5898,0.7034,0.8214,f8e8,f8e8,f8e8,f8e8,0.0,0.8214,0.3514,False
rnq1r1k1/pp2bppp/2pp1n2/8/2PP1B2/2N2NPb/PP3P1P/R2QR1KB b - - 10 12,24,U67JkNqw,b8d7,-40,0,b8a6,0.1143,0.1509,0.1864,0.1896,h3g4,h3g4,h3g4,h7h6,3.0,0.1896,0.0753,False
r1q1r1k1/pp2bppp/n1p2n2/3P4/3P1B2/2N2NPb/PP1Q1P1P/R3R1KB b - - 0 14,28,U67JkNqw,f6d5,-112,82,f6d5,0.1538,0.2731,0.3976,0.4249,c6d5,c6d5,c6d5,c6d5,99.0,0.4249,0.2711,False
r1q1r1k1/pp2bppp/n7/3p2N1/3P1B2/6Pb/PP1Q1P1P/R3R1KB b - - 1 16,32,U67JkNqw,e7g5,-24,167,e7g5,0.3255,0.4412,0.4611,0.4014,e7g5,e7g5,e7g5,e7g5,0.0,0.4611,0.0759,False
r1q1r1k1/pp3ppp/n3b3/3p2B1/3P4/6P1/PP1Q1P1P/2R1R1KB b - - 2 18,36,U67JkNqw,c8d7,-74,70,c8d7,0.8637,0.9171,0.9539,0.9776,c8d7,c8d7,c8d7,c8d7,0.0,0.9776,0.1139,False
2r1r1k1/pp1q1ppp/n3b3/Q2B2B1/3P4/6P1/PP3P1P/2R1R1K1 b - - 0 20,40,U67JkNqw,d7d5,446,15,e6d5,0.109,0.1639,0.2415,0.2956,e6d5,e6d5,e6d5,e6d5,-2.0,0.2956,0.1866,False
2r3k1/pp1qRppp/n7/Q2b2B1/3P4/6P1/PP3P1P/6K1 b - - 1 22,44,U67JkNqw,d7e7,558,107,d7c6,0.0133,0.0084,0.0051,0.0045,d7c6,d7c6,d7c6,d7c6,109.0,0.0133,-0.0088,True
r1b1kbnr/pppp2pp/8/1B2qP2/2Qnp3/8/PPPPNPPP/RNB1K2R b KQkq - 7 8,16,50ivql8o,d4b5,327,253,d4b5,0.5388,0.5923,0.633,0.6343,d4b5,d4b5,d4b5,d4b5,0.0,0.6343,0.0955,False
r1b1kbnr/ppQp2pp/3n4/4qP2/4p3/8/PPPPNPPP/RNB2RK1 b kq - 0 10,20,50ivql8o,b7b6,308,18,g8f6,0.0046,0.0059,0.0064,0.005,d6f5,d6f5,d6f5,d6f5,918.0,0.0064,0.0004,True
r1b1k2r/ppQpb1pp/3n1n2/4qP2/4p3/2NP4/PPP1NPPP/R1B2RK1 b kq - 2 12,24,50ivql8o,e7d8,304,45,e7d8,0.053,0.0723,0.0651,0.0521,e8g8,e8g8,e8g8,e8g8,439.0,0.0723,-0.0009,False
r1bbk2r/ppQp2pp/3n1n2/5P2/4pN2/2NP4/PPP2PPP/R4RK1 b kq - 0 14,28,50ivql8o,d8c7,451,968,d8c7,0.9943,0.9971,0.9984,0.9987,d8c7,d8c7,d8c7,d8c7,0.0,0.9987,0.0044,False
r1b2rk1/ppbp2pp/3n1n2/4PP2/5N2/2N5/PPP2PPP/R4RK1 b - - 0 16,32,50ivql8o,d6f5,481,96,d6f5,0.463,0.5926,0.6789,0.7332,d6f5,d6f5,d6f5,d6f5,0.0,0.7332,0.2702,False
r1b2rk1/pp1p2Pp/8/5n2/5b2/2N5/PPP2PPP/R4RK1 b - - 0 18,36,50ivql8o,g8g7,508,3,f5g7,0.2063,0.1858,0.1968,0.2195,f5g7,f5g7,f5g7,f5g7,-3.0,0.2195,0.0132,False
r1b2rk1/pp4np/3p4/3N4/5b2/2P5/PP3PPP/R4RK1 b - - 0 20,40,50ivql8o,c8e6,556,9,c8e6,0.2176,0.1715,0.1361,0.1206,f4e5,f4e5,f4e5,f4e5,21.0,0.2176,-0.097,False
2r2rk1/pp4np/3pb3/1N6/5b2/2P5/PP3PPP/R4RK1 b - - 4 22,44,50ivql8o,e6c4,646,50,a7a6,0.2261,0.178,0.1526,0.1673,a7a6,a7a6,a7a6,a7a6,57.0,0.2261,-0.0588,False
2r2rk1/1p3bnp/p2p4/8/3N1b2/2P5/PP3PPP/R3R1K1 b - - 3 24,48,50ivql8o,f4g5,595,6,f8e8,0.006,0.0068,0.0054,0.0028,f4e5,f4e5,f4e5,f4e5,9.0,0.0068,-0.0032,False
2r1r1k1/1p3bnp/p2p4/4b3/8/2P2NP1/PP3P1P/R3R1K1 b - - 2 26,52,50ivql8o,e5f6,582,0,f7d5,0.3113,0.4654,0.6272,0.7155,e5f6,e5f6,e5f6,e5f6,0.0,0.7155,0.4042,False
2r1r1k1/1p4n1/p2p3p/3bb3/8/2P3PN/PP3P1P/R3R1K1 b - - 1 28,56,50ivql8o,d5e6,610,11,d5e6,0.2805,0.357,0.4172,0.4116,d5e6,d5e6,d5e6,d5e6,0.0,0.4172,0.1311,False
2r1r1k1/1p4n1/p2p3p/3bb3/8/2P3PN/PP3P1P/R3R1K1 b - - 5 30,60,50ivql8o,d5e6,600,2,d5e6,0.2805,0.357,0.4172,0.4116,d5e6,d5e6,d5e6,d5e6,0.0,0.4172,0.1311,False
r1b1k1nr/ppppqpb1/2n4p/6P1/2B1Pp2/1QP2N2/PP1P2P1/RNB1K2R b KQkq - 0 8,16,SRiomDPO,h6g5,257,27,h6g5,0.7196,0.7287,0.7372,0.7601,h6g5,h6g5,h6g5,h6g5,0.0,0.7601,0.0405,False
r1b1k1nb/ppppqp2/2n5/6p1/2BPPp2/1QP2N2/PP4P1/RNB1K3 b Qq - 0 10,20,SRiomDPO,e7e4,302,10,c6a5,0.483,0.4186,0.3572,0.306,e7e4,e7e4,e7e4,c6a5,81.0,0.483,-0.177,False
r1b1k1nb/ppppqp2/8/6p1/2QPPp2/2P2N2/PP4P1/RNB1K3 b Qq - 0 12,24,SRiomDPO,e7e4,267,11,g5g4,0.7681,0.7837,0.8275,0.8555,e7e4,e7e4,e7e4,e7e4,0.0,0.8555,0.0874,False
r1b1k1n1/ppppqp2/8/4P3/2Q1Ppp1/2P5/PP4P1/RNB1K3 b Qq - 0 14,28,SRiomDPO,e7e5,283,79,e7e5,0.7195,0.6942,0.5934,0.4455,e7e5,e7e5,e7e5,e7h4,88.0,0.7195,-0.274,False
r1b1k1n1/pppp1p2/8/3P4/5pp1/2P5/PP4P1/RNB1K3 b Qq - 0 16,32,SRiomDPO,g8e7,255,93,f4f3,0.0088,0.0083,0.0057,0.0044,f4f3,f4f3,f4f3,f4f3,137.0,0.0088,-0.0044,True
r1b1k1n1/pppp1p2/8/3P4/8/2P2p2/PP3K2/RNB5 b q - 1 18,36,SRiomDPO,g8f6,135,12,g8f6,0.2623,0.225,0.2188,0.2308,d7d6,d7d6,d7d6,d7d6,10.0,0.2623,-0.0315,False
r1b1k3/ppp2p2/3p1n2/3P4/2P5/5K2/PP6/RNB5 b q - 0 20,40,SRiomDPO,c8g4,133,16,c8g4,0.5896,0.6018,0.5886,0.5296,c8g4,c8g4,c8g4,c8g4,0.0,0.6018,-0.06,False
2kr4/ppp2p2/3p1n2/3P2K1/2P3b1/8/PP6/RNB5 b - - 4 22,44,SRiomDPO,f6d5,-54,97,d8e8,0.0033,0.0029,0.0031,0.0033,f6e4,f6e4,f6e4,f6e4,216.0,0.0033,0.0,True
2k5/ppp2p2/3p1K2/3P4/2P3b1/2N5/PP6/R1B1r3 b - - 2 24,48,SRiomDPO,e1f1,-236,25,g4h5,0.582,0.5851,0.5699,0.5102,e1f1,e1f1,e1f1,e1f1,0.0,0.5851,-0.0718,False
2k5/ppp2p2/3p4/3P2Kb/2P5/1PN5/P7/R1B2r2 b - - 2 26,52,SRiomDPO,h5g6,-255,23,h5g6,0.6469,0.7264,0.7562,0.7563,h5g6,h5g6,h5g6,h5g6,0.0,0.7563,0.1094,False
2k5/ppp2p2/3p2b1/3P2K1/2P5/BPN5/P4r2/R7 b - - 6 28,56,SRiomDPO,b7b6,-247,26,a7a6,0.0061,0.008,0.0117,0.0155,f2g2,f2g2,f2g2,f2g2,48.0,0.0155,0.0094,False
2k5/1pp2p2/p2p2b1/3P2K1/2P1N3/BP3r2/P7/4R3 b - - 3 30,60,SRiomDPO,g6e4,-197,33,f3f5,0.1387,0.1308,0.1265,0.1084,f3f5,f3f5,f3f5,f3f5,85.0,0.1387,-0.0303,False
2k5/1pp2p2/p2p2bK/3Pr3/2P1N3/1P6/PB6/4R3 b - - 7 32,64,SRiomDPO,e5e4,199,518,e5e4,0.3975,0.4095,0.4671,0.4798,e5h5,e5h5,e5h5,e5h5,494.0,0.4798,0.0823,False
2k5/1pp2p2/p2p3K/3P4/2P1b3/PP6/1B6/8 b - - 0 34,68,SRiomDPO,e4b1,281,5,e4c2,0.0073,0.0047,0.0032,0.0032,e4c2,e4c2,e4c2,e4c2,-42.0,0.0073,-0.0041,False
rnbqkb1r/pp3ppp/1n2p3/8/3NP3/4B3/PP2BPPP/RN1QK2R b KQkq - 0 8,16,wQo6NXYY,f8c5,-75,27,f8e7,0.2999,0.2918,0.236,0.1265,f8b4,f8b4,f8b4,f8b4,15.0,0.2999,-0.1734,False
rnbq1rk1/pp2bppp/1n2p3/8/3NP3/2N1B3/PP2BPPP/R2Q1RK1 b - - 4 10,20,wQo6NXYY,b8c6,-97,4,e7f6,0.2296,0.2037,0.1781,0.1662,b8c6,b8c6,b8c6,c8d7,4.0,0.2296,-0.0634,False
rnbq1rk1/pp3ppp/1n3b2/1N2p3/4P3/2N1B3/PP1QBPPP/R4RK1 b - - 1 12,24,wQo6NXYY,d8d2,-52,71,d8e7,0.5674,0.7565,0.855,0.8783,d8d2,d8d2,d8d2,d8d2,0.0,0.8783,0.3109,False
rnb2rk1/1p2qppp/pB3b2/1N2p3/4P3/2N5/PP1QBPPP/2R2RK1 b - - 0 14,28,wQo6NXYY,a6b5,-345,186,a6b5,0.8778,0.9501,0.9751,0.9809,a6b5,a6b5,a6b5,a6b5,0.0,0.9809,0.1031,False
rn3rk1/1p1bqppp/1B3b2/1B1Np3/4P3/8/PP1Q1PPP/2R2RK1 b - - 2 16,32,wQo6NXYY,d7b5,-369,43,e7e8,0.0617,0.0457,0.0437,0.0355,e7d6,e7d6,e7d6,e7d6,189.0,0.0617,-0.0262,False
rn3rk1/1pNbqppp/5b2/1BB1p3/4P3/8/PP1Q1PPP/2R2RK1 b - - 6 18,36,wQo6NXYY,e7d8,-475,74,e7d8,0.4763,0.4601,0.4372,0.4372,e7d8,e7d8,e7d8,e7d8,0.0,0.4763,-0.0391,False
Nn3qk1/1p1b1ppp/5b2/1B2p3/4P3/8/PP1Q1PPP/2R2RK1 b - - 0 20,40,wQo6NXYY,d7b5,-462,158,d7b5,0.8756,0.9218,0.9458,0.9471,d7b5,d7b5,d7b5,d7b5,0.0,0.9471,0.0715,False
1n3qk1/1pN2ppp/5b2/4p3/4P3/8/PP1Q1PPP/2R2K2 b - - 0 22,44,wQo6NXYY,h7h6,-415,9,g7g6,0.2664,0.2839,0.2318,0.1941,b8c6,b8c6,b8c6,b8c6,63.0,0.2839,-0.0723,False
1n3qk1/1p3pbp/6p1/3Np3/4P2P/8/PP1Q1PP1/2R2K2 b - - 0 24,48,wQo6NXYY,g7h6,-364,64,b8c6,0.2184,0.2,0.1996,0.2198,b8c6,b8c6,b8c6,b8c6,54.0,0.2198,0.0014,False
5qk1/1p3pb1/2n3p1/3Np2p/1P2P2P/2Q5/P4PP1/2R2K2 b - - 0 26,52,wQo6NXYY,g8h7,-383,72,g8h7,0.1105,0.1763,0.1933,0.1738,c6d4,c6d4,c6d4,c6d4,138.0,0.1933,0.0633,False
q7/1p3pbk/2n3p1/1P1Np2p/P3P2P/2Q5/5PP1/2R2K2 b - - 0 28,56,wQo6NXYY,c6d4,-378,88,c6d4,0.4646,0.5434,0.6125,0.6417,c6d4,c6d4,c6d4,c6d4,0.0,0.6417,0.1771,False
3q4/1p2Qpbk/6p1/1P1Np2p/P2nP2P/8/5PP1/2R2K2 b - - 4 30,60,wQo6NXYY,d8e7,-560,21,d8a5,0.1236,0.0951,0.0676,0.0495,d8a5,d8a5,d8a5,d8a5,65.0,0.1236,-0.0741,False
8/1QR2pbk/6p1/1P1Np2p/P2nP2P/8/3q1PP1/5K2 b - - 2 32,64,wQo6NXYY,d2d1,1999,13,d2e2,0.7073,0.7383,0.7471,0.7,d2d1,d2d1,d2d1,d2d1,0.0,0.7471,-0.0073,False
8/1QR2pbk/6p1/1P1Np2p/P2nP2P/8/5PPK/4q3 b - - 6 34,68,wQo6NXYY,d4e2,1987,1987,e1f2,0.0484,0.0334,0.0232,0.0209,e1f2,e1f2,e1f2,e1f2,1987.0,0.0484,-0.0275,True
r1bq1rk1/ppp1ppbp/2np2p1/7n/3P4/2P1PN1P/PP2BPPB/RN1QK2R b KQ - 4 8,16,ZetMjwfU,c8d7,-53,1,e7e5,0.0129,0.013,0.0133,0.0076,e7e5,e7e5,e7e5,e7e5,43.0,0.0133,-0.0053,False
r1bQ1rk1/ppp2pbp/2n3p1/4p2n/8/2P1PN1P/PP2BPPB/RN2K2R b KQ - 0 10,20,ZetMjwfU,f8d8,-104,103,f8d8,0.9493,0.9819,0.9924,0.9967,f8d8,f8d8,f8d8,f8d8,0.0,0.9967,0.0474,False
r2r2k1/ppp2pbp/2n1b1p1/4p2n/8/2P1PN1P/PP1NBPPB/R4RK1 b - - 3 12,24,ZetMjwfU,h5f6,-36,59,f7f5,0.0694,0.0852,0.0895,0.0671,e5e4,f7f5,f7f5,f7f5,82.0,0.0895,-0.0023,False
r2r2k1/ppp3b1/2n1b1pp/4pp1n/2B5/P1P1PN1P/1P1N1PPB/R4RK1 b - - 1 14,28,ZetMjwfU,e6c4,-17,22,g8f7,0.8507,0.9007,0.9089,0.878,e6c4,e6c4,e6c4,e6c4,0.0,0.9089,0.0273,False
r2r4/ppp3b1/2n1k1pp/4pp1n/2N5/P1P1PN1P/1P3PPB/R4RK1 b - - 1 16,32,ZetMjwfU,b7b5,52,18,b7b5,0.1655,0.1914,0.207,0.1951,e5e4,e5e4,e5e4,b7b5,0.0,0.207,0.0296,False
r2r4/p1p1n1b1/4k1pp/1p2pp1n/8/P1P1PN1P/1P1N1PPB/3R1RK1 b - - 3 18,36,ZetMjwfU,e7c6,-63,33,c7c5,0.02,0.0224,0.0245,0.0222,e5e4,e5e4,c7c5,c7c5,86.0,0.0245,0.0022,False
r1r5/p3n1b1/4k1pp/1pp1pp1n/8/PNP1PN1P/1P1R1PPB/5RK1 b - - 3 20,40,ZetMjwfU,c5c4,-101,30,a7a5,0.4068,0.3744,0.2884,0.1555,c5c4,c5c4,a7a5,a7a5,36.0,0.4068,-0.2513,False
r7/4n1b1/2r1k1pp/ppp1pp1n/7N/PNP1P2P/1P1R1PPB/3R2K1 b - - 3 22,44,ZetMjwfU,a8a6,16,16,a5a4,0.0171,0.0175,0.0195,0.0266,a5a4,a5a4,a5a4,g7f6,20.0,0.0266,0.0095,False
r7/4n1b1/2r1k1pp/2p1pp1n/pP5N/P3P2P/1P1R1PPB/2NR2K1 b - - 0 24,48,ZetMjwfU,c5b4,-47,13,c5b4,0.8063,0.8448,0.876,0.8707,c5b4,c5b4,c5b4,c5b4,0.0,0.876,0.0644,False
r1bq1rk1/ppp1bppp/2n2n2/3pp3/4P3/2PP2NP/PP2BPP1/RNBQ1RK1 b - - 0 8,16,j3xPBqHO,a7a5,22,6,d5d4,0.0045,0.0031,0.0026,0.0281,d5e4,d5e4,d5e4,d5e4,12.0,0.0281,0.0236,False
r1bq1rk1/ppp1bpp1/2n2n1p/4pP2/3pP3/2PP2NP/PP2B1P1/RNBQ1RK1 b - - 0 10,20,j3xPBqHO,b7b5,27,8,f6h7,0.0692,0.0552,0.0361,0.0394,d4c3,d4c3,d4c3,d4c3,7.0,0.0692,-0.0298,False
r1bq1rk1/ppp1b1pn/2n2p1p/4pP1N/3pP3/2PP1R1P/PP2B1P1/RNBQ2K1 b - - 1 12,24,j3xPBqHO,g8h8,-87,44,g8h8,0.0237,0.0317,0.044,0.0782,h7g5,h7g5,h7g5,h7g5,124.0,0.0782,0.0545,False
r1bq1r2/ppp1b1kn/2n2p1p/4pP2/3pP3/2PP2RP/PP2B1P1/RNBQ2K1 b - - 1 14,28,j3xPBqHO,g7h8,-42,9,g7h8,0.2864,0.3068,0.384,0.48,h7g5,h7g5,h7g5,h7g5,11.0,0.48,0.1936,False
r1bq2rk/ppp1b2n/2n2p1B/4pP2/3pP1B1/2PP2RP/PP4P1/RN1Q2K1 b - - 2 16,32,j3xPBqHO,e7f8,225,12,c8d7,0.1179,0.1407,0.1294,0.1158,h7g5,h7g5,h7g5,h7g5,149.0,0.1407,-0.0021,False
r2q2rk/pppbb2n/2n2p1B/4pP2/4P1B1/2PP1QRP/P5P1/RN4K1 b - - 0 18,36,j3xPBqHO,e7c5,204,16,d7e8,0.1531,0.0886,0.0619,0.064,h7g5,h7g5,h7g5,h7g5,19.0,0.1531,-0.0891,False
r2qb1rk/ppp1b2n/5p1B/4pP2/3PP1B1/3P1QRP/P2N2P1/R5K1 b - - 0 20,40,j3xPBqHO,d8d4,296,542,d8d4,0.6918,0.8268,0.9066,0.9459,d8d4,d8d4,d8d4,d8d4,0.0,0.9459,0.2541,False
r3b1rk/ppp1b2n/5p1B/4pP2/4P1BP/3P1QR1/P2N2PK/q7 b - - 0 22,44,j3xPBqHO,e7c5,361,12,e7c5,0.0154,0.0135,0.0143,0.0183,a1a2,a1a2,a1a2,a1a2,10.0,0.0183,0.0029,False
r3b1rk/ppp4n/5p2/2b1pP2/3qP1BP/3PBQR1/P5PK/5N2 b - - 4 24,48,j3xPBqHO,d4d6,354,3,d4d6,0.3971,0.5573,0.6698,0.7113,d4d6,d4d6,d4d6,d4d6,0.0,0.7113,0.3142,False
r5Rk/ppp2b1n/3q1p2/2b1pP2/4P2P/3PBQ1B/P5PK/5N2 b - - 0 26,52,j3xPBqHO,a8g8,433,50,a8g8,0.9496,0.9805,0.9887,0.9858,a8g8,a8g8,a8g8,a8g8,0.0,0.9887,0.0362,False
3r3k/ppp2b1n/3q1p2/2b1pPP1/4P2P/3PBQ1B/P6K/5N2 b - - 0 28,56,j3xPBqHO,c5e3,458,7,f6g5,0.2595,0.3082,0.3572,0.3633,f6g5,f6g5,f6g5,f6g5,-24.0,0.3633,0.1038,False
3r3k/ppp2b1n/8/2b1pPB1/4P1QP/3q3B/P6K/5N2 b - - 1 30,60,j3xPBqHO,d3c2,566,17,d3c2,0.1522,0.1316,0.0954,0.0773,h7g5,d8g8,d8g8,h7g5,94.0,0.1522,-0.0749,False
6rk/ppp2b1n/8/2b1pPB1/4P2P/6Q1/P1q3BK/5N2 b - - 5 32,64,j3xPBqHO,c2f2,572,41,c5d6,0.0233,0.0325,0.044,0.0541,h7g5,h7g5,h7g5,h7g5,122.0,0.0541,0.0308,False
6rk/ppp2b1n/3b4/4pPB1/4P2P/4N1QK/q5B1/8 b - - 1 34,68,j3xPBqHO,a2a3,515,7,f7h5,0.0531,0.0485,0.04,0.0341,h7g5,h7g5,h7g5,h7g5,22.0,0.0531,-0.019,False
r1bqk1nr/1p1p1pbp/p1n3p1/4p3/4P2P/2N1BN2/PPP2PP1/R2QKB1R b KQkq - 0 8,16,NoOt7opT,g8f6,-170,58,g8f6,0.2058,0.199,0.1805,0.1012,g8e7,g8e7,h7h5,h7h5,240.0,0.2058,-0.1046,False
r1bqk2r/1p1p1pbp/p1n3p1/4p3/4P1nP/2N1BN2/PPPQ1PP1/2KR1B1R b kq - 4 10,20,NoOt7opT,g4e3,-180,8,g4e3,0.5495,0.7234,0.8351,0.8815,g4e3,g4e3,g4e3,g4e3,0.0,0.8815,0.332,False
r1bqk2r/1p1p1pb1/p1n3p1/4p2p/4P2P/2N1QN2/PPP2PP1/1K1R1B1R b kq - 1 12,24,NoOt7opT,b7b5,-78,51,d8a5,0.1665,0.1947,0.2101,0.1784,e8g8,e8g8,e8g8,d7d6,57.0,0.2101,0.0119,False
r1b1k2r/3p1pb1/p1n3p1/qp1Rp2p/4P2P/P1N1QN2/1PP2PP1/1K3B1R b kq - 0 14,28,NoOt7opT,a8b8,-61,24,c8b7,0.0319,0.0358,0.0408,0.047,b5b4,b5b4,b5b4,e8g8,46.0,0.047,0.0151,False
r3k2r/1b1p1pb1/2n3p1/qN1Rp2p/4P2P/P3QN2/1PP2PP1/1K5R b kq - 0 16,32,NoOt7opT,e8g8,258,375,e8g8,0.2551,0.3859,0.5508,0.6823,e8g8,e8g8,e8g8,e8g8,0.0,0.6823,0.4272,False
r4rk1/qb1p1pb1/2nN2p1/3Rp1Qp/4P2P/P4N2/1PP2PP1/1K5R b - - 4 18,36,NoOt7opT,c6d4,380,23,c6b4,0.1946,0.2181,0.2539,0.2709,c6b4,c6b4,c6b4,c6d4,0.0,0.2709,0.0763,False
r4rk1/qb1p1pb1/3N2p1/4R1Qp/4P2P/P4N2/1PK2PP1/7R b - - 0 20,40,NoOt7opT,g7e5,308,42,a7f2,0.4584,0.4567,0.4497,0.4221,g7e5,g7e5,g7e5,g7e5,0.0,0.4584,-0.0363,False
r4rk1/1b1p1p2/3N2p1/4N1Qp/4P2P/P7/1P3qP1/1K5R b - - 0 22,44,NoOt7opT,f8b8,406,130,a8b8,0.0073,0.0062,0.006,0.0076,b7e4,b7e4,b7e4,b7e4,714.0,0.0076,0.0003,True
1r3rk1/1b1p1p2/3N2p1/4N1Qp/1P1qP2P/P7/6P1/1K1R4 b - - 2 24,48,NoOt7opT,d4d1,765,388,d4d1,0.709,0.7479,0.7686,0.7675,d4d1,d4d1,d4d1,d4d1,0.0,0.7686,0.0585,False
r1bq1rk1/1pp2ppp/2np1n2/p1b1p3/4P3/PQPP3P/BP3PP1/RNB1K1NR b KQ - 0 8,16,YQu4yAbU,c8e6,111,20,c8e6,0.3859,0.2858,0.221,0.1268,c8e6,c8e6,c8e6,c5b6,46.0,0.3859,-0.2591,False
r2q1rk1/1Qp2ppp/2np1n2/p1b1p3/4P3/P1PP3P/RP3PP1/1NB1K1NR b K - 0 10,20,YQu4yAbU,f6e4,224,95,d8d7,0.0002,0.0002,0.0002,0.0001,d8d7,d8d7,d8d7,d8d7,89.0,0.0002,-0.0001,False
1r3rk1/2pq1ppp/2np1n2/p1b1p3/4P3/P1PP3P/RP3PP1/1NBQK1NR b K - 4 12,24,YQu4yAbU,d6d5,92,42,c5a3,0.2572,0.2349,0.2526,0.4103,d7e6,d7e6,d7e6,d6d5,0.0,0.4103,0.1531,False
1r3rk1/2pq1ppp/2n2n2/p2Pp3/8/R1PP3P/1P3PP1/1NBQK1NR b K - 0 14,28,YQu4yAbU,d7d5,-313,93,f6d5,0.4979,0.5773,0.6433,0.6955,d7d5,d7d5,d7d5,d7d5,0.0,0.6955,0.1976,False
1r2r1k1/2pq1ppp/2n5/p2np3/8/R1PP1N1P/1P3PP1/1NBQ1RK1 b - - 3 16,32,YQu4yAbU,e8e6,-413,9,f7f5,0.0406,0.054,0.063,0.0501,e5e4,e5e4,e5e4,e5e4,70.0,0.063,0.0095,False
1r2r1k1/2pq2pp/2n5/p3pp2/1nP5/R2P1N1P/1P1B1PP1/1N1Q1RK1 b - - 2 18,36,YQu4yAbU,b4d3,-284,72,b4d3,0.5378,0.6386,0.6809,0.686,b4d3,b4d3,b4d3,b4d3,0.0,0.686,0.1482,False
4r1k1/2pq2pp/2n5/B3pp2/2P5/3R1N1P/1r3PP1/1N1Q1RK1 b - - 0 20,40,YQu4yAbU,b2b1,-571,18,d7f7,0.0481,0.0324,0.0235,0.0169,c6d4,c6d4,c6d4,c6d4,46.0,0.0481,-0.0312,False
4r1k1/2R3pp/2n5/B3pp2/2q5/5N1P/1r3PP1/1N1Q1RK1 b - - 0 22,44,YQu4yAbU,c4f1,-608,41,c4e4,0.0021,0.0021,0.0019,0.0016,c6a5,c6a5,c6a5,c6a5,82.0,0.0021,-0.0005,False
6k1/2R1r1pp/2Q5/B3pp2/4q3/5N1P/1r3PP1/1N3RK1 b - - 0 24,48,YQu4yAbU,e4c6,-696,55,e7c7,0.2535,0.2455,0.2271,0.2256,e7c7,e7c7,e7c7,e7c7,1303.0,0.2535,-0.0279,False
3Q2k1/6pp/8/B3pp2/4q3/5N1P/5PP1/1r3RK1 b - - 1 26,52,YQu4yAbU,g8f7,-1988,0,g8f7,1.0,1.0,1.0,1.0,g8f7,g8f7,g8f7,g8f7,0.0,1.0,0.0,False
3Q4/6pp/6k1/B3pp2/4N3/7P/5PP1/1r3RK1 b - - 0 28,56,YQu4yAbU,f5e4,-1992,0,f5e4,0.1592,0.0972,0.0742,0.0725,b1f1,b1f1,b1f1,b1f1,0.0,0.1592,-0.0867,False
r1b1kbnr/pp1n1pp1/2pP3p/q7/2B1PB2/2N2N2/PPP2PPP/R2QK2R b KQkq - 2 8,16,JtVg7R7e,g7g5,-399,42,b7b5,0.3301,0.2459,0.2346,0.2575,g7g5,g8f6,g8f6,g8f6,74.0,0.3301,-0.0726,False
r1b1kbnr/p4pp1/2pP3p/qpn5/4PB2/1BN2N2/PPP2PPP/R2Q1RK1 b kq - 3 10,20,JtVg7R7e,g8f6,-582,19,c5e6,0.0435,0.0341,0.0284,0.025,c5b3,c5b3,c5b3,c5b3,42.0,0.0435,-0.0185,False
r3kbnr/p2b1pp1/2pPn2p/qp2N3/4P3/1BN3B1/PPP2PPP/R2Q1RK1 b kq - 7 12,24,JtVg7R7e,h6h5,-589,20,g8f6,0.0104,0.009,0.0093,0.0117,e8c8,e8c8,g8f6,g8f6,12.0,0.0117,0.0013,False
r3kb1r/p2N1pp1/2pPnn1p/q7/1p2PP2/1BN3B1/PPP3PP/R2Q1RK1 b kq - 0 14,28,JtVg7R7e,e8d7,-401,65,e8d7,0.3327,0.2021,0.1661,0.1848,f6d7,f6d7,f6d7,f6d7,77.0,0.3327,-0.1479,False
r4b1r/p2k2p1/2pPpn1p/q7/1p2PP2/6B1/PPP1N1PP/R2Q1RK1 b - - 1 16,32,JtVg7R7e,f6e4,-263,172,f6e4,0.6384,0.6881,0.7352,0.7513,f6e4,f6e4,f6e4,f6e4,0.0,0.7513,0.1129,False
r4b1r/p2k2p1/1qpPp2p/8/1p2nP2/3Q2B1/PPP1N1PP/R4R1K b - - 3 18,36,JtVg7R7e,e4d6,-400,27,e4g3,0.199,0.1826,0.1878,0.2176,e4g3,e4g3,e4g3,e4g3,66.0,0.2176,0.0186,False
r6r/p2k2p1/1qpbp2p/8/1p3P2/3Q2N1/PPP3PP/3R1R1K b - - 1 20,40,JtVg7R7e,c6c5,-546,21,c6c5,0.3447,0.378,0.4287,0.462,c6c5,c6c5,c6c5,c6c5,0.0,0.462,0.1173,False
r6r/p2k2p1/1q1Qp2p/8/1pp1NP2/8/PPP3PP/3R1R1K b - - 0 22,44,JtVg7R7e,b6d6,-529,198,b6d6,0.9355,0.9562,0.9666,0.973,b6d6,b6d6,b6d6,b6d6,0.0,0.973,0.0375,False
r6r/p3k1p1/3Rp2p/8/1pp1NP2/8/PPP3PP/3R3K b - - 2 24,48,JtVg7R7e,h8c8,-509,26,h8c8,0.0059,0.0089,0.0119,0.0155,a8d8,a8d8,h8d8,h8d8,35.0,0.0155,0.0096,False
r1r5/p3k1p1/3Rp2p/8/2p2P2/2N5/PP4PP/3R3K b - - 0 26,52,JtVg7R7e,c8b8,-484,12,a7a6,0.0214,0.0192,0.0149,0.0135,c8d8,c8c7,c8c7,c8c7,14.0,0.0214,-0.0079,False
r1r5/6p1/p2Rpk1p/8/2p2P2/2N4P/PP4P1/4R2K b - - 2 28,56,JtVg7R7e,c8d8,-495,11,c8e8,0.023,0.015,0.01,0.009,c8e8,c8e8,c8e8,c8e8,27.0,0.023,-0.014,False
r3r3/6p1/p2Rp2p/5k2/2p1NP2/6PP/PP6/4R2K b - - 0 30,60,JtVg7R7e,e8b8,-487,2,g7g5,0.019,0.0293,0.0521,0.0901,e6e5,a8b8,a8b8,a8b8,22.0,0.0901,0.0711,False
r3r3/8/p1RNp2p/5k2/2p2p2/6PP/PP6/4R2K b - - 1 32,64,JtVg7R7e,f5f6,-542,111,f5g5,0.5376,0.5091,0.5064,0.5151,f5f6,f5f6,f5f6,f5f6,0.0,0.5376,-0.0225,False
4r3/8/p1R1p2p/6k1/2p2P2/7P/PP6/4R2K b - - 0 34,68,JtVg7R7e,g5h4,-593,20,g5f4,0.0139,0.0103,0.0075,0.0067,g5f4,g5f4,g5f4,g5f4,19.0,0.0139,-0.0072,False
r1bq1rk1/1pp1bppp/p1n1pn2/3p2B1/2PP4/P1N1PN2/1P3PPP/2RQKB1R b K - 2 8,16,eeFGKExL,h7h6,-68,5,h7h6,0.2099,0.259,0.3189,0.344,h7h6,h7h6,h7h6,h7h6,0.0,0.344,0.1341,False
r1bq1rk1/1pp2pp1/p1n1pb1p/3p4/2PP4/P1N1PN2/1PQ2PPP/2R1KB1R b K - 1 10,20,eeFGKExL,e6e5,-26,24,b7b6,0.1002,0.0874,0.0659,0.0338,f8e8,f8e8,f8e8,f8e8,31.0,0.1002,-0.0664,False
r1bq1rk1/2p2pp1/pp2pb1p/n2P4/1P1P4/P1N1PN2/2Q2PPP/2R1KB1R b K - 0 12,24,eeFGKExL,a5b7,-261,121,a5b7,0.8516,0.8946,0.8999,0.9097,a5b7,a5b7,a5b7,a5b7,0.0,0.9097,0.0581,False
r1bq1rk1/2p2pp1/pp1npb1p/3P4/1P1PN3/P2BPN2/2Q2PPP/2R1K2R b K - 4 14,28,eeFGKExL,d6e4,-51,103,d6e4,0.54,0.6387,0.6203,0.5197,d6e4,d6e4,d6e4,d6e4,0.0,0.6387,-0.0203,False
2bq1rk1/r1p2pp1/pp2Pb1p/8/1P1PB3/P3PN2/2Q2PPP/2R1K2R b K - 0 16,32,eeFGKExL,c8e6,-255,59,c8e6,0.8,0.8398,0.8163,0.813,c8e6,c8e6,c8e6,c8e6,0.0,0.8398,0.013,False
5rk1/r1p1qpp1/ppB1bb1p/8/1P1P4/P1Q1PN2/5PPP/2R1K2R b K - 3 18,36,eeFGKExL,a6a5,-222,10,f8d8,0.2278,0.1868,0.1596,0.2002,a6a5,a6a5,e6g4,e6g4,60.0,0.2278,-0.0276,False
3r2k1/r1p1qpp1/1pB1bb1p/pP6/3P4/P1Q1PN2/5PPP/2R2RK1 b - - 0 20,40,eeFGKExL,a5a4,-235,45,e7f8,0.0895,0.0821,0.068,0.0743,e6d5,e6d5,e6d5,e6d5,91.0,0.0895,-0.0152,False
3r1qk1/r1p1bpp1/1pB1b2p/pP6/3P4/P1Q1PN1P/5PP1/R4RK1 b - - 2 22,44,eeFGKExL,a5a4,-265,14,e6d5,0.064,0.0477,0.0348,0.042,e6d5,e7f6,e7f6,e7f6,9.0,0.064,-0.022,False
3r1qk1/r1p1b1p1/1p3p1p/pP1BN3/3P4/P1Q1P2P/5PP1/R4RK1 b - - 0 24,48,eeFGKExL,d8d5,-518,212,d8d5,0.8791,0.9586,0.9841,0.9923,d8d5,d8d5,d8d5,d8d5,0.0,0.9923,0.1132,False
r4qk1/2p1b1p1/1pN2p1p/pP1r4/2QP4/P3P2P/5PP1/R4RK1 b - - 3 26,52,eeFGKExL,g8h7,-540,2,a8d8,0.0258,0.0198,0.016,0.015,f8f7,f8f7,f8f7,f8f7,293.0,0.0258,-0.0108,True
3q2k1/2p1b1p1/1p3p1p/pP1r4/2QPP3/P6P/5PP1/R4RK1 b - - 0 28,56,eeFGKExL,h6h5,-696,11,e7d6,0.0023,0.0016,0.0014,0.0014,c7c6,c7c6,c7c6,c7c6,32.0,0.0023,-0.0009,False
3q3k/2p3p1/1p1b1p1p/pP1QP3/3P4/P6P/5PP1/R4RK1 b - - 0 30,60,eeFGKExL,d6e7,-801,39,f6e5,0.0537,0.0537,0.0515,0.0541,f6e5,f6e5,f6e5,f6e5,35.0,0.0541,0.0004,False
3Q3k/2p1b1p1/1p5p/pP2P3/8/P6P/5PP1/R4RK1 b - - 0 32,64,eeFGKExL,e7d8,-911,1078,e7d8,0.9952,0.9982,0.9988,0.9994,e7d8,e7d8,e7d8,e7d8,0.0,0.9994,0.0042,False
r1bqk1nr/p3ppbp/1pnp2p1/8/3NPP2/2N1B3/PPP3PP/R2QKB1R b KQkq - 0 8,16,OgTcHU85,c8d7,-71,8,c8b7,0.0222,0.023,0.0282,0.0703,c8b7,c8b7,c8b7,c8b7,24.0,0.0703,0.0481,False
r2qk1nr/p3ppbp/1pbp2p1/8/3BPP2/2N5/PPP3PP/R2QKB1R b KQkq - 1 10,20,OgTcHU85,g8f6,-33,7,g8f6,0.2163,0.2618,0.3851,0.5991,g7d4,g7d4,g8f6,g8f6,0.0,0.5991,0.3828,False
r3k2r/p2qppbp/1pbp1np1/1B6/3BPP2/2N2Q2/PPP3PP/R3K2R b KQkq - 5 12,24,OgTcHU85,c6b5,364,421,c6b5,0.5831,0.6226,0.6293,0.5662,c6b5,c6b5,c6b5,c6b5,0.0,0.6293,-0.0169,False
r3k2r/p2q1pbp/1p1p1np1/1N2P3/3BP3/5Q2/PPP3PP/R3K2R b KQkq - 0 14,28,OgTcHU85,d6e5,51,202,d6e5,0.6494,0.6541,0.6789,0.6878,d6e5,d6e5,d6e5,d6e5,0.0,0.6878,0.0384,False
r3k2r/p4pbp/1p3Bp1/1q6/4P3/5Q2/PPP3PP/R3K2R b KQkq - 0 16,32,OgTcHU85,g7f6,47,11,g7f6,0.7065,0.5934,0.4722,0.354,g7f6,g7f6,g7f6,e8g8,142.0,0.7065,-0.3525,False
r4rk1/p4p1p/1p3Qp1/1q6/4P3/8/PPP3PP/2KR3R b - - 2 18,36,OgTcHU85,b5a4,-1,6,b5a4,0.0578,0.0566,0.0485,0.0402,a8c8,a7a5,a8c8,a8c8,10.0,0.0578,-0.0176,False
r4rk1/p4p1p/1p3Qp1/8/4q2P/8/PPP3P1/1K1R3R b - - 0 20,40,OgTcHU85,f8c8,12,10,a8c8,0.0108,0.0143,0.0228,0.0291,e4g2,e4g2,a8c8,a8c8,3.0,0.0291,0.0183,False
5rk1/p4p1p/1pr3p1/8/3Qq2P/8/PPPR2P1/1K5R b - - 4 22,44,OgTcHU85,f8e8,42,14,e4d4,0.0242,0.0229,0.0391,0.0831,e4d4,e4d4,e4d4,e4d4,12.0,0.0831,0.0589,False
2r3k1/p4p1p/1pr3p1/8/3R3P/2P5/PP4P1/1K5R b - - 0 24,48,OgTcHU85,c8e8,3,6,h7h5,0.099,0.1122,0.1494,0.1632,a7a5,h7h5,h7h5,h7h5,4.0,0.1632,0.0642,False
2r3k1/3R1p2/1pr3p1/p6p/7P/2P5/PP4P1/1K3R2 b - - 1 26,52,OgTcHU85,c8f8,-6,34,f7f5,0.1602,0.1135,0.0646,0.0405,c8c7,c8c7,c8c7,c8c7,87.0,0.1602,-0.1197,False
2r3k1/1R6/2r3p1/pp3p1p/7P/2P5/PP4P1/1K2R3 b - - 1 28,56,OgTcHU85,c6c4,-50,13,b5b4,0.0482,0.0366,0.0281,0.0244,c6c5,c6c5,c6c5,c6c5,29.0,0.0482,-0.0238,False
2r3k1/8/2r3p1/5p1p/1R5P/8/PP4P1/1K2R3 b - - 0 30,60,OgTcHU85,g8f7,-203,6,c6c2,0.1249,0.1368,0.1686,0.1892,c6c2,c6c2,c6c2,c6c2,35.0,0.1892,0.0643,False
2r5/5k2/6p1/5p1p/PR5P/6P1/1Pr5/1K2R3 b - - 0 32,64,OgTcHU85,g6g5,-249,31,c2g2,0.002,0.0004,0.0001,0.0001,c2g2,c2g2,c2g2,c2g2,60.0,0.002,-0.0019,False
8/5k2/2r3p1/P4p1p/1R5P/4R1P1/1P4r1/1K6 b - - 0 34,68,OgTcHU85,g6g5,-374,15,f7f6,0.0036,0.0014,0.0009,0.001,c6a6,c6a6,c6a6,c6a6,96.0,0.0036,-0.0026,False
r2qkb1r/pp1bpppp/2n5/1Bpp4/4n3/2PP1N2/PP3PPP/RNBQR1K1 b kq - 0 8,16,9EFUuGbC,e4f6,95,38,e4f6,0.468,0.5561,0.5514,0.5041,e4f6,e4f6,e4f6,e4f6,0.0,0.5561,0.0361,False
r2qkb1r/pp1b1ppp/2n1pn2/1Bpp2B1/8/2PP1N2/PP1N1PPP/R2QR1K1 b kq - 1 10,20,9EFUuGbC,f8e7,140,15,f8e7,0.5877,0.7596,0.8834,0.9404,f8e7,f8e7,f8e7,f8e7,0.0,0.9404,0.3527,False
r2qk2r/pp1bbppp/2B1pn2/3p2B1/3p4/2P2N2/PP1N1PPP/R2QR1K1 b kq - 0 12,24,9EFUuGbC,d7c6,143,36,d7c6,0.882,0.8422,0.7378,0.6298,d7c6,d7c6,d7c6,d7c6,0.0,0.882,-0.2522,False
r2qk2r/pp1bbppp/4pn2/3p2B1/3N4/2P2N2/PP3PPP/R2QR1K1 b kq - 2 14,28,9EFUuGbC,e8g8,132,12,h7h6,0.5447,0.6129,0.6987,0.7939,e8g8,e8g8,e8g8,e8g8,0.0,0.7939,0.2492,False
r2q1rk1/pp1bbpp1/4pn1p/3pN3/3N3B/2P5/PP3PPP/R2QR1K1 b - - 3 16,32,9EFUuGbC,f6e4,139,16,d7c8,0.2464,0.2996,0.2978,0.2561,f6e4,f6e4,f6e4,f6e4,0.0,0.2996,0.0097,False
r1bq1rk1/pp2Bpp1/4p2p/3pN3/3NnP2/2P5/PP4PP/R2QR1K1 b - - 0 18,36,9EFUuGbC,d8e7,121,603,d8e7,0.9994,0.9998,0.9999,0.9999,d8e7,d8e7,d8e7,d8e7,0.0,0.9999,0.0005,False
r4rk1/pp1bqpp1/4p2p/3pN3/3NnP2/1PPQ4/P5PP/R3R1K1 b - - 0 20,40,9EFUuGbC,f8d8,157,5,f8c8,0.0075,0.01,0.0127,0.0133,a8c8,a8c8,a8c8,a8c8,4.0,0.0133,0.0058,False
r1r1b1k1/pp2qpp1/4p2p/3pN3/2PNnP2/1P1Q4/P5PP/2R1R1K1 b - - 0 22,44,9EFUuGbC,f7f6,125,3,e4c5,0.2078,0.2117,0.2126,0.2254,e4c5,e4c5,e4c5,f7f6,0.0,0.2254,0.0176,False
r1r1b1k1/pp2qpp1/4p2p/2n1N3/2RN1P2/1P4Q1/P5PP/4R1K1 b - - 0 24,48,9EFUuGbC,c5a6,186,102,b7b5,0.0409,0.0399,0.0418,0.0384,c5d7,c5d7,c5d7,b7b5,128.0,0.0418,-0.0025,True
r1r1b1k1/p4pp1/3qp2p/1pn1N3/5P2/1PR2NQ1/P5PP/4R1K1 b - - 3 26,52,9EFUuGbC,c5e4,400,219,e8c6,0.2372,0.2999,0.3356,0.3014,b5b4,c5e4,c5e4,c5e4,0.0,0.3356,0.0642,False
r1r3k1/p4pp1/2b1p2p/1pn1N3/3q1P1N/1PR3Q1/P5PP/4R2K b - - 7 28,56,9EFUuGbC,c5e4,571,363,c5e4,0.6668,0.7406,0.7555,0.7301,c5e4,c5e4,c5e4,c5e4,0.0,0.7555,0.0633,False
r1r3k1/p4pp1/2N1p2p/1p6/4nP1N/1Pq1Q3/P5PP/4R2K b - - 0 30,60,9EFUuGbC,c3e3,635,64,c3e3,0.5485,0.6904,0.7728,0.8456,c3e3,c3e3,c3e3,c3e3,0.0,0.8456,0.2971,False
r3kb1r/pp2pppp/1qn2n2/3p1b2/3P1B2/1P1BPN2/P4PPP/RN1QK2R b KQkq - 2 8,16,8SZ2oxr5,b6a5,119,84,b6a5,0.0102,0.0066,0.0042,0.0025,f5d3,f5d3,f5d3,f5d3,82.0,0.0102,-0.0077,False
r3kb1r/pp2pppp/2n5/q2p1b2/3PnB2/1P1BPN2/P2NKPPP/R2Q3R b kq - 6 10,20,8SZ2oxr5,e4c3,585,254,c6b4,0.7266,0.841,0.8898,0.9227,e4c3,e4c3,e4c3,e4c3,0.0,0.9227,0.1961,False
r3kb1r/pp2pppp/8/q4b2/1n1PpB1N/1P2P3/P2NKPPP/R2Q3R b kq - 1 12,24,8SZ2oxr5,a5b5,365,10,f5g4,0.265,0.2402,0.2163,0.2291,f5g4,f5g4,f5g4,f5g4,196.0,0.265,-0.0359,False
r3kb1r/pp2pppp/q7/8/1n1PpBbN/1P2PP2/P2N1KPP/R2Q3R b kq - 2 14,28,8SZ2oxr5,e4f3,104,4,b4d3,0.3645,0.4416,0.4454,0.3703,b4d3,b4d3,b4d3,b4d3,15.0,0.4454,0.0058,False
r3kb1r/pp2pppp/q7/8/3P1BbN/1P1nPP2/P2N3P/R2Q2KR b kq - 0 16,32,8SZ2oxr5,g4h3,248,97,g4h5,0.3992,0.4263,0.4286,0.4053,g4h3,g4h3,g4h3,g4h3,0.0,0.4286,0.0061,False
r3kb1r/pp3ppp/q3p3/7b/2NP3N/1P1nPPB1/P6P/R2Q2KR b kq - 1 18,36,8SZ2oxr5,d3b4,81,81,d3b4,0.6648,0.7387,0.7518,0.8048,d3b4,d3b4,d3b4,d3b4,0.0,0.8048,0.14,False
r3kb1r/pp3ppp/q3p3/3n3b/2NP1N2/1P2PPB1/P6P/R2Q2KR b kq - 5 20,40,8SZ2oxr5,d5f4,132,128,d5f4,0.4122,0.6187,0.7202,0.7701,d5f4,d5f4,d5f4,d5f4,0.0,0.7701,0.3579,False
r3kb1r/pp4pp/q3pp2/7b/2NP1B2/1P2PP2/P4K1P/R2Q3R b kq - 1 22,44,8SZ2oxr5,b7b5,128,1,a6c6,0.1086,0.1326,0.1371,0.1292,f8b4,f8e7,f8e7,f8e7,3.0,0.1371,0.0206,False
2r1kb1r/pp4pp/2qNpp2/7b/3P1B2/1P2PP2/P4K1P/2RQ3R b k - 5 24,48,8SZ2oxr5,f8d6,-316,199,f8d6,0.8074,0.8693,0.9121,0.9336,f8d6,f8d6,f8d6,f8d6,0.0,0.9336,0.1262,False
4k2r/pp4pp/2rBpp2/7b/3P4/1P2PP2/P4K1P/3Q3R b k - 0 26,52,8SZ2oxr5,c6d6,-355,95,c6d6,0.9943,0.9966,0.9968,0.9957,c6d6,c6d6,c6d6,c6d6,0.0,0.9968,0.0014,False
5rk1/ppQ3pp/3rpp2/7b/3P4/1P2PP2/P4K1P/7R b - - 3 28,56,8SZ2oxr5,d6c6,-231,64,d6c6,0.3015,0.3793,0.4265,0.4619,d6c6,d6c6,d6c6,d6c6,0.0,0.4619,0.1604,False
5rk1/pQ4pp/4pp2/7b/3P4/1P2PPK1/P1r4P/7R b - - 2 30,60,8SZ2oxr5,f6f5,-266,11,c2a2,0.0583,0.0431,0.032,0.0271,c2a2,c2a2,c2a2,c2a2,31.0,0.0583,-0.0312,False
5rk1/1Q4pp/4pp2/p6b/3P4/1P2PP1K/r6P/6R1 b - - 1 32,64,8SZ2oxr5,h5f7,-205,25,h5g6,0.0431,0.0572,0.0674,0.0762,h5g6,h5g6,h5g6,h5g6,13.0,0.0762,0.0331,False
4r1k1/3Q2pp/4ppb1/p7/3P4/1P2PP1K/r6P/6R1 b - - 5 34,68,8SZ2oxr5,g6f7,-247,82,a2b2,0.0194,0.0236,0.0243,0.0219,g6f5,g6f5,g6f5,a2e2,395.0,0.0243,0.0025,True
rn1qkb1r/1pp2pp1/p3pn1p/3p4/PP1PbB2/2PBPN2/5PPP/RN1QK2R b KQkq - 0 8,16,u6CWl0MN,a6a5,0,13,f8d6,0.0197,0.0131,0.0071,0.0072,f8d6,f8d6,f8d6,f8d6,18.0,0.0197,-0.0125,False
rn1qk2r/1pp2pp1/p2bp2p/3p3n/PP1PB3/2P1PNB1/5PPP/RN1QK2R b KQkq - 0 10,20,u6CWl0MN,d5e4,-92,7,h5g3,0.9215,0.9099,0.8947,0.9144,d5e4,d5e4,d5e4,d5e4,0.0,0.9215,-0.0071,False
rn1qk2r/1pp2pp1/p2bp2p/8/PP1Pp3/2P1P1P1/3N1PP1/RN1QK2R b KQkq - 1 12,24,u6CWl0MN,f7f5,-104,26,e8g8,0.5991,0.7209,0.8871,0.972,f7f5,f7f5,f7f5,f7f5,0.0,0.972,0.3729,False
rn1q1rk1/1pp1bpp1/p3p2p/8/PP1PN3/2P1P1P1/5PP1/RN1Q1RK1 b - - 2 14,28,u6CWl0MN,b7b6,-141,2,f7f5,0.0839,0.0751,0.0562,0.0451,d8d5,b8d7,b8d7,b8d7,44.0,0.0839,-0.0388,False
r2q1rk1/1ppnb1p1/p3p2p/5p2/PP1P4/1QP1P1P1/3N1PP1/RN3RK1 b - - 3 16,32,u6CWl0MN,f8f6,-251,70,f8f6,0.5047,0.6674,0.7849,0.8186,f8f6,f8f6,f8f6,f8f6,0.0,0.8186,0.3139,False
r2q1nk1/1pp1b1p1/p3pr1p/5p2/PP1P4/1QP1PNP1/3N1PP1/R4RK1 b - - 7 18,36,u6CWl0MN,d8e8,-285,24,f6g6,0.0253,0.0278,0.026,0.025,f8g6,f8g6,f6g6,g8h8,11.0,0.0278,-0.0003,False
r2q1nk1/1pp1b1p1/p3pr1p/4Np2/PP1P1P2/1QP1P1P1/3N2P1/R4RK1 b - - 0 20,40,u6CWl0MN,e7d6,-316,12,e7d6,0.1167,0.1219,0.1533,0.1809,f8g6,f8g6,f8g6,e7d6,0.0,0.1809,0.0642,False
r2q2k1/1pp3p1/p2bprnp/4Np2/PPPP1P2/1Q2PNP1/6P1/R4RK1 b - - 0 22,44,u6CWl0MN,d6e5,-327,2,d8e7,0.2412,0.3255,0.3614,0.2928,d6e5,d6e5,d6e5,d6e5,0.0,0.3614,0.0516,False
r5k1/1pp1q1p1/p3prnp/2P1Pp2/PP3P2/1Q2PNP1/6P1/R4RK1 b - - 0 24,48,u6CWl0MN,f6f7,-309,30,f6f7,0.4482,0.4407,0.4234,0.3591,f6f8,f6f8,f6f8,f6f8,48.0,0.4482,-0.0891,False
3R2k1/1pp1qrp1/p3p1np/2P1Pp2/PP3P2/1Q2PNP1/6P1/R5K1 b - - 0 26,52,u6CWl0MN,e7d8,-398,260,e7d8,0.995,0.9978,0.9986,0.9992,e7d8,e7d8,e7d8,e7d8,0.0,0.9992,0.0042,False
2q3k1/1pp2rp1/p3p1np/1PP1Pp2/P4P2/1Q2PNP1/6P1/3R2K1 b - - 0 28,56,u6CWl0MN,a6b5,-289,41,a6a5,0.388,0.4616,0.5289,0.5194,a6b5,a6b5,a6b5,a6b5,0.0,0.5289,0.1314,False
2q2nk1/1pp2rp1/2P1p2p/pP2Pp2/P4P2/1Q2PNP1/6PK/3R4 b - - 0 30,60,u6CWl0MN,b7c6,-300,42,b7c6,0.4688,0.3653,0.3295,0.3741,b7c6,b7b6,b7b6,b7b6,85.0,0.4688,-0.0947,False
2q2nk1/2p1r1p1/2P1p2p/p3Pp2/P1Q2P2/4PNP1/6PK/3R4 b - - 2 32,64,u6CWl0MN,c8e8,-334,1,e7e8,0.1411,0.1412,0.1394,0.1289,f8g6,f8g6,e7e8,c8b8,16.0,0.1412,-0.0122,False
2qr1nk1/2p3p1/2P1p2p/p3Pp2/P1QN1P2/3RP1P1/6PK/8 b - - 6 34,68,u6CWl0MN,g8h8,-375,0,g8h7,0.0394,0.0548,0.0509,0.0318,d8d5,d8d5,d8d5,d8d5,121.0,0.0548,-0.0076,False
rnb1k1nr/pppp1ppp/8/6q1/2B1P2b/8/PPPP3N/RNBQ1R1K b kq - 2 8,16,dJcUkGAg,g8f6,15,6,d7d5,0.2758,0.3753,0.4084,0.3939,g8f6,g8f6,g8f6,g8f6,0.0,0.4084,0.1181,False
rn2k1nr/ppp2ppp/8/3P2q1/2B4b/7b/PPPPQ2N/RNB2R1K b kq - 2 10,20,dJcUkGAg,g5e7,85,0,g8e7,0.0874,0.1064,0.1702,0.2373,g8e7,g8e7,g8e7,g8e7,-12.0,0.2373,0.1499,False
rn2k2r/ppp1nppp/5q2/3P4/2B4b/2N4b/PPPPQ2N/R1B3RK b kq - 6 12,24,dJcUkGAg,f6f2,38,110,b8d7,0.0462,0.0286,0.0184,0.0123,e8g8,e8g8,e8g8,e8g8,115.0,0.0462,-0.0339,True
r3k2r/pppnnppp/8/3Pq3/2B1N2b/5N1b/PPPPQ3/R1B3RK b kq - 10 14,28,dJcUkGAg,e5h5,12,436,e5h5,0.44,0.5095,0.5548,0.6442,e5h5,e5h5,e5h5,e5h5,0.0,0.6442,0.2042,False
r3k2r/pppnnppp/3P4/7q/2B1N1Rb/5N2/PPPPQ3/R1B4K b kq - 0 16,32,dJcUkGAg,h5g4,-211,251,h5g4,0.5503,0.6083,0.6092,0.5553,h5g4,h5g4,h5g4,h5g4,0.0,0.6092,0.005,False
r3k2r/ppp1Pppp/8/4N3/2B1N1qb/8/PPPPQ3/R1B4K b kq - 0 18,36,dJcUkGAg,g4e2,-493,13,g4h3,0.1607,0.1449,0.1164,0.0902,g4h3,g4h3,g4h3,g4h3,48.0,0.1607,-0.0705,False
r1b1kbnr/pp3ppp/2n1p3/3pP3/1q1P4/2P1B3/5PPP/RN1QKBNR b KQkq - 0 8,16,tai9Te7y,b4b2,96,168,b4b2,0.793,0.6828,0.594,0.7265,b4b2,b4b2,b4b2,b4b2,0.0,0.793,-0.0665,False
r3kbnr/pp1b1ppp/2n1p3/3pP3/R2P4/2PBB3/1q3PPP/1N1QK1NR b Kkq - 4 10,20,tai9Te7y,a7a6,0,25,a7a6,0.0135,0.0118,0.0091,0.0068,c6e5,c6e5,c6e5,c6e5,331.0,0.0135,-0.0067,True
r3kbnr/np1b1ppp/p3p3/3pP3/R2P4/2PB4/1q2NPPP/1NBQK2R b Kkq - 3 12,24,tai9Te7y,b2b6,16,465,b2b6,0.7504,0.7963,0.829,0.8328,b2b6,b2b6,b2b6,b2b6,0.0,0.8328,0.0824,False
r3kbnr/np3ppp/pq2p3/1b1pP3/3P4/2PB4/4NPPP/RNBQ1RK1 b kq - 7 14,28,tai9Te7y,b5d3,17,5,b5d3,0.5811,0.6152,0.6415,0.6696,b5d3,b5d3,b5d3,b5d3,0.0,0.6696,0.0885,False
2r1kbnr/np3ppp/pq2p3/3pP3/3P4/2PQ3P/4NPP1/RNB2RK1 b k - 0 16,32,tai9Te7y,b6b5,42,7,b6b5,0.0215,0.0195,0.0186,0.0248,g8e7,g8e7,g8e7,g8e7,5.0,0.0248,0.0033,False
2r1kbnr/np1q1ppp/p3p3/3pP3/3P2Q1/2P4P/4NPP1/RNB2RK1 b k - 4 18,36,tai9Te7y,g8e7,71,6,g8e7,0.2258,0.4105,0.5626,0.6552,a7b5,g8e7,g8e7,g8e7,0.0,0.6552,0.4294,False
rn1qk2r/pp3ppp/2pbpn2/3p4/3P4/2P2PP1/PP3PBP/RNBQR1K1 b kq - 3 8,16,mX3nSnmc,c6c5,-39,5,e8g8,0.0404,0.0189,0.0059,0.0021,e8g8,e8g8,e8g8,e8g8,10.0,0.0404,-0.0383,False
r2q1rk1/pp1n1ppp/2pbpn2/3p2B1/3P4/2P2PP1/PP1N1PBP/R2QR1K1 b - - 7 10,20,mX3nSnmc,a7a5,-20,7,d8c7,0.0128,0.0093,0.0056,0.0096,h7h6,h7h6,h7h6,d8c7,4.0,0.0128,-0.0032,False
r4rk1/ppq2ppp/2pbpn2/3p4/3P1P2/2P3P1/PP1N1PBP/R2QR1K1 b - - 0 12,24,mX3nSnmc,g7g6,4,4,c6c5,0.0206,0.0132,0.0113,0.0178,f8e8,f8e8,f8e8,c6c5,9.0,0.0206,-0.0028,False
r4rk1/ppq2ppp/4pn2/2bp4/5P2/1NP3P1/PP3PBP/R2QR1K1 b - - 1 14,28,mX3nSnmc,c5b6,11,2,c5b6,0.3306,0.545,0.6974,0.6889,c5b6,c5b6,c5b6,c5b6,0.0,0.6974,0.3583,False
r4rk1/pp3ppp/1b2pn2/3p4/2qN1P2/2P3P1/PP1Q1PBP/R3R1K1 b - - 5 16,32,mX3nSnmc,b6d4,35,25,b6d4,0.3413,0.3611,0.3075,0.1967,b6d4,b6d4,b6d4,a8c8,26.0,0.3611,-0.1446,False
r4rk1/pp3ppp/4pn2/3p4/3P1P2/6P1/PP3PBP/R3R1K1 b - - 0 18,36,mX3nSnmc,g7g6,63,23,a8c8,0.0175,0.0094,0.0042,0.0024,a8c8,a8c8,a8c8,a8c8,56.0,0.0175,-0.0151,False
5rk1/pp3ppp/2r1pn2/2Rp4/3P1P2/6P1/PP3PBP/R5K1 b - - 4 20,40,mX3nSnmc,f8c8,124,23,f8c8,0.344,0.5126,0.6735,0.7615,c6c5,f8c8,f8c8,f8c8,0.0,0.7615,0.4175,False
2r3k1/pp3ppp/4pn2/2Pp4/1P3P2/6P1/P4PBP/R5K1 b - - 0 22,44,mX3nSnmc,a7a5,53,10,f6d7,0.1663,0.2221,0.2806,0.3491,b7b6,b7b6,b7b6,a7a5,0.0,0.3491,0.1828,False
2r3k1/1p1n1ppp/p3p3/2Pp4/PP3P2/6P1/5PBP/2R3K1 b - - 0 24,48,mX3nSnmc,a6a5,15,22,d7b8,0.1058,0.0768,0.0621,0.0606,b7b6,b7b6,b7b6,d7b8,33.0,0.1058,-0.0452,False
1nr3k1/1p3ppp/4p3/1PPp4/5P2/6P1/5PBP/2R3K1 b - - 0 26,52,mX3nSnmc,g7g6,71,10,g7g6,0.0334,0.0394,0.0292,0.0174,b8d7,b8d7,b8d7,b8d7,39.0,0.0394,-0.016,False
1nr5/1p3pkp/4p1p1/1PPp1P2/6P1/8/5PBP/2R3K1 b - - 0 28,56,mX3nSnmc,b8d7,-2,2,g7f6,0.1321,0.1728,0.2479,0.387,g6f5,g6f5,g6f5,g6f5,2.0,0.387,0.2549,False
1nr5/1p3p2/4pkp1/1PPp4/5PP1/8/6BP/2R3K1 b - - 0 30,60,mX3nSnmc,g6g5,22,2,b8d7,0.2159,0.1853,0.1422,0.0971,b8d7,b8d7,b8d7,b8d7,22.0,0.2159,-0.1188,False
2r5/3n1p2/2R1pkp1/1P1p4/5PP1/8/6BP/6K1 b - - 0 32,64,mX3nSnmc,c8b8,0,18,c8c6,0.4073,0.4841,0.5961,0.6981,c8c6,c8b8,c8b8,c8b8,0.0,0.6981,0.2908,False
8/5p2/1nP1pkp1/3p4/5PP1/8/5KBP/8 b - - 2 34,68,mX3nSnmc,g6g5,-190,11,f6e7,0.2127,0.1974,0.2003,0.1949,f6e7,f6e7,f6e7,f6e7,65.0,0.2127,-0.0178,False
rnbqk2r/pp3ppp/4p3/3n4/1b1N4/6P1/PP1BPPBP/RN1QK2R b KQkq - 2 8,16,iU7Iw0Sn,d8b6,-29,7,d8b6,0.0419,0.0448,0.0455,0.0406,b4d2,b4d2,b4d2,b4d2,48.0,0.0455,-0.0013,False
rnb1k2r/pp3ppp/4p3/3n4/1q1N4/2N3P1/PP2PPBP/R2QK2R b KQkq - 1 10,20,iU7Iw0Sn,d5c3,77,116,b4b2,0.7411,0.8081,0.8714,0.9198,d5c3,d5c3,d5c3,d5c3,0.0,0.9198,0.1787,False
rnb1k2r/pp3ppp/8/3p4/3N4/6P1/Pq2PPBP/R2Q1RK1 b kq - 1 12,24,iU7Iw0Sn,b8c6,-19,76,b8c6,0.2743,0.219,0.1806,0.1694,e8g8,e8g8,e8g8,e8g8,91.0,0.2743,-0.1049,False
r1b1k2r/pp3ppp/2n5/3p4/3q4/1Q4P1/P3PPBP/1R3RK1 b kq - 1 14,28,iU7Iw0Sn,e8g8,439,10,e8g8,0.3334,0.4626,0.5296,0.496,e8g8,e8g8,e8g8,e8g8,0.0,0.5296,0.1626,False
r1b2rk1/pp3ppp/2n5/3Bq3/8/1Q4P1/P3PP1P/1R1R2K1 b - - 0 16,32,iU7Iw0Sn,e5e7,418,0,e5e2,0.0022,0.0043,0.0071,0.01,c6d4,c6d4,c6d4,c6d4,-2.0,0.01,0.0078,False
r1b2rk1/p4ppp/2p5/8/8/2Q3P1/P3qP1P/1R1R2K1 b - - 1 18,36,iU7Iw0Sn,a8b8,486,12,c8e6,0.0023,0.0009,0.0005,0.0004,c8h3,c8h3,c8h3,c8h3,-16.0,0.0023,-0.0019,False
r2R2k1/p4ppp/2Q1b3/8/8/6P1/P3qP1P/1R4K1 b - - 0 20,40,iU7Iw0Sn,a8d8,580,0,a8d8,1.0,1.0,1.0,1.0,a8d8,a8d8,a8d8,a8d8,0.0,1.0,0.0,False
6k1/p1Q2ppp/4b3/8/8/6P1/P3qP1P/3R2K1 b - - 0 22,44,iU7Iw0Sn,e2d1,1996,2244,e2d1,0.994,0.9972,0.9984,0.9988,e2d1,e2d1,e2d1,e2d1,0.0,0.9988,0.0048,False
6k1/p1Q2ppp/8/3b4/8/6PK/P4P1P/3q4 b - - 3 24,48,iU7Iw0Sn,d1h5,1999,3,d1h5,0.3534,0.4218,0.4515,0.5141,d1f1,d1h5,d1h5,d1h5,0.0,0.5141,0.1607,False
rnbQ1rk1/ppp2pbp/5np1/4p3/2P1P3/2N2N2/PP2BPPP/R1B1K2R b KQ - 0 8,16,n0Sg3gMb,f8d8,-8,628,f8d8,0.9997,0.9999,0.9999,0.9999,f8d8,f8d8,f8d8,f8d8,0.0,0.9999,0.0002,False
rnb1r1k1/ppp2pbp/5np1/4p1B1/2P1P3/2N2N1P/PP2BPP1/R3K2R b KQ - 0 10,20,n0Sg3gMb,c7c6,12,12,b8a6,0.1014,0.1505,0.3148,0.7942,b8c6,b8c6,b8c6,c7c6,0.0,0.7942,0.6928,False
r1b1r1k1/ppp2pbp/5np1/2n1p1B1/2P1P3/P1N4P/1P1NBPP1/R3K2R b KQ - 2 12,24,n0Sg3gMb,c5e6,46,2,a7a5,0.051,0.0572,0.0682,0.0859,c8e6,c8e6,h7h6,c7c6,3.0,0.0859,0.0349,False
r1b1r1k1/1pp2pbp/4nnp1/pN2p3/2P1P3/P3B2P/1P1NBPP1/R3K2R b KQ - 3 14,28,n0Sg3gMb,g7f8,52,4,c7c6,0.0143,0.0108,0.0103,0.0225,c7c6,c7c6,c7c6,c7c6,59.0,0.0225,0.0082,False
r1br2k1/1p3pbp/2pNnnp1/p1P1p3/4P3/P3B2P/1P1NBPP1/R3K2R b KQ - 0 16,32,n0Sg3gMb,e6d4,0,15,e6d4,0.1439,0.2017,0.2421,0.249,g7f8,g7f8,g7f8,g7f8,52.0,0.249,0.1051,False
r1br2k1/1p3pbp/2pN1np1/p1P5/2BpP3/P6P/1P1N1PP1/R3K2R b KQ - 1 18,36,n0Sg3gMb,c8e6,9,9,c8e6,0.2915,0.3427,0.3759,0.3785,c8e6,c8e6,c8e6,c8e6,0.0,0.3785,0.087,False
r2r2k1/1p4bp/2pNpnp1/p1P5/2NpP3/P6P/1P3PP1/R3K2R b KQ - 1 20,40,n0Sg3gMb,a5a4,0,0,b7b5,0.0384,0.0294,0.0232,0.0213,g7f8,g7f8,g7f8,g7f8,202.0,0.0384,-0.0171,True
r2r1bk1/7p/1PpNpnp1/p3P3/2Np4/P6P/1P3PP1/R3K2R b KQ - 0 22,44,n0Sg3gMb,f8d6,-182,18,f6d7,0.1194,0.1072,0.1027,0.1,f6d5,f6d5,f6d5,f6d5,73.0,0.1194,-0.0194,False
r2r1bk1/7p/1PpNp1p1/p3n3/2Np1P2/P6P/1P4P1/2KR3R b - - 0 24,48,n0Sg3gMb,f8d6,-117,31,e5f3,0.109,0.0978,0.0935,0.1219,e5c4,e5c4,e5c4,e5c4,45.0,0.1219,0.0129,False
r4bk1/3r3p/1Pp1p1p1/N7/2Np1P2/P4n1P/1P4P1/2KR3R b - - 0 26,52,n0Sg3gMb,f3h4,-373,150,f3h4,0.806,0.8549,0.8795,0.8842,f3h4,f3h4,f3h4,f3h4,0.0,0.8842,0.0782,False
r5k1/3r3p/1PN1p1p1/2b5/2Np1PPn/P6P/1P6/2KR3R b - - 0 28,56,n0Sg3gMb,d7b7,-364,21,a8c8,0.1128,0.148,0.1879,0.2091,d4d3,d4d3,d4d3,d4d3,81.0,0.2091,0.0963,False
2r3k1/1r5p/1P2p1p1/2b1N3/2Np1PPn/P6P/1P6/1K1R3R b - - 4 30,60,n0Sg3gMb,c8a8,-377,18,c5b6,0.0078,0.0065,0.0046,0.0038,h4g2,c5b6,c5b6,c5b6,106.0,0.0078,-0.004,True
rnbqk2r/1p3pp1/p3pn1p/2bp4/1PP5/P3PN2/3N1PPP/R1BQKB1R b KQkq - 0 8,16,lPw4yFJe,c5e7,-52,9,c5e7,0.3095,0.377,0.4358,0.4779,c5e7,c5e7,c5e7,c5e7,0.0,0.4779,0.1684,False
rnbqk2r/4bpp1/pP2pn1p/3p4/1P6/P3PN2/3N1PPP/R1BQKB1R b KQkq - 0 10,20,lPw4yFJe,e8g8,-19,8,d8b6,0.0063,0.0069,0.0094,0.0127,d8b6,d8b6,d8b6,d8b6,1.0,0.0127,0.0064,False
rnb2rk1/4bpp1/pq2pn1p/3p4/1P6/P3PN2/1B1NBPPP/R2QK2R b KQ - 3 12,24,lPw4yFJe,c8d7,-19,10,b8c6,0.0671,0.0709,0.073,0.075,a6a5,a6a5,c8b7,c8b7,23.0,0.075,0.0079,False
r4rk1/3bbpp1/pqn1pn1p/3p4/1P6/P3PN2/1B1NBPPP/2RQ1RK1 b - - 7 14,28,lPw4yFJe,c6a7,-47,1,f8e8,0.0093,0.0166,0.0224,0.0166,a6a5,a6a5,a6a5,f8c8,-19.0,0.0224,0.0073,False
r3r1k1/3b1pp1/pqnbpn1p/2Np4/1P6/P3PN2/1B2BPPP/2RQ1RK1 b - - 11 16,32,lPw4yFJe,d6c5,-30,94,d6c5,0.5387,0.605,0.621,0.6025,d6c5,d6c5,d6c5,d6c5,0.0,0.621,0.0638,False
r3r1k1/3b1pp1/pqn1p2p/3p4/1P2n3/P3PN2/1B2BPPP/2RQ1RK1 b - - 2 18,36,lPw4yFJe,c6e7,-48,12,a8c8,0.0785,0.1191,0.1383,0.1066,a6a5,a6a5,a6a5,a8c8,26.0,0.1383,0.0281,False
2r1r1k1/1q1b1pp1/p1n1p2p/3p4/1P2n3/P3PN2/1B3PPP/1BRQ1RK1 b - - 6 20,40,lPw4yFJe,c6e7,-3,16,c6e7,0.1356,0.1918,0.2375,0.2418,a6a5,a6a5,c6e7,c6e7,0.0,0.2418,0.1062,False
2r1r1k1/1q1b1pp1/p3p2p/3pQn2/1P2n3/P3PN2/1B3PPP/1BR2RK1 b - - 10 22,44,lPw4yFJe,f7f6,337,306,f7f6,0.3134,0.379,0.4688,0.5554,c8c1,f7f6,f7f6,f7f6,0.0,0.5554,0.242,False
2r1r1k1/1q1b2p1/p4p1p/3ppn2/1P2n1Q1/P3PN2/1B3PPP/1BR2RK1 b - - 1 24,48,lPw4yFJe,c8c1,389,9,f5e3,0.1935,0.1787,0.1313,0.0867,f5e3,f5e3,f5e3,f5e3,-1.0,0.1935,-0.1068,False
r1bq1rk1/ppp1bppp/2np1n2/8/2BNP3/2N4P/PPP2PP1/R1BQ1RK1 b - - 0 8,16,LwGqOM2R,c6d4,-43,1,c6d4,0.7499,0.6568,0.4024,0.1599,c6d4,c6d4,c6d4,c6e5,-2.0,0.7499,-0.59,False
r2q1rk1/ppp1bppp/3pbn2/6B1/2BQP3/2N4P/PPP2PP1/R4RK1 b - - 2 10,20,LwGqOM2R,h7h6,-22,7,a7a6,0.1041,0.1252,0.1534,0.2056,e6c4,e6c4,e6c4,e6c4,14.0,0.2056,0.1015,False
r2q1rk1/1p2bppp/p2pbn2/2p3B1/P1B1P3/2NQ3P/1PP2PP1/R4RK1 b - - 1 12,24,LwGqOM2R,f6h5,-86,11,d8c8,0.0313,0.0352,0.0241,0.01,e6c4,e6c4,e6c4,h7h6,29.0,0.0352,-0.0213,False
r1qr2k1/1p2bppp/p2pbn2/2pN2B1/P1B1P3/3Q3P/1PP2PP1/3R1RK1 b - - 5 14,28,LwGqOM2R,f6d5,131,189,f6d5,0.2235,0.2753,0.347,0.3363,e6d5,e6d5,e6d5,e6d5,193.0,0.347,0.1128,False
r1qr2k1/1p3ppp/p2pP3/2p3b1/P1B5/3Q3P/1PP2PP1/3R1RK1 b - - 0 16,32,LwGqOM2R,f7e6,-47,311,f7e6,0.9395,0.9558,0.9696,0.9804,f7e6,f7e6,f7e6,f7e6,0.0,0.9804,0.0409,False
r1qr2k1/1p4pp/p3p3/2pp2b1/P1B5/6QP/1PP2PP1/3RR1K1 b - - 1 18,36,LwGqOM2R,g5f6,38,47,g5f6,0.4917,0.6517,0.7323,0.7548,g5f6,g5f6,g5f6,g5f6,0.0,0.7548,0.2631,False
r1qr2k1/1p4pp/p3pb2/3p4/P1p5/6QP/1PP2PP1/3RRBK1 b - - 1 20,40,LwGqOM2R,f6b2,174,8,f6b2,0.4743,0.4796,0.4375,0.3556,f6b2,f6b2,f6b2,f6b2,0.0,0.4796,-0.1187,False
r1qr2k1/1p4pp/p3p3/3p4/P1p3Q1/b1P4P/5PP1/3RRBK1 b - - 2 22,44,LwGqOM2R,d8d6,191,31,d8e8,0.1329,0.1255,0.1024,0.0791,d8e8,d8e8,d8e8,d8e8,46.0,0.1329,-0.0538,False
r1q1r1k1/1p4pp/p2bp3/3p4/P1BR2Q1/2P4P/5PP1/4R1K1 b - - 0 24,48,LwGqOM2R,d6c5,220,169,c8d7,0.1406,0.1686,0.2011,0.2238,d5c4,d5c4,d5c4,d5c4,274.0,0.2238,0.0832,False
3rr1k1/1p1q2pp/p2bp3/3p4/P2R3Q/2PB3P/5PP1/4R1K1 b - - 4 26,52,LwGqOM2R,g7g6,31,54,g7g6,0.4913,0.6671,0.7744,0.8629,g7g6,g7g6,g7g6,g7g6,0.0,0.8629,0.3716,False
3rr1k1/1p4qp/p2bR1p1/3p4/P5RQ/2PB3P/5PP1/6K1 b - - 0 28,56,LwGqOM2R,d6c7,0,3,e8e6,0.0011,0.0012,0.0017,0.0023,e8e6,e8e6,e8e6,e8e6,2.0,0.0023,0.0012,False
5qk1/1p1Q3p/p2br1p1/3p4/P5R1/2PB3P/5PP1/6K1 b - - 2 30,60,LwGqOM2R,e6e7,638,638,e6e1,0.0208,0.0149,0.0128,0.0109,e6e1,e6e1,e6e1,e6e1,644.0,0.0208,-0.0099,True
2Q3k1/1p2q2p/p2b2p1/3p4/P5R1/2P4P/5PP1/4rBK1 b - - 6 32,64,LwGqOM2R,g8g7,388,113,g8g7,0.7036,0.8098,0.8759,0.8989,g8g7,g8g7,g8g7,g8g7,0.0,0.8989,0.1953,False
2Q5/1p2q1k1/p2b2p1/3R3p/P7/2P4P/5PP1/4rBK1 b - - 0 34,68,LwGqOM2R,e7e2,705,712,e1e5,0.145,0.1229,0.1039,0.0804,e7e2,e7e2,e1f1,e7c7,1219.0,0.145,-0.0646,False
rnbqk2r/1pp2pbp/p4np1/3p4/3P1B2/2N1PN2/PP2BPPP/R2QK2R b KQkq - 4 8,16,tokLHJ8O,c7c6,-44,1,e8g8,0.036,0.0509,0.0594,0.0396,e8g8,e8g8,e8g8,e8g8,-5.0,0.0594,0.0036,False
rnbqr1k1/1pp2pbp/p4np1/3p4/3P1B2/2N1PN1P/PP2BPP1/R2Q1RK1 b - - 2 10,20,tokLHJ8O,c7c6,-46,17,c8e6,0.0981,0.1355,0.2048,0.2288,b8c6,b8c6,c7c6,b8d7,23.0,0.2288,0.1307,False
r2qr1k1/1pp2pbp/p1n1bnp1/3p4/3P1B2/P1N1PN1P/1P2BPP1/2RQ1RK1 b - - 0 12,24,tokLHJ8O,g7f8,-99,0,d8d7,0.0048,0.0051,0.0047,0.0051,b7b5,b7b5,d8d7,d8d7,105.0,0.0051,0.0003,True
r3r1k1/1ppq1pbp/p3bnp1/3pB3/3P4/P1N1P2P/1P2BPP1/2RQ1RK1 b - - 0 14,28,tokLHJ8O,d7e7,-33,1,f6e4,0.0381,0.0321,0.0247,0.0158,c7c6,c7c6,c7c6,c7c6,3.0,0.0381,-0.0223,False
r3r3/1ppq1pkp/p3b1p1/3p4/3PN3/P3P2P/1P2BPP1/2RQ1RK1 b - - 0 16,32,tokLHJ8O,d5e4,-39,416,d5e4,0.9935,0.9941,0.9953,0.9965,d5e4,d5e4,d5e4,d5e4,0.0,0.9965,0.003,False
r3r3/1pQq1pkp/p5p1/3b4/3Pp3/P3P2P/1P2BPP1/2R2RK1 b - - 0 18,36,tokLHJ8O,d7c7,-263,4,d7e6,0.5873,0.5449,0.4111,0.2702,d7c7,d7c7,d7c7,d7c7,0.0,0.5873,-0.3171,False
2r1r3/1p3pkp/p3q1p1/3b2Q1/3Pp3/P3P2P/1P2BPP1/2R2RK1 b - - 4 20,40,tokLHJ8O,e6d6,-168,3,c8c6,0.0064,0.0096,0.0117,0.0117,c8c1,h7h6,h7h6,h7h6,9.0,0.0117,0.0053,False
4r3/1p4kp/p1r1q1p1/3b1pQ1/3Pp1BP/P3P3/1P3PP1/2R2RK1 b - - 0 22,44,tokLHJ8O,f5g4,309,12,f5g4,0.7833,0.7951,0.8024,0.8127,f5g4,f5g4,f5g4,f5g4,0.0,0.8127,0.0294,False
rn1qk2r/pp2bppp/2p2n2/3Pp3/P1B3b1/2NPBN2/1PP2PPP/R2QK2R b KQkq - 0 8,16,zADakUT5,c6d5,108,186,c6d5,0.9578,0.9639,0.9803,0.9909,c6d5,c6d5,c6d5,c6d5,0.0,0.9909,0.0331,False
r2qk2r/pp2bppp/2n2n2/1B1pp3/P5b1/2NP1N2/1PPB1PPP/R2QK2R b KQkq - 3 10,20,zADakUT5,e8g8,141,13,e5e4,0.5498,0.5434,0.5746,0.6011,e8g8,e8g8,e8g8,e8g8,0.0,0.6011,0.0513,False
r2qk2r/pp2bppp/2n2n2/1B6/P3p1b1/2N2N1P/1PPB1PP1/R2QK2R b KQkq - 0 12,24,zADakUT5,g4e6,55,23,e4f3,0.006,0.0026,0.002,0.004,e4f3,e4f3,e4f3,e4f3,16.0,0.006,-0.002,False
r2qk2r/pp2bppp/2n2n2/1B6/P5P1/2N5/1PPB1Pp1/R2QK1R1 b Qkq - 1 14,28,zADakUT5,d8d6,39,3,e8g8,0.013,0.0139,0.0158,0.0172,e8g8,e8g8,e8g8,e8g8,-2.0,0.0172,0.0042,False
r2q1rk1/pp3ppp/2n2n2/2b5/P5P1/2NB4/1PPB1PR1/R2QK3 b Q - 2 16,32,zADakUT5,c6b4,120,17,f8e8,0.0454,0.0308,0.0287,0.037,f8e8,f8e8,f8e8,f8e8,67.0,0.0454,-0.0084,False
r2qr1k1/pp3ppp/5n2/2b5/P2n2P1/3B1P2/1PPBN1R1/R2QK3 b Q - 0 18,36,zADakUT5,d8d5,641,10,d4f3,0.0301,0.0143,0.0093,0.0104,d4f3,d4f3,d4f3,d4f3,35.0,0.0301,-0.0197,False
r2qr1k1/pp3ppp/5n2/2b5/P5Pn/3B4/1PPBN2R/R2Q1K2 b - - 3 20,40,zADakUT5,f6g4,734,97,f6g4,0.2787,0.3644,0.4344,0.5063,h4f3,h4f3,h4f3,f6g4,0.0,0.5063,0.2276,False
r3r1k1/pp3ppp/5q2/2b5/P4Nnn/3B3R/1PPB4/R2Q1K2 b - - 3 22,44,zADakUT5,f6d4,941,133,g4e3,0.0222,0.0197,0.0189,0.0239,g4e3,g4e3,g4e3,g4e3,261.0,0.0239,0.0017,True
r5k1/pp3ppp/5q2/2b5/P4NQn/3Br2R/1PP5/R4K2 b - - 1 24,48,zADakUT5,e3h3,907,433,e3h3,0.5992,0.6447,0.5998,0.5281,e3h3,e3h3,e3h3,e3h3,0.0,0.6447,-0.0711,False
r5k1/pp3ppp/8/2b5/P4q1n/3B3Q/1PP1K3/R7 b - - 1 26,52,zADakUT5,a8e8,947,95,a8e8,0.4317,0.563,0.6879,0.7722,f4f2,a8e8,a8e8,a8e8,0.0,0.7722,0.3405,False
4r1k1/pp3ppp/8/2b5/P6n/3B1Q2/1PP5/R2K4 b - - 0 28,56,zADakUT5,h4f3,625,731,h4f3,0.9988,0.9994,0.9996,0.9996,h4f3,h4f3,h4f3,h4f3,0.0,0.9996,0.0008,False
6k1/pp3ppp/8/2b5/P7/2PB1n2/1PK5/R3r3 b - - 2 30,60,zADakUT5,e1a1,767,180,e1a1,0.9877,0.9919,0.995,0.9968,e1a1,e1a1,e1a1,e1a1,0.0,0.9968,0.0091,False
5bk1/pp3ppp/8/8/PP6/2PB1n2/1K6/r7 b - - 2 32,64,zADakUT5,a1e1,778,14,a1a4,0.0899,0.0857,0.0908,0.0992,a1a4,a1a4,a1a4,a1a4,0.0,0.0992,0.0093,False
rnb1k2r/ppp2ppp/5n2/3q4/1b3P2/2NB1N2/PPP3PP/R1BQ1RK1 b kq - 5 8,16,QBL9BvLn,b4c3,-49,33,b4c3,0.6222,0.7373,0.788,0.88,b4c3,b4c3,b4c3,b4c3,0.0,0.88,0.2578,False
rnb2rk1/ppp2ppp/5n2/3q4/P4P2/2PB1N2/2P3PP/R1BQ1RK1 b - - 0 10,20,QBL9BvLn,f8e8,-12,6,d5c5,0.0399,0.0213,0.0118,0.0079,c8g4,c8g4,c8g4,c8g4,22.0,0.0399,-0.032,False
rnb2rk1/ppp2ppp/8/2q5/P4Pn1/2PB1N2/2P3PP/R1B1QR1K b - - 4 12,24,QBL9BvLn,c5h5,-157,63,c5c3,0.1059,0.0881,0.0702,0.0494,b8c6,b8c6,b8c6,b8c6,178.0,0.1059,-0.0565,False
r1bq1rk1/p1ppppbp/1pn3p1/1B5n/3P4/2N1PN1P/PPP2PPB/R2QK2R b KQ - 4 8,16,5BISjx7v,c8b7,-38,8,c8b7,0.6396,0.797,0.8827,0.9323,c8b7,c8b7,c8b7,c8b7,0.0,0.9323,0.2927,False
r2q1rk1/pbp1ppbp/1pnp2p1/1B5n/3P4/2N1PN1P/PPP2PPB/R2QR1K1 b - - 1 10,20,5BISjx7v,a7a6,-31,7,e7e6,0.1785,0.2224,0.2275,0.1752,e7e5,e7e5,e7e5,e7e5,68.0,0.2275,-0.0033,False
r2q1rk1/1bp2pbp/ppnpp1p1/7n/3P4/P1NBPN1P/1PP2PPB/R2QR1K1 b - - 1 12,24,5BISjx7v,f7f5,5,16,c6e7,0.063,0.0755,0.1047,0.155,e6e5,e6e5,e6e5,e6e5,29.0,0.155,0.092,False
r2q1rk1/1b2npbp/pp1Np1p1/2p4n/3P4/P2BPN1P/1PP2PPB/R2QR1K1 b - - 0 14,28,5BISjx7v,b7c6,-257,16,d8d6,0.2449,0.2201,0.2038,0.1827,b7f3,b7f3,b7f3,b7f3,7.0,0.2449,-0.0622,False
rn2kb1r/pp3ppp/3p1p2/2qN4/4P1b1/5N2/PPP2PPP/R2QKB1R b KQkq - 1 8,16,quD2llwO,f8e7,-152,5,b8d7,0.0608,0.1045,0.1354,0.1004,g4f3,g4f3,b8d7,b8d7,1.0,0.1354,0.0396,False
r3kb1r/pp1n1ppp/3p1p2/2qN3b/4P1P1/5N1P/PPP2P2/R2QKB1R b KQkq - 0 10,20,quD2llwO,h5g6,-238,294,h5g6,0.9726,0.9867,0.9898,0.9899,h5g6,h5g6,h5g6,h5g6,0.0,0.9899,0.0173,False
r3kb1r/1p1n1ppp/p2p1pb1/2qN4/4P1P1/3Q1N1P/PPP2P2/2KR1B1R b kq - 1 12,24,quD2llwO,a8c8,-197,55,e8c8,0.0645,0.0751,0.0994,0.1382,c5f2,d7e5,d7e5,d7e5,114.0,0.1382,0.0737,False
1k1r1b1r/1p1n1ppp/p2p1pb1/2qN4/4P1P1/3Q3P/PPPN1P1R/2KR1B2 b - - 5 14,28,quD2llwO,h7h5,-216,58,d7e5,0.0212,0.013,0.0078,0.0114,d7e5,d7e5,d7e5,d7e5,66.0,0.0212,-0.0098,False
1kr2b1r/1p3ppp/p2p1pb1/2qNn3/4PPP1/1Q5P/PPPN3R/2KR1B2 b - - 0 16,32,quD2llwO,h7h5,-406,45,e5c4,0.0085,0.0061,0.0049,0.0071,e5c6,e5c6,e5c6,e5c6,44.0,0.0085,-0.0014,False
1kr2b1r/1p3ppp/p2p1p2/2qN4/2B1NPP1/1Q5P/PPP4R/2KR4 b - - 0 18,36,quD2llwO,c5c4,-521,130,c5c4,0.8015,0.8999,0.9485,0.9634,c5c4,c5c4,c5c4,c5c4,0.0,0.9634,0.1619,False
1k3b1r/1p3ppp/p2p1p2/3N4/2r2PP1/2N4P/PPP4R/2KR4 b - - 1 20,40,quD2llwO,h7h5,-496,15,h7h5,0.0322,0.0377,0.0545,0.1174,g7g5,b8a7,b8a7,b8a7,34.0,0.1174,0.0852,False
1k3b1r/1p3pp1/p2p1p2/3N4/2r2PP1/2N5/PPPR4/2KR4 b - - 0 22,44,quD2llwO,g7g5,-468,8,g7g6,0.1335,0.1121,0.0843,0.0556,h8h4,h8h4,h8h4,h8h4,34.0,0.1335,-0.0779,False
1k3b1r/1p1N1p2/p2p2p1/8/5rP1/2N5/PPPR4/2KR4 b - - 1 24,48,quD2llwO,b8a7,-445,15,b8c7,0.2817,0.3341,0.3224,0.2661,b8c7,b8c7,b8c7,b8c7,88.0,0.3341,-0.0156,False
5b1r/1p1k1p2/p2p2p1/8/5NP1/8/PPPR4/2KR4 b - - 0 26,52,quD2llwO,g6g5,-521,16,f8h6,0.0814,0.0588,0.0526,0.0445,f8h6,f8h6,h8h4,h8h4,2.0,0.0814,-0.0369,False
7r/1pk2p2/p4Rpb/8/5NP1/8/PPP5/2KR4 b - - 2 28,56,quD2llwO,h8f8,-557,9,h8e8,0.1416,0.1554,0.1446,0.1141,g6g5,g6g5,h6g5,h8h7,17.0,0.1554,-0.0275,False
4r3/1p3R2/pk4pb/8/5NP1/8/PPP5/1K1R4 b - - 2 30,60,quD2llwO,e8e4,-569,44,e8e4,0.2546,0.3039,0.3724,0.4554,h6f4,h6f4,h6f4,e8e4,0.0,0.4554,0.2008,False
8/1R6/p5pb/k2N4/4r1P1/8/PPP5/1K1R4 b - - 0 32,64,quD2llwO,h6f8,-765,28,e4g4,0.0119,0.0131,0.0135,0.017,e4g4,e4g4,e4g4,e4g4,205.0,0.017,0.0051,True
8/1R6/p5pb/8/kP4r1/2N5/P1P5/1K1R4 b - - 2 34,68,quD2llwO,a4a3,-554,0,a4a3,1.0,1.0,1.0,1.0,a4a3,a4a3,a4a3,a4a3,0.0,1.0,0.0,False
rn1qkb1r/ppp3pp/5p1n/4p3/2P5/2N1P2P/PB1P1PP1/R2QK1NR b KQkq - 0 8,16,XvbQHUbT,b8c6,-39,4,f8e7,0.2213,0.2288,0.233,0.199,f8b4,f8b4,b8c6,d8d3,-5.0,0.233,-0.0223,False
rn1qk2r/ppp1bnpp/5p2/4p2Q/2P1N3/4P2P/PB1P1PP1/R3K1NR b KQkq - 4 10,20,XvbQHUbT,d8d3,141,29,b8c6,0.2046,0.2981,0.4402,0.6331,e8g8,e8g8,d8d3,d8d3,0.0,0.6331,0.4285,False
r3k2r/ppp1bnpp/2n2p2/4p2Q/2P1N3/3qPN1P/PB1P1PP1/2R1K2R b Kkq - 8 12,24,XvbQHUbT,d3e4,513,133,d3e4,0.9251,0.9412,0.9381,0.9167,d3e4,d3e4,d3e4,d3e4,0.0,0.9412,-0.0084,False
r3k2r/ppp1bn1p/2n2pp1/4p3/2P1q2Q/4PN1P/PB1P1PP1/2R2RK1 b kq - 1 14,28,XvbQHUbT,e4h4,519,53,e4h4,0.5897,0.7502,0.8453,0.8888,e4h4,e4h4,e4h4,e4h4,0.0,0.8888,0.2991,False
r3k2r/ppp1bn1p/2n3p1/4pp2/2P5/4PN1P/PB1P1PP1/2R2RK1 b kq - 1 16,32,XvbQHUbT,e7f6,502,6,e8g8,0.0694,0.1069,0.1681,0.2601,e8c8,e8c8,e8c8,e8g8,36.0,0.2601,0.1907,False
r4rk1/ppp2n1p/2n2bp1/3Ppp2/2P5/4PN1P/PB3PP1/2R2RK1 b - - 0 18,36,XvbQHUbT,c6b4,449,12,c6b4,0.6589,0.6204,0.5823,0.495,c6b4,c6b4,c6b4,c6b4,0.0,0.6589,-0.1639,False
r4rk1/ppp2n1p/5bp1/3Ppp2/2P5/P2nPN1P/1B3PP1/1R3RK1 b - - 2 20,40,XvbQHUbT,b7b6,528,13,d3b2,0.0535,0.0581,0.0498,0.0559,d3b2,d3b2,d3b2,d3b2,25.0,0.0581,0.0024,False
r4rk1/pRp2n1p/5bp1/3P1p2/2P1p3/P3PN1P/5PP1/5RK1 b - - 0 22,44,XvbQHUbT,e4f3,486,32,e4f3,0.7154,0.7889,0.8651,0.8947,e4f3,e4f3,e4f3,e4f3,0.0,0.8947,0.1793,False
r4rk1/pRp2n1p/6p1/3Pbp2/2P2P2/P3P2P/5P2/5RK1 b - - 0 24,48,XvbQHUbT,e5d6,488,16,e5d6,0.7284,0.8613,0.9297,0.9512,e5d6,e5d6,e5d6,e5d6,0.0,0.9512,0.2228,False
rR4k1/p1p2n1p/3b2p1/3P1p2/2P2P2/P3P2P/5P2/2R3K1 b - - 0 26,52,XvbQHUbT,a8b8,508,1127,a8b8,0.999,0.9996,0.9998,0.9998,a8b8,a8b8,a8b8,a8b8,0.0,0.9998,0.0008,False
1r3bk1/p1p2n1p/6p1/2PP1p2/5P2/P3P2P/5P2/2R2K2 b - - 2 28,56,XvbQHUbT,b8b5,530,4,b8d8,0.326,0.365,0.4077,0.4173,b8b5,b8b5,b8b5,b8b5,0.0,0.4173,0.0913,False
rnb1kbnr/1p3pp1/1qp1p2p/P2pP3/3P1P2/P4N2/2P3PP/RNBQKB1R b KQkq - 0 8,16,owOZ8uBD,b6a5,-52,42,b6a5,0.6132,0.582,0.5736,0.5623,b6a5,b6a5,b6a5,b6a5,0.0,0.6132,-0.0509,False
rnb1kbnr/1p3pp1/1qp1p2p/3pP3/3P1P2/P1B2N2/2P3PP/RN1QKB1R b KQkq - 3 10,20,owOZ8uBD,c6c5,32,19,c6c5,0.1677,0.2212,0.3583,0.5593,c6c5,c6c5,c6c5,c6c5,0.0,0.5593,0.3916,False
r1b1kbnr/1p3pp1/1qn1p2p/2ppP3/3P1P2/P1B2N2/2P1B1PP/RN1Q1RK1 b kq - 3 12,24,owOZ8uBD,c5d4,137,85,c5d4,0.3066,0.3712,0.4271,0.3461,c5d4,c5d4,c5d4,c5d4,0.0,0.4271,0.0395,False
r1b1kbnr/1p3pp1/1q2p2p/3pP3/3N1P2/P7/2P1B1PP/RN1Q1RK1 b kq - 0 14,28,owOZ8uBD,f8c5,156,52,f8c5,0.7422,0.8089,0.8249,0.8239,f8c5,f8c5,f8c5,f8c5,0.0,0.8249,0.0817,False
r1b1k2r/1p2npp1/1q2p2p/2bpP3/P2N1P2/2P5/4B1PP/RN1Q1RK1 b kq - 0 16,32,owOZ8uBD,e7f5,291,111,e7f5,0.5634,0.6154,0.6125,0.5541,e7f5,e7f5,e7f5,e7f5,0.0,0.6154,-0.0093,False
r3k2r/1p1B1pp1/1q2p2p/2bpPn2/P2N1P2/2P5/6PP/RN1Q1RK1 b kq - 0 18,36,owOZ8uBD,e8d7,280,202,e8d7,0.9957,0.9977,0.9986,0.9991,e8d7,e8d7,e8d7,e8d7,0.0,0.9991,0.0034,False
r6r/1p1k1pp1/1q2p2p/2bpP3/P2P1P2/8/3N2PP/R2Q1RK1 b - - 0 20,40,owOZ8uBD,c5d4,343,355,c5d4,0.9946,0.9978,0.9992,0.9997,c5d4,c5d4,c5d4,c5d4,0.0,0.9997,0.0051,False
r6r/1p1k1pp1/1q2p2p/3pP3/P4P2/8/3N2PP/Q4R1K b - - 0 22,44,owOZ8uBD,b6b4,343,13,h8c8,0.3644,0.444,0.4947,0.4748,b6b4,b6b4,b6b4,b6b4,0.0,0.4947,0.1104,False
r1r5/1p1k1pp1/2q1p2p/P2pP3/5P2/8/3N2PP/QR5K b - - 0 24,48,owOZ8uBD,a8a5,535,141,c8c7,0.0113,0.0114,0.0113,0.0102,b7b6,c6c3,c6c3,c6c3,129.0,0.0114,-0.0011,True
r7/1prk1pp1/4p2p/P2pP3/2q2P2/Q4N2/6PP/1R5K b - - 4 26,52,owOZ8uBD,d7e8,378,8,d7e8,0.0297,0.0328,0.031,0.0263,c4c5,c4c5,c4c5,c4c5,-3.0,0.0328,-0.0034,False
3rk3/1pr2pp1/1Q2p2p/P2pP3/2q2P2/5N2/6PP/1R5K b - - 8 28,56,owOZ8uBD,c4c5,454,16,d8c8,0.0188,0.0208,0.0197,0.0195,c4c1,d8c8,d8c8,d8c8,-14.0,0.0208,0.0007,False
2r1k3/1pr2pp1/1Q2p2p/P2pP3/1R3P2/8/6PP/5qNK b - - 12 30,60,owOZ8uBD,c7c1,524,13,f1a6,0.4759,0.3725,0.3726,0.4675,c7c1,c7c1,c7c1,c7c1,0.0,0.4759,-0.0084,False
2r1k3/1pr2pp1/4p2p/q2pP3/5P2/8/5QPP/1R4NK b - - 1 32,64,owOZ8uBD,c7c2,479,1,b7b5,0.1318,0.148,0.1688,0.1905,c7c1,c7c1,c7c1,c7c1,4.0,0.1905,0.0587,False
2r1k3/2r2pp1/4P2p/q2pP3/1p6/8/5QPP/1R4NK b - - 0 34,68,owOZ8uBD,f7e6,398,67,f7e6,0.868,0.8926,0.9158,0.9051,f7e6,f7e6,f7e6,f7e6,0.0,0.9158,0.0371,False
r1bqk2r/pppp1ppp/5n2/b3p3/B3P3/2PP1Q2/PP3PPP/RNB2RK1 b kq - 2 8,16,TkOKTyUL,c7c6,-49,8,e8g8,0.1563,0.1882,0.2361,0.2785,e8g8,e8g8,e8g8,e8g8,16.0,0.2785,0.1222,False
r1bq1rk1/ppp2ppp/3p1n2/b3p1B1/B3P3/2PP1Q1P/PP3PP1/RN3RK1 b - - 0 10,20,TkOKTyUL,h7h6,-44,3,h7h6,0.3334,0.2743,0.2257,0.2378,h7h6,h7h6,c7c6,c7c6,6.0,0.3334,-0.0956,False
r1b2rk1/ppp2pp1/3p1Q1p/b3p3/B3P3/2PP3P/PP3PP1/RN3RK1 b - - 0 12,24,TkOKTyUL,g7f6,-23,515,g7f6,0.9984,0.9992,0.9997,0.9999,g7f6,g7f6,g7f6,g7f6,0.0,0.9999,0.0015,False
r1b2rk1/ppp2p2/3p3p/b3pp2/B3PP2/2PP3P/PP1N2P1/R4RK1 b - - 0 14,28,TkOKTyUL,a5b6,18,29,f5e4,0.0626,0.0857,0.1071,0.147,f5e4,f5e4,f5e4,f5e4,40.0,0.147,0.0844,False
r1b2rk1/ppp5/3p3p/b3Pp2/B3P3/2P4P/PP1N2P1/R4RK1 b - - 0 16,32,TkOKTyUL,a5b6,-64,3,d6e5,0.0341,0.0313,0.0285,0.032,d6e5,d6e5,d6e5,d6e5,13.0,0.0341,-0.0021,False
r1b2r2/ppp3k1/7p/b3pP2/8/1BP4P/PP1N2P1/R4RK1 b - - 0 18,36,TkOKTyUL,a5b6,3,54,f8f5,0.0457,0.0358,0.0359,0.0535,c8f5,c8f5,c8f5,c8f5,62.0,0.0535,0.0078,False
r7/ppp3k1/7p/b3pb2/8/1BP4P/PP1N2P1/4R1K1 b - - 1 20,40,TkOKTyUL,a5b6,24,51,a8e8,0.2757,0.2488,0.2005,0.1797,a8e8,a8e8,a8e8,a8e8,62.0,0.2757,-0.096,False
4r3/ppp3k1/1b5p/4pb2/6P1/1BP4P/PP1N2K1/4R3 b - - 2 22,44,TkOKTyUL,f5d3,0,6,f5d3,0.2061,0.1684,0.1731,0.2331,f5g6,f5g6,f5g6,f5g6,8.0,0.2331,0.027,False
4r3/ppp3k1/1N5p/8/4p1P1/1BPb3P/PP4K1/4R3 b - - 0 24,48,TkOKTyUL,a7b6,0,0,a7b6,0.6838,0.7229,0.7732,0.8447,a7b6,a7b6,a7b6,a7b6,0.0,0.8447,0.1609,False
4r3/1pp3k1/7p/1p6/P3p1P1/1BPb3P/1P3K2/4R3 b - - 0 26,52,TkOKTyUL,b5a4,65,7,b5a4,0.5433,0.5742,0.5609,0.488,b5a4,b5a4,b5a4,b5a4,0.0,0.5742,-0.0553,False
5r2/1pp3k1/7p/8/B3p1P1/2Pb3P/1P4K1/4R3 b - - 2 28,56,TkOKTyUL,f8a8,144,48,b7b5,0.0687,0.0811,0.0982,0.1182,b7b5,b7b5,b7b5,b7b5,65.0,0.1182,0.0495,False
5r2/6k1/7p/1ppB4/4p1P1/2Pb3P/1P4K1/4R3 b - - 1 30,60,TkOKTyUL,f8f4,0,6,f8e8,0.2478,0.2778,0.3024,0.3155,f8e8,f8e8,f8e8,f8e8,2.0,0.3155,0.0677,False
4r3/6k1/7p/1p1B4/2p1pKP1/2Pb3P/1P6/4R3 b - - 1 32,64,TkOKTyUL,e8f8,0,10,e8f8,0.4063,0.4849,0.5208,0.5061,e8f8,e8f8,e8f8,e8f8,0.0,0.5208,0.0998,False
8/6k1/7p/1p1B4/2p1p1P1/2Pb1r1P/1P4K1/4R3 b - - 5 34,68,TkOKTyUL,f3f4,0,3,f3f4,0.7195,0.7913,0.8411,0.865,f3f4,f3f4,f3f4,f3f4,0.0,0.865,0.1455,False
r1bqk2r/p1pnbppp/4pn2/1p2N3/2pP4/6P1/PPQ1PPBP/RNB2RK1 b kq - 1 8,16,GFBX5Vxo,d7e5,-78,129,f6d5,0.2276,0.161,0.1195,0.1209,a8b8,a8b8,a8b8,a8b8,396.0,0.2276,-0.1067,False
r1bqk2r/p1p1bppp/4p3/1p1nP3/2p1P3/6P1/PPQ2PBP/RNB2RK1 b kq - 0 10,20,GFBX5Vxo,d5b4,203,67,d5b4,0.7518,0.6888,0.6001,0.5825,d5b4,d5b4,d5b4,d5b4,0.0,0.7518,-0.1693,False
r1bqk2r/p3bppp/2p1p3/1p2P3/1np1P3/P5P1/1P2QPBP/RNB2RK1 b kq - 0 12,24,GFBX5Vxo,b4d3,219,97,b4d3,0.4688,0.505,0.6458,0.7469,b4a6,b4d3,b4d3,b4d3,0.0,0.7469,0.2781,False
r1b1k2r/p1q1bppp/2p1p3/1p2P3/2p1PB2/P1Nn2P1/1P2QPBP/R4RK1 b kq - 4 14,28,GFBX5Vxo,a7a5,287,19,d3e5,0.0121,0.017,0.0256,0.0481,d3f4,d3e5,d3e5,d3e5,84.0,0.0481,0.036,False
r1b1k2r/p1q2ppp/2pbp3/1p2n3/2p1PB1P/P1N3P1/1P2QPB1/3R1RK1 b kq - 0 16,32,GFBX5Vxo,e8g8,203,70,e5d3,0.3377,0.4149,0.4626,0.4751,e8g8,e8g8,e8g8,e8g8,0.0,0.4751,0.1374,False
r1b1k2r/p4ppp/2pqp3/1p5Q/2p1P2P/P1Nn2P1/1P3PB1/3R1RK1 b kq - 1 18,36,GFBX5Vxo,e6e5,285,54,e8g8,0.0423,0.0458,0.0454,0.0467,g7g6,e8g8,d6e5,d6e5,130.0,0.0467,0.0044,True
r1b2rk1/p4ppp/2p1p3/1pQ5/2p1P2P/P2n2P1/1P2NPB1/3R1RK1 b - - 0 20,40,GFBX5Vxo,d3c5,241,801,d3c5,0.9992,0.9998,0.9999,0.9999,d3c5,d3c5,d3c5,d3c5,0.0,0.9999,0.0007,False
r4rk1/pb3ppp/2p1p3/1pn1P3/2p4P/P1N3P1/1P3PB1/3R1RK1 b - - 2 22,44,GFBX5Vxo,c5d3,260,21,a8d8,0.5406,0.5971,0.5691,0.4025,c5d3,c5d3,c5d3,c5d3,0.0,0.5971,-0.1381,False
5rk1/pb3ppp/2p1p3/1pn1P3/2p2P1P/P1NR2P1/1P4B1/5RK1 b - - 0 24,48,GFBX5Vxo,c5d3,210,208,c5d3,0.716,0.7957,0.8559,0.8977,c5d3,c5d3,c5d3,c5d3,0.0,0.8977,0.1817,False
5rk1/pB3ppp/4p3/1p2P3/2p2P1P/P2n2P1/1P6/5RK1 b - - 0 26,52,GFBX5Vxo,f8b8,366,17,f8b8,0.0523,0.0668,0.076,0.0732,d3b2,d3b2,d3b2,d3b2,13.0,0.076,0.0209,False
1r4k1/p4ppp/4p3/1p2P3/2p1BP1P/P5P1/1n6/2R3K1 b - - 1 28,56,GFBX5Vxo,a7a5,431,20,b8d8,0.1194,0.1553,0.1739,0.1683,b2d3,b2a4,b8d8,b8d8,36.0,0.1739,0.0489,False
1r4k1/p4ppp/4p3/1p2P3/2p1BP1P/P5P1/1n6/2R3K1 b - - 5 30,60,GFBX5Vxo,a7a5,430,33,b5b4,0.1194,0.1553,0.1739,0.1683,b2d3,b2a4,b8d8,b8d8,25.0,0.1739,0.0489,False
6k1/p4ppp/4p3/4P3/1rp1BP1P/6P1/1n6/R5K1 b - - 1 32,64,GFBX5Vxo,b4a4,311,103,b4a4,0.1117,0.1434,0.1663,0.1801,c4c3,c4c3,c4c3,c4c3,79.0,0.1801,0.0684,False
6k1/5ppp/2B1p3/p3P3/r1p2P1P/6P1/1n6/2R3K1 b - - 1 34,68,GFBX5Vxo,a4a3,376,21,a4b4,0.1365,0.1155,0.1027,0.113,a4b4,a4b4,a4b4,a4b4,17.0,0.1365,-0.0235,False
r1bq1rk1/pppn1pbp/3p1np1/3Pp3/4P3/2PB1N1P/PP3PP1/RNBQ1RK1 b - - 0 8,16,aA4PgLxx,d7c5,73,61,d7c5,0.4364,0.5428,0.6485,0.6364,d7c5,d7c5,d7c5,d7c5,0.0,0.6485,0.2,False
r1bq1rk1/1pp2pbp/p2p1np1/2nPp3/4P3/2P2N1P/PPB2PP1/RNBQR1K1 b - - 1 10,20,aA4PgLxx,a6a5,-53,13,b7b5,0.0217,0.0266,0.0388,0.1181,b7b5,b7b5,b7b5,f6h5,21.0,0.1181,0.0964,False
r1bq1rk1/2pn1pbp/p2p1np1/1p1Pp1B1/1P2P3/2P2N1P/P1B2PP1/RN1QR1K1 b - - 2 12,24,aA4PgLxx,h7h6,-30,19,h7h6,0.1718,0.1938,0.3023,0.5268,c8b7,c8b7,h7h6,h7h6,0.0,0.5268,0.355,False
r1bq1rk1/2pn1pb1/p2p1n1p/1p1Pp1p1/1P2P3/2P1B2P/P1B2PPN/RN1QR1K1 b - - 1 14,28,aA4PgLxx,d7b6,-92,42,g8h8,0.2517,0.2619,0.2827,0.3033,d7b6,d7b6,f6h7,d7b6,0.0,0.3033,0.0516,False
r2q1r1k/1bpn1pb1/p2p1n1p/Pp1Pp1p1/1P2P3/2P1B2P/2B2PPN/RN1QR1K1 b - - 0 16,32,aA4PgLxx,c7c6,-99,12,f6h7,0.1494,0.1085,0.0628,0.0256,f8g8,f8g8,f8g8,f8g8,72.0,0.1494,-0.1238,False
r2q1r1k/1bp2pbn/p2p1n1p/Pp1Pp1p1/1P2P1N1/2P1B2P/2BN1PP1/R2QR1K1 b - - 4 18,36,aA4PgLxx,f6g8,-142,33,f6g4,0.0447,0.0677,0.0856,0.136,f6g4,f6g4,b7c8,b7c8,41.0,0.136,0.0913,False
r4r1k/1bpq1pbn/p2p3p/Pp1Pp1p1/1P2P1P1/2P1BP2/2BN2P1/R2QR1K1 b - - 0 20,40,aA4PgLxx,h7f6,-216,13,c7c6,0.137,0.1417,0.1539,0.1515,f7f6,f7f6,c7c6,b7c8,15.0,0.1539,0.0145,False
r4r1k/3q1pbn/p1bp3p/Pp2p1p1/1P2P1P1/2P1BPP1/2BN4/R2QR1K1 b - - 0 22,44,aA4PgLxx,a8c8,-88,4,d6d5,0.0586,0.0648,0.105,0.1749,f7f6,f7f6,h7f6,d6d5,81.0,0.1749,0.1163,False
r4r1k/3q1pbn/p1b4p/Pp2p1p1/1P1PP1P1/1B2BPP1/3N4/R2QR1K1 b - - 0 24,48,aA4PgLxx,e5d4,-43,277,e5d4,0.9761,0.9888,0.9955,0.9977,e5d4,e5d4,e5d4,e5d4,0.0,0.9977,0.0216,False
r4r1k/3q1pbn/p1b4p/Pp4p1/1P2P1P1/1B1p1PP1/3N1B2/1R1QR1K1 b - - 1 26,52,aA4PgLxx,h6h5,0,42,a8c8,0.0174,0.0166,0.0122,0.0082,g7d4,g7d4,g7d4,g7d4,44.0,0.0174,-0.0092,False
2r2r1k/3q1p1n/p1b4p/Pp4p1/1P1bPPP1/1B1p1NP1/5B2/1R1QR1K1 b - - 2 28,56,aA4PgLxx,d4f2,388,343,d4f2,0.6917,0.7877,0.8117,0.7817,d4f2,d4f2,d4f2,d4f2,0.0,0.8117,0.09,False
2r2r1k/3q1p1n/p1b4p/Pp6/1P2PPP1/1B1p1N2/5K2/1R1QR3 b - - 0 30,60,aA4PgLxx,h7f6,370,143,d7g4,0.0692,0.0384,0.0259,0.0239,d7g4,d7g4,d7g4,d7g4,247.0,0.0692,-0.0453,False
2r2r1k/5p1n/p1b4p/Pp6/1P2Pq2/1B1Q1N2/5K2/1R4R1 b - - 0 32,64,aA4PgLxx,h7f6,484,6,c6e4,0.0154,0.008,0.0048,0.0046,c6e4,c6e4,c6e4,c6e4,6.0,0.0154,-0.0108,False
2r2r1k/7n/p4p1p/Pp6/1P1Qbq2/1B3N2/5K2/4R1R1 b - - 1 34,68,aA4PgLxx,f4f3,1999,2,f4f3,0.8211,0.8919,0.9227,0.9317,f4f3,f4f3,f4f3,f4f3,0.0,0.9317,0.1106,False
rn1qk2r/pp2nppp/4b3/2bp4/8/3B1N2/PPPN1PPP/R1BQ1RK1 b kq - 5 8,16,69Uq02QV,b8c6,-49,9,b8c6,0.2002,0.2539,0.3122,0.3783,e8g8,e8g8,e8g8,e8g8,21.0,0.3783,0.1781,False
r2qk2r/pp2nppp/2nbb3/3p4/8/1NPB1N2/PP3PPP/R1BQ1RK1 b kq - 0 10,20,69Uq02QV,e8g8,-53,4,d8d7,0.5878,0.4428,0.3859,0.3283,e8g8,e8g8,e8g8,d8c7,13.0,0.5878,-0.2595,False
r3k2r/pp1qnppp/2nb4/3p4/3N2b1/2P2N2/PP2BPPP/R1BQ1RK1 b kq - 4 12,24,69Uq02QV,e8g8,-9,3,e8g8,0.3361,0.357,0.41,0.4431,e8g8,e8g8,e8g8,e8g8,0.0,0.4431,0.107,False
r4rk1/pp1q1ppp/2nb2n1/3p4/3N2b1/2PQBN2/PP2BPPP/R4RK1 b - - 8 14,28,69Uq02QV,a8e8,22,5,a8e8,0.1019,0.0847,0.1148,0.1667,c6d4,c6d4,f8e8,f8e8,22.0,0.1667,0.0648,False
4rrk1/pp1q1ppp/2nb2n1/3p4/3N4/2PQBB2/PP3PPP/R3R1K1 b - - 0 16,32,69Uq02QV,c6e5,-22,7,g6e5,0.2183,0.2562,0.279,0.2149,c6e5,c6e5,c6e5,d6b8,104.0,0.279,-0.0034,False
4rrk1/pp1q1ppp/3b4/3pn3/3B4/2P2B2/PP3PPP/R2QR1K1 b - - 0 18,36,69Uq02QV,e5f3,-39,21,d7e7,0.5506,0.6126,0.5746,0.3752,e5f3,e5f3,e5f3,e5f3,0.0,0.6126,-0.1754,False
4rrk1/pp2qppp/8/3Qb3/8/2P2B2/PP3PPP/R3R1K1 b - - 0 20,40,69Uq02QV,b7b6,-121,48,b7b6,0.0961,0.0825,0.0605,0.0404,e5h2,e5h2,e5h2,e5h2,395.0,0.0961,-0.0557,False
4rrk1/p1q2ppp/1p6/3Qb3/4R3/2P2BP1/PP3P1P/R5K1 b - - 2 22,44,69Uq02QV,e5f6,-77,44,e8e7,0.1363,0.1726,0.1823,0.2153,g8h8,g8h8,g8h8,g8h8,86.0,0.2153,0.079,False
4r1k1/p1q1rppp/1p6/3Qb3/4R1B1/2P3P1/PP3P1P/4R1K1 b - - 6 24,48,69Uq02QV,g7g6,-36,24,g7g6,0.1929,0.1803,0.1932,0.2499,g7g6,g8h8,g8h8,g7g6,0.0,0.2499,0.057,False
4r1k1/p1q1Rp1p/1p1b2p1/3Q4/5PB1/2P3P1/PP5P/4R1K1 b - - 0 26,52,69Uq02QV,d6e7,-31,13,e8e7,0.1435,0.0955,0.0628,0.0438,e8e7,e8e7,e8e7,e8e7,1.0,0.1435,-0.0997,False
6k1/p1q1bp1p/1p4p1/3Q4/5PB1/2P3P1/PP3K1P/8 b - - 1 28,56,69Uq02QV,e7c5,-15,17,g8g7,0.5238,0.5308,0.5658,0.5697,e7c5,e7c5,e7c5,e7c5,0.0,0.5697,0.0459,False
8/p3bpkp/1p4p1/4P3/6B1/2P3P1/PP3K1P/8 b - - 0 30,60,69Uq02QV,f7f6,-17,4,h7h6,0.2798,0.2501,0.1963,0.1337,f7f6,e7c5,e7c5,e7c5,0.0,0.2798,-0.1461,False
8/p2Bb1k1/1p4pp/4Pp2/1P6/2P3P1/P4K1P/8 b - - 0 32,64,69Uq02QV,g7f8,-53,4,a7a5,0.0266,0.0361,0.0385,0.0326,g7f7,g7f7,g7f7,g7f7,24.0,0.0385,0.006,False
8/3Bb1k1/6pp/p3Pp2/8/2P3P1/P3K2P/8 b - - 1 34,68,69Uq02QV,g7f8,-88,7,e7d8,0.0268,0.0373,0.0403,0.0336,g7f7,g7f7,g7f7,g7f7,-14.0,0.0403,0.0068,False
r1bBk2r/pppn1ppp/8/3n4/1b1P4/8/PP1QPPPP/R3KBNR b KQkq - 2 8,16,Agu3ZvsN,e8d8,386,8,b4d2,0.0426,0.0188,0.0135,0.0189,b4d2,b4d2,b4d2,b4d2,17.0,0.0426,-0.0237,False
r1bk3r/pppn1ppp/8/3n4/3P4/5N2/PP1KPPPP/R4B1R b - - 1 10,20,Agu3ZvsN,d7f6,435,3,d8e7,0.2436,0.2934,0.3423,0.3673,d7f6,d7f6,d7f6,d7f6,0.0,0.3673,0.1237,False
r1b4r/pppnkppp/5n2/8/3PP3/3B1N2/PP1K1PPP/R6R b - - 2 12,24,Agu3ZvsN,c7c6,401,7,h8d8,0.0116,0.0119,0.0159,0.0327,h8e8,h8e8,h8e8,h8e8,65.0,0.0327,0.0211,False
r1br4/pp1nkppp/2p2n2/8/3PP3/3B1N2/PPRK1PPP/7R b - - 1 14,28,Agu3ZvsN,d7f8,407,9,e7f8,0.0325,0.0453,0.0865,0.1549,e7f8,e7f8,e7f8,d7b6,23.0,0.1549,0.1224,False
r1br1k2/pp3ppp/1np2n2/8/3PP3/3B1N1P/PPRK1PP1/2R5 b - - 0 16,32,Agu3ZvsN,a7a5,400,5,f6h5,0.0239,0.0253,0.017,0.0156,c8e6,c8e6,c8e6,c8e6,7.0,0.0253,-0.0083,False
r1br1k2/pp4pp/1np5/5pNn/3PP3/3BK2P/PPR2PP1/2R5 b - - 1 18,36,Agu3ZvsN,h7h6,472,11,h7h6,0.1529,0.2308,0.336,0.4525,f5e4,f5e4,h7h6,h7h6,0.0,0.4525,0.2996,False
r1br1k2/pp4p1/1np4p/7n/3PB3/4KN1P/PPR2PP1/2R5 b - - 0 20,40,Agu3ZvsN,h5f6,448,17,h5f6,0.3427,0.4226,0.4922,0.5728,h5f6,h5f6,h5f6,h5f6,0.0,0.5728,0.2301,False
r1br1k2/pp4p1/2p2nBp/3n4/3P4/5N1P/PPRK1PP1/2R5 b - - 4 22,44,Agu3ZvsN,d5f4,549,63,d5f4,0.4361,0.4726,0.4615,0.4046,d5f4,d5f4,d5f4,d5f4,0.0,0.4726,-0.0315,False
r1br1k2/pp4p1/2p2n1p/8/3P4/3K1N1P/PPR2PP1/2R5 b - - 0 24,48,Agu3ZvsN,c8f5,547,60,c8f5,0.9058,0.9138,0.9138,0.9283,c8f5,c8f5,c8f5,c8f5,0.0,0.9283,0.0225,False
r1bqk1nr/1p1p1pbp/p3p1p1/2p1n3/4P3/P1NP1N2/BPP2PPP/R1BQ1RK1 b kq - 3 8,16,mtx2fLaA,e5f3,-34,18,g8e7,0.2061,0.2111,0.2098,0.179,g8e7,g8e7,g8e7,g8e7,14.0,0.2111,-0.0271,False
r1bq1rk1/1p1pnpbp/p3p1p1/2p1n3/4P3/P1NP1N1P/BPP2PP1/1RBQ1RK1 b - - 0 10,20,mtx2fLaA,e5f3,20,18,d8c7,0.1879,0.1712,0.1703,0.1402,b7b5,b7b5,b7b5,d7d5,75.0,0.1879,-0.0477,False
r1b2rk1/1pqpnp1p/p3p1p1/2p1b3/4P3/P1NP3P/BPPB1PP1/1R1Q1RK1 b - - 1 12,24,mtx2fLaA,b7b5,33,19,b7b5,0.2995,0.4013,0.4945,0.5805,b7b5,b7b5,b7b5,b7b5,0.0,0.5805,0.281,False
r1b2rk1/2q1np1p/p3p1p1/1pppb3/4PP2/P2P3P/BPPBN1P1/1R1Q1RK1 b - - 0 14,28,mtx2fLaA,e5g7,79,18,e5g7,0.4694,0.6367,0.7658,0.8635,e5g7,e5g7,e5g7,e5g7,0.0,0.8635,0.3941,False
r1b2rk1/2q2pbp/p3p1p1/1pppPn2/5P2/P1PP3P/BP1BN1P1/1R1Q1RK1 b - - 0 16,32,mtx2fLaA,a6a5,7,16,c8b7,0.0377,0.038,0.0377,0.047,c5c4,c5c4,c8b7,c8b7,41.0,0.047,0.0093,False
r4rk1/1bq2pbp/p3p1p1/1p1pPn2/2pP1P2/P1P4P/BP1BN1P1/2RQ1RK1 b - - 1 18,36,mtx2fLaA,f5e7,-113,8,a6a5,0.0255,0.0219,0.0194,0.0124,c7e7,f7f6,f7f6,a6a5,-6.0,0.0255,-0.0131,False
r4rk1/1bq2pbp/4p1p1/1p1pPB2/p1pP1P2/P1P4P/1P1BN1P1/2RQ1RK1 b - - 0 20,40,mtx2fLaA,e6f5,-80,122,e6f5,0.8852,0.9218,0.916,0.8619,e6f5,e6f5,e6f5,e6f5,0.0,0.9218,-0.0233,False
5rk1/1bq2pbp/r5p1/1p1pPp2/p1pP1P2/P1P1B1NP/1P4P1/2RQ1RK1 b - - 3 22,44,mtx2fLaA,b7c8,-61,6,h7h5,0.1199,0.1771,0.2487,0.283,a6e6,a6e6,a6e6,a6e6,23.0,0.283,0.1631,False
5r2/1bq2pbk/r5p1/1p1pPp1p/p1pP1P2/P1P1BR1P/1P4P1/2RQ1NK1 b - - 3 24,48,mtx2fLaA,g7h6,-85,1,f8e8,0.1281,0.1121,0.0889,0.0728,f7f6,a6e6,a6e6,a6e6,16.0,0.1281,-0.0553,False
4r3/1bq2pbk/4r1p1/1p1pPp1p/p1pP1P2/P1P1BR1P/1PR3P1/4QNK1 b - - 7 26,52,mtx2fLaA,b7c8,-117,6,f7f6,0.0336,0.0384,0.0418,0.0431,c7e7,c7e7,c7e7,c7e7,29.0,0.0431,0.0095,False
4r3/1bq3bk/4r1p1/1p1pPp1p/p1pP4/P1P1BRQP/1PR3P1/5NK1 b - - 0 28,56,mtx2fLaA,b7c8,-227,5,e8f8,0.0883,0.1119,0.1273,0.1229,g7h6,g7h6,g7h6,g7h6,91.0,0.1273,0.0346,False
5r2/1bq4k/4r1p1/1p1pPp1p/p1p5/P1P1BRQP/1P3RP1/5NK1 b - - 0 30,60,mtx2fLaA,d5d4,-408,27,d5d4,0.1407,0.132,0.1296,0.1487,e6e5,e6e5,c7e5,c7e5,18.0,0.1487,0.008,False
5r2/2q4k/4r1p1/1p2Pp1p/p1pB4/P1P2RQP/1P4P1/5NK1 b - - 0 32,64,mtx2fLaA,f8d8,-425,12,f8d8,0.0217,0.016,0.0171,0.0261,c7c6,c7c6,c7c6,c7c6,53.0,0.0261,0.0044,False
8/2q4k/4r1p1/1p1rPpQp/p1pB4/P1P1NR1P/1P4P1/6K1 b - - 4 34,68,mtx2fLaA,d5e5,-380,91,d5e5,0.2757,0.3144,0.3378,0.3301,d5d8,d5e5,d5e5,d5d7,158.0,0.3378,0.0544,False
rnbq1rk1/ppp2ppp/3B1n2/8/1P6/4P3/P2P1PPP/RN1QKBNR b KQ - 0 8,16,zYYhelva,d8d6,-88,29,d8d6,0.8812,0.9276,0.9254,0.9356,d8d6,d8d6,d8d6,d8d6,0.0,0.9356,0.0544,False
r1b2rk1/ppp2ppp/2nq1n2/8/1P6/P3PN2/3P1PPP/RN1QKB1R b KQ - 2 10,20,zYYhelva,c6e5,-114,7,c8g4,0.0685,0.0764,0.0929,0.092,c8g4,c8g4,c8g4,c8g4,12.0,0.0929,0.0235,False
r4rk1/ppp2ppp/3q1n2/4n3/1P4b1/P3PN2/3PBPPP/RN1Q1RK1 b - - 6 12,24,zYYhelva,g4f3,-87,4,a8d8,0.2433,0.2749,0.2656,0.2343,e5f3,g4f3,g4f3,a8d8,100.0,0.2749,-0.009,False
3r1rk1/ppp2ppp/3q1nn1/8/1P1P2b1/P3PN2/3NBPPP/R2Q1RK1 b - - 2 14,28,zYYhelva,c7c6,-245,5,b7b6,0.0559,0.0879,0.1363,0.1982,b7b6,b7b6,f8e8,f8e8,5.0,0.1982,0.1423,False
3r1rk1/p4ppp/1p1q1nn1/2P5/3P2b1/P3PN2/3NBPPP/2RQ1RK1 b - - 0 16,32,zYYhelva,d6e7,-351,28,b6c5,0.0033,0.0025,0.002,0.0023,b6c5,b6c5,b6c5,b6c5,22.0,0.0033,-0.001,False
3r1rk1/p4ppp/2q2nn1/2P5/6b1/P3PN2/2QNBPPP/2R2RK1 b - - 2 18,36,zYYhelva,g6h4,-334,34,d8d5,0.1164,0.136,0.1059,0.0612,d8d5,d8d5,d8d5,d8d5,33.0,0.136,-0.0552,False
5rk1/p4ppp/2q2nn1/2Pr1b2/8/PNQ1PN2/4BPPP/2R2RK1 b - - 6 20,40,zYYhelva,f8c8,-366,2,f5e4,0.0905,0.1142,0.1186,0.0982,f6e4,f6e4,f6e4,f6e4,45.0,0.1186,0.0077,False
5rk1/p1q2ppp/5nn1/2Pr4/2BNb3/P1Q1PN2/5PPP/2R2RK1 b - - 10 22,44,zYYhelva,d5h5,-299,16,d5h5,0.2218,0.2959,0.4316,0.5355,d5c5,d5c5,d5c5,d5h5,0.0,0.5355,0.3137,False
5rk1/p1q2ppp/5n2/2P1N2r/2BNb3/P1Q1P1P1/5P1P/2R2RK1 b - - 0 24,48,zYYhelva,h5e5,-309,53,c7e5,0.1506,0.1534,0.1462,0.1481,c7e5,c7e5,c7e5,c7e5,70.0,0.1534,-0.0025,False
r1bqkb1r/p4ppp/1pn2n2/2pp4/8/2NP1NP1/PP2PPBP/R1BQ1RK1 b kq - 0 8,16,kG25EKsW,f8e7,-45,65,c8b7,0.1006,0.1234,0.1663,0.2549,c8b7,c8b7,c8b7,c8b7,98.0,0.2549,0.1543,False
r2qk2r/pb2bppp/1pn2n2/2pp2N1/8/P1NP2P1/1P2PPBP/R1BQ1RK1 b kq - 2 10,20,kG25EKsW,h7h6,70,11,h7h6,0.1997,0.2981,0.4065,0.449,e8g8,e8g8,h7h6,h7h6,0.0,0.449,0.2493,False
r2q1rk1/pb2bpp1/1pn2n1p/2pp4/5N2/P1NP2P1/1P2PPBP/R1BQ1RK1 b - - 3 12,24,kG25EKsW,d5d4,73,60,d5d4,0.4642,0.4653,0.4887,0.5749,d5d4,d5d4,d5d4,d5d4,0.0,0.5749,0.1107,False
r2q1rk1/pb2bpp1/1pn4p/2p5/3pBN2/P2P2P1/1P2PP1P/R1BQ1RK1 b - - 0 14,28,kG25EKsW,d8d7,108,0,a8b8,0.0821,0.0698,0.0651,0.1048,a8b8,a8b8,a8b8,d8c7,45.0,0.1048,0.0227,False
1r1qr1k1/pb2bpp1/1pn4p/2pN4/3pBB2/P2P2P1/1P2PP1P/R2Q1RK1 b - - 4 16,32,kG25EKsW,e7d6,102,24,e7d6,0.6862,0.7299,0.7776,0.809,e7d6,e7d6,e7d6,e7d6,0.0,0.809,0.1228,False
1r1qr1k1/pb2Npp1/1p1b3p/2p5/3pBB2/P2P2P1/1P2PP1P/R1Q2RK1 b - - 0 18,36,kG25EKsW,e8e7,61,17,d8e7,0.5,0.4605,0.4047,0.3187,e8e7,e8e7,d8e7,d8e7,17.0,0.5,-0.1813,False
1r2r1k1/pB3pp1/1p1q3p/2p5/3p4/P2P2P1/1P2PP1P/R1Q2RK1 b - - 0 20,40,kG25EKsW,b8b7,116,563,b8b7,0.9923,0.9933,0.9917,0.9815,b8b7,b8b7,b8b7,b8b7,0.0,0.9933,-0.0108,False
4r1k1/p3rpp1/1p1q3p/2p5/3p4/P2P2P1/1PQ1PP1P/R3R1K1 b - - 3 22,44,kG25EKsW,h6h5,174,39,d6d5,0.0366,0.0502,0.0665,0.0682,a7a5,d6d5,d6d5,d6d5,87.0,0.0682,0.0316,False
4r1k1/p3rpp1/1p5p/2p4q/3p3P/P2P2P1/1PQ1PPK1/R3R3 b - - 2 24,48,kG25EKsW,e7e2,431,165,e7e2,0.5595,0.6764,0.7628,0.8203,e7e2,e7e2,e7e2,e7e2,0.0,0.8203,0.2608,False
4r1k1/p4pp1/1p5p/2p5/3p3P/P2P2P1/1P2QPK1/R7 b - - 0 26,52,kG25EKsW,e8e2,213,817,e8e2,0.9997,0.9999,1.0,1.0,e8e2,e8e2,e8e2,e8e2,0.0,1.0,0.0003,False
6k1/p4pp1/1p5p/2P5/3p3P/P2P2P1/2r2PK1/R7 b - - 0 28,56,kG25EKsW,b6c5,228,85,b6c5,0.685,0.6409,0.5813,0.5064,b6c5,b6c5,b6c5,b6c5,0.0,0.685,-0.1786,False
6k1/p4pp1/7p/1Rp5/3p3P/P1rP2P1/5PK1/8 b - - 3 30,60,kG25EKsW,c3d3,263,14,c3a3,0.4112,0.3984,0.3891,0.4097,c3d3,c3a3,c3a3,c3d3,0.0,0.4112,-0.0015,False
2R3k1/p4pp1/7p/8/3p3P/3r2P1/5PK1/8 b - - 1 32,64,kG25EKsW,g8h7,35,0,g8h7,1.0,1.0,1.0,1.0,g8h7,g8h7,g8h7,g8h7,0.0,1.0,0.0,False
8/5Rpk/7p/p7/3p3P/3r2P1/5PK1/8 b - - 0 34,68,kG25EKsW,a5a4,27,1,a5a4,0.7025,0.6605,0.6262,0.5719,a5a4,a5a4,a5a4,a5a4,0.0,0.7025,-0.1306,False
r1bqk2r/p4ppp/2pb1n2/4p3/8/2NP4/PPP1QPPP/R1B1K1NR b KQkq - 1 8,16,8FPn7lBJ,f6d5,-8,1,d8c7,0.0094,0.0059,0.0043,0.0033,e8g8,e8g8,e8g8,e8g8,-2.0,0.0094,-0.0061,False
r3k2r/p1q2ppp/2pb1n2/4p3/6b1/2NP1N2/PPPBQPPP/R3K2R b KQkq - 5 10,20,8FPn7lBJ,e8g8,-87,2,e8c8,0.7829,0.8207,0.8359,0.8469,e8g8,e8g8,e8g8,e8g8,0.0,0.8469,0.064,False
2kr3r/p1q2ppp/2pb1n2/4pb2/8/2NP1N1P/PPPBQPP1/2KR3R b - - 2 12,24,8FPn7lBJ,h8e8,-204,2,c8b8,0.4895,0.546,0.6073,0.6687,h8e8,h8e8,h8e8,h8e8,0.0,0.6687,0.1792,False
1k1r3r/p1q2ppp/2pbbn2/4p1N1/6P1/2NP3P/PPPBQP2/2KR3R b - - 2 14,28,8FPn7lBJ,e6d5,-207,24,h8e8,0.1217,0.1561,0.1897,0.2237,h7h6,h7h6,e6d5,e6c8,25.0,0.2237,0.102,False
k2rr3/p1q2ppp/2pbbn2/4p1N1/6P1/2NP1P1P/PPPBQ3/2KRR3 b - - 2 16,32,8FPn7lBJ,e6d5,-189,11,d8b8,0.0651,0.0784,0.0848,0.0898,h7h6,h7h6,h7h6,e6c8,38.0,0.0898,0.0247,False
kr2r3/p1q2ppp/2p1bN2/4p3/1b4P1/2NP1P1P/PPPBQ3/2KRR3 b - - 0 18,36,8FPn7lBJ,g7f6,-213,93,g7f6,0.9569,0.9712,0.9722,0.9694,g7f6,g7f6,g7f6,g7f6,0.0,0.9722,0.0125,False
kr1r4/p1q2p1p/2p1bp2/4p3/1Q4P1/2NP1P1P/PPPB4/2KRR3 b - - 0 20,40,8FPn7lBJ,b8b4,457,868,b8b4,0.9903,0.9946,0.9965,0.9976,b8b4,b8b4,b8b4,b8b4,0.0,0.9976,0.0073,False
kr1r4/p1q2p1p/2p1bp2/4p3/N5P1/1P1P1P1P/P1PB4/2KRR3 b - - 2 22,44,8FPn7lBJ,e6d5,512,4,d8d4,0.0888,0.0985,0.0876,0.081,c6c5,c6c5,c7d6,c7d6,24.0,0.0985,-0.0078,False
kr6/p3qp1p/2p1bp2/4p3/3r2P1/1PBP1P1P/PNP5/2KRR3 b - - 6 24,48,8FPn7lBJ,d4f4,502,26,e7a3,0.4654,0.3836,0.3382,0.3364,d4f4,d4f4,d4f4,d4f4,0.0,0.4654,-0.129,False
kr6/p4p1p/2p1bp2/8/3p2P1/qP1P1P1P/PNP5/1K1RR3 b - - 1 26,52,8FPn7lBJ,e6d5,383,10,a7a5,0.1029,0.091,0.0772,0.0732,a7a5,a7a5,a7a5,a7a5,-10.0,0.1029,-0.0297,False
kr6/5p1p/4bp2/p1p5/3pRPP1/qP1P3P/PNP5/1K1R4 b - - 0 28,56,8FPn7lBJ,e6d5,444,7,a5a4,0.1126,0.1056,0.0948,0.1017,a5a4,a5a4,a5a4,a5a4,-4.0,0.1126,-0.0109,False
kr6/5p1p/4bp2/2p2P2/3pR1P1/qP1P3P/1NP5/1K1R4 b - - 0 30,60,8FPn7lBJ,b8b3,536,104,e6d5,0.0041,0.0037,0.0038,0.0049,e6b3,e6b3,e6b3,e6b3,155.0,0.0049,0.0008,True
kr6/4Rp1p/5p2/3b1P2/2Pp2P1/qP5P/1NP5/1K1R4 b - - 0 32,64,8FPn7lBJ,a3e7,484,133,a3e7,0.4789,0.5172,0.557,0.5592,a3e7,a3e7,a3e7,a3e7,0.0,0.5592,0.0803,False
r2qkb1r/pppn1ppp/4pn2/4Nb2/2B2P2/2NP4/PPP3PP/R1BQK2R b KQkq - 0 8,16,kMr4oeWP,d7e5,54,12,d7e5,0.5002,0.4808,0.418,0.3366,d7e5,d7e5,d7e5,d7e5,0.0,0.5002,-0.1636,False
r2qkb1r/pppn1ppp/4p3/4Pb2/2B5/2NP4/PPP1Q1PP/R1B1K2R b KQkq - 2 10,20,kMr4oeWP,d8h4,44,28,d8h4,0.0989,0.1133,0.1466,0.1325,f8c5,f8b4,f8c5,f8c5,57.0,0.1466,0.0336,False
r3kb1r/pppn1ppp/4p3/4Pb2/2B5/2NP2Pq/PPPBQ2P/R3K2R b KQkq - 2 12,24,kMr4oeWP,e8c8,109,41,f5g4,0.1057,0.1219,0.157,0.1933,f5g4,f5g4,f5g4,f5g4,56.0,0.1933,0.0876,False
r3kb1r/ppp2ppp/4p3/2n1P3/2B3b1/2NPQ1Pq/PPPB3P/R3K2R b KQkq - 6 14,28,kMr4oeWP,e8c8,-24,3,h3g2,0.0716,0.092,0.1374,0.1993,h3g2,h3g2,h3g2,h3g2,8.0,0.1993,0.1277,False
r3kb1r/ppp2ppp/4p3/2n1P3/1PB3b1/2NPQ1P1/P1PB3q/R3K1R1 b Qkq - 0 16,32,kMr4oeWP,c5d7,281,206,c5d7,0.7234,0.8348,0.9035,0.9393,c5d7,c5d7,c5d7,c5d7,0.0,0.9393,0.2159,False
2r1kb1r/Nppn1ppp/4p3/4P3/1PB3b1/3PQ1P1/P1PB3q/R3K1R1 b Qk - 0 18,36,kMr4oeWP,d7e5,424,159,c8a8,0.0097,0.004,0.0025,0.0021,c8a8,c8a8,c8a8,c8a8,190.0,0.0097,-0.0076,True
2r1kb1r/Nppn1ppp/4p3/4P3/1PB3b1/3PQ1P1/P1PB3q/R3K1R1 b Qk - 4 20,40,kMr4oeWP,d7e5,410,131,c8d8,0.0097,0.004,0.0025,0.0021,c8a8,c8a8,c8a8,c8a8,171.0,0.0097,-0.0076,True
3rkb1r/1pN2ppp/4p3/4n3/1PB3b1/3PQ1P1/P1PB3q/R3K1R1 b Qk - 0 22,44,kMr4oeWP,e8d7,475,150,e8e7,0.3821,0.4362,0.544,0.7269,e8e7,e8e7,e8d7,e8d7,0.0,0.7269,0.3448,False
3r1b1r/1pN2ppp/4pk2/2Q1n3/1PB3b1/3P2P1/P1PB3q/R3KR2 b Q - 4 24,48,kMr4oeWP,g4f3,136,432,e5f3,0.0524,0.0565,0.0687,0.0869,f6g6,f6g6,e5f3,e5f3,1009.0,0.0869,0.0345,False
rn1qk2r/pb1pbpp1/1p2pn1p/2p5/4PB2/2PP2NP/PP1N1PP1/R2QKB1R b KQkq - 2 8,16,6BKBZgXH,b8c6,39,30,e8g8,0.1847,0.2282,0.2659,0.2506,e8g8,e8g8,b8c6,d7d6,90.0,0.2659,0.0659,False
rn1q1rk1/pb1pbppn/1p2p2p/2p5/4PB2/2PP1NNP/PPQ2PP1/R3KB1R b KQ - 6 10,20,6BKBZgXH,b8c6,29,1,d7d6,0.1106,0.0932,0.1024,0.1449,e7g5,h7g5,h7g5,h7g5,47.0,0.1449,0.0343,False
rn1q1rk1/pb2bpp1/1p1pp2p/2p3N1/4PB2/2PP2NP/PP3PP1/R1Q1KB1R b KQ - 0 12,24,6BKBZgXH,h6g5,65,67,e7g5,0.3394,0.2081,0.1979,0.2683,e7g5,e7g5,e7g5,e7g5,76.0,0.3394,-0.0711,False
rn3rk1/pb3pp1/1p1pp2p/2p3Q1/4P3/2PP2NP/PP3PP1/R3KB1R b KQ - 0 14,28,6BKBZgXH,h6g5,-8,676,h6g5,0.9999,1.0,1.0,1.0,h6g5,h6g5,h6g5,h6g5,0.0,1.0,0.0001,False
r4rk1/pb1n1pp1/1p1pp3/2p3p1/4P3/2PP2NP/PP3PP1/R2BK2R b KQ - 3 16,32,6BKBZgXH,d6d5,38,2,d7e5,0.217,0.1532,0.119,0.1532,d7e5,d7e5,d7e5,d7e5,-1.0,0.217,-0.0638,False
r4rk1/p4pp1/bp1pp3/2p1n1p1/4P3/2PP2NP/PPB2PP1/2KR3R b - - 7 18,36,6BKBZgXH,a8d8,7,13,f8d8,0.0925,0.1091,0.1209,0.1209,c5c4,c5c4,b6b5,b6b5,91.0,0.1209,0.0284,False
r2r2k1/p4pp1/bp1pp1n1/2p3p1/3PP3/2P3NP/PPB2PP1/2KR2R1 b - - 2 20,40,6BKBZgXH,g6f4,73,37,g6e7,0.4298,0.4874,0.5183,0.5547,g6f4,g6f4,g6f4,g6f4,0.0,0.5547,0.1249,False
r2r2k1/pb2npp1/1p1pp3/2p3p1/3PP3/2P3NP/PPB2PP1/1K2R1R1 b - - 6 22,44,6BKBZgXH,c5d4,25,2,f7f6,0.4329,0.3984,0.3516,0.201,c5d4,c5d4,c5d4,c5d4,0.0,0.4329,-0.2319,False
r2r4/pb2nkp1/1p1ppp2/2p3p1/3PP3/2P1R1NP/PPB2PP1/1K2R3 b - - 3 24,48,6BKBZgXH,e7g6,46,10,a7a6,0.0537,0.0907,0.1408,0.1886,c5d4,c5d4,c5d4,g7g6,47.0,0.1886,0.1349,False
1r1r4/1b2nkp1/pp1ppp2/2p3p1/3PP3/2P2PNP/PPB1R1P1/1K2R3 b - - 2 26,52,6BKBZgXH,b6b5,27,5,b7c6,0.0556,0.08,0.1149,0.1332,c5d4,c5d4,c5d4,e7g6,7.0,0.1332,0.0776,False
1r1r4/4nkp1/ppb1pp2/2p1P1p1/8/2P2PNP/PPB1R1P1/1K2R3 b - - 0 28,56,6BKBZgXH,f6f5,157,116,f6f5,0.4693,0.5506,0.6187,0.6489,f6f5,f6f5,f6f5,f6f5,0.0,0.6489,0.1796,False
1r1r4/5kp1/ppb1p3/2pnPpp1/8/2P2PNP/PPB2RP1/2K1R3 b - - 3 30,60,6BKBZgXH,d5f4,161,25,d5f4,0.3918,0.4569,0.4484,0.4218,d5f4,d5f4,d5f4,d5f4,0.0,0.4569,0.03,False
1r1r4/5kp1/ppb1p1n1/2p1Ppp1/8/2P2PNP/PPB2RP1/2K1R3 b - - 7 32,64,6BKBZgXH,b6b5,177,7,d8d5,0.0842,0.0852,0.094,0.1025,g6f4,g6f4,g6f4,g6f4,41.0,0.1025,0.0183,False
3r4/5kp1/ppb1p1n1/2prPpp1/8/1BP2PNP/PP2R1P1/2K1R3 b - - 11 34,68,6BKBZgXH,c5c4,73,6,d5d7,0.033,0.0254,0.02,0.0164,d5d7,d5d7,d5d7,d5d7,76.0,0.033,-0.0166,False
rn1qk1nr/1b1pbppp/p3p3/1p2P3/3N3P/P1N5/1PP2PP1/R1BQKB1R b KQkq - 0 8,16,GXiD4woi,d7d6,-20,16,b8c6,0.2131,0.1543,0.1205,0.1532,e7h4,e7h4,e7h4,e7h4,409.0,0.2131,-0.0599,False
r2qk1nr/1b1pbppp/p3p3/1p2n3/3N1P1P/P1N1B3/1PP3P1/R2QKB1R b KQkq - 0 10,20,GXiD4woi,e7h4,232,20,e5c4,0.0624,0.091,0.1682,0.3503,e5c4,e5c4,e5c4,e7h4,0.0,0.3503,0.2879,False
r2qk1nr/1b1pbppp/p3p3/8/2pN1P1P/P1N1B3/1PP3P1/R2Q1RK1 b kq - 1 12,24,GXiD4woi,d8c7,287,12,e7h4,0.0238,0.0117,0.0068,0.0073,e7h4,e7h4,e7h4,e7h4,34.0,0.0238,-0.0165,False
r2qk1nr/1b1p1ppp/p3pb2/8/2p2PQ1/P1N1BN2/1PP3P1/R4RK1 b kq - 3 14,28,GXiD4woi,g8h6,327,1,g8h6,0.4484,0.5102,0.5487,0.5397,g8h6,g8h6,g8h6,g8h6,0.0,0.5487,0.0913,False
r2qk2r/1b1p1ppp/p3pb2/5n2/2p2P2/P1N2N1Q/1PP2BP1/R4RK1 b kq - 7 16,32,GXiD4woi,d8c7,338,12,h7h5,0.1198,0.1582,0.2049,0.2497,e8g8,e8g8,e8g8,d8c7,0.0,0.2497,0.1299,False
r2qk2r/1b1p1pp1/p3p3/5nPp/2p5/P1N4Q/1PP2BP1/R4RK1 b kq - 0 18,36,GXiD4woi,d8g5,398,104,d8g5,0.8644,0.9249,0.9611,0.9744,d8g5,d8g5,d8g5,d8g5,0.0,0.9744,0.11,False
r3k2r/1b1p1pp1/p3p3/5nq1/2p1N2p/P6Q/1PP2BP1/4RRK1 b kq - 1 20,40,GXiD4woi,b7e4,343,38,g5g6,0.4346,0.4987,0.544,0.5774,b7e4,b7e4,b7e4,b7e4,0.0,0.5774,0.1428,False
r3k2r/3p1pp1/p3p1q1/2B2n2/2p1R2p/P6Q/1PP3P1/5RK1 b kq - 0 22,44,GXiD4woi,h8h5,312,46,d7d5,0.0279,0.0272,0.0283,0.0364,f5g3,f5g3,f5g3,f5g3,76.0,0.0364,0.0085,False
r3k2r/5pp1/p3p1q1/2Bp4/2p4p/P4RnQ/1PP3P1/4R1K1 b kq - 3 24,48,GXiD4woi,g3e4,399,55,g3e4,0.1294,0.1737,0.2213,0.2611,g6c2,g6c2,g6c2,g6c2,2395.0,0.2611,0.1317,False
r3k2r/5pp1/p3p1q1/3p2n1/1Bp3Qp/P4R2/1PP3P1/4R1K1 b kq - 7 26,52,GXiD4woi,g5f3,470,9,g5f3,0.7363,0.8261,0.868,0.865,g5f3,g5f3,g5f3,g5f3,0.0,0.868,0.1287,False
r3k2r/5pp1/p3p1q1/3p4/1Bp5/P4Q1p/1PP1R1P1/6K1 b kq - 1 28,56,GXiD4woi,g6f6,555,6,h3h2,0.0052,0.0048,0.0044,0.0051,h3h2,h3h2,h3g2,h3g2,81.0,0.0052,-0.0001,False
r3k2r/5pp1/4p1q1/p2Q4/1Bp5/P7/1PP1R1Pp/7K b kq - 0 30,60,GXiD4woi,a5b4,-476,81,a5b4,0.1887,0.0876,0.0531,0.0428,a8d8,a8d8,a8d8,a8d8,76.0,0.1887,-0.1459,False
7Q/4kpp1/4p1q1/8/1pp5/P7/1PP1R1Pp/7K b - - 0 32,64,GXiD4woi,g6g3,-494,13,g6g4,0.0145,0.0173,0.0195,0.0248,b4a3,b4a3,b4a3,b4a3,72.0,0.0248,0.0103,False
3Q4/5pp1/4pk2/8/1pp3q1/P7/1PPR2Pp/7K b - - 4 34,68,GXiD4woi,f6g6,-487,35,f6g6,0.837,0.8874,0.9162,0.9238,f6g6,f6g6,f6g6,f6g6,0.0,0.9238,0.0868,False
rn1qkbnr/pp3pp1/2p1p1bp/8/2BP4/2P2NN1/PP3PPP/R1BQK2R b KQkq - 0 8,16,1HMEsCjM,b8d7,-32,17,g8e7,0.1283,0.1169,0.1221,0.1803,f8d6,g8f6,g8f6,g8f6,81.0,0.1803,0.052,False
rn1qkb1r/pp2nppb/2p1p2p/4N3/2BP4/2P3N1/PP3PPP/R1BQ1RK1 b kq - 4 10,20,1HMEsCjM,b8d7,-124,51,b8d7,0.2714,0.3301,0.3834,0.4692,b8d7,b8d7,b8d7,b8d7,0.0,0.4692,0.1978,False
r2qkb1r/pp1n1ppb/2p1p2p/3BN3/3P1B2/2P3N1/PP3PPP/R2Q1RK1 b kq - 0 12,24,1HMEsCjM,c6d5,-27,18,c6d5,0.8876,0.9271,0.9433,0.9401,c6d5,c6d5,c6d5,c6d5,0.0,0.9433,0.0525,False
r2qk2r/pp1nbppb/4p2p/3pN3/3P1B2/1QP3N1/PP3PPP/R3R1K1 b kq - 3 14,28,1HMEsCjM,d7e5,22,37,d7e5,0.1336,0.1338,0.1532,0.1246,b7b6,b7b6,b7b6,d8b6,47.0,0.1532,-0.009,False
r2q1rk1/pp2bppb/4p2p/3pB2N/3P4/1QP5/PP3PPP/R3R1K1 b - - 2 16,32,1HMEsCjM,g7g6,26,13,f7f6,0.0487,0.0303,0.024,0.0274,f7f6,f7f6,f7f6,f7f6,23.0,0.0487,-0.0213,False
r2q1rk1/p3b1pb/1p2Rp1p/3p3N/3P1B2/1QP5/PP3PPP/R5K1 b - - 0 18,36,1HMEsCjM,d8d7,-96,17,h7f5,0.1592,0.1912,0.2434,0.2662,h7f5,h7f5,h7f5,h7f5,28.0,0.2662,0.107,False
r2q1rk1/p3b3/1p3p1p/3p1bpN/3P4/1QP5/PP1B1PPP/R3R1K1 b - - 1 20,40,1HMEsCjM,d8d7,-83,1,f5g6,0.0278,0.021,0.0218,0.0611,f5g6,f5g6,f5g6,f5g6,1.0,0.0611,0.0333,False
r2q1rk1/p3b3/1p2R1bp/3p1pp1/3P4/1QP3N1/PP1B1PPP/R5K1 b - - 1 22,44,1HMEsCjM,d8d7,-92,36,g6f7,0.0102,0.005,0.0031,0.0028,f8f6,f8f6,g8g7,g8g7,202.0,0.0102,-0.0074,True
r2q1rk1/p3bb2/1p5R/3p1Np1/3P1p2/1QP5/PP1B1PPP/R5K1 b - - 1 24,48,1HMEsCjM,f8e8,-444,21,d8d7,0.025,0.0206,0.0182,0.0238,e7f6,e7f6,e7f6,e7f6,61.0,0.025,-0.0012,False
r4rk1/p3qb2/1p5R/3p2p1/3P1p2/1QP5/PP1B1PPP/4R1K1 b - - 1 26,52,1HMEsCjM,e7e1,-476,117,e7d7,0.0493,0.0343,0.0272,0.022,e7d7,e7d7,e7d7,e7d7,317.0,0.0493,-0.0273,True
r1bqk2r/ppp1bp2/2n1p2n/3p2pp/3P4/2P1PNBP/PP3PP1/RN1QKB1R b KQkq - 0 8,16,7KZFSaU8,h6f5,-12,4,h5h4,0.3743,0.5368,0.715,0.8272,h6f5,h6f5,h6f5,h6f5,0.0,0.8272,0.4529,False
r1bqk2r/ppp1b3/2n1pp1n/3p2p1/3P3p/2PBPN1P/PP3PPB/RN1QK2R b KQkq - 1 10,20,7KZFSaU8,e7d6,-55,29,e7d6,0.1021,0.0993,0.0915,0.0717,h6f5,h6f5,h6f7,h6f7,33.0,0.1021,-0.0304,False
r1bqk2r/ppp2B2/2nbpp2/3p2p1/3P3p/2P1PN1P/PP3PPB/RN1QK2R b KQkq - 0 12,24,7KZFSaU8,e8f7,-29,305,e8f7,0.9976,0.9986,0.9988,0.9993,e8f7,e8f7,e8f7,e8f7,0.0,0.9993,0.0017,False
r1b4r/ppp2k2/2nqpp2/3p2p1/3P3p/N1P1PN1P/PP3PP1/R2QK2R b KQ - 1 14,28,7KZFSaU8,a7a6,27,4,a7a6,0.3749,0.5725,0.6829,0.6581,a7a6,a7a6,a7a6,a7a6,0.0,0.6829,0.2832,False
r1b4r/2p2k2/p1nqpp2/1p1p2p1/1P1P3p/2P1PN1P/P1N2PP1/R2QK2R b KQ - 0 16,32,7KZFSaU8,c8d7,29,22,a6a5,0.095,0.1438,0.1879,0.188,a6a5,a6a5,c8b7,c8b7,64.0,0.188,0.093,False
r1b4r/2p2k2/2nqpp2/1P1p2p1/1p1P3p/2P1PN1P/2N2PP1/R2QK2R b KQ - 0 18,36,7KZFSaU8,a8a1,36,67,a8a1,0.909,0.9405,0.9464,0.9382,a8a1,a8a1,a8a1,a8a1,0.0,0.9464,0.0292,False
2b4r/2p1nk2/3qpp2/1P1p2p1/1N1P3p/2P1PN1P/5PP1/Q3K2R b K - 0 20,40,7KZFSaU8,c8d7,-16,10,c8b7,0.4345,0.5096,0.5416,0.5023,c8d7,c8d7,c8d7,c8d7,0.0,0.5416,0.0678,False
r7/1bp1nk2/3qpp2/1P1p2p1/1N1P3p/2P1PN1P/5PP1/1Q3RK1 b - - 4 22,44,7KZFSaU8,f7g7,-161,15,a8a3,0.0151,0.026,0.0432,0.07,a8a3,a8a3,a8a3,a8a3,423.0,0.07,0.0549,False
8/1bp1nk2/1q2pp2/1P1p2p1/3P3p/r1PNPN1P/2Q2PP1/5RK1 b - - 8 24,48,7KZFSaU8,f7g7,-212,44,b6b5,0.0005,0.0007,0.0011,0.0018,b6b5,b6b5,b6b5,b6b5,158.0,0.0018,0.0013,True
8/1bp1nk2/q3pp2/2Np2p1/3P3p/r1P1PN1P/2Q2PP1/1R4K1 b - - 3 26,52,7KZFSaU8,e7f5,-504,65,a3a2,0.0007,0.0004,0.0002,0.0001,a6c6,a6a7,a6a7,a6a7,1488.0,0.0007,-0.0006,True
8/1Rp1nk2/N3pp2/3p2p1/3P3p/2P1PN1P/2r2PP1/6K1 b - - 0 28,56,7KZFSaU8,c2c1,-313,41,c2c3,0.0844,0.0345,0.017,0.0147,c2c3,c2c3,c2c3,c2c3,88.0,0.0844,-0.0697,False
8/2N1nk2/4pp2/3p2p1/3P3p/4PN1P/5PP1/6K1 b - - 0 30,60,7KZFSaU8,e7c6,-467,5,e7c6,0.3417,0.3752,0.3937,0.3772,e7c6,e7c6,e7c6,e7c6,0.0,0.3937,0.0355,False
8/2N2k2/2n1pp2/3p2p1/3P4/4PNPP/8/6K1 b - - 0 32,64,7KZFSaU8,c6e7,-453,2,f7e7,0.1313,0.1716,0.2219,0.2788,c6b4,c6b4,c6b4,c6e7,0.0,0.2788,0.1475,False
8/8/2nkpp2/2Np2p1/3P4/4PNPP/8/6K1 b - - 4 34,68,7KZFSaU8,e6e5,-445,1,e6e5,0.5082,0.4578,0.4529,0.4197,e6e5,e6e5,e6e5,e6e5,0.0,0.5082,-0.0885,False
r1bqk1nr/pp1p1ppp/2n5/8/3NP3/2P5/P4PPP/R1BQKB1R b KQkq - 0 8,16,2nJ3npPd,g8f6,-160,12,g8e7,0.2299,0.2521,0.231,0.2314,c6d4,g8f6,g8e7,g8e7,48.0,0.2521,0.0015,False
r1bq1rk1/pp1pnppp/2n5/8/3NP3/2PB4/P4PPP/R1BQ1RK1 b - - 4 10,20,2nJ3npPd,d7d5,-95,4,c6e5,0.3342,0.3577,0.3557,0.4033,c6d4,d7d5,d7d5,d7d5,0.0,0.4033,0.0691,False
r1bq1rk1/1p1pnppp/p7/4n3/3NP2P/2P5/P1B2PP1/R1BQ1RK1 b - - 0 12,24,2nJ3npPd,d7d6,-143,6,e7c6,0.1478,0.1574,0.1643,0.1832,d7d5,d7d5,d7d5,d7d5,-14.0,0.1832,0.0354,False
r1bq1rk1/1p1p1ppp/p7/4n3/3PPP1P/8/P1B3P1/R1BQ1RK1 b - - 0 14,28,2nJ3npPd,e5c4,-228,69,e5c6,0.3564,0.2747,0.2089,0.1882,e5c4,e5g6,e5g6,e5c6,69.0,0.3564,-0.1682,False
r1bq1rk1/1p1p1ppp/p7/7Q/3nPP1P/3B4/P5P1/R1B2RK1 b - - 1 16,32,2nJ3npPd,d7d5,-68,34,g7g6,0.0505,0.0429,0.0313,0.0313,g7g6,g7g6,g7g6,g7g6,167.0,0.0505,-0.0192,False
r1bq1rk1/1p1p3p/p5pQ/5p2/3nPP1P/3B4/PB4P1/R4RK1 b - - 1 18,36,2nJ3npPd,d8b6,-361,190,d8b6,0.3735,0.4627,0.5687,0.6037,d8b6,d8b6,d8b6,d8b6,0.0,0.6037,0.2302,False
r1b2rk1/1p1p3p/pq2n1pQ/5p2/2B1PP1P/8/PB3RP1/R5K1 b - - 5 20,40,2nJ3npPd,b6b2,-643,43,f8f7,0.216,0.2786,0.3423,0.3631,f8f7,f8f7,f8f7,f8f7,75.0,0.3631,0.1471,False
r1b3k1/1p1p1r1p/pq2n2Q/5p2/2B2P1P/8/PB3RP1/3R2K1 b - - 1 22,44,2nJ3npPd,a6a5,-742,8,b6c7,0.035,0.026,0.02,0.0169,b6b2,b6c5,b6c5,b6c5,1254.0,0.035,-0.0181,True
r1b3k1/1pq2r1p/p3p2Q/5p2/5P1P/8/PB1R2P1/3R2K1 b - - 1 24,48,2nJ3npPd,c7b6,-1988,1,c8d7,0.1356,0.1081,0.0764,0.0592,c8d7,c8d7,c8d7,c8d7,2.0,0.1356,-0.0764,False
r4k2/1pqb1r1p/p3p3/5pQ1/5P1P/B7/P2R2P1/3R2K1 b - - 5 26,52,2nJ3npPd,f7e7,-1993,2,f8e8,0.0543,0.024,0.0139,0.0094,f8e8,f8e8,f8e8,f8e8,5.0,0.0543,-0.0449,False
r1bqk2r/ppp1npbp/3p1np1/3Pp1B1/4P3/2N2N2/PPP1BPPP/R2Q1RK1 b kq - 3 8,16,a1jgjbq5,h7h6,-26,1,e8g8,0.0951,0.1332,0.1955,0.3373,e8g8,e8g8,e8g8,e8g8,4.0,0.3373,0.2422,False
r1bq1rk1/1pp1npbp/p2p1npB/3Pp3/4P3/2N2N2/PPPQBPPP/R4RK1 b - - 1 10,20,a1jgjbq5,b7b5,0,8,b7b5,0.2509,0.2278,0.217,0.213,b7b5,c7c6,b7b5,b7b5,0.0,0.2509,-0.0379,False
r1bq1r2/2p1npkp/p2p1np1/1p1Pp1N1/4P3/2N5/PPPQBPPP/R4RK1 b - - 1 12,24,a1jgjbq5,b5b4,86,4,b5b4,0.1746,0.1539,0.1643,0.16,h7h6,h7h6,h7h6,h7h6,12.0,0.1746,-0.0146,False
r1bq1r2/2p1npk1/p2p1npp/3Pp1N1/1p2P3/3B4/PPPQ1PPP/R2N1RK1 b - - 1 14,28,a1jgjbq5,h6g5,391,141,h6g5,0.6901,0.7653,0.8399,0.8928,h6g5,h6g5,h6g5,h6g5,0.0,0.8928,0.2027,False
r1bq1r2/2p1npkn/p2p2p1/3Pp3/1p2P3/3B2Q1/PPP2PPP/R2N1RK1 b - - 2 16,32,a1jgjbq5,f7f5,380,33,a6a5,0.1189,0.17,0.2872,0.5246,a6a5,f8h8,f7f5,f7f5,0.0,0.5246,0.4057,False
r1bq1r2/2p1npkn/3p2p1/p2P4/1p2PQ2/3B4/PPP3PP/R2N1RK1 b - - 0 18,36,a1jgjbq5,e7g8,348,19,e7g8,0.0641,0.1409,0.2483,0.2693,c8a6,c8a6,e7g8,e7g8,0.0,0.2693,0.2052,False
r1b2rn1/2p2pkn/3p2p1/p2P2q1/1p2P3/3BN3/PPP2QPP/R4RK1 b - - 4 20,40,a1jgjbq5,g5f6,342,12,c8a6,0.0248,0.0308,0.0275,0.0234,c8h3,h7f6,h7f6,g8f6,4.0,0.0308,-0.0014,False
r4rn1/2p1qpkn/b2p2p1/p2P4/1p2P1NP/3B4/PPP2QP1/R4RK1 b - - 2 22,44,a1jgjbq5,h7f6,339,39,a6d3,0.0312,0.0217,0.0184,0.0204,a6d3,a6d3,a6d3,a6d3,45.0,0.0312,-0.0108,False
r4rn1/2p1q1kn/3p2p1/p2P1p2/1p1QP1NP/3P4/PP4P1/R4RK1 b - - 1 24,48,a1jgjbq5,h7f6,220,26,g8f6,0.5572,0.5898,0.6271,0.6298,h7f6,h7f6,h7f6,h7f6,0.0,0.6298,0.0726,False
r4rk1/2p1q2n/3p1nP1/p2P4/1p1Q2NP/3P4/PP4P1/R4RK1 b - - 0 26,52,a1jgjbq5,f6g4,-254,93,f6g4,0.7867,0.8231,0.8577,0.8547,f6g4,f6g4,f6g4,f6g4,0.0,0.8577,0.068,False
r4r2/2p1q2k/3p4/p2P4/1p4QP/3P4/PP4P1/R4RK1 b - - 0 28,56,a1jgjbq5,e7e3,-225,105,e7e3,0.235,0.348,0.5325,0.724,f8f1,f8f1,e7e3,e7e3,0.0,0.724,0.489,False
rn2kb1r/pp2pppp/2p2n2/3p3b/2PP4/1PNBP2P/1P3PP1/R1B1K1NR b KQkq - 2 8,16,YdCYTG5C,h5g6,-31,8,e7e6,0.1681,0.1889,0.1764,0.1514,e7e6,e7e6,e7e6,e7e6,8.0,0.1889,-0.0167,False
rn2k2r/pp3ppp/2pbpn2/2Pp3b/3P4/1PNBP2P/1P2NPP1/R1B1K2R b KQkq - 0 10,20,YdCYTG5C,d6c7,-95,33,d6c7,0.8123,0.9027,0.9401,0.9566,d6c7,d6c7,d6c7,d6c7,0.0,0.9566,0.1443,False
rn3rk1/ppb2ppp/2p1pn2/1PPp3b/3P4/2NBP2P/1P2NPP1/R1B1K2R b KQ - 0 12,24,YdCYTG5C,b8d7,-171,4,f8c8,0.1688,0.2316,0.356,0.4176,c6b5,c6b5,b8d7,b8d7,0.0,0.4176,0.2488,False
r1r3k1/ppb2ppp/2n1pn2/2Pp3b/3P1P2/2NBP2P/1P2N1P1/R1B1K2R b KQ - 0 14,28,YdCYTG5C,c6b4,23,4,c6b4,0.3168,0.3596,0.4211,0.4245,c6b4,c6b4,c6b4,c6b4,0.0,0.4245,0.1077,False
r1r3k1/ppb2ppp/4pnB1/2Pp4/1n1P1P2/2N1P2P/1P2N1P1/R1B1K2R b KQ - 0 16,32,YdCYTG5C,h7g6,33,37,h7g6,0.7149,0.7277,0.8639,0.982,h7g6,h7g6,h7g6,h7g6,0.0,0.982,0.2671,False
r1r3k1/p1b2pp1/1p2pnp1/2Pp4/1n1P1P2/1PN1P2P/3KN1P1/R1B4R b - - 0 18,36,YdCYTG5C,b6c5,98,61,b6c5,0.8095,0.8649,0.9131,0.9075,b6c5,b6c5,b6c5,b6c5,0.0,0.9131,0.098,False
r1r3k1/p1b2pp1/4p1p1/2Pp4/1n2NP2/1P2P2P/3KN1P1/R1B4R b - - 0 20,40,YdCYTG5C,d5e4,40,389,d5e4,0.9941,0.9981,0.9991,0.9993,d5e4,d5e4,d5e4,d5e4,0.0,0.9993,0.0052,False
r1r3k1/p1b2pp1/4p1p1/2P5/3BpP2/1P1nP2P/3KN1P1/R6R b - - 3 22,44,YdCYTG5C,a7a5,78,1,c8b8,0.0987,0.1564,0.231,0.3088,d3f2,a7a5,a7a5,a7a5,0.0,0.3088,0.2101,False
rr4k1/p1b3p1/4ppp1/2P5/3BpP2/1P1nP2P/3K2P1/RRN5 b - - 1 24,48,YdCYTG5C,d3b4,0,76,d3b4,0.2482,0.2982,0.3311,0.3093,d3c1,d3c1,d3b4,d3b4,0.0,0.3311,0.0611,False
rr4k1/p1b3p1/4ppp1/2Pn4/4pP2/1PB1P2P/3KN1P1/RR6 b - - 5 26,52,YdCYTG5C,b8d8,-3,5,b8d8,0.1034,0.1182,0.1167,0.0844,d5c3,b8b5,b8b5,b8b5,107.0,0.1182,-0.019,False
r2r2k1/p1b3p1/5pp1/2PnP3/3Np3/1PB1P2P/3K2P1/RR6 b - - 0 28,56,YdCYTG5C,c7e5,-11,109,f6e5,0.4073,0.4593,0.454,0.388,f6e5,c7e5,c7e5,f6e5,139.0,0.4593,-0.0193,False
r4rk1/p1b3p1/2N3p1/2Pnp3/4p3/1PB1P2P/3K2P1/R4R2 b - - 3 30,60,YdCYTG5C,f8e8,-157,25,f8f1,0.0544,0.0676,0.089,0.1146,d5c3,d5c3,d5c3,d5c3,309.0,0.1146,0.0602,False
r5k1/p1b3p1/2N3p1/2P1p3/4p3/1PK1P2P/6P1/5R2 b - - 0 32,64,YdCYTG5C,a7a5,-475,28,a7a5,0.3884,0.4528,0.4869,0.4798,a7a5,a7a5,a7a5,a7a5,0.0,0.4869,0.0914,False
r5k1/2b3p1/2N3p1/2P1p3/P1K1p3/4P2P/6P1/5R2 b - - 0 34,68,YdCYTG5C,a8a4,-444,163,a8a4,0.9637,0.9763,0.9824,0.9807,a8a4,a8a4,a8a4,a8a4,0.0,0.9824,0.017,False
r1b1k1nr/ppppqppp/8/b3P3/1nB1P3/2N2N2/PPPQ1PPP/R1B1K2R b KQkq - 6 8,16,NPetbrsR,b4c6,-283,46,d7d5,0.1846,0.2528,0.2974,0.2934,d7d6,b4c6,b4c6,b4c6,0.0,0.2974,0.1088,False
r1b1k1nr/ppp2ppp/3q4/bB6/1n2P3/2N2N2/PPPQ1PPP/R1B1K2R b KQkq - 1 10,20,NPetbrsR,c8d7,-242,58,c8d7,0.3904,0.409,0.4252,0.4548,c7c6,c7c6,c8d7,c8d7,0.0,0.4548,0.0644,False
r3k1nr/pppQ1ppp/8/b7/1n2P3/2N2N2/PPP2PPP/R1B1K2R b KQkq - 0 12,24,NPetbrsR,e8d7,-176,643,e8d7,0.9996,0.9999,1.0,1.0,e8d7,e8d7,e8d7,e8d7,0.0,1.0,0.0004,False
r5nr/pppk1ppp/8/b7/4P3/2N2N2/PPn2PPP/1RB2RK1 b - - 1 14,28,NPetbrsR,g8e7,-175,14,a8d8,0.0171,0.0227,0.0368,0.0571,a8d8,a8d8,a8d8,a8d8,41.0,0.0571,0.04,False
3r2nr/ppp2ppp/4k3/b3N3/4PP2/2N5/PPn3PP/1RB2RK1 b - - 0 16,32,NPetbrsR,a5b6,-40,42,a5b6,0.1172,0.1057,0.0961,0.0846,f7f6,f7f6,f7f6,f7f6,87.0,0.1172,-0.0326,False
3r2nr/ppp2ppp/4k3/4N3/4PP2/2N1B3/PPn3PP/1R3R1K b - - 0 18,36,NPetbrsR,c2e3,-139,429,c2e3,0.9826,0.9927,0.9966,0.998,c2e3,c2e3,c2e3,c2e3,0.0,0.998,0.0154,False
3r2nr/ppp2ppp/4k3/4N3/4PP2/P1N2R2/1Pn3PP/1R5K b - - 0 20,40,NPetbrsR,f7f6,-36,9,g8f6,0.1491,0.1763,0.2342,0.3108,c2d4,c2d4,c2d4,c2d4,47.0,0.3108,0.1617,False
7r/ppp2ppp/4kn2/8/2NrPP2/PPN2R2/2n3PP/1R5K b - - 0 22,44,NPetbrsR,f6e4,83,119,f6e4,0.4081,0.4295,0.4544,0.462,f6e4,f6e4,f6e4,f6e4,0.0,0.462,0.0539,False
7r/ppp2ppp/4k3/5P2/2N1r3/PP3R2/2n3PP/1R5K b - - 0 24,48,NPetbrsR,e6f6,276,142,e6f6,0.6112,0.6464,0.6004,0.4774,e6f6,e6f6,e6f6,e6f6,0.0,0.6464,-0.1338,False
4r3/ppp2ppp/5k2/5P2/2N1r3/PP3R1P/2n3P1/5R1K b - - 0 26,52,NPetbrsR,e4e1,312,30,b7b5,0.2954,0.2309,0.1771,0.152,e4e1,c2d4,c2d4,b7b5,66.0,0.2954,-0.1434,False
4r3/p1p2ppp/2N2k2/1p3P2/4r3/nP3R1P/6P1/5R1K b - - 1 28,56,NPetbrsR,e4e1,249,10,a7a6,0.4673,0.3749,0.2827,0.2803,e4e1,e4e1,a7a6,a7a6,3.0,0.4673,-0.187,False
4r3/2p2ppp/p1N2k2/1p3P2/1Pn1r3/5R1P/6PK/5R2 b - - 2 30,60,NPetbrsR,c4d2,542,198,c4d2,0.6726,0.6853,0.6681,0.608,c4d2,c4d2,c4d2,c4d2,0.0,0.6853,-0.0646,False
4r3/2p2ppp/p1N2k2/1p3P2/1P2r3/5P1P/5R1K/8 b - - 0 32,64,NPetbrsR,e4e2,607,10,e4f4,0.664,0.7059,0.7354,0.7542,e4e2,e4e2,e4e2,e4e2,0.0,0.7542,0.0902,False
4r3/2p2ppp/p4k2/1p3r2/1P1N4/5P1P/2R4K/8 b - - 1 34,68,NPetbrsR,f5f4,576,63,f5d5,0.4893,0.5154,0.5206,0.5417,f5f4,f5f4,f5f4,f5f4,0.0,0.5417,0.0524,False
rnbq1rk1/1pp2pbp/3p1np1/p2Pp3/2P1P3/P1NB3P/1P3PP1/R1BQK1NR b KQ - 0 8,16,lMFS3j1u,b8a6,-40,8,b8a6,0.4363,0.5991,0.7703,0.8615,b8a6,b8a6,b8a6,b8a6,0.0,0.8615,0.4252,False
r1b1qrk1/1pp2pbp/n2p1np1/p2Pp1B1/2P1P3/P1NB3P/1P2NPP1/R2QK2R b KQ - 4 10,20,lMFS3j1u,f6h5,-38,9,f6d7,0.0143,0.0171,0.0229,0.0382,a6c5,a6c5,a6c5,a6c5,29.0,0.0382,0.0239,False
r1b1qrk1/1pp2pbp/n2p2p1/p1nPp1B1/2P1P3/P1N4P/1PB1NPP1/R2Q1RK1 b - - 8 12,24,lMFS3j1u,c8d7,-81,1,f7f5,0.2077,0.1588,0.0861,0.0461,f7f5,f7f5,f7f5,f7f5,31.0,0.2077,-0.1616,False
r1b1qrk1/1pp3bp/n2p4/p1nPpp2/2P5/P1N1B2P/1PB1NPP1/R2Q1RK1 b - - 1 14,28,lMFS3j1u,f5f4,57,119,f5f4,0.6109,0.6126,0.5495,0.3394,f5f4,f5f4,f5f4,f5f4,0.0,0.6126,-0.2715,False
r1b1qrk1/1pp3bp/3p4/p1nPp3/2P2p2/P1N2P1P/1PB1N1P1/R2Q1RK1 b - - 0 16,32,lMFS3j1u,a5a4,87,24,c8f5,0.0425,0.0228,0.0177,0.0232,c8f5,c8f5,e8h5,e8h5,68.0,0.0425,-0.0193,False
2r1qrk1/1pp3bp/3p4/pNnPpb2/B1P2p2/P4P1P/1P2N1P1/R2Q1RK1 b - - 4 18,36,lMFS3j1u,e8g6,305,81,e8g6,0.2632,0.4906,0.6915,0.7961,c5a4,e8g6,e8g6,e8g6,0.0,0.7961,0.5329,False
2r2rk1/1pp4p/3p1bq1/p1nPpb2/B1P2p2/P1N2P1P/1P2N1PK/R2Q1R2 b - - 8 20,40,lMFS3j1u,g8h8,382,5,g8h8,0.1146,0.2045,0.3166,0.4418,f6h4,f6h4,g8h8,g8h8,0.0,0.4418,0.3272,False
2r3rk/1pp4p/3p1bq1/p1nPpb2/B1P2p2/P1N2P1P/1P2N1PK/2RQ2R1 b - - 12 22,44,lMFS3j1u,c5d3,458,78,c5d3,0.3234,0.3268,0.3437,0.3853,c5d3,f6h4,f6h4,c5d3,0.0,0.3853,0.0619,False
2r3rk/1pp4p/3p2q1/p2Ppb2/2P2p1b/P1NB1P1P/1P2N1PK/2RQ2R1 b - - 0 24,48,lMFS3j1u,f5d3,322,287,f5d3,0.3613,0.4628,0.5582,0.5987,h4g3,f5d3,f5d3,f5d3,0.0,0.5987,0.2374,False
2r3rk/1pp4p/3p2q1/p2Pp3/2P1Pp1b/P6P/1P2N1PK/2RQ2R1 b - - 0 26,52,lMFS3j1u,h4f2,375,59,g6e4,0.114,0.0977,0.1123,0.1577,h4g3,h4g3,h4g3,h4g3,248.0,0.1577,0.0437,False
2r3rk/1pp4p/3p4/p2Pp3/2P1qp2/P5NP/1P4PK/2R2QR1 b - - 0 28,56,lMFS3j1u,g8g3,291,63,g8g3,0.1343,0.2068,0.2757,0.3604,f4g3,f4g3,f4g3,f4g3,53.0,0.3604,0.2261,False
2r4k/1pp4p/3p4/3Pp3/1PP1qp2/6rP/6PK/2R2QR1 b - - 0 30,60,lMFS3j1u,c8g8,329,28,c8a8,0.5054,0.63,0.7282,0.7895,c8g8,c8g8,c8g8,c8g8,0.0,0.7895,0.2841,False
r6k/1pp4p/3p4/2PPp3/1P3p2/6rP/2q3PK/4RQR1 b - - 0 32,64,lMFS3j1u,a8a2,371,28,d6c5,0.1756,0.1892,0.2241,0.3463,a8g8,a8g8,a8g8,a8g8,17.0,0.3463,0.1707,False
r6k/1pp4p/3P4/2P1p3/5p2/2q3rP/6PK/4RQR1 b - - 0 34,68,lMFS3j1u,c3c5,89,73,a8a2,0.2758,0.2909,0.2743,0.2419,c7d6,c7d6,c7d6,c7d6,83.0,0.2909,-0.0339,False
r1bqk2r/pp2bppp/n3pn2/1N1p4/3P1B2/3B1N2/PPP2PPP/R2QK2R b KQkq - 6 8,16,A1ceHH1l,f6h5,-47,20,e8g8,0.0211,0.0225,0.0206,0.0128,e8g8,e8g8,e8g8,e8g8,20.0,0.0225,-0.0083,False
r1bq1rk1/pp2bppp/4pn2/1N1pN3/1n1P1B2/2PB4/PP3PPP/R2QK2R b KQ - 0 10,20,A1ceHH1l,b4d3,115,132,b4d3,0.7344,0.8336,0.9171,0.9623,b4d3,b4d3,b4d3,b4d3,0.0,0.9623,0.2279,False
r1bq1rk1/1p2bppp/p3pn2/3pN3/3P1B2/N1PQ4/PP3PPP/R3K2R b KQ - 1 12,24,A1ceHH1l,f6h5,108,16,f6h5,0.0626,0.0674,0.0617,0.0291,e7a3,e7a3,b7b5,b7b5,117.0,0.0674,-0.0335,False
r1bq1rk1/1p2b1pp/p3p3/3pNp1n/3P4/N1P2QB1/PP3PPP/R3K2R b KQ - 1 14,28,A1ceHH1l,d8e8,0,0,d8e8,0.0768,0.1014,0.1061,0.1171,h5f6,h5f6,h5f6,h5f6,0.0,0.1171,0.0403,False
r1b1qrk1/1p2b1pp/p3p3/3pN2n/3P1pQ1/2P3B1/PPN2PPP/R3K2R b KQ - 1 16,32,A1ceHH1l,f4g3,316,41,f4g3,0.8648,0.9015,0.9165,0.9138,f4g3,f4g3,f4g3,f4g3,0.0,0.9165,0.049,False
r1b1qrk1/1p2b2p/p3p1p1/3pN2R/3P2Q1/2P3P1/PPN2PP1/R3K3 b Q - 0 18,36,A1ceHH1l,b7b6,-231,0,g8h8,0.0055,0.0024,0.0012,0.001,g8h8,e7f6,e7f6,e7f6,3.0,0.0055,-0.0045,False
r1b1q2k/1p2b2p/p3p1N1/3p1r2/3P2Q1/2P3P1/PPN2PPR/R3K3 b Q - 0 20,40,A1ceHH1l,h8g7,-769,7,h8g7,0.4109,0.376,0.4205,0.5451,e8g6,e8g6,e8g6,h8g7,0.0,0.5451,0.1342,False
r1b1q3/1p5p/p3pk2/3p1N2/3P2Q1/2P3P1/PPN2PPR/R3K3 b Q - 0 22,44,A1ceHH1l,e6f5,-711,174,e6f5,0.9621,0.9833,0.9901,0.9929,e6f5,e6f5,e6f5,e6f5,0.0,0.9929,0.0308,False
r1b5/1p5p/p4k2/3p1p2/3P4/2P3P1/PPN1KPPR/R7 b - - 0 24,48,A1ceHH1l,f6g7,-756,8,c8d7,0.1026,0.132,0.1601,0.1787,f6g6,f6g6,f6g6,f6g6,46.0,0.1787,0.0761,False
4r3/1p1b3R/p4k2/3p1p2/3P4/2P1N1P1/PP2KPP1/R7 b - - 2 26,52,A1ceHH1l,d7b5,-817,3,d7b5,0.7005,0.7337,0.7282,0.7297,d7b5,d7b5,d7b5,d7b5,0.0,0.7337,0.0292,False
4r3/1p5R/p1b2k2/3p1p2/3P4/2P1N1P1/PP1K1PP1/7R b - - 6 28,56,A1ceHH1l,e8g8,-894,1097,e8e7,0.1296,0.1482,0.1695,0.1828,f6g6,f6g6,f6g6,f6g6,1104.0,0.1828,0.0532,False
r2qkb1r/pp3ppp/2n1pn2/1B1p2B1/3P2b1/2N2N2/PPP2PPP/R2Q1RK1 b kq - 1 8,16,kyQK9emj,f8d6,60,27,f8d6,0.2547,0.1847,0.1254,0.138,f8e7,f8e7,f8e7,f8e7,42.0,0.2547,-0.1167,False
r2qk2r/pp3ppp/2nbpn2/1B1p2Bb/3P4/2N2N1P/PPP2PP1/R2QR1K1 b kq - 2 10,20,kyQK9emj,e8g8,83,25,e8g8,0.63,0.6164,0.6403,0.7136,e8g8,e8g8,e8g8,e8g8,0.0,0.7136,0.0836,False
r2q1rk1/pp3ppp/2nbpnb1/1B1p2B1/3P2P1/P1N2N1P/1PP2P2/R2QR1K1 b - - 0 12,24,kyQK9emj,a7a6,90,3,a8c8,0.1415,0.1256,0.1019,0.0982,h7h6,h7h6,h7h6,h7h6,34.0,0.1415,-0.0433,False
2r2rk1/pp3ppp/1qnbpBb1/1B1p4/3P2P1/P1N2N1P/1PPQ1P2/R3R1K1 b - - 0 14,28,kyQK9emj,g7f6,108,388,g7f6,0.9868,0.9969,0.9987,0.9991,g7f6,g7f6,g7f6,g7f6,0.0,0.9991,0.0123,False
2r2rk1/pp3p1p/1q1bppbQ/1B1p4/3n2PN/P1N4P/1PP2P2/R3R1K1 b - - 1 16,32,kyQK9emj,d4b5,407,0,d4b5,0.3876,0.5256,0.6586,0.7341,d4c2,d4b5,d4b5,d4b5,0.0,0.7341,0.3465,False
2r2rk1/pp3p2/1q1bRppQ/1n1p4/6P1/P1N4P/1PP2P2/R5K1 b - - 0 18,36,kyQK9emj,b5c3,524,46,d6h2,0.1928,0.2069,0.2533,0.3007,f7e6,f7e6,f7e6,f7e6,524.0,0.3007,0.1079,False
2r2rk1/pp3p2/4qppQ/1N1p4/6P1/P6P/1PP2P1K/R7 b - - 0 20,40,kyQK9emj,c8c2,509,11,e6e5,0.3903,0.4387,0.4976,0.5506,e6e5,c8c2,c8c2,c8c2,0.0,0.5506,0.1603,False
rnbqkb1r/5ppp/p2ppn2/1p6/3NP3/3B4/PPPN1PPP/R1BQ1RK1 b kq - 1 8,16,9Ijbge4r,f8e7,-30,4,g7g6,0.2113,0.2191,0.2175,0.2111,c8b7,c8b7,c8b7,c8b7,18.0,0.2191,-0.0002,False
rnbqk2r/5pbp/p2ppnp1/1p6/3NPP2/3B4/PPPN2PP/R1BQ1R1K b kq - 0 10,20,9Ijbge4r,c8b7,31,20,e8g8,0.4249,0.456,0.5468,0.613,c8b7,c8b7,c8b7,c8b7,0.0,0.613,0.1881,False
r1bq1rk1/5pbp/p1nppnp1/1p4N1/4PP2/3B4/PPPN2PP/R1BQ1R1K b - - 4 12,24,9Ijbge4r,e6e5,87,15,c6b4,0.1255,0.1126,0.0671,0.0342,c8b7,c8b7,c8b7,c8b7,22.0,0.1255,-0.0913,False
r1bq1rk1/5pbp/p2ppnp1/1p4N1/4PP2/3P1Q2/PP1N2PP/R1B2R1K b - - 0 14,28,9Ijbge4r,h7h6,123,2,c8b7,0.0666,0.0554,0.0541,0.0673,c8b7,c8b7,c8b7,c8b7,2.0,0.0673,0.0007,False
r2q1rk1/1b3pb1/p2ppnpp/1p6/4PP2/3P1N1Q/PP1N2PP/R1B2R1K b - - 1 16,32,9Ijbge4r,f6h5,118,3,f6h7,0.1202,0.1938,0.2398,0.1987,d6d5,d6d5,a8c8,a8c8,-5.0,0.2398,0.0785,False
r2q1rk1/1b4bn/p2pp1pp/1p2Pp2/5P2/1N1P1N1Q/PP4PP/R1B2R1K b - - 0 18,36,9Ijbge4r,g6g5,148,10,d6e5,0.0197,0.0176,0.0189,0.0259,d6e5,d6e5,d6e5,d6e5,41.0,0.0259,0.0062,False
r3qrk1/1b4bn/p3p1pp/1p2Np2/3N1P2/3P3Q/PP4PP/R1B2R1K b - - 2 20,40,9Ijbge4r,g6g5,92,17,b7d5,0.0981,0.0829,0.0798,0.0841,a8d8,a8d8,a8d8,a8d8,29.0,0.0981,-0.014,False
r3q1k1/6bn/p3prpp/1p1bNp2/5P1N/3P3Q/PP4PP/R1B2R1K b - - 6 22,44,9Ijbge4r,g6g5,319,277,a8c8,0.2946,0.2634,0.2324,0.2211,g6g5,g6g5,h7f8,h7f8,340.0,0.2946,-0.0735,False
2r1qnk1/6b1/p3prpp/1p1bNp2/5P1N/3P2Q1/PP1B2PP/R4R1K b - - 10 24,48,9Ijbge4r,c8c2,-63,21,g8h7,0.6398,0.6373,0.6086,0.6152,c8c2,c8c2,c8c2,c8c2,0.0,0.6398,-0.0246,False
4qn2/6bk/p3prpp/1p1bNp2/1B3P1N/3P2Q1/PPr2RPP/R6K b - - 14 26,52,9Ijbge4r,c2f2,46,91,c2f2,0.6524,0.6888,0.674,0.573,c2f2,c2f2,c2f2,c2f2,0.0,0.6888,-0.0794,False
4qB2/6bk/p3pr1p/1p1bNpp1/5P1N/3P4/PP3QPP/R6K b - - 0 28,56,9Ijbge4r,f6f8,215,143,g7f8,0.5529,0.5209,0.5002,0.4769,f6f8,f6f8,f6f8,f6f8,0.0,0.5529,-0.076,False
4qb2/7k/p3p1Np/1p1b1pp1/5P2/3P4/PP3QPP/R6K b - - 0 30,60,9Ijbge4r,h7g6,502,6,h7g6,0.5391,0.5126,0.565,0.648,h7g6,h7g6,h7g6,h7g6,0.0,0.648,0.1089,False
4qb2/8/p3p1k1/1p1b1pp1/8/3P4/PP3QPP/2R4K b - - 1 32,64,9Ijbge4r,f8g7,529,10,f8d6,0.0656,0.1025,0.1392,0.1601,d5a2,f8d6,f8d6,f8d6,12.0,0.1601,0.0945,False
4q3/8/pQ2p1k1/1p1b1pp1/5b2/3P4/PP4PP/3R3K b - - 5 34,68,9Ijbge4r,e8h8,652,65,e8h8,0.3225,0.4145,0.4406,0.4329,e8h8,e8h8,e8h8,e8c6,175.0,0.4406,0.1104,False
r1bq1rk1/pp1nppbp/2p2np1/3p4/3P1B1P/2P1PN2/PPQN1PP1/R3KB1R b KQ - 0 8,16,6Yv9XQlQ,a7a5,18,1,h7h5,0.0117,0.0119,0.0092,0.0065,h7h5,f6h5,f6h5,h7h5,51.0,0.0119,-0.0052,False
r1bqr1k1/pp1nppb1/2p2np1/3p3p/3P1B1P/2P1PN2/PPQNBPP1/2KR3R b - - 3 10,20,6Yv9XQlQ,f6g4,89,15,b7b6,0.2908,0.3285,0.3367,0.3194,f6g4,f6g4,f6g4,f6g4,0.0,0.3367,0.0286,False
r1bqr1k1/p3ppb1/1pp2np1/3pB2p/3P3P/2P1P3/PPQNBPP1/2KR3R b - - 0 12,24,6Yv9XQlQ,c8f5,71,63,c6c5,0.235,0.2701,0.2982,0.3265,c8f5,c8f5,c8f5,c8f5,0.0,0.3265,0.0915,False
r1bqr1k1/p3pp2/1p3bp1/2pp3p/3P2PP/2P1P3/PPQNBP2/2KR3R b - - 0 14,28,6Yv9XQlQ,c5d4,24,8,c8g4,0.0844,0.0509,0.0346,0.0221,c8g4,c8g4,h5g4,h5g4,15.0,0.0844,-0.0623,False
r2qr1k1/p3pp2/1p3bp1/2pp3P/3P2p1/2P1P3/PPQN1P2/2KR3R b - - 0 16,32,6Yv9XQlQ,g6g5,-29,25,g6g5,0.2268,0.2972,0.3424,0.293,g6h5,g6g5,g6g5,g8g7,21.0,0.3424,0.0662,False
r2qr1k1/p3pp2/1p3b1P/3p2p1/3P2p1/2P5/PPQN1P2/2KR3R b - - 0 18,36,6Yv9XQlQ,d8d7,72,10,a8c8,0.0649,0.0762,0.0969,0.1446,e7e5,e7e5,e7e5,g8h8,22.0,0.1446,0.0797,False
2rqr1k1/p4p1P/1p3b2/3pp1p1/3P2p1/1NP5/PPQ2P2/2KR3R b - - 0 20,40,6Yv9XQlQ,g8h8,118,67,g8h8,0.7633,0.8645,0.9295,0.9588,g8h8,g8h8,g8h8,g8h8,0.0,0.9588,0.1955,False
2rqr2k/p4p1P/1p3b2/3p1Qp1/3N2p1/2P5/PP3P2/2KR3R b - - 0 22,44,6Yv9XQlQ,c8c4,123,3,e8e4,0.059,0.0481,0.0424,0.0451,e8e5,e8e5,e8e5,e8e5,1.0,0.059,-0.0139,False
2rq3k/p4p1P/1p3b1R/3p2p1/3N1rp1/2PQ4/PP3P2/2KR4 b - - 4 24,48,6Yv9XQlQ,f6d4,510,19,f4d4,0.5028,0.5512,0.584,0.5516,f6d4,f6d4,f6d4,f6d4,0.0,0.584,0.0488,False
2rq3k/p4p1P/1p3b1R/3p2p1/6p1/2P5/PP2QP2/3K4 b - - 0 26,52,6Yv9XQlQ,f6g7,596,13,d5d4,0.3034,0.3582,0.4363,0.4801,f6g7,f6g7,f6g7,f6g7,0.0,0.4801,0.1767,False
2r4k/p2q1p1P/1p3R2/6p1/2Pp2p1/8/PP2QP2/3K4 b - - 0 28,56,6Yv9XQlQ,c8e8,236,166,c8e8,0.3177,0.3461,0.3863,0.414,c8e8,c8e8,c8e8,c8e8,0.0,0.414,0.0963,False
7k/p2q1p1P/1p3R2/6p1/2Pp2p1/8/PPQ2P2/4K3 b - - 0 30,60,6Yv9XQlQ,d7e7,31,502,d7e7,0.628,0.657,0.6451,0.6194,d7e7,d7e7,d7e7,d7e7,0.0,0.657,-0.0086,False
7k/p4p1P/1p3q2/6p1/2PpQ1p1/8/PP3P2/4K3 b - - 1 32,64,6Yv9XQlQ,f6f4,405,282,f6e6,0.0731,0.087,0.1016,0.1137,f6e6,f6e6,f6e6,f6e6,1095.0,0.1137,0.0406,False
7k/p6P/1p2p3/6p1/2Pp2p1/8/PP2KP2/8 b - - 1 34,68,6Yv9XQlQ,h8h7,353,146,e6e5,0.7929,0.7475,0.6466,0.5115,h8h7,h8h7,h8h7,h8h7,0.0,0.7929,-0.2814,False
r1b1k2r/pppp1ppp/5n2/4p3/1b2P3/1BN5/PPPPKPPP/R1B4R b kq - 0 8,16,8kmREGFs,b4c3,37,54,b4c3,0.7441,0.765,0.7356,0.6174,b4c3,b4c3,b4c3,b4c3,0.0,0.765,-0.1267,False
r1b1k2r/pppp1ppp/8/4p3/4n3/1BP1B3/PPP1KPPP/R6R b kq - 1 10,20,8kmREGFs,d7d6,199,22,e8g8,0.3852,0.4061,0.4481,0.5525,e8g8,d7d6,d7d6,d7d6,0.0,0.5525,0.1673,False
r1b2rk1/ppp2ppp/3p4/4p3/4n3/1BP1B3/PPP1KPPP/3RR3 b - - 1 12,24,8kmREGFs,e4f6,211,4,g8h8,0.0605,0.0899,0.1082,0.1143,c8g4,c8g4,c8e6,c8e6,22.0,0.1143,0.0538,False
r1b2r1k/ppp2ppp/3p1n2/4p1B1/8/1BP2P2/PPP1K1PP/3RR3 b - - 2 14,28,8kmREGFs,a7a5,171,12,f6d7,0.0089,0.0076,0.0053,0.007,f6h5,f6d7,f6d7,f6d7,4.0,0.0089,-0.0019,False
r1b2r1k/pppn1pp1/3p3p/4p3/7P/1BP2P2/PPP1K1P1/2BRR3 b - - 1 16,32,8kmREGFs,d7c5,210,19,d7c5,0.3363,0.3203,0.3147,0.3246,d7c5,d7c5,f7f5,f7f5,29.0,0.3363,-0.0117,False
r1b2r1k/p1p2pp1/1p1p3p/2n1p3/1PB4P/2P2P2/P1P1K1P1/2BRR3 b - - 0 18,36,8kmREGFs,c8e6,187,38,c8a6,0.0067,0.0044,0.0034,0.0035,c5a4,c5e6,c5e6,c5e6,85.0,0.0067,-0.0032,False
r4r1k/p1p2pp1/np1p3p/4p3/1P5P/2P2P2/P1P2KP1/2BRR3 b - - 1 20,40,8kmREGFs,a6b8,212,23,f7f5,0.2157,0.2725,0.2777,0.2415,c7c5,a6b8,a6b8,f7f5,130.0,0.2777,0.0258,False
r4r1k/p1p3p1/np1p3p/4p3/1P3p1P/2P2P2/P1P2KP1/2BRR3 b - - 1 22,44,8kmREGFs,h8h7,248,7,f8f5,0.0349,0.0462,0.053,0.0736,c7c5,a6b8,a6b8,a6b8,5.0,0.0736,0.0387,False
6rk/p1p3p1/np1p3p/4pr2/1PP2p1P/P4P2/2P2KP1/2BRR3 b - - 0 24,48,8kmREGFs,h8h7,195,19,g7g5,0.0195,0.0165,0.0137,0.0181,f5h5,f5h5,g7g5,g7g5,23.0,0.0195,-0.0014,False
6r1/p1p4k/np1p3p/4prpP/1PP2p2/P4P2/2P2KP1/2BR3R b - - 0 26,52,8kmREGFs,g5g4,274,1,g5g4,0.4331,0.4112,0.3895,0.3314,g5g4,g5g4,g5g4,a6b8,45.0,0.4331,-0.1017,False
6r1/p1p4k/np1p3p/4pr1P/1PP2p2/P4Pp1/1BP1K1P1/3R3R b - - 1 28,56,8kmREGFs,h7g7,307,29,g8g5,0.0136,0.0127,0.0123,0.0164,g8g5,g8g5,g8g5,g8g5,38.0,0.0164,0.0028,False
8/p1p4k/n2p3p/2P1prrP/5p2/P4Pp1/1BP1K1P1/3R3R b - - 0 30,60,8kmREGFs,a6c5,490,387,a6c5,0.9255,0.9471,0.9511,0.9295,a6c5,a6c5,a6c5,a6c5,0.0,0.9511,0.004,False
8/p1p4k/3p3p/2n1pr1r/5p2/P1B2Pp1/2P1K1P1/1R5R b - - 1 32,64,8kmREGFs,h7g6,536,8,h5h1,0.051,0.0608,0.0573,0.0485,h5h1,h5h1,h5h2,h5h2,39.0,0.0608,-0.0025,False
8/p1p5/3p2kp/2n1pr2/1B3p2/P4Pp1/2P1K1P1/7R b - - 2 34,68,8kmREGFs,c5e6,529,31,c5e6,0.1984,0.2473,0.3426,0.506,f5h5,c5e6,c5e6,c5e6,0.0,0.506,0.3076,False
r1b2rk1/ppppnppp/2n2q2/2b5/3NP3/2P1B3/PP2BPPP/RN1Q1RK1 b - - 4 8,16,bCRIrTEp,d7d5,7,36,d7d6,0.389,0.3716,0.3233,0.2916,d7d5,d7d5,d7d5,d7d6,51.0,0.389,-0.0974,False
r1b2rk1/ppp1nppp/1bnp1q2/8/PP1NP3/2P1B3/4BPPP/RN1Q1RK1 b - - 0 10,20,bCRIrTEp,c6d4,5,11,a7a5,0.0762,0.0375,0.0238,0.0178,a7a5,a7a5,a7a6,a7a5,42.0,0.0762,-0.0584,False
r1b2rk1/1pp1nppp/1b1p1q2/pP6/P2BP3/2P5/4BPPP/RN1Q1RK1 b - - 0 12,24,bCRIrTEp,b6d4,-30,30,b6d4,0.8795,0.9198,0.9419,0.9546,b6d4,b6d4,b6d4,b6d4,0.0,0.9546,0.0751,False
r1b2rk1/1p2nppp/3p1q2/pPp5/P2PP3/2N5/4BPPP/R2Q1RK1 b - - 1 14,28,bCRIrTEp,c5d4,120,109,c5d4,0.8916,0.8869,0.8391,0.7078,c5d4,c5d4,c5d4,c5d4,0.0,0.8916,-0.1838,False
r1b2rk1/1p3ppp/3p1q2/pP1P4/P2p4/8/4BPPP/R2Q1RK1 b - - 0 16,32,bCRIrTEp,c8f5,133,26,c8f5,0.1402,0.1201,0.1576,0.2825,b7b6,b7b6,b7b6,b7b6,43.0,0.2825,0.1423,False
r4rk1/1p3ppp/3p1q2/pP1P4/P2p4/3Q4/5PPP/R4RK1 b - - 0 18,36,bCRIrTEp,a8c8,111,24,f6e5,0.1856,0.1853,0.2373,0.3467,b7b6,b7b6,b7b6,a8c8,0.0,0.3467,0.1611,False
r4rk1/1p3ppp/3p4/pP1q4/P2Q4/8/5PPP/R2R2K1 b - - 0 20,40,bCRIrTEp,d5d4,6,25,d5d4,0.8073,0.8768,0.9076,0.9301,d5d4,d5d4,d5d4,d5d4,0.0,0.9301,0.1228,False
3r1rk1/1p3ppp/3p4/pP6/P2R4/8/5PPP/3R2K1 b - - 2 22,44,bCRIrTEp,f8e8,10,13,f8e8,0.4247,0.4655,0.4936,0.5485,f8e8,f8e8,f8e8,f8e8,0.0,0.5485,0.1238,False
3r2k1/1p3ppp/1P1pr3/p7/P2R4/7P/5PP1/3R2K1 b - - 0 24,48,bCRIrTEp,g8f8,12,12,g8f8,0.226,0.372,0.5229,0.6641,g8f8,g8f8,g8f8,g8f8,0.0,0.6641,0.4381,False
3r4/1p2kppp/1P1pr3/R7/P7/7P/5PP1/3R2K1 b - - 0 26,52,bCRIrTEp,d6d5,-2,24,e6e2,0.3695,0.2909,0.2409,0.2186,d6d5,d6d5,d6d5,e7d7,49.0,0.3695,-0.1509,False
3r4/1p3ppp/1P1pk3/3R4/P7/7P/4rPP1/3R1K2 b - - 4 28,56,bCRIrTEp,e2a2,-25,0,e2a2,0.337,0.3709,0.3947,0.4169,e2a2,e2a2,e2a2,e2a2,0.0,0.4169,0.0799,False
3r4/1p2kppp/1P1p4/P2R4/6P1/7P/r4P2/3R1K2 b - - 0 30,60,bCRIrTEp,d8c8,-24,13,a2c2,0.0152,0.0131,0.0133,0.0176,e7e6,e7e6,e7e6,e7e6,17.0,0.0176,0.0024,False
3r4/1p2kppp/1P1p4/P1rR4/6P1/6KP/5P2/3R4 b - - 4 32,64,bCRIrTEp,c5d5,-9,2,c5d5,0.489,0.4458,0.3801,0.2958,c5d5,c5d5,c5d5,c5d5,0.0,0.489,-0.1932,False
3r4/1p3ppp/1P1pk3/P5R1/6P1/6KP/5P2/8 b - - 2 34,68,bCRIrTEp,g7g6,27,28,e6f6,0.5481,0.7188,0.8286,0.8307,g7g6,g7g6,g7g6,g7g6,0.0,0.8307,0.2826,False
r2qk2r/pppbbppp/2np1n2/4p1B1/4P3/2PP1NP1/PP3PBP/RN1Q1RK1 b kq - 0 8,16,V4aMf6Mi,e8g8,-27,1,e8g8,0.3718,0.3025,0.295,0.3085,e8g8,h7h6,h7h6,h7h6,-1.0,0.3718,-0.0633,False
r2q1rk1/pppbbpp1/2np1B1p/4p3/4P3/2PP1NP1/PP1N1PBP/R2Q1RK1 b - - 0 10,20,V4aMf6Mi,e7f6,-12,269,e7f6,0.995,0.9981,0.9976,0.996,e7f6,e7f6,e7f6,e7f6,0.0,0.9981,0.001,False
r2q1rk1/p1pb1pp1/1pnp1b1p/4p3/3PP3/1NP2NP1/PP3PBP/R2Q1RK1 b - - 0 12,24,V4aMf6Mi,a7a5,16,0,d7g4,0.1262,0.0995,0.0841,0.1423,e5d4,e5d4,e5d4,d7g4,10.0,0.1423,0.0161,False
r2q1rk1/p1p2pp1/1p1p1b1p/4n3/4P1b1/1NP2NPP/PP3PB1/R2Q1RK1 b - - 0 14,28,V4aMf6Mi,e5f3,138,126,e5f3,0.3038,0.3852,0.4156,0.4547,g4f3,e5f3,e5f3,e5f3,0.0,0.4547,0.1509,False
r2q1rk1/p1p2pp1/1p1p1b1p/8/4P3/1NP2QPP/PP3P2/R4RK1 b - - 0 16,32,V4aMf6Mi,d8d7,9,5,d8d7,0.1665,0.1947,0.2274,0.2561,c7c5,c7c5,d8d7,f8e8,2.0,0.2561,0.0896,False
r4rk1/p1p2pp1/1p1p1b1p/8/4P2P/1NP3Pq/PP3PQ1/R4RK1 b - - 2 18,36,V4aMf6Mi,h3d7,1,0,h3g4,0.0518,0.0684,0.0815,0.089,h3g4,h3g4,h3e6,h3e6,1.0,0.089,0.0372,False
r4rk1/p1p2pp1/1p1p3p/8/3PP1qP/6P1/PP3PQ1/R4RK1 b - - 0 20,40,V4aMf6Mi,a8e8,16,8,a8e8,0.2443,0.2492,0.2548,0.2573,a8e8,f8e8,f8e8,f8e8,8.0,0.2573,0.013,False
4rrk1/p1pq1pp1/1p1p3p/8/3PP2P/1P3PP1/P5Q1/R4RK1 b - - 0 22,44,V4aMf6Mi,f7f5,25,14,f7f5,0.0571,0.1406,0.2873,0.448,c7c5,c7c5,f7f5,f7f5,0.0,0.448,0.3909,False
4rrk1/p1pq2p1/1p1p3p/8/3PPpPP/1P3P2/P5Q1/4RRK1 b - - 0 24,48,V4aMf6Mi,d6d5,-26,14,g7g5,0.1297,0.0953,0.0626,0.0461,c7c5,d7e7,d7e7,d7e7,16.0,0.1297,-0.0836,False
4rrk1/p1p5/1p1p3p/1q4pP/3PPpP1/1P3P2/P3Q3/4RRK1 b - - 2 26,52,V4aMf6Mi,b5e2,-46,69,b5e2,0.4558,0.4219,0.3565,0.3195,b5e2,b5e2,b5e2,b5e2,0.0,0.4558,-0.1363,False
4rr2/p1p3k1/1p1p3p/6pP/3PPpP1/1P3P2/P3R3/2R3K1 b - - 2 28,56,V4aMf6Mi,c7c5,-71,95,e8e7,0.4168,0.3639,0.2621,0.161,c7c5,c7c5,e8e7,e8e7,99.0,0.4168,-0.2558,False
8/p1p1rrk1/1p1p3p/6pP/2RPPpP1/1P3P2/P7/2R3K1 b - - 6 30,60,V4aMf6Mi,c7c5,-39,119,g7f6,0.3553,0.3451,0.2937,0.1889,c7c5,c7c5,g7f6,g7f6,256.0,0.3553,-0.1664,False
8/p1pr1r2/1pRp1k1p/4P1pP/3P1pP1/1P3P2/P7/2R3K1 b - - 0 32,64,V4aMf6Mi,f6e6,-2,251,f6e6,0.9123,0.8967,0.887,0.8566,f6e6,f6e6,f6e6,f6e6,0.0,0.9123,-0.0557,False
8/p2r1r2/1pRpk2p/6pP/P2P1pP1/1P3P2/8/2R3K1 b - - 0 34,68,V4aMf6Mi,e6d5,83,30,e6d5,0.6269,0.7287,0.7834,0.7847,e6d5,e6d5,e6d5,e6d5,0.0,0.7847,0.1578,False
rn2k2r/pppB1pp1/4pq1p/3P4/1b1P4/2N5/PPP2PPP/R2QK1NR b KQkq - 0 8,16,0mmS2wIJ,b8d7,-25,145,b8d7,0.9725,0.9887,0.9912,0.9879,b8d7,b8d7,b8d7,b8d7,0.0,0.9912,0.0154,False
r3k2r/pppn1pp1/4q2p/8/1b1P4/2N5/PPP1QPPP/R3K1NR b KQkq - 1 10,20,0mmS2wIJ,b4c3,-31,33,e8c8,0.2225,0.2142,0.2476,0.3378,e6e2,e6e2,e6e2,e6e2,57.0,0.3378,0.1153,False
2kr3r/pppn1pp1/4Q2p/8/3P4/2P5/P1P2PPP/R3K1NR b KQ - 0 12,24,0mmS2wIJ,f7e6,-58,466,f7e6,0.9744,0.9718,0.9715,0.9726,f7e6,f7e6,f7e6,f7e6,0.0,0.9744,-0.0018,False
2kr1r2/pppn2p1/4p2p/8/3P4/2P2N2/P1P2PPP/2KR3R b - - 3 14,28,0mmS2wIJ,d7b6,-54,5,d7b6,0.2003,0.3226,0.4301,0.418,g7g5,d7b6,d7b6,d7b6,0.0,0.4301,0.2177,False
2k2r2/ppp3p1/1n1rp2p/8/3P4/2P2N2/P1P1RPPP/2KR4 b - - 7 16,32,0mmS2wIJ,b6d5,25,63,f8f6,0.1994,0.2585,0.3275,0.3652,b6c4,b6c4,b6d5,b6d5,0.0,0.3652,0.1658,False
2k5/ppp3p1/3rpr1p/3n4/3P4/2P5/P1PNRPPP/2K1R3 b - - 11 18,36,0mmS2wIJ,d5c3,85,111,d5c3,0.8155,0.8577,0.8743,0.8504,d5c3,d5c3,d5c3,d5c3,0.0,0.8743,0.0349,False
2k5/ppp3p1/3rpr1p/8/3P4/4R3/nKPN1PPP/4R3 b - - 1 20,40,0mmS2wIJ,a2b4,90,90,a2b4,0.8656,0.8839,0.9043,0.8983,a2b4,a2b4,a2b4,a2b4,0.0,0.9043,0.0327,False
8/pppk2p1/3rpN1p/8/1n1P4/4R3/1KP2PPP/4R3 b - - 0 22,44,0mmS2wIJ,g7f6,-209,284,g7f6,0.9237,0.9755,0.9905,0.9939,g7f6,g7f6,g7f6,g7f6,0.0,0.9939,0.0702,False
8/pppk4/4pp1p/8/1n1r4/2P4R/1K3PPP/4R3 b - - 0 24,48,0mmS2wIJ,b4d3,-242,181,b4d3,0.3686,0.3675,0.3911,0.3736,d4d2,d4d2,d4d2,d4d2,179.0,0.3911,0.005,False
8/pppk4/4pp1p/3r4/8/K1Pn3R/5PPP/5R2 b - - 4 26,52,0mmS2wIJ,d3e5,-16,6,h6h5,0.0216,0.023,0.0237,0.0197,h6h5,h6h5,h6h5,h6h5,226.0,0.0237,-0.0019,True
8/pppk4/4pp2/2nr3p/8/2P4R/2K2PPP/5R2 b - - 3 28,56,0mmS2wIJ,d5e5,0,0,a7a5,0.0491,0.038,0.027,0.0206,c5e4,c5e4,c5e4,c5e4,67.0,0.0491,-0.0285,False
8/1ppk4/4pp2/p1n4p/8/2P4R/5PPP/3K4 b - - 0 30,60,0mmS2wIJ,c5e4,-280,20,b7b5,0.3441,0.341,0.3976,0.4503,a5a4,a5a4,a5a4,c5e4,0.0,0.4503,0.1062,False
8/2p5/3kpp2/ppn4R/8/2P5/2K2PPP/8 b - - 2 32,64,0mmS2wIJ,b5b4,-362,11,b5b4,0.2036,0.1449,0.1161,0.0971,a5a4,a5a4,c5e4,c5e4,95.0,0.2036,-0.1065,False
8/2p5/3kpp2/2n4R/1p5P/8/2K2PP1/8 b - - 0 34,68,0mmS2wIJ,b4b3,-364,21,b4b3,0.4702,0.3452,0.2183,0.1441,b4b3,c5e4,c5e4,c5e4,118.0,0.4702,-0.3261,False
r1bqk1nr/p4pbp/2p1p1p1/2ppP3/5B2/2PP1N2/PP3PPP/RN1QK2R b KQkq - 1 8,16,OJiE9v1e,g8e7,-87,7,g8e7,0.7129,0.7329,0.7456,0.7861,g8e7,g8e7,g8e7,g8e7,0.0,0.7861,0.0732,False
r1bq1rk1/p3npbp/2p1p1p1/2ppP3/5B2/2PP1N2/PP3PPP/RN1QR1K1 b - - 5 10,20,OJiE9v1e,e7f5,-112,14,c8a6,0.1767,0.1875,0.1943,0.1301,e7f5,d8b6,d8b6,d8b6,37.0,0.1943,-0.0466,False
r2q1rk1/p3npbp/2p1p1p1/2ppP3/5B2/1NPb1N2/PP3PPP/R2QR1K1 b - - 1 12,24,OJiE9v1e,c5c4,2,44,c5c4,0.6025,0.6916,0.7792,0.7861,c5c4,c5c4,c5c4,c5c4,0.0,0.7861,0.1836,False
r2q1rk1/p3npbp/2p1p1p1/2NpPb2/2p2B2/2P2N1P/PP3PP1/R2QR1K1 b - - 0 14,28,OJiE9v1e,d8b6,-29,36,h7h5,0.3158,0.3453,0.3678,0.3572,d8b6,d8b6,d8b6,d8b6,0.0,0.3678,0.0414,False
r4rk1/p3npb1/2p1p1p1/q1NpPbNp/2p5/2P1B2P/PP3PP1/R2QR1K1 b - - 3 16,32,OJiE9v1e,g7e5,28,102,g7h6,0.4105,0.4394,0.4617,0.4598,g7e5,g7e5,g7e5,g7e5,0.0,0.4617,0.0493,False
r2r2k1/p3np2/2p1pNpb/q2pPbNp/2p5/2P1B2P/PP3PP1/R2QR1K1 b - - 7 18,36,OJiE9v1e,g8g7,-201,105,g8g7,0.7321,0.8054,0.8667,0.9072,g8g7,g8g7,g8g7,g8g7,0.0,0.9072,0.1751,False
r2r4/p3npk1/2p1pNp1/q2pPbBp/2p3P1/2P4P/PP3P2/R2QR1K1 b - - 0 20,40,OJiE9v1e,f5d3,-255,69,h5g4,0.1105,0.0834,0.0679,0.0701,h5g4,h5g4,h5g4,h5g4,125.0,0.1105,-0.0404,False
r2r4/p3npk1/2p1pNp1/q2pP1B1/2p3P1/2Pb4/PP3PK1/R2QR3 b - - 2 22,44,OJiE9v1e,d3e4,-484,43,d8h8,0.0558,0.0297,0.0149,0.0075,d8h8,d8h8,d8h8,d8h8,87.0,0.0558,-0.0483,False
r7/p3npk1/2p1pNp1/q2pP1B1/2p3P1/2Pb4/PP3PK1/R6Q b - - 0 24,48,OJiE9v1e,d3e4,-1275,713,a8h8,0.3657,0.3847,0.371,0.3082,a8h8,a8h8,a8h8,a8h8,721.0,0.3847,-0.0575,False
7r/p3npk1/1qp1pNp1/3pP1B1/2p3P1/2Pb4/PP1Q1PK1/R7 b - - 4 26,52,OJiE9v1e,b6d8,-246,0,d5d4,0.0344,0.0381,0.0416,0.0512,d3e4,b6c7,b6c7,b6c7,414.0,0.0512,0.0168,False
7r/p2Nnpk1/1qp1p1p1/4P1B1/2p3P1/2Pb4/P2Q1PK1/R7 b - - 0 28,56,OJiE9v1e,e7d5,-575,40,b6d8,0.0248,0.023,0.0265,0.034,b6b7,b6b7,b6b7,b6b7,605.0,0.034,0.0092,True
3q2kB/p2Nnp2/2p1p1p1/4P3/2p3P1/2Pb4/P2Q1PK1/R7 b - - 0 30,60,OJiE9v1e,d3e4,-877,135,d8d7,0.025,0.0177,0.0105,0.0062,g8h8,g8h8,g8h8,g8h8,1121.0,0.025,-0.0188,True
r1bq1rk1/pppp1ppp/2n5/4P3/2B1Q3/5N2/PPP2bPP/RNB2K1R b - - 0 8,16,3mb38sOY,d7d5,-376,73,f2b6,0.0506,0.0509,0.0654,0.0824,f2c5,f2b6,f2b6,f2b6,49.0,0.0824,0.0318,False
r1bqr1k1/pppp1ppp/1Bn5/4P3/2B1Q3/5N2/PPP3PP/RN3K1R b - - 0 10,20,3mb38sOY,a7b6,-400,23,a7b6,0.8611,0.9107,0.936,0.966,a7b6,a7b6,a7b6,a7b6,0.0,0.966,0.1049,False
r1bqr1k1/1pp2ppp/1pnp4/4P3/2B1Q3/2N2N2/PPP3PP/3R1K1R b - - 1 12,24,3mb38sOY,a8a5,-274,21,d8e7,0.0522,0.053,0.0583,0.091,c6e5,c6e5,c6e5,c6e5,133.0,0.091,0.0388,False
r1b1r1k1/1pp1qppp/1p1p4/4n3/2B1Q3/2N2N2/PPP2KPP/3RR3 b - - 1 14,28,3mb38sOY,c8g4,-263,74,e5g4,0.1481,0.1594,0.1626,0.1311,e5g4,e5g4,e7f6,e7f6,93.0,0.1626,-0.017,False
r1b1r1k1/1pp2ppp/1p1p4/8/2B1R1n1/2N2N2/PPP3PP/3R2K1 b - - 0 16,32,3mb38sOY,e8e4,-235,136,e8e4,0.765,0.7965,0.815,0.8503,e8e4,e8e4,e8e4,e8e4,0.0,0.8503,0.0853,False
r1b3k1/1pp2ppp/1p1p4/8/2BRN3/4nN2/PPP3PP/6K1 b - - 2 18,36,3mb38sOY,c8f5,-223,46,e3c4,0.0361,0.0238,0.0188,0.0193,e3c2,e3c2,e3c2,e3c2,76.0,0.0361,-0.0168,False
r5k1/1pR2ppp/1p1pb3/8/4N3/5N2/PPP3PP/6K1 b - - 0 20,40,3mb38sOY,b6b5,-513,3,e6a2,0.0053,0.0036,0.0026,0.0018,a8a2,e6d5,e6d5,e6d5,38.0,0.0053,-0.0035,False
r1R3k1/1p3pp1/1p1N3p/8/8/5N2/bPP3PP/6K1 b - - 1 22,44,3mb38sOY,a8c8,-564,187,a8c8,0.9978,0.9989,0.9993,0.9993,a8c8,a8c8,a8c8,a8c8,0.0,0.9993,0.0015,False
2N3k1/1p3pp1/1p5p/8/3N4/8/1PP3PP/1b4K1 b - - 2 24,48,3mb38sOY,f7f5,-585,17,f7f5,0.0327,0.0234,0.0189,0.0184,b6b5,b6b5,b6b5,b6b5,12.0,0.0327,-0.0143,False
6k1/1p6/7p/5pp1/N2N4/8/1PP3PP/1b4K1 b - - 1 26,52,3mb38sOY,g8f7,-582,19,b1a2,0.0584,0.0799,0.0814,0.091,f5f4,f5f4,f5f4,f5f4,-4.0,0.091,0.0326,False
6k1/1p6/7p/6p1/3N1p2/1PN5/b1P3PP/6K1 b - - 1 28,56,3mb38sOY,a2b3,-605,18,a2b3,0.2532,0.2949,0.3449,0.3434,a2b1,a2b1,a2b3,a2b1,33.0,0.3449,0.0902,False
8/1p3k2/7p/6p1/3N1p2/1PN5/5KPP/8 b - - 2 30,60,3mb38sOY,f7f6,-605,2,f7e7,0.6739,0.7171,0.6991,0.6629,f7f6,f7f6,f7f6,f7f6,0.0,0.7171,-0.011,False
8/1p6/3k3p/6p1/3N1p2/1PN2K1P/6P1/8 b - - 2 32,64,3mb38sOY,h6h5,-576,0,d6c5,0.0574,0.0455,0.0501,0.0554,d6c5,d6c5,d6c5,d6c5,24.0,0.0574,-0.002,False
8/1p6/7p/3k2p1/3N1pK1/1P5P/4N1P1/8 b - - 6 34,68,3mb38sOY,d5e4,-725,18,d5e4,0.631,0.6702,0.6858,0.6716,d5e4,d5e4,d5e4,d5e4,0.0,0.6858,0.0406,False
r1b1kb1r/pp1ppppp/R4n2/1Np5/3P1B2/4P3/1qP2PPP/3QKBNR b Kkq - 0 8,16,xTBcP1Nc,b7a6,148,403,b7a6,0.6278,0.585,0.5292,0.5319,b7a6,b7a6,b7a6,b7a6,0.0,0.6278,-0.0959,False
N1bk1b1r/p2ppppp/p4n2/2p5/3P1B2/4P3/1qP2PPP/3QKBNR b K - 0 10,20,xTBcP1Nc,c8b7,151,19,d7d6,0.1124,0.1244,0.128,0.1086,b2c3,b2c3,b2c3,c5d4,151.0,0.128,-0.0038,False
N1bk1b1r/p3pppp/p2p1n2/2P5/1q3B2/4P3/2PQ1PPP/4KBNR b K - 2 12,24,xTBcP1Nc,b4d2,173,81,b4c5,0.0252,0.0401,0.054,0.0577,b4c5,b4c5,b4c5,b4c5,111.0,0.0577,0.0325,False
N2k1b1r/pb2pppp/p2p1n2/2q5/5B2/3BPN2/2PQ1PPP/4K2R b K - 3 14,28,xTBcP1Nc,e7e5,142,11,b7a8,0.0382,0.0394,0.0488,0.0902,b7a8,b7a8,b7a8,b7a8,32.0,0.0902,0.052,False
b2k1b1r/p4ppp/p2p1n2/2q1p3/8/3BPNB1/2PQ1PPP/5RK1 b - - 1 16,32,xTBcP1Nc,e5e4,170,77,a8f3,0.3515,0.3906,0.4289,0.3905,e5e4,e5e4,e5e4,e5e4,0.0,0.4289,0.039,False
3k3r/p3bppp/p2p1n2/2q1p3/8/3BPPB1/2PQ1P1P/1R4K1 b - - 2 18,36,xTBcP1Nc,d8e8,-112,50,f6d7,0.0679,0.071,0.0687,0.071,d8d7,d8d7,d8d7,d8d7,103.0,0.071,0.0031,False
3k3r/p3bppp/Bn1p4/1Rq1p3/8/4PPB1/2PQ1P1P/6K1 b - - 2 20,40,xTBcP1Nc,c5c7,-253,28,c5a3,0.1489,0.2214,0.2973,0.3513,c5c6,c5c6,c5c6,c5c6,14.0,0.3513,0.2024,False
rnb1k2r/ppp2ppp/8/2b1P3/5P2/8/PPP3PP/R1BK1BNR b kq - 0 8,16,8YNV2CAi,b8c6,-20,4,e8g8,0.0818,0.112,0.1617,0.2548,e8g8,e8g8,e8g8,c8g4,6.0,0.2548,0.173,False
r1b2rk1/ppp2ppp/2n5/2b1P3/5P2/5N2/PPP1K1PP/R1B2B1R b - - 4 10,20,8YNV2CAi,c6b4,0,64,c8g4,0.0295,0.0232,0.0259,0.0432,c8g4,c8g4,c8g4,c8g4,115.0,0.0432,0.0137,True
r4rk1/ppp2ppp/8/2b1P3/3n1Pb1/5N1P/PPPK2P1/R1B2B1R b - - 2 12,24,8YNV2CAi,d4f3,268,257,d4f3,0.4415,0.5448,0.5713,0.5358,d4f3,d4f3,d4f3,d4f3,0.0,0.5713,0.0943,False
r4rk1/ppp2ppp/8/2b1P3/5P2/5b1P/PPPK3R/R1B2B2 b - - 1 14,28,8YNV2CAi,c5g1,278,61,c5g1,0.0295,0.0183,0.0149,0.0162,a8d8,a8d8,a8d8,a8d8,54.0,0.0295,-0.0133,False
r2q1rk1/ppp1bppp/2np1n2/4p3/2B1P1b1/2PP1N2/PP1N1PPP/R1BQR1K1 b - - 2 8,16,MkjZywKo,c6a5,-43,17,d8d7,0.1821,0.2658,0.3985,0.4407,a7a6,a7a6,c6a5,c6a5,0.0,0.4407,0.2586,False
r4rk1/1ppqbppp/p1np1n2/4p3/4P1b1/1BPP1N2/PP3PPP/R1BQRNK1 b - - 1 10,20,MkjZywKo,h7h6,-80,2,b7b5,0.0839,0.0966,0.1257,0.157,b7b5,b7b5,b7b5,h7h6,0.0,0.157,0.0731,False
r4rk1/2pqbpp1/p1np1n1p/1p2p3/4P1b1/1BPP1NNP/PP3PP1/R1BQR1K1 b - - 0 12,24,MkjZywKo,g4e6,-114,72,g4f3,0.3418,0.482,0.7062,0.8866,g4e6,g4e6,g4e6,g4e6,0.0,0.8866,0.5448,False
r3r1k1/2pqbpp1/p1np1n1p/1p2pN2/4P3/1BPP1Q1P/PP3PP1/R1B1R1K1 b - - 2 14,28,MkjZywKo,g8h7,-295,4,c6a5,0.0242,0.057,0.0862,0.0711,a6a5,e7f8,e7f8,e7f8,122.0,0.0862,0.0469,False
rnb1kb1r/4pppp/p2q1n2/1pp5/P7/1BN2N2/1PPP1PPP/R1BQ1RK1 b kq - 0 8,16,oF60vL8I,b5b4,-74,16,c5c4,0.2966,0.336,0.4532,0.6435,c5c4,c5c4,b5b4,b5b4,0.0,0.6435,0.3469,False
rnb1kb1r/4pppp/p2q1n2/8/Ppp5/5N2/BPPPNPPP/R1BQ1RK1 b kq - 1 10,20,oF60vL8I,e7e6,-86,0,d6c7,0.0097,0.0076,0.0055,0.0034,c8e6,c8e6,c8e6,c8e6,27.0,0.0097,-0.0063,False
rnb1kb1r/2q1pppp/p4n2/8/Pp6/3Q1N2/BPP1NPPP/R1B2RK1 b kq - 0 12,24,oF60vL8I,e7e6,-128,6,c8b7,0.1939,0.2424,0.2655,0.2811,e7e6,e7e6,e7e6,e7e6,0.0,0.2811,0.0872,False
rn2kb1r/1bq2ppp/p3pn2/6N1/Pp1N4/3Q4/BPP2PPP/R1B2RK1 b kq - 1 14,28,oF60vL8I,b8d7,-344,35,f8e7,0.0436,0.0554,0.0705,0.1152,h7h6,f8d6,f8e7,f8e7,107.0,0.1152,0.0716,False
r3k2r/1bq1bppp/p1n1Nn2/8/Pp1N4/3Q4/BPP2PPP/R1B1R1K1 b kq - 0 16,32,oF60vL8I,f7e6,-497,37,f7e6,0.8925,0.947,0.9692,0.9767,f7e6,f7e6,f7e6,f7e6,0.0,0.9767,0.0842,False
r3k2r/1b2b1Np/p1nq1n2/8/Pp6/3Q4/BPP2PPP/R1B1R1K1 b kq - 0 18,36,oF60vL8I,e8d8,-540,25,e8f8,0.1619,0.1591,0.1423,0.1222,e8f8,e8f8,e8f8,e8f8,38.0,0.1619,-0.0397,False
r3k2r/1b2b2p/p1nqNn2/8/Pp6/7Q/BPP2PPP/R1B1R1K1 b - - 4 20,40,oF60vL8I,h8g8,-477,69,a8d8,0.0497,0.0386,0.038,0.035,b7c8,b7c8,b7c8,b7c8,134.0,0.0497,-0.0147,True
3rk2r/1b2b2p/p2qNn2/4B3/Pp6/7Q/BPP2PPP/R3R1K1 b - - 0 22,44,oF60vL8I,f6e4,-821,9,d6c6,0.0016,0.0012,0.0009,0.0007,d6d2,d6d2,d6c6,d6c6,125.0,0.0016,-0.0009,True
3k3r/1b2b2p/p1q2n2/4B3/Pp6/7Q/BPP2PPP/3RR1K1 b - - 1 24,48,oF60vL8I,f6d7,-886,120,d8e8,0.0979,0.07,0.0554,0.0467,d8e8,d8e8,d8e8,d8e8,553.0,0.0979,-0.0512,False
4k2r/1b2b2p/p1q5/4B2n/Pp6/7Q/BPP2PPP/3RR1K1 b - - 5 26,52,oF60vL8I,c6g2,-860,13,h5f6,0.0567,0.0692,0.0687,0.0606,h8g8,h8g8,h8g8,h8f8,387.0,0.0692,0.0039,False
4k2r/1b2b2p/p4q2/8/Pp6/3Q4/BPP2PPP/3RR1K1 b - - 1 28,56,oF60vL8I,e8f8,-915,106,f6g5,0.212,0.2766,0.3196,0.3635,e8f8,e8f8,e8f8,e8f8,0.0,0.3635,0.1515,False
5k1r/1b1Qb2p/p7/6q1/Pp6/6P1/BPP2P1P/3RR1K1 b - - 0 30,60,oF60vL8I,b7h1,-1044,41,b7f3,0.0025,0.0045,0.0066,0.0081,b7f3,b7f3,b7f3,b7f3,944.0,0.0081,0.0056,True
5k1r/2Q1b2p/p7/6q1/Pp4b1/3R2P1/BPP2P1P/4R1K1 b - - 4 32,64,oF60vL8I,g4f5,-945,428,h7h5,0.1461,0.1688,0.1827,0.1986,h7h5,h7h5,h7h5,h7h5,1048.0,0.1986,0.0525,False
rn1qkbnr/pp3pp1/2p1p1bp/8/3P3P/3B1NN1/PPP2PP1/R1BQK2R b KQkq - 1 8,16,Q0T226Ot,g6d3,-40,23,g6d3,0.7769,0.9019,0.9528,0.9865,g6d3,g6d3,g6d3,g6d3,0.0,0.9865,0.2096,False
rn1qkb1r/pp3pp1/2p1pn1p/8/2PP3P/3Q1NN1/PP3PP1/R1B1K2R b KQkq - 0 10,20,Q0T226Ot,b7b5,-35,0,f8e7,0.0008,0.0005,0.0002,0.0001,f8b4,f8b4,f8d6,f8d6,5.0,0.0008,-0.0007,False
r2qk2r/pp1nbpp1/2p1pn1p/8/2PP3P/3Q1NN1/PP1B1PP1/2KR3R b kq - 4 12,24,Q0T226Ot,b7b5,0,0,d7b6,0.0181,0.0265,0.0383,0.0651,e8g8,e8g8,e8g8,d8c7,10.0,0.0651,0.047,False
r3k2r/ppq1bpp1/1np1pn1p/8/2PP3P/3Q1NN1/PP1B1PP1/1K1RR3 b kq - 8 14,28,Q0T226Ot,e8g8,-90,0,a8d8,0.1843,0.1306,0.0848,0.0759,e8c8,e8c8,e8c8,e8c8,84.0,0.1843,-0.1084,False
3rk2r/ppq1bpp1/1n2pn1p/2pP4/2P4P/2BQ1NN1/PP3PP1/1K1RR3 b k - 0 16,32,Q0T226Ot,f6g4,-221,2,e6d5,0.0404,0.0241,0.0127,0.0054,e6d5,e6d5,e6d5,e6d5,288.0,0.0404,-0.035,True
3rk2r/ppq1bpp1/1n3n1p/2p2N2/2p4P/2B2N2/PP2QPP1/1K1RR3 b k - 1 18,36,Q0T226Ot,f6g8,-477,1,b6d5,0.0071,0.0054,0.004,0.0035,d8d1,d8d1,d8d1,b6d5,119.0,0.0071,-0.0036,True
3r1k1r/ppq1bp2/5n1p/2pn1N2/2p4P/2B2N2/PP2QPP1/1K1RR3 b - - 2 20,40,Q0T226Ot,d5c3,-254,150,f6g4,0.418,0.4796,0.47,0.4061,d5c3,d5c3,d5c3,d5c3,0.0,0.4796,-0.0119,False
3r1k2/ppq1b1B1/5p1p/2pn1N2/2p3nP/5N2/PP2QPP1/1K1RR3 b - - 1 22,44,Q0T226Ot,f8g8,-843,49,f8f7,0.2753,0.2597,0.2624,0.2997,f8f7,f8f7,f8f7,f8f7,119.0,0.2997,0.0244,False
8/ppq1NkB1/5p1p/2pr4/2p3nP/5N2/PP2QPP1/1K2R3 b - - 0 24,48,Q0T226Ot,c7d6,-799,3,d5h5,0.0157,0.0142,0.0136,0.0147,f7g7,f7g7,f7g7,f7g7,237.0,0.0157,-0.001,True
rnbq1rk1/1pp1bppp/p2p1n2/3Pp3/2B1P3/2N1BP2/PPP1N1PP/R2QK2R b KQ - 1 8,16,WFTDGN86,b7b5,-61,18,c7c5,0.5489,0.5079,0.4874,0.6524,b7b5,b7b5,b7b5,b7b5,0.0,0.6524,0.1035,False
rnbq1rk1/4bppp/pp1p1n2/2pPp3/P1B1P3/2N1BP2/1PPQN1PP/R3K2R b KQ - 1 10,20,WFTDGN86,f6e8,-133,7,b8d7,0.0098,0.0209,0.0504,0.1258,c8d7,c8d7,c8d7,b8d7,31.0,0.1258,0.116,False
r1bq1rk1/3nbppp/pp1p4/2pPp2n/P1B1P1P1/2N1BP2/1PPQN2P/2KR3R b - - 0 12,24,WFTDGN86,h5f4,-83,4,h5f4,0.3348,0.3642,0.2987,0.2162,h5f6,h5f6,h5f6,h5f6,48.0,0.3642,-0.1186,False
r1bq1rk1/3nbppp/pp1p4/2pP4/P1B1PNP1/2N2P2/1PPQ3P/2KR3R b - - 0 14,28,WFTDGN86,b6b5,89,19,d7e5,0.0448,0.0341,0.0318,0.0172,e7g5,e7g5,d7e5,d7e5,21.0,0.0448,-0.0276,False
r1bq1rk1/5ppp/pp1p4/2pPn1b1/P3PNPP/2N2P2/1PPQB3/2KR3R b - - 0 16,32,WFTDGN86,g5e7,-181,21,g5f4,0.0392,0.0345,0.0289,0.0207,g5f4,g5f4,g5f4,g5f4,18.0,0.0392,-0.0185,False
r1bq1rk1/5ppp/p2p4/1PpPn3/4PQPP/2N2P2/1PP1B3/2KR3R b - - 0 18,36,WFTDGN86,a6b5,-74,72,a6b5,0.9142,0.9416,0.961,0.9692,a6b5,a6b5,a6b5,a6b5,0.0,0.9692,0.055,False
2bq1rk1/5ppp/3p4/1NpPn3/4PQPP/5P2/1PPKB3/r2R3R b - - 2 20,40,WFTDGN86,a1d1,-68,57,d8a5,0.2434,0.2211,0.2116,0.2071,d8a5,d8a5,d8a5,d8a5,41.0,0.2434,-0.0363,False
2b2rk1/5ppp/3p4/q1pPn3/4PQPP/2N2P2/1PPKB3/3R4 b - - 0 22,44,WFTDGN86,c8a6,-181,45,a5b4,0.2318,0.2563,0.2788,0.3255,a5b4,a5b4,a5b4,a5b4,57.0,0.3255,0.0937,False
5rk1/3b1ppp/3p4/2pPn3/1q2PQPP/5P2/1PP1B3/1NKR4 b - - 4 24,48,WFTDGN86,f8b8,-73,33,f8b8,0.2053,0.323,0.4657,0.5752,f8b8,f8b8,f8b8,f8b8,0.0,0.5752,0.3699,False
1r4k1/3b1ppp/3p4/3Pn3/1qp1P1PP/1P3P2/2PQB3/1NKR4 b - - 1 26,52,WFTDGN86,c4b3,-125,8,c4b3,0.3856,0.3855,0.3522,0.2762,c4b3,c4b3,c4b3,b4b6,-41.0,0.3856,-0.1094,False
6k1/3b1ppp/3p4/3Pn3/1r2P1PP/1pP2P2/4B3/1NKR4 b - - 0 28,56,WFTDGN86,b3b2,-50,89,b3b2,0.3806,0.3091,0.264,0.2211,b3b2,b3b2,b4a4,b4a4,109.0,0.3806,-0.1595,False
6k1/5ppp/3p4/3Pn3/br2P1PP/2P2P2/1p1KB3/1N1R4 b - - 3 30,60,WFTDGN86,b4b8,-19,6,e5c4,0.0803,0.1434,0.2038,0.2644,b4b3,a4d1,a4d1,b4b8,0.0,0.2644,0.1841,False
6k1/5ppp/3p4/3P4/b1r1P1PP/2P2P2/1p1K4/1N2R3 b - - 1 32,64,WFTDGN86,a4b3,-277,133,c4c8,0.3322,0.2979,0.285,0.2723,a4b3,a4b3,a4b3,a4b3,0.0,0.3322,-0.0599,False
1r4k1/5ppp/3p4/3P4/b1P1P1PP/N4P2/1p1K4/4R3 b - - 0 34,68,WFTDGN86,b8b3,21,33,b8b3,0.6948,0.7222,0.7449,0.7176,b8b3,b8b3,b8b3,b8b3,0.0,0.7449,0.0228,False
rnbqk2r/pp1pnpbp/2p3p1/8/2P5/2NBPN2/PP1B1PPP/R2QK2R b KQkq - 5 8,16,bHygb1U1,e8g8,-41,3,d7d6,0.4215,0.4067,0.4081,0.3817,e8g8,d7d5,d7d5,d7d5,-2.0,0.4215,-0.0398,False
rnbq1rk1/pp2npbp/2pp2p1/8/2P1P3/2NB1N2/PP1B1PPP/R2Q1RK1 b - - 0 10,20,bHygb1U1,c6c5,-61,16,d6d5,0.0259,0.017,0.0112,0.0101,d6d5,c8g4,c8g4,c8g4,33.0,0.0259,-0.0158,False
rnbq1rk1/pp2npbp/6p1/3P4/8/2NB1N2/PP1B1PPP/R2Q1RK1 b - - 0 12,24,bHygb1U1,e7d5,-39,117,e7d5,0.9396,0.957,0.9728,0.9791,e7d5,e7d5,e7d5,e7d5,0.0,0.9791,0.0395,False
rnb2rk1/pp3pbp/6p1/3q4/8/2BB1N2/PP3PPP/R2Q1RK1 b - - 1 14,28,bHygb1U1,g7c3,-7,15,g7c3,0.5672,0.6178,0.6003,0.574,g7c3,g7c3,g7c3,g7c3,0.0,0.6178,0.0068,False
rn3rk1/pp3p1p/6p1/3q4/6b1/2P2N2/P3BPPP/R2Q1RK1 b - - 2 16,32,bHygb1U1,d5d1,-19,6,f8d8,0.5221,0.5058,0.3981,0.2713,d5d1,d5d1,d5d1,d5d1,0.0,0.5221,-0.2508,False
rn1r2k1/pp3p1p/6p1/3q4/3N4/2P5/P3QPPP/R4RK1 b - - 0 18,36,bHygb1U1,b8c6,2,2,b8c6,0.8416,0.8774,0.915,0.9398,b8c6,b8c6,b8c6,b8c6,0.0,0.9398,0.0982,False
r2r2k1/pp3p1p/6p1/3q4/3R4/2P5/P3QPPP/5RK1 b - - 0 20,40,bHygb1U1,d5a5,-1,3,d5a5,0.3085,0.3585,0.4013,0.4418,d5a5,d5a5,d5a5,d5a5,0.0,0.4418,0.1333,False
r2R2k1/pp3p1p/6p1/8/8/2q3P1/P3QP1P/5RK1 b - - 0 22,44,bHygb1U1,a8d8,98,851,a8d8,0.9997,0.9999,1.0,1.0,a8d8,a8d8,a8d8,a8d8,0.0,1.0,0.0003,False
3r2k1/pp3p1p/6p1/Q7/8/5qP1/P4P1P/5RK1 b - - 3 24,48,bHygb1U1,d8a8,66,66,d8d1,0.0724,0.1141,0.1119,0.0594,d8d1,d8d1,d8d1,d8d5,77.0,0.1141,-0.013,False
6k1/pp3p1p/6p1/Q7/8/6P1/P4PKP/3q4 b - - 1 26,52,bHygb1U1,a7a6,190,7,d1d4,0.3548,0.3801,0.2764,0.1924,a7a6,a7a6,d1d4,d1d4,14.0,0.3801,-0.1624,False
6k1/pp3p2/6p1/1Q5p/P2q4/6P1/5PKP/8 b - - 1 28,56,bHygb1U1,a7a6,291,10,b7b6,0.0545,0.0291,0.0152,0.0136,d4e4,d4e4,d4e4,d4e4,-1.0,0.0545,-0.0409,False
6k1/p2q1p2/Qp4p1/7p/P6P/6P1/5PK1/8 b - - 0 30,60,bHygb1U1,g8g7,62,3,g8g7,0.4035,0.5024,0.5499,0.5533,g8g7,g8g7,g8g7,g8g7,0.0,0.5533,0.1498,False
8/p4pk1/1p2q1p1/7p/P6P/2Q3P1/5PK1/8 b - - 4 32,64,bHygb1U1,g7h7,256,105,g7h7,0.1819,0.238,0.2491,0.2183,e6f6,e6f6,e6f6,e6f6,190.0,0.2491,0.0364,False
8/5p1k/1p2q1p1/p6p/P6P/5PP1/2Q3K1/8 b - - 0 34,68,bHygb1U1,h7g8,230,93,e6d5,0.0225,0.0326,0.0471,0.067,h7h6,h7g7,h7g7,h7g7,98.0,0.067,0.0445,False
r1bqk1nr/ppp2ppp/1bn1p3/6B1/1P1PN3/P7/2P1NPPP/R2QKB1R b KQkq - 2 8,16,wmF8nt9y,g8e7,-47,29,f7f6,0.0758,0.0915,0.1067,0.1749,f7f6,f7f6,f7f6,f7f6,30.0,0.1749,0.0991,False
r1bqk2r/ppp1n1pp/1bn1pp2/8/1PPPN3/P3B3/4NPPP/R2QKB1R b KQkq - 0 10,20,wmF8nt9y,a7a6,-129,83,a7a6,0.2272,0.5471,0.6857,0.5384,a7a6,a7a6,a7a6,a7a6,0.0,0.6857,0.3112,False
r1bqk2r/bpp1n1pp/p1n1pp2/2P5/1P1PN3/P1N1B3/5PPP/R2QKB1R b KQkq - 2 12,24,wmF8nt9y,e8g8,-106,53,e8g8,0.2539,0.3069,0.4372,0.4991,e8g8,e8g8,e8g8,e8g8,0.0,0.4991,0.2452,False
r1bq1rk1/bpp3pp/p1n1pp2/2PP1n2/1PB1N3/P1N1B3/5PPP/R2QK2R b KQ - 0 14,28,wmF8nt9y,c6e5,-17,3,c6e5,0.2279,0.1916,0.1717,0.2004,e6d5,f5e3,f5e3,f5e3,-1.0,0.2279,-0.0275,False
r1bq1rk1/bpp3pp/p3pp2/2PPn3/1P2N3/P1N1P3/B5PP/R2QK2R b KQ - 0 16,32,wmF8nt9y,e6d5,-13,63,f6f5,0.3048,0.3394,0.3553,0.3209,e6d5,e6d5,e6d5,e6d5,0.0,0.3553,0.0161,False
r1b2rk1/bpp3pp/p3p3/2PPnpq1/1P6/P1N1P3/B2NQ1PP/R3K2R b KQ - 3 18,36,wmF8nt9y,e6d5,-23,35,f8e8,0.1837,0.1893,0.1949,0.179,e6d5,e6d5,e5g4,e5g4,190.0,0.1949,-0.0047,False
r1b1r1k1/bpp3pp/p3p3/2PP1pq1/1P2P1n1/P1N5/B2NQ1PP/R4RK1 b - - 0 20,40,wmF8nt9y,b7b6,-20,139,f5f4,0.0796,0.0943,0.102,0.1216,e6d5,e6d5,e6d5,e6d5,246.0,0.1216,0.042,False
r1b1r1k1/bpp3pp/p3p3/2PP3q/1P2Ppn1/P1N2N1P/B3Q1P1/R4RK1 b - - 0 22,44,wmF8nt9y,g4e3,-169,68,g4e5,0.4905,0.5945,0.697,0.7949,g4e3,g4e3,g4e3,g4e3,0.0,0.7949,0.3044,False
r1b1r1k1/bpp3pp/p3p3/2PPn3/1P1NPp2/P6P/B3N1P1/R4RK1 b - - 0 24,48,wmF8nt9y,g7g5,-184,19,e6d5,0.0852,0.0902,0.1079,0.1471,e6d5,e6d5,e6d5,e6d5,188.0,0.1471,0.0619,False
r1b1r2k/bpp3pp/p7/2PBn3/1P1NPR2/P6P/4N1P1/R5K1 b - - 0 26,52,wmF8nt9y,g7g5,-80,71,c7c6,0.0243,0.0139,0.0103,0.0154,c7c6,c7c6,c7c6,c7c6,51.0,0.0243,-0.0089,False
r3r2k/bp1b1Bpp/p1p5/2P1n3/1P1NPR2/P6P/4N1P1/5RK1 b - - 3 28,56,wmF8nt9y,e8e7,-136,25,e8f8,0.1976,0.217,0.2601,0.2784,e8f8,e8f8,e5f7,e5f7,226.0,0.2784,0.0808,False
r6k/bp1b2pp/p1p1B3/2P1n3/1P1NPN2/P6P/6P1/5RK1 b - - 0 30,60,wmF8nt9y,a8e8,-140,49,d7e6,0.0703,0.079,0.0939,0.1053,d7e6,d7e6,d7e6,a8d8,161.0,0.1053,0.035,False
r5k1/bp4pp/p1p1N3/2P1nN2/1P2P3/P6P/6P1/5RK1 b - - 2 32,64,wmF8nt9y,b7b6,-233,13,g7g6,0.1236,0.1181,0.0876,0.0631,g7g6,g7g6,g7g6,g7g6,206.0,0.1236,-0.0605,False
1r4k1/bp5p/p1pN2p1/2P1n1N1/1P2P3/P6P/6P1/5RK1 b - - 3 34,68,wmF8nt9y,a6a5,-180,149,b7b6,0.095,0.1252,0.1503,0.1796,b7b6,b7b6,b7b6,b7b6,158.0,0.1796,0.0846,False
r2qkb1r/p4ppp/2p1pn2/2pp1b2/5P2/1P2PN2/PBPP2PP/RN1Q1RK1 b kq - 3 8,16,5lCiZSCp,h7h6,-63,9,h7h6,0.0171,0.0202,0.0297,0.0418,f8d6,f8d6,f8d6,f8d6,1.0,0.0418,0.0247,False
r2qk2r/p3bpp1/2p1pn1p/2ppNb2/5P2/1P1PP3/PBP3PP/RN1Q1RK1 b kq - 2 10,20,5lCiZSCp,a8c8,-69,4,d8c7,0.0514,0.0549,0.068,0.0897,d8c7,d8c7,d8c7,d8c7,8.0,0.0897,0.0383,False
r4rk1/p1q1bpp1/2p1pn1p/2ppNb2/5P2/1P1PPR2/PBPN2PP/R2Q2K1 b - - 6 12,24,5lCiZSCp,c7b7,-48,3,f6g4,0.0045,0.0031,0.0022,0.0015,e7d6,e7d6,e7d6,a7a5,10.0,0.0045,-0.003,False
r4rk1/p1q1bpp1/2p1p2p/2ppBb2/5P2/1P1PP1R1/P1PN2PP/R2Q2K1 b - - 0 14,28,5lCiZSCp,c7e5,-480,183,f7f6,0.0395,0.043,0.0552,0.086,e7d6,e7d6,e7d6,e7d6,1516.0,0.086,0.0465,False
rnbq1rk1/pp3pbp/2p1pnp1/3p4/2PP4/5NP1/PPQNPPBP/R1B2RK1 b - - 5 8,16,GGb9slUC,f8e8,-59,7,a7a6,0.1269,0.1197,0.0915,0.0829,b8d7,b8d7,b8d7,b8d7,28.0,0.1269,-0.044,False
rnbq1rk1/1p3pbp/p1p1pnp1/8/2PPN3/5NP1/PPQ2PBP/R1B2RK1 b - - 0 10,20,GGb9slUC,f6e4,-109,83,f6e4,0.6705,0.6487,0.5733,0.5241,f6e4,f6e4,f6e4,f6e4,0.0,0.6705,-0.1464,False
r1bq1rk1/1p1n1pbp/p1p1p1p1/8/2PPQ3/5NP1/PP3PBP/R1BR2K1 b - - 2 12,24,GGb9slUC,d8e7,-95,1,d7f6,0.02,0.0201,0.0159,0.0204,d7f6,d7f6,d7f6,d7f6,65.0,0.0204,0.0004,False
r1b2rk1/1p3pbp/pqp1pnp1/8/2PP4/1P3NP1/P3QPBP/R1BR2K1 b - - 0 14,28,GGb9slUC,b6c7,-184,2,b6c7,0.0996,0.1568,0.1996,0.1447,c6c5,b6c7,b6c7,f8d8,1.0,0.1996,0.0451,False
r1bq1rk1/1p3pbp/p1p1pnp1/8/2PP1B2/1P3NP1/P3QPBP/2RR2K1 b - - 4 16,32,GGb9slUC,a6a5,-201,1,f6h5,0.0194,0.015,0.0082,0.006,b7b5,b7b5,d8a5,d8a5,26.0,0.0194,-0.0134,False
r1b2rk1/1p3pbp/p1p1p1p1/q5Bn/P1PP4/1P3NP1/4QPBP/2RR2K1 b - - 0 18,36,GGb9slUC,a5c7,-202,11,h7h6,0.0309,0.038,0.0308,0.0172,a5b4,a5b4,h5f6,h5f6,61.0,0.038,-0.0137,False
r1b2rk1/1p3pb1/p1p1pnpp/q3N3/P1PP4/1P2B1P1/4QPBP/2RR2K1 b - - 3 20,40,GGb9slUC,a5c7,-242,8,f6d7,0.0891,0.1204,0.112,0.0748,a5b4,a5b4,f6d7,f6d7,6.0,0.1204,-0.0143,False
r4rk1/1p1b1pb1/p1p1p1pp/q7/P1PP3P/1P2B1P1/4QPB1/2RR2K1 b - - 0 22,44,GGb9slUC,a5b4,-143,5,f8e8,0.2833,0.3025,0.2987,0.2483,a5b4,a5b4,a5b4,a5b4,0.0,0.3025,-0.035,False
r3r1k1/1p1b1pb1/pqp1p1pp/8/P1PP1B1P/1P4P1/1Q3PB1/2RR2K1 b - - 4 24,48,GGb9slUC,c6c5,-144,49,h6h5,0.2864,0.2509,0.2092,0.1749,c6c5,a8d8,a8d8,a8d8,120.0,0.2864,-0.1115,False
r3r1k1/1p1b1pb1/p1p1p1p1/q1P1B2p/P2P3P/1P4P1/1Q3PB1/2RR2K1 b - - 2 26,52,GGb9slUC,f7f6,-202,10,a5d8,0.1592,0.2005,0.249,0.2807,g7e5,g7e5,g7e5,f7f6,0.0,0.2807,0.1215,False
r2qr1k1/1p1b1p2/p1p1p1pb/2P1B2p/PP1P3P/6P1/1Q3PB1/1R1R2K1 b - - 2 28,56,GGb9slUC,f7f6,-191,2,d8e7,0.2309,0.2617,0.2927,0.2559,h6g7,h6g7,h6g7,h6g7,45.0,0.2927,0.025,False
r3r1k1/1p1bqp2/2p1p1pb/1PP1B2p/3P3P/6P1/1Q3PB1/1R1R2K1 b - - 0 30,60,GGb9slUC,f7f6,-202,35,e7d8,0.1004,0.1507,0.2089,0.2303,c6b5,c6b5,c6b5,c6b5,73.0,0.2303,0.1299,False
3qr1k1/1p1b1p2/1Pp1p1pb/2P1B2p/r2P3P/6P1/1Q3PB1/R2R2K1 b - - 2 32,64,GGb9slUC,a4a1,-283,107,a4a1,0.5323,0.5899,0.5798,0.508,a4a1,a4a1,a4a1,a4a1,0.0,0.5899,-0.0243,False
3qr1k1/Rp1b1pb1/1Pp1p1p1/2P1B2p/3P3P/6P1/1Q3PB1/6K1 b - - 2 34,68,GGb9slUC,g7e5,-250,49,g7e5,0.6045,0.5929,0.5177,0.4037,g7e5,g7e5,g7e5,d7c8,296.0,0.6045,-0.2008,False
r2qkbnr/pbpn1pp1/1p1p3p/8/2PPp3/1P2P3/PB1NBPPP/RN1QK2R b KQkq - 1 8,16,yeARUCk9,d6d5,-107,58,f7f5,0.0756,0.0781,0.0483,0.0149,g8f6,g8f6,g8f6,f7f5,291.0,0.0781,-0.0607,False
r2qkbnr/pbpn4/1p1p2pp/5p2/2PPp1P1/1PN1P3/PB1NBP1P/R2QK2R b KQkq - 0 10,20,yeARUCk9,d8h4,-85,78,f5g4,0.0895,0.0963,0.1138,0.1419,f8g7,d8g5,d8g5,d8g5,110.0,0.1419,0.0524,False
r3kbnr/pbpBq3/1p1p2pp/8/2PPp3/1PN1P3/PB1N1P1P/R2QK2R b KQkq - 0 12,24,yeARUCk9,e7d7,-132,38,e8d7,0.8496,0.8133,0.6989,0.4854,e7d7,e7d7,e7d7,e8d7,66.0,0.8496,-0.3642,False
r4bnr/pbpk4/1p1pQ1pp/8/2PPp3/1PN1P3/PB1N1P1P/R3K2R b KQ - 0 14,28,yeARUCk9,d7e6,-361,441,d7e6,0.996,0.9982,0.9987,0.9992,d7e6,d7e6,d7e6,d7e6,0.0,0.9992,0.0032,False
r5nr/pbp3b1/1p1pk1pp/3P4/2P1N3/1P2P3/PB1N1P1P/R3K2R b KQ - 0 16,32,yeARUCk9,e6f7,-253,338,e6f7,0.5155,0.6086,0.7029,0.7862,e6f7,e6f7,e6f7,e6f7,0.0,0.7862,0.2707,False
r5nr/pbp3k1/1p1p2pp/3P4/2P1N2P/1P2P3/P2N1P2/R3K2R b KQ - 0 18,36,yeARUCk9,g8e7,-219,10,a8e8,0.163,0.1593,0.1511,0.1478,g8f6,g8f6,g8f6,g8f6,56.0,0.163,-0.0152,False
2b1r1nr/p1p3k1/1p1p2pp/3P4/2P1N2P/1P2PP2/P2N1K2/R6R b - - 2 20,40,yeARUCk9,c8d7,-243,17,g8e7,0.0087,0.0084,0.0072,0.0071,c8f5,c8f5,g8f6,g8f6,55.0,0.0087,-0.0016,False
2b1rr2/p1p1n1k1/1p1p2pp/3P4/2P1N2P/1P2PP2/P2N1KR1/7R b - - 6 22,44,yeARUCk9,e7f5,-204,20,f8f5,0.3317,0.3524,0.399,0.4822,e7f5,e7f5,e7f5,e7f5,0.0,0.4822,0.1505,False
2b1r3/p1p1n1k1/1p1p2pp/3Pr3/2P2P1P/1P2P1N1/P2N1KR1/7R b - - 0 24,48,yeARUCk9,e5e3,-347,44,e8f8,0.0172,0.0261,0.0522,0.1057,e5f5,e7f5,e7f5,e7f5,203.0,0.1057,0.0885,False
5r2/p1p1n1k1/1p1p2pp/3PN3/2P2PbP/1P2P1N1/P4KR1/7R b - - 0 26,52,yeARUCk9,d6e5,-390,250,d6e5,0.8598,0.9562,0.9862,0.9923,d6e5,d6e5,d6e5,d6e5,0.0,0.9923,0.1325,False
5r2/p1p1n1k1/1p4p1/3Pp1Np/2P2PbP/1P2P3/P4KR1/7R b - - 1 28,56,yeARUCk9,g7h6,-426,10,e5f4,0.0123,0.0071,0.0029,0.0015,e5f4,e5f4,e5f4,e5f4,12.0,0.0123,-0.0108,False
5r2/p1p1n1k1/1p4p1/3P2Np/2P3RP/1P2K3/P7/7R b - - 0 30,60,yeARUCk9,e7f5,-432,138,e7f5,0.0818,0.0616,0.0492,0.0569,h5g4,h5g4,h5g4,h5g4,156.0,0.0818,-0.0249,False
5r2/p1p3k1/1p2N1p1/3P1n2/2P3pP/1P6/P2K4/7R b - - 1 32,64,yeARUCk9,g7f7,-449,7,g7f7,0.7136,0.7374,0.7712,0.77,g7f7,g7f7,g7f7,g7f7,0.0,0.7712,0.0564,False
5k2/p1p5/1p4p1/3P1n2/2P3pP/1P6/P2K4/6R1 b - - 1 34,68,yeARUCk9,g4g3,-455,36,f5h6,0.6311,0.7219,0.8043,0.8575,g4g3,g4g3,g4g3,g4g3,0.0,0.8575,0.2264,False
rn1qkb1r/pp3pp1/2p1pnp1/3p4/2P5/1P4P1/PB1PPPBP/RN1QK2R b KQkq - 1 8,16,IeEwVykC,d5d4,-45,7,b8d7,0.0143,0.0208,0.0225,0.0152,f8d6,b8d7,b8d7,b8d7,2.0,0.0225,0.0009,False
r3kb1r/ppqn1pp1/2p1pnp1/3p4/2P5/1P1P2P1/PB1NPPBP/R2QK2R b KQkq - 2 10,20,IeEwVykC,f8d6,-65,4,f8d6,0.2609,0.3008,0.3733,0.4364,e8c8,e8c8,f8d6,f8d6,0.0,0.4364,0.1755,False
2kr3r/ppqn1pp1/2pbpnp1/3p4/1PP5/P2P2P1/1B1NPPBP/R2QK2R b KQ - 0 12,24,IeEwVykC,f6g4,-117,19,d5c4,0.1006,0.0908,0.0829,0.06,h8h7,h8h7,h8h7,h8h7,16.0,0.1006,-0.0406,False
2kr3r/ppqn1pp1/2pbp1p1/8/1PN3n1/P2P2PP/1B2PPB1/R2QK2R b KQ - 0 14,28,IeEwVykC,g4f6,-263,61,g4f2,0.2496,0.2141,0.1475,0.0792,g4e5,g4e5,d6g3,d6g3,80.0,0.2496,-0.1704,False
2kr3r/pp1n1pp1/2pqp1p1/8/1P6/P2P2PP/1B2PKB1/R2Q3R b - - 0 16,32,IeEwVykC,h8h5,-404,9,d7e5,0.0688,0.0535,0.0457,0.0452,f7f6,f7f6,f7f6,d7f6,-10.0,0.0688,-0.0236,False
2kr3r/pp3pp1/2p1p1p1/4q3/1P6/P2P2PP/3QPKB1/R6R b - - 1 18,36,IeEwVykC,h8h5,-406,5,f7f5,0.0619,0.076,0.0889,0.1055,e5f5,e5d4,e5d4,e5d4,33.0,0.1055,0.0436,False
2kr3r/pp4p1/2p1p1p1/5p2/1P3Q2/P1qP2PP/4PKB1/R1R5 b - - 3 20,40,IeEwVykC,c3f6,-424,50,c3b2,0.2594,0.3481,0.4037,0.4142,c3b2,c3f6,c3f6,c3f6,0.0,0.4142,0.1548,False
2k4r/pp4p1/2P1p1p1/5p2/5Q2/P2r2PP/1q2PKB1/R1R5 b - - 0 22,44,IeEwVykC,b7b6,-511,107,b7c6,0.1076,0.1291,0.1233,0.0997,b2b6,b2b6,b2b6,b2b6,292.0,0.1291,-0.0079,False
3k3r/p1Q3p1/2R1p1p1/5p2/8/P2r2PP/1q2PKB1/R7 b - - 2 24,48,IeEwVykC,d8e8,-1995,0,d8e8,1.0,1.0,1.0,1.0,d8e8,d8e8,d8e8,d8e8,0.0,1.0,0.0,False
5k1r/p3Q1p1/4R1p1/5p2/8/P2r2PP/1q2PKB1/R7 b - - 2 26,52,IeEwVykC,f8g8,-1997,0,f8g8,1.0,1.0,1.0,1.0,f8g8,f8g8,f8g8,f8g8,0.0,1.0,0.0,False
6kr/p3Q1p1/6p1/5p2/3q4/P2rR1PP/4PKB1/7R b - - 6 28,56,IeEwVykC,f5f4,-513,26,f5f4,0.152,0.1404,0.144,0.1462,d3e3,d3e3,d3e3,d3e3,32.0,0.152,-0.0058,False
6kr/p3Q1p1/6p1/8/5q2/P2rRB1P/4PK2/7R b - - 1 30,60,IeEwVykC,d3e3,-546,2,d3d6,0.6628,0.7081,0.7033,0.6963,d3e3,d3e3,d3e3,d3e3,0.0,0.7081,0.0335,False
4Q1kr/p5p1/3r1qp1/8/8/P3RB1P/4PK2/7R b - - 5 32,64,IeEwVykC,g8h7,-499,66,g8h7,0.7687,0.846,0.8997,0.9253,g8h7,g8h7,g8h7,g8h7,0.0,0.9253,0.1566,False
7r/p5pk/3r2p1/8/3qQ3/P3RB1P/4PK2/7R b - - 9 34,68,IeEwVykC,d4c5,-514,4,d4f6,0.1816,0.1965,0.2111,0.23,d4f6,d4f6,d4f6,d4f6,25.0,0.23,0.0484,False
r2qkbnr/1b1p1ppp/p1n1p3/1p6/3NP3/2N5/PPP1BPPP/R1BQ1RK1 b kq - 0 8,16,NdFirlJd,d8c7,11,27,d8c7,0.1882,0.1929,0.21,0.263,d8c7,d8c7,d8c7,d8c7,0.0,0.263,0.0748,False
r3kbnr/1bq2ppp/p1p1p3/1p4B1/4P3/2N5/PPP1BPPP/R2Q1RK1 b kq - 1 10,20,NdFirlJd,f8d6,23,7,f8e7,0.155,0.2162,0.2527,0.2878,f8e7,f8e7,f8e7,f8d6,0.0,0.2878,0.1328,False
r3k1nr/1b2bppp/p1p1p3/1p2q1B1/4PP2/2N5/PPP1B1PP/R1Q2RK1 b kq - 0 12,24,NdFirlJd,e7g5,29,88,e5d4,0.0075,0.008,0.0079,0.0074,e5d4,e5c5,e5c7,e5c5,72.0,0.008,-0.0001,False
r3k1nr/1b3ppp/p1p1p3/1p4P1/3qP3/2N5/PPP1B1PP/R1Q2R1K b kq - 0 14,28,NdFirlJd,d4e5,-74,80,g8e7,0.073,0.1026,0.098,0.0976,c6c5,g8e7,g8e7,g8e7,113.0,0.1026,0.0246,False
r3k2r/1b2nppp/p1p1p3/1p2q1P1/4P3/2N2B2/PPP3PP/R1QR3K b kq - 4 16,32,NdFirlJd,e7g6,62,21,e7g6,0.1494,0.2078,0.262,0.247,e8g8,e8g8,e8g8,e8g8,27.0,0.262,0.0976,False
r4rk1/1b3ppp/p1p1p1n1/1p2q1P1/4P3/2N1QB2/PPPR2PP/R6K b - - 8 18,36,NdFirlJd,c6c5,38,6,c6c5,0.125,0.1393,0.152,0.1438,a8d8,a8d8,a8d8,a8d8,34.0,0.152,0.0188,False
r4rk1/1b3ppp/p3p1n1/2p1q1P1/Np2P3/4QB2/PPP3PP/R2R3K b - - 1 20,40,NdFirlJd,b7c6,-24,33,g6h4,0.2063,0.2337,0.2385,0.2324,b7c6,b7c6,a8c8,a8c8,184.0,0.2385,0.0261,False
r4rk1/1b3ppp/p3p3/2Q1q1P1/Np2P3/5P2/PPP4P/R2R3K b - - 0 22,44,NdFirlJd,e5f4,68,152,e5f4,0.7044,0.7989,0.8657,0.8958,e5f4,e5f4,e5f4,e5f4,0.0,0.8958,0.1914,False
2r2rk1/1b3ppp/p3p3/6P1/NQ2Pq2/3R1P2/PPP4P/R6K b - - 0 24,48,NdFirlJd,c8c2,698,659,c8c2,0.4996,0.5272,0.6328,0.7488,c8c2,c8c2,c8c2,c8c2,0.0,0.7488,0.2492,False
r1bq1rk1/pp2bppp/2np1n2/2p1p3/4P3/1PPP1N2/PB2BPPP/RN1Q1RK1 b - - 4 8,16,goxBW209,d6d5,52,36,c8g4,0.1101,0.0876,0.0524,0.052,b7b5,b7b5,a7a6,h7h6,49.0,0.1101,-0.0581,False
r4rk1/pp1qbppp/2np1n2/2p1p3/4P1bN/1PPP4/PB1NBPPP/R2Q1RK1 b - - 8 10,20,goxBW209,g4e6,19,3,g4e2,0.0328,0.043,0.0701,0.1312,g4e2,g4e2,g4e2,g4e2,-3.0,0.1312,0.0984,False
r4rk1/pp1qbppp/2np4/2p1p3/4Q2N/1PPP4/PB1N1PPP/R4RK1 b - - 0 12,24,goxBW209,f7f5,-267,37,d6d5,0.065,0.1218,0.266,0.4929,e7h4,e7h4,e7h4,f7f5,0.0,0.4929,0.4279,False
r2qk2r/pp1nbppp/2p1pn2/3p1b2/2PP4/1PNBPN2/PB3PPP/R2QK2R b KQkq - 4 8,16,oBKxaFMg,f6e4,-22,2,f5g6,0.1596,0.1972,0.2365,0.2035,f5g6,f5g6,f5g6,f5d3,5.0,0.2365,0.0439,False
r2q1rk1/pp1nbppp/2p1pnb1/3p4/2PP4/1PNBPN2/PB2QPPP/R4RK1 b - - 8 10,20,oBKxaFMg,g6h5,-18,3,d8a5,0.0324,0.0383,0.0372,0.0293,d8c7,d8c7,f6e4,f8e8,12.0,0.0383,-0.0031,False
r4rk1/pp1n1ppp/2p1pnb1/q2p4/2PP4/BPNBPN2/P3QPPP/R3R1K1 b - - 0 12,24,oBKxaFMg,g6d3,-30,10,a5a3,0.0065,0.004,0.0027,0.0013,a5a3,a5a3,a5a3,a5a3,13.0,0.0065,-0.0052,False
r4rk1/pp1n1ppp/2p2nB1/3p4/3P4/qPN1PN2/P3QPPP/R3R1K1 b - - 0 14,28,oBKxaFMg,h7g6,-25,18,h7g6,0.4196,0.3144,0.4398,0.9112,f7g6,f7g6,f7g6,h7g6,0.0,0.9112,0.4916,False
r4rk1/pp1n1pp1/2p2np1/8/3PN3/qP3N2/P3QPPP/R3R1K1 b - - 0 16,32,oBKxaFMg,a8e8,-8,1,f8e8,0.1368,0.1142,0.0972,0.08,f6e4,f6e4,f6e4,f6e4,3.0,0.1368,-0.0568,False
r3r1k1/pp3pp1/2p2np1/4N3/3P4/qP6/P3QPPP/R3R1K1 b - - 1 18,36,oBKxaFMg,f6d5,22,3,a3b4,0.0885,0.0941,0.1005,0.0875,a3d6,a3d6,a3d6,a3d6,6.0,0.1005,-0.001,False
3rr1k1/pp3pp1/2p2np1/4N3/1q1P4/1P2Q3/P4PPP/3RR1K1 b - - 5 20,40,oBKxaFMg,c6c5,55,6,f6g4,0.1179,0.0595,0.0262,0.0173,f6d5,f6d5,f6d5,f6d5,25.0,0.1179,-0.1006,False
3rr1k1/pp3pp1/2p3p1/4P3/1q6/1P3Q2/P4PPP/3RR1K1 b - - 0 22,44,oBKxaFMg,b4a5,10,6,d8d1,0.0379,0.0845,0.1944,0.2805,d8d1,d8d1,d8d1,b4a5,0.0,0.2805,0.2426,False
6k1/pp3pp1/2p3p1/4r3/1q4P1/1P3Q2/P4P1P/3R2K1 b - - 0 24,48,oBKxaFMg,e5e1,151,46,e5e1,0.6689,0.6958,0.6873,0.6972,e5e1,e5e1,e5e1,e5e1,0.0,0.6972,0.0283,False
6k1/pp3pp1/2p3p1/8/1q4P1/1P6/P4PKP/3Q4 b - - 0 26,52,oBKxaFMg,b4e4,162,9,b4a5,0.5832,0.6191,0.6508,0.6536,b4e4,b4e4,b4e4,b4e4,0.0,0.6536,0.0704,False
6k1/pp3pp1/2p3p1/3q4/6P1/1P3P2/P3Q1KP/8 b - - 0 28,56,oBKxaFMg,a7a6,142,4,g6g5,0.0149,0.0261,0.0346,0.0276,b7b5,b7b5,d5e6,g8f8,46.0,0.0346,0.0127,False
8/pp3ppk/2p5/3q2p1/4Q1P1/1P3P2/P5KP/8 b - - 3 30,60,oBKxaFMg,d5e4,363,204,d5e4,0.726,0.8257,0.8742,0.8874,d5e4,d5e4,d5e4,d5e4,0.0,0.8874,0.1614,False
8/pp3pp1/2p3k1/6p1/4P1P1/1P3K2/P6P/8 b - - 2 32,64,oBKxaFMg,g6f6,455,45,g6f6,0.8361,0.9182,0.934,0.9427,g6f6,g6f6,g6f6,g6f6,0.0,0.9427,0.1066,False
8/pp3pp1/5k2/2p3p1/4P1P1/1P1K4/P6P/8 b - - 1 34,68,oBKxaFMg,g7g6,536,2,f6e5,0.0264,0.0085,0.0031,0.002,f6e5,f6e5,f6e5,f6e5,-9.0,0.0264,-0.0244,False
r1bq1rk1/ppp2pbp/2np1np1/3Pp3/2P1P3/2N2N2/PP2BPPP/R1BQ1RK1 b - - 0 8,16,jXmZtxzP,c6e7,-75,17,c6e7,0.4917,0.7663,0.9219,0.9549,c6e7,c6e7,c6e7,c6e7,0.0,0.9549,0.4632,False
r1bq1rk1/ppp1npbp/3p2p1/3Pp1B1/2P1P1n1/2N2N2/PP2BPPP/R2Q1RK1 b - - 4 10,20,jXmZtxzP,h7h6,-55,5,h7h6,0.365,0.4348,0.5564,0.7024,h7h6,h7h6,h7h6,h7h6,0.0,0.7024,0.3374,False
r1bq1rk1/ppp1n1b1/3p2pp/3Ppp2/2P1P1n1/2N5/PP1BBPPP/R2QNRK1 b - - 1 12,24,jXmZtxzP,g4f6,-38,1,g4f6,0.2135,0.4461,0.6976,0.8389,h6h5,g4f6,g4f6,g4f6,0.0,0.8389,0.6254,False
r1bq1rk1/ppp1n1b1/3p1npp/3Pp3/2P1Pp2/2NN1P2/PP1BB1PP/R2Q1RK1 b - - 1 14,28,jXmZtxzP,g6g5,-32,9,f8f7,0.5638,0.6727,0.8237,0.8864,g6g5,g6g5,g6g5,g6g5,0.0,0.8864,0.3226,False
r1bq2k1/ppp1nrb1/3p1n1p/2PPp1p1/4Pp2/2NN1P2/PP1BB1PP/2RQ1RK1 b - - 1 16,32,jXmZtxzP,e7g6,-37,2,g7f8,0.3238,0.3699,0.4231,0.4811,e7g6,e7g6,e7g6,e7g6,0.0,0.4811,0.1573,False
r1bq1bk1/pp2nr2/3p1n1p/1N1Pp1p1/4Pp2/3N1P2/PP1BB1PP/2RQ1RK1 b - - 1 18,36,jXmZtxzP,e7g6,-1,50,e7g6,0.1578,0.3279,0.5773,0.816,a7a6,e7g6,e7g6,e7g6,0.0,0.816,0.6582,False
r1bq1bk1/1p3r2/p2p1nnp/3Pp1p1/4Pp2/N2N1P2/PP2B1PP/2RQBRK1 b - - 1 20,40,jXmZtxzP,b7b5,46,87,h6h5,0.1024,0.0562,0.0402,0.0393,h6h5,h6h5,h6h5,h6h5,135.0,0.1024,-0.0631,False
r1bq1bk1/1p4r1/p2p1nn1/3Pp1pp/4Pp2/N2N1P2/PPQ1B1PP/2R1BR1K b - - 3 22,44,jXmZtxzP,b7b5,83,42,g5g4,0.0512,0.0326,0.026,0.0279,g5g4,g5g4,g5g4,g5g4,52.0,0.0512,-0.0233,False
r1bq1bk1/1p4r1/p2p1nn1/3Pp3/2N1Pppp/3N1P2/PPQ1BBPP/2R2R1K b - - 1 24,48,jXmZtxzP,g4g3,-19,21,g4g3,0.6661,0.7356,0.7806,0.7229,g4g3,g4g3,g4g3,g4g3,0.0,0.7806,0.0568,False
r1b2bk1/1p2q1r1/p2p1nn1/3Pp3/2N1Pp1p/3N1Pp1/PPQ1B1PP/2R2RBK b - - 3 26,52,jXmZtxzP,h4h3,385,94,h4h3,0.3792,0.4177,0.4095,0.299,h4h3,h4h3,h4h3,h4h3,0.0,0.4177,-0.0802,False
r1b2bk1/1p2q1r1/pN1p1nn1/3Pp3/4Pp2/3N1Pp1/PPQ1B1KP/2R2RB1 b - - 0 28,56,jXmZtxzP,g6h4,1998,1416,g6h4,0.5572,0.5852,0.6544,0.7646,g6h4,g6h4,g6h4,g6h4,0.0,0.7646,0.2074,False
r2qkbnr/pp2pppp/2n5/8/Q1B1P1b1/5N2/PP3PPP/RNB1K2R b KQkq - 0 8,16,NW7cCm21,g4f3,-19,73,g4f3,0.3285,0.4279,0.5721,0.6903,g4f3,g4f3,g4f3,g4f3,0.0,0.6903,0.3618,False
r3kbnr/pp2pppp/2n5/Q7/2B1P3/5P2/PP3P1P/RNB1K2R b KQkq - 0 10,20,NW7cCm21,c6a5,-169,510,c6a5,0.9997,1.0,1.0,1.0,c6a5,c6a5,c6a5,c6a5,0.0,1.0,0.0003,False
2kr1bnr/pp2pppp/8/n7/4P3/3B1P2/PP2KP1P/RNB4R b - - 3 12,24,NW7cCm21,a5c6,-38,20,e7e5,0.1516,0.1672,0.2218,0.3417,e7e5,e7e5,e7e5,e7e5,26.0,0.3417,0.1901,False
2kr1bnr/p4ppp/1p6/n3p3/4P3/2NBBP2/PP2KP1P/R6R b - - 1 14,28,NW7cCm21,c8b7,-148,10,g8f6,0.0289,0.0441,0.0742,0.1843,g8f6,g8f6,g8f6,a5c6,27.0,0.1843,0.1554,False
2kr1b1r/p4ppp/1p3n2/4p3/4P3/PnNBBP2/1P2KP1P/3R3R b - - 2 16,32,NW7cCm21,f8c5,-85,39,b3d4,0.5409,0.5576,0.5632,0.4857,f8c5,f8c5,f8c5,f8c5,0.0,0.5632,-0.0552,False
2kr1b1r/p4ppp/Bp3n2/8/3pP3/P1N2P2/1P2KP1P/3R3R b - - 1 18,36,NW7cCm21,c8b8,-139,223,c8b8,0.4828,0.484,0.3996,0.332,c8c7,c8c7,c8c7,c8c7,288.0,0.484,-0.1508,False
1k1r3r/p4ppp/Bp3n2/1Nb5/1P1pP3/P4P2/4KP1P/3R3R b - - 0 20,40,NW7cCm21,d4d3,-144,213,c5e7,0.2065,0.2092,0.2069,0.1694,c5e7,c5e7,c5e7,c5e7,306.0,0.2092,-0.0371,False
1k5r/p3bppp/Bp1r1n2/4P3/1P1N4/P4P2/4KP1P/3R3R b - - 0 22,44,NW7cCm21,d6d7,-511,95,d6d4,0.0608,0.0532,0.0486,0.0549,d6e6,d6d4,d6d4,d6d4,146.0,0.0608,-0.0059,False
1k5r/p2Rbppp/Bp6/4P2n/1P6/P4P2/4KP1P/7R b - - 2 24,48,NW7cCm21,h5f4,-565,101,h8e8,0.5531,0.504,0.4128,0.3069,h5f4,h5f4,h5f4,h8e8,212.0,0.5531,-0.2462,False
1k2r3/p2R1ppp/Bp6/4P1bn/1P3P2/P3K3/5P1P/7R b - - 0 26,52,NW7cCm21,h5f4,-464,67,g5f4,0.0874,0.0808,0.0802,0.0898,g5f4,g5f4,g5f4,g5f4,46.0,0.0898,0.0024,False
1k2r3/p2R1ppp/Bp6/4b2n/1P6/P4K2/5P1P/2R5 b - - 1 28,56,NW7cCm21,h5f6,-517,4,e5h2,0.2164,0.2548,0.2984,0.3353,e5h2,h5f6,h5f6,h5f6,0.0,0.3353,0.1189,False
1k2r3/p2R1ppp/Bp3n2/8/1P6/P6K/5P1b/2R5 b - - 3 30,60,NW7cCm21,f6d7,214,601,f6d7,0.737,0.8177,0.8437,0.8754,f6d7,f6d7,f6d7,f6d7,0.0,0.8754,0.1384,False
1k2r3/p4ppp/Bp6/4n3/1P3P2/P7/7K/2R5 b - - 0 32,64,NW7cCm21,e5g4,209,10,e5f3,0.3031,0.3536,0.3654,0.3435,e5f3,e5g4,e5g4,e5g4,0.0,0.3654,0.0404,False
1k2r3/p4ppp/Bp6/8/1P1n1P2/P5K1/8/3R4 b - - 4 34,68,NW7cCm21,e8e3,256,14,d4e6,0.1226,0.1318,0.1418,0.1615,d4f5,d4f5,d4f5,d4f5,-9.0,0.1615,0.0389,False
rn1qk2r/1bp1ppbp/pp1p1np1/8/3PP3/2PBBN2/PPQN1PPP/R3K2R b KQkq - 2 8,16,pL2KZ01P,e8g8,-62,4,e8g8,0.1842,0.1865,0.2038,0.2315,b8d7,b8d7,b8d7,b8d7,29.0,0.2315,0.0473,False
rn1q1rk1/1bp1ppbp/1p1p1np1/p7/3PP2P/2PBBN2/PPQN1PP1/2KR3R b - - 0 10,20,pL2KZ01P,e7e5,-127,14,h7h5,0.0275,0.014,0.0079,0.0039,a5a4,a5a4,h7h5,h7h5,-3.0,0.0275,-0.0236,False
rn1q1rk1/1bp1ppb1/1p1p1np1/6Np/p2PP2P/2PBBP2/PPQN2P1/2KR3R b - - 0 12,24,pL2KZ01P,a4a3,-106,3,a4a3,0.5733,0.5791,0.5392,0.451,a4a3,a4a3,a4a3,a4a3,0.0,0.5791,-0.1223,False
rnbq1rk1/2p1ppb1/1p1p1np1/6Np/3PP2P/pPPBBP2/P1QN2P1/2K3RR b - - 2 14,28,pL2KZ01P,c8a6,-140,11,c7c5,0.1241,0.1318,0.1242,0.1102,c7c5,c7c5,c7c5,c7c5,3.0,0.1318,-0.0139,False
rn1q1rk1/3bppb1/1p1p1np1/2pP2Np/4P2P/pPP1BP2/P1QNB1P1/2K3RR b - - 2 16,32,pL2KZ01P,b6b5,-144,25,b6b5,0.4971,0.6138,0.7097,0.6908,b6b5,b6b5,b6b5,b6b5,0.0,0.7097,0.1937,False
rn1q1rk1/3bppb1/3p1np1/1ppP2N1/4P1PP/pPP1B3/P1QNB3/2K3RR b - - 0 18,36,pL2KZ01P,d8a5,-278,6,b5b4,0.0723,0.0896,0.1093,0.1224,b5b4,b5b4,b5b4,b5b4,45.0,0.1224,0.0501,False
rn1q1rk1/3b1pb1/3ppnp1/2pP2NP/1pP1P1P1/pP2B3/P1QNB3/2K3RR b - - 0 20,40,pL2KZ01P,e6d5,-320,3,e6d5,0.3627,0.4776,0.6381,0.7854,e6d5,e6d5,e6d5,e6d5,0.0,0.7854,0.4227,False
rn1q1rk1/3b1pb1/3p2p1/2pP2NP/1pP3B1/pP2B3/P1QN4/2K3RR b - - 0 22,44,pL2KZ01P,d8f6,-343,32,d8f6,0.0318,0.0419,0.0611,0.1042,d7g4,d7g4,d7g4,d7g4,41.0,0.1042,0.0724,False
rn3rk1/3b1pb1/3p2p1/2pP3P/1pP1N1B1/pP2B3/P2N4/qQK3RR b - - 4 24,48,pL2KZ01P,a1b1,-315,5,a1e5,0.1418,0.1501,0.1648,0.1791,g7b2,g7b2,g7b2,g7b2,112.0,0.1791,0.0373,False
rn3rk1/3B2b1/3p2p1/2pPq3/1pP1N3/pP2B3/P2N4/1QK3RR b - - 0 26,52,pL2KZ01P,b8d7,-416,132,b8d7,0.9287,0.953,0.9651,0.972,b8d7,b8d7,b8d7,b8d7,0.0,0.972,0.0433,False
r4rk1/6b1/3p1NR1/2pPq3/1pP5/pP2B3/P2N4/1QK4R b - - 0 28,56,pL2KZ01P,e5f6,-811,59,f8f6,0.0152,0.0107,0.0077,0.0056,f8f6,f8f6,f8f6,f8f6,366.0,0.0152,-0.0096,True
r7/6kQ/3p1r2/2pPq3/1pP5/pP2B3/P2N4/2K4R b - - 1 30,60,pL2KZ01P,g7f8,-1092,0,g7f8,1.0,1.0,1.0,1.0,g7f8,g7f8,g7f8,g7f8,0.0,1.0,0.0,False
r6Q/4k2R/3p1r2/2pPq3/1pP5/pP2B3/P2N4/2K5 b - - 5 32,64,pL2KZ01P,f6f7,-573,0,f6f7,1.0,1.0,1.0,1.0,f6f7,f6f7,f6f7,f6f7,0.0,1.0,0.0,False
r7/4kR2/8/2pPp3/1pP5/pP2B3/P2N4/2K5 b - - 0 34,68,pL2KZ01P,e7f7,-521,913,e7f7,0.9995,0.9998,0.9999,0.9999,e7f7,e7f7,e7f7,e7f7,0.0,0.9999,0.0004,False
r1b1k2r/ppppqp1p/2n3p1/2bBp3/4P3/2P2Q2/PP1P1PPP/R1B1K1NR b KQkq - 0 8,16,D1ENgr0p,a7a5,-49,2,a7a6,0.0024,0.0038,0.006,0.0175,d7d6,d7d6,d7d6,d7d6,-14.0,0.0175,0.0151,False
r1b1k2r/bpppqp1p/p1n3p1/3Bp3/1P2P3/2P2Q1N/P2P1PPP/R1B1K2R b KQkq - 2 10,20,D1ENgr0p,d7d6,-8,11,f7f6,0.4461,0.426,0.4183,0.3795,d7d6,d7d6,d7d6,d7d6,0.0,0.4461,-0.0666,False
r1b1k2r/bpp1q2p/p1np1pp1/3Bp3/1P2P3/2PP1Q1N/P4PPP/R1B2RK1 b kq - 1 12,24,D1ENgr0p,h7h5,38,3,c6d8,0.0252,0.0251,0.0353,0.0481,c8e6,c8e6,c8e6,c8e6,71.0,0.0481,0.0229,False
r2nk2r/bpp1q2p/p2pBppB/4p3/1P2P3/2PP1Q1N/P4PPP/R4RK1 b kq - 0 14,28,D1ENgr0p,d8e6,-9,10,d8e6,0.5868,0.657,0.7242,0.7269,d8e6,d8e6,d8e6,d8e6,0.0,0.7269,0.1401,False
r3k2r/Bpp1q3/p2pnpp1/4p2p/1P2P3/2PP1Q1N/P4PPP/R4RK1 b kq - 0 16,32,D1ENgr0p,a8a7,-25,90,a8a7,0.9911,0.9947,0.9962,0.9978,a8a7,a8a7,a8a7,a8a7,0.0,0.9978,0.0067,False
r3k2r/1pp1q3/p2pnpp1/4p2p/1P1PP3/2P1Q2N/P4PPP/R4RK1 b k - 0 18,36,D1ENgr0p,a6a5,-20,4,e8g8,0.0128,0.009,0.0062,0.01,e5d4,e5d4,e5d4,g6g5,-2.0,0.0128,-0.0028,False
r2n1rk1/1pp1q3/p2p1pp1/3Pp2p/1P2PP2/2P1Q2N/P5PP/R4RK1 b - - 0 20,40,D1ENgr0p,g8h7,-99,6,g8g7,0.0109,0.0246,0.0396,0.0484,d8f7,d8f7,d8f7,d8f7,-6.0,0.0484,0.0375,False
r2n1r2/1pp1q1k1/p2p1p2/3PpPpp/1P2P3/2P3QN/P5PP/R4RK1 b - - 1 22,44,D1ENgr0p,f8g8,-69,1,g7h6,0.0359,0.0502,0.0507,0.0384,d8f7,d8f7,d8f7,d8f7,-5.0,0.0507,0.0025,False
r2n1r2/1p2q3/p1pp1p1k/3PpPpp/1PP1P3/6Q1/P4NPP/R4RK1 b - - 0 24,48,D1ENgr0p,d8f7,-89,12,b7b5,0.0556,0.0958,0.1506,0.2349,c6d5,c6d5,c6d5,d8f7,0.0,0.2349,0.1793,False
r2n1r2/5q2/p1pp1p1k/1p1PpPpp/1PP1P3/6QP/P4NP1/R1R3K1 b - - 0 26,52,D1ENgr0p,a6a5,-108,0,b5c4,0.0246,0.0232,0.0235,0.0287,b5c4,b5c4,b5c4,b5c4,68.0,0.0287,0.0041,False
r2n1r2/5q2/p2p1p1k/3PpPpp/1PR5/6QP/P4NP1/R5K1 b - - 0 28,56,D1ENgr0p,a6a5,-156,6,f7d5,0.015,0.0085,0.0045,0.0036,f7d5,f7d5,f7d5,f7d5,-29.0,0.015,-0.0114,False
r4r2/1nR5/p2p1p1k/3qpPpp/1P6/6QP/P4NP1/2R3K1 b - - 3 30,60,D1ENgr0p,f8f7,-210,131,a8b8,0.0607,0.1118,0.1936,0.2735,h5h4,h5h4,f8f7,f8f7,0.0,0.2735,0.2128,False
1r3r2/1nR5/p2p1p1k/3qpPp1/1P4P1/6Q1/P5P1/2R3K1 b - - 0 32,64,D1ENgr0p,f8f7,0,412,f8f7,0.1202,0.139,0.144,0.1462,f8h8,f8h8,f8h8,f8h8,1999.0,0.1462,0.026,False
1r6/1n3Rk1/p2p1p2/3qpPp1/1P4P1/6Q1/P5PK/2R5 b - - 0 34,68,D1ENgr0p,d5f7,337,805,d5f7,0.3642,0.4479,0.51,0.5306,g7f7,g7f7,d5f7,d5f7,0.0,0.5306,0.1664,False
r1b1k2r/pp1p1ppp/1qn2n2/2b1p3/2P5/2N1P3/PPN1BPPP/R1BQK2R b KQkq - 2 8,16,NpBkJhog,e8g8,-53,5,e8g8,0.3892,0.4073,0.4023,0.3876,e8g8,e8g8,e8g8,e8g8,0.0,0.4073,-0.0016,False
r1b2rk1/pp1p1ppp/1qn2n2/2bN4/2P1p3/4P3/PPN1BPPP/R1BQ1RK1 b - - 1 10,20,NpBkJhog,f6d5,-66,71,b6d8,0.8802,0.8976,0.8712,0.804,f6d5,f6d5,f6d5,f6d5,0.0,0.8976,-0.0762,False
r1b2rk1/pp1p1ppp/2n2q2/2bQ4/2P1p3/4P3/PPN1BPPP/R1B2RK1 b - - 1 12,24,NpBkJhog,d7d6,24,92,f6e5,0.3653,0.3966,0.4189,0.4659,d7d6,d7d6,d7d6,d7d6,0.0,0.4659,0.1006,False
r1b2rk1/pp1p1ppp/8/2b1n3/1PP1p3/4P3/P1N1BPPP/R1B2RK1 b - - 0 14,28,NpBkJhog,c5e7,-34,51,c5e7,0.3798,0.5975,0.8232,0.9286,c5e7,c5e7,c5e7,c5e7,0.0,0.9286,0.5488,False
r1b2rk1/pp1p1ppp/5b2/4n3/1PP1p3/4P3/PBN1BPPP/R2R2K1 b - - 4 16,32,NpBkJhog,d7d6,-76,18,e5f3,0.2119,0.1715,0.125,0.1042,d7d6,e5f3,e5f3,e5f3,78.0,0.2119,-0.1077,False
r1b2rk1/pp1p1ppp/8/8/1PP1p3/4PP2/PbN1BP1P/1R1R2K1 b - - 1 18,36,NpBkJhog,e4f3,-159,18,e4f3,0.086,0.1197,0.1533,0.167,b2c3,b2f6,b2f6,b2f6,7.0,0.167,0.081,False
r1b2rk1/pp1p1ppp/8/4b3/1PPN4/4PB2/P4P1P/1R1R2K1 b - - 2 20,40,NpBkJhog,a7a5,-158,10,a8b8,0.0344,0.03,0.0211,0.0239,d7d6,d7d6,d7d6,d7d6,17.0,0.0344,-0.0105,False
1rb2rk1/1p1p1ppp/p2N4/4b3/1PP5/4PB2/P4P1P/1R1R2K1 b - - 1 22,44,NpBkJhog,g7g6,-215,19,e5d6,0.0218,0.0213,0.0246,0.0483,e5d6,e5d6,b7b5,b7b5,116.0,0.0483,0.0265,True
1rb2rk1/1p1p1ppp/p7/4b3/1PP5/3RPB2/P4P1P/3R2K1 b - - 3 24,48,NpBkJhog,d7d6,450,36,d7d6,0.4117,0.5597,0.6839,0.7448,d7d6,d7d6,d7d6,d7d6,0.0,0.7448,0.3331,False
1rb2rk1/1p3p1p/p2p4/3Bb1p1/1PP1P3/3R4/P4P1P/3R2K1 b - - 0 26,52,NpBkJhog,b7b6,468,20,g8g7,0.0946,0.1086,0.1083,0.0965,c8g4,c8e6,c8e6,c8e6,37.0,0.1086,0.0019,False
1rb2r2/1p4kp/p2p1p2/3Bb1p1/1PP1P3/3R4/P4PKP/4R3 b - - 1 28,56,NpBkJhog,c8d7,474,21,b7b6,0.1097,0.1483,0.2056,0.2747,b7b5,b7b5,b7b6,c8d7,0.0,0.2747,0.165,False
1rb2r2/6k1/pp1p1p1p/3Bb1p1/1PP1P2P/3R4/P4PK1/7R b - - 0 30,60,NpBkJhog,a6a5,439,2,c8d7,0.1275,0.0935,0.0772,0.0697,g5g4,g5g4,g5g4,c8d7,13.0,0.1275,-0.0578,False
1r3r2/3b2k1/pp1p1p1p/3Bb3/1PP1P1pP/R7/P4PK1/7R b - - 1 32,64,NpBkJhog,d7c8,444,50,d7c8,0.2306,0.308,0.345,0.3755,a6a5,d7c8,d7c8,d7c8,0.0,0.3755,0.1449,False
1rb2r2/6k1/pp1p1p2/3Bb2p/1PP1P1pP/RR6/P4PK1/8 b - - 1 34,68,NpBkJhog,f6f5,467,1,f6f5,0.4208,0.5247,0.6087,0.6377,f6f5,f6f5,f6f5,f6f5,0.0,0.6377,0.2169,False
rn1qk2r/pbp2ppp/1p1b1n2/3p4/3P4/2N1PNB1/PP3PPP/R2QKB1R b KQkq - 0 8,16,HPECogXp,e8g8,-42,3,e8g8,0.3759,0.4171,0.4735,0.5115,e8g8,e8g8,e8g8,e8g8,0.0,0.5115,0.1356,False
r2q1rk1/pbpn1ppp/1p1b1n2/3p4/3P4/2NBPNB1/PP3PPP/R2Q1RK1 b - - 4 10,20,HPECogXp,d6g3,-34,14,f6e4,0.1902,0.1952,0.1969,0.2826,f6e4,f6e4,f6e4,d6g3,0.0,0.2826,0.0924,False
r2q1rk1/pbpn1ppp/1p1B4/8/3Pp3/2N1PN2/PP3PPP/R2Q1RK1 b - - 0 12,24,HPECogXp,c7d6,-46,100,c7d6,0.8511,0.8108,0.7995,0.7917,c7d6,c7d6,c7d6,c7d6,0.0,0.8511,-0.0594,False
r2q1rk1/pb1n1ppp/1p6/3p4/3Pp3/2N1P3/PP1N1PPP/2RQ1RK1 b - - 1 14,28,HPECogXp,b7a6,0,0,f7f5,0.0428,0.0277,0.0178,0.018,d7f6,d7f6,d7f6,d7f6,0.0,0.0428,-0.0248,False
r2q1rk1/pb4pp/1p3n2/1N1p1p2/3Pp3/1Q2P3/PP1N1PPP/2R2RK1 b - - 3 16,32,HPECogXp,f8f7,-26,3,a7a6,0.0889,0.1513,0.2295,0.3261,b7a6,b7a6,b7a6,f8f7,0.0,0.3261,0.2372,False
1r1q1rk1/1b4pp/pp2Nn2/3p1p2/3Pp3/1Q2P3/PP1N1PPP/2R2RK1 b - - 3 18,36,HPECogXp,d8d6,-314,76,d8d6,0.3933,0.402,0.4131,0.4566,d8e7,d8e7,d8e7,d8d6,0.0,0.4566,0.0633,False
5rk1/1b4pp/pp1q1n2/3p1p2/3PpP2/1Q2P3/PP1N2PP/2R2RK1 b - f3 0 20,40,HPECogXp,a6a5,-289,22,e4f3,0.0341,0.0207,0.0113,0.007,f6g4,f6g4,f6g4,e4f3,81.0,0.0341,-0.0271,False
5rk1/1b4pp/1p1q1n2/p2p1p2/3P4/1QR1PN2/PP4PP/5RK1 b - - 1 22,44,HPECogXp,f6e4,-293,25,b7a6,0.5234,0.6262,0.6774,0.672,f6e4,f6e4,f6e4,f6e4,0.0,0.6774,0.1486,False
5rk1/6pp/1p1q1n2/p2p1p2/2bP4/2R1PN2/PP4PP/2RQ2K1 b - - 5 24,48,HPECogXp,f6e4,-235,73,f6e4,0.3441,0.4526,0.5255,0.5472,f6e4,f6e4,f6e4,f6e4,0.0,0.5472,0.2031,False
5rk1/6pp/1p5q/p2p1p2/2bPn3/1P2PN2/P1R3PP/2RQ2K1 b - - 0 26,52,HPECogXp,h6e3,39,289,h6e3,0.3563,0.4782,0.5924,0.73,h6e3,h6e3,h6e3,h6e3,0.0,0.73,0.3737,False
5rk1/6pp/1p6/p2p1p2/2bP4/1P2qN2/P4RPP/2RQ3K b - - 0 28,56,HPECogXp,e3f2,-462,23,e3f2,0.8953,0.9325,0.954,0.9594,e3f2,e3f2,e3f2,e3f2,0.0,0.9594,0.0641,False
r1bqkb1r/pp1nnp2/2pp3p/4p1p1/2B1P3/3PBN1P/PPP1NPP1/R2QK2R b KQkq - 2 8,16,u9Ht2Q8H,f7f5,-26,26,e7g6,0.0458,0.0202,0.005,0.0022,e7g6,e7g6,e7g6,e7g6,49.0,0.0458,-0.0436,False
r1bqkb1r/p2n1p2/2pp2np/1p2p1p1/4P3/1BPPBN1P/PP2NPP1/R2QK2R b KQkq - 1 10,20,u9Ht2Q8H,d7c5,-119,7,a7a5,0.0735,0.057,0.0558,0.0547,a7a5,a7a5,a7a5,d8f6,87.0,0.0735,-0.0188,False
r1bqkb1r/5p2/2pp2np/pPn1p1p1/4P3/1BPPBN1P/1P2NPP1/R2QK2R b KQkq - 0 12,24,u9Ht2Q8H,c5b3,-123,61,c6b5,0.557,0.6527,0.6523,0.6195,c5b3,c5b3,c5b3,c5b3,0.0,0.6527,0.0625,False
r2qkb1r/1b3p2/3p2np/ppn1p1p1/4P3/2PPBN1P/BP2NPP1/R2QK2R b KQkq - 3 14,28,u9Ht2Q8H,d6d5,-113,1,c5e6,0.0391,0.0187,0.0084,0.0047,b5b4,g6f4,g6f4,c5e6,9.0,0.0391,-0.0344,False
r2qkb1r/1b3p2/3p2np/pp2p1p1/4Pn2/2PPBNNP/BP3PP1/R2Q1RK1 b kq - 7 16,32,u9Ht2Q8H,h6h5,-102,3,b7c8,0.0938,0.1236,0.1378,0.1252,g6h4,b7c8,b7c8,b7c8,108.0,0.1378,0.0314,False
r1b1kb1r/3q1p2/3p2np/pp2p1p1/3PPn2/1QP1BNNP/BP3PP1/R4RK1 b kq - 0 18,36,u9Ht2Q8H,a5a4,26,110,a5a4,0.2973,0.2186,0.1914,0.2249,a5a4,f4h3,f4h3,f4h3,335.0,0.2973,-0.0724,False
r1b1kb1r/3q1p2/3p2np/1p2p1p1/p2PP3/2P1BNNP/BPQ2P2/R4RK1 b kq - 0 20,40,u9Ht2Q8H,d7h3,-122,228,d7h3,0.9258,0.9618,0.9722,0.9773,d7h3,d7h3,d7h3,d7h3,0.0,0.9773,0.0515,False
r1b1kb1r/5p2/3p2np/1p2pNp1/p2PP3/2P1Bq2/BPQ2P2/R2R2K1 b kq - 1 22,44,u9Ht2Q8H,g6h4,366,51,g6h4,0.3161,0.2966,0.2879,0.3246,g6h4,g6f4,g6f4,g6f4,168.0,0.3246,0.0085,False
r3kb1r/5p2/3p3p/1p2pPp1/p2P3n/2P1Bq2/BPQ2P2/R2R1K2 b kq - 0 24,48,u9Ht2Q8H,h4f5,318,47,h4f5,0.3594,0.4318,0.5247,0.5149,h4f5,h4f5,h4f5,h4f5,0.0,0.5247,0.1555,False
r3kb1r/5p2/3p3p/1p2p1p1/p2P4/2P1Pq2/BPQ5/R2R2K1 b kq - 0 26,52,u9Ht2Q8H,f8g7,275,33,f3e3,0.0041,0.0041,0.005,0.0089,f3e3,f3e3,f3e3,f3e3,221.0,0.0089,0.0048,True
r3kb1r/5B2/3p3p/1p2p3/p2P2p1/2P1q3/1PQ3K1/R2R4 b kq - 0 28,56,u9Ht2Q8H,e8f7,301,245,e8d8,0.9432,0.8946,0.8215,0.7452,e8f7,e8f7,e8f7,e8f7,0.0,0.9432,-0.198,False
r2k1b1r/5B2/3p3p/1p2p3/p2Pq1p1/2PR4/1PQ5/R5K1 b - - 4 30,60,u9Ht2Q8H,e5d4,180,75,a8c8,0.1759,0.1441,0.1415,0.1296,e5d4,h6h5,a8a7,a8a7,180.0,0.1759,-0.0463,False
2rk1b1r/5B2/3p3p/1p2q3/p5p1/2PR4/1P1Q4/R5K1 b - - 1 32,64,u9Ht2Q8H,c8c7,102,31,c8c6,0.1372,0.2009,0.2622,0.2912,h8h7,c8c7,c8c7,c8c7,0.0,0.2912,0.154,False
3k1b1r/5B2/2rp3p/1pq5/p5p1/2PR4/1P1Q2K1/4R3 b - - 5 34,68,u9Ht2Q8H,f8e7,-19,24,d8c7,0.3011,0.4546,0.6048,0.6426,f8e7,f8e7,f8e7,f8e7,0.0,0.6426,0.3415,False
r1bqk2r/pp3ppp/2nb1n2/1B1pp3/8/4PN2/PPPB1PPP/RN1QK2R b KQkq - 4 8,16,fhFfK5Rh,e8g8,207,0,e8g8,0.4078,0.4545,0.5255,0.6297,e8g8,e8g8,e8g8,e8g8,0.0,0.6297,0.2219,False
r1bq1rk1/ppb2ppp/2n2n2/1B1pp3/8/2N1PN1P/PPPB1PP1/R2QK2R b KQ - 0 10,20,fhFfK5Rh,a7a6,211,13,d8d6,0.1464,0.1659,0.1815,0.1657,e5e4,e5e4,e5e4,d8d6,3.0,0.1815,0.0193,False
r4rk1/ppb2ppp/2nqbn2/1B1pp1N1/P7/2N1P2P/1PPB1PP1/R2QK2R b KQ - 2 12,24,fhFfK5Rh,e6f5,235,18,d5d4,0.1215,0.1447,0.1703,0.2438,e6d7,e6d7,e6d7,e6f5,0.0,0.2438,0.1223,False
r4rk1/ppb3pp/2nqpn2/1B2p3/P2p4/4P2P/1PPBNPP1/R2QK2R b KQ - 1 14,28,fhFfK5Rh,a8d8,167,26,f6e4,0.0493,0.0635,0.1043,0.1582,f6e4,f6e4,f6e4,f6e4,68.0,0.1582,0.1089,False
r4rk1/p1b3pp/2pqp3/4p3/P2pn3/4P2P/1PPBNPP1/R2Q1RK1 b - - 1 16,32,fhFfK5Rh,c6c5,138,25,f8f6,0.0602,0.0695,0.1078,0.1748,d4e3,d4e3,d4e3,c6c5,0.0,0.1748,0.1146,False
5rk1/p1b3pp/2pqpr2/4p3/P2pn3/R3PP1P/1PPBN1P1/3Q1RK1 b - - 2 18,36,fhFfK5Rh,e4d2,282,143,d6d8,0.2756,0.3044,0.3274,0.3691,e4g5,e4g5,e4g5,e4g5,288.0,0.3691,0.0935,False
3q1rk1/p1b3pp/2p1pr2/6B1/P2pn3/R4P1P/1PP1N1P1/3Q1RK1 b - - 1 20,40,fhFfK5Rh,e4g5,551,37,d8d6,0.8665,0.9295,0.9527,0.9545,e4g5,e4g5,e4g5,e4g5,0.0,0.9545,0.088,False
5rk1/p1b3pp/2pqpr2/6n1/P2N1P2/R6P/1PP3P1/3Q1RK1 b - - 0 22,44,fhFfK5Rh,f6f4,763,203,f6f4,0.5017,0.5359,0.5928,0.6226,f6f4,f6f4,f6f4,f6f4,0.0,0.6226,0.1209,False
5rk1/p1b3pp/2p1p3/6n1/P4q2/R4N1P/1PP3P1/3Q2K1 b - - 1 24,48,fhFfK5Rh,g5f3,796,190,g5f3,0.705,0.7363,0.7093,0.6446,g5f3,g5f3,g5f3,g5f3,0.0,0.7363,-0.0604,False
5rk1/p1b3pp/2p1p3/8/P7/5R1P/1PP2KPq/3Q4 b - - 2 26,52,fhFfK5Rh,c7b6,823,272,h2h1,0.3183,0.3561,0.393,0.4347,f8f3,f8f3,f8f3,f8f3,299.0,0.4347,0.1164,False
5rk1/p5pp/1bp1p3/8/P7/5R1P/1PP1K1P1/7Q b - - 2 28,56,fhFfK5Rh,f8d8,-564,35,f8d8,0.4454,0.556,0.6586,0.7039,f8d8,f8d8,f8d8,f8d8,0.0,0.7039,0.2585,False
5rk1/p5pp/1bp1p3/8/P7/5R1P/1PP1K1P1/7Q b - - 6 30,60,fhFfK5Rh,f8d8,-558,45,f8d8,0.4454,0.556,0.6586,0.7039,f8d8,f8d8,f8d8,f8d8,0.0,0.7039,0.2585,False
r1bqk2r/2p1bppp/p1np1n2/1p2p3/4P3/1BP2N2/PP1P1PPP/RNBQR1K1 b kq - 0 8,16,HQBwT1lS,e8g8,-55,7,e8g8,0.7294,0.6578,0.5946,0.6279,e8g8,e8g8,e8g8,e8g8,0.0,0.7294,-0.1015,False
r2q1rk1/2p1bppp/p1np1n2/1p2p3/P3P1b1/1BPP1N2/1P3PPP/RNBQR1K1 b - - 0 10,20,HQBwT1lS,c6a5,-35,16,h7h6,0.1469,0.2057,0.271,0.2304,b5b4,b5b4,b5b4,c6a5,0.0,0.271,0.0835,False
r2qr1k1/2p1bpp1/p1np1n1p/1p2p3/P2PP1b1/1BP1BN2/1P3PPP/RN1QR1K1 b - - 0 12,24,HQBwT1lS,e5d4,-10,2,e7f8,0.3817,0.406,0.3822,0.1785,e5d4,e5d4,e5d4,e7f8,7.0,0.406,-0.2032,False
r2qrbk1/2p2pp1/p2p1n1p/np1Pp3/P3P1b1/2P1BN2/1PB2PPP/RN1QR1K1 b - - 2 14,28,HQBwT1lS,c7c6,8,12,a5c4,0.0522,0.0482,0.044,0.0712,a5c4,a5c4,a5c4,a5c4,14.0,0.0712,0.019,False
r2qrbk1/2p2pp1/p2p1n1p/1p1Pp3/P3P1b1/N1P1BN2/1nB2PPP/R1Q1R1K1 b - - 1 16,32,HQBwT1lS,b2a4,219,118,g4f3,0.5869,0.6088,0.614,0.6005,b2a4,b2a4,b2a4,b2a4,0.0,0.614,0.0136,False
r2qrbk1/2p2pp1/p2p1n1p/1p1Pp3/P3B3/N1P1B3/1Q3PPP/R3R1K1 b - - 0 18,36,HQBwT1lS,f6e4,103,322,f6e4,0.9593,0.9748,0.9801,0.9779,f6e4,f6e4,f6e4,f6e4,0.0,0.9801,0.0186,False
r2qrbk1/2p3p1/P2p3p/3Ppp2/4n3/N1P1B3/1Q3PPP/R3R1K1 b - - 0 20,40,HQBwT1lS,a8a6,120,93,a8a6,0.7525,0.7288,0.7238,0.7159,a8a6,a8a6,a8a6,a8a6,0.0,0.7525,-0.0366,False
3qrbk1/2p3p1/3p3p/1N1Ppp2/4n3/2P1B3/1Q3PPP/R5K1 b - - 0 22,44,HQBwT1lS,f5f4,127,29,d8d7,0.6378,0.6421,0.6302,0.6147,f5f4,f5f4,f5f4,f5f4,0.0,0.6421,-0.0231,False
4rbk1/R2q2p1/2pp3p/1N1Ppp2/2P1n3/4B3/1Q3PPP/6K1 b - - 1 24,48,HQBwT1lS,d7c8,0,147,d7c8,0.5208,0.5917,0.6409,0.6591,d7c8,d7c8,d7c8,d7c8,0.0,0.6591,0.1383,False
2q2bk1/R3r1p1/2ppN2p/3Ppp2/2P1n3/4B3/1Q3PPP/6K1 b - - 5 26,52,HQBwT1lS,e7a7,265,16,e7a7,0.6182,0.6731,0.7215,0.7506,e7a7,e7a7,e7a7,e7a7,0.0,0.7506,0.1324,False
2q2Nk1/B5p1/3p3p/3ppp2/2P1n3/8/1Q3PPP/6K1 b - - 0 28,56,HQBwT1lS,g8f8,270,20,c8f8,0.303,0.3299,0.3873,0.4378,c8f8,c8f8,c8f8,g8f8,0.0,0.4378,0.1348,False
1Q4k1/B4qp1/3p3p/3Ppp2/4n3/8/5PPP/6K1 b - - 2 30,60,HQBwT1lS,g8h7,264,168,g8h7,0.7602,0.874,0.9287,0.9492,g8h7,g8h7,g8h7,g8h7,0.0,0.9492,0.189,False
8/B4qpk/3Q3p/3Ppp2/8/2n2P2/6PP/6K1 b - - 0 32,64,HQBwT1lS,f7a7,1991,1602,f7d5,0.409,0.4459,0.4794,0.5273,f7a7,f7a7,f7a7,f7a7,0.0,0.5273,0.1183,False
8/B5pk/7p/3npp2/8/5P2/5KPP/8 b - - 1 34,68,HQBwT1lS,h7g6,61,2,h7g6,0.2353,0.3509,0.4101,0.4703,g7g5,h7g6,h7g6,h7g6,0.0,0.4703,0.235,False
r1bq1rk1/ppppbppp/2nn4/4N3/8/2NB4/PPPP1PPP/R1BQR1K1 b - - 4 8,16,LQlUmOCe,c6e5,2,31,c6e5,0.8123,0.862,0.8431,0.7716,c6e5,c6e5,c6e5,c6e5,0.0,0.862,-0.0407,False
r1bq1rk1/pppp1ppp/3n1b2/8/8/2NBR3/PPPP1PPP/R1BQ2K1 b - - 2 10,20,LQlUmOCe,f6g5,-22,8,f8e8,0.0772,0.0719,0.0521,0.0315,f6d4,f6d4,b7b6,b7b6,435.0,0.0772,-0.0457,False
r1bqr3/pppp1ppk/3n1b2/8/8/2N4R/PPPP1PPP/R1BQ2K1 b - - 1 12,24,LQlUmOCe,h7g8,351,228,h7g8,0.9551,0.9585,0.9384,0.8944,h7g8,h7g8,h7g8,h7g8,0.0,0.9585,-0.0607,False
r1bqr1k1/pppp1p2/3n1bp1/8/8/2NP2PR/PPP2P1P/R1BQ2K1 b - - 0 14,28,LQlUmOCe,b7b6,450,39,d6f5,0.0872,0.0743,0.0563,0.059,d6f5,d6f5,d6f5,d6f5,89.0,0.0872,-0.0282,False
r1bqr1k1/pppp1p2/5bpR/8/8/2NP2P1/PPP2P1P/R2Q2K1 b - - 0 16,32,LQlUmOCe,d7d5,565,18,f6g7,0.0909,0.106,0.1346,0.2014,f6g7,f6g7,g8g7,g8g7,42.0,0.2014,0.1105,False
r1bqr1k1/ppp2pb1/6p1/3p4/7R/2NP1QP1/PPP2P1P/R5K1 b - - 1 18,36,LQlUmOCe,c7c6,500,25,c8e6,0.1638,0.2284,0.3282,0.4488,d5d4,d5d4,c7c6,c7c6,0.0,0.4488,0.285,False
r2qr1k1/pp3pb1/2p1b1p1/3p4/7R/3P1QP1/PPP1NP1P/4R1K1 b - - 1 20,40,LQlUmOCe,d8a5,481,8,d8f6,0.0611,0.0611,0.0562,0.0518,g7b2,g7b2,d8f6,d8f6,30.0,0.0611,-0.0093,False
r3r1k1/pp3pb1/2p1bq2/3p2pQ/5N1R/3P2P1/PPP2P1P/4R1K1 b - - 1 22,44,LQlUmOCe,g5h4,639,38,g5f4,0.8007,0.8735,0.8969,0.8891,g5h4,g5h4,g5h4,g5h4,0.0,0.8969,0.0884,False
r3rk2/pp3pbQ/2p1bq2/3p4/5R2/3P2P1/PPP2P1P/4R1K1 b - - 0 24,48,LQlUmOCe,f6h6,610,48,f6h6,0.3164,0.3909,0.4284,0.4286,f6h6,f6h6,f6h6,f6h6,0.0,0.4286,0.1122,False
r1bqr1k1/ppp1bppp/2np1n2/4p1B1/4P3/1BPP1N2/PP1N1PPP/R2QK2R b KQ - 3 8,16,XPd7mHZC,h7h6,-14,1,c8g4,0.2049,0.1819,0.1565,0.2003,c8g4,c8g4,c8g4,c8g4,39.0,0.2049,-0.0046,False
r2qr1k1/ppp1bppp/3p1n2/n3p1B1/4P1b1/2PP1N2/PPB2PPP/R2QKN1R b KQ - 7 10,20,XPd7mHZC,g4e6,-35,1,g4f3,0.0069,0.0046,0.0021,0.001,d6d5,d6d5,a5c6,a5c6,12.0,0.0069,-0.0059,False
r2qr1k1/pppnbppp/3p4/n3p1B1/4P2P/2PP1Q2/PPB2PP1/R3KN1R b KQ - 0 12,24,XPd7mHZC,e7g5,-108,57,e7f6,0.6495,0.7226,0.7125,0.6271,e7g5,e7g5,e7g5,e7g5,0.0,0.7226,-0.0224,False
r2qr1k1/pp1n1ppp/2pp1b2/n3pNB1/4P2P/2PP1Q2/PPB2PP1/R3K2R b KQ - 1 14,28,XPd7mHZC,b7b5,-254,8,d7f8,0.0599,0.0787,0.0831,0.0742,f6g5,f6g5,f6g5,f6g5,163.0,0.0831,0.0143,False
r2qr1k1/pp3ppp/2ppnB2/n3pN2/4P1PP/2PP1Q2/PPB2P2/R3K2R b KQ - 0 16,32,XPd7mHZC,d8f6,-348,61,d8f6,0.8735,0.9431,0.9445,0.9146,d8f6,d8f6,d8f6,d8f6,0.0,0.9445,0.0411,False
r3r1k1/pp3ppp/2pp1q2/n3pNP1/4P3/2PP1Q2/PPB2P2/R3K2R b KQ - 0 18,36,XPd7mHZC,f6g6,-587,43,f6g5,0.1024,0.0953,0.0916,0.1086,f6g5,f6g5,f6g5,f6g5,63.0,0.1086,0.0062,False
r3r1k1/pp3ppp/3p4/n1p1pNq1/4P3/2PP1Q2/PPB1KP2/6RR b - - 1 20,40,XPd7mHZC,g5g6,-861,1,g5f6,0.0034,0.0019,0.0011,0.0007,g5f6,g5f6,g5f6,g5f6,165.0,0.0034,-0.0027,True
r3r1k1/pp3pNp/3p4/n1p1p3/4P3/2PP1Q2/PPB1KP2/7R b - - 0 22,44,XPd7mHZC,g8g7,-757,93,g8g7,0.8847,0.9286,0.941,0.9301,g8g7,g8g7,g8g7,g8g7,0.0,0.941,0.0454,False
r1bqk2r/ppp2pp1/1bnp1n1p/4p3/1PB1P3/2PPBN1P/P4PP1/RN1QK2R b KQkq - 2 8,16,P99Uld5o,b6e3,-2,1,b6e3,0.6255,0.5684,0.3453,0.1584,b6e3,b6e3,b6e3,e8g8,5.0,0.6255,-0.4671,False
r1bq1rk1/ppp2pp1/2np1n1p/4p3/1PB1P3/2PPPN1P/P5P1/RN1Q1RK1 b - - 2 10,20,P99Uld5o,c6e7,-11,7,c6e7,0.0308,0.0617,0.1113,0.2145,a7a6,a7a6,a7a6,c8e6,28.0,0.2145,0.1837,False
r1bq1rk1/ppp2pp1/3p1nnp/4p3/PPB1P3/2PPPN1P/3N2P1/R2Q1RK1 b - - 0 12,24,P99Uld5o,c7c6,14,21,c7c6,0.1669,0.2114,0.2516,0.2894,f6h5,c7c6,c7c6,c7c6,0.0,0.2894,0.1225,False
r1bq1rk1/1p3pp1/2pp1nnp/pP2p3/P1B1P3/2PPPN1P/3NQ1P1/R4RK1 b - - 0 14,28,P99Uld5o,c8d7,23,3,c6b5,0.0731,0.0878,0.0963,0.0737,c6b5,d6d5,d6d5,d6d5,5.0,0.0963,0.0006,False
r2q1rk1/1p1b1pp1/3p1nnp/pP2p3/2B1P3/2PPPN1P/3NQ1P1/RR4K1 b - - 2 16,32,P99Uld5o,a8c8,15,21,b7b6,0.0142,0.007,0.0068,0.0123,b7b6,b7b6,b7b6,b7b6,48.0,0.0142,-0.0019,False
r2q1rk1/5pp1/1p1pBnnp/pP2p3/4P3/2PPPN1P/4Q1P1/RR3NK1 b - - 0 18,36,P99Uld5o,f7e6,35,423,f7e6,0.999,0.9998,0.9999,1.0,f7e6,f7e6,f7e6,f7e6,0.0,1.0,0.001,False
2rq1rk1/6p1/1p1ppnnp/pP2p3/2P1P3/3PPNNP/4Q1P1/RR4K1 b - - 0 20,40,P99Uld5o,f6d7,46,7,d8d7,0.0578,0.069,0.0724,0.0956,d6d5,d6d5,d6d5,d6d5,10.0,0.0956,0.0378,False
2r2rk1/3q2p1/1p2pnnp/pP1Pp3/2P5/3PP1NP/4Q1PN/RR4K1 b - - 0 22,44,P99Uld5o,e6d5,52,94,e6d5,0.9924,0.9958,0.998,0.9991,e6d5,e6d5,e6d5,e6d5,0.0,0.9991,0.0067,False
5rk1/3q2p1/1p3nnp/pPrpp3/2P1P3/3P2NP/4Q1PN/R2R2K1 b - - 0 24,48,P99Uld5o,d5c4,162,41,d5c4,0.2214,0.185,0.1567,0.1281,d5d4,d5d4,d5d4,g6f4,56.0,0.2214,-0.0933,False
5rk1/2q3p1/1p3nnp/pPr1p3/2P1P3/6NP/4Q1PN/R1R3K1 b - - 2 26,52,P99Uld5o,g6f4,166,49,g6f4,0.7057,0.7269,0.7233,0.7264,g6f4,g6f4,g6f4,g6f4,0.0,0.7269,0.0207,False
3r2k1/2q3p1/1p3n1p/pPr1p3/2P1Pn2/5NNP/2Q3P1/R1R3K1 b - - 6 28,56,P99Uld5o,d8c8,185,6,f4d3,0.1395,0.1955,0.27,0.3238,f4d3,f4d3,f4d3,d8c8,0.0,0.3238,0.1843,False
3r2k1/2q3p1/1p3n1p/pP2p3/2r1P3/3n1NNP/4Q1P1/R2R2K1 b - - 1 30,60,P99Uld5o,c4c3,210,107,c4c2,0.0681,0.0676,0.0623,0.0573,d3f4,d3f4,d3f4,d3f4,565.0,0.0681,-0.0108,False
3R2k1/2q3p1/1p3n1p/pP2p3/4P3/4QNNP/1nr3P1/R5K1 b - - 0 32,64,P99Uld5o,c7d8,-346,72,c7d8,0.9955,0.9975,0.9982,0.9982,c7d8,c7d8,c7d8,c7d8,0.0,0.9982,0.0027,False
3q2k1/6p1/1p3n1p/pP2N3/2n1P3/1Q4NP/2r3P1/R5K1 b - - 2 34,68,P99Uld5o,d8d2,548,54,d8d2,0.1646,0.1124,0.0659,0.041,d8d4,d8d4,d8d4,d8d4,26.0,0.1646,-0.1236,False
r1bqkb1r/1p4pp/p1np1p1n/2p1p3/8/1P1BP2N/PBPP1PP1/RN1QK2R b KQkq - 1 8,16,5Nk2VPjJ,d6d5,208,15,c8f5,0.0431,0.0394,0.0418,0.052,c8h3,c8h3,c8f5,c8e6,22.0,0.052,0.0089,False
r2qkb1r/1p4pp/p1np1p2/2p1pn2/3P4/1P2P2N/PBP2PP1/RN1QK2R b KQkq - 0 10,20,5Nk2VPjJ,c5d4,230,154,f5h6,0.4731,0.6151,0.7362,0.8295,c5d4,c5d4,c5d4,c5d4,0.0,0.8295,0.3564,False
r2qkb1r/1p4pp/p2p1p1n/2p1n3/8/1PN1P2N/PBP2PP1/R2QK2R b KQkq - 1 12,24,5Nk2VPjJ,d8e7,-168,4,f8e7,0.012,0.014,0.0151,0.0108,f8e7,f8e7,f8e7,f8e7,120.0,0.0151,-0.0012,True
r2q1rk1/1p2b1pp/p2p1p1n/2p1n3/5N2/1P2P2N/PBP2PP1/R2QK2R b KQ - 5 14,28,5Nk2VPjJ,d8a5,-69,15,h6f7,0.2039,0.1475,0.0669,0.0298,d8d7,d8d7,d8d7,d8d7,34.0,0.2039,-0.1741,False
r4rk1/1p2bnpp/p2pNp2/q1p1n3/1P6/4P2N/PBP2PP1/R2QK2R b KQ - 0 16,32,5Nk2VPjJ,a5b4,356,331,a5b4,0.8775,0.8817,0.8681,0.8643,a5b4,a5b4,a5b4,a5b4,0.0,0.8817,-0.0132,False
r4Nk1/1p2bnpp/p2p1p2/2p1n3/8/2P1P2N/Pq3PP1/R2QK2R b KQ - 0 18,36,5Nk2VPjJ,b2c3,481,40,e7f8,0.3856,0.5448,0.6257,0.6632,b2c3,b2c3,b2c3,b2c3,0.0,0.6632,0.2776,False
r4bk1/1p3npp/pq1p1p2/2p1n3/8/2P1P2N/P4PP1/1R1Q1RK1 b - - 3 20,40,5Nk2VPjJ,b6c6,396,16,b6c6,0.4636,0.431,0.3971,0.4191,b6c6,b6c7,b6c7,b6c7,15.0,0.4636,-0.0445,False
r4bk1/5npp/p1qp1p2/1pp1n3/8/2P1P2N/PR3PP1/3Q1RK1 b - - 1 22,44,5Nk2VPjJ,e5c4,475,4,f8e7,0.2194,0.2288,0.2181,0.1684,e5c4,e5c4,e5c4,d6d5,23.0,0.2288,-0.051,False
r5k1/4bnpp/p1q2p2/1ppNn3/8/2P1P3/PR3PP1/3Q1RK1 b - - 0 24,48,5Nk2VPjJ,e7f8,406,27,e7d6,0.1268,0.1866,0.3269,0.5064,a8d8,a8d8,e7f8,e7f8,0.0,0.5064,0.3796,False
r5k1/5npp/p1qb1p2/1ppN4/2n2P2/2P1P3/P3R1P1/3Q1RK1 b - - 2 26,52,5Nk2VPjJ,a8d8,397,9,a8d8,0.1563,0.1871,0.2078,0.2047,a8e8,a8e8,a8e8,a8e8,25.0,0.2078,0.0484,False
1b1r2k1/4Nnpp/p1q2p2/1pp5/2n1PP2/2P5/P3R1P1/3Q1RK1 b - - 2 28,56,5Nk2VPjJ,g8f8,-230,147,g8f8,0.7952,0.748,0.7523,0.818,g8f8,g8f8,g8f8,g8f8,0.0,0.818,0.0228,False
1b3k2/5npp/p1N2p2/1pp5/2n1PP2/2P5/P3R1P1/3R2K1 b - - 0 30,60,5Nk2VPjJ,b8f4,-235,298,b8f4,0.6076,0.6164,0.6283,0.5872,b8f4,b8f4,b8f4,b8f4,0.0,0.6283,-0.0204,False
5k2/R5pp/p1N2p2/1pp3n1/2n1Pb2/2P5/P3R1P1/6K1 b - - 3 32,64,5Nk2VPjJ,f4e3,-234,82,f4e3,0.1892,0.2263,0.2614,0.2804,f4e3,f4e3,f4e3,f4e3,0.0,0.2804,0.0912,False
5k2/R5pp/p1N2p2/1pp5/2n1n3/2P1R3/P5P1/5K2 b - - 0 34,68,5Nk2VPjJ,c4e3,10,527,c4e3,0.9133,0.9588,0.9792,0.9866,c4e3,c4e3,c4e3,c4e3,0.0,0.9866,0.0733,False
r1bqk2r/pp2npbp/2npp1p1/2p5/4PP2/2NPBNP1/PPP3BP/R2QK2R b KQkq - 1 8,16,F0RhJbp7,e8g8,18,1,e8g8,0.6728,0.607,0.5586,0.6042,e8g8,e8g8,e8g8,e8g8,0.0,0.6728,-0.0686,False
r1bq1rk1/p3npbp/1pnpp1p1/2p1P3/5P2/2NPBNP1/PPP3BP/R2Q1RK1 b - - 0 10,20,F0RhJbp7,a8b8,75,6,d6e5,0.0135,0.0111,0.0088,0.0043,d6e5,d6e5,d6e5,d6e5,16.0,0.0135,-0.0092,False
r2q1rk1/pb2npbp/1pN1p1p1/2p5/5P2/2NPB1P1/PPP3BP/R2Q1RK1 b - - 0 12,24,F0RhJbp7,e7c6,98,16,b7c6,0.6921,0.7393,0.802,0.8485,e7c6,e7c6,e7c6,e7c6,0.0,0.8485,0.1564,False
r2q1rk1/p4pbp/1pn1p1p1/2p5/5P2/2NPBQP1/PPP4P/R4RK1 b - - 1 14,28,F0RhJbp7,a8c8,98,10,c6d4,0.1129,0.1156,0.1327,0.1399,c6d4,c6d4,c6d4,c6d4,12.0,0.1399,0.027,False
r2q1rk1/p4p1p/1p2p1p1/2p5/3b1P2/2NP1QP1/PPP3KP/R4R2 b - - 1 16,32,F0RhJbp7,b6b5,105,31,d8d7,0.0149,0.0087,0.0048,0.0032,d4c3,d4c3,d8f6,d8d7,39.0,0.0149,-0.0117,False
r4rk1/p3qp1p/1p2p1p1/2p5/3bNP2/3P1QP1/PPP3KP/1R3R2 b - - 5 18,36,F0RhJbp7,e7d7,46,14,f7f5,0.0057,0.0045,0.0033,0.0022,f7f5,f7f5,f7f5,a8d8,12.0,0.0057,-0.0035,False
r4rk1/p3q1bp/1p2p1p1/2p2p2/5P2/3P1QP1/PPPN2KP/1R2R3 b - - 3 20,40,F0RhJbp7,e7d7,-22,1,e7d7,0.0257,0.0336,0.0422,0.0498,a8d8,a8d8,a8d8,a8d8,-1.0,0.0498,0.0241,False
r4rk1/p5bp/1p2R1p1/2p2p2/q1N2P2/3P1QP1/PPP3KP/1R6 b - - 0 22,44,F0RhJbp7,a4c2,350,381,a4c2,0.7184,0.7507,0.7838,0.7921,a4c2,a4c2,a4c2,a4c2,0.0,0.7921,0.0737,False
r4rk1/p5bp/1p4p1/2pQ1p2/2N2P2/3P2P1/PP2R1KP/1q6 b - - 1 24,48,F0RhJbp7,g8h8,447,501,g8h8,0.9421,0.9938,0.9991,0.9995,g8h8,g8h8,g8h8,g8h8,0.0,0.9995,0.0574,False
r4r1k/p3R1b1/1p1N2pp/2pQ1p2/5P2/3P2P1/PP4KP/1q6 b - - 1 26,52,F0RhJbp7,b1b2,451,32,b1b2,0.766,0.8044,0.8379,0.8602,b1b2,b1b2,b1b2,b1b2,0.0,0.8602,0.0942,False
r4r1k/pQ2R1b1/1p1N1qpp/2p2p2/5P2/3P2PK/P6P/8 b - - 3 28,56,F0RhJbp7,a8b8,482,23,a8e8,0.0438,0.0466,0.0531,0.0711,f6d6,f6d6,f6d6,f6d6,-40.0,0.0711,0.0273,False
4R2k/pQ4b1/1p3qpp/2p2p2/5P2/3P2PK/P6P/8 b - - 0 30,60,F0RhJbp7,h8h7,-400,19,h8h7,0.7921,0.835,0.8562,0.8658,h8h7,h8h7,h8h7,h8h7,0.0,0.8658,0.0737,False
8/Q3R1bk/1p3q1p/2p2pp1/5P2/3P2PK/P6P/8 b - - 0 32,64,F0RhJbp7,g5g4,0,0,g5g4,0.5646,0.558,0.5451,0.5232,g5g4,g5g4,g5g4,g5g4,0.0,0.5646,-0.0414,False
8/Q3R1bk/1pq4p/2p2p2/5Pp1/3P2P1/P4K1P/8 b - - 3 34,68,F0RhJbp7,c6f3,0,456,c6f3,0.8733,0.9595,0.9814,0.9877,c6f3,c6f3,c6f3,c6f3,0.0,0.9877,0.1144,False
r1bqk2r/pp2ppbp/2np1np1/8/4P3/2NQ1N2/PPP1BPPP/R1B2RK1 b kq - 3 8,16,SQVleR2w,c8g4,-22,2,e8g8,0.0457,0.0497,0.0497,0.0297,e8g8,e8g8,e8g8,e8g8,-2.0,0.0497,-0.016,False
r1bq1rk1/pp2ppb1/2np1npp/8/4P2P/2NQBN2/PPP1BPP1/R4RK1 b - - 1 10,20,SQVleR2w,f6g4,42,9,c8d7,0.1924,0.2868,0.426,0.5229,c8g4,f6g4,f6g4,f6g4,0.0,0.5229,0.3305,False
r2q1rk1/1p1bppb1/p1np1npp/8/3NP2P/2NQB3/PPP1BPP1/3R1RK1 b - - 1 12,24,SQVleR2w,c6e5,38,28,g8h7,0.1504,0.2054,0.2439,0.1822,c6e5,c6e5,c6e5,a8c8,29.0,0.2439,0.0318,False
r2q1r2/3bppbk/p1pp1npp/8/4PP1P/2NQB3/PPP1B1P1/3R1RK1 b - - 0 14,28,SQVleR2w,f6g4,34,38,d7g4,0.1566,0.1951,0.2414,0.2561,h6h5,d7g4,f6g4,f6g4,0.0,0.2561,0.0995,False
r2q1r2/4ppbk/p1p2npp/4P3/6bP/2NQB3/PPP1B1P1/3R1RK1 b - - 0 16,32,SQVleR2w,d8d3,0,117,g4e2,0.6458,0.6672,0.672,0.7099,d8d3,d8d3,d8d3,d8d3,0.0,0.7099,0.0641,False
r2q1r2/4ppbk/p1p3pp/3nP2P/8/2N1B3/PPP1Q1P1/3R1RK1 b - - 0 18,36,SQVleR2w,d5c3,-31,55,d5e3,0.1274,0.1436,0.165,0.1722,g7e5,g7e5,g7e5,e7e6,255.0,0.1722,0.0448,False
rn1qkb1r/pp3ppp/2p1pn2/8/2BP1Bb1/2N2N2/PPP3PP/R2Q1RK1 b kq - 1 8,16,z58tIqyy,f8e7,112,3,f8d6,0.1889,0.2789,0.3639,0.3919,f8d6,f8d6,f8e7,f8e7,0.0,0.3919,0.203,False
r2qk2r/pp1n1ppp/2pbpn2/6B1/2BPN1b1/5N2/PPP3PP/R2Q1RK1 b kq - 5 10,20,z58tIqyy,d6h2,131,24,d6e7,0.0165,0.015,0.013,0.0139,d8c7,d8c7,d6e7,d6e7,25.0,0.0165,-0.0026,False
r2qk2r/pp1nbpp1/2p1pB1p/8/2BP2b1/5NN1/PPP3PP/R2Q1RK1 b kq - 0 12,24,z58tIqyy,g7f6,214,38,d7f6,0.0088,0.0048,0.0039,0.0036,d7f6,d7f6,d7f6,d7f6,59.0,0.0088,-0.0052,False
r2q1rk1/pp2bpp1/2p1pn1p/8/2BP2b1/2P2NN1/PP4PP/R3QRK1 b - - 2 14,28,z58tIqyy,g4f3,179,7,g4f3,0.1012,0.0899,0.0944,0.1032,b7b5,b7b5,d8b6,c6c5,8.0,0.1032,0.002,False
r2q1rk1/pp2bpp1/2p1p2p/3n4/2BPQ3/2P2PN1/PP5P/R4RK1 b - - 2 16,32,z58tIqyy,e7d6,244,11,d5f6,0.0747,0.077,0.098,0.16,d5f6,d5f6,d5f6,d5f6,4.0,0.16,0.0853,False
r4rk1/ppq1bpp1/2p1pn1p/8/2BP4/2P2PN1/PP2QK1P/R4R2 b - - 6 18,36,z58tIqyy,c6c5,339,24,e7d6,0.0977,0.0801,0.0881,0.1455,e7d6,e7d6,e7d6,e7d6,91.0,0.1455,0.0478,False
r4rk1/ppq2p2/2pbpnpp/8/2BP4/2P2PN1/PP2QKRP/R7 b - - 1 20,40,z58tIqyy,g8g7,308,38,d6g3,0.0308,0.0582,0.0911,0.1357,d6g3,g8h7,g8h7,g8h7,57.0,0.1357,0.1049,False
r4rk1/ppq2p2/2p1p1pp/7n/2BP2R1/2P2P2/PP2QK1P/R7 b - - 2 22,44,z58tIqyy,c7h2,372,25,c7h2,0.7352,0.8248,0.8678,0.8995,c7h2,c7h2,c7h2,c7h2,0.0,0.8995,0.1643,False
r4rk1/pp3p2/2p1p1pp/7n/2BP2R1/2P2P2/PP2K3/R7 b - - 0 24,48,z58tIqyy,g8g7,397,2,h5f6,0.0626,0.1256,0.2048,0.3243,h5f6,h5f6,h5f6,h5f6,0.0,0.3243,0.2617,False
r4rk1/pp3p2/2p1pnp1/7p/2BP4/2P2PR1/PP2K3/6R1 b - - 1 26,52,z58tIqyy,f6d5,372,1,g8h7,0.0997,0.1425,0.1682,0.1305,b7b5,b7b5,g8h7,g8h7,7.0,0.1682,0.0308,False
r5r1/pp3p1k/2p1pnp1/6Rp/3P4/2PB1P2/PP2K3/6R1 b - - 5 28,56,z58tIqyy,a7a5,376,3,h7h6,0.0205,0.0174,0.0117,0.0097,h7h6,h7h6,h7h6,h7h6,9.0,0.0205,-0.0108,False
r5r1/pp3p2/2p1p1pk/3n2Rp/3P4/2PB1P2/PP1K4/7R b - - 9 30,60,z58tIqyy,h6g5,688,195,f7f6,0.8077,0.8119,0.8302,0.8623,h6g5,h6g5,h6g5,h6g5,0.0,0.8623,0.0546,False
r5r1/pp6/2p1pppk/7p/3P1n2/2P2PR1/PPBK4/7R b - - 3 32,64,z58tIqyy,g6g5,474,20,g6g5,0.1898,0.1855,0.1871,0.1717,f6f5,f6f5,f6f5,f6f5,14.0,0.1898,-0.0181,False
r3r3/pp6/2p1pp1k/6pp/P2P1n2/1BP2PR1/1P1K4/7R b - - 0 34,68,z58tIqyy,e8e7,488,21,h5h4,0.007,0.0144,0.0259,0.037,h5h4,h5h4,h5h4,h5h4,71.0,0.037,0.03,False
r1bq1rk1/pppn1pbp/3p1np1/4P3/2P5/P1N1PN2/1P2BPPP/R1BQK2R b KQ - 0 8,16,UGZv44oL,d6e5,20,27,d6e5,0.8028,0.7549,0.728,0.847,d6e5,d6e5,d6e5,d6e5,0.0,0.847,0.0442,False
r1b2rk1/pppnqpbp/5np1/4p3/2P1P3/P1N2N2/1P2BPPP/R1BQ1RK1 b - - 2 10,20,UGZv44oL,c7c6,19,3,f8d8,0.2098,0.2585,0.3965,0.7306,f8d8,f8d8,c7c6,c7c6,0.0,0.7306,0.5208,False
r1br2k1/ppp1qpbp/5np1/2n1p3/1PP1P3/P1N2N2/2Q1BPPP/R1B2RK1 b - - 0 12,24,UGZv44oL,c5e6,-32,110,c5e4,0.5698,0.6347,0.7445,0.8884,c5e6,c5e6,c5e6,c5e6,0.0,0.8884,0.3186,False
r1br2k1/ppp1qpbp/6p1/4p3/1PP1Q3/P4N2/4BPPP/R1B2RK1 b - - 0 14,28,UGZv44oL,a7a5,-271,8,c8f5,0.0094,0.0081,0.0059,0.0082,c8f5,c8f5,c8f5,f7f5,3.0,0.0094,-0.0012,False
r2r2k1/pQp1qpbp/6p1/5b2/1PP1p3/P4N2/R3BPPP/2B2RK1 b - - 1 16,32,UGZv44oL,a8b8,-33,71,e4f3,0.007,0.0022,0.001,0.0012,e4f3,e4f3,e4f3,e4f3,70.0,0.007,-0.0058,False
r2r2k1/pQp1qpbp/6p1/8/1PP5/P2b1B2/R4PPP/2BR2K1 b - - 2 18,36,UGZv44oL,d3e4,375,390,d3c4,0.0148,0.0105,0.0076,0.007,d3c4,d3c4,d3c4,d3c4,446.0,0.0148,-0.0078,True
r2R2k1/pQp1qp1p/6p1/8/1Pb5/P1b2B2/5PPP/2BR2K1 b - - 0 20,40,UGZv44oL,a8d8,-28,574,a8d8,0.9789,0.99,0.9944,0.9958,a8d8,a8d8,a8d8,a8d8,0.0,0.9958,0.0169,False
3q2k1/pQp2p1p/6pB/8/1Pb5/P1b2B2/5PPP/6K1 b - - 1 22,44,UGZv44oL,c3d2,-10,8,a7a5,0.0208,0.0205,0.0182,0.0162,c3g7,c3g7,c3g7,c3g7,175.0,0.0208,-0.0046,True
3q2k1/2p2p1p/2Q3pB/8/1Pb5/2b2B2/5PPP/6K1 b - - 0 24,48,UGZv44oL,c3g7,-23,406,c3b4,0.0759,0.0935,0.1033,0.0928,c3b4,c3b4,c4e6,c4e6,553.0,0.1033,0.0169,False
6k1/2p1qp1p/6pB/8/1b2Q3/5B2/5PPP/6K1 b - - 2 26,52,UGZv44oL,e7e4,-439,18,f7f5,0.5462,0.5535,0.5201,0.4937,e7e4,e7e4,e7e4,e7e4,0.0,0.5535,-0.0525,False
6k1/2p1b2p/6pB/3B1p2/8/8/5PPP/6K1 b - - 1 28,56,UGZv44oL,g8h8,-445,0,g8h8,1.0,1.0,1.0,1.0,g8h8,g8h8,g8h8,g8h8,0.0,1.0,0.0,False
7k/2p2B1p/5bpB/5p2/8/8/5PPP/5K2 b - - 5 30,60,UGZv44oL,f6g7,-435,0,f6g7,0.2388,0.2286,0.1729,0.1351,c7c5,c7c5,c7c5,g6g5,86.0,0.2388,-0.1037,False
8/2p3kp/6p1/5p2/2B5/8/5PPP/5K2 b - - 1 32,64,UGZv44oL,g7f6,-406,9,g7f6,0.6495,0.7839,0.8308,0.8398,g7f6,g7f6,g7f6,g7f6,0.0,0.8398,0.1903,False
8/2p4p/6p1/4kp2/2B5/3K4/5PPP/8 b - - 5 34,68,UGZv44oL,g6g5,-412,4,g6g5,0.1183,0.1446,0.2226,0.2958,e5f4,c7c5,g6g5,g6g5,0.0,0.2958,0.1775,False
rn1qk2r/pbpp2p1/1p2pn1p/5p2/PbPP4/5NP1/1PQ1PPBP/RNB2RK1 b kq - 2 8,16,B8QesDiA,b7e4,-16,0,b7e4,0.1117,0.1145,0.1054,0.0634,e8g8,a7a5,a7a5,a7a5,3.0,0.1145,-0.0483,False
rn1qk2r/2pp2p1/1p2pn1p/p4p2/PbPPb3/1Q3NP1/1P1BPPBP/RN3RK1 b kq - 1 10,20,B8QesDiA,b8c6,-1,1,b4d2,0.1844,0.1607,0.1558,0.1473,b4d2,b4d2,b4d2,b4d2,40.0,0.1844,-0.0371,False
rn1qk2r/3p2p1/1p2pn1p/p1pP1p2/P1P1b3/1Q3NP1/1P1NPPBP/R4RK1 b kq - 0 12,24,B8QesDiA,e6d5,-108,64,e6d5,0.4641,0.5671,0.6323,0.5601,e6d5,e6d5,e6d5,e6d5,0.0,0.6323,0.096,False
rn1qk2r/3p2p1/1p5p/p1pP1p2/P3n3/1Q3NP1/1P2PPBP/R4RK1 b kq - 0 14,28,B8QesDiA,e8g8,-140,6,d7d6,0.1293,0.1385,0.132,0.0916,d7d6,d7d6,d7d6,d7d6,105.0,0.1385,-0.0377,False
rn2k2r/6p1/1p1p1q1p/p1pP1p2/P3B2N/1Q4P1/1P2PP1P/R4RK1 b kq - 0 16,32,B8QesDiA,f5e4,-132,416,f5e4,0.9796,0.9882,0.991,0.9914,f5e4,f5e4,f5e4,f5e4,0.0,0.9914,0.0118,False
rn2k2r/6p1/1p1p3p/p1pP4/P2qp2N/1Q2PPP1/1P5P/R4RK1 b kq - 0 18,36,B8QesDiA,d4b4,-129,45,d4b4,0.2316,0.3445,0.4406,0.546,d4d3,d4b4,d4b4,d4b4,0.0,0.546,0.3144,False
r3k2r/3n2p1/1p1p3p/p1pP1N2/Pq2p3/4PPP1/1PQ4P/R4RK1 b kq - 4 20,40,B8QesDiA,e8g8,-259,55,d7e5,0.2083,0.2777,0.3466,0.3988,e4f3,e4f3,e8g8,e8g8,0.0,0.3988,0.1905,False
r6r/3k2p1/1p5p/p1pPn3/Pq2N3/4PPP1/1PQ4P/R4RK1 b - - 0 22,44,B8QesDiA,a8e8,-306,3,h8f8,0.0206,0.027,0.0353,0.0475,h8f8,h8f8,h8f8,h8f8,78.0,0.0475,0.0269,False
r4r2/3k2p1/1p5p/p1pP4/Pq2NPn1/3QP1P1/1P5P/R4RK1 b - - 2 24,48,B8QesDiA,f8e8,-291,33,a8e8,0.0659,0.0789,0.0763,0.0738,b4b2,b4b2,a8e8,a8e8,67.0,0.0789,0.0079,False
5r2/3k2p1/Qp5p/p1pP4/Pq2rPn1/4P1P1/1P5P/4RRK1 b - - 1 26,52,B8QesDiA,g4f6,158,0,f8c8,0.0062,0.0074,0.0079,0.0091,g4e3,g4e3,g4e3,g4e3,-14.0,0.0091,0.0029,False
Q7/2rk2p1/1p5p/p1pP4/Pq2rPn1/4P1P1/1P5P/4RRK1 b - - 5 28,56,B8QesDiA,b4d2,1991,1271,e4e8,0.0302,0.0343,0.0409,0.061,g4e3,g4e3,g4e3,g4e3,1915.0,0.061,0.0308,False
4r3/2rk2p1/1p5p/p1pP4/q4Pn1/3QP1P1/1P5P/4RRK1 b - - 1 30,60,B8QesDiA,g4f6,335,68,a4e4,0.0712,0.0714,0.0588,0.0411,a4e4,a4e4,a4e4,a4e4,59.0,0.0714,-0.0301,False
2k1r3/2r3p1/1p1P3p/p1p5/4qPn1/2Q1P1P1/1P5P/4RRK1 b - - 0 32,64,B8QesDiA,c7d7,425,18,c7d7,0.7432,0.8098,0.8507,0.8511,c7d7,c7d7,c7d7,c7d7,0.0,0.8511,0.1079,False
r3kbnr/pp3ppp/2q1p3/2ppP3/5Pb1/3P1N2/PPP3PP/RNBQ1RK1 b kq - 0 8,16,oolVGWz8,g8e7,45,1,g8h6,0.3196,0.4617,0.5764,0.6214,g8e7,g8e7,g8e7,g8e7,0.0,0.6214,0.3018,False
r3kb1r/pp3ppp/2q1p3/2ppPn2/5Pb1/2NP1N2/PPP3PP/R1B1QRK1 b kq - 4 10,20,oolVGWz8,h7h5,117,5,g4f3,0.0117,0.0204,0.0371,0.1217,f8e7,f8e7,g4f3,g4f3,10.0,0.1217,0.11,False
r3kb1r/pp3ppp/2q1p3/2ppP3/3n1P2/2NP4/PPP2RPP/R1B1Q1K1 b kq - 2 12,24,oolVGWz8,d4f5,68,19,f8e7,0.1089,0.0986,0.08,0.0418,f8e7,f8e7,f8e7,f8e7,12.0,0.1089,-0.0671,False
r3k2r/pp2bppp/2q1p3/2ppPn2/5P2/2NP4/PPPB1RPP/R3Q1K1 b kq - 6 14,28,oolVGWz8,c5c4,120,4,e7h4,0.0243,0.0215,0.0167,0.011,e8g8,e8g8,e8g8,f5d4,40.0,0.0243,-0.0133,False
r3k2r/pp3ppp/2q1p3/2ppP3/5P1b/2NP2P1/PPPB1R2/R3Q1K1 b kq - 0 16,32,oolVGWz8,h4g3,-88,298,h4g3,0.9725,0.9803,0.9836,0.9822,h4g3,h4g3,h4g3,h4g3,0.0,0.9836,0.0097,False
r3k2r/pp3ppp/2q1p3/2ppP3/5P1b/3P4/PPPBNR2/R4QK1 b kq - 3 18,36,oolVGWz8,h4f2,-72,219,h4f2,0.8483,0.9031,0.9297,0.9451,h4f2,h4f2,h4f2,h4f2,0.0,0.9451,0.0968,False
2kr3r/pp3ppp/2q1p3/2ppP3/5P2/2PP4/PP1BNQ2/R5K1 b - - 0 20,40,oolVGWz8,c8b8,-44,5,h7h5,0.0367,0.0421,0.0342,0.0422,h7h5,h7h5,h7h5,h7h5,82.0,0.0422,0.0055,False
2k3rr/pp3pp1/2q1p3/2ppP2p/3P1P1Q/2P5/PP1BN3/R5K1 b - - 0 22,44,oolVGWz8,c5c4,19,0,c5d4,0.0396,0.031,0.026,0.0206,g7g5,g7g5,g7g5,g7g5,129.0,0.0396,-0.019,True
2k3rr/pp3pp1/q3p3/3pP2p/3P1P1Q/8/PP1BNK2/R7 b - - 2 24,48,oolVGWz8,c8b8,43,43,a6d3,0.0805,0.1318,0.1512,0.1505,a6d3,a6d3,a6d3,a6d3,43.0,0.1512,0.07,False
1k4rr/pp3pp1/4p3/3pP2p/1B1P1P1Q/3q4/PP2NK2/2R5 b - - 6 26,52,oolVGWz8,g7g5,14,39,d3f5,0.2774,0.3405,0.3943,0.4034,g7g5,g7g5,g7g5,g7g5,0.0,0.4034,0.126,False
r2qk2r/ppp2ppp/3p1n2/2bNp1B1/2BnP1b1/2PP1N2/PP3PPP/R2QK2R b KQkq - 0 8,16,mDSd9gzn,d4e6,-67,56,d4f3,0.0543,0.0584,0.0919,0.1897,d4f3,d4f3,d4f3,d4f3,40.0,0.1897,0.1354,False
r2qk2r/ppp2ppp/3pbB2/2bNp3/2B1P3/2PP1P2/PP3P1P/R2QK2R b KQkq - 0 10,20,mDSd9gzn,g7f6,-88,293,g7f6,0.989,0.9935,0.9941,0.995,g7f6,g7f6,g7f6,g7f6,0.0,0.995,0.006,False
r2qk2r/pp3p1p/2ppbp2/2b1p3/2B1P3/2PPNP2/PP3P1P/R2QK1R1 b Qkq - 1 12,24,mDSd9gzn,d6d5,25,15,d8d7,0.2808,0.2147,0.1598,0.1766,d6d5,d6d5,d8d7,d8d7,72.0,0.2808,-0.1042,False
r3k2r/pp1q1p1p/2ppbp2/2b5/2BPP3/4NP2/PP3P1P/R2QK1R1 b Qkq - 0 14,28,mDSd9gzn,c5b4,-51,57,c5b4,0.7107,0.7283,0.7635,0.8211,c5b4,c5b4,c5b4,c5b4,0.0,0.8211,0.1104,False
2kr3r/pp1q1p1p/2ppbp2/3P4/1bB1P3/4NP2/PP2KP1P/R2Q2R1 b - - 0 16,32,mDSd9gzn,c6d5,-102,103,c6d5,0.8752,0.8895,0.9107,0.9012,c6d5,c6d5,c6d5,c6d5,0.0,0.9107,0.026,False
1k1r3r/pp1q1p1p/3pbp2/3N4/1bB1P3/1Q3P2/PP2KP1P/R5R1 b - - 2 18,36,mDSd9gzn,b4c5,-5,32,b4c5,0.634,0.6831,0.7053,0.7319,b4c5,b4c5,b4c5,b4c5,0.0,0.7319,0.0979,False
1k1r3r/pp1q1p1p/3p1N2/2b5/2Q1P3/5P2/PP2KP1P/R5R1 b - - 0 20,40,mDSd9gzn,d7e7,0,103,d7c6,0.3703,0.3529,0.3491,0.355,d7e7,d7e7,d7e7,d7e7,0.0,0.3703,-0.0153,False
1k1r3r/pp3p1p/2qp1N2/8/1Q2P3/5P2/P3KP1P/R5R1 b - - 0 22,44,mDSd9gzn,d6d5,-332,73,c6c2,0.0538,0.0649,0.1003,0.1631,c6c2,c6c2,c6c2,c6c2,186.0,0.1631,0.1093,False
1k1r3r/pp3p1p/3p1N2/8/2q1P3/3Q1P2/P3KP1P/R5R1 b - - 4 24,48,mDSd9gzn,c4a4,-450,16,c4e6,0.0528,0.0476,0.0474,0.0506,c4e6,c4e6,c4e6,c4e6,15.0,0.0528,-0.0022,False
1k1rr3/pp3p1p/3pq3/3N4/4P3/3Q1P2/P3KP1P/1R4R1 b - - 8 26,52,mDSd9gzn,d8d7,-476,153,d8d7,0.0557,0.0652,0.0624,0.0492,f7f5,f7f5,f7f5,f7f5,1518.0,0.0652,-0.0065,False
1k2r3/ppRr3p/3pq3/3N1p2/4P3/3Q1P2/P3KP1P/1R6 b - - 1 28,56,mDSd9gzn,d7c7,13,645,d7c7,0.7143,0.7655,0.7983,0.8393,d7c7,d7c7,d7c7,d7c7,0.0,0.8393,0.125,False
4r3/ppk4p/3pq3/5p2/4P3/3Q1P2/P3KP1P/2R5 b - - 1 30,60,mDSd9gzn,c7b8,46,130,c7b8,0.6115,0.7735,0.8435,0.8508,c7b8,c7b8,c7b8,c7b8,0.0,0.8508,0.2393,False
1k2r3/pp5p/3pq3/8/4P3/3Q4/P4P1P/2R2K2 b - - 0 32,64,mDSd9gzn,e6e4,106,77,e6e4,0.3528,0.4325,0.5142,0.5433,e6e4,e6e4,e6e4,e6e4,0.0,0.5433,0.1905,False
k3r3/pp5p/8/8/4q3/6Q1/P4P1P/2R2K2 b - - 2 34,68,mDSd9gzn,a7a6,247,15,e4e2,0.062,0.066,0.0701,0.1055,e4h1,e4h1,e4h1,e4h1,28.0,0.1055,0.0435,False
r1b1kb1r/pp1n1ppp/1qpp1n2/4P3/4P3/2NB1N2/PPPB1PPP/1R1QK2R b Kkq - 0 8,16,kTEvY7pu,d6e5,-35,10,d6e5,0.7945,0.7589,0.7723,0.889,d6e5,d6e5,d6e5,d6e5,0.0,0.889,0.0945,False
r1b1k2r/pp1n1ppp/1qpb1n2/4p3/4P3/2NBBN2/PPP2PPP/1R1Q1RK1 b kq - 3 10,20,kTEvY7pu,b6c7,-16,15,b6c7,0.352,0.5356,0.6905,0.7311,b6c7,b6c7,b6c7,b6c7,0.0,0.7311,0.3791,False
r1b2rk1/ppqn1ppp/2pb1n2/4p3/4P3/P1NBBN1P/1PP2PP1/1R1Q1RK1 b - - 0 12,24,kTEvY7pu,f8e8,-19,1,f8e8,0.1924,0.1535,0.1204,0.1013,d7c5,d7c5,d7c5,d7c5,9.0,0.1924,-0.0911,False
r1b1r1k1/ppqn1pp1/2pb1n1p/4p3/2B1P3/P1N1BN1P/1PPQ1PP1/1R3RK1 b - - 1 14,28,kTEvY7pu,d6f8,26,10,b7b5,0.0361,0.089,0.1974,0.3213,d7f8,d7f8,d6f8,d6f8,0.0,0.3213,0.2852,False
r1b1r1k1/2qn1pp1/2pb1n1p/pp2p3/4P3/PBN1BN1P/1PPQ1PP1/3R1RK1 b - - 1 16,32,kTEvY7pu,d6f8,77,190,d6e7,0.1179,0.2664,0.5333,0.8481,d6e7,d6f8,d6f8,d6f8,0.0,0.8481,0.7302,False
r1b1r1k1/2qnbpp1/2p4p/pp2p3/4N2N/PB2B2P/1PPQ1PP1/3R1RK1 b - - 0 18,36,kTEvY7pu,e7h4,-272,110,e7h4,0.9825,0.996,0.9988,0.9992,e7h4,e7h4,e7h4,e7h4,0.0,0.9992,0.0167,False
r1b1r1k1/2qn1p2/2p4Q/pp2p3/4N2b/PB5P/1PP2PP1/3R1RK1 b - - 0 20,40,kTEvY7pu,d7f6,-512,44,c7d8,0.0058,0.0044,0.0031,0.0012,h4e7,h4e7,h4e7,h4e7,1480.0,0.0058,-0.0046,True
r1bRrnk1/5p2/2p4Q/pp2p3/4N2b/PB5P/1PP2PP1/5RK1 b - - 0 22,44,kTEvY7pu,h4d8,-707,84,e8d8,0.2589,0.3924,0.5791,0.7775,e8d8,e8d8,h4d8,h4d8,0.0,0.7775,0.5186,False
r1br1nk1/5p2/2p2Q2/pp2p3/8/PB5P/1PP2PP1/5RK1 b - - 0 24,48,kTEvY7pu,c8e6,-517,69,f8e6,0.3887,0.538,0.648,0.7006,c8e6,c8e6,c8e6,c8e6,0.0,0.7006,0.3119,False
r1br2k1/5p2/2p1nQ2/1p2p3/p7/P6P/BPP2PP1/4R1K1 b - - 1 26,52,kTEvY7pu,b5b4,-621,26,c6c5,0.0102,0.0047,0.0027,0.0023,d8d2,d8d2,d8d2,d8d2,165.0,0.0102,-0.0079,True
r1br2k1/5p2/4nQ2/1p5R/p1p5/P6P/BPP2PP1/6K1 b - - 1 28,56,kTEvY7pu,d8d1,-1505,491,g8f8,0.3488,0.3597,0.3967,0.4233,d8d1,d8d1,d8d1,d8d1,0.0,0.4233,0.0745,False
rnbqkb1r/5ppp/p3pn2/1p1p4/3P4/5NP1/PPQ1PPBP/RNB2RK1 b kq - 1 8,16,keb0BvzK,c8b7,-37,13,f8e7,0.3832,0.5338,0.658,0.8013,c8b7,c8b7,c8b7,c8b7,0.0,0.8013,0.4181,False
rnbq1rk1/4bppp/p3pn2/1p1p4/3PP3/5NP1/PPQN1PBP/R1B2RK1 b - - 0 10,20,keb0BvzK,a6a5,-19,11,d5e4,0.0075,0.0049,0.002,0.0006,d5e4,d5e4,d5e4,d5e4,14.0,0.0075,-0.0069,False
rn1q1rk1/1b2bppp/p3pn2/1pN5/3P4/5NP1/PPQ2PBP/R1B2RK1 b - - 2 12,24,keb0BvzK,b7d5,32,29,b7d5,0.1482,0.1813,0.2362,0.3314,e7c5,e7c5,e7c5,e7c5,59.0,0.3314,0.1832,False
r2q1rk1/3nbppp/p3pn2/1pNb4/1P1P4/P4NP1/2Q2PBP/R1B2RK1 b - - 0 14,28,keb0BvzK,a8a7,56,2,a8c8,0.0055,0.0054,0.0052,0.0046,d7c5,d7c5,d7c5,d7b6,18.0,0.0055,-0.0009,False
2rq1rk1/4bppp/pn2pn2/1pNbN3/1P1P4/P5P1/1BQ2PBP/R4RK1 b - - 4 16,32,keb0BvzK,c8c7,34,2,d5g2,0.0056,0.0028,0.0014,0.0008,d5g2,d5g2,d5g2,d5g2,-1.0,0.0056,-0.0048,False
2rq1rk1/4bppp/p3pn2/1p2N3/nP1P4/PN4P1/1BQ2PKP/R4R2 b - - 2 18,36,keb0BvzK,c8c2,768,22,c8c2,0.9803,0.9847,0.9861,0.9894,c8c2,c8c2,c8c2,c8c2,0.0,0.9894,0.0091,False
r2qkbnr/pp3ppp/2n1p3/3pPb2/2pP1P2/2P1BN2/PP2B1PP/RN1QK2R b KQkq - 1 8,16,8F9PUpX6,b7b5,0,6,b7b5,0.0741,0.1134,0.1697,0.254,g8e7,g8e7,g8e7,b7b5,0.0,0.254,0.1799,False
r2qkbnr/5ppp/2n1p3/pp1pPb2/2pP1P2/P1P1BN2/1P1NB1PP/R2QK2R b KQkq - 1 10,20,8F9PUpX6,f8e7,-9,0,b5b4,0.067,0.0481,0.0362,0.0365,b5b4,b5b4,b5b4,b5b4,31.0,0.067,-0.0305,False
R2qkbnr/5ppp/2n1p3/3pPb2/1ppP1P2/2P1BN2/1P1NB1PP/3QK2R b Kk - 0 12,24,8F9PUpX6,d8a8,-12,641,d8a8,0.9981,0.999,0.9994,0.9996,d8a8,d8a8,d8a8,d8a8,0.0,0.9996,0.0015,False
q3kbnr/5ppp/2n1p3/3pPbN1/2pP1P2/1pP1B3/1P1NB1PP/3Q1RK1 b k - 1 14,28,8F9PUpX6,a8b7,-15,22,h7h6,0.0029,0.0029,0.0022,0.0021,a8a2,h7h6,h7h6,h7h6,34.0,0.0029,-0.0008,False
q3kb1r/4npp1/2n1p2p/3pPb2/2NP1P2/1pP1BN2/1P2B1PP/3Q1RK1 b k - 0 16,32,8F9PUpX6,d5c4,70,338,d5c4,0.7961,0.8461,0.8759,0.8661,d5c4,d5c4,d5c4,d5c4,0.0,0.8759,0.07,False
q3kb1r/4npp1/4p2p/nB2Pb2/3P1P2/1pP1BN2/1P4PP/3Q1RK1 b k - 2 18,36,8F9PUpX6,e8d8,-211,3,e7c6,0.1728,0.1005,0.1037,0.1472,e7c6,e7c6,e7c6,e7c6,1.0,0.1728,-0.0256,False
q3kb1r/5pp1/2n1p2p/nB2P3/3P1P1N/1pP1BQ2/1Pb3PP/5RK1 b k - 6 20,40,8F9PUpX6,a8b7,160,70,a8b7,0.0953,0.0953,0.1046,0.1422,f8e7,f8e7,f8e7,f8e7,55.0,0.1422,0.0469,False
4k2r/1q2bpp1/2n1p2p/nB2P3/2PP1P1N/1p2BQP1/1Pb4P/5RK1 b k - 0 22,44,8F9PUpX6,e7h4,274,4,e8g8,0.1787,0.2156,0.2425,0.272,e8g8,e8g8,e8g8,e8g8,-16.0,0.272,0.0933,False
5rk1/1q3pp1/2n1p2p/nB2PP2/2PP3P/1p2BQ2/1Pb4P/5RK1 b - - 0 24,48,8F9PUpX6,c2f5,309,37,e6f5,0.283,0.3679,0.4043,0.3546,e6f5,c2f5,c2f5,c2f5,0.0,0.4043,0.0716,False
5r2/1q3ppk/2n4p/nB1PPp2/2P4P/1p2B1Q1/1Pb4P/5RK1 b - - 0 26,52,8F9PUpX6,c6a7,315,25,c6b4,0.1196,0.1261,0.1203,0.0999,c6b4,c6b4,c6e7,c6e7,41.0,0.1261,-0.0197,False
2r5/1q3ppk/7p/nB1PPp2/1BP4P/1p4Q1/1Pb4P/5RK1 b - - 0 28,56,8F9PUpX6,a5c4,344,325,a5c4,0.8821,0.8922,0.9048,0.9072,a5c4,a5c4,a5c4,a5c4,0.0,0.9072,0.0251,False
2r5/5ppk/7p/3PPp2/1q5P/1p1B2Q1/1Pb4P/5RK1 b - - 1 30,60,8F9PUpX6,b4d4,626,171,b4d4,0.434,0.4927,0.5512,0.5687,b4d4,b4d4,b4d4,b4d4,0.0,0.5687,0.1347,False
2r5/5ppk/7p/3PPp2/7P/1p1q4/1Pb2RQP/6K1 b - - 1 32,64,8F9PUpX6,d3d1,721,28,d3d1,0.4277,0.3429,0.2756,0.2185,d3d1,d3d1,d3e4,d3e4,264.0,0.4277,-0.2092,False
2r5/5ppk/7p/3PPp2/3q3P/1p6/1Pb2RQP/6K1 b - - 5 34,68,8F9PUpX6,c2d3,1988,1151,d4e5,0.0034,0.0023,0.0016,0.0014,d4e5,c2e4,c2e4,c2e4,937.0,0.0034,-0.002,True
rn2kbnr/p3pppp/2b5/1p6/P1p1P3/2N5/1P3PPP/R1BK1BNR b kq - 0 8,16,y2nrDib7,a7a6,-22,1,a7a6,0.2452,0.2099,0.0998,0.0203,b5b4,b5b4,b5b4,b5b4,33.0,0.2452,-0.2249,False
Rn2kbnr/4pppp/2b5/1p6/2p1P3/2N5/1P3PPP/2BK1BNR b k - 0 10,20,y2nrDib7,c6a8,-12,609,c6a8,0.9962,0.9985,0.9991,0.9989,c6a8,c6a8,c6a8,c6a8,0.0,0.9991,0.0027,False
1n2kbnr/4pppp/8/1N6/2p1b3/5P2/1P4PP/2BK1BNR b k - 0 12,24,y2nrDib7,e4d3,-12,14,e4d3,0.1923,0.2136,0.2671,0.3437,e4c6,e4c6,e4c6,e4c6,3.0,0.3437,0.1514,False
1n2kbnr/4pppp/8/1N6/8/3p1P2/1P1K2PP/2B3NR b k - 1 14,28,y2nrDib7,b8c6,2,2,e7e5,0.2901,0.2538,0.1651,0.1114,b8c6,b8c6,e7e6,e7e5,8.0,0.2901,-0.1787,False
4kbnr/5ppp/2n5/1N2p3/8/3K1P2/1P1B2PP/6NR b k - 2 16,32,y2nrDib7,g8f6,1,0,g8f6,0.2879,0.3944,0.4132,0.3517,g8f6,g8f6,g8f6,g8f6,0.0,0.4132,0.0638,False
4k2r/5ppp/2n2n2/1Nb1p3/8/3K1P2/1P1BN1PP/2R5 b k - 6 18,36,y2nrDib7,e5e4,-46,200,f6d7,0.113,0.1111,0.118,0.1082,f6d7,f6d7,f6d7,f6d7,211.0,0.118,-0.0048,False
7r/1N1nkppp/2n5/2b1p3/8/3K1P2/1P1BN1PP/2R5 b - - 10 20,40,y2nrDib7,c6b4,-49,101,c6b4,0.3657,0.3762,0.3821,0.4071,c6b4,c6b4,c6b4,c6b4,0.0,0.4071,0.0414,False
2r5/3nkppp/8/2N1p3/1nK5/5P2/1P1BN1PP/2R5 b - - 0 22,44,y2nrDib7,b4a6,-371,85,d7c5,0.1179,0.126,0.1189,0.1292,c8c5,c8c5,c8c5,c8c5,141.0,0.1292,0.0113,False
2r5/4kppp/8/4p3/8/1K1n1P2/1P1BN1PP/2R5 b - - 2 24,48,y2nrDib7,d3c1,-193,33,d3c1,0.7791,0.6781,0.5265,0.3705,d3c1,d3c1,d3c1,c8b8,31.0,0.7791,-0.4086,False
2r5/5ppp/4k3/4p3/8/1KB2P2/1P4PP/2N5 b - - 2 26,52,y2nrDib7,h7h5,-188,11,e6d5,0.008,0.0093,0.0125,0.0172,c8b8,e6d5,f7f5,f7f5,109.0,0.0172,0.0092,True
1r6/5ppp/8/3kp3/8/2BN1P2/1PK3PP/8 b - - 6 28,56,y2nrDib7,f7f6,-212,166,f7f6,0.2804,0.4652,0.6575,0.7524,e5e4,f7f6,f7f6,f7f6,0.0,0.7524,0.472,False
1r6/6pp/2N2p2/4p3/2k5/2B2P2/1PK3PP/8 b - - 3 30,60,y2nrDib7,b8e8,-201,6,b8b6,0.025,0.0328,0.0428,0.0585,b8b6,b8b6,b8b6,b8b6,13.0,0.0585,0.0335,False
8/6pp/3r1p2/4pN2/2k5/2B2P2/1PK3PP/8 b - - 7 32,64,y2nrDib7,d6d7,-214,1,d6d7,0.4833,0.6663,0.7965,0.8561,d6d7,d6d7,d6d7,d6d7,0.0,0.8561,0.3728,False
8/3r2p1/5p2/4pN1p/2k4P/2B2PP1/1PK5/8 b - - 0 34,68,y2nrDib7,c4d5,-121,33,c4d5,0.029,0.0315,0.0331,0.0471,d7d3,d7d3,g7g6,g7g6,66.0,0.0471,0.0181,False
rn2kb1r/pp3ppp/1qp1pn2/3PN2b/3P4/1Q1BP3/PP3PPP/RNB1K2R b KQkq - 0 8,16,mjPSGvzQ,b6b3,-22,9,e6d5,0.4269,0.5435,0.5093,0.2153,b6b3,b6b3,b6b3,e6d5,23.0,0.5435,-0.2116,False
r3kb1r/pp1n1ppp/1qp2n2/3pN2b/3P1P2/1Q1BP3/PP1N2PP/R1B1K2R b KQkq - 0 10,20,mjPSGvzQ,d7e5,25,32,f8e7,0.2124,0.1945,0.1228,0.0544,d7e5,d7e5,f8d6,f8d6,123.0,0.2124,-0.158,False
r3k2r/pp1nbppp/1qp2nb1/3pNP2/3P4/1Q1BP2P/PP1N2P1/R1B1K2R b KQkq - 0 12,24,mjPSGvzQ,d7e5,-8,294,d7e5,0.2237,0.2616,0.2862,0.357,g6h5,g6h5,g6h5,g6h5,258.0,0.357,0.1333,False
r3k2r/pp2bppp/2p2nb1/3pPP2/8/1Q1Bq2P/PP1N2P1/R1BK3R b kq - 1 14,28,mjPSGvzQ,g6h5,-59,33,e3e5,0.7479,0.7805,0.793,0.8154,g6h5,g6h5,g6h5,g6h5,0.0,0.8154,0.0675,False
r3k2r/pp2bpp1/2p2np1/3pq3/8/1Q1B1N1P/PP4P1/R1BK3R b kq - 1 16,32,mjPSGvzQ,e5c7,31,86,e5g3,0.1647,0.3055,0.4384,0.534,e5g3,e5g3,e5c7,e5c7,0.0,0.534,0.3693,False
2kr3r/pp2bpp1/2p2np1/3p4/8/3B1NqP/PPQ3P1/R1BK1R2 b - - 5 18,36,mjPSGvzQ,f6e4,-110,7,c6c5,0.2561,0.2678,0.2346,0.1938,f6e4,f6e4,f6e4,e7d6,25.0,0.2678,-0.0623,False
2kr3r/pp2bpp1/3q1np1/2pp4/8/3B1N1P/PP1B1QP1/R2K1R2 b - - 3 20,40,mjPSGvzQ,f6e4,9,106,f6e4,0.1614,0.1872,0.2181,0.2382,c5c4,c5c4,c5c4,c5c4,254.0,0.2382,0.0768,False
2krr3/pp2bpp1/3q2p1/2pp4/4B3/4QN1P/PP1B2P1/R2K1R2 b - - 0 22,44,mjPSGvzQ,d5e4,-31,19,d5e4,0.9507,0.9736,0.9834,0.9858,d5e4,d5e4,d5e4,d5e4,0.0,0.9858,0.0351,False
2krr3/pp2b1p1/3q2p1/2p2p2/4p3/4Q1PP/PP1B4/R2KNR2 b - - 0 24,48,mjPSGvzQ,e7g5,472,23,e7f6,0.124,0.0898,0.0538,0.0318,e7f6,e7f6,e7f6,e7f6,33.0,0.124,-0.0922,False
2kr4/pp2r1p1/3q1bp1/2p2p2/4p3/4Q1PP/PP1B2N1/1R1K1R2 b - - 4 26,52,mjPSGvzQ,e7d7,561,217,e7d7,0.4697,0.5625,0.6092,0.6481,e7d7,e7d7,e7d7,e7d7,0.0,0.6481,0.1784,False
r1bqkb1r/pp4pp/2n2n2/2pP1p2/4p3/4P1P1/PP1PNPBP/RNBQK2R b KQkq - 0 8,16,mIPvJcLF,f6d5,44,19,d8d5,0.6998,0.7296,0.8062,0.8595,f6d5,f6d5,f6d5,f6d5,0.0,0.8595,0.1597,False
r1b1k2r/pp4pp/2nb1n2/2pq1p2/4p3/2N1P1P1/PP1PNPBP/R1BQ1RK1 b kq - 3 10,20,mIPvJcLF,d5d3,36,31,d5e6,0.1311,0.0936,0.0814,0.0626,d5f7,d5f7,d5f7,d5f7,103.0,0.1311,-0.0685,False
r1b1k2r/1p4pp/p1nbqn2/2p2p2/4p3/1PN1P1P1/PB1PNPBP/R2Q1RK1 b kq - 1 12,24,mIPvJcLF,e8g8,-24,4,c8d7,0.3965,0.4197,0.4515,0.4561,e8g8,e8g8,e8g8,e8g8,0.0,0.4561,0.0596,False
r4rk1/1p1b2pp/pNnbqn2/2p2p2/4p3/1P2P1P1/PB1PNPBP/R2Q1RK1 b - - 5 14,28,mIPvJcLF,a8d8,34,167,a8d8,0.5133,0.5926,0.6858,0.765,a8d8,a8d8,a8d8,a8d8,0.0,0.765,0.2517,False
1b1r1rk1/1p1b2pp/p1n1qn2/2p2p2/2N1pN2/1P2P1P1/PB1P1PBP/R2Q1RK1 b - - 9 16,32,mIPvJcLF,e6e8,122,11,e6e7,0.0847,0.0799,0.0667,0.0557,e6f7,e6f7,e6f7,b8f4,23.0,0.0847,-0.029,False
1b1r1rk1/1p1bq1pp/p4N2/2p1np2/2N1p3/1P2P1P1/PB1P1PBP/R2Q1RK1 b - - 0 18,36,mIPvJcLF,f8f6,20,19,e7f6,0.3214,0.3373,0.3271,0.2727,e7f6,e7f6,e7f6,e7f6,28.0,0.3373,-0.0487,False
1b1r1rk1/1p1b2pp/p4q2/2p1np2/2N5/1P2PBP1/PB1P3P/R2Q1RK1 b - - 0 20,40,mIPvJcLF,e5f3,150,131,b7b5,0.3016,0.4686,0.5996,0.6592,e5f3,e5f3,e5f3,e5f3,0.0,0.6592,0.3576,False
3r1rk1/3b2pp/p4q2/1pp1Bp2/8/1P2PBP1/P2P3P/R2Q1RK1 b - - 0 22,44,mIPvJcLF,f6e5,7,470,f6e5,0.998,0.9992,0.9997,0.9998,f6e5,f6e5,f6e5,f6e5,0.0,0.9998,0.0018,False
3r1rk1/6pp/p3b3/1pp1qp2/8/1P2PBP1/P1QP3P/4RRK1 b - - 3 24,48,mIPvJcLF,c5c4,39,2,c5c4,0.4959,0.4535,0.4238,0.3821,c5c4,c5c4,c5c4,c5c4,0.0,0.4959,-0.1138,False
3r1rk1/6pp/p7/1p2qp2/2b5/4PBP1/P1QP1R1P/4R1K1 b - - 1 26,52,mIPvJcLF,f5f4,56,18,d8d3,0.0889,0.0677,0.0439,0.0288,c4d3,c4d3,c4d3,c4d3,21.0,0.0889,-0.0601,False
3r2k1/6pp/p7/1p2qp2/2b5/3BP1P1/P1QP1R1P/4R1K1 b - - 0 28,56,mIPvJcLF,d8d3,-143,34,d8d3,0.0544,0.0624,0.0849,0.1156,c4d3,c4d3,c4d3,c4d3,49.0,0.1156,0.0612,False
6k1/7p/p7/1p2qpp1/2R5/3rP1P1/P1QP3P/4R1K1 b - - 0 30,60,mIPvJcLF,b5c4,-82,457,b5c4,0.8333,0.9279,0.9724,0.9797,b5c4,b5c4,b5c4,b5c4,0.0,0.9797,0.1464,False
6k1/7p/p7/3Q1pp1/8/3rP1P1/P2P3P/4R1K1 b - - 0 32,64,mIPvJcLF,d3d5,-89,868,d3d5,0.9952,0.9996,0.9999,1.0,d3d5,d3d5,d3d5,d3d5,0.0,1.0,0.0048,False
8/5k1p/p7/3r1pp1/3P4/4P1P1/P4K1P/4R3 b - - 2 34,68,mIPvJcLF,g5g4,-76,14,f7e6,0.1024,0.0773,0.0595,0.0341,h7h5,h7h5,d5a5,d5a5,62.0,0.1024,-0.0683,False
r1bqk2r/ppp1np1p/2np1bp1/4p3/8/2NPP1N1/PPP1BPPP/R1BQK2R b KQkq - 3 8,16,3HT5Ierf,d6d5,91,4,d6d5,0.0331,0.0362,0.0266,0.0107,e8g8,e8g8,f6g7,f6g7,2.0,0.0362,-0.0224,False
r1bq1rk1/ppp1np1p/2n2bp1/3pp3/4P3/2NP2N1/PPP1BPPP/R1BQ1RK1 b - - 0 10,20,3HT5Ierf,d5d4,45,25,d5e4,0.4961,0.5445,0.43,0.1246,d5d4,d5d4,d5d4,f6g7,19.0,0.5445,-0.3715,False
r1bq1rk1/ppp1npbp/2n3p1/4p3/4N2P/3P2N1/PPP1BPP1/R1BQ1RK1 b - - 0 12,24,3HT5Ierf,h7h6,160,27,f7f5,0.0327,0.0528,0.1209,0.3189,e7f5,e7f5,f7f5,h7h6,0.0,0.3189,0.2862,False
r1bq1rk1/ppp3bp/2n3p1/3nppN1/7P/2PP2N1/PP2BPP1/R1BQ1RK1 b - - 0 14,28,3HT5Ierf,a7a5,96,1,g8h8,0.0028,0.0017,0.0009,0.001,f5f4,h7h6,h7h6,h7h6,3.0,0.0028,-0.0018,False
r1bq1r1k/ppp3bp/6p1/n2nppN1/7P/Q1PP2N1/PP2BPP1/R1B2RK1 b - - 4 16,32,3HT5Ierf,a5c6,104,73,b7b6,0.2809,0.3424,0.3279,0.2193,b7b6,b7b6,b7b6,b7b6,74.0,0.3424,-0.0616,False
r1bq1r1k/pnp3bp/1p4p1/3nppN1/1PP4P/Q2P2N1/P3BPP1/R1B2RK1 b - - 0 18,36,3HT5Ierf,d5f4,40,73,d5f4,0.5352,0.6086,0.685,0.7399,d5f4,d5f4,d5f4,d5f4,0.0,0.7399,0.2047,False
r1bq1r1k/pn4bp/1Pp3p1/4ppN1/1P3n1P/Q2P2N1/P3BPP1/R1B2RK1 b - - 0 20,40,3HT5Ierf,d8b6,-26,18,d8b6,0.44,0.5136,0.5591,0.6076,d8b6,d8b6,d8b6,d8b6,0.0,0.6076,0.1676,False
r1b2r1k/pnq3bp/2p3p1/4ppN1/1P3n1P/1Q1P2N1/P3BPP1/1RB2RK1 b - - 3 22,44,3HT5Ierf,h7h6,108,50,c6c5,0.1466,0.2301,0.3713,0.527,f4e2,f4e2,h7h6,h7h6,0.0,0.527,0.3804,False
r1b2r1k/pnq3bp/6p1/1P2ppN1/2P2n1P/1Q4N1/P3BPP1/1RB2RK1 b - - 0 24,48,3HT5Ierf,h7h6,100,64,b7c5,0.0587,0.0716,0.0922,0.1439,b7c5,b7c5,b7c5,b7c5,148.0,0.1439,0.0852,False
r1b2r1k/p1q3bp/6p1/1Pn1ppN1/1QP4P/8/P3NPP1/1RB2RK1 b - - 0 26,52,3HT5Ierf,h7h6,37,94,c5d3,0.0951,0.1447,0.249,0.424,c5d3,c5d3,c5d3,h7h6,0.0,0.424,0.3289,False
r1b2r1k/p1q3bp/6p1/1P3pN1/2PNp2P/Q2n4/P4PP1/1RB2RK1 b - - 1 28,56,3HT5Ierf,c7c4,27,72,d3c5,0.2055,0.1626,0.1281,0.0987,g7d4,g7d4,g7d4,g7d4,2026.0,0.2055,-0.1068,False
r2qkb1r/ppp1n1pp/2npbp2/1B6/3QP2B/2N2N2/PPP2PPP/R3K2R b KQkq - 1 8,16,sZ6dwQX3,a7a6,2,41,e6d7,0.3278,0.341,0.3588,0.2791,d8d7,d8d7,a7a6,d8d7,96.0,0.3588,-0.0487,False
r2qkb1r/pppb2pp/2np1p2/8/4P2B/2N2N2/PPPQ1PPP/R3K2R b KQkq - 1 10,20,sZ6dwQX3,d7e6,-36,0,f8e7,0.0249,0.0304,0.0373,0.0582,d8e7,d8e7,d8e7,d8e7,31.0,0.0582,0.0333,False
r2qk2r/ppp1b1pp/2npbp2/3N4/4P2B/5N2/PPPQ1PPP/2KR3R b kq - 5 12,24,sZ6dwQX3,d8d7,-41,4,e8g8,0.2605,0.2909,0.3159,0.3317,e6d5,e6d5,d8d7,d8d7,0.0,0.3317,0.0712,False
r2q1rk1/ppp1b1pp/2np1p2/3P4/7B/5N2/PPPQ1PPP/1K1R3R b - - 0 14,28,sZ6dwQX3,c6e5,-178,54,c6e5,0.8754,0.9385,0.9736,0.9818,c6e5,c6e5,c6e5,c6e5,0.0,0.9818,0.1064,False
r2q1rk1/ppp1b1pp/5p2/3Pp3/7B/8/PPPQ1PPP/1K1RR3 b - - 1 16,32,sZ6dwQX3,e7d6,-11,7,e7d6,0.1124,0.2222,0.3171,0.3565,c7c6,d8d6,d8d6,e7d6,0.0,0.3565,0.2441,False
r4rk1/pppq2pp/3b1p2/3Pp3/8/5P2/PPPQ1BPP/1K1RR3 b - - 2 18,36,sZ6dwQX3,a7a5,8,4,f8d8,0.1073,0.2248,0.3357,0.4165,f8e8,a7a5,a7a5,a7a5,0.0,0.4165,0.3092,False
r2r2k1/p1pq2pp/3b1p2/1p1Pp3/6PP/5P2/PPPQ1B2/1K1RR3 b - - 0 20,40,sZ6dwQX3,d8f8,0,8,d6e7,0.0018,0.0011,0.0007,0.0005,a7a5,a7a5,a7a5,a7a5,0.0,0.0018,-0.0013,False
r2r2k1/2pqb1pp/5p2/pp1Pp1P1/7P/5P2/PPPQ1B2/1K1R2R1 b - - 0 22,44,sZ6dwQX3,f6g5,28,24,f6f5,0.5789,0.551,0.4472,0.2747,f6g5,f6g5,f6g5,f6f5,52.0,0.5789,-0.3042,False
r2r2k1/2pqb1pp/6P1/pp1Pp2P/5p2/5P2/PPPQ1B2/1K1R2R1 b - - 0 24,48,sZ6dwQX3,h7h6,-51,93,h7h6,0.7719,0.8782,0.8986,0.8714,h7h6,h7h6,h7h6,h7h6,0.0,0.8986,0.0995,False
r2r2k1/2pq2p1/5bPp/pp1Pp2P/5p2/5P2/PPPQ1B2/1K1R3R b - - 3 26,52,sZ6dwQX3,d7d6,-72,19,a8a6,0.0485,0.0756,0.1092,0.1159,b5b4,b5b4,b5b4,b5b4,15.0,0.1159,0.0674,False
3r2k1/2pq2p1/r5Pp/pp1Pp2P/5p1R/5P2/PPPQ4/1K1R4 b - - 0 28,56,sZ6dwQX3,a6d6,75,89,c7c6,0.4546,0.5522,0.6951,0.8377,a6d6,a6d6,a6d6,a6d6,0.0,0.8377,0.3831,False
3r2k1/3q2p1/r2P2Pp/pppQp2P/5p1R/5P2/PPP5/1K1R4 b - - 1 30,60,sZ6dwQX3,g8h8,-396,31,g8h8,0.6319,0.7521,0.7771,0.7444,g8h8,g8h8,g8h8,g8h8,0.0,0.7771,0.1125,False
3r3k/3q2p1/3R2Pp/ppp1Q2P/5p1R/5P2/PPP5/1K6 b - - 0 32,64,sZ6dwQX3,d7d6,-433,1555,d7d6,0.8299,0.8333,0.8239,0.8396,d7d6,d7d6,d7d6,d7d6,0.0,0.8396,0.0097,False
7k/6p1/3r2Pp/ppp4P/5p1R/5P2/PPP5/2K5 b - - 1 34,68,sZ6dwQX3,h8g8,-107,203,d6f6,0.045,0.0445,0.0554,0.09,d6f6,d6f6,d6f6,d6f6,236.0,0.09,0.045,False
r3kb1r/pppqp1pp/3p1n2/3P1B2/1n6/2N2N2/PPP2PPP/R1BQK2R b KQkq - 0 8,16,rZzxcX2l,d7f5,25,760,d7f5,0.9975,0.9995,0.9998,0.9999,d7f5,d7f5,d7f5,d7f5,0.0,0.9999,0.0024,False
r3kb1r/ppp1p1pp/3p1nq1/3P4/1n1N4/2N5/PPP2PPP/R1BQ1RK1 b kq - 3 10,20,rZzxcX2l,g6h5,-187,3,f6d5,0.0033,0.0017,0.0007,0.0004,b4d5,b4d5,b4d5,b4d5,16.0,0.0033,-0.0029,False
r3kb1r/ppp1p1pp/3p2q1/1N1n4/8/8/PPP2PPP/R1BQ1RK1 b kq - 1 12,24,rZzxcX2l,c7c6,-70,142,c7c6,0.28,0.3673,0.465,0.5584,e8c8,c7c6,c7c6,c7c6,0.0,0.5584,0.2784,False
2kr1b1r/pp2p1pp/2pp2q1/3n4/3N4/2P5/PP3PPP/R1BQ1RK1 b - - 0 14,28,rZzxcX2l,e7e5,179,80,d5c7,0.5217,0.6146,0.7044,0.8454,e7e5,e7e5,e7e5,e7e5,0.0,0.8454,0.3237,False
2kr1b1r/ppn3pp/2pp2q1/4p3/8/1NP5/PP3PPP/R1BQR1K1 b - - 1 16,32,rZzxcX2l,d8d7,154,6,f8e7,0.0047,0.0031,0.0011,0.0004,f8e7,f8e7,f8e7,f8e7,16.0,0.0047,-0.0043,False
1k1r3r/ppn1b1pp/2pp2q1/4p3/8/2P1B3/PP1N1PPP/R2QR1K1 b - - 5 18,36,rZzxcX2l,h8f8,214,22,d6d5,0.1379,0.1303,0.1537,0.1944,c7d5,c7d5,c7d5,d6d5,64.0,0.1944,0.0565,False
1k1r3r/ppn1b1pp/6q1/2ppp3/Q7/1NP1B3/PP3PPP/R3R1K1 b - - 1 20,40,rZzxcX2l,b7b6,217,31,b7b6,0.1198,0.1252,0.1148,0.1389,d5d4,d5d4,d5d4,d5d4,141.0,0.1389,0.0191,False
1k1r3r/p1n3pp/1p3bq1/2ppp3/Q7/2P1B3/PP1N1PPP/3RR1K1 b - - 3 22,44,rZzxcX2l,d5d4,371,146,h7h5,0.7283,0.7315,0.7144,0.6686,d5d4,d5d4,d5d4,d5d4,0.0,0.7315,-0.0597,False
1k1r3r/p1n2qp1/1p3b2/2ppp2p/Q7/N1P1B3/PP3PPP/3RR1K1 b - - 3 24,48,rZzxcX2l,f7d7,230,10,g7g5,0.0613,0.0847,0.0857,0.063,d5d4,d5d4,d5d4,d5d4,49.0,0.0857,0.0017,False
1k1r3r/p4q2/1p3b2/1Qppp1pp/8/2P1B3/PP3PPP/3RR1K1 b - - 0 26,52,rZzxcX2l,d5d4,158,10,f7c7,0.5214,0.5208,0.5415,0.505,d5d4,d5d4,d5d4,d5d4,0.0,0.5415,-0.0164,False
3r3r/pkq5/1p3b2/2ppp1pp/Q7/2P1B1P1/PP3P1P/3RR1K1 b - - 0 28,56,rZzxcX2l,c7c6,289,23,d5d4,0.033,0.0343,0.0417,0.0964,h5h4,h5h4,h5h4,d5d4,25.0,0.0964,0.0634,False
3r3r/pkq5/1p3b2/2p3pp/Q2p4/6P1/PP3P1P/2BRR1K1 b - - 1 30,60,rZzxcX2l,c7c6,267,3,h5h4,0.0425,0.0361,0.0388,0.0743,h5h4,h5h4,h5h4,h5h4,25.0,0.0743,0.0318,False
3r3r/pkq5/1p3b2/2p3p1/Q2p1P2/6P1/PP6/2BRR1K1 b - - 0 32,64,rZzxcX2l,c7h7,981,622,c7h7,0.0288,0.0348,0.0565,0.1364,g5f4,g5f4,g5f4,g5f4,538.0,0.1364,0.1076,False
3r3r/pk6/1p3b2/2p3p1/Q2p1P2/5KP1/PP5q/2BRR3 b - - 4 34,68,rZzxcX2l,g5g4,950,249,g5g4,0.0729,0.0795,0.0939,0.0994,h2h5,h2h5,h2h5,h2h5,137.0,0.0994,0.0265,False
r1bqk2r/1p1nbppp/5n2/p1Ppp3/1P6/2P2P2/P2NPBPP/R2QKBNR b KQkq - 1 8,16,0wb9xqSM,a5b4,145,1,a5b4,0.3256,0.3537,0.2688,0.1133,e8g8,e8g8,e8g8,e8g8,7.0,0.3537,-0.2123,False
r1bqk2r/3nbppp/1pP2n2/3pp3/1P6/5P2/P2NPBPP/R2QKBNR b KQkq - 0 10,20,0wb9xqSM,e7b4,169,82,e7b4,0.1383,0.1526,0.1541,0.1435,d7b8,d7b8,d7b8,d7b8,192.0,0.1541,0.0052,False
r2qk2r/3b1ppp/1p3n2/3pp3/1b6/4PP2/P2N1BPP/R2QKBNR b KQkq - 0 12,24,0wb9xqSM,a8a3,205,51,a8a3,0.0123,0.0103,0.0095,0.0124,e8g8,e8g8,e8g8,e8g8,59.0,0.0124,0.0001,False
4k2r/3bqppp/1p3n2/3pp3/1b6/r3PP1N/P2N1BPP/1R1QKB1R b Kk - 4 14,28,0wb9xqSM,a3a2,435,48,a3a2,0.4335,0.4088,0.3826,0.3461,a3a2,a3a2,a3a2,a3a2,0.0,0.4335,-0.0874,False
4k2r/3b1ppp/1p3n2/3pp3/1q6/4PP1N/r2NBBPP/3QK2R b Kk - 1 16,32,0wb9xqSM,e8g8,527,45,d7a4,0.1272,0.1515,0.1617,0.1622,d7a4,d7a4,d7a4,d7a4,26.0,0.1622,0.035,False
4k2r/5ppp/1p3n2/3pp3/bq6/4PP1N/2rNBBPP/3QK2R b Kk - 5 18,36,0wb9xqSM,c2b2,505,8,e8g8,0.1131,0.1052,0.1032,0.109,c2d2,c2d2,c2d2,c2d2,773.0,0.1131,-0.0041,False
5rk1/5ppp/1p3n2/3pp3/bq6/4PP1N/3rBBPP/4QRK1 b - - 1 20,40,0wb9xqSM,b4b2,524,49,b4b2,0.3873,0.4185,0.4526,0.527,b4b2,b4b2,b4b2,b4b2,0.0,0.527,0.1397,False
5rk1/5ppp/Bp3n2/3pp3/b7/4PP1N/1q2QBPP/3r1RK1 b - - 5 22,44,0wb9xqSM,b2e2,546,2,b2e2,0.5043,0.4947,0.4812,0.4727,b2e2,b2e2,b2e2,b2e2,0.0,0.5043,-0.0316,False
r3kb1r/ppp2ppp/2n1bn2/4p3/4P3/2P1BP2/PP1N2PP/R2K1BNR b kq - 3 8,16,VHHDCEEk,f6d7,-3,18,f8e7,0.0038,0.0052,0.0057,0.0079,e8c8,e8c8,e8c8,e8c8,21.0,0.0079,0.0041,False
2kr3r/ppp1bppp/2B1bn2/4p3/4P3/2P1BP2/PP1N2PP/R2K2NR b - - 0 10,20,VHHDCEEk,b7c6,-31,198,b7c6,0.9862,0.9906,0.9948,0.997,b7c6,b7c6,b7c6,b7c6,0.0,0.997,0.0108,False
2kr3r/p1pnbppp/2p1b3/4p3/4P3/2P1BP2/PPKNN1PP/R6R b - - 3 12,24,VHHDCEEk,f7f5,-1,9,d7b6,0.1845,0.1564,0.1518,0.1242,f7f5,d7b6,d7b6,d7b6,65.0,0.1845,-0.0603,False
2kr3r/p1p1b1pp/1np1b3/4pp2/2P1P3/1P2BP2/P1KNN1PP/R6R b - - 0 14,28,VHHDCEEk,g7g5,2,11,f5f4,0.0259,0.0257,0.0343,0.0504,f5e4,f5e4,f5f4,f5f4,27.0,0.0504,0.0245,False
2kr3r/p1p3pp/1np1b3/4p3/1bP1Pp2/1P3P2/P1KNNBPP/R2R4 b - - 3 16,32,VHHDCEEk,b4a3,-80,6,d8d7,0.0112,0.0084,0.0051,0.003,d8d7,d8d7,d8d7,d8d7,102.0,0.0112,-0.0082,True
2k4r/p1prb1pp/1np1b3/2P1p3/4Pp2/PP3P2/2KNNBPP/R2R4 b - - 0 18,36,VHHDCEEk,d7d2,-276,8,b6a8,0.0008,0.0006,0.0005,0.0004,b6a8,b6a8,b6a8,b6a8,21.0,0.0008,-0.0004,False
n1kr4/p1prb1pp/2p1b3/2P1p3/4Pp2/PPN2P2/2K2BPP/R2R1N2 b - - 4 20,40,VHHDCEEk,g7g5,-282,4,g7g5,0.2,0.2038,0.2108,0.2312,d7d1,d7d1,d7d1,d7d1,19.0,0.2312,0.0312,False
n1k5/p1prb2p/2p1b3/2P1p1p1/4Pp2/PPN2P2/2K2BPP/3R1N2 b - - 1 22,44,VHHDCEEk,e7f6,-294,3,a7a5,0.0063,0.0056,0.0048,0.004,d7d1,d7d1,d7d1,d7d1,19.0,0.0063,-0.0023,False
n7/2pkb2p/2p1b3/p1P1p1p1/4Pp2/PPN2P2/2KN1BPP/8 b - - 1 24,48,VHHDCEEk,h7h5,-392,4,h7h5,0.4174,0.427,0.4168,0.3913,h7h5,h7h5,h7h5,h7h5,0.0,0.427,-0.0261,False
n7/2pkb3/2p1b3/p1P1p2p/4Ppp1/PP3P2/1NKN1BPP/8 b - - 1 26,52,VHHDCEEk,g4g3,-341,59,h5h4,0.0432,0.0282,0.0166,0.0084,g4f3,g4f3,g4f3,d7c8,43.0,0.0432,-0.0348,False
n7/2pkb3/2p5/p1P1p3/2N1Pppp/PP3P2/2K2BPP/8 b - - 0 28,56,VHHDCEEk,g4g3,-413,117,g4g3,0.418,0.4082,0.405,0.3693,g4g3,g4g3,g4g3,g4g3,0.0,0.418,-0.0487,False
n7/2pkb3/2p5/p1P1p3/2N1P2p/PP3Pp1/2K3P1/6B1 b - - 1 30,60,VHHDCEEk,d7e6,-460,15,d7e6,0.5878,0.6313,0.6621,0.7129,d7e6,d7e6,d7e6,d7e6,0.0,0.7129,0.1251,False
8/2p1b3/1Pp1k3/N3p3/4P2p/PP3Pp1/2K3P1/6B1 b - - 0 32,64,VHHDCEEk,c7b6,-466,159,c7b6,0.9283,0.9493,0.9572,0.9477,c7b6,c7b6,c7b6,c7b6,0.0,0.9572,0.0194,False
8/8/1pN1k3/2b1p3/4P2p/PP3Pp1/3K2P1/6B1 b - - 2 34,68,VHHDCEEk,c5g1,419,9,c5g1,0.8618,0.9254,0.9584,0.9659,c5g1,c5g1,c5g1,c5g1,0.0,0.9659,0.1041,False
r1bqk2r/pp2npbp/2p1p1p1/2p5/4PP2/2NP1N2/PPP3PP/R1BQ1RK1 b kq - 2 8,16,pfT70uCL,c5c4,-143,13,f7f5,0.0062,0.0047,0.003,0.0028,e8g8,e8g8,e8g8,e8g8,32.0,0.0062,-0.0034,False
r1bqk2r/p3n1bp/1pp1p1p1/2p1Np2/4PP2/2NPB3/PPP3PP/R2Q1RK1 b kq - 1 10,20,pfT70uCL,e8g8,-107,10,e8g8,0.3138,0.3611,0.4811,0.6008,e8g8,e8g8,e8g8,e8g8,0.0,0.6008,0.287,False
r1b2rk1/p1q1n1bp/1pp1p1p1/2p2p2/4PP2/2NPBN2/PPP1Q1PP/R4RK1 b - - 5 12,24,pfT70uCL,c8a6,-106,4,c8a6,0.1925,0.1639,0.1694,0.2403,f5e4,f5e4,f5e4,c8a6,0.0,0.2403,0.0478,False
3r1rk1/p1q1n1bp/bpp1p1p1/2p2pN1/4PP2/2NPB3/PPP1QRPP/R5K1 b - - 9 14,28,pfT70uCL,f5e4,-42,16,c7d7,0.0969,0.0693,0.0347,0.0117,c7d6,c7d6,c7d6,c7d6,55.0,0.0969,-0.0852,False
3r1rk1/p2qn1b1/bpp1p1pp/2p1Pp2/5P2/2NPBN2/PPP1QRPP/R5K1 b - - 1 16,32,pfT70uCL,e7d5,-62,4,e7d5,0.5457,0.6699,0.7412,0.7179,e7d5,e7d5,e7d5,e7d5,0.0,0.7412,0.1722,False
3r1rk1/p3q1b1/bpp1p1pp/2pnPp2/5P2/2NP1N2/PPPB1RPP/R3Q1K1 b - - 5 18,36,pfT70uCL,c5c4,5,8,c5c4,0.157,0.1577,0.1278,0.0803,d5c3,d5b4,d5b4,d5b4,59.0,0.1577,-0.0767,False
3r1rk1/p3q1b1/bp2p1pp/2pnPp2/2pP1P2/5N2/PPPBNRPP/R3Q1K1 b - - 1 20,40,pfT70uCL,f8f7,47,8,d5b4,0.0102,0.0121,0.012,0.0089,c5d4,c5d4,c5d4,c5d4,17.0,0.0121,-0.0013,False
3r1rk1/p3q1b1/bp2p1pp/4Pp2/1npN1P2/5N2/PPPB1RPP/R2Q2K1 b - - 0 22,44,pfT70uCL,a6b7,-26,27,f8e8,0.1766,0.2234,0.2351,0.2277,b4d5,b4d5,b4d5,b4d5,80.0,0.2351,0.0511,False
3rr1k1/p3q1b1/bp2p1pp/3nPp2/2pN1P2/P4N2/1PPB1RPP/R3Q1K1 b - - 2 24,48,pfT70uCL,e7d7,36,9,e7c5,0.0282,0.0371,0.0535,0.0706,d8c8,a6b7,a6b7,a6b7,45.0,0.0706,0.0424,False
3rr1k1/pb4b1/1p2p1pp/2qnPp2/2pN1P1N/P1P5/1P1B1RPP/R3Q1K1 b - - 2 26,52,pfT70uCL,g8h7,43,22,g8h7,0.2768,0.4495,0.6044,0.6528,g8h7,g8h7,g8h7,g8h7,0.0,0.6528,0.376,False
3rr3/pb2q1bk/1p2p1pp/3nPp2/2pN1P1N/P1P3Q1/1P1BR1PP/R5K1 b - - 6 28,56,pfT70uCL,e7f7,49,109,e7f7,0.7234,0.8321,0.9066,0.951,e7f7,e7f7,e7f7,e7f7,0.0,0.951,0.2276,False
3rrb2/pb3q1k/1p2p1pp/3nPp2/2pN1P2/P1P2N1Q/1P1BR1PP/R5K1 b - - 10 30,60,pfT70uCL,h7g8,53,6,h7g7,0.0539,0.0836,0.1286,0.1956,f8c5,f8c5,h7g7,h7g7,17.0,0.1956,0.1417,False
3rr3/pb3qk1/1p2p1pp/2bnPp2/2pN1P2/P1P2N1Q/1P1BR1PP/5R1K b - - 14 32,64,pfT70uCL,a7a6,86,1,e8h8,0.1151,0.1167,0.1386,0.1836,c5d4,c5d4,e8h8,e8h8,39.0,0.1836,0.0685,False
3r3r/pb3qk1/1p2p1pp/2b1Pp2/2pN1n1Q/P1P2N2/1P2R1PP/4BR1K b - - 1 34,68,pfT70uCL,f4e2,413,39,f4e2,0.7524,0.8197,0.8568,0.8583,f4e2,f4e2,f4e2,f4e2,0.0,0.8583,0.1059,False
r2qkbnr/pp1B1ppp/4p3/3pn3/1p1P4/P4N2/2P2PPP/RNBQK2R b KQkq - 0 8,16,AFQNggQo,e5d7,273,598,e5d7,0.7219,0.9465,0.9931,0.9988,e5d7,e5d7,e5d7,e5d7,0.0,0.9988,0.2769,False
r2qkb1r/pp1n1ppp/4pn2/3p4/1P1P4/5N2/2P2PPP/RNBQ1RK1 b kq - 0 10,20,AFQNggQo,f8b4,319,87,f8b4,0.8291,0.863,0.8926,0.9211,f8b4,f8b4,f8b4,f8b4,0.0,0.9211,0.092,False
r2qk2r/pp1n1ppp/3bpn2/3p2B1/3P4/2P2N2/5PPP/RN1Q1RK1 b kq - 2 12,24,AFQNggQo,e8g8,340,8,h7h6,0.5455,0.5679,0.5788,0.5247,e8g8,e8g8,e8g8,e8g8,0.0,0.5788,-0.0208,False
r2qk2r/pp1n1p2/3bpn1p/3p2p1/3P4/2P2NB1/5PPP/RN1Q1RK1 b kq - 1 14,28,AFQNggQo,d6g3,214,22,d8c7,0.6994,0.7418,0.7784,0.823,d6g3,d6g3,d6g3,d6g3,0.0,0.823,0.1236,False
r4rk1/ppqn1p2/3Bpn1p/3p2p1/3P4/1QP2N2/5PPP/RN3RK1 b - - 0 16,32,AFQNggQo,c7d6,266,565,c7d6,0.9869,0.9911,0.9926,0.9938,c7d6,c7d6,c7d6,c7d6,0.0,0.9938,0.0069,False
rr4k1/p2n1p2/Q2qpn1p/3p2p1/3P4/2P2N2/5PPP/RN3RK1 b - - 2 18,36,AFQNggQo,d6a6,266,61,d6a6,0.3141,0.3143,0.3184,0.3754,b8b6,b8b6,b8b6,b8b6,92.0,0.3754,0.0613,False
r5k1/pr1n1p2/R3pn1p/3p2p1/3P4/2P2N2/3N1PPP/5RK1 b - - 2 20,40,AFQNggQo,g5g4,223,3,a8c8,0.1393,0.0766,0.0408,0.0207,b7b6,b7b6,b7b6,b7b6,17.0,0.1393,-0.1186,False
6k1/Rr1n1p2/4pn1p/3p2p1/3P4/2r2N2/3N1PPP/R5K1 b - - 0 22,44,AFQNggQo,b7a7,279,0,b7a7,0.6801,0.6576,0.6273,0.5522,b7a7,b7a7,b7a7,b7a7,0.0,0.6801,-0.1279,False
6k1/R2n1p2/4pn1p/3p2p1/3P4/5N2/5PPP/2r2NK1 b - - 2 24,48,AFQNggQo,g5g4,282,95,d7b6,0.3639,0.2734,0.2398,0.2503,g5g4,g5g4,g8g7,g8g7,140.0,0.3639,-0.1136,False
6k1/2R2p2/4pn1p/3pN1p1/2nP4/8/5PPP/2r2NK1 b - - 6 26,52,AFQNggQo,f6e4,249,30,f6e4,0.1647,0.1565,0.1477,0.1439,c4e5,c4e5,c4e5,c4e5,277.0,0.1647,-0.0208,False
6k1/2R2p2/4p2p/3p2p1/2nPn3/5N1P/5PP1/r4NK1 b - - 0 28,56,AFQNggQo,g8g7,550,9,c4d2,0.0886,0.1074,0.1325,0.1794,c4d2,c4d2,c4d2,c4d2,-13.0,0.1794,0.0908,False
6k1/2R2p2/4p2p/3p2p1/3P1P2/7P/3n2P1/r4NK1 b - - 0 30,60,AFQNggQo,a1f1,672,100,a1f1,0.6825,0.6831,0.6756,0.6737,a1f1,a1f1,a1f1,a1f1,0.0,0.6831,-0.0088,False
rn1qk2r/pppbbpp1/4pB1p/8/2NP4/2N5/PP2PPPP/R2QKB1R b KQkq - 0 8,16,uQbBVhRk,e7f6,-27,85,e7f6,0.9793,0.9929,0.9918,0.9867,e7f6,e7f6,e7f6,e7f6,0.0,0.9929,0.0074,False
rn1q1rk1/pppb1pp1/4pb1p/8/2NPP3/2N5/PP3PPP/R2QKB1R b KQ - 0 10,20,uQbBVhRk,b7b5,84,4,b7b5,0.1787,0.2076,0.1879,0.1521,b8c6,b8c6,b8c6,b8c6,-1.0,0.2076,-0.0266,False
rn1q1rk1/p1pb1pp1/4p2p/1p2P3/4P3/2N5/PP3PPP/R2QKB1R b KQ - 0 12,24,uQbBVhRk,a7a6,125,22,b5b4,0.146,0.2118,0.2661,0.3184,b5b4,b5b4,b5b4,b5b4,12.0,0.3184,0.1724,False
rn1q1rk1/2pb1pp1/p3p2p/4P3/1p1NP3/8/PP3PPP/R2QKB1R b KQ - 1 14,28,uQbBVhRk,c7c5,156,72,d8g5,0.2589,0.3661,0.5387,0.6944,b8c6,c7c5,c7c5,c7c5,0.0,0.6944,0.4355,False
rn3rk1/2pbqpp1/p3p2p/4P3/1p2P3/5N2/PPQ2PPP/R3KB1R b KQ - 5 16,32,uQbBVhRk,d7b5,91,4,c7c5,0.0885,0.0811,0.0732,0.0597,b8c6,c7c5,c7c5,c7c5,1.0,0.0885,-0.0288,False
r4rk1/3bqpp1/p1n1p2p/2p1P3/1pB1P3/5N2/PPQ2PPP/R4RK1 b - - 3 18,36,uQbBVhRk,c6a5,111,16,c6d4,0.2433,0.2043,0.1683,0.1473,a6a5,a6a5,a6a5,a6a5,80.0,0.2433,-0.096,False
r4rk1/3bqpp1/p3p2p/4P3/1pBpP3/8/PPQ2PPP/R2R2K1 b - - 1 20,40,uQbBVhRk,e7c5,29,9,e7c5,0.182,0.2251,0.2452,0.2296,f8c8,f8c8,f8c8,f8c8,14.0,0.2452,0.0476,False
r4rk1/3b1pp1/p3p2p/4q3/1pBQP3/8/PP3PPP/R2R2K1 b - - 0 22,44,uQbBVhRk,e5d4,-17,29,e5d4,0.7902,0.8205,0.8347,0.8612,e5d4,e5d4,e5d4,e5d4,0.0,0.8612,0.071,False
2r2rk1/3b1pp1/p3p2p/8/1pBRP3/1P6/P4PPP/R5K1 b - - 0 24,48,uQbBVhRk,d7b5,-36,47,d7b5,0.4387,0.5405,0.6176,0.6597,d7b5,d7b5,d7b5,d7b5,0.0,0.6597,0.221,False
2r2rk1/5pp1/4p2p/1p6/1R2P3/1P6/P4PPP/R5K1 b - - 0 26,52,uQbBVhRk,c8c5,-21,70,c8b8,0.3225,0.3843,0.4684,0.5429,c8b8,c8c5,c8c5,c8c5,0.0,0.5429,0.2204,False
1r1r2k1/5pp1/4p2p/1p6/1R2P3/1P6/P4PPP/2R2K2 b - - 4 28,56,uQbBVhRk,b8a8,-88,55,d8d2,0.0312,0.0229,0.0191,0.0204,d8d2,d8d2,d8d2,d8d2,68.0,0.0312,-0.0108,False
3r2k1/5pp1/4p2p/1p6/PR2P3/1P6/3r1PPP/2R1K3 b - - 2 30,60,uQbBVhRk,d2a2,3,3,d2a2,0.0411,0.0472,0.0568,0.0691,b5a4,b5a4,b5a4,b5a4,3.0,0.0691,0.028,False
2r3k1/5pp1/4p2p/1p6/PR2P3/1P6/r2R1PPP/4K3 b - - 6 32,64,uQbBVhRk,a2a1,0,324,a2a1,0.4146,0.3884,0.3303,0.3047,a2a1,c8c1,c8c1,c8c1,343.0,0.4146,-0.1099,False
6k1/5pp1/4p2p/1P6/1R2P3/1P6/3RKPPP/r1r5 b - - 0 34,68,uQbBVhRk,a1a7,-395,67,f7f5,0.0037,0.0035,0.0043,0.0058,c1e1,c1e1,c1e1,c1e1,99.0,0.0058,0.0021,False
rnbqk2r/ppp1bBpp/3p1n2/8/4P3/1Q3N2/PB3PPP/RN2K2R b KQkq - 0 8,16,9w6Tt4ob,e8f8,-157,1841,e8f8,0.8323,0.9077,0.959,0.985,e8f8,e8f8,e8f8,e8f8,0.0,0.985,0.1527,False
rnbq1k1r/ppp1b2p/3p1nB1/6N1/4P3/1Q6/PB3PPP/RN2K2R b KQ - 0 10,20,9w6Tt4ob,d6d5,-289,552,f8g7,0.1784,0.2917,0.3245,0.316,h7g6,h7g6,h7g6,h7g6,1710.0,0.3245,0.1376,False
