fen,ply,game_id,engine_best,best_cp,engine_margin,played_move,p_engine_move_1100,p_engine_move_1400,p_engine_move_1700,p_engine_move_2000,human_top_1100,human_top_1400,human_top_1700,human_top_2000,human_cost_cp,p_max,p_slope,machine_unique
r1bqkb1r/pp2pppp/2n5/2p1P3/2Pp1B2/3B1N2/PPP2PPP/R2QK2R b KQkq - 1 8,16,?,d8a5,-47,23,c8g4,0.026,0.0197,0.0128,0.0078,c8g4,c8g4,c8g4,c8g4,42.0,0.026,-0.0182,False
r2qkb1r/pp2pppp/2n5/2p1P3/2Pp1B2/3B1Q1P/PPP2PP1/R3K2R b KQkq - 0 10,20,?,d8a5,-89,8,e7e6,0.0754,0.0677,0.0748,0.0751,e7e6,e7e6,e7e6,e7e6,0.0,0.0754,-0.0003,False
r3kb1r/pp3ppp/2n1p3/q1p1P3/2Pp4/3B2QP/PPPB1PP1/R3K2R b KQkq - 3 12,24,?,a5c7,-76,12,a5c7,0.1799,0.1944,0.2451,0.3171,a5b6,a5b6,a5b6,a5b6,18.0,0.3171,0.1372,False
r3kb1r/ppq2p1p/2n1p1p1/2p1P3/2Pp1P2/3B2QP/PPPB2P1/R4RK1 b kq - 1 14,28,?,h7h5,-76,24,h7h5,0.0394,0.043,0.0619,0.2086,e8c8,f8g7,f8g7,f8g7,29.0,0.2086,0.1692,False
2kr1b1r/ppq2p2/2n1p1p1/2p1P2p/2Pp1P2/P2B2QP/1PPB2P1/4RRK1 b - - 0 16,32,?,h5h4,-93,6,h5h4,0.2404,0.2037,0.1456,0.0999,h5h4,f8e7,f8e7,f8e7,13.0,0.2404,-0.1405,False
2kr1b1r/ppq1np2/4p1p1/2p1P3/1PPp1P1p/P2B1Q1P/2PB2P1/4RRK1 b - - 0 18,36,?,e7f5,-114,11,e7f5,0.3808,0.5489,0.6842,0.6831,e7f5,e7f5,e7f5,e7f5,0.0,0.6842,0.3023,False
2kr3r/ppq2p2/4p1p1/2b1Pn2/2Pp1P1p/P2B1Q1P/2PB2P1/1R3RK1 b - - 1 20,40,?,f5e3,-40,34,b7b6,0.1308,0.1342,0.1349,0.1125,f5g3,f5g3,f5g3,d8d7,57.0,0.1349,-0.0183,False
2kr3r/p1q2p2/1p2p1p1/2b1P3/P1Pp1P1p/3BnQ1P/2PB2P1/1R2R1K1 b - - 2 22,44,?,c8d7,-9,0,a7a5,0.0797,0.0976,0.1055,0.1116,e3f5,e3f5,e3f5,e3f5,158.0,0.1116,0.0319,False
3r3r/2qk1p2/1p2p1p1/pRb1P3/P1Pp1P1p/3BnQ1P/2PB2P1/4R2K b - - 3 24,48,?,d7e8,14,124,d7e7,0.024,0.0258,0.0264,0.0246,e3f5,e3f5,e3f5,e3f5,138.0,0.0264,0.0006,True
3r3r/2q1kp2/1p2p1p1/pRb1Pn2/P1Pp1P1p/3B1Q1P/2PB2P1/4R2K b - - 7 26,52,?,e7f8,0,0,f5e3,0.0181,0.0218,0.0265,0.0307,f5g3,f5g3,f5g3,f5g3,0.0,0.0307,0.0126,False
3r3r/2q1kp2/1p2p1p1/pRb1Pn2/P1Pp1P1p/3B1Q1P/2PB2P1/4R2K b - - 11 28,56,?,e7f8,0,0,d8c8,0.0181,0.0218,0.0265,0.0307,f5g3,f5g3,f5g3,f5g3,0.0,0.0307,0.0126,False
1r5r/2q1kp2/1p2p1p1/BRb1Pn2/P1Pp1P1p/3B1Q1P/2P3P1/1R5K b - - 0 30,60,?,b6a5,-205,16,f5e3,0.4395,0.4163,0.3957,0.3807,b6a5,b6a5,f5g3,f5g3,18.0,0.4395,-0.0588,False
1rr5/2q1kp2/1p2p1p1/1RB1P3/P1Pp1P1p/3BnQ1P/2P3P1/1R5K b - - 0 32,64,?,b6c5,-266,267,b6c5,0.9122,0.9515,0.9695,0.9734,b6c5,b6c5,b6c5,b6c5,0.0,0.9734,0.0612,False
1rr2k2/1Rq2p2/4p1p1/2p1P3/P1PpBP1p/4nQ1P/2P3P1/1R5K b - - 3 34,68,?,b8b7,-1,11,b8b7,0.851,0.8748,0.8965,0.8943,b8b7,b8b7,b8b7,b8b7,0.0,0.8965,0.0433,False
r2qkbnr/pp3ppp/2n1p3/3pPb2/3P4/2N2N2/PP2BPPP/R1BQK2R b KQkq - 1 8,16,?,f5g4,-27,13,h7h6,0.0119,0.012,0.0103,0.0079,f8b4,f8b4,f8b4,f8b4,13.0,0.012,-0.004,False
r2qkb1r/pp2npp1/2n1p2p/1N1pPb2/3P4/5N2/PP2BPPP/R1BQ1RK1 b kq - 3 10,20,?,e7c8,-23,8,e7c8,0.4028,0.6528,0.8256,0.9249,e7c8,e7c8,e7c8,e7c8,0.0,0.9249,0.5221,False
r1nqkb1r/pp3pp1/2n1p2p/1N1pP3/3P4/3Q1N2/PP3PPP/R1B2RK1 b kq - 0 12,24,?,f8e7,-26,2,f8e7,0.2093,0.1803,0.1353,0.1337,a7a6,a7a6,a7a6,a7a6,10.0,0.2093,-0.0756,False
r1nqk2r/1p2bpp1/p1n1p2p/3pP3/3P4/2NQ4/PP3PPP/R1B1NRK1 b kq - 1 14,28,?,e7b4,-14,8,d8b6,0.0208,0.019,0.0141,0.0091,e8g8,e8g8,e8g8,e8g8,5.0,0.0208,-0.0117,False
r1n1k2r/1p2bpp1/pq2p2p/3pP3/1N1P4/2NQ4/PP3PPP/R1B2RK1 b kq - 0 16,32,?,e7b4,-24,11,e7b4,0.548,0.5542,0.5717,0.6585,e7b4,e7b4,e7b4,e7b4,0.0,0.6585,0.1105,False
r3k2r/1p2npp1/pq2p2p/3pP3/1b1P1P2/P1NQ4/1P4PP/R1B2RK1 b kq - 0 18,36,?,b4c3,-20,275,b4c3,0.8154,0.8136,0.8431,0.9075,b4c3,b4c3,b4c3,b4c3,0.0,0.9075,0.0921,False
2r1k2r/1p2npp1/pq2p2p/3pP3/3P1P2/P1PQ4/6PP/1RB2RK1 b k - 2 20,40,?,b6c6,-44,9,b6c6,0.2839,0.3072,0.3488,0.4297,b6c7,b6c7,b6c7,b6c6,0.0,0.4297,0.1458,False
2r1k2r/1p2npp1/p1q1p3/3pP2p/P2P1P2/2PQ4/3B2PP/1R3RK1 b k - 0 22,44,?,c6a4,42,10,e7f5,0.1836,0.111,0.077,0.0808,e7f5,e7f5,e7f5,e7f5,25.0,0.1836,-0.1028,False
2r2rk1/1p3pp1/pRq1p3/P2pPn1p/3P1P2/2PQ4/3B2PP/5RK1 b - - 2 24,48,?,c6a4,36,14,c6d7,0.3435,0.273,0.237,0.2241,c6c7,c6c7,c6c7,c6c4,36.0,0.3435,-0.1194,False
5rk1/1p1q1pp1/pRr1p3/P2pPn1p/3P1P2/2PQ2P1/3B3P/1R4K1 b - - 2 26,52,?,c6b6,124,63,c6b6,0.3838,0.3528,0.361,0.3516,f8b8,f8b8,f8b8,f8b8,69.0,0.3838,-0.0322,False
2r3k1/1p1q1pp1/pR2p3/P2pPn1p/3P1P2/2P3P1/3B3P/1Q4K1 b - - 2 28,56,?,d7a4,98,40,c8c7,0.0681,0.049,0.0427,0.0443,c8c7,c8c7,c8c7,c8c7,44.0,0.0681,-0.0238,False
6k1/1pr2pp1/pR2p3/P2pPn1p/q2P1P2/2P3PP/3B2K1/1Q6 b - - 0 30,60,?,a4a5,160,5,a4a5,0.7642,0.7344,0.6923,0.6153,a4a5,a4a5,a4a5,a4a5,0.0,0.7642,-0.1489,False
6k1/1Rr2pp1/p3p3/q2pP2p/3n1PP1/2P4P/3B2K1/1Q6 b - - 0 32,64,?,c7b7,432,237,c7b7,0.4254,0.3988,0.3444,0.2955,c7b7,c7b7,d4b5,d4b5,2429.0,0.4254,-0.1299,False
6k1/1Q3pp1/p3p3/3pP2p/3P1PP1/7P/q2B2K1/8 b - - 0 34,68,?,a2d2,526,576,a2d2,0.9879,0.9941,0.9968,0.9972,a2d2,a2d2,a2d2,a2d2,0.0,0.9972,0.0093,False
r3kbnr/pp1npppp/2p5/8/4P3/8/PPP1KPPP/RNB1N2R b kq - 0 8,16,?,g7g6,-44,6,e7e5,0.0203,0.0167,0.0097,0.0047,e8c8,e8c8,e8c8,e8c8,20.0,0.0203,-0.0156,False
r3k1nr/pp1n1ppp/2pb4/4p3/4P3/3N4/PPPNKPPP/R1B4R b kq - 3 10,20,?,g8e7,-55,2,d6c7,0.0459,0.0618,0.0835,0.1531,g8f6,g8f6,g8f6,e8c8,23.0,0.1531,0.1072,False
r3k2r/ppbnnppp/2p5/4p3/P1N1P3/3N4/1PP1KPPP/R1B4R b kq - 2 12,24,?,f7f5,-41,10,f7f6,0.0437,0.0455,0.0622,0.0777,e8g8,e8g8,e8g8,f7f6,45.0,0.0777,0.034,False
r3k2r/1pbnn1pp/p1p2p2/P3p3/2N1P3/3NB3/1PP1KPPP/R6R b kq - 0 14,28,?,h7h5,-111,5,e8c8,0.0057,0.0051,0.0043,0.0049,e8g8,e8g8,e8g8,e8g8,113.0,0.0057,-0.0008,True
2kr3r/1pbnn1pp/p1p5/P1N1pp2/2N1P3/4B3/1PP1KPPP/R2R4 b - - 1 16,32,?,d7c5,-174,16,f5f4,0.5478,0.6222,0.6916,0.7133,d7c5,d7c5,d7c5,d7c5,0.0,0.7133,0.1655,False
2k4r/1pbrn1pp/p1p5/P1B1p3/2N1Pp2/8/1PP1KPPP/R2R4 b - - 1 18,36,?,d7d1,-142,7,h8d8,0.2997,0.2328,0.1528,0.0955,h8d8,h8d8,h8d8,h8d8,-3.0,0.2997,-0.2042,False
2k5/1pbrn1pp/p1p5/P1B1p3/2N1Pp2/R7/1PP1KPPP/8 b - - 1 20,40,?,e7g8,-119,29,g7g5,0.0626,0.0732,0.0803,0.0934,e7g6,e7g6,e7g6,e7g6,62.0,0.0934,0.0308,False
2k5/1pbr3p/p1p3n1/P1B1p1pR/2N1Pp2/8/1PP1KPPP/8 b - - 3 22,44,?,g5g4,-291,32,g5g4,0.3952,0.4386,0.4722,0.4483,g5g4,g5g4,g5g4,g5g4,0.0,0.4722,0.0531,False
3k4/1pbr3p/p1p3n1/P1B1p1R1/2N1Ppp1/6P1/1PP1KP1P/8 b - - 2 24,48,?,d8e8,-348,1,d8e8,0.0243,0.0277,0.033,0.0467,f4f3,f4f3,f4f3,f4f3,89.0,0.0467,0.0224,False
8/1pbr1k1p/p1p3n1/P1B1p1R1/2N1Pp2/6P1/1PP1KP1P/8 b - - 2 26,52,?,f7e6,-352,8,f4g3,0.0513,0.0642,0.0835,0.1219,h7h6,h7h6,h7h6,h7h6,11.0,0.1219,0.0706,False
8/1pbr1k2/p1p3np/P1B1p2R/2N1P3/6P1/1PP1KP2/8 b - - 1 28,56,?,f7g7,-465,20,f7g7,0.7749,0.9032,0.9505,0.9577,f7g7,f7g7,f7g7,f7g7,0.0,0.9577,0.1828,False
rnbqkb1r/4pp1p/p2p1np1/1p6/3NP3/1BN1B3/PPP2PPP/R2QK2R b KQkq - 1 8,16,?,c8b7,-65,8,b8d7,0.1465,0.2049,0.2742,0.4327,f8g7,f8g7,f8g7,c8b7,0.0,0.4327,0.2862,False
r1bqkb1r/4pp1p/p2p1np1/1pn5/3NP3/1BN1BP2/PPPQ2PP/R3K2R b KQkq - 2 10,20,?,c8d7,-43,13,c8d7,0.0227,0.021,0.0207,0.0543,c5b3,c5b3,c5b3,c5b3,25.0,0.0543,0.0316,False
r2qkb1r/3bpp2/p2p1np1/1pn4p/3NP3/1BN1BP2/PPPQ2PP/1K1R3R b kq - 1 12,24,?,f8g7,-57,15,f8g7,0.0689,0.0689,0.0654,0.0851,c5b3,c5b3,c5b3,c5b3,18.0,0.0851,0.0162,False
r2q1rk1/3bppb1/p2p1npB/1pn4p/3NP3/1BN2P2/PPPQ2PP/1K1RR3 b - - 5 14,28,?,a8c8,-39,33,d8b8,0.0159,0.0164,0.0269,0.0898,c5b3,c5b3,c5b3,c5b3,48.0,0.0898,0.0739,False
rq3r2/3bppk1/p2p1np1/1pn3Qp/3NP3/1BN2P2/PPP3PP/1K1RR3 b - - 1 16,32,?,e7e6,-34,83,b5b4,0.0101,0.0092,0.0087,0.0114,c5b3,c5b3,c5b3,a6a5,186.0,0.0114,0.0013,True
rq3r2/3bppk1/p2p1np1/3N2Qp/1p2P3/1N3P2/PPP3PP/1K1RR3 b - - 0 18,36,?,f8e8,-103,8,f6d5,0.0424,0.0421,0.0347,0.0355,f6d5,f6d5,f6d5,f6d5,39.0,0.0424,-0.0069,False
rq2r3/3bRpk1/p2p2p1/3P2Qp/1p6/1N3P2/PPP3PP/1K1R4 b - - 0 20,40,?,e8e7,-54,54,b8d8,0.5291,0.5516,0.5199,0.4319,e8e7,e8e7,e8e7,e8e7,0.0,0.5516,-0.0972,False
r2q4/3bQpk1/p2p2p1/3P3p/1p6/1N3P2/PPP3PP/1K2R3 b - - 0 22,44,?,d8c7,-130,55,d8c7,0.0885,0.1094,0.1536,0.1995,d8e7,d8e7,d8e7,d8e7,65.0,0.1995,0.111,False
2r5/2qb1pk1/p2p2p1/3P2Qp/1p1N4/5P2/PPP3PP/1K2R3 b - - 4 24,48,?,c7c4,-32,2,a6a5,0.1658,0.2004,0.252,0.3056,d7a4,c7c4,c7c4,c7c4,0.0,0.3056,0.1398,False
2r5/3bRpk1/3p2p1/p2P3p/1pqN4/5P2/PPPQ2PP/1K6 b - - 3 26,52,?,c4f1,-52,121,c8c7,0.4133,0.3846,0.3327,0.2945,c4f1,c4f1,c4f1,c4f1,0.0,0.4133,-0.1188,False
8/2rb1pk1/3p2p1/p2P3p/1p1N4/1P3P2/P1PQ2PP/1K2Rq2 b - - 2 28,56,?,f1a6,-308,239,f1a6,0.8163,0.8792,0.924,0.9468,f1a6,f1a6,f1a6,f1a6,0.0,0.9468,0.1305,False
8/2rb1pk1/q2p2p1/3P3p/pQ1N4/1P3P2/PKP3PP/4R3 b - - 0 30,60,?,g7g8,-283,21,a4b3,0.0009,0.0009,0.0011,0.0022,a4b3,a4b3,a4b3,a4b3,61.0,0.0022,0.0013,False
8/r2b1pk1/q1Np2p1/3P3p/1Q6/1P3P2/1KP3PP/4R3 b - - 2 32,64,?,a7a8,-385,0,a6a2,0.0659,0.0654,0.0678,0.0876,d7c6,d7c6,d7c6,d7c6,33.0,0.0876,0.0217,False
8/2rb1pk1/2NQ2p1/3P3p/8/1PK2P2/q1P3PP/4R3 b - - 0 34,68,?,c7b7,-439,107,d7c6,0.0789,0.0901,0.099,0.116,a2a5,a2a5,a2a5,a2a5,80.0,0.116,0.0371,False
r1bqk1nr/1p2ppbp/p2p2p1/2p5/3nP3/3PB1P1/PPPQ1PBP/R2NK1NR b KQkq - 3 8,16,?,e7e5,-35,7,g8f6,0.1041,0.1184,0.1327,0.1522,g8f6,g8f6,g8f6,b7b5,18.0,0.1522,0.0481,False
r1bqk2r/1p2ppbp/p1np1np1/2p5/4P3/2PPB1PP/PP1Q1PB1/R2NK1NR b KQkq - 0 10,20,?,a6a5,-52,4,e8g8,0.0021,0.0025,0.0024,0.0016,e8g8,e8g8,b7b5,b7b5,216.0,0.0025,-0.0005,True
r1bqr1k1/1p2ppBp/p1np1np1/2p5/4P3/2PP2PP/PP1Q1PB1/R2NK1NR b KQ - 0 12,24,?,g8g7,-103,340,g8g7,0.9982,0.9992,0.9994,0.9996,g8g7,g8g7,g8g7,g8g7,0.0,0.9996,0.0014,False
r1bqr3/1p2ppkp/p1n2np1/2pp4/4P3/2PP2PP/PPQ1NPB1/R2NK2R b KQ - 1 14,28,?,e7e5,85,32,e7e5,0.1923,0.1757,0.1951,0.4252,d5e4,d5e4,d5e4,e7e5,0.0,0.4252,0.2329,False
r1bqr3/1p3pkp/p1n2np1/2p1p3/2PpP3/3P2PP/PPQ1NPB1/R2N1RK1 b - - 0 16,32,?,f6h5,137,12,d8d6,0.0217,0.0331,0.0471,0.0657,b7b5,c6b4,c6b4,c8e6,26.0,0.0657,0.044,False
r3r3/1p1b1pkp/p1nq1np1/2p1p3/2PpPP2/3P2PP/PPQ1NNB1/R4RK1 b - - 2 18,36,?,h7h5,106,4,b7b5,0.0269,0.0307,0.0366,0.0554,e5f4,e5f4,e5f4,b7b5,6.0,0.0554,0.0285,False
2r1r3/3b1pkp/p1nq1np1/1pp1p3/2PpPP2/1P1P2PP/P1Q1NNB1/3R1RK1 b - - 2 20,40,?,b5b4,104,4,c6b4,0.2261,0.2088,0.1836,0.1366,b5b4,e5f4,c6b4,c6b4,37.0,0.2261,-0.0895,False
2r1r1n1/3b1pkp/p2q2p1/1pp1p3/1nPpPPP1/1P1P3P/P2QNNB1/3R1RK1 b - - 0 22,44,?,h7h6,42,21,f7f6,0.0223,0.0202,0.0171,0.0155,e5f4,e5f4,e5f4,f7f6,90.0,0.0223,-0.0068,False
2r1r1n1/3b2kp/p2q2p1/1pp1p3/1nPpP1P1/1P1P2NP/P2Q1NB1/3R1RK1 b - - 1 24,48,?,e8f8,91,24,d6e7,0.2449,0.301,0.3479,0.4323,e8f8,e8f8,e8f8,e8f8,0.0,0.4323,0.1874,False
2r2Rn1/3bq1kp/p5p1/1pp1p3/1nPpP1P1/1P1P2NP/P2Q2B1/3R2KN b - - 0 26,52,?,c8f8,96,62,c8f8,0.7467,0.8499,0.8987,0.9177,c8f8,c8f8,c8f8,c8f8,0.0,0.9177,0.171,False
5rn1/3bq1k1/p5pp/1pp1p3/1nPpP1P1/1P1P2NP/P2Q1NB1/5RK1 b - - 1 28,56,?,b4c6,167,9,e7g5,0.0434,0.0492,0.0587,0.0668,b5c4,e7h4,e7h4,e7h4,2.0,0.0668,0.0234,False
5rn1/3b2k1/p5pp/1pp1p3/1nPpP1P1/PP1Pq1NP/5NB1/3Q1RK1 b - - 0 30,60,?,f8f2,317,48,b4a2,0.0059,0.005,0.0051,0.0069,b4a2,b4c6,b4c6,b4c6,83.0,0.0069,0.001,False
5rn1/3b2k1/p5pp/1pp1p3/2PpP1P1/PPnPQ1NP/5NB1/5RK1 b - - 0 32,64,?,d4e3,276,715,d4e3,0.9983,0.9996,0.9998,0.9999,d4e3,d4e3,d4e3,d4e3,0.0,0.9999,0.0016,False
5r2/3b2k1/p4npp/1pp1p3/2P1P1P1/PPnPp1NP/6B1/4R1KN b - - 3 34,68,?,b5b4,199,13,b5c4,0.1028,0.0965,0.0871,0.0782,b5c4,b5c4,b5c4,b5c4,74.0,0.1028,-0.0246,False
r2qkb1r/pp1b1pp1/2n1pn1p/2pp4/3P1BPP/2N1PQ2/PPP1NP2/R3KB1R b KQkq - 3 8,16,?,a8c8,-30,9,c5d4,0.012,0.0112,0.0147,0.0312,f8e7,d8b6,d8b6,d8b6,9.0,0.0312,0.0192,False
r3kb1r/pp1b1pp1/1qn1pn1p/3p4/3P1BPP/2N2Q2/PPP1NP2/2KR1B1R b kq - 2 10,20,?,c6a5,-31,17,f8b4,0.0299,0.0493,0.0626,0.0699,f8b4,f8b4,f8b4,f8b4,117.0,0.0699,0.04,False
r3k1nr/pp1b1pp1/1qn1p2p/3p2P1/1b1P1B1P/P1N2Q2/1PP1NP2/2KR1B1R b kq - 0 12,24,?,b4e7,-145,16,b4a5,0.1659,0.2357,0.3275,0.4316,b4c3,b4c3,b4c3,b4e7,0.0,0.4316,0.2657,False
r3k1nr/pp1b1pp1/1qn1p1P1/b2p3p/3P1B1P/P1N2Q1B/1PP1NP2/2KR3R b kq - 0 14,28,?,f7f5,-279,20,f7f5,0.0636,0.051,0.0403,0.0447,f7f6,f7f6,f7f6,f7g6,40.0,0.0636,-0.0189,False
r3k2r/pp1bn1p1/1qn1p1P1/b2p1pBp/3P1N1P/P1N2Q1B/1PP2P2/2KR3R b kq - 3 16,32,?,e8c8,-334,7,e8c8,0.3297,0.3633,0.3709,0.3784,c6d4,c6d4,c6d4,e8c8,0.0,0.3784,0.0487,False
2kr3r/pp1bn1p1/1q2p1P1/b2p1pBp/1P1P1N1P/2N2Q1B/2P2P2/2KR3R b - - 0 18,36,?,b6b4,-330,32,a5b4,0.3544,0.381,0.3762,0.3008,a5b4,a5b4,a5b4,a5b4,25.0,0.381,-0.0536,False
2kr3r/pp1bn1p1/1q2p1P1/3p1pBp/3P1N1P/b1N2Q1B/2PK1P2/3RR3 b - - 3 20,40,?,e7c6,-319,7,b6d4,0.0118,0.0082,0.0052,0.0026,b6d4,b6d4,b6d4,b6d4,38.0,0.0118,-0.0092,False
2kr3r/pp1bn1p1/4p1P1/3p1pBp/2q2N1P/b1NQ3B/2P1KP2/3RR3 b - - 3 22,44,?,a3b4,-268,41,c4d3,0.043,0.0477,0.0492,0.0437,c4c5,c4c7,c4c7,c4c7,184.0,0.0492,0.0007,True
2k1r2r/pp1bn1p1/4p1P1/3p1pBp/5N1P/b1NP3B/5P2/3RRK2 b - - 2 24,48,?,a3b4,-260,52,c8b8,0.4383,0.4184,0.3492,0.2771,a3b4,a3b4,a3b4,a3d6,159.0,0.4383,-0.1612,False
1k2r2r/pp1bn1p1/4N1P1/3p1pBp/1b5P/2NP3B/5P2/2R1RK2 b - - 2 26,52,?,e7g6,-355,87,e7c8,0.5035,0.5556,0.5946,0.6082,e7g6,e7g6,e7g6,e7g6,0.0,0.6082,0.1047,False
1kn4r/pp1b2N1/6P1/3p1pBp/1b5P/2NP3B/5P2/2R1K3 b - - 0 28,56,?,d5d4,-287,170,d5d4,0.1992,0.3126,0.4528,0.5423,h8g8,d5d4,d5d4,d5d4,0.0,0.5423,0.3431,False
1kn4r/pp6/6P1/5NBp/1b1p3P/2NP4/5P2/2R1K3 b - - 0 30,60,?,b4c3,-350,39,b4c3,0.6186,0.6514,0.6285,0.5803,b4c3,b4c3,b4c3,b4c3,0.0,0.6514,-0.0383,False
1kn3r1/pp4P1/8/5NBp/3p3P/2bP4/5P2/2R2K2 b - - 0 32,64,?,a7a5,-315,12,b8c7,0.2183,0.3221,0.4252,0.4513,c8b6,a7a5,a7a5,a7a5,0.0,0.4513,0.233,False
2n3r1/pp1k2P1/5B1N/7p/3p3P/2bP4/5P2/2R2K2 b - - 4 34,68,?,g8g7,-440,8,g8g7,0.2613,0.2443,0.2489,0.2727,c8e7,c8e7,c8e7,c8e7,26.0,0.2727,0.0114,False
rn1q1rk1/ppp1bpp1/4pn1p/3p1b2/8/1P1P1NP1/PBPNPPBP/R2Q1RK1 b - - 4 8,16,?,f5h7,-8,2,a7a5,0.0445,0.055,0.0802,0.1687,c7c6,c7c6,c7c6,c7c5,24.0,0.1687,0.1242,False
rn1q1rk1/1pp1bppb/4pn1p/p2p4/2P5/PP1P1NP1/1B1NPPBP/R2Q1RK1 b - - 0 10,20,?,b8d7,20,9,c7c6,0.0621,0.0646,0.0779,0.0965,c7c6,c7c6,c7c6,c7c6,18.0,0.0965,0.0344,False
r2q1rk1/1p1nbppb/2p1pn1p/p2p4/2P5/PPBP1NP1/3NPPBP/R1Q2RK1 b - - 3 12,24,?,c6c5,21,12,c6c5,0.0455,0.0401,0.029,0.0134,a5a4,a5a4,a5a4,a5a4,66.0,0.0455,-0.0321,False
r2q1rk1/1p1nbppb/5n1p/p1pp4/3P4/PPB2NP1/3NPPBP/R1Q2RK1 b - - 0 14,28,?,b7b6,42,23,b7b6,0.1818,0.1833,0.1663,0.1036,c5d4,c5d4,b7b5,b7b5,101.0,0.1833,-0.0782,False
r2qr1k1/3nbppb/1p3n1p/p1pp4/3P4/PPB2NP1/1Q1NPPBP/R1R3K1 b - - 3 16,32,?,a5a4,74,36,a5a4,0.0256,0.02,0.016,0.023,c5d4,f6e4,f6e4,a8c8,42.0,0.0256,-0.0026,False
r2qr1k1/3nbppb/5n1p/2pp4/p7/PPB1PNP1/1Q1N1PBP/R1R3K1 b - - 0 18,36,?,a4b3,187,115,a4b3,0.5923,0.6963,0.7559,0.6631,a4b3,a4b3,a4b3,a4b3,0.0,0.7559,0.0708,False
1r1qr1k1/3nbppb/5n1p/2pp4/8/PNB1PNP1/Q4PBP/R1R3K1 b - - 2 20,40,?,f6e4,151,1,f6e4,0.1672,0.2096,0.2597,0.2961,c5c4,c5c4,c5c4,c5c4,15.0,0.2961,0.1289,False
1r1qr1k1/3n1ppb/5b1p/2pp4/4n3/PN2PNP1/Q4PBP/1RR1B1K1 b - - 6 22,44,?,e4d6,293,15,e4d6,0.0113,0.0101,0.0086,0.0094,c5c4,c5c4,c5c4,c5c4,91.0,0.0113,-0.0019,False
1r1qr1k1/3n1ppb/3n3p/2pp4/8/PN2PNP1/Q4PBP/R3B1K1 b - - 0 24,48,?,d8b6,366,39,d8b6,0.0187,0.018,0.0208,0.031,c5c4,c5c4,c5c4,h7e4,33.0,0.031,0.0123,False
1r2r1k1/5ppb/1q1n1n1p/2pp4/8/PN2P1P1/Q2N1PBP/2R1B1K1 b - - 4 26,52,?,c5c4,371,37,c5c4,0.5935,0.6637,0.7216,0.7416,c5c4,c5c4,c5c4,c5c4,0.0,0.7416,0.1481,False
1r2r1k1/5ppb/3n1n1p/3p4/2pN4/P3P1P1/1Q1N1PBP/2R1B1K1 b - - 0 28,56,?,b8b2,320,759,b8b2,0.9992,0.9998,1.0,1.0,b8b2,b8b2,b8b2,b8b2,0.0,1.0,0.0008,False
r5k1/5ppb/3n1n1p/3p4/1BpN4/P3P1P1/1r3PBP/2R2NK1 b - - 3 30,60,?,d6e4,384,60,d6e4,0.5602,0.6926,0.8022,0.8432,d6e4,d6e4,d6e4,d6e4,0.0,0.8432,0.283,False
r5k1/4Bppb/5n1p/3p4/2pN4/P3PPP1/1r3nBP/2R2NK1 b - - 2 32,64,?,f2d3,428,6,f2d3,0.6716,0.7427,0.7658,0.7185,f2d3,f2d3,f2d3,f2d3,0.0,0.7658,0.0469,False
r5k1/3nBppb/7p/3p4/2pNP3/P2n1PP1/1r4BP/R4NK1 b - - 0 34,68,?,d5e4,431,9,d5e4,0.2937,0.4306,0.5654,0.5725,d5e4,d5e4,d5e4,d5e4,0.0,0.5725,0.2788,False
rn1qkb1r/1p3ppp/p2pbn2/4p3/4P3/1NN1B2P/PPP2PP1/R2QKB1R b KQkq - 0 8,16,?,b8d7,-41,2,f8e7,0.1457,0.1592,0.1758,0.2642,f8e7,f8e7,f8e7,f8e7,0.0,0.2642,0.1185,False
rn1q1rk1/1p2bppp/p2pbn2/4p3/4P3/1NN1BQ1P/PPP2PP1/2KR1B1R b - - 4 10,20,?,b7b5,-15,60,b7b5,0.1221,0.153,0.1496,0.1135,b8c6,b8d7,b8d7,b8d7,56.0,0.153,-0.0086,False
rn1q1rk1/4bppp/p2pbn2/3Np3/1p2P1P1/1N2BQ1P/PPP2P2/2KR1B1R b - - 1 12,24,?,a6a5,-28,0,f6d5,0.2206,0.1913,0.1298,0.0529,e6d5,e6d5,e6d5,e6d5,54.0,0.2206,-0.1677,False
rnbq1rk1/4bppp/p2p4/3Pp3/1p4PP/1N2BQ2/PPP2P2/2KR1B1R b - - 0 14,28,?,f7f5,0,5,f7f5,0.0266,0.0399,0.077,0.1956,a6a5,a6a5,a6a5,a6a5,6.0,0.1956,0.169,False
rn1q1rk1/4b1pp/p2p4/3Ppb2/1p5P/1N2B3/PPP2PQ1/2KR1B1R b - - 1 16,32,?,b8d7,6,10,b8d7,0.1203,0.1425,0.1815,0.2687,e7h4,e7h4,d8c7,b8d7,0.0,0.2687,0.1484,False
r2q1rk1/3nb1pp/3p4/p2Ppb2/1p5P/1N1BB3/PPP2PQ1/1K1R3R b - - 1 18,36,?,f5d3,-2,7,f5d3,0.4421,0.4883,0.4874,0.3963,f5d3,f5d3,f5d3,a5a4,132.0,0.4883,-0.0458,False
r4rk1/2qnb1pp/3p4/p2Pp2P/1p6/1N1RB3/PPP2PQ1/1K5R b - - 0 20,40,?,d7f6,0,28,d7f6,0.099,0.1068,0.106,0.0696,h7h6,a5a4,a5a4,a5a4,45.0,0.1068,-0.0294,False
r4rk1/2q1b2p/3p1npP/p2Pp3/1p6/3RB3/PPPN1PQ1/1K5R b - - 1 22,44,?,a8c8,0,7,a5a4,0.1986,0.2062,0.2664,0.323,a5a4,a5a4,a5a4,a5a4,16.0,0.323,0.1244,False
r4rk1/4b2p/3p1npP/3Pp3/ppq1N2R/3RB3/PPP2PQ1/1K6 b - - 3 24,48,?,g8h8,4,86,g8h8,0.0012,0.0018,0.0026,0.0053,b4b3,f6e4,f6e4,f6e4,194.0,0.0053,0.0041,True
r4r1k/4b2p/3p1npP/3Pp1B1/p1q4R/1pNR4/PPP2PQ1/1K6 b - - 1 26,52,?,b3c2,-3,23,b3a2,0.439,0.4999,0.5604,0.5801,b3c2,b3c2,b3c2,b3c2,0.0,0.5801,0.1411,False
r4r1k/4b2p/3p1BpP/3P4/p1q1p2R/3R4/NPP2PQ1/1K6 b - - 0 28,56,?,e7f6,-53,11,e7f6,0.664,0.6381,0.6328,0.655,e7f6,e7f6,e7f6,e7f6,0.0,0.664,-0.009,False
r4r1k/7p/3p1bpP/2qP4/p3R3/3R2Q1/NPP2P2/1K6 b - - 2 30,60,?,f8b8,-26,46,f8b8,0.0536,0.0618,0.0718,0.0794,a4a3,a8b8,a8b8,a8b8,54.0,0.0794,0.0258,False
rr5k/7p/3p1bpP/2qP4/1P2R3/p1PR2Q1/N4P2/1K6 b - - 0 32,64,?,c5b5,-15,53,c5b5,0.2147,0.2234,0.2175,0.1967,c5b5,c5b5,f6e5,f6e5,417.0,0.2234,-0.018,False
r4r1k/7p/3p1bpP/1q1P4/1P2R3/p1P3Q1/N4P2/K2R4 b - - 4 34,68,?,a8d8,-28,21,b5a4,0.0092,0.0108,0.012,0.0126,b5a4,b5a4,b5a4,b5a4,32.0,0.0126,0.0034,False
r2qkb1r/ppp2ppp/3p1n2/3Pp3/2B1P1b1/2N1BP2/PPP2P1P/R2QK2R b KQkq - 0 8,16,?,g4d7,-35,23,g4d7,0.129,0.1498,0.1564,0.2225,g4h5,g4h5,g4h5,g4h5,21.0,0.2225,0.0935,False
r2qkb1r/pppb1p1p/3p1np1/3Pp1B1/2B1P2P/2N2P2/PPP2P2/R2QK2R b KQkq - 1 10,20,?,f8e7,50,30,h7h6,0.2077,0.2161,0.2711,0.1553,f8g7,f8g7,f8g7,f8g7,38.0,0.2711,-0.0524,False
r2qk2r/pppb1pb1/3p1npp/3Pp3/2B1P2P/2N1BP2/PPPQ1P2/R3K2R b KQkq - 3 12,24,?,f6h5,21,3,d8e7,0.0992,0.147,0.1871,0.241,d8e7,d8e7,a7a6,a7a6,1.0,0.241,0.1418,False
r3k2r/ppp1qpb1/3p1npp/1B1Pp3/4P2P/4BP2/PPPQ1P2/R3K2R b KQkq - 0 14,28,?,e8f8,-36,61,f6d7,0.0809,0.0749,0.0859,0.1535,f6d7,f6d7,f6d7,f6d7,76.0,0.1535,0.0726,False
r3k2r/1ppBqpb1/p2p2pp/3Pp3/4P2P/4BP2/PPPQ1P2/2KR3R b kq - 0 16,32,?,e7d7,-15,52,e7d7,0.9789,0.9787,0.9701,0.95,e7d7,e7d7,e7d7,e7d7,0.0,0.9789,-0.0289,False
2kr3r/1ppq1pb1/p2p2pp/3Pp3/4P2P/4BP2/PPPQ1P2/1KR4R b - - 3 18,36,?,f7f5,-56,43,f7f5,0.3346,0.4079,0.5269,0.6389,f7f5,f7f5,f7f5,f7f5,0.0,0.6389,0.3043,False
2kr3r/1ppq2b1/p2p2pp/2PPp3/4Pp1P/4BP2/PP1Q1P2/1KR4R b - - 0 20,40,?,f4e3,327,260,f4e3,0.8372,0.8527,0.8629,0.8634,f4e3,f4e3,f4e3,f4e3,0.0,0.8634,0.0262,False
2kr3r/1ppq2b1/p5pp/2RPp3/4P2P/4PP2/PP1Q4/1K5R b - - 0 22,44,?,g7f8,391,88,g7f8,0.3644,0.3951,0.4024,0.4012,g7f8,g7f8,g7f8,g7f8,0.0,0.4024,0.0368,False
2kr3r/1ppq4/p2b2pp/3Pp3/2R1P2P/4PP2/PP1Q4/1KR5 b - - 4 24,48,?,h8f8,380,23,d8f8,0.1247,0.1153,0.1136,0.1171,g6g5,c8b8,c8b8,c8b8,9.0,0.1247,-0.0076,False
2k4r/1ppq4/p1Rb2pp/Q2Pp3/4P2P/4Pr2/PP6/1KR5 b - - 1 26,52,?,h8f8,469,22,b7c6,0.0142,0.0136,0.0168,0.0228,b7c6,b7c6,f3e3,f3e3,108.0,0.0228,0.0086,True
3k3r/2pq4/Q1Pb2pp/4p3/4P2P/4Pr2/PP6/1KR5 b - - 0 28,56,?,d7g4,576,16,d7c8,0.1658,0.1715,0.1682,0.1724,d7e6,d7e6,d7e6,d7e6,8.0,0.1724,0.0066,False
2q4r/2p1k3/2Pb2pp/4p3/2Q1P2P/4Pr2/PP6/1K4R1 b - - 4 30,60,?,c8e6,592,2,c8e6,0.1097,0.2027,0.3038,0.3878,f3e3,h8g8,c8e6,c8e6,0.0,0.3878,0.2781,False
5r2/2p1k3/2Pbq1pp/4p3/4P2P/P3Pr2/1P2Q3/1K4R1 b - - 0 32,64,?,e6b3,764,91,f3f2,0.0398,0.0526,0.0621,0.0698,f3f2,f3f2,f3f2,f3f2,57.0,0.0698,0.03,False
5r2/2p1k3/2Pbq1pp/1Q2p3/4P2P/P3P3/1P1r4/1K3R2 b - - 4 34,68,?,f8f1,1980,1277,f8f1,0.815,0.8534,0.875,0.8876,f8f1,f8f1,f8f1,f8f1,0.0,0.8876,0.0726,False
r1bqkb1r/ppp1n1p1/3p1n1p/3Ppp2/2P1P3/2NB1N1P/PP3PP1/R1BQK2R b KQkq - 0 8,16,?,g7g6,-94,9,g7g5,0.0607,0.0682,0.1072,0.2214,f5e4,f5e4,f5f4,g7g5,19.0,0.2214,0.1607,False
r1bqkb1r/ppp5/3p1n1p/3Ppnp1/2P1N3/3B1N1P/PP3PP1/R1BQK2R b KQkq - 1 10,20,?,f8g7,-109,50,f8g7,0.0803,0.1337,0.2956,0.6579,f6e4,f6e4,f8g7,f8g7,0.0,0.6579,0.5776,False
r1bqk2r/ppp3b1/3p3p/3Ppnp1/2P1B3/5N1P/PPQ2PP1/R1B1K2R b KQkq - 0 12,24,?,e8g8,-65,72,e8g8,0.1303,0.1867,0.271,0.3712,f5d4,d8f6,d8f6,d8f6,83.0,0.3712,0.2409,False
r2q1rk1/pppb2b1/3p3p/3Ppnp1/2P1B3/4BN1P/PPQ2PP1/2KR3R b - - 4 14,28,?,c7c5,-89,32,d8e7,0.0177,0.0145,0.0114,0.0083,f5e3,f5e3,f5e3,f5e3,43.0,0.0177,-0.0094,False
4rrk1/pppbq1b1/3p3p/3Ppnp1/2P1B3/4BN1P/PPQ2PP1/K2R3R b - - 8 16,32,?,c7c5,-58,6,a7a5,0.0294,0.0232,0.0174,0.0111,f5e3,f5e3,f5e3,f5e3,64.0,0.0294,-0.0183,False
4rrk1/2pbq1b1/1p1p3p/p2Ppnp1/2P1B3/4BN1P/PPQ1RPP1/K2R4 b - - 1 18,36,?,f8f6,-76,7,e7f7,0.0169,0.0199,0.0241,0.0252,f5e3,f5e3,f5e3,f5e3,13.0,0.0252,0.0083,False
4rrk1/2pb2b1/1p1p1q1p/p2Ppnp1/2P1B3/4B2P/PPQNRPP1/K3R3 b - - 5 20,40,?,f5d4,-24,17,g8h8,0.0943,0.1033,0.1151,0.1195,f5e3,f5e3,f5e3,f5e3,56.0,0.1195,0.0252,False
4rr1k/2pb2b1/1p1p1q1p/p2Pp1p1/2PBB3/7P/PPQNRPP1/K6R b - - 0 22,44,?,e5d4,30,369,e5d4,0.9929,0.9979,0.9991,0.9993,e5d4,e5d4,e5d4,e5d4,0.0,0.9993,0.0064,False
4rr1k/2pb2b1/1p1p1q1p/3P2p1/p1PpB3/3Q1P1P/PP1NR1P1/K6R b - - 0 24,48,?,b6b5,110,9,e8a8,0.0735,0.0867,0.1173,0.1474,a4a3,a4a3,d7f5,b6b5,0.0,0.1474,0.0739,False
r4r1k/2pb2b1/1p1p1q1p/3P2p1/2PpB3/pP1Q1P1P/P2NR1P1/1K5R b - - 0 26,52,?,b6b5,45,4,b6b5,0.0867,0.1226,0.1786,0.2151,d7f5,d7f5,b6b5,b6b5,0.0,0.2151,0.1284,False
r4r1k/2pb2b1/3p1q1p/3P2p1/2NpB3/pP1Q1P1P/P3R1P1/1KR5 b - - 0 28,56,?,d7e8,52,12,d7b5,0.0066,0.005,0.0037,0.0036,d7b5,d7b5,d7b5,d7b5,24.0,0.0066,-0.003,False
1r3r1k/2p3b1/3p1q1p/1b1P2p1/2NpB3/pP1Q1P1P/P1R1R1P1/2K5 b - - 4 30,60,?,c7c5,57,5,f6f4,0.0465,0.0437,0.0512,0.0606,f6f4,f6f4,f6f4,f6f4,45.0,0.0606,0.0141,False
1r3r1k/2p3b1/3p3p/1b1P2p1/2NpB3/pP1Q1P1P/P1R2RPq/3K4 b - - 8 32,64,?,b8d8,64,0,h6h5,0.0002,0.0001,0.0001,0.0001,h2g1,h2g1,h2g1,h2g1,64.0,0.0002,-0.0001,False
1r3r1k/2p3b1/3p4/1b1P3p/2NpB1P1/pP1Q1P2/P1R1KRPq/8 b - - 0 34,68,?,b8e8,110,11,h5g4,0.0354,0.0442,0.0515,0.0626,h5g4,h5g4,h5g4,h5g4,64.0,0.0626,0.0272,False
rnb1kb1r/pp2pppp/1qp5/1N1n4/2PP4/6B1/PP3PPP/R2QKBNR b KQkq - 0 8,16,?,b6a5,-19,3,c6b5,0.1014,0.1028,0.1191,0.1495,c6b5,c6b5,c6b5,c6b5,3.0,0.1495,0.0481,False
rnb1kb1r/pp3ppp/1q2p3/1p1P4/3P4/1Q4B1/PP3PPP/R3KBNR b KQkq - 1 10,20,?,e6d5,-14,22,a7a6,0.2427,0.2274,0.2221,0.2613,b6d4,b6d4,b6d4,b6d4,125.0,0.2613,0.0186,False
rnb1kb1r/1p3ppp/pq6/1p1p4/3P4/1Q1B1NB1/PP3PPP/R3K2R b KQkq - 1 12,24,?,b8c6,2,0,b6a5,0.1139,0.066,0.0377,0.0244,c8e6,c8e6,c8e6,c8e6,-2.0,0.1139,-0.0895,False
rn2kb1r/1p3ppp/p3b3/qp1p4/3P4/1Q1B1NB1/PP3PPP/4RK1R b kq - 5 14,28,?,b8c6,-11,5,b8c6,0.2521,0.2389,0.2705,0.3539,f8b4,f8e7,f8e7,f8e7,11.0,0.3539,0.1018,False
r3k2r/1p2bppp/p1n1b3/qp1p3P/3P4/1Q1B1NB1/PP3PP1/4RK1R b kq - 0 16,32,?,a5a4,99,6,h7h6,0.012,0.0101,0.0085,0.006,h7h6,h7h6,h7h6,h7h6,53.0,0.012,-0.006,False
r4rk1/1p2bpp1/p1n1b2p/qp1p3P/3P4/PQ3NB1/1P3PP1/1B2RK1R b - - 2 18,36,?,a5a4,-91,182,f8e8,0.0424,0.0372,0.0322,0.0277,b5b4,e7f6,e7f6,e7f6,293.0,0.0424,-0.0147,True
r3r1k1/1p2b1p1/p1n1R2p/qp1p1p1P/3P4/P2Q1NB1/1P3PP1/1B3K1R b - - 0 20,40,?,e7d6,-582,28,e8f8,0.0018,0.0016,0.0014,0.0012,b5b4,e7f6,e7f6,e7f6,91.0,0.0018,-0.0006,False
r4rk1/1p2b1p1/p3R2p/qp1pBp1P/3P4/P2Q4/1P3PP1/1B3K1R b - - 0 22,44,?,a5d8,-564,5,a8e8,0.1403,0.1371,0.1127,0.1066,e7g5,e7g5,e7g5,e7g5,-9.0,0.1403,-0.0337,False
4rrk1/1p2b1p1/p3R2p/1p1pBp1P/3P4/P7/1P3PP1/1B2qQKR b - - 4 24,48,?,e1d2,-441,65,e1d2,0.4788,0.4389,0.4806,0.5585,e1d2,e1d2,e1d2,e1d2,0.0,0.5585,0.0797,False
4rrk1/1p2b1p1/p3R2p/1p1pBp1P/3P1P2/P7/1q4PK/1B3Q1R b - - 0 26,52,?,b2a3,-445,56,e7a3,0.6626,0.635,0.5721,0.4787,b2a3,b2a3,b2a3,b2a3,0.0,0.6626,-0.1839,False
4r1k1/1p4p1/p6p/1p1pBB1P/3P1P2/b7/1q4PK/5Q1R b - - 0 28,56,?,b2b3,-524,8,a3e7,0.03,0.0287,0.0256,0.0181,b5b4,b5b4,b5b4,b5b4,141.0,0.03,-0.0119,True
4r2k/1p2b1p1/p6p/1p1BB2P/3P1P2/8/1q4PK/5Q1R b - - 0 30,60,?,e7f6,-502,49,b5b4,0.1384,0.2117,0.2937,0.3481,e7f6,e7f6,e7f6,e7f6,0.0,0.3481,0.2097,False
4r2k/1p2bBp1/p6p/4B2P/1p1P1P2/3Q4/5qPK/7R b - - 3 32,64,?,f2h4,-479,104,f2h4,0.2319,0.2546,0.2224,0.1843,e8f8,e8f8,e8f8,e8f8,1518.0,0.2546,-0.0476,False
4r2k/1p2bBp1/p6p/4B2P/1p1P1P2/8/6P1/4qQKR b - - 7 34,68,?,e1f1,-440,33,e1e3,0.2164,0.2666,0.2401,0.1648,e1e3,e1e3,e1e3,e1e3,69.0,0.2666,-0.0516,False
rn1qk2r/pbpp1ppp/1p2p3/8/2PPn3/2B2NP1/PPQ1PP1P/R3KB1R b KQkq - 2 8,16,?,e4c3,-14,10,e4c3,0.3857,0.4132,0.4098,0.228,e4c3,e4c3,e4c3,f7f5,40.0,0.4132,-0.1577,False
rn1qk2r/pbp2ppp/1p1pp3/8/2PP4/2Q2NP1/PP2PPBP/R3K2R b KQkq - 1 10,20,?,e8g8,-15,4,b8d7,0.2264,0.2018,0.1613,0.1132,b8d7,b8d7,b8d7,b8d7,4.0,0.2264,-0.1132,False
r2q1rk1/pbpn1ppp/1p1pp3/8/1PPP4/2Q2NP1/P3PPBP/R4RK1 b - - 0 12,24,?,a7a5,-11,7,a7a5,0.0324,0.0266,0.0265,0.0815,d7f6,d7f6,d7f6,d7f6,11.0,0.0815,0.0491,False
r4rk1/1bpnqppp/1p1pp3/p7/1PPP4/P1Q1PNP1/5PBP/R4RK1 b - - 0 14,28,?,e7f6,17,9,e6e5,0.0416,0.0419,0.0427,0.0416,a5b4,a5b4,a5b4,a5b4,36.0,0.0427,0.0,False
r4rk1/2pnqppp/1p1p4/p3p3/1PPP4/P1Q1P1P1/5PNP/R4RK1 b - - 0 16,32,?,f8e8,31,1,f7f5,0.0118,0.0169,0.0346,0.1133,a5b4,a5b4,a5b4,f7f5,40.0,0.1133,0.1015,False
r4rk1/2pnq1pp/1p1p4/p4p2/1PPPp2P/P1Q1P1P1/5PN1/R2R2K1 b - - 0 18,36,?,h7h6,0,30,g7g5,0.0168,0.016,0.0229,0.0507,a5b4,a5b4,a5b4,d7f6,25.0,0.0507,0.0339,False
r4rk1/2pn3p/1p1p4/p4pq1/1PPPpN2/P1Q1P1P1/5P2/R2R2K1 b - - 1 20,40,?,d7f6,-92,14,h7h5,0.1562,0.1535,0.1276,0.0896,f8f6,f8f6,f8f6,f8f6,106.0,0.1562,-0.0666,False
r4Nk1/2pn4/1p1p4/p4p1p/1PPPp1q1/P1Q1P1P1/5P2/R2R2K1 b - - 0 22,44,?,a8f8,0,31,d7f8,0.6109,0.7198,0.7679,0.7528,a8f8,a8f8,a8f8,a8f8,0.0,0.7679,0.1419,False
r5k1/2p4n/1p1p4/p4p1p/1PPPp1q1/P3P1P1/5P2/R2R1QK1 b - - 3 24,48,?,h7g5,154,6,h7g5,0.4426,0.4832,0.5464,0.6456,h7g5,h7g5,h7g5,h7g5,0.0,0.6456,0.203,False
r7/2p2k2/1p1p4/p4pnp/1PPPp1q1/P3P1P1/5PQ1/R2R1K2 b - - 7 26,52,?,a8g8,168,17,a8g8,0.0293,0.0338,0.0378,0.0471,g5f3,g5f3,g5f3,g5f3,23.0,0.0471,0.0178,False
6r1/2p2k2/3p4/p4pnp/2PPp1q1/P3P1P1/5PQ1/RR3K2 b - - 1 28,56,?,h5h4,271,134,g5f3,0.1992,0.1708,0.1797,0.2551,g5f3,g5f3,g5f3,g5f3,119.0,0.2551,0.0559,False
6r1/2R2k2/3p4/p4p2/2PPp1qp/P3PnP1/5PQ1/R4K2 b - - 0 30,60,?,f7f6,0,0,f7e6,0.2201,0.2189,0.2155,0.2147,f7e6,f7e6,f7e6,f7e6,0.0,0.2201,-0.0054,False
6r1/2R5/3p1k2/p2P1p2/2P1p1qp/P3PnP1/5PQ1/1R3K2 b - - 2 32,64,?,f3d2,610,41,f3d2,0.5924,0.7055,0.7467,0.7161,f3d2,f3d2,f3d2,f3d2,0.0,0.7467,0.1237,False
6r1/2R5/3p1k2/p2P1p2/2P1p1q1/P3P1Pp/3n1P2/1R2K2Q b - - 1 34,68,?,d2b1,730,576,d2b1,0.8789,0.8838,0.8983,0.8951,d2b1,d2b1,d2b1,d2b1,0.0,0.8983,0.0162,False
rnbq1rk1/pp2p1bp/2pp1np1/5p2/2PP4/2N2NP1/PP2PPBP/R1BQR1K1 b - - 1 8,16,?,b8a6,-55,13,f6e4,0.0395,0.0393,0.0421,0.0759,d8e8,d8e8,d8e8,d8e8,50.0,0.0759,0.0364,False
rnbq1rk1/pp2p1bp/2pp2p1/5pN1/2PP4/2P3P1/P3PPBP/R1BQR1K1 b - - 0 10,20,?,e7e5,-83,4,e7e5,0.2338,0.2886,0.353,0.4976,h7h6,h7h6,h7h6,e7e5,0.0,0.4976,0.2638,False
rnbq1rk1/pp4bp/3pN1p1/2pPpp2/2P5/2P3P1/P3PPBP/R1BQR1K1 b - - 1 12,24,?,c8e6,-83,129,c8e6,0.939,0.9799,0.9901,0.9932,c8e6,c8e6,c8e6,c8e6,0.0,0.9932,0.0542,False
r2q1rk1/pp4bp/2npP1p1/2p1pp2/2P5/2P3P1/P3PPBP/1RBQR1K1 b - - 2 14,28,?,d8c7,-88,19,d8e7,0.0449,0.0708,0.1028,0.1442,a8b8,d8e7,d8e7,d8e7,27.0,0.1442,0.0993,False
1r3rk1/pp2q1bp/2npP1p1/2pBpp2/2P4P/2P3P1/P3PP2/1RBQR1K1 b - - 0 16,32,?,f5f4,-99,14,h7h6,0.1407,0.1245,0.0911,0.0482,c6d8,c6d8,c6d8,c6d8,33.0,0.1407,-0.0925,False
1r3r2/pp2q1bk/2npP1pp/2pBpp2/Q1P4P/2P3P1/P2BPP2/1R2R1K1 b - - 3 18,36,?,f5f4,-71,12,c6d8,0.1308,0.1177,0.0847,0.0448,c6d8,c6d8,c6d8,c6d8,109.0,0.1308,-0.086,False
1r3r2/QR2q1bk/3pn1pp/2pBpp2/2P4P/2P3P1/P2BPP2/4R1K1 b - - 0 20,40,?,b8b7,-211,231,b8b7,0.9048,0.9414,0.96,0.9707,b8b7,b8b7,b8b7,b8b7,0.0,0.9707,0.0659,False
5r2/1B4bk/3pn1pp/2p1pp2/2P4P/2P3P1/P2BPP2/4R1K1 b - - 0 22,44,?,f8b8,-212,23,f8b8,0.2505,0.3304,0.4642,0.6295,f5f4,f8b8,f8b8,f8b8,0.0,0.6295,0.379,False
1r1n4/6bk/3p2pp/2p1pp2/2P1B2P/2P3P1/P2BPP2/1R4K1 b - - 4 24,48,?,b8b1,-231,63,b8b1,0.9708,0.9873,0.9911,0.9875,b8b1,b8b1,b8b1,b8b1,0.0,0.9911,0.0167,False
3n4/6bk/3p2pp/2p2p2/2P1p1PP/2P5/P2BPP2/1B4K1 b - - 0 26,52,?,d8c6,-181,1,d8c6,0.1418,0.1858,0.2347,0.2525,f5g4,f5g4,d8e6,d8e6,137.0,0.2525,0.1107,False
8/6bk/3p2Pp/n1p2p2/2P1p1P1/2P5/P2BPP2/1B4K1 b - - 0 28,56,?,h7g6,-80,300,h7g6,0.9992,0.9997,0.9998,0.9998,h7g6,h7g6,h7g6,h7g6,0.0,0.9998,0.0006,False
8/6b1/3p3p/n1p2k2/2P1p3/2P2P2/P2BP3/1B4K1 b - - 0 30,60,?,a5c4,-59,3,a5c4,0.8005,0.8337,0.8514,0.8246,a5c4,a5c4,a5c4,a5c4,0.0,0.8514,0.0241,False
8/6b1/3pk2p/2p5/2n1B3/2P2P2/P3P3/4B1K1 b - - 2 32,64,?,c4a3,-42,2,c4a3,0.0499,0.0477,0.049,0.0428,d6d5,d6d5,d6d5,d6d5,-4.0,0.0499,-0.0071,False
8/6b1/4k2p/2pp4/4P3/n1PB1P2/P7/4B1K1 b - - 0 34,68,?,d5e4,-39,14,c5c4,0.3898,0.3322,0.2687,0.2094,d5e4,d5e4,c5c4,c5c4,-7.0,0.3898,-0.1804,False
rnbqkb1r/pp2p2p/1n2ppp1/2p5/7P/1P1B4/PBPP1PP1/RN1QK1NR b KQkq - 0 8,16,?,e6e5,131,2,f8g7,0.1092,0.0997,0.0851,0.0798,f8g7,f8g7,f8g7,f8g7,171.0,0.1092,-0.0294,False
rnbq3r/pp2pkbp/1n2pppP/2p5/8/1P1B4/PBPP1PP1/RN1QK1NR b KQ - 0 10,20,?,g7f8,-35,242,g7f8,0.8585,0.9594,0.9845,0.994,g7f8,g7f8,g7f8,g7f8,0.0,0.994,0.1355,False
r1bq1b1r/pp2pk1p/1nn1pppP/2p5/4N3/1P1B4/PBPP1PP1/R2QK1NR b KQ - 4 12,24,?,e6e5,46,20,c5c4,0.1182,0.134,0.1299,0.1101,f6f5,d8d5,b6d5,b6d7,197.0,0.134,-0.0081,False
r1bq1b1r/pp2pk1p/1nn2ppP/4p3/P1P1N3/3B4/1BPP1PP1/R2QK1NR b KQ - 0 14,28,?,c8f5,-66,15,c6b4,0.2616,0.3051,0.2902,0.196,c8f5,c8f5,c8f5,c8e6,116.0,0.3051,-0.0656,False
r1bq1b1r/pp2pk1p/1n3ppP/4p3/P1P1N3/3P1Q2/1B1P1PP1/R3K1NR b KQ - 0 16,32,?,c8f5,-124,15,c8f5,0.2968,0.3891,0.4323,0.3461,c8f5,c8f5,c8f5,c8f5,0.0,0.4323,0.0493,False
r2q1b1r/pp2pk1p/1n3ppP/4p3/P1P1Q1P1/3P4/1B1P1P2/R3K1NR b KQ - 0 18,36,?,b6d7,-47,18,d8d7,0.0761,0.0711,0.0522,0.0404,e7e6,e7e6,d8d7,d8d7,95.0,0.0761,-0.0357,False
r1n2b1r/pp1qpk1p/5ppP/P3p3/2P1Q1P1/3P1N2/1B1P1P2/R3K2R b KQ - 2 20,40,?,c8d6,-151,43,c8d6,0.8501,0.8896,0.916,0.9137,c8d6,c8d6,c8d6,c8d6,0.0,0.916,0.0636,False
r4b1r/pp2pk1p/3n1ppP/P3B3/2P3q1/3PQN2/3P1P2/R3K2R b KQ - 0 22,44,?,f8h6,0,52,g4e6,0.008,0.0035,0.0019,0.0018,d6f5,d6f5,d6f5,d6f5,47.0,0.008,-0.0062,False
r4b1r/pp2pk1p/4qppP/P3Bn2/2P2Q2/3P1N2/3P1P2/R4K1R b - - 4 24,48,?,f6e5,117,41,e6d7,0.6354,0.6598,0.6486,0.5744,f6e5,f6e5,f6e5,f6e5,0.0,0.6598,-0.061,False
r1q2b1r/pp2pk1p/5ppP/P3Bn2/2PP1Q2/3P1N2/5P2/R4K1R b - - 0 26,52,?,f6e5,0,13,f6e5,0.3233,0.2998,0.2715,0.1956,f6e5,f6e5,f6e5,c8d7,147.0,0.3233,-0.1277,False
r1q1kb1r/pp2p2p/P5pP/4Nn2/2PP1Q2/3P4/5P2/R4K1R b - - 0 28,56,?,b7a6,110,11,b7a6,0.6073,0.5532,0.4888,0.443,b7a6,b7a6,b7a6,b7a6,0.0,0.6073,-0.1643,False
r1q1k2r/p3p2p/p5pb/3QNn2/2PP4/3P4/5P2/R4K1R b - - 1 30,60,?,h8f8,219,23,e7e6,0.2808,0.3107,0.3584,0.418,h8f8,h8f8,h8f8,h8f8,0.0,0.418,0.1372,False
r1q1k2r/p5bp/p1N1p1p1/5n2/2PPQ3/3P4/5P2/R4K1R b - - 3 32,64,?,h8f8,272,13,e8d7,0.0437,0.0333,0.0284,0.026,f5d6,c8d7,c8d7,e8f7,2.0,0.0437,-0.0177,False
r1q4r/p2k2bp/p2np1p1/4N3/2PPQ3/3P4/5P2/1R3K1R b - - 7 34,68,?,d7e8,215,22,g7e5,0.0281,0.0244,0.0256,0.0346,g7e5,g7e5,g7e5,g7e5,117.0,0.0346,0.0065,True
rn1qk2r/p2pbppp/bpp1pn2/8/2PP4/1PB2NP1/P3PPBP/RN1QK2R b KQkq - 1 8,16,?,e8g8,-27,0,d7d5,0.2456,0.2182,0.2232,0.185,d7d5,d7d5,d7d5,d7d5,3.0,0.2456,-0.0606,False
rn1qk2r/p2Nbppp/bpp1p3/3p4/2PP4/1PB3P1/P3PPBP/RN1QK2R b KQkq - 0 10,20,?,b8d7,-26,31,b8d7,0.5413,0.5349,0.5607,0.5856,b8d7,b8d7,b8d7,b8d7,0.0,0.5856,0.0443,False
r2q1rk1/p2nbppp/bpp1p3/3p4/2PP4/1PB3P1/P2NPPBP/R2Q1RK1 b - - 3 12,24,?,a8c8,-23,7,f7f5,0.0571,0.0755,0.1711,0.3406,d7f6,d7f6,d7f6,a8c8,0.0,0.3406,0.2835,False
r2q1rk1/p3b1pp/bpp1pn2/3p1p2/2PP4/1PB2NP1/P1Q1PPBP/R4RK1 b - - 3 14,28,?,a8c8,9,6,f6e4,0.0406,0.0477,0.0807,0.1302,f6e4,f6e4,f6e4,f6e4,0.0,0.1302,0.0896,False
r2q1rk1/p5pp/bpp1pb2/3p1p2/2PPn3/1P3NP1/PBQ1PPBP/R2R2K1 b - - 7 16,32,?,d8e7,-18,0,a8c8,0.029,0.0401,0.0557,0.0895,c6c5,a8c8,a8c8,a8c8,-1.0,0.0895,0.0605,False
2r2rk1/p3q1pp/bpp1pb2/3p1p2/2PPn3/1P2PNP1/PBQ2PBP/2RR2K1 b - - 0 18,36,?,f8d8,-4,8,g7g5,0.0543,0.0538,0.0616,0.0698,c6c5,c6c5,c6c5,c6c5,9.0,0.0698,0.0155,False
2r2rk1/p3q2p/bpp1p3/3pPpp1/2P1n3/1P2P1P1/PBQ2PBP/2RR2K1 b - - 0 20,40,?,g5g4,36,109,g5g4,0.2288,0.1967,0.1446,0.0809,g5g4,g5g4,h7h5,h7h5,108.0,0.2288,-0.1479,False
2r2rk1/p3q3/bpp1p3/3PPp1p/4n1p1/1P2P1P1/PB3PBP/1QRR2K1 b - - 0 22,44,?,e6d5,99,30,e6d5,0.0999,0.0679,0.0606,0.0732,c6d5,c6d5,c6d5,c6d5,38.0,0.0999,-0.0267,False
2r2rk1/p7/bpp1q3/3p1p1p/4n1p1/1P2P1P1/P4PBP/BQRR2K1 b - - 1 24,48,?,g8h7,112,7,g8h7,0.0168,0.0234,0.0245,0.0225,a6e2,a6e2,a6e2,a6e2,504.0,0.0245,0.0057,True
2r5/p4r1k/bpp1q3/3p1p1p/4n1p1/1P2P1P1/PQR2PBP/B2R2K1 b - - 5 26,52,?,e4g5,140,4,c6c5,0.0755,0.0798,0.0979,0.1278,c6c5,h7g6,h7g6,a6b7,16.0,0.1278,0.0523,False
2r5/p4r1k/1p2q3/2Pp1p1p/2b1n1p1/4P1P1/PQR2PBP/B2R2K1 b - - 0 28,56,?,b6c5,127,67,b6c5,0.4263,0.399,0.4116,0.4596,b6c5,c8c5,c8c5,b6c5,0.0,0.4596,0.0333,False
4r3/p4r1k/4q3/2pp1p1p/2b1n1p1/Q3P1P1/P1R2PBP/B1R3K1 b - - 3 30,60,?,e6e7,154,1,e6a6,0.0317,0.0336,0.0341,0.0377,a7a6,a7a6,a7a6,e8c8,3.0,0.0377,0.006,False
4r3/pr5k/q7/2pp1p1p/2R1n1p1/4P1P1/PQ3PBP/B1R3K1 b - - 0 32,64,?,b7b2,423,163,b7b2,0.8983,0.9424,0.9644,0.9765,b7b2,b7b2,b7b2,b7b2,0.0,0.9765,0.0782,False
4R3/p6k/q7/2pp1p1p/6p1/4P1P1/r4PBP/B1R3K1 b - - 0 34,68,?,a2a1,403,272,a2a1,0.6437,0.6795,0.6911,0.6684,a2a1,a2a1,a2a1,a2a1,0.0,0.6911,0.0247,False
r1bqk2r/ppp1np1p/2B3p1/3p4/3NP3/8/PPP2PPP/RN1QK2R b KQkq - 0 8,16,?,e7c6,-39,2,e7c6,0.6539,0.6997,0.6465,0.5466,e7c6,e7c6,e7c6,e7c6,0.0,0.6997,-0.1073,False
r1bqk2r/ppp2p1p/2N3p1/8/4p3/2N5/PPP2PPP/R2QK2R b KQkq - 0 10,20,?,d8d1,-26,113,d8d1,0.5161,0.7695,0.8641,0.8413,d8d1,d8d1,d8d1,d8d1,0.0,0.8641,0.3252,False
r1b1k2r/p1p2p1p/2p3p1/8/4N3/8/PPP2PPP/3RK2R b Kkq - 0 12,24,?,c8f5,-24,31,c8f5,0.3288,0.2959,0.2583,0.1931,e8g8,e8g8,e8g8,e8g8,54.0,0.3288,-0.1357,False
3rk2r/p1p2p1p/2p3p1/5b2/8/6N1/PPP2PPP/3R1RK1 b k - 4 14,28,?,d8d1,-12,25,d8d1,0.4599,0.4388,0.3289,0.2589,d8d1,d8d1,f5c2,f5c2,595.0,0.4599,-0.201,False
4k2r/p1p2p1p/2p3p1/8/8/6N1/PPb2PPP/2R3K1 b k - 1 16,32,?,c2d3,-2,23,c2a4,0.0975,0.0592,0.0445,0.0407,c2a4,c2a4,c2a4,c2a4,27.0,0.0975,-0.0568,False
4k2r/p1p2p1p/2p3p1/1b6/P7/1P4N1/5PPP/2R3K1 b k - 0 18,36,?,b5d3,-19,111,b5d3,0.5827,0.5265,0.4933,0.4832,b5d3,b5d3,b5d3,b5d3,0.0,0.5827,-0.0995,False
7r/p1p1kp1p/2R3p1/8/P7/1P1b1PN1/6PP/6K1 b - - 0 20,40,?,e7d7,-5,23,e7d7,0.578,0.684,0.7316,0.7293,e7d7,e7d7,e7d7,e7d7,0.0,0.7316,0.1513,False
7r/p1pk1p1p/6p1/8/P7/1PR2P2/6PP/1b3NK1 b - - 4 22,44,?,b1f5,0,7,b1f5,0.1015,0.099,0.0906,0.0767,b1a2,b1a2,b1a2,h8b8,0.0,0.1015,-0.0248,False
7r/p1pk1p1p/4b1p1/8/P3N3/1PR2P2/6PP/6K1 b - - 8 24,48,?,h8b8,0,0,c7c6,0.527,0.623,0.7123,0.7675,h8b8,h8b8,h8b8,h8b8,0.0,0.7675,0.2405,False
7r/p4p1p/N1pkb1p1/8/P7/1PR2P2/6PP/6K1 b - - 3 26,52,?,h8c8,0,0,h8c8,0.1227,0.1754,0.1975,0.1741,f7f5,h8c8,h8c8,e6d5,0.0,0.1975,0.0514,False
2r5/p4p1p/N1p1b1p1/3k4/PP6/5P2/6PP/2R3K1 b - - 2 28,56,?,d5d4,6,6,d5d4,0.2644,0.2941,0.311,0.3221,d5d4,d5d4,d5d6,d5d4,0.0,0.3221,0.0577,False
2r5/p4p1p/N1p3p1/R7/PP1k4/1b3P2/6PP/6K1 b - - 6 30,60,?,b3c4,174,113,b3c4,0.0625,0.0671,0.0799,0.0866,d4c4,d4c4,d4c4,d4c4,136.0,0.0866,0.0241,False
8/p1r2p1p/2p3p1/R7/PPbkN3/5P2/6PP/6K1 b - - 10 32,64,?,f7f5,226,48,f7f5,0.2189,0.241,0.3005,0.353,f7f5,f7f5,f7f5,f7f5,0.0,0.353,0.1341,False
8/p1r4p/2pN2p1/RP3p2/P2k4/1b3P2/6PP/6K1 b - - 0 34,68,?,c6c5,302,97,c6c5,0.2461,0.2539,0.29,0.3377,c6b5,c6b5,c6b5,c6b5,916.0,0.3377,0.0916,False
r1bqkb1r/1p3ppp/p1nppn2/6B1/3NP3/2N2P2/PPPQ2PP/R3KB1R b KQkq - 0 8,16,?,c6d4,-23,4,c8d7,0.0209,0.0121,0.0071,0.0096,f8e7,f8e7,f8e7,f8e7,4.0,0.0209,-0.0113,False
r2qkb1r/1p1b1ppp/p2ppn2/6B1/3QP3/2N2P2/PPP3PP/2KR1B1R b kq - 0 10,20,?,d8c7,-42,2,f8e7,0.0069,0.0063,0.0153,0.0717,f8e7,f8e7,f8e7,f8e7,8.0,0.0717,0.0648,False
r2qk2r/1p1bbpp1/p2ppn2/4P2p/3Q4/2N1BP2/PPP3PP/2KR1B1R b kq - 0 12,24,?,d6e5,20,295,d6e5,0.752,0.7985,0.8538,0.9061,d6e5,d6e5,d6e5,d6e5,0.0,0.9061,0.1541,False
r2qk2r/3bbpp1/p3pn2/1p2Q2p/8/2NBBP2/PPP3PP/2KR3R b kq - 1 14,28,?,d8b8,-6,15,d8b8,0.0388,0.0643,0.1387,0.2928,e8g8,b5b4,b5b4,d8b8,0.0,0.2928,0.254,False
r3k2r/2qbbpp1/p3pn2/1p5p/3QN3/3BBP2/PPP3PP/2KR3R b kq - 5 16,32,?,d7c6,27,12,f6e4,0.0425,0.0529,0.0713,0.0933,f6e4,f6e4,a8d8,a8c8,5.0,0.0933,0.0508,False
2r1k2r/2qbbpQ1/p3p3/1p5p/4B3/4BP2/PPP3PP/2KR3R b k - 0 18,36,?,h8f8,-355,264,h8f8,0.8474,0.9204,0.9552,0.9691,h8f8,h8f8,h8f8,h8f8,0.0,0.9691,0.1217,False
2r1kr2/2q1bpQ1/p1B1p3/1p5p/8/4BP2/PPP3PP/1K1R3R b - - 0 20,40,?,c7c6,-393,1600,c7c6,0.9999,1.0,1.0,1.0,c7c6,c7c6,c7c6,c7c6,0.0,1.0,0.0001,False
2r1kr2/4bpQ1/p1q1p3/7p/1p1B4/2P2P2/PP4PP/1K1R3R b - - 1 22,44,?,a6a5,-258,16,c6b5,0.0385,0.0452,0.0538,0.0638,b4c3,b4c3,b4c3,b4c3,19.0,0.0638,0.0253,False
2r1kr2/4bp1Q/p3p3/7p/1q1B4/5P2/PP4PP/1K1R3R b - - 1 24,48,?,c8b8,-377,13,c8b8,0.2319,0.2948,0.3501,0.3877,c8b8,c8b8,c8b8,c8b8,0.0,0.3877,0.1558,False
4kr2/4bp2/p3p3/1r6/1q1B2Q1/5P2/PP4PP/1K1R3R b - - 2 26,52,?,b5d5,-336,8,e7c5,0.0907,0.0992,0.0996,0.0974,e6e5,b5g5,b5g5,b5g5,37.0,0.0996,0.0067,False
4kr2/4bp2/p3pB2/1r6/1Q6/5P2/PP4PP/1K1R3R b - - 0 28,56,?,b5b4,-367,219,b5b4,0.5804,0.59,0.5781,0.5238,b5b4,b5b4,b5b4,b5b4,0.0,0.59,-0.0566,False
4kr2/1r2bp2/p3p3/8/7P/2B2P2/PP4P1/1K1R3R b - - 0 30,60,?,f7f6,-364,16,f8g8,0.0835,0.0763,0.0721,0.0732,f8g8,f8g8,f8g8,f8g8,32.0,0.0835,-0.0103,False
4k1r1/1r2b3/p3pp2/7P/6P1/2B2P2/PP6/1K1R3R b - - 0 32,64,?,e6e5,-371,14,e8f7,0.1121,0.1018,0.0964,0.0943,e8f7,e8f7,e8f7,e8f7,12.0,0.1121,-0.0178,False
6r1/1r2bk2/p3p2P/5p2/6P1/2BR1P2/PP6/1K5R b - - 0 34,68,?,e7f6,-391,140,e7f6,0.2338,0.3153,0.39,0.4331,f5g4,f5g4,e7f6,e7f6,0.0,0.4331,0.1993,False
r1bqk2r/1p1n1ppp/4pn2/p1Bp4/2P5/5NP1/PP2PP1P/RN1QKB1R b KQkq - 0 8,16,?,d7c5,-3,380,d7c5,0.9958,0.9979,0.9987,0.9989,d7c5,d7c5,d7c5,d7c5,0.0,0.9989,0.0031,False
r1bq1rk1/1p3ppp/4pn2/p1nP4/8/5NP1/PP2PPBP/RN1QK2R b KQ - 0 10,20,?,f6d5,12,10,d8d5,0.3268,0.4143,0.4534,0.3516,e6d5,f6d5,f6d5,e6d5,13.0,0.4534,0.0248,False
r1b2rk1/1p3ppp/4pn2/p1n5/8/2N2NP1/PP2PPBP/3RK2R b K - 0 12,24,?,a8b8,-34,3,b7b6,0.1159,0.291,0.442,0.2998,c8d7,a8b8,a8b8,c8d7,8.0,0.442,0.1839,False
r4rk1/1B3ppp/1p2pn2/p1n1N3/8/2N3P1/PP2PP1P/3RK2R b K - 0 14,28,?,c5b7,-67,475,c5b7,0.9783,0.9919,0.9976,0.9993,c5b7,c5b7,c5b7,c5b7,0.0,0.9993,0.021,False
r1r3k1/1n3ppp/1p2pn2/p3N3/8/2N1P1P1/PP2KP1P/3R3R b - - 2 16,32,?,b6b5,-33,6,g8f8,0.0349,0.0274,0.0206,0.0181,b7c5,b7c5,b7c5,b7c5,16.0,0.0349,-0.0168,False
r1r5/1n2kppp/1p2pn2/p3N3/8/2N1P1P1/PP1RKP1P/3R4 b - - 6 18,36,?,c8c7,-87,11,c8c7,0.0885,0.1129,0.1332,0.1469,b7c5,b7c5,b7c5,b7c5,69.0,0.1469,0.0584,False
r7/2r1kppp/1p2pn2/p1n1N3/5PP1/2N1P3/PP1RK2P/3R4 b - - 0 20,40,?,f6e8,-189,5,h7h6,0.0105,0.0107,0.0088,0.0085,c5e4,h7h6,h7h6,h7h6,52.0,0.0107,-0.002,False
r7/2r1kpp1/1p2pn2/p1n1N1P1/8/2N1P3/PP1RK2P/3R4 b - - 0 22,44,?,f6d7,-15,131,f6d5,0.0764,0.0902,0.1048,0.115,f6e4,f6e4,f6e4,f6e4,289.0,0.115,0.0386,False
r7/2r1kpp1/1p6/p1nNN1P1/8/4P3/PP2K2P/3R4 b - - 0 24,48,?,e7d6,-345,228,e7d6,0.5223,0.5622,0.5812,0.5726,e7d6,e7d6,e7d6,e7d6,0.0,0.5812,0.0503,False
r7/2k2Np1/1p6/p1n3P1/8/4P3/PP2K2P/3R4 b - - 0 26,52,?,a8e8,-355,8,a8e8,0.0308,0.0443,0.0714,0.1183,c5e4,a8f8,a8f8,a8f8,16.0,0.1183,0.0875,False
8/2k2Np1/1p6/p1n3P1/4r2P/4P3/PP2K3/7R b - - 2 28,56,?,e4b4,-340,11,e4e7,0.042,0.0422,0.0411,0.0385,c5e6,c5e6,c5e6,e4g4,83.0,0.0422,-0.0035,False
7N/2k1r1p1/1p6/p5P1/4n2P/4PK2/PP6/7R b - - 6 30,60,?,e4d2,-376,8,e4d2,0.4847,0.4644,0.4218,0.3551,e4d2,e4d2,e4d2,e4d2,0.0,0.4847,-0.1296,False
7N/2k3p1/1p6/p4KP1/4r2P/4P3/PP1n4/7R b - - 10 32,64,?,e4e3,-406,44,e4e3,0.8618,0.9053,0.9305,0.9257,e4e3,e4e3,e4e3,e4e3,0.0,0.9305,0.0639,False
4r3/2k2Np1/1p6/p4KPP/8/8/PP1n4/7R b - - 2 34,68,?,e8e7,-520,7,d2e4,0.0406,0.0401,0.0385,0.0362,d2c4,d2c4,d2c4,d2c4,46.0,0.0406,-0.0044,False
r2qkbnr/1b1n1ppp/p2pp3/1pp2P2/4P3/2N3PN/PPPP2BP/R1BQ1RK1 b kq - 0 8,16,?,e6f5,-50,8,e6e5,0.3254,0.3484,0.3583,0.3708,e6f5,e6f5,e6e5,e6e5,11.0,0.3708,0.0454,False
r2qkb1r/1b1nnppp/p2p4/1pp1pPP1/4P3/2N4N/PPPP2BP/R1BQ1RK1 b kq - 0 10,20,?,h7h6,37,91,h7h6,0.0553,0.0675,0.0767,0.0799,f7f6,f7f6,f7f6,e7c6,185.0,0.0799,0.0246,False
r2qkb1r/1b1nnp2/p2p1P1p/1pp1p3/4P3/2N4N/PPPP2BP/R1BQ1RK1 b kq - 0 12,24,?,e7g6,124,108,e7g6,0.5919,0.6166,0.6479,0.6353,e7g6,e7g6,e7g6,e7g6,0.0,0.6479,0.0434,False
r2qkb1r/3n1p2/p2p1Pnp/1ppPp3/8/7N/PPPP2BP/R1BQ1RK1 b kq - 0 14,28,?,d7f6,107,2,d7f6,0.8988,0.9349,0.9563,0.9631,d7f6,d7f6,d7f6,d7f6,0.0,0.9631,0.0643,False
r2qk2r/5pb1/p2p1nnp/1ppPp3/8/3P4/PPP2NBP/R1BQ1RK1 b kq - 2 16,32,?,a8a7,18,8,e8g8,0.0084,0.0181,0.0258,0.0262,g6f4,g6f4,g6f4,d8d7,56.0,0.0262,0.0178,False
r2q1rk1/5pb1/p2p2np/1ppPp3/6Q1/3P4/PPP3BP/R1B2RK1 b - - 0 18,36,?,d8h4,58,6,d8h4,0.2649,0.3827,0.4512,0.4935,d8h4,d8h4,d8h4,d8h4,0.0,0.4935,0.2286,False
r4rk1/3Qnpb1/p2p3p/1ppPp3/7q/3P4/PPP3BP/R1B2RK1 b - - 4 20,40,?,a8d8,171,71,f8d8,0.28,0.3253,0.4042,0.4991,a8d8,a8d8,a8d8,a8d8,0.0,0.4991,0.2191,False
r2r2k1/2Q1n1b1/p2p3p/1ppPpp2/7q/3PB3/PPP3BP/R4RK1 b - - 1 22,44,?,g7f6,151,14,h4f6,0.1125,0.1232,0.149,0.1945,f5f4,f5f4,f5f4,f5f4,149.0,0.1945,0.082,False
r4rk1/2Q1n1b1/p2p1q1p/1ppPpp2/8/3PB2B/PPP4P/R4R1K b - - 5 24,48,?,e7d5,429,304,e7d5,0.4622,0.3917,0.3039,0.2081,e7d5,e7d5,e7d5,f5f4,379.0,0.4622,-0.2541,False
r4rk1/1Q4b1/p2p1q1p/1pp1pp2/8/3Pn2B/PPP4P/R5RK b - - 1 26,52,?,f6f7,478,19,e3g4,0.0275,0.0343,0.0432,0.0525,e3c2,e3c2,e3c2,e3c2,377.0,0.0525,0.025,False
r4rk1/1Q4b1/p2p1q1p/1pp1p3/6p1/3P4/PPP4P/5RRK b - - 1 28,56,?,f6e6,523,17,f6f1,0.2352,0.2416,0.2493,0.277,f6e6,f6e6,f6f1,f6f1,24.0,0.277,0.0418,False
r5k1/1Q4b1/p2p3p/1pp1p3/6p1/3P4/PPP3KP/5r2 b - - 1 30,60,?,a8f8,541,25,a8f8,0.3313,0.3338,0.3472,0.3982,f1f8,f1f8,f1f8,f1f8,43.0,0.3982,0.0669,False
5r2/6bk/p2p3p/1pp1p3/4Q1p1/3P4/PPP3KP/5r2 b - - 5 32,64,?,h7h8,564,27,f1f5,0.5866,0.6823,0.7003,0.6184,h7h8,h7h8,h7h8,h7h8,0.0,0.7003,0.0318,False
5r2/6bk/p2p4/1Pp1pr1p/4Q1p1/3P4/1PP3KP/8 b - - 0 34,68,?,d6d5,484,55,a6b5,0.0025,0.0013,0.0009,0.001,a6b5,a6b5,a6b5,a6b5,-60.0,0.0025,-0.0015,False
rnbqkb1r/5ppp/p2p1n2/1PpP4/2B5/2N5/PP3PPP/R1BQK1NR b KQkq - 0 8,16,?,b8d7,-134,18,f8e7,0.0105,0.0158,0.0281,0.0303,a6b5,a6b5,a6b5,f8e7,29.0,0.0303,0.0198,False
rnbq1rk1/4bppp/p2p1n2/1PpP4/P1B5/2N5/1P2NPPP/R1BQK2R b KQ - 0 10,20,?,b8d7,-127,22,a6b5,0.0294,0.0363,0.0646,0.2029,a6b5,a6b5,a6b5,a6b5,40.0,0.2029,0.1735,False
r1bq1rk1/4bppp/n2p1n2/1BpP4/P7/2N5/1P2NPPP/R1BQ1RK1 b - - 2 12,24,?,a6b4,-152,14,a6b4,0.665,0.6711,0.6685,0.6717,a6b4,a6b4,a6b4,a6b4,0.0,0.6717,0.0067,False
r2q1rk1/1b2bppp/3p1n2/2pP4/PnB5/2N4P/1P2NPP1/R1BQ1RK1 b - - 2 14,28,?,f6d7,-130,44,f6d7,0.0424,0.0671,0.1047,0.1522,b7a6,b7a6,b7a6,b7a6,51.0,0.1522,0.1098,False
r2q1rk1/1b2bppp/1n1p4/2pP4/PnB2B2/1PN4P/4NPP1/R2Q1RK1 b - - 0 16,32,?,f8e8,-102,3,b6c4,0.0219,0.0214,0.0231,0.0323,b6c4,b6c4,b6c4,e7f6,8.0,0.0323,0.0104,False
r2q1rk1/1b3ppp/3p1b2/2pP4/PnP2B2/R1N4P/4NPP1/3Q1RK1 b - - 2 18,36,?,b7a6,-205,23,b7a6,0.2543,0.3354,0.3852,0.4157,b7a6,b7a6,b7a6,b7a6,0.0,0.4157,0.1614,False
r2qr1k1/5ppp/b2p1b2/2pP4/PnP2B2/RQN3NP/5PP1/5RK1 b - - 6 20,40,?,b4d3,-120,72,f6c3,0.3965,0.3855,0.363,0.3019,b4d3,b4d3,b4d3,b4d3,0.0,0.3965,-0.0946,False
r3r1k1/5pQp/b2p4/2pP4/PnP2B1q/R5NP/5PP1/5RK1 b - - 0 22,44,?,g8g7,-33,0,g8g7,1.0,1.0,1.0,1.0,g8g7,g8g7,g8g7,g8g7,0.0,1.0,0.0,False
r3r3/5p1p/b2p1k2/2pP4/PnP2B1N/R6P/5PP1/5RK1 b - - 0 24,48,?,a6c4,-24,231,a6c4,0.8383,0.8809,0.8991,0.904,a6c4,a6c4,a6c4,a6c4,0.0,0.904,0.0657,False
r1r5/5p1p/3B1k2/2pP4/Pnb4N/R6P/5PP1/3R2K1 b - - 2 26,52,?,c4d5,-243,116,c4d5,0.5726,0.6934,0.7522,0.7849,c4d5,c4d5,c4d5,c4d5,0.0,0.7849,0.2123,False
2r5/5p1p/3B1k2/2Rb4/rn5N/7P/5PP1/3R2K1 b - - 0 28,56,?,c8c5,-104,153,c8c5,0.8778,0.9181,0.9364,0.9446,c8c5,c8c5,c8c5,c8c5,0.0,0.9446,0.0668,False
8/5p1p/4bk2/8/rB5N/7P/5PP1/3R2K1 b - - 0 30,60,?,a4b4,-42,410,a4b4,0.9933,0.9965,0.9982,0.9981,a4b4,a4b4,a4b4,a4b4,0.0,0.9982,0.0048,False
8/5p2/4bk2/7p/1r1R4/5N1P/5PP1/6K1 b - - 1 32,64,?,b4d4,-24,35,b4b1,0.2098,0.1676,0.1016,0.0618,b4b1,b4b1,b4b1,b4b1,37.0,0.2098,-0.148,False
8/5p2/4bk2/1r5p/3R4/5NKP/5PP1/8 b - - 5 34,68,?,f6g6,-56,1,b5c5,0.2024,0.222,0.2181,0.1812,b5b3,b5b3,b5b3,b5b3,5.0,0.222,-0.0212,False
r1bqk2r/pp2p1bp/2np1np1/2p2p2/2P1P3/1PNP2P1/PB2NP1P/R2QKB1R b KQkq - 0 8,16,?,f5e4,75,32,e8g8,0.1606,0.2359,0.2853,0.1694,e8g8,e8g8,e8g8,e8g8,49.0,0.2853,0.0088,False
r1bq1rk1/pp4bp/2np1np1/2p1pp2/2P1P3/1PNP2P1/PB2NPBP/R2Q1RK1 b - - 1 10,20,?,f5f4,128,106,c6d4,0.0889,0.1469,0.1844,0.1511,f5e4,f5e4,c6d4,c6d4,170.0,0.1844,0.0622,False
1rbq1rk1/pp4bp/3p1np1/2p1pp2/P1PnPP2/1PNP2P1/1B2N1BP/R2Q1RK1 b - - 0 12,24,?,f5e4,52,17,a7a6,0.0932,0.1302,0.1478,0.1417,d4e2,d4e2,b7b6,f6g4,76.0,0.1478,0.0485,False
1r1q1rk1/1p1b2bp/p2p1np1/2p1pP2/P1Pn1P2/1PNP2P1/1B2N1BP/R2Q1R1K b - - 0 14,28,?,d4f5,63,38,d7f5,0.3678,0.3586,0.3699,0.3042,d7f5,d7f5,d7f5,d7f5,46.0,0.3699,-0.0636,False
1r1q1rk1/1p4bp/p2p2p1/2pBpb2/P1Pn1P2/1P1P2P1/1B2N2P/R2Q1R1K b - - 0 16,32,?,f5e6,29,47,g8h8,0.3016,0.2527,0.2097,0.189,g8h8,g8h8,g8h8,g8h8,52.0,0.3016,-0.1126,False
1r1q1r1k/1p4bp/p2p2p1/2pB1b2/P1Pp1P2/1P1P1QP1/1B5P/R4R1K b - - 1 18,36,?,d8d7,36,15,b7b5,0.1762,0.2306,0.2735,0.3233,b7b5,d8d7,d8d7,d8d7,0.0,0.3233,0.1471,False
1r1q1r1k/6bp/3p2p1/1ppB1b2/2Pp1P2/1P1P1QP1/7P/R1B2R1K b - - 1 20,40,?,b5c4,31,16,b5c4,0.6564,0.6497,0.6316,0.5538,b5c4,b5c4,b5c4,b5c4,0.0,0.6564,-0.1026,False
1r3r1k/3q2bp/3p2p1/2p2b2/2Bp1P2/1P1P1QP1/3B3P/R4R1K b - - 2 22,44,?,f5e6,74,31,b8e8,0.1748,0.1888,0.1771,0.1284,f5g4,f5g4,f5g4,f5g4,53.0,0.1888,-0.0464,False
4rr1k/3q2bp/3p2p1/R1pQ4/2Bp1Pb1/1P1P2P1/3B3P/5R1K b - - 6 24,48,?,g4e6,289,7,e8e2,0.2624,0.2819,0.2864,0.2309,e8e2,e8e2,e8e2,e8e2,140.0,0.2864,-0.0315,False
5r1k/4q1bp/3p2p1/1BpQ4/3p1Pb1/1P1P2P1/R2Br2P/5R1K b - - 10 26,52,?,g4h3,309,1,f8f5,0.1545,0.1704,0.1758,0.1788,g4e6,g4e6,g4e6,g4e6,75.0,0.1788,0.0243,False
rnbq1rk1/pp2ppbp/2pp2p1/7n/3PPPP1/2NB1N1P/PPP5/R1BQK2R b KQ - 0 8,16,?,h5f6,-142,167,h5f6,0.2581,0.4242,0.5749,0.6706,h5g3,h5g3,h5f6,h5f6,0.0,0.6706,0.4125,False
rnb2rk1/pp2ppbp/1qpp1np1/8/3PPPP1/2NBBN1P/PPPQ4/R3K2R b KQ - 4 10,20,?,b6b2,-182,5,b6b2,0.8154,0.8003,0.7374,0.6143,b6b2,b6b2,b6b2,b6b2,0.0,0.8154,-0.2011,False
rnb2rk1/pp2ppbp/1qpp1np1/4P3/3P1PP1/2NBBN1P/P1PQ4/R4RK1 b - - 0 12,24,?,f6e8,-209,3,f6d5,0.0519,0.0518,0.0596,0.1585,d6e5,d6e5,d6e5,d6e5,172.0,0.1585,0.1066,False
rnb2rk1/pp2ppbp/1q1p2p1/3pPP2/3P2P1/3BBN1P/P1PQ4/R4RK1 b - - 0 14,28,?,d6e5,-201,82,b6d8,0.4344,0.5502,0.6015,0.476,d6e5,d6e5,d6e5,d6e5,0.0,0.6015,0.0416,False
r1bq1rk1/pp2ppbp/2np2pB/3pPP2/3P2P1/3B1N1P/P1PQ4/4RRK1 b - - 4 16,32,?,d6e5,-229,59,d6e5,0.3031,0.4466,0.5818,0.5603,d6e5,d6e5,d6e5,d6e5,0.0,0.5818,0.2572,False
r1bq1r1k/pp2ppBp/2n3p1/3pPP2/6P1/3B1N1P/P1PQ4/4RRK1 b - - 0 18,36,?,h8g7,-286,615,h8g7,0.9994,0.9998,0.9999,1.0,h8g7,h8g7,h8g7,h8g7,0.0,1.0,0.0006,False
r1bq1r2/pp2p1kp/2n1Ppp1/3p1P2/5QP1/3B1N1P/P1P5/4RRK1 b - - 0 20,40,?,d8d6,-197,3,d8e8,0.0846,0.1372,0.1805,0.2153,g6g5,g6g5,g6g5,g6g5,72.0,0.2153,0.1307,False
r1b1qr2/pp2p1kp/2n1P1p1/3p1PQ1/8/3B1N1P/P1P5/4RRK1 b - - 0 22,44,?,c6b4,-400,46,f8f6,0.216,0.1804,0.139,0.1083,f8f6,f8f6,f8f6,f8f6,55.0,0.216,-0.1077,False
r1b1q3/pp2p1k1/2n1Prpp/3p1P2/7N/3B2QP/P1P5/4RRK1 b - - 1 24,48,?,g6g5,-397,82,g6g5,0.7674,0.8746,0.9276,0.9425,g6g5,g6g5,g6g5,g6g5,0.0,0.9425,0.1751,False
r1b1q3/pp2p1k1/4PrNp/3p1Pp1/1n5P/3B2Q1/P1P5/4RRK1 b - - 0 26,52,?,g5h4,-410,15,b4d3,0.1503,0.0821,0.0474,0.0429,b4d3,b4d3,b4d3,b4d3,12.0,0.1503,-0.1074,False
r1b1q3/pp2p1k1/4P1Pp/3p2p1/7P/3P2Q1/P7/4RRK1 b - - 0 28,56,?,g7g6,-585,27,e8g6,0.2274,0.1608,0.1085,0.1018,e8g6,e8g6,e8g6,e8g6,258.0,0.2274,-0.1256,False
rn1qkb1r/1b1p1ppp/pp3n2/2pPp3/P1P1P3/3B4/1P1NQPPP/R1B1K1NR b KQkq - 0 8,16,?,d7d6,-152,38,d7d6,0.3575,0.5003,0.6831,0.8708,d7d6,d7d6,d7d6,d7d6,0.0,0.8708,0.5133,False
rn1qk2r/1b2bppp/pp1p1n2/2pPp3/P1P1PP2/3B2P1/1P1NQ2P/R1B1K1NR b KQkq - 0 10,20,?,b8d7,-165,14,b8d7,0.2016,0.2661,0.337,0.4512,e8g8,e5f4,b8d7,b8d7,0.0,0.4512,0.2496,False
r2q1rk1/1b1nbppp/pp1p1n2/2pPp3/P1P1PP2/3B1NP1/1P2Q2P/R1B1KN1R b KQ - 4 12,24,?,g7g6,-120,12,f6e8,0.0199,0.0126,0.0094,0.0175,b6b5,b6b5,e5f4,e5f4,72.0,0.0199,-0.0024,False
r2qnrk1/1b1nbppp/p2p4/1ppPpP2/P1P1P3/1P1B1NP1/4Q2P/R1B1KN1R b KQ - 0 14,28,?,d7f6,-211,5,b5c4,0.0419,0.0402,0.0297,0.015,b5b4,b5b4,b5b4,b5b4,94.0,0.0419,-0.0269,False
r2qnrk1/1b1nbppp/3p4/p1pPpP2/P1P1P1P1/3B1N2/4Q2P/R1B1KN1R b KQ - 0 16,32,?,e8f6,-234,29,f7f6,0.0489,0.0379,0.023,0.0087,e7h4,e7h4,e7h4,e7h4,34.0,0.0489,-0.0402,False
r2q1rk1/1bnnb1pp/3p1p2/p1pPpPP1/P1P1P2P/3B1N2/4Q3/R1B1KN1R b KQ - 0 18,36,?,a8b8,-296,13,d8e8,0.0408,0.0372,0.042,0.0607,f6g5,c7a6,c7a6,c7a6,13.0,0.0607,0.0199,False
r3qr1k/1bnnb1pp/3p1pP1/p1pPpP2/P1P1P2P/3B1N2/4Q3/R1B1KNR1 b Q - 0 20,40,?,c7a6,-385,16,h7h6,0.0965,0.1219,0.1409,0.2021,h7h6,h7h6,h7h6,h7h6,191.0,0.2021,0.1056,False
r3q1rk/1bnnb1p1/3p1pPp/p1pPpP1Q/P1P1P2P/3B4/7N/R1B1KNR1 b Q - 3 22,44,?,e8g6,-818,204,e7f8,0.0021,0.0013,0.0008,0.0004,c7a6,c7a6,c7a6,d7f8,1178.0,0.0021,-0.0017,True
r3qbrk/1b1n2p1/n2p1pPN/p1pPpP1Q/P1P1P2P/3B4/8/R1B1KNR1 b Q - 0 24,48,?,g7h6,-889,1110,g7h6,0.7231,0.8004,0.8324,0.8319,g7h6,g7h6,g7h6,g7h6,0.0,0.8324,0.1088,False
r1bq1rk1/1pp1nppp/p1np4/2b1p3/4PP2/2N3P1/PPPPN1BP/R1BQ1R1K b - - 0 8,16,?,f7f5,-16,53,f7f5,0.1488,0.2741,0.3923,0.4109,e5f4,e5f4,f7f5,f7f5,0.0,0.4109,0.2621,False
r1bq1r1k/1pp1n1pp/p1np4/2bNpp2/4PP2/3P2P1/PPP1N1BP/R1BQ1R1K b - - 2 10,20,?,f5e4,-28,8,e7d5,0.2387,0.2835,0.2792,0.2353,e7d5,e7d5,e7d5,e7d5,46.0,0.2835,-0.0034,False
r1bq1r1k/1pp3pp/p2p4/2bPpp2/3n1P2/2PP2P1/PP2N1BP/R1BQ1R1K b - - 0 12,24,?,d4e2,-12,426,d4e2,0.5831,0.7138,0.8202,0.8841,d4e2,d4e2,d4e2,d4e2,0.0,0.8841,0.301,False
r1b2r1k/1pp3pp/p2p1q2/2bPpp2/5P2/2PP2P1/PP1BQ1BP/R4R1K b - - 2 14,28,?,c8d7,1,57,c8d7,0.2368,0.35,0.5299,0.7812,e5f4,c8d7,c8d7,c8d7,0.0,0.7812,0.5444,False
4rr1k/1ppb2pp/p2p1q2/2bPpp1Q/5P2/2PP2P1/PP1B2BP/4RR1K b - - 6 16,32,?,h8g8,12,10,h7h6,0.0117,0.0134,0.0139,0.0183,g7g6,g7g6,g7g6,g7g6,33.0,0.0183,0.0066,False
4rr1k/1pp3p1/p2p1q1p/1bbPpp1Q/2P2P2/3P2P1/PP1BR1BP/5R1K b - - 0 18,36,?,b5d7,-25,72,b5d7,0.8247,0.9064,0.9445,0.9562,b5d7,b5d7,b5d7,b5d7,0.0,0.9562,0.1315,False
4rr2/1ppb2pk/p2p1q1p/2bPpp1Q/2P2P2/2BP2P1/PP2R1BP/4R2K b - - 4 20,40,?,g7g6,-86,28,g7g6,0.2816,0.2802,0.3027,0.3786,g7g6,c5d4,c5d4,g7g6,0.0,0.3786,0.097,False
4rr2/1ppb3k/p2p1qpp/3PPp2/2Pb4/2BP1QP1/PP2R1BP/4R2K b - - 0 22,44,?,d4e5,19,135,d6e5,0.125,0.164,0.1733,0.1674,d6e5,d6e5,d6e5,d6e5,121.0,0.1733,0.0424,False
4rr2/1ppb3k/p4qpp/3P1p2/2Pp1Q2/3P2P1/PP2R1BP/4R2K b - - 1 24,48,?,e8e2,-55,73,e8e2,0.6108,0.6815,0.6874,0.6398,e8e2,e8e2,e8e2,e8e2,0.0,0.6874,0.029,False
8/1pQb1r1k/p4qpp/3P1p2/2Pp4/3P2P1/PP2R1BP/7K b - - 0 26,52,?,h7g7,-246,38,g6g5,0.0129,0.0129,0.0133,0.0133,d7a4,d7a4,d7a4,d7a4,119.0,0.0133,0.0004,True
8/1p1b1r1k/pq1P3p/4Qpp1/2Pp4/3P2P1/PP2R1BP/7K b - - 0 28,56,?,h7g6,-385,5,a6a5,0.2062,0.2479,0.2871,0.3321,f5f4,h7g6,h7g6,h7g6,0.0,0.3321,0.1259,False
8/1p1b2rk/1q1P1Q1p/p2B1pp1/2Pp4/3P2P1/PP2R2P/7K b - - 3 30,60,?,b6b2,-795,54,a5a4,0.0248,0.0143,0.0092,0.0072,a5a4,a5a4,a5a4,a5a4,1201.0,0.0248,-0.0176,True
rnbq1rk1/ppp1bppp/1n1p4/8/2PP4/2NB4/PP2NPPP/R1BQK2R b KQ - 5 8,16,?,b8c6,-63,5,b8c6,0.1319,0.1354,0.2028,0.364,c8g4,c8g4,c8g4,b8c6,0.0,0.364,0.2321,False
r1bq1rk1/ppp2ppp/1nnp1b2/8/2PP4/1PNB4/P3NPPP/R1BQ1RK1 b - - 0 10,20,?,c8g4,-79,3,g7g6,0.0959,0.1133,0.2203,0.3635,c6d4,c6d4,c6d4,c8g4,0.0,0.3635,0.2676,False
r1bqr1k1/ppp2p1p/1nnp1bp1/8/2PP4/1PNBB3/P2QNPPP/R4RK1 b - - 3 12,24,?,c6b4,-104,16,c8g4,0.2139,0.2294,0.2006,0.1122,c6b4,c6b4,c8g4,c8g4,48.0,0.2294,-0.1017,False
r2qr1k1/pppb1p1p/1nnp1bp1/8/2PPB3/1PN1BP2/P2QN1PP/R4RK1 b - - 2 14,28,?,a7a5,-168,1,a8b8,0.0789,0.0905,0.0894,0.081,f6g7,f6g7,f6g7,f6g7,39.0,0.0905,0.0021,False
1r1qr1k1/pppbnp1p/1n1p1bp1/3P4/2P1B3/1PN1BP2/P2QN1PP/3R1RK1 b - - 0 16,32,?,e7f5,-204,14,d7f5,0.1707,0.2294,0.323,0.3831,c7c6,e7f5,e7f5,e7f5,0.0,0.3831,0.2124,False
1r1qr1k1/ppp1np1p/1n1p1bp1/3P4/2PNN3/1P2BP2/P2Q2PP/3R1RK1 b - - 0 18,36,?,f6e5,-261,25,f6g7,0.1013,0.0752,0.0492,0.0206,f6g7,f6g7,f6g7,f6g7,13.0,0.1013,-0.0807,False
1r2r1k1/pppqnpbp/1n1p1Np1/3P2B1/2PN4/1P3P2/P2Q2PP/3R1RK1 b - - 4 20,40,?,g7f6,-353,281,g7f6,0.9729,0.9904,0.996,0.9977,g7f6,g7f6,g7f6,g7f6,0.0,0.9977,0.0248,False
1r2r1k1/pppq1p1p/1n1p1Bp1/3P1n2/2PN1Q2/1P3P2/P5PP/3R1RK1 b - - 2 22,44,?,f5d4,-242,154,f5d4,0.4477,0.4562,0.4263,0.3632,f5d4,f5d4,f5d4,f5d4,0.0,0.4562,-0.0845,False
1r2r1k1/ppp1qp1p/1n1p2p1/3P4/2PB1Q2/1P3P2/P5PP/4RRK1 b - - 2 24,48,?,e7e1,-309,167,e7e1,0.1589,0.1465,0.1616,0.2299,e7d7,e7d7,e7f8,e7f8,241.0,0.2299,0.071,False
1r4k1/ppp2p1p/1n1p2p1/3P4/2PB1Q2/1P3P2/P4KPP/4r3 b - - 1 26,52,?,b8e8,-352,31,b8e8,0.667,0.7971,0.868,0.9017,b8e8,b8e8,b8e8,b8e8,0.0,0.9017,0.2347,False
6k1/ppp2p1p/1n1p1Qp1/3P4/2PB4/1P3PK1/P3r1PP/4r3 b - - 5 28,56,?,e2e5,-536,270,g8f8,0.1827,0.1633,0.1308,0.1034,g8f8,g8f8,g8f8,g8f8,1461.0,0.1827,-0.0793,False
7Q/ppp1kp1p/1n1p1Bp1/3P4/2P5/1P3PK1/P3r1PP/4r3 b - - 9 30,60,?,e7d7,-1999,0,e7d7,1.0,1.0,1.0,1.0,e7d7,e7d7,e7d7,e7d7,0.0,1.0,0.0,False
r1bqkb1r/pp2nppp/4p3/3p4/2PQ4/6P1/PP2PPBP/RNB2RK1 b kq - 0 8,16,?,e7c6,-63,66,e7c6,0.4084,0.4812,0.5733,0.6788,e7c6,e7c6,e7c6,e7c6,0.0,0.6788,0.2704,False
r1bqkb1r/pp3ppp/2n1p3/8/2Pp4/1Q4P1/PP2PPBP/RNB2RK1 b kq - 1 10,20,?,e6e5,17,3,f8c5,0.2195,0.1544,0.0837,0.0492,f8c5,f8c5,f8e7,f8e7,12.0,0.2195,-0.1703,False
r1bq1rk1/pp3ppp/2n1p3/2b5/2PpN3/1Q4P1/PP2PPBP/R1B2RK1 b - - 5 12,24,?,c5e7,-7,30,c5e7,0.0782,0.1381,0.2295,0.4855,b7b6,c5b6,c5b6,c5e7,0.0,0.4855,0.4073,False
r1bq1rk1/pp2bppp/2n5/4p3/2PpN3/1Q4P1/PP2PPBP/R1B2RK1 b - - 1 14,28,?,f7f5,146,9,d8c7,0.1104,0.1716,0.2137,0.2517,c8e6,f7f5,f7f5,f7f5,0.0,0.2517,0.1413,False
r4rk1/ppq1bppp/2n1b3/4p3/2PPN3/1Q4P1/PP3PBP/R1B2RK1 b - - 0 16,32,?,c6d4,265,225,c6d4,0.6348,0.7381,0.8116,0.8753,c6d4,c6d4,c6d4,c6d4,0.0,0.8753,0.2405,False
r4rk1/pp2bppp/4b3/4p3/2QnN3/6P1/PP3PBP/R1B2RK1 b - - 0 18,36,?,e6c4,354,796,e6c4,0.9979,0.9994,0.9997,0.9998,e6c4,e6c4,e6c4,e6c4,0.0,0.9998,0.0019,False
r2r2k1/pp2bppp/8/4p3/2bnN3/4B1P1/PP3PBP/R2R2K1 b - - 3 20,40,?,c4e6,199,3,d4c2,0.0025,0.0052,0.0085,0.0109,d4c2,d4c2,d4c2,d4c2,13.0,0.0109,0.0084,False
r2R2k1/pp2bppp/8/4p3/2b1N3/4n1P1/PP3PBP/2R3K1 b - - 0 22,44,?,e7d8,202,4,a8d8,0.077,0.0387,0.0238,0.0222,a8d8,a8d8,a8d8,a8d8,1.0,0.077,-0.0548,False
3r2k1/ppR1bppp/8/4p3/4N3/4P1P1/bP4BP/6K1 b - - 1 24,48,?,e7b4,221,12,e7f8,0.1104,0.1577,0.2202,0.2313,d8d1,d8d1,d8d1,e7f8,69.0,0.2313,0.1209,False
5bk1/pR3ppp/8/4p3/4N3/4P1P1/bP3KBP/3r4 b - - 2 26,52,?,f7f5,90,20,d1c1,0.1332,0.1313,0.1481,0.2348,a2d5,a2d5,a2d5,a2d5,90.0,0.2348,0.1016,False
5bk1/R4ppp/8/4p3/4N3/4P1P1/bPr3BP/6K1 b - - 2 28,56,?,c2c1,115,0,c2b2,0.0971,0.0447,0.0223,0.0181,c2b2,c2b2,c2b2,c2b2,84.0,0.0971,-0.079,False
R4bk1/5ppp/8/4p3/4N3/4P1P1/b5KP/8 b - - 0 30,60,?,a2d5,344,466,a2d5,0.8592,0.9051,0.9359,0.9439,a2d5,a2d5,a2d5,a2d5,0.0,0.9439,0.0847,False
5bk1/6pp/8/3bpp2/R3N3/4PKP1/7P/8 b - - 1 32,64,?,f8e7,350,18,d5e4,0.0029,0.0037,0.0046,0.0076,f5e4,d5e4,d5e4,d5e4,-10.0,0.0076,0.0047,False
5bk1/6pp/8/4p3/4K3/4P1P1/7P/8 b - - 0 34,68,?,f8c5,452,30,f8d6,0.0222,0.0125,0.0086,0.0106,f8d6,f8d6,f8d6,f8d6,-16.0,0.0222,-0.0116,False
r1b1k1nr/pp2ppbp/1qnp2p1/8/N1PNP3/4B3/PP3PPP/R2QKB1R b KQkq - 3 8,16,?,b6a5,-50,13,b6a5,0.1392,0.1483,0.1845,0.3402,b6b4,b6b4,b6b4,b6b4,268.0,0.3402,0.201,False
r1b1k1nr/pp2ppbp/1qnp2p1/8/N1PNP3/4B3/PP3PPP/R2QKB1R b KQkq - 7 10,20,?,b6a5,-40,19,b6a5,0.1392,0.1483,0.1845,0.3402,b6b4,b6b4,b6b4,b6b4,261.0,0.3402,0.201,False
r1b1k2r/pp2ppbp/2np1np1/q7/2P1P3/1NN1B3/PP3PPP/R2QKB1R b KQkq - 11 12,24,?,a5d8,-51,14,a5d8,0.2882,0.3723,0.4375,0.5564,a5c7,a5d8,a5d8,a5d8,0.0,0.5564,0.2682,False
r1bq1rk1/pp2ppbp/2np1np1/8/2P1P3/1NN1BP2/PP2B1PP/R2QK2R b KQ - 2 14,28,?,c8e6,-50,3,a7a5,0.2505,0.254,0.2876,0.5368,c8e6,c8e6,c8e6,c8e6,0.0,0.5368,0.2863,False
r1bq1rk1/1p2ppbp/2np1np1/8/p1PNP3/2N1BP2/PP1QB1PP/R3K2R b KQ - 1 16,32,?,c6d4,-16,20,d8a5,0.128,0.1108,0.0931,0.0767,a4a3,a4a3,a4a3,a4a3,89.0,0.128,-0.0513,False
r1b2rk1/1p2ppbp/3p1np1/q7/p1PBP3/2N2P2/PP1QB1PP/2R1K2R b K - 0 18,36,?,c8e6,0,24,c8e6,0.1581,0.2052,0.3015,0.4498,a4a3,a4a3,c8e6,c8e6,0.0,0.4498,0.2917,False
r4rk1/1p2ppbp/3pbnp1/1N6/p1PBP3/5P2/PP1KB1PP/2R4R b - - 0 20,40,?,f8c8,0,0,g7h6,0.232,0.3448,0.5114,0.5918,f8c8,f8c8,f8c8,f8c8,0.0,0.5918,0.3598,False
r4rk1/1p2pp1p/3pbnp1/1N6/p1P1P3/4KP2/PP2B1PP/2R4R b - - 0 22,44,?,f8c8,-20,10,f8c8,0.2555,0.3622,0.5179,0.568,f8c8,f8c8,f8c8,f8c8,0.0,0.568,0.3125,False
r1r3k1/1p1npp1p/3pb1p1/1N6/p1P1PP2/4K3/PP2B1PP/2RR4 b - - 0 24,48,?,h7h5,-3,20,d7b6,0.0155,0.01,0.0071,0.0112,d7b6,d7c5,d7c5,d7c5,22.0,0.0155,-0.0043,False
r1r3k1/1p2pp1p/1n1pb1p1/1N6/2P1PP2/1P2K3/4B1PP/2RR4 b - - 0 26,52,?,e6d7,-41,5,a8a2,0.1015,0.1109,0.1116,0.1054,a8a2,a8a2,a8a2,a8a2,30.0,0.1116,0.0039,False
2r3k1/1p2pp1p/1n1pb1p1/1N6/2P1PP2/1P2K3/1r2B1PP/RR6 b - - 4 28,56,?,b2b1,-54,282,b2b1,0.5757,0.5928,0.5333,0.4371,b2b1,b2b1,b2b1,b2c2,300.0,0.5928,-0.1386,False
r5k1/1p2pp1p/1n1pb1p1/1N6/2P1PP2/1P2KB2/6PP/1R6 b - - 2 30,60,?,e6d7,-50,20,e6d7,0.1344,0.1754,0.2093,0.2192,a8a2,a8a2,a8a2,a8a2,22.0,0.2192,0.0848,False
6k1/1p1bpp1p/1n1p2p1/8/2PKPP2/rPN2B2/6PP/1R6 b - - 6 32,64,?,d7c6,-35,23,d7c6,0.141,0.1895,0.2467,0.3062,d7c6,d7c6,d7c6,d7c6,0.0,0.3062,0.1652,False
6k1/1p2pp1p/1n1p2p1/4P3/2PK1P2/rPN2P2/7P/1R6 b - - 0 34,68,?,g8f8,-31,4,d6e5,0.014,0.0257,0.0505,0.1086,d6e5,d6e5,d6e5,d6e5,64.0,0.1086,0.0946,False
r1bq1rk1/pp1pnpbp/2n3p1/2p1p3/4P2N/3P2P1/PPPN1PBP/R1BQ1RK1 b - - 5 8,16,?,d7d5,61,15,d7d5,0.2775,0.2251,0.1629,0.1388,d7d6,d7d6,d7d6,d7d6,29.0,0.2775,-0.1387,False
r1bq1rk1/pp2npbp/2n3p1/2p1p3/4PP1N/6P1/PPPN2BP/R1BQ1RK1 b - - 0 10,20,?,e5f4,30,12,e5f4,0.5381,0.6191,0.7156,0.6917,e5f4,e5f4,e5f4,e5f4,0.0,0.7156,0.1536,False
r1bq1rk1/pp3pbp/2n3p1/2p2N2/4PP2/8/PPPN2BP/R1BQ1RK1 b - - 0 12,24,?,g6f5,-56,341,g6f5,0.7894,0.7457,0.7446,0.8516,g6f5,g6f5,g6f5,g6f5,0.0,0.8516,0.0622,False
r1bq1rk1/pp4bp/2n2p2/2p1Pp2/2N2P2/8/PPP3BP/R1BQ1RK1 b - - 1 14,28,?,c8e6,37,25,f6e5,0.0516,0.053,0.0687,0.1046,f6e5,f6e5,f6e5,f6e5,85.0,0.1046,0.053,False
r1bQ1rk1/p5bp/2p5/2p1pp2/2N2P2/8/PPP4P/R1B2RK1 b - - 0 16,32,?,f8d8,-3,466,f8d8,0.9983,0.9994,0.9997,0.9999,f8d8,f8d8,f8d8,f8d8,0.0,0.9999,0.0016,False
r1b3k1/p5bp/2pr4/2p1Np2/5P2/4B3/PPP4P/R4RK1 b - - 2 18,36,?,g7e5,-39,3,c8a6,0.2194,0.1778,0.1254,0.0685,c8a6,c8a6,c8a6,c8a6,43.0,0.2194,-0.1509,False
3r2k1/p5bp/b1pR4/2p1Np2/5P2/4B3/PPP4P/R5K1 b - - 0 20,40,?,d8d6,-97,460,d8d6,0.9924,0.9963,0.9978,0.9984,d8d6,d8d6,d8d6,d8d6,0.0,0.9984,0.006,False
6k1/p5bp/b1p5/2B1Np2/5P2/8/PPPr3P/2R3K1 b - - 2 22,44,?,g7e5,-18,24,g7h6,0.1711,0.1732,0.1622,0.1304,d2d5,d2d5,d2d5,g7h6,18.0,0.1732,-0.0407,False
6k1/p3N2p/b7/2B2p2/5b2/8/PPPr3P/2R3K1 b - - 1 24,48,?,g8f7,192,146,g8f7,0.7707,0.8279,0.887,0.9211,g8f7,g8f7,g8f7,g8f7,0.0,0.9211,0.1504,False
8/p4k1p/b7/2B2N2/2P2b2/8/Pr5P/2R3K1 b - - 0 26,52,?,f4c1,552,432,f4h2,0.7743,0.831,0.8641,0.8766,f4c1,f4c1,f4c1,f4c1,0.0,0.8766,0.1023,False
8/p4k1p/b7/5N2/2P5/8/r4B1b/2R2K2 b - - 1 28,56,?,a6c8,254,67,h2f4,0.0457,0.0465,0.0422,0.0433,a2a4,h2f4,h2f4,h2f4,94.0,0.0465,-0.0024,False
8/p4k1p/b7/8/r1P2b2/2R1N3/5B2/5K2 b - - 5 30,60,?,f7e6,124,9,f4e3,0.0354,0.0426,0.0555,0.0914,f4e3,f4e3,f4e3,f4e3,86.0,0.0914,0.056,False
8/p4k1p/8/8/r1b5/2R1B3/5K2/8 b - - 1 32,64,?,a7a6,48,38,a7a6,0.0797,0.1287,0.1911,0.2024,a4a2,a4a2,a7a5,a7a5,38.0,0.2024,0.1227,False
8/5k1p/p7/1b6/r7/4BK2/8/2R5 b - - 3 34,68,?,h7h5,140,61,a4a3,0.1979,0.1532,0.1334,0.1243,a4a3,a4a3,a4c4,a4c4,124.0,0.1979,-0.0736,False
r1bq1rk1/pp1n1ppp/2pbpn2/3p4/2PP4/1P2PN2/PB2BPPP/RN1Q1RK1 b - - 0 8,16,?,b7b6,-25,20,b7b6,0.0348,0.0515,0.0556,0.0738,d8e7,d8e7,f8e8,f8e8,12.0,0.0738,0.039,False
r2q1rk1/pb1n1ppp/1ppbpn2/3pN3/2PP4/1P2P3/PB1NBPPP/R2Q1RK1 b - - 3 10,20,?,a8c8,-21,1,d8e7,0.0588,0.0658,0.1208,0.2104,c6c5,c6c5,d8c7,c6c5,10.0,0.2104,0.1516,False
r4rk1/pb1nqppp/1ppbp3/3pN3/2PPn3/1P2PN2/PB2BPPP/2RQ1RK1 b - - 7 12,24,?,f7f6,-23,5,a8c8,0.3559,0.4179,0.47,0.5223,f7f6,f7f6,f7f6,f7f6,0.0,0.5223,0.1664,False
2r2rk1/pb2qppp/1ppbp3/3pN3/2PPn3/1P2P2P/PB2BPP1/2RQ1RK1 b - - 0 14,28,?,f7f6,18,3,d6a3,0.4115,0.4887,0.5494,0.5839,f7f6,f7f6,f7f6,f7f6,0.0,0.5839,0.1724,False
2r2rk1/pb2qppp/1pp1p3/3pN3/2PPn3/1P2P2P/PQ2BPP1/2R2RK1 b - - 0 16,32,?,d5c4,-34,10,d5c4,0.052,0.0294,0.0157,0.0067,f7f6,f7f6,f7f6,f7f6,24.0,0.052,-0.0453,False
2r2rk1/pb2qppp/1p2p3/2p1N3/2PPn3/4P2P/PQ2BPP1/2RR2K1 b - - 1 18,36,?,f8d8,-40,2,c5d4,0.1136,0.1199,0.1913,0.4336,f7f6,f7f6,f7f6,f8d8,0.0,0.4336,0.32,False
2rr2k1/pb2qppp/1p2p3/4N3/2PPn3/5B1P/PQ3PP1/2RR2K1 b - - 2 20,40,?,e4f6,-37,8,f7f6,0.0529,0.0563,0.0496,0.0376,f7f6,f7f6,f7f6,f7f6,10.0,0.0563,-0.0153,False
2rr2k1/pbq3pp/1p2pp2/8/2PPn1N1/5B1P/P3QPP1/2RR2K1 b - - 3 22,44,?,e4g5,-29,21,c7f4,0.3054,0.3572,0.4153,0.4368,f6f5,f6f5,f6f5,f6f5,50.0,0.4368,0.1314,False
b1rr2k1/p5pp/1p2pp2/3P4/2P1nq2/4NB1P/P3QPP1/2RR2K1 b - - 0 24,48,?,e4g5,-35,26,e6d5,0.1199,0.1358,0.1418,0.1584,e6d5,e6d5,e6d5,e6d5,66.0,0.1584,0.0385,False
b1rr2k1/p5pp/1p1n1p2/3P4/5q2/4NBPP/P3QP2/2RR2K1 b - - 0 26,52,?,f4e5,-140,66,f4e5,0.2011,0.1984,0.1878,0.1853,f4a4,f4h6,f4h6,f4a4,184.0,0.2011,-0.0158,False
b2r2k1/p5pp/1p1n1p2/3Pq3/8/3QNBPP/P4P2/2R3K1 b - - 0 28,56,?,f6f5,-102,13,d6b7,0.0865,0.0853,0.0874,0.0822,e5b2,e5b2,d6f7,d6f7,61.0,0.0874,-0.0043,False
b2r2k1/pn4p1/1p3p1p/3Pq3/8/3QN1PP/P4PB1/2R3K1 b - - 1 30,60,?,b7d6,-122,27,b7c5,0.1861,0.197,0.206,0.2062,b7c5,b7c5,b7c5,b7c5,23.0,0.2062,0.0201,False
b2rq1k1/p5p1/1p3p1p/2nP4/6Q1/4N1PP/P4PB1/2R3K1 b - - 5 32,64,?,h6h5,-95,27,c5d3,0.0453,0.0368,0.0266,0.025,c5d3,c5d3,e8e5,e8e5,185.0,0.0453,-0.0203,True
b1R1q1k1/p2r2p1/1p3p1p/3P1N2/6Q1/3n2PP/P4PB1/6K1 b - - 9 34,68,?,e8c8,-578,212,e8c8,0.7722,0.7329,0.7207,0.7249,e8c8,e8c8,e8c8,e8c8,0.0,0.7722,-0.0473,False
r1bqkb1r/2pn1ppp/p1p1p3/3pP3/3P4/5N2/PPPN1PPP/R1BQ1RK1 b kq - 1 8,16,?,c6c5,-38,9,c6c5,0.3444,0.435,0.6284,0.8293,c6c5,c6c5,c6c5,c6c5,0.0,0.8293,0.4849,False
r1bqkb1r/2pn1ppp/p3p3/3pP3/3P4/5N2/PP1N1PPP/R1BQ1RK1 b kq - 0 10,20,?,a6a5,-8,31,a6a5,0.0396,0.0326,0.017,0.0099,c7c5,c7c5,c7c5,c7c5,41.0,0.0396,-0.0297,False
r1bqkb1r/3n1ppp/4p3/p1ppP3/3P4/5N2/PP3PPP/R1BQRNK1 b kq - 1 12,24,?,f8e7,-13,1,f8e7,0.0895,0.0975,0.1157,0.1386,c5d4,c5d4,c5d4,c5d4,26.0,0.1386,0.0491,False
r1bq1rk1/3nbppp/4p3/p1ppP3/3P4/4BNN1/PP3PPP/R2QR1K1 b - - 5 14,28,?,c8a6,11,26,a8b8,0.1312,0.1254,0.1369,0.2203,c5d4,c5d4,c5d4,c5d4,33.0,0.2203,0.0891,False
1rbq1rk1/3nbppp/4p3/p2pP3/3B4/1P3NN1/P4PPP/R2QR1K1 b - - 0 16,32,?,c8a6,11,23,d7c5,0.2214,0.2355,0.3093,0.509,e7b4,e7b4,c8a6,c8a6,0.0,0.509,0.2876,False
1rbq1rk1/4bppp/4p3/p2pP3/3BN3/1P3N2/P4PPP/2RQR1K1 b - - 0 18,36,?,d5e4,-33,416,d5e4,0.9807,0.992,0.9967,0.998,d5e4,d5e4,d5e4,d5e4,0.0,0.998,0.0173,False
1r1q1rk1/1b2bppp/4p3/p3P3/3B2R1/1P3N2/P4PPP/2RQ2K1 b - - 2 20,40,?,h7h5,26,42,d8d5,0.0196,0.0187,0.0187,0.0386,b7f3,b7f3,b7f3,b7f3,109.0,0.0386,0.019,True
2r2rk1/1b2bppp/4p3/p2QP3/6R1/1P2BN2/P4PPP/2R3K1 b - - 0 22,44,?,b7d5,-32,61,b7d5,0.6847,0.7359,0.7321,0.7285,b7d5,b7d5,b7d5,b7d5,0.0,0.7359,0.0438,False
2r2rk1/5ppp/4p3/p2bP3/6R1/bP2BN1P/P4PP1/3R2K1 b - - 2 24,48,?,h7h5,-22,37,f8d8,0.0372,0.0321,0.0269,0.0358,c8c2,c8c2,c8c2,c8c2,243.0,0.0372,-0.0014,True
2r3k1/3r1ppp/4pB2/p2bP3/6R1/bP3N1P/P4PP1/3R2K1 b - - 6 26,52,?,a3f8,-18,50,g7g6,0.0428,0.0696,0.1156,0.2088,g7g6,g7g6,g7g6,g7g6,45.0,0.2088,0.166,False
2r3k1/2r2p1N/4pBp1/p2bP3/6R1/bP5P/P4PP1/3R2K1 b - - 0 28,56,?,c7c1,-220,150,c7c1,0.2063,0.1405,0.1241,0.1504,g8h7,g8h7,g8h7,g8h7,1778.0,0.2063,-0.0559,False
6k1/5p1N/4pBp1/p2bP3/6R1/bP5P/P4PPK/2r5 b - - 1 30,60,?,a3b2,-148,16,a3b2,0.0017,0.0011,0.0011,0.0018,g8h7,g8h7,g8h7,g8h7,1850.0,0.0018,0.0001,True
6k1/5p2/4pBp1/p2bP1N1/R7/1P5P/Pb3PPK/4r3 b - - 5 32,64,?,b2c3,-72,56,b2e5,0.3498,0.304,0.2734,0.2428,b2e5,b2e5,b2e5,b2e5,57.0,0.3498,-0.107,False
6k1/5p2/4p1p1/p2br1N1/R6P/1P6/P4PPK/8 b - - 0 34,68,?,f7f6,-130,46,d5c6,0.1287,0.1055,0.093,0.0851,e5e2,e5e2,e5e2,e5e2,111.0,0.1287,-0.0436,False
rn1qk2r/pp1bppbp/5np1/3P4/2BP4/5N2/PP3PPP/RNBQK2R b KQkq - 4 8,16,?,b7b5,-42,5,b7b5,0.1161,0.1634,0.192,0.2286,e8g8,e8g8,e8g8,e8g8,5.0,0.2286,0.1125,False
rn1qk2r/3bppbp/5np1/pp1P4/3P4/PB3N2/1P3PPP/RNBQK2R b KQkq - 0 10,20,?,b8a6,-36,9,a5a4,0.0157,0.0178,0.0292,0.0613,a5a4,a5a4,a5a4,e8g8,9.0,0.0613,0.0456,False
rn1qk2r/3bppbp/5np1/3P4/pP1P4/5N2/BP3PPP/RNBQK2R b KQkq - 0 12,24,?,b8a6,-51,32,b8a6,0.079,0.0481,0.0303,0.0402,d7b5,d7b5,d7b5,d7b5,123.0,0.079,-0.0388,False
r2qk2r/3bppbp/3P1np1/8/pn1P4/5N2/BP3PPP/RNBQ1RK1 b kq - 0 14,28,?,e8g8,-47,13,e8g8,0.0407,0.0517,0.0687,0.1181,e7d6,e7d6,e7d6,e7d6,360.0,0.1181,0.0774,False
r4rk1/3bqpbp/5np1/8/pnBP4/5N2/1P3PPP/RNBQ1RK1 b - - 1 16,32,?,d7c6,-46,5,a8c8,0.0581,0.0682,0.0619,0.0423,d7e6,f8c8,f8c8,f8c8,12.0,0.0682,-0.0158,False
2r2rk1/3bqpbp/6p1/8/pnBPn3/BP3N2/5PPP/RN1Q1RK1 b - - 2 18,36,?,f8e8,-109,55,f8e8,0.0723,0.0928,0.1,0.0968,a4b3,a4b3,a4b3,a4b3,152.0,0.1,0.0245,False
2r1rqk1/3b1pbp/6p1/8/pnBPR3/BP3N2/5PPP/RN1Q2K1 b - - 0 20,40,?,e8e4,-311,87,e8e4,0.8213,0.8879,0.9322,0.9576,e8e4,e8e4,e8e4,e8e4,0.0,0.9576,0.1363,False
2r2qk1/5pbp/2b3p1/8/pnBPN3/BP3N2/5PPP/R2Q2K1 b - - 0 22,44,?,c6e4,-371,79,c6e4,0.686,0.7535,0.8138,0.8704,c6e4,c6e4,c6e4,c6e4,0.0,0.8704,0.1844,False
2r2qk1/5pbp/6p1/8/1BBPb3/1p3N2/3Q1PPP/R5K1 b - - 0 24,48,?,c8c4,-383,25,g7h6,0.2834,0.2833,0.3163,0.3655,c8c4,c8c4,c8c4,c8c4,0.0,0.3655,0.0821,False
5qk1/5p1p/6pb/8/1BQPb3/1p3N2/5PPP/R5K1 b - - 0 26,52,?,b3b2,-416,50,b3b2,0.4469,0.4389,0.4772,0.5351,b3b2,b3b2,b3b2,b3b2,0.0,0.5351,0.0882,False
5Bk1/5p1p/6pb/8/2QP4/5N2/1p3PPP/1b4K1 b - - 0 28,56,?,b1e4,-519,17,b1e4,0.023,0.022,0.0229,0.0241,h6f8,h6f8,h6f8,h6f8,56.0,0.0241,0.0011,False
5Bk1/5p1p/6pb/8/3Pb3/5N2/5PPP/1Q4K1 b - - 0 30,60,?,e4b1,-519,98,e4b1,0.9438,0.9776,0.987,0.9873,e4b1,e4b1,e4b1,e4b1,0.0,0.9873,0.0435,False
6k1/7p/5ppB/8/3P4/8/3N1PPP/1b4K1 b - - 1 32,64,?,b1a2,-515,29,b1a2,0.1728,0.1592,0.1524,0.1519,b1d3,b1d3,b1d3,b1d3,21.0,0.1728,-0.0209,False
6k1/7p/5ppB/3b4/3P3P/5P2/3N2P1/6K1 b - - 0 34,68,?,g8f7,-513,7,g8f7,0.5331,0.6561,0.7588,0.8271,g8f7,g8f7,g8f7,g8f7,0.0,0.8271,0.294,False
rnbq1rk1/pp2ppbp/2p3p1/3p4/2PPn3/1P2PN2/PB2BPPP/RN1Q1RK1 b - - 0 8,16,?,c8g4,-47,4,c8g4,0.1356,0.1416,0.1529,0.145,b8d7,b8d7,b8d7,b8d7,14.0,0.1529,0.0094,False
rn1q1rk1/pp2ppbp/2p3p1/3p4/2PP2b1/1PB1PN2/P3BPPP/R2Q1RK1 b - - 0 10,20,?,e7e6,-41,2,c6c5,0.1066,0.1053,0.0897,0.0681,b8d7,b8d7,b8d7,b8d7,0.0,0.1066,-0.0385,False
rn1q1rk1/pp2ppbp/6p1/3p4/2PB2b1/1P2PN1P/P3BPP1/R2Q1RK1 b - - 0 12,24,?,g7d4,-182,0,g7d4,0.0963,0.0863,0.071,0.0395,g4f3,g4f3,g4f3,g4f3,2.0,0.0963,-0.0568,False
rn1q1rk1/pp2pp1p/6p1/3p4/2PQ4/1P2PB1P/P4PP1/R4RK1 b - - 0 14,28,?,b8c6,-198,33,e7e6,0.4239,0.4159,0.3975,0.3535,b8c6,b8c6,b8c6,b8c6,0.0,0.4239,-0.0704,False
rn1q1rk1/pp3p1p/6p1/3Q4/8/1P2PB1P/P4PP1/R4RK1 b - - 0 16,32,?,b8c6,-272,13,b8c6,0.0575,0.0874,0.1478,0.2338,d8d5,d8d5,d8d5,d8d5,20.0,0.2338,0.1763,False
r2r2k1/pp3p1p/2n3p1/8/8/1P2PB1P/P4PP1/3R1RK1 b - - 1 18,36,?,a8c8,-254,11,g8f8,0.0235,0.0455,0.1032,0.1872,d8d1,d8d1,c6e5,c6e5,186.0,0.1872,0.1637,False
r2r4/pp2kp1p/2n3p1/8/1P6/P3PB1P/5PP1/3R1RK1 b - - 0 20,40,?,a8b8,-191,19,a7a6,0.0298,0.0747,0.1145,0.0918,d8d1,d8d1,c6e5,c6e5,195.0,0.1145,0.062,False
1r1r4/1p2kp1p/p1n3p1/3B4/1P4P1/P3P2P/5P2/3R1RK1 b - - 2 22,44,?,a6a5,-142,38,c6e5,0.0311,0.0187,0.0112,0.0118,c6e5,c6e5,c6e5,c6e5,97.0,0.0311,-0.0193,False
1r1r4/1p1nkp1p/p5p1/8/1P3PP1/P3PB1P/8/3R1RK1 b - - 2 24,48,?,b7b5,-153,52,d7b6,0.1197,0.1072,0.1027,0.1013,d7b6,d7b6,d7b6,d7b6,106.0,0.1197,-0.0184,False
1r1k4/1p3p1p/pn4p1/8/1P3PP1/P3PB1P/8/3R2K1 b - - 1 26,52,?,d8e8,-369,1,d8e7,0.1507,0.0948,0.0668,0.059,d8e7,d8e7,d8e7,d8e7,-15.0,0.1507,-0.0917,False
1r6/1p1k1p1p/pn4p1/8/1P2PPP1/P4B1P/8/2R3K1 b - - 0 28,56,?,f7f6,-306,30,b6a4,0.0645,0.0741,0.067,0.052,b8c8,b8c8,b8c8,b8c8,62.0,0.0741,-0.0125,False
1r6/3k1p1p/p5p1/1p2P3/nP3PP1/P4B1P/5K2/2R5 b - - 1 30,60,?,a4b6,-372,26,b8b6,0.1737,0.1946,0.201,0.2152,b8c8,a4b2,a4b2,a4b2,47.0,0.2152,0.0415,False
8/3k1p1p/pr4p1/1p2P3/1P3PP1/P3K2P/1n2B3/2R5 b - - 5 32,64,?,f7f6,-393,6,f7f6,0.0767,0.0659,0.0592,0.0479,b2a4,b2a4,b2a4,b2a4,30.0,0.0767,-0.0288,False
8/3k3p/pr4p1/1p2P3/1P1K2P1/P6P/1n2B3/2R5 b - - 0 34,68,?,b6b8,-389,28,d7e6,0.0169,0.0161,0.0163,0.0227,b2a4,b2a4,b2a4,b2a4,49.0,0.0227,0.0058,False
rnbq1rk1/pp2ppbp/3p1np1/8/3NP3/2N1BP2/PPPQ2PP/R3KB1R b KQ - 2 8,16,?,b8c6,-89,5,b8c6,0.6142,0.6962,0.7685,0.8719,b8c6,b8c6,b8c6,b8c6,0.0,0.8719,0.2577,False
r2q1rk1/pp1bppbp/2np1np1/8/2BNP2P/2N1BP2/PPPQ2P1/R3K2R b KQ - 0 10,20,?,c6e5,-66,3,d8a5,0.0562,0.0633,0.0713,0.0331,h7h5,h7h5,h7h5,h7h5,3.0,0.0713,-0.0231,False
r1r3k1/pp1bppbp/2np1np1/q7/3NP2P/1BN1BP2/PPPQ2P1/2KR3R b - - 4 12,24,?,c6e5,-105,36,c6e5,0.0733,0.1233,0.199,0.1551,c6b4,h7h5,h7h5,h7h5,12.0,0.199,0.0818,False
r1r3k1/pp1bppbp/3p2p1/q3n2n/3NP1P1/1BN1BP2/PPPQ4/2KR3R b - - 0 14,28,?,h5f6,-24,137,h5f6,0.5002,0.6947,0.8109,0.8526,h5f6,h5f6,h5f6,h5f6,0.0,0.8526,0.3524,False
r1r3k1/p2bppbp/3p1np1/qp2n1P1/3NP3/1BN1BP2/PPPQ4/1K1R3R b - - 0 16,32,?,f6h5,0,165,f6h5,0.5744,0.6836,0.776,0.8141,f6h5,f6h5,f6h5,f6h5,0.0,0.8141,0.2397,False
r1r3k1/p2bppbp/3p2p1/qp4Pn/2BNPP2/2N1B3/PPPQ4/1K1R3R b - - 0 18,36,?,c8c4,51,6,b5c4,0.5833,0.6402,0.6791,0.749,c8c4,c8c4,c8c4,c8c4,0.0,0.749,0.1657,False
r1r3k1/p3ppbp/3p2p1/q4PPn/2p2P2/2N1B3/PPPQ4/1K1R3R b - - 0 20,40,?,g7c3,262,39,a8b8,0.307,0.2958,0.2281,0.1249,g7c3,g7c3,a8b8,a8b8,65.0,0.307,-0.1821,False
1rr3k1/p3ppBp/3p2p1/5qPn/2p2P2/2N5/PPPQ4/1K1R3R b - - 0 22,44,?,g8g7,136,26,g8g7,0.5647,0.5218,0.3963,0.2846,g8g7,g8g7,h5g7,h5g7,23.0,0.5647,-0.2801,False
1rr3k1/p3pp1p/3p2p1/3N1qPn/2pQ1P2/8/PPP5/1K1R3R b - - 3 24,48,?,b8b7,215,215,b8b7,0.2054,0.2821,0.3406,0.3907,b8b7,b8b7,b8b7,b8b7,0.0,0.3907,0.1853,False
2r3k1/pr3p1p/3pp1p1/5qPn/2pQ1P2/4N3/PPP5/1K1RR3 b - - 1 26,52,?,f5f4,334,62,f5b5,0.3022,0.3036,0.3049,0.3003,f5b5,f5b5,f5b5,f5b5,183.0,0.3049,-0.0019,False
2r3k1/pr3p1p/3pp1pN/1q4Pn/3Q1P2/2p5/PPP5/1K1RR3 b - - 1 28,56,?,g8f8,0,0,g8f8,1.0,1.0,1.0,1.0,g8f8,g8f8,g8f8,g8f8,0.0,1.0,0.0,False
2r5/pr3pkp/3Qp1pN/1q4Pn/5P2/1Pp5/P1P5/1K1RR3 b - - 0 30,60,?,a7a5,-187,12,b5c5,0.1442,0.2004,0.2507,0.2848,c8c6,c8c6,a7a5,a7a5,0.0,0.2848,0.1406,False
3R4/pr3pkp/4p1pN/2r3Pn/5P2/1Pp5/P1P5/1K2R3 b - - 1 32,64,?,h5f6,-186,400,h5f6,0.0178,0.0284,0.0345,0.0411,h5f4,h5f4,f7f6,f7f6,1813.0,0.0411,0.0233,True
3R4/pr3pkp/4pPpN/3r4/5P2/1Pp5/P1P5/1K5R b - - 0 34,68,?,g7f6,-159,0,g7f6,1.0,1.0,1.0,1.0,g7f6,g7f6,g7f6,g7f6,0.0,1.0,0.0,False
rnbqk2r/1p2bppp/p2ppn2/8/P1BNP3/2N5/1PP2PPP/R1BQ1RK1 b kq - 2 8,16,?,e8g8,-29,3,e8g8,0.6365,0.6225,0.6548,0.7062,e8g8,e8g8,e8g8,e8g8,0.0,0.7062,0.0697,False
r1bq1rk1/1p2bppp/p1nppn2/8/P2NP3/1BN4P/1PP2PP1/R1BQ1RK1 b - - 0 10,20,?,d8c7,-10,2,c8d7,0.1382,0.1909,0.277,0.3738,c6d4,c6d4,d8c7,d8c7,0.0,0.3738,0.2356,False
r2q1rk1/1p1bbppp/p2ppn2/n7/P2NP3/2N1B2P/BPP2PP1/R2Q1RK1 b - - 4 12,24,?,a8c8,7,11,a8c8,0.1553,0.1795,0.3515,0.5781,a5c6,a5c6,a8c8,a8c8,0.0,0.5781,0.4228,False
2rq1rk1/1p1bbppp/p2ppn2/8/P1BNP3/2N1B2P/1PPQ1PP1/R4RK1 b - - 0 14,28,?,c8c4,15,258,c8c4,0.995,0.9985,0.9995,0.9998,c8c4,c8c4,c8c4,c8c4,0.0,0.9998,0.0048,False
2rq1rk1/1p1bbppp/p2ppn2/8/P3P3/1PN1B2P/2PQNPP1/R4RK1 b - - 2 16,32,?,d7c6,33,22,d7c6,0.3641,0.4711,0.5024,0.4637,d7c6,d7c6,d7c6,d7c6,0.0,0.5024,0.0996,False
2rqr1k1/1p2bppp/p1bppn2/8/P3P3/1PNQB2P/2P1NPP1/R2R2K1 b - - 6 18,36,?,d8a5,33,3,d8a5,0.0493,0.0718,0.1163,0.2173,d8c7,d8c7,d8c7,d8c7,29.0,0.2173,0.168,False
2r1r1k1/1p2bpp1/p1bppn2/q6p/P2BP3/1PNQ1P1P/2P1N1P1/R2R2K1 b - - 0 20,40,?,h5h4,26,6,h5h4,0.0349,0.0418,0.0435,0.053,a5g5,a5g5,a5g5,a5g5,3.0,0.053,0.0181,False
2r1r1k1/1p2bpp1/p1bppn2/7q/P2BPN1p/1PN2P1P/2PQ2P1/R2R2K1 b - - 3 22,44,?,h5a5,19,2,h5h7,0.0452,0.0438,0.0554,0.0796,h5g5,h5g5,h5g5,h5g5,45.0,0.0796,0.0344,False
2r1r1k1/1p2bppq/p1bpp3/7n/P2BP2p/1P1N1P1P/2PQN1P1/R2R2K1 b - - 7 24,48,?,e6e5,75,50,h5g3,0.2491,0.2777,0.275,0.2258,e6e5,e6e5,h7g6,h7g6,53.0,0.2777,-0.0233,False
2r1r1k1/1p2bppq/p1bp4/4p3/P2BP2p/1P1N1PNP/2P3P1/R2RQ1K1 b - - 0 26,52,?,h4g3,90,115,h4g3,0.5184,0.4807,0.4401,0.4055,h4g3,e5d4,e5d4,e5d4,159.0,0.5184,-0.1129,False
2r1r1k1/1p2b1pq/p1bp4/4pP2/P7/1P1NBPpP/2P3P1/R2RQ1K1 b - - 0 28,56,?,e7f6,78,15,e5e4,0.0027,0.002,0.0014,0.001,h7f5,h7f5,h7f5,h7f5,90.0,0.0027,-0.0017,False
2r1r1k1/1p2b1pq/p2p4/5P2/P3b3/1P1NB1QP/2P3P1/R2R2K1 b - - 0 30,60,?,c8c2,60,30,c8c2,0.0668,0.0589,0.0783,0.0967,h7f5,h7f5,h7f5,h7f5,80.0,0.0967,0.0299,False
4r1k1/1p2b1pq/p2p4/5b2/P7/1P2B1QP/2r2NP1/2RR2K1 b - - 1 32,64,?,h7g6,51,10,h7g6,0.0072,0.0087,0.0107,0.0134,c2c1,c2c1,e7h4,e7h4,37.0,0.0134,0.0062,False
2r3k1/1p2b1p1/p2p2q1/5b2/P5N1/1P2B1QP/2R3P1/3R2K1 b - - 0 34,68,?,f5c2,56,3,f5c2,0.3713,0.2932,0.2321,0.1643,c8c2,c8c2,c8c2,c8c2,-2.0,0.3713,-0.207,False
r1bq1rk1/pppn1ppp/2p5/2b1p3/2N1P3/3P1N2/PPP2PPP/R1BQ1RK1 b - - 5 8,16,?,f8e8,-21,1,f7f6,0.149,0.2272,0.2942,0.3532,b7b5,f8e8,f8e8,f8e8,0.0,0.3532,0.2042,False
r1bq2k1/pppn1rpp/2p2p2/2b1p3/P1N1P3/3P1N2/1PPB1PPP/R2Q1RK1 b - - 0 10,20,?,d7f8,-14,3,b7b6,0.337,0.4298,0.5436,0.6754,d7f8,d7f8,d7f8,d7f8,0.0,0.6754,0.3384,False
r1bq2k1/p1pnbrpp/1pp2p2/4p3/PPN1P2P/3P1N2/2PB1PP1/R2Q1RK1 b - - 0 12,24,?,c6c5,-3,4,d7f8,0.2445,0.1821,0.1151,0.0739,c6c5,d7f8,d7f8,d7f8,5.0,0.2445,-0.1706,False
r1bq1nk1/p1p1brpp/1p3p2/1Pp1p3/P3P2P/3PNN2/2PB1PP1/R2Q1RK1 b - - 0 14,28,?,f8e6,-18,5,f8e6,0.1762,0.2377,0.3462,0.4502,f8g6,f8g6,f8e6,f8e6,0.0,0.4502,0.274,False
r1bq2k1/2p1brpp/pp2np2/1Pp1pN1P/P3P3/3P1N2/2PB1PP1/R2Q1RK1 b - - 1 16,32,?,d8e8,-17,14,a6b5,0.0042,0.0034,0.0029,0.0035,a6b5,a6b5,a6b5,a6b5,23.0,0.0042,-0.0007,False
2bq2k1/2p1brpp/1p2np2/1Pp1pN1P/4P3/3P1N2/2PB1PP1/Q4RK1 b - - 0 18,36,?,e7f8,-28,10,d8e8,0.0599,0.0723,0.1005,0.1735,e6d4,e6d4,e6d4,e6d4,30.0,0.1735,0.1136,False
Q3q1k1/2pbbrpp/1p2np2/1Pp1pN1P/4P3/3P1N2/2PB1PP1/R5K1 b - - 4 20,40,?,d7b5,-8,62,d7b5,0.0635,0.0629,0.0581,0.0562,e8a8,e8a8,e8a8,e8a8,71.0,0.0635,-0.0073,False
4Q1k1/2p1brpp/1pb1np2/2p1pN1P/2P1P3/3P1N2/3B1PP1/R5K1 b - - 0 22,44,?,c6e8,-10,798,c6e8,0.9696,0.9879,0.9945,0.9968,c6e8,c6e8,c6e8,c6e8,0.0,0.9968,0.0272,False
R3b1k1/2p1br1p/1p2nppP/2p1pN2/2P1P3/3P1N2/3B1PP1/6K1 b - - 1 24,48,?,e7d8,-10,42,e7d8,0.0284,0.0192,0.0171,0.0199,g8f8,g8f8,g8f8,g8f8,44.0,0.0284,-0.0085,False
1R1b2k1/2p2rNp/1pb1nppP/2p1p3/2P1P3/3P1N2/3B1PP1/6K1 b - - 5 26,52,?,e6g7,-5,3,f7g7,0.33,0.3565,0.3922,0.4061,e6g7,e6g7,e6g7,e6g7,0.0,0.4061,0.0761,False
1R1b4/2p3kp/1pb1npp1/2p1p3/2P1P3/3P4/3B1PP1/4N1K1 b - - 1 28,56,?,d8e7,0,0,f6f5,0.1832,0.1789,0.1857,0.1997,d8e7,g7f7,g7f7,g7f7,15.0,0.1997,0.0165,False
1R1b4/2p3kp/1pb1n3/2p1pp2/2P5/2BP4/5PP1/4N1K1 b - - 1 30,60,?,d8f6,-5,54,d8f6,0.5773,0.5772,0.5486,0.5176,d8f6,d8f6,d8f6,d8f6,0.0,0.5773,-0.0597,False
1R6/2p3kp/1pb1nB2/2p2p2/2P1p3/3P4/2N2PP1/6K1 b - - 0 32,64,?,g7f6,0,376,g7f6,0.9944,0.9968,0.9978,0.9983,g7f6,g7f6,g7f6,g7f6,0.0,0.9983,0.0039,False
1R6/2p4p/1p2nk2/2p2p2/2P1b3/N7/5PP1/6K1 b - - 1 34,68,?,f5f4,0,0,f5f4,0.0887,0.0704,0.062,0.0566,e6d4,h7h5,h7h5,f6e5,0.0,0.0887,-0.0321,False
rn2kb1r/1bqp1ppp/p3pn2/1pp5/3PP3/2PB1N2/PP1N1PPP/R1BQR1K1 b kq - 7 8,16,?,c5c4,-102,17,b8c6,0.066,0.0745,0.0533,0.017,f6g4,d7d6,d7d6,d7d6,30.0,0.0745,-0.049,False
r3kb1r/1bqp1ppp/p1n1pn2/2pP4/Pp2P3/2PB1N2/1P1N1PPP/R1BQR1K1 b kq - 0 10,20,?,c6a5,-231,13,c6e5,0.081,0.0613,0.0506,0.0661,c6e5,c6e5,c6e5,c6e5,120.0,0.081,-0.0149,False
r3kb1r/1b1p1ppp/p3pn2/2pPq3/PpN1P3/2PB4/1P3PPP/R1BQR1K1 b kq - 1 12,24,?,e5c7,-338,22,e5b8,0.5501,0.6401,0.6384,0.5761,e5c7,e5c7,e5c7,e5c7,0.0,0.6401,0.026,False
rq2kb1r/1b1p1pp1/p3pB1p/2pP4/PpN1P3/2PB4/1P3PPP/R2QR1K1 b kq - 0 14,28,?,g7f6,-331,256,g7f6,0.9868,0.9947,0.9977,0.9985,g7f6,g7f6,g7f6,g7f6,0.0,0.9985,0.0117,False
rq2kbr1/1b1p1p2/p3pp1p/2pP3Q/PpN1P3/2PBR3/1P3PPP/R5K1 b q - 3 16,32,?,b8f4,-259,19,g8g5,0.1118,0.1551,0.1886,0.2328,g8g5,g8g5,g8g5,g8g5,24.0,0.2328,0.121,False
rq2k3/1b1p1pb1/p3pp1p/2pP2r1/PpN1P3/2PBR2Q/1P3PPP/5RK1 b q - 7 18,36,?,b8f4,-259,80,b8f4,0.1158,0.1311,0.1356,0.1424,b4c3,b4c3,b4c3,b8c7,157.0,0.1424,0.0266,False
rq2k3/1b1p1pb1/p3pp1p/2pP2r1/PpN1P3/2PBR2Q/1P3PPP/5RK1 b q - 11 20,40,?,b8f4,-273,57,b7c8,0.1158,0.1311,0.1356,0.1424,b4c3,b4c3,b4c3,b8c7,168.0,0.1424,0.0266,False
rqb1k3/3p1pb1/p3pprp/2pPP3/PpN2P2/2PBR2Q/1P4PP/5RK1 b q - 0 22,44,?,f6f5,-473,62,f6f5,0.5882,0.7813,0.865,0.9122,f6f5,f6f5,f6f5,f6f5,0.0,0.9122,0.324,False
rqb2k2/3p1pb1/p2Np1rp/2pPPp2/Pp3P2/2PB2RQ/1P4PP/5RK1 b - - 3 24,48,?,c8b7,-455,11,c5c4,0.0773,0.0593,0.047,0.0441,g6g3,g6g3,g6g3,g6g3,15.0,0.0773,-0.0332,False
r1b2k2/3p1pb1/pq1Np1rp/3PPp2/PpB2P2/2P3RQ/1P4PP/5R1K b - - 2 26,52,?,b6d8,-512,4,b4c3,0.0073,0.0076,0.0072,0.0077,b4c3,b4c3,b4c3,b4c3,23.0,0.0077,0.0004,False
1rb2k2/3p1pb1/pq1Np1rp/3PPp1Q/P1B2P2/2P3R1/6PP/5R1K b - - 2 28,56,?,b6d6,-596,74,e6d5,0.0031,0.0029,0.0031,0.0033,g6g3,g6g3,g6g3,g6g3,1403.0,0.0033,0.0002,True
r1bqk1nr/pp1p1pbp/4p1p1/1N6/2BpP3/5Q2/PPPP1PPP/R1B1K2R b KQkq - 1 8,16,?,d7d5,-40,79,d7d6,0.2041,0.2329,0.2713,0.2908,d7d5,d7d5,d7d5,d7d6,85.0,0.2908,0.0867,False
r1bqk1nr/pp3p1p/3pp1p1/1N2b3/2BpP3/Q1P5/PP1P1PPP/R1B1K2R b KQkq - 0 10,20,?,d6d5,-117,123,d4c3,0.1035,0.0843,0.0828,0.0816,a7a6,a7a6,d4c3,d4c3,249.0,0.1035,-0.0219,False
r1bqk1nr/pp3p1p/3pp1p1/1N2b3/2BPP3/Q7/PB3PPP/R3K2R b KQkq - 0 12,24,?,e5f4,-406,83,e5f4,0.417,0.4854,0.601,0.7614,e5f4,e5f4,e5f4,e5f4,0.0,0.7614,0.3444,False
r1bqk1nr/pp3p1p/4p1p1/1N1p4/2BPPP2/Q7/PB3P1P/R3K2R b KQkq - 0 14,28,?,g8e7,-451,62,d5c4,0.0067,0.0049,0.003,0.0018,d5c4,d5c4,d5c4,d5c4,55.0,0.0067,-0.0049,False
r1bq2nr/pp1k1N1p/4p1p1/8/2pPPP2/Q7/PB3P1P/R3K2R b KQ - 0 16,32,?,d8c7,-421,23,d8f6,0.0508,0.0486,0.0474,0.0456,d8f6,d8f6,d8f6,d8h4,40.0,0.0508,-0.0052,False
r1b3nN/pp1k3p/4p1p1/8/2pPPq2/4Q3/PB3P1P/R3K2R b KQ - 1 18,36,?,f4f8,-501,9,f4f6,0.0815,0.0706,0.0701,0.0922,f4e3,f4e3,f4e3,f4e3,4.0,0.0922,0.0107,False
r1b3nq/pp1k3p/4p1p1/3P4/2p1P3/4Q3/PB3P1P/2KR3R b - - 0 20,40,?,e6e5,-586,46,e6e5,0.2551,0.348,0.4523,0.5308,e6e5,e6e5,e6e5,e6e5,0.0,0.5308,0.2757,False
r1b4q/pp1k3p/6pn/3PP3/2p1P3/4Q3/PB5P/2KR3R b - - 0 22,44,?,d7e8,-625,36,h6g4,0.007,0.0056,0.0066,0.0099,h6g4,h6g4,h6g4,h6g4,85.0,0.0099,0.0029,False
rn1qk2r/pp1bbppp/5n2/1BPp4/8/5N2/PPPNQPPP/R1B1K2R b KQkq - 2 8,16,?,e8g8,-16,23,e8g8,0.5034,0.6001,0.7062,0.7801,e8g8,e8g8,e8g8,e8g8,0.0,0.7801,0.2767,False
rn1q1rk1/1p1bbppp/p4n2/2Pp4/8/1N1B1N2/PPP1QPPP/R1B1K2R b KQ - 1 10,20,?,f8e8,-10,11,f8e8,0.4655,0.5499,0.5264,0.4748,f8e8,f8e8,f8e8,f8e8,0.0,0.5499,0.0093,False
rn1qr1k1/1p2bppp/p4n2/2Pp4/b2N4/1N1BB3/PPP1QPPP/R3K2R b KQ - 5 12,24,?,a6a5,-13,7,b8c6,0.0031,0.002,0.0018,0.0031,e7c5,e7c5,a4b3,b8c6,7.0,0.0031,0.0,False
r2qr1k1/1p2bppp/p4n2/2Pp4/b2B4/1N1B4/PPP1QPPP/R4RK1 b - - 0 14,28,?,e7c5,-15,4,e7c5,0.663,0.6833,0.6886,0.6427,e7c5,e7c5,e7c5,e7c5,0.0,0.6886,-0.0203,False
r3r1k1/1p3ppp/p4q2/2bp3Q/b7/1N1B4/PPP2PPP/R4RK1 b - - 1 16,32,?,g7g6,43,98,g7g6,0.4042,0.4971,0.5698,0.7013,g7g6,g7g6,g7g6,g7g6,0.0,0.7013,0.2971,False
r3r1k1/bp3p1p/p4qp1/8/b7/1N1B1Q2/PPP2PPP/R4RK1 b - - 2 18,36,?,f6f3,46,6,f6f3,0.4894,0.614,0.6984,0.7728,f6f3,f6f3,f6f3,f6f3,0.0,0.7728,0.2834,False
r5k1/bp3p1p/p5p1/4r3/b7/1N1B1P2/PPP2P1P/3R1RK1 b - - 2 20,40,?,g8g7,40,5,a4c6,0.0043,0.0046,0.0047,0.0063,e5g5,e5g5,a4c6,a4c6,29.0,0.0063,0.002,False
r5k1/bp3p1p/p5p1/4r3/4P3/1N6/PPP2P1P/3R1RK1 b - - 0 22,44,?,a8e8,10,0,e5e4,0.022,0.0209,0.027,0.0396,e5e4,e5e4,e5e4,e5e4,-2.0,0.0396,0.0176,False
r5k1/bp3p1p/p5p1/8/8/1N6/PPP2P1P/4R1K1 b - - 0 24,48,?,a8c8,17,1,g8f8,0.2753,0.3498,0.4469,0.5106,a8c8,a8c8,a8c8,a8c8,0.0,0.5106,0.2353,False
4Rk2/bp3p1p/p5p1/8/8/1N6/PPP2PKP/8 b - - 0 26,52,?,f8e8,31,727,f8e8,0.9999,1.0,1.0,1.0,f8e8,f8e8,f8e8,f8e8,0.0,1.0,0.0001,False
8/bp1k1p1p/p5p1/8/5P2/1N3K2/PPP4P/8 b - - 2 28,56,?,d7e6,35,1,d7d6,0.4502,0.5148,0.4528,0.4037,d7e6,d7e6,d7e6,d7e6,0.0,0.5148,-0.0465,False
8/bp5p/p2k2p1/5p2/5P2/1N1K4/PPP4P/8 b - - 1 30,60,?,h7h6,80,36,h7h6,0.0631,0.0483,0.0452,0.0336,d6d5,d6d5,a7g1,a7g1,39.0,0.0631,-0.0295,False
8/1p6/p2k2pp/5p2/3K1P2/8/PPP4P/8 b - - 0 32,64,?,g6g5,151,140,g6g5,0.2936,0.2731,0.2746,0.2679,g6g5,b7b5,b7b6,b7b6,581.0,0.2936,-0.0257,False
8/1p6/p2k4/5pp1/3K4/7P/PPP5/8 b - - 0 34,68,?,a6a5,182,0,b7b5,0.0067,0.0137,0.0272,0.0458,d6e6,d6e6,b7b5,b7b5,-170.0,0.0458,0.0391,False
r2qkb1r/1bpn1ppp/pp1ppn2/8/4P3/2PP1N2/PPQNBPPP/R1B2RK1 b kq - 3 8,16,?,f8e7,-12,1,h8g8,0.4275,0.5325,0.5936,0.6351,f8e7,f8e7,f8e7,f8e7,0.0,0.6351,0.2076,False
r2qkbr1/1bpn1p1p/pp1ppn2/6p1/4P3/2PP1N2/PPQN1PPP/R1B1RBK1 b q - 1 10,20,?,g5g4,50,39,g5g4,0.3187,0.4002,0.4464,0.3905,g5g4,g5g4,g5g4,g5g4,0.0,0.4464,0.0718,False
r2qkbr1/1b1n1p1p/pppppn2/8/P2NP1p1/2PP4/1PQN1PPP/R1B1RBK1 b q - 0 12,24,?,c6c5,-6,33,c6c5,0.0998,0.0619,0.0506,0.0741,h7h5,h7h5,h7h5,h7h5,28.0,0.0998,-0.0257,False
r2qkbr1/1b1n1p2/pp1ppn2/2p4p/P2PP1p1/2P5/1PQNNPPP/R1B1RBK1 b q - 0 14,28,?,d8c7,-36,7,d8c7,0.0429,0.0351,0.0312,0.0582,h5h4,h5h4,h5h4,h5h4,7.0,0.0582,0.0153,False
r3kbr1/1bqn1p2/pp2pn2/2p1P2p/P5p1/2P5/1PQNNPPP/R1B1RBK1 b q - 0 16,32,?,d7e5,306,227,d7e5,0.6409,0.6857,0.7182,0.7228,d7e5,d7e5,d7e5,d7e5,0.0,0.7228,0.0819,False
r3kbr1/1bq2p2/pp2pn2/2p1n3/P3N1pp/2P5/1PQN1PPP/R1B1RBK1 b q - 1 18,36,?,f8e7,309,8,f6d7,0.047,0.0653,0.087,0.1497,f6e4,f6e4,f6e4,f6e4,-1.0,0.1497,0.1027,False
r3kbr1/1bqn1p2/pp2p3/2p5/P1B1N1pp/2P5/1PQ2PPP/R1B1R1K1 b q - 0 20,40,?,e8c8,267,19,e8c8,0.1017,0.1548,0.205,0.2744,g4g3,g4g3,g4g3,g4g3,253.0,0.2744,0.1727,False
2kr1br1/2qn1p2/pp2p3/2p3B1/P1B1Q1pp/2P5/1P3PPP/R3R1K1 b - - 0 22,44,?,g8g5,349,623,g8g5,0.6754,0.5483,0.4287,0.3465,g8g5,g8g5,g8g5,g8g5,0.0,0.6754,-0.3289,False
Qnkr1b2/2q2p2/Bp2p3/2p3r1/P5pp/2P5/1P3PPP/R3R1K1 b - - 0 24,48,?,c8d7,379,2378,c8d7,0.9916,0.9951,0.9957,0.9937,c8d7,c8d7,c8d7,c8d7,0.0,0.9957,0.0021,False
Qn1R1b2/2q1kp2/Bp2p3/2p3r1/P5pp/2P5/1P3PPP/4R1K1 b - - 0 26,52,?,c7d8,352,19,c7d8,0.6049,0.5986,0.5572,0.4918,c7d8,c7d8,c7d8,c7d8,0.0,0.6049,-0.1131,False
Qn1q1b2/5p2/1p2pk2/2p3r1/P5pp/2P5/1P2BPPP/4R1K1 b - - 3 28,56,?,f6g7,375,15,g5e5,0.0101,0.012,0.011,0.0126,g4g3,g4g3,g4g3,f8d6,17.0,0.0126,0.0025,False
Qn1q4/5p2/1p2pk1b/2p1r3/P5pp/2P5/1P2BPPP/3R1K2 b - - 7 30,60,?,e5d5,312,18,d8c7,0.1725,0.1493,0.1368,0.1243,d8c7,d8c7,d8c7,d8c7,8.0,0.1725,-0.0482,False
Qn6/2q2pk1/1p2p2b/2p1r3/P5Bp/2P3P1/1P3P1P/3R1K2 b - - 0 32,64,?,b8d7,311,33,b8c6,0.0257,0.0265,0.0315,0.0398,h4g3,h4g3,h4g3,h4g3,11.0,0.0398,0.0141,False
Q7/2q1npk1/1p2p2b/2p1r3/P6p/2P2BP1/1P3PKP/3R4 b - - 4 34,68,?,c5c4,309,12,e7g6,0.008,0.0055,0.005,0.0087,h4g3,h4g3,h4g3,h4g3,1.0,0.0087,0.0007,False
r1bqnrk1/pp1pppbp/2n3p1/2p5/2P1PP2/2N3P1/PP1PN1BP/R1BQ1RK1 b - - 0 8,16,?,d7d6,3,2,e8c7,0.2448,0.2569,0.2765,0.2488,d7d6,d7d6,d7d6,e8c7,2.0,0.2765,0.004,False
r1bq1rk1/ppn1ppbp/2np2p1/2p2P2/2P1P3/2NP2P1/PP2N1BP/R1BQ1RK1 b - - 0 10,20,?,e7e6,-22,3,a8b8,0.0905,0.1191,0.1327,0.1428,g6f5,c6d4,c6d4,c6d4,55.0,0.1428,0.0523,False
1rbq1rk1/p1n1ppbp/2np2p1/1pp2PB1/2P1P3/2NP2P1/PP1QN1BP/R4RK1 b - - 1 12,24,?,g8h8,-30,1,b5c4,0.0009,0.0008,0.0005,0.0005,b5c4,b5c4,b5c4,b5c4,-4.0,0.0009,-0.0004,False
1rbq1rk1/p1n1ppbp/3p2p1/2p2PB1/2PnP3/2N3P1/PP1QN1BP/1R3RK1 b - - 2 14,28,?,g6f5,32,85,d4e2,0.1844,0.1724,0.1695,0.1991,d4e2,d4e2,d4e2,g6f5,0.0,0.1991,0.0147,False
1rbq1rk1/p1n1p1bp/3p1pp1/2p2P2/2P1P3/4B1P1/PP1QN1BP/1R3RK1 b - - 1 16,32,?,a7a5,-190,4,g6f5,0.007,0.0039,0.0021,0.0015,g6f5,g6g5,g6g5,g6g5,43.0,0.007,-0.0055,False
1r1q1rk1/pbn1p1bp/3p1p2/2p2P2/2P2N2/4B1P1/PP1Q2BP/1R3RK1 b - - 2 18,36,?,b7g2,-180,24,b7g2,0.6501,0.7643,0.8169,0.7959,b7g2,b7g2,b7g2,b7g2,0.0,0.8169,0.1458,False
1r1q1r1k/p1n1p1bp/3p1p2/2p2P2/2P2N2/4B1P1/PP4QP/4RRK1 b - - 2 20,40,?,f8f7,-246,11,d8d7,0.0177,0.0228,0.0236,0.0185,g7h6,d8d7,d8d7,d8d7,39.0,0.0236,0.0008,False
1r5k/p1nqprbp/3p1p2/2p2P1N/2P5/4B1P1/PP2R1QP/5RK1 b - - 6 22,44,?,a7a5,-189,24,g7f8,0.0274,0.0225,0.0199,0.0223,b8g8,b8g8,b8g8,b8g8,42.0,0.0274,-0.0051,False
1r3b1k/p1n1pr1p/2qp1p2/2p2P2/2P2N2/4B1PQ/PP2R2P/5RK1 b - - 10 24,48,?,h8g8,-210,43,h8g8,0.0266,0.034,0.0399,0.0649,f7g7,f7g7,f7g7,b8b4,146.0,0.0649,0.0383,False
1r3bk1/p1n1pr1p/3p1p2/2p2P2/2P1qN2/4B1PQ/PP2R2P/5RK1 b - - 14 26,52,?,e4c4,-76,60,e4c4,0.7125,0.7444,0.7584,0.7547,e4c4,e4c4,e4c4,e4c4,0.0,0.7584,0.0422,False
1r3bk1/p1n1pr1p/3p1p2/1qp2P2/5N2/1P4PQ/P3R2P/2B2RK1 b - - 2 28,56,?,a7a5,-30,16,c7d5,0.0402,0.0531,0.069,0.1077,c5c4,c5c4,c5c4,c5c4,26.0,0.1077,0.0675,False
1r3bk1/p3pr1p/3p1p2/1qp2P2/5R2/1P4PQ/P6P/2B2RK1 b - - 0 30,60,?,b5e2,-16,10,f7g7,0.1418,0.1322,0.1287,0.1558,f7g7,f7g7,f7g7,f7g7,8.0,0.1558,0.014,False
1r3bk1/p3p1rp/3p1p1B/2p2P2/7R/1P4PQ/P3q2P/5RK1 b - - 4 32,64,?,g7f7,0,66,g7f7,0.6002,0.7361,0.7877,0.7845,g7f7,g7f7,g7f7,g7f7,0.0,0.7877,0.1843,False
1r4k1/p3pr1p/3p1p1R/2p2P2/5R2/1P4PQ/P3q2P/6K1 b - - 0 34,68,?,b8b4,178,14,f7g7,0.031,0.0382,0.0636,0.116,e2e3,e2e3,e2e3,e2e3,20.0,0.116,0.085,False
r2qkb1r/1p2pppp/p1n2n2/3p1b2/3P1B2/2N1PN2/PP2BPPP/R2QK2R b KQkq - 3 8,16,?,e7e6,-41,4,e7e6,0.6382,0.706,0.7527,0.7987,e7e6,e7e6,e7e6,e7e6,0.0,0.7987,0.1605,False
3qkb1r/rp3ppp/p1n1pn2/3p1b2/3P1B2/1QN1PN2/PP2BPPP/R4RK1 b k - 3 10,20,?,f8e7,-55,12,f8e7,0.2137,0.3234,0.4297,0.4649,f8d6,f8d6,f8e7,f8e7,0.0,0.4649,0.2512,False
3q1rk1/rp2bppp/p1n1pn2/3p1b2/3P1B2/1QN1PN1P/PP2BPP1/R1R3K1 b - - 0 12,24,?,f6d7,-72,1,h7h6,0.0046,0.0064,0.0077,0.0077,b7b5,b7b5,h7h6,h7h6,-4.0,0.0077,0.0031,False
3q1rk1/rp2bpp1/pQ2pn1p/n2p1b2/N2P1B2/4PN1P/PP2BPP1/R1R3K1 b - - 3 14,28,?,d8b6,-203,203,d8b6,0.57,0.5688,0.5855,0.5531,d8b6,d8b6,d8b6,d8b6,0.0,0.5855,-0.0169,False
3b1rk1/rpB2pp1/pN2pn1p/n2p1b2/3P4/4PN1P/PP2BPP1/R1R3K1 b - - 2 16,32,?,a5c6,-144,127,a5c6,0.0578,0.1295,0.2554,0.3846,d8c7,d8c7,d8c7,d8c7,165.0,0.3846,0.3268,False
3r2k1/rp3pp1/pNn1pn1p/3p1b2/P2P4/4PN1P/1P2BPP1/R1R3K1 b - - 0 18,36,?,f6d7,-128,14,f6d7,0.1355,0.1931,0.2758,0.3609,a6a5,a6a5,f6d7,f6d7,0.0,0.3609,0.2254,False
3r2k1/rp1n2p1/pNn1pp1p/P2p1b2/3P4/R3PN1P/1P2BPP1/2R3K1 b - - 1 20,40,?,f5g6,-96,71,g8f7,0.0022,0.0019,0.0012,0.0008,d7b6,d7b6,d7b6,d7b6,111.0,0.0022,-0.0014,True
3r4/rp1n1kpb/pNn1pp1p/P2p3B/3P3N/R3P2P/1P3PP1/2R3K1 b - - 5 22,44,?,f7e7,-53,8,g7g6,0.1194,0.1189,0.133,0.1744,g7g6,g7g6,g7g6,g7g6,149.0,0.1744,0.055,False
3r4/rp1n1k1b/pNn1pp1p/P2p2pB/3P3N/R3P2P/1P3PP1/2R3K1 b - - 1 24,48,?,f7e7,-41,3,f7e7,0.4475,0.4335,0.4325,0.5313,f7e7,f7g7,f7g7,f7e7,0.0,0.5313,0.0838,False
3r4/rp2k2b/pPn1pp1p/3p2pB/3P4/R3PN1P/1P3PP1/2R3K1 b - - 0 26,52,?,a7a8,-42,479,a7a8,0.9906,0.9959,0.9981,0.9991,a7a8,a7a8,a7a8,a7a8,0.0,0.9991,0.0085,False
r2r4/1p2k3/pPn1pp1p/3p2pB/3P4/3RP2P/1P1N1PP1/2R3K1 b - - 0 28,56,?,a6a5,-494,12,a6a5,0.0714,0.0744,0.0722,0.0669,c6b4,c6b4,c6b4,c6b4,39.0,0.0744,-0.0045,False
r2r4/1p2k3/1Pn1pp1p/1R1p2pB/p2P4/4P2P/1P1N1PP1/2R3K1 b - - 1 30,60,?,f6f5,-418,2,a4a3,0.0712,0.0825,0.0964,0.0902,a4a3,a4a3,a4a3,a4a3,81.0,0.0964,0.019,False
3r4/1p2k3/1Pn1pp1p/1R1p2pB/3P4/rN2P2P/5PP1/2R3K1 b - - 1 32,64,?,d8a8,-479,2,d8c8,0.2088,0.2581,0.3427,0.4536,d8a8,d8a8,d8a8,d8a8,0.0,0.4536,0.2448,False
2rn4/1p2k3/1P2pp1p/2Np2pB/3P4/r3P2P/5PP1/1RR3K1 b - - 5 34,68,?,a3a8,-512,35,c8b8,0.0405,0.0407,0.04,0.0414,e7d6,e7d6,e7d6,e7d6,338.0,0.0414,0.0009,True
r2qkbnr/ppp1pp1p/3p2pP/3PN3/4P1b1/8/PPP2PP1/RNBQKB1R b KQkq - 0 8,16,?,g4d1,-163,448,g4d1,0.9423,0.9581,0.9472,0.8884,g4d1,g4d1,g4d1,g4d1,0.0,0.9581,-0.0539,False
r2qkbnr/pp2pp1p/2Pp2pP/1B2N3/4P3/8/PPP2PP1/RNBbK2R b KQkq - 0 10,20,?,a7a6,-166,60,d8a5,0.0265,0.0214,0.017,0.0173,b7c6,d8a5,d8a5,d8a5,61.0,0.0265,-0.0092,False
2kr1bnr/pp2pp1p/2Pp2pP/qB6/2N1P3/2N5/PPP2PP1/R1BbK2R b KQ - 4 12,24,?,a5c7,-267,30,a5c3,0.4553,0.5205,0.5587,0.5957,a5c7,a5c7,a5c7,a5c7,0.0,0.5957,0.1404,False
2kr1bnr/pp2pp1p/2Pp2pP/1B6/2N1P3/2P2P2/P1b3P1/R1B1K2R b KQ - 0 14,28,?,b7c6,-181,88,d6d5,0.6679,0.5997,0.5627,0.524,b7c6,b7c6,b7c6,b7c6,0.0,0.6679,-0.1439,False
2kr1bnr/p3pp1p/B1p3pP/3p4/4P3/2P1NP2/P1b3P1/R1B1K2R b KQ - 1 16,32,?,c8c7,-484,2,c8b8,0.6563,0.6942,0.7411,0.7383,c8c7,c8c7,c8c7,c8c7,0.0,0.7411,0.082,False
rnbqk2r/pppn2bp/3p1pp1/8/3P1P1B/2N5/PPP3PP/R2QKBNR b KQkq - 1 8,16,?,d7b6,-64,18,e8g8,0.0146,0.0155,0.0171,0.0188,e8g8,e8g8,e8g8,e8g8,8.0,0.0188,0.0042,False
rnbq1r1k/pppn2bp/3p1pp1/8/2BP1P1B/2N5/PPP1N1PP/R2QK2R b KQ - 5 10,20,?,d7b6,-49,5,d7b6,0.1907,0.2217,0.2938,0.3703,d7b6,d7b6,d7b6,d7b6,0.0,0.3703,0.1796,False
rnbq1r1k/ppp3bp/1n3pp1/3p4/3P1P1B/2NB4/PPP1N1PP/R2Q1RK1 b - - 1 12,24,?,b8a6,-115,12,c8g4,0.0025,0.0018,0.0016,0.0019,c8g4,c8g4,c8g4,c8g4,44.0,0.0025,-0.0006,False
rn1q1r1k/ppp3bp/1n3pp1/3p4/3P1P1B/2NB3P/PPP1Q1P1/R4RK1 b - - 0 14,28,?,b8c6,-106,57,f8e8,0.2102,0.1847,0.2002,0.2611,f8e8,f8e8,f8e8,f8e8,65.0,0.2611,0.0509,False
r2qr2k/ppp3bp/1nn2pp1/3p4/3P1P2/2NB1Q1P/PPP2BP1/R4RK1 b - - 4 16,32,?,f6f5,36,110,f6f5,0.4771,0.4769,0.4295,0.3713,f6f5,f6f5,f6f5,f6f5,0.0,0.4771,-0.1058,False
r3r2k/pppq2bp/1nn3p1/3p1p2/3P1P2/3B1Q1P/PPP1NBP1/R3R1K1 b - - 3 18,36,?,c6b4,20,16,c6a5,0.16,0.1493,0.1237,0.104,e8e7,e8e7,e8e7,e8e7,65.0,0.16,-0.056,False
r3r2k/pppq2bp/1nn3p1/3p1p2/3P1P2/1PPB1Q1P/P3NBP1/R3R1K1 b - - 0 20,40,?,d7f7,-31,6,c6e7,0.0183,0.0195,0.0172,0.0131,e8e7,e8e7,e8e7,e8e7,50.0,0.0195,-0.0052,False
r3r1nk/pppq2bp/1n4p1/3p1p1P/3P1P2/1PPB1Q2/P3NBP1/R3R1K1 b - - 0 22,44,?,g8f6,42,42,g8f6,0.2028,0.2613,0.3314,0.4113,g6h5,g8f6,g8f6,g8f6,0.0,0.4113,0.2085,False
r3r2k/pppq2bp/1n4P1/3p1p2/3PnP2/1PPB1QN1/P4BP1/R3R1K1 b - - 0 24,48,?,h7g6,72,278,h7g6,0.8436,0.8907,0.9345,0.9674,h7g6,h7g6,h7g6,h7g6,0.0,0.9674,0.1238,False
r3r2k/pppq2b1/1n4p1/5p2/3PpP2/1PP1Q1N1/P4BP1/R3R1K1 b - - 1 26,52,?,b6d5,218,29,b6d5,0.8379,0.874,0.9079,0.9195,b6d5,b6d5,b6d5,b6d5,0.0,0.9195,0.0816,False
r3r2k/pppq4/6pb/3n1p2/3PpP2/1PP1B1N1/P5P1/R1Q1R1K1 b - - 5 28,56,?,a8d8,226,6,d7d6,0.0048,0.0039,0.0044,0.0079,d5e3,d5e3,d5e3,h8g7,72.0,0.0079,0.0031,False
r3r3/ppp3k1/3q2pb/3n1p2/3PpP2/1PP1B3/P3N1P1/R1Q2RK1 b - - 9 30,60,?,d5f6,226,4,e8h8,0.0321,0.0376,0.0394,0.0464,e8h8,e8h8,e8h8,e8h8,13.0,0.0464,0.0143,False
r6r/ppp3k1/3q2pb/3P1p2/1nP1pP2/1P2B3/P3N1P1/R1Q2RK1 b - - 0 32,64,?,g7f7,98,16,g7f7,0.0549,0.085,0.0989,0.0817,b4d3,b4d3,b4d3,b4d3,17.0,0.0989,0.0268,False
r6r/ppp2k2/6pb/2Pq1p2/1n2pP2/1P2B3/P3N1P1/R1QR2K1 b - - 1 34,68,?,b4d3,326,132,b4d3,0.4528,0.5128,0.5697,0.6401,b4d3,b4d3,b4d3,b4d3,0.0,0.6401,0.1873,False
r1bq1rk1/pp2ppbp/2np1np1/2pP4/2P1P3/6P1/PP2NPBP/RNBQ1RK1 b - - 0 8,16,?,c6a5,-52,7,c6a5,0.0645,0.0494,0.0336,0.0604,c6e5,c6e5,c6e5,c6e5,10.0,0.0645,-0.0041,False
r1bq1rk1/1p2ppbp/p2p1np1/n1pP4/2P1P3/P5P1/1P1NNPBP/R1BQ1RK1 b - - 0 10,20,?,b7b5,35,59,b7b5,0.5378,0.5686,0.5873,0.6423,b7b5,b7b5,b7b5,b7b5,0.0,0.6423,0.1045,False
r1bq1rk1/4ppbp/3p1np1/nppP4/1P2P3/P5P1/3NNPBP/R1BQ1RK1 b - - 0 12,24,?,f6d7,17,5,a5b7,0.001,0.0013,0.0016,0.0037,c5b4,c5b4,c5b4,c5b4,282.0,0.0037,0.0027,True
r2q1rk1/1n1bppbp/3p1np1/1ppP4/1P2P3/PN4P1/1B2NPBP/R2Q1RK1 b - - 4 14,28,?,f8e8,-58,4,d8b6,0.0026,0.0027,0.0018,0.0017,c5c4,c5c4,c5c4,c5c4,26.0,0.0027,-0.0009,False
r1r3k1/1n1bppbp/1q1p1np1/1ppP4/1P2P3/PN4PP/1B1QNPB1/R4RK1 b - - 0 16,32,?,e7e5,-39,8,h7h5,0.0197,0.0121,0.0064,0.0053,c5c4,c5c4,c5c4,c5c4,46.0,0.0197,-0.0144,False
r5k1/1nrbppb1/1q1p1np1/1ppP3p/1P2P3/PN4PP/1BRQNPB1/R5K1 b - - 3 18,36,?,e7e6,-86,0,a8c8,0.0106,0.0067,0.0033,0.002,c5c4,c5c4,c5c4,c5c4,26.0,0.0106,-0.0086,False
2r1n1k1/1nrbppB1/1q1p2p1/1ppP3p/1P2P3/PN4PP/2RQNPB1/2R3K1 b - - 0 20,40,?,e8g7,-139,21,g8g7,0.5373,0.5454,0.591,0.6062,e8g7,e8g7,e8g7,e8g7,0.0,0.6062,0.0689,False
2r1n3/1nrbppk1/q2p2p1/1pPP3p/4P3/PN2Q1PP/2R1NPB1/2R3K1 b - - 0 22,44,?,b7c5,-100,111,d6c5,0.1683,0.2201,0.2674,0.2756,d6c5,d6c5,d6c5,d6c5,127.0,0.2756,0.1073,False
2r1n3/2rbppk1/q5p1/1pRP3p/4P3/P3Q1PP/4NPB1/2R3K1 b - - 0 24,48,?,c7c5,-5,185,c7c5,0.6342,0.6444,0.5987,0.4622,c7c5,c7c5,c7c5,c7c5,0.0,0.6444,-0.172,False
4n3/3bppk1/q5p1/1pQP3p/4P3/P5PP/4NPB1/6K1 b - - 0 26,52,?,b5b4,14,178,b5b4,0.1031,0.0608,0.0353,0.0232,e8d6,e8d6,e8d6,e8d6,315.0,0.1031,-0.0799,False
4n3/3bQpk1/6p1/3P3p/1P2P3/6PP/4qPB1/6K1 b - - 0 28,56,?,d7a4,10,4,e2e1,0.0934,0.0731,0.053,0.0547,e2e1,e8f6,e8f6,e8f6,179.0,0.0934,-0.0387,False
4n3/5pk1/6p1/1b1PQ2p/1P2P3/6PP/5PBK/4q3 b - - 4 30,60,?,g7g8,0,0,e8f6,0.0774,0.0992,0.1179,0.1533,e8f6,e8f6,e8f6,e8f6,32.0,0.1533,0.0759,False
8/5pk1/5np1/3PP2p/1P1Q4/6PP/5PBK/4qb2 b - - 0 32,64,?,f6d7,-407,31,f6e8,0.1718,0.151,0.1265,0.1344,f1g2,f1g2,f1g2,f1g2,228.0,0.1718,-0.0374,False
4n3/5pk1/3P2p1/4P2p/1P1Q4/6PP/5PK1/4q3 b - - 0 34,68,?,g7h7,-623,84,e1c1,0.0414,0.0632,0.0967,0.1485,f7f6,g7h6,g7h6,g7h7,0.0,0.1485,0.1071,False
rnbq1rk1/ppp2ppp/3b4/3p4/2PPn3/3B1N2/PP3PPP/RNBQ1RK1 b - - 0 8,16,?,c7c6,-66,26,c7c6,0.5019,0.7044,0.8875,0.9571,c7c6,c7c6,c7c6,c7c6,0.0,0.9571,0.4552,False
rn1q1rk1/pp3ppp/2pb4/3p1b2/2PPn3/1Q1B1N2/PP3PPP/RNB1R1K1 b - - 3 10,20,?,b8a6,-50,2,b8a6,0.0319,0.0204,0.0168,0.0248,b7b6,b7b6,b7b6,d5c4,118.0,0.0319,-0.0071,True
r2q1rk1/pp3ppp/n2b4/3p1b2/3Pn3/1QNB1N2/PP3PPP/R1B1R1K1 b - - 1 12,24,?,a6b4,-52,11,a6b4,0.2922,0.3259,0.3848,0.47,a6b4,a6b4,a6b4,a6b4,0.0,0.47,0.1778,False
r2q1rk1/pp3ppp/3b4/5bB1/1n1Pp3/1QN2N2/PP3PPP/R3R1K1 b - - 1 14,28,?,d8d7,-46,1,d8b6,0.3109,0.2778,0.2353,0.1644,d8d7,d8b6,d8b6,d8b6,-7.0,0.3109,-0.1465,False
r4rk1/pp3ppp/1q1bb3/6B1/1n1PN3/Q4N2/PP3PPP/R3R1K1 b - - 2 16,32,?,f8e8,-40,11,f7f6,0.002,0.0012,0.0005,0.0003,b4c2,b4c2,b4c2,b4c2,269.0,0.002,-0.0017,True
r4rk1/pp4pp/3qbp2/8/1n1P1B2/Q4N2/PP3PPP/R3R1K1 b - - 1 18,36,?,d6f4,-51,381,d6f4,0.3226,0.3195,0.3254,0.3175,d6f4,d6b6,d6b6,d6b6,381.0,0.3254,-0.0051,False
r4rk1/pp4pp/5p2/3b4/1Q1P1q2/4RN2/PP3PPP/R5K1 b - - 2 20,40,?,a8d8,-46,6,a8d8,0.0198,0.018,0.0206,0.0296,d5f3,b7b6,b7b6,f8e8,34.0,0.0296,0.0098,False
3rr1k1/pp4pp/5p2/Q2b4/3P1q2/4R3/PP3PPP/R3N1K1 b - - 6 22,44,?,d5c6,-42,6,d5c6,0.0118,0.0137,0.0159,0.0171,e8e3,e8e3,e8e3,e8e3,534.0,0.0171,0.0053,True
3r2k1/pp4pp/2b2p2/Q7/3P1q2/4P3/PPN3PP/R5K1 b - - 0 24,48,?,f4d6,-44,16,f4d6,0.0367,0.0321,0.0297,0.032,f4e4,f4e4,f4e4,f4e4,512.0,0.0367,-0.0047,True
4r1k1/pp4pp/2bq1p2/Q7/3P4/1P2P3/P1N3PP/2R3K1 b - - 0 26,52,?,d6e6,-40,5,d6e6,0.0398,0.0401,0.0563,0.0888,a7a6,a7a6,a7a6,a7a6,21.0,0.0888,0.049,False
4r1k1/pp4pp/2b2p2/8/1N1Pq3/1P2P3/P2Q2PP/2R3K1 b - - 4 28,56,?,c6d7,-51,0,c6d7,0.0979,0.1151,0.122,0.1231,e4e3,e4e3,e4e3,e4e3,146.0,0.1231,0.0252,False
4r1k1/1p1b2pp/5p2/p7/3Pq3/1PR1P3/P1NQ2PP/6K1 b - - 1 30,60,?,a5a4,-48,5,h7h5,0.0759,0.057,0.0439,0.0363,d7c6,d7c6,d7c6,d7c6,7.0,0.0759,-0.0396,False
4r1k1/1p4p1/2b2p2/p6p/3Pq3/1PRQP3/P5PP/4N1K1 b - - 3 32,64,?,e4e6,-55,24,e4e6,0.0644,0.0618,0.0506,0.0404,e4g4,e4g4,e4g4,e4g4,94.0,0.0644,-0.024,False
4r1k1/1p4p1/4qp2/p2b3p/3P4/1PRQPN2/P4KPP/8 b - - 7 34,68,?,a5a4,-83,18,a5a4,0.111,0.1256,0.1716,0.2648,g7g5,g7g5,d5e4,a5a4,0.0,0.2648,0.1538,False
rn1qkb1r/2p2ppp/1p2bn2/3p4/3P4/2NB4/PP3PPP/R1BQK1NR b KQkq - 1 8,16,?,f8e7,-28,3,f8d6,0.0237,0.0374,0.0579,0.0862,c7c5,f8b4,f8b4,f8d6,2.0,0.0862,0.0625,False
rn1q1rk1/2p2ppp/1p1bbn2/3p4/3P1B2/2NB4/PP2NPPP/R2QK2R b KQ - 5 10,20,?,c7c5,16,6,c7c5,0.3338,0.3595,0.39,0.3661,c7c5,c7c5,c7c5,c7c5,0.0,0.39,0.0323,False
r2q1rk1/5ppp/1pnbbn2/1Bpp4/3P1B2/2N5/PP2NPPP/R2Q1RK1 b - - 3 12,24,?,d6f4,171,133,d6f4,0.1862,0.1644,0.113,0.0818,d6f4,d8c7,d8c7,d8c7,195.0,0.1862,-0.1044,False
r2q1rk1/5ppp/1pB1bn2/2pp4/3P4/2N5/PP2NPPK/R2Q1R2 b - - 0 14,28,?,f6g4,152,47,d8c7,0.649,0.8385,0.9165,0.9482,f6g4,f6g4,f6g4,f6g4,0.0,0.9482,0.2992,False
r4rk1/5ppp/1pq1bn2/2pp4/3P4/2N5/PP2NPP1/2RQ1RK1 b - - 1 16,32,?,c6d6,112,4,c6d6,0.1088,0.1338,0.142,0.1334,c5c4,c5c4,c5c4,c5c4,15.0,0.142,0.0246,False
r4rk1/5ppp/1p1q1n2/2pp1b2/3P4/2N2P2/PP1QN1P1/2R2RK1 b - - 2 18,36,?,f8e8,90,4,f8d8,0.1368,0.1687,0.2241,0.2742,c5d4,c5c4,c5c4,c5c4,12.0,0.2742,0.1374,False
r2r2k1/5pp1/1p1q1n1p/2pp1b2/3P4/P1N2P2/1P1QN1P1/2R1R1K1 b - - 1 20,40,?,f5c8,97,9,g7g5,0.0044,0.0039,0.003,0.0019,c5d4,c5c4,c5c4,c5c4,26.0,0.0044,-0.0025,False
r2r2k1/5p2/1p1q1n1p/3p1bp1/2pP4/P1N2P2/1P1Q2P1/2NRR1K1 b - - 1 22,44,?,f6h5,118,12,d8e8,0.1089,0.1484,0.1604,0.1293,g5g4,d6g3,d6g3,d6g3,141.0,0.1604,0.0204,False
4r1k1/5p2/1p1q1n1p/3p1bp1/2pP4/P1N2P2/1P1Q2P1/2N1R1K1 b - - 1 24,48,?,f5e6,117,12,e8e6,0.0046,0.0061,0.0077,0.0066,e8e1,e8e1,e8e1,e8e1,21.0,0.0077,0.002,False
8/5pk1/1p1qrn1p/3p1bp1/2pP4/P1N2P2/1P2R1P1/2N1Q1K1 b - - 5 26,52,?,e6e2,140,7,h6h5,0.287,0.2928,0.2507,0.1696,e6e2,e6e2,f6h5,f6h5,129.0,0.2928,-0.1174,False
8/5p2/1p1qrnk1/3p1bpp/2pP4/P1N2P2/1P1QRKP1/2N5 b - - 3 28,56,?,d6h2,314,129,h5h4,0.0616,0.0818,0.1197,0.1966,h5h4,h5h4,h5h4,h5h4,115.0,0.1966,0.135,False
8/8/1p1qpnk1/3p1bp1/2pP3p/P1N1QP2/1P3KP1/2N5 b - - 1 30,60,?,d6g3,462,158,d6g3,0.5475,0.6152,0.6504,0.6312,d6g3,d6g3,d6g3,d6g3,0.0,0.6504,0.0837,False
8/8/1p2pnk1/3p1bp1/2pP4/P1N1QPqP/1P6/2N2K2 b - - 0 32,64,?,g5g4,327,0,f5h3,0.0015,0.0005,0.0003,0.0003,f5h3,f5h3,f5h3,f5h3,2.0,0.0015,-0.0012,False
8/8/1p2p1k1/3p2pn/2pP4/P1N1QPqb/1P1K4/2N5 b - - 3 34,68,?,h5f4,201,3,h5f4,0.2995,0.3518,0.3977,0.405,g3g2,g3g2,h5f4,h5f4,0.0,0.405,0.1055,False
r1b1k2r/ppp1qppp/2n1pn2/4N3/QbpP4/6P1/PP1BPPBP/RN2K2R b KQkq - 7 8,16,?,a8b8,-134,58,b4d2,0.001,0.0002,0.0001,0.0001,b4d2,b4d2,b4d2,b4d2,48.0,0.001,-0.0009,False
r3k2r/pppbqppp/2N1pn2/8/Q1pP4/6P1/PP1NPPBP/R3K2R b KQkq - 0 10,20,?,b7c6,-196,44,e7d6,0.2508,0.191,0.1777,0.1906,d7c6,d7c6,d7c6,d7c6,336.0,0.2508,-0.0602,False
r3k2r/pppb1ppp/2B1pn2/8/Q1NP4/6P1/PP2PP1P/R3K2R b KQkq - 0 12,24,?,d7c6,-502,150,d7c6,0.9424,0.9696,0.9758,0.9745,d7c6,d7c6,d7c6,d7c6,0.0,0.9758,0.0321,False
r3k2r/ppp2ppp/4pn2/8/2NP4/1Q3PP1/PP2P2P/R3K2b b Qkq - 0 14,28,?,e8g8,-456,9,h1g2,0.3717,0.4329,0.4339,0.3862,e8g8,e8g8,e8g8,e8c8,89.0,0.4339,0.0145,False
r4rk1/pQp2ppp/4pn2/8/2NP4/1P3PP1/P3P1bP/R3K3 b Q - 0 16,32,?,a7a5,-468,3,f6d5,0.0182,0.0188,0.0173,0.0223,f6d5,f6d5,f6d5,f6d5,-11.0,0.0223,0.0041,False
rr4k1/p1p2ppp/2Q1p3/3n4/2NPP3/1P3PP1/P5bP/R3K3 b Q - 2 18,36,?,d5b4,-366,65,d5b4,0.4004,0.4497,0.4885,0.5488,d5b4,d5b4,d5b4,d5b4,0.0,0.5488,0.1484,False
rr4k1/p1Q2ppp/4p3/8/2NPP3/1P3PP1/P1n2KbP/R7 b - - 2 20,40,?,c2a1,-358,28,c2a1,0.8058,0.7823,0.7505,0.6778,c2a1,c2a1,c2a1,c2a1,0.0,0.8058,-0.128,False
rr4k1/p1Q2ppp/4p3/3P4/2N1P3/1P3PP1/P1n3KP/8 b - - 0 22,44,?,c2e1,-347,34,e6d5,0.106,0.0966,0.0763,0.0577,b8c8,b8c8,b8c8,b8c8,75.0,0.106,-0.0483,False
r1r3k1/p4ppp/8/3P4/2N2Q2/1P3PP1/P1n3KP/8 b - - 2 24,48,?,h7h6,-434,1,c2b4,0.0183,0.0142,0.0117,0.0118,c2e1,c2b4,c2b4,c2b4,153.0,0.0183,-0.0065,True
r5k1/p4ppp/3N4/3P4/1n3Q2/1P3PPK/P1r4P/8 b - - 6 26,52,?,c2c7,-616,7,b4d3,0.0652,0.093,0.1133,0.146,b4d5,b4d5,b4d5,b4d5,1379.0,0.146,0.0808,False
r6k/p5pp/3NQ3/3P4/8/1P1n1PPK/P1r4P/8 b - - 2 28,56,?,c2c7,-636,55,h7h6,0.0074,0.0069,0.0069,0.0094,d3f2,d3f2,d3f2,d3f2,57.0,0.0094,0.002,False
rnbq1rk1/pp3pbp/3ppnp1/2pP4/2P5/2N1PN2/PP2BPPP/R1BQ1RK1 b - - 1 8,16,?,e6d5,-37,7,e6d5,0.7069,0.7742,0.8157,0.8775,e6d5,e6d5,e6d5,e6d5,0.0,0.8775,0.1706,False
rnbq1rk1/1p3pbp/p2p1np1/2pP4/P7/2N1PN2/1P2BPPP/R1BQ1RK1 b - - 0 10,20,?,c8g4,-41,31,c8g4,0.0931,0.0809,0.0811,0.0664,b8d7,b8d7,b8d7,f8e8,39.0,0.0931,-0.0267,False
r2q1rk1/1p1n1pbp/p2p1np1/2pP4/P5b1/2N1PN1P/1P1BBPP1/R2Q1RK1 b - - 0 12,24,?,g4f5,-37,3,g4f3,0.2351,0.2432,0.2192,0.1413,g4f3,g4f3,g4f3,g4f3,5.0,0.2432,-0.0938,False
1r1q1rk1/1p1n1pbp/p2p1np1/2pP4/P7/2N1P2P/1P1BBPP1/R2Q1RK1 b - - 2 14,28,?,d8e7,-42,6,d8e7,0.0095,0.0102,0.0154,0.0455,b7b5,d7b6,d7b6,f8e8,5.0,0.0455,0.036,False
1r2nrk1/1p1nqpbp/p2p2p1/2pP4/P7/2N1P2P/1PQBBPP1/R2R2K1 b - - 6 16,32,?,e8c7,-38,18,e8c7,0.447,0.5001,0.5943,0.77,e8c7,e8c7,e8c7,e8c7,0.0,0.77,0.323,False
1r3rk1/2nnqpbp/pP1p2p1/2pP4/8/2N1P2P/1PQBBPP1/R2R2K1 b - - 0 18,36,?,b8b6,-35,16,b8b6,0.3707,0.3854,0.4059,0.4706,d7b6,d7b6,d7b6,d7b6,17.0,0.4706,0.0999,False
1r4k1/2nnqpbp/pr1p2p1/2pP4/8/2N1P2P/RPQ1BPP1/3RB1K1 b - - 3 20,40,?,h7h5,-32,1,h7h5,0.0076,0.0055,0.0054,0.0169,d7e5,d7e5,d7e5,d7e5,3.0,0.0169,0.0093,False
1r4k1/2nnqpb1/p2p2p1/2pP3p/1r6/2N1P2P/RPQ1BPP1/3RB1K1 b - - 3 22,44,?,b4b7,-30,1,b4b7,0.0055,0.0058,0.0056,0.0052,d7e5,d7e5,d7e5,d7e5,1.0,0.0058,-0.0003,False
1r4k1/1rn1qpb1/pn1p2p1/2pP3p/8/2N1P2P/RPQ1BPP1/3RB1K1 b - - 7 24,48,?,g8f8,-28,0,b6d7,0.0016,0.0014,0.0013,0.0016,g7c3,b6d7,b6d7,b6d7,3.0,0.0016,0.0,False
1r4k1/1r1nqpb1/p2p2p1/1npP3p/N7/4P2P/RPQ2PP1/3RBBK1 b - - 11 26,52,?,b5c7,-32,0,b5c7,0.4481,0.459,0.4929,0.5583,b5c7,b5c7,b5c7,b5c7,0.0,0.5583,0.1102,False
1r4k1/1rn1qpb1/p2p2p1/2pPn2p/N7/4P2P/RPQ1BPP1/3RB1K1 b - - 15 28,56,?,f7f5,-23,3,e5d7,0.0404,0.0331,0.0327,0.0478,e5d7,e5d7,e5d7,e5d7,6.0,0.0478,0.0074,False
1r4k1/1rn1qpb1/p2p2p1/2pPn2p/N7/4P2P/RPQ1BPP1/3RB1K1 b - - 19 30,60,?,e7e8,-26,3,c7b5,0.0335,0.0313,0.03,0.0278,e5d7,e5d7,e5d7,e5d7,3.0,0.0335,-0.0057,False
1r4k1/nr2qpb1/p2p2p1/2pPn2p/N7/1P2P2P/R1Q1BPP1/3RB2K b - - 2 32,64,?,b7b3,-33,30,b7b3,0.6234,0.6324,0.6391,0.6317,b7b3,b7b3,b7b3,b7b3,0.0,0.6391,0.0083,False
1r4k1/n2nqpb1/B2p2p1/2pP3p/8/1rN1P2P/R1Q2PP1/3RB2K b - - 2 34,68,?,b3b6,-32,7,b3b6,0.0272,0.0308,0.0335,0.0316,g7c3,g7c3,d7e5,d7e5,26.0,0.0335,0.0044,False
r3kbnr/pp1bppp1/nqp4p/3pP2P/3P1PP1/2P5/PP6/RNBQKBNR b KQkq - 0 8,16,?,c6c5,-122,25,a6c7,0.1548,0.1621,0.1278,0.1069,e8c8,e8c8,e8c8,e8c8,109.0,0.1621,-0.0479,False
r3kbnr/ppnb1pp1/1qp1p2p/3pP2P/3P1PP1/2PB1N2/PP6/RNBQK2R b KQkq - 1 10,20,?,a7a5,-168,8,c6c5,0.0093,0.0079,0.0053,0.0074,e8c8,e8c8,e8c8,e8c8,35.0,0.0093,-0.0019,False
r3kbnr/ppn2pp1/1q2p2p/1bppPP1P/3P2P1/2PB1N2/PP6/RNBQ1RK1 b kq - 0 12,24,?,g8e7,-119,14,g8e7,0.0198,0.0183,0.0198,0.0262,b5d3,b5d3,b5d3,b5d3,31.0,0.0262,0.0064,False
r3kb1r/pp2npp1/1q2n2p/1BppP2P/3P2P1/2P2N2/PP6/RNBQ1RK1 b kq - 0 14,28,?,b6b5,36,435,b6b5,0.9646,0.9819,0.9865,0.9857,b6b5,b6b5,b6b5,b6b5,0.0,0.9865,0.0211,False
r3kb1r/pp2npp1/2q1n2p/2ppP2P/3P2P1/2P2N2/PPN5/R1BQ1RK1 b kq - 3 16,32,?,c6d7,-25,2,g7g6,0.0077,0.0084,0.0086,0.0076,e8c8,e8c8,e8c8,e8c8,59.0,0.0086,-0.0001,False
r3kb1r/pp3p2/2q1n1np/2ppP3/3P2P1/2P1NN2/PP6/R1BQ1RK1 b kq - 1 18,36,?,e8c8,53,16,e8c8,0.1425,0.2126,0.285,0.3645,g6f4,g6f4,e8c8,e8c8,0.0,0.3645,0.222,False
2kr1b1r/pp3p2/2q1n1n1/2ppPNPp/3P4/2P2N2/PP6/R1BQ1RK1 b - - 0 20,40,?,c6d7,-28,0,h5h4,0.0227,0.0277,0.0304,0.0379,h5h4,h5h4,h5h4,h5h4,60.0,0.0379,0.0152,False
2kr1b1r/pp3p2/2q1n1n1/2ppPNP1/3P4/2P1BN1p/PP5K/R2Q1R2 b - - 1 22,44,?,c6b6,-107,3,c8b8,0.0243,0.0234,0.0224,0.0247,g6f4,g6f4,g6f4,c8b8,5.0,0.0247,0.0004,False
1k1r1b1r/ppq2p2/4n1n1/2ppPNP1/1P1P4/P1P1BN1p/7K/R2Q1R2 b - - 0 24,48,?,c5d4,-77,8,c5c4,0.3478,0.3915,0.4133,0.3628,c5d4,c5d4,c5d4,c5d4,0.0,0.4133,0.015,False
1k1r1b1r/pp1q1p2/4n1n1/3pPNP1/PPpP4/2P1B2p/7K/R2Q1RN1 b - - 2 26,52,?,f8e7,-143,21,e6c7,0.2688,0.3421,0.4228,0.4648,f8e7,f8e7,f8e7,f8e7,0.0,0.4648,0.196,False
1kr2b1r/ppnq1p2/6n1/3pPNP1/PPpP4/2P1B1Np/7K/R2Q1R2 b - - 6 28,56,?,c7e6,-295,13,c7e6,0.4677,0.5293,0.6209,0.673,c7e6,c7e6,c7e6,c7e6,0.0,0.673,0.2053,False
k1r2b1r/pp1q1p2/4n1n1/P2pPNP1/1PpP4/2P1B1Np/3Q3K/R4R2 b - - 2 30,60,?,a7a6,-280,6,f8e7,0.2012,0.1997,0.1879,0.2145,g6h4,f8e7,f8e7,f8e7,52.0,0.2145,0.0133,False
k1r4r/pp2qp2/4n1n1/P2pPNP1/1PpP4/2P1B2p/3Q3K/R4R2 b - - 1 32,64,?,e7d7,-348,23,e7d7,0.2894,0.3671,0.4443,0.502,e7f8,e7d7,e7d7,e7d7,0.0,0.502,0.2126,False
k4r1r/pp1q1p2/3NnRn1/P2pP1P1/1PpP4/2P1B2p/3Q3K/R7 b - - 5 34,68,?,h8h4,-344,5,g6h4,0.149,0.1544,0.1608,0.1481,g6h4,g6h4,e6g7,e6g7,18.0,0.1608,-0.0009,False
r1bqkb1r/p4ppp/2p2n2/n3p1N1/8/8/PPPPBPPP/RNBQK2R b KQkq - 1 8,16,?,h7h6,-6,89,h7h6,0.482,0.6219,0.7495,0.8769,h7h6,h7h6,h7h6,h7h6,0.0,0.8769,0.3949,False
r2qkb1r/p4pp1/2p2n1p/n3p3/8/7P/PPPPBP1P/RNBQK2R b KQkq - 0 10,20,?,f8c5,-20,13,f8d6,0.3444,0.3342,0.2522,0.1567,f8c5,f8c5,d8d5,d8d5,55.0,0.3444,-0.1877,False
r2q1rk1/p4pp1/2pb1n1p/n3p3/8/2NP3P/PPP1BP1P/R1BQK2R b KQ - 2 12,24,?,f6d5,-45,2,f8e8,0.0987,0.0909,0.0977,0.1192,d8d7,d8d7,a5b7,d8d7,38.0,0.1192,0.0205,False
1r1qr1k1/p4pp1/2pb1n1p/n3p3/8/2NP1B1P/PPP2P1P/R1BQ1RK1 b - - 6 14,28,?,d8d7,-62,15,b8b4,0.2235,0.3069,0.3171,0.3045,d8d7,d8d7,d8d7,d8d7,0.0,0.3171,0.081,False
3qr1k1/p4pp1/2pb3p/n3p3/1r2B3/3P3P/PPP2P1P/R1BQ1RK1 b - - 0 16,32,?,e8e6,-194,3,d8h4,0.0605,0.0664,0.0577,0.0429,d8h4,d8h4,d8h4,d8h4,92.0,0.0664,-0.0176,False
4r1k1/p4pp1/2pb1q1p/n3p3/1r2B1Q1/3P3P/PPPB1P1P/R4RK1 b - - 4 18,36,?,b4e4,-330,21,b4e4,0.0421,0.0442,0.0428,0.0385,b4b2,b4b2,b4b2,b4b2,62.0,0.0442,-0.0036,False
4r1k1/pn3pp1/2Qb1q1p/4p3/8/3P3P/PPPB1P1P/R4RK1 b - - 0 20,40,?,e8b8,-337,11,e5e4,0.0816,0.0946,0.1027,0.0804,f6g6,f6g6,f6g6,f6g6,105.0,0.1027,-0.0012,False
8/pn3ppk/3b1q1p/8/4Q3/3P3P/PPPB1P1P/R4RK1 b - - 0 22,44,?,g7g6,-673,61,g7g6,0.6847,0.7194,0.7357,0.7812,g7g6,g7g6,g7g6,g7g6,0.0,0.7812,0.0965,False
r1bqk2r/ppnpppbp/2B3p1/2p1P3/8/2N2N2/PPPP1PPP/R1BQR1K1 b kq - 0 8,16,?,d7c6,-45,16,d7c6,0.3386,0.3446,0.371,0.5229,b7c6,b7c6,b7c6,d7c6,0.0,0.5229,0.1843,False
r1bq1rk1/ppn1ppbp/2p3p1/2p1P3/8/2NP1N1P/PPP2PP1/R1BQR1K1 b - - 0 10,20,?,c7e6,-42,8,c7e6,0.1077,0.1506,0.184,0.186,c7d5,c7d5,c7d5,c7d5,35.0,0.186,0.0783,False
r1bq1rk1/p3ppbp/1pp1n1p1/2p1P3/P3N3/3P1N1P/1PP2PP1/R1BQR1K1 b - - 0 12,24,?,a7a5,-44,29,a7a5,0.0902,0.0722,0.0581,0.0482,e6d4,e6d4,e6d4,e6d4,24.0,0.0902,-0.042,False
r1bq1rk1/4ppb1/1pp1N1pp/p1p1P3/P7/3P1N1P/1PP2PP1/R1BQR1K1 b - - 0 14,28,?,c8e6,-94,159,c8e6,0.9101,0.9436,0.9547,0.9717,c8e6,c8e6,c8e6,c8e6,0.0,0.9717,0.0616,False
r4rk1/4ppb1/1pp1b1pp/p1pqP3/P4B2/1P1P1N1P/2P2PP1/R2QR1K1 b - - 0 16,32,?,g6g5,-67,2,a8d8,0.293,0.2596,0.2021,0.1472,g6g5,g6g5,a8d8,a8d8,24.0,0.293,-0.1458,False
3r1r2/4ppbk/1pp1b1pp/p1pqP3/P4B2/1P1P3P/2P2PPN/R1Q1R1K1 b - - 4 18,36,?,g6g5,-46,2,f7f6,0.154,0.144,0.142,0.1664,d5d4,d5d4,d5d4,e6c8,19.0,0.1664,0.0124,False
3r4/4p1bk/1pp1brpp/p1pqB3/P7/1P1P3P/2P2PPN/R1Q1R1K1 b - - 1 20,40,?,f6f2,71,293,f6f2,0.0303,0.0273,0.0298,0.0382,f6f5,f6f5,f6f7,f6f7,331.0,0.0382,0.0079,True
3r4/4p2k/1pp1b1pp/p1pqb3/P7/1P1P1N1P/2P2KP1/R1Q1R3 b - - 1 22,44,?,d8f8,63,64,e5a1,0.1174,0.1111,0.1053,0.0822,e5a1,e5a1,e5a1,e5a1,92.0,0.1174,-0.0352,False
5r2/4p2k/1pp1b1pp/p1pqQ3/P7/1P1P1N1P/2P2KP1/4R3 b - - 2 24,48,?,d5e5,0,37,d5e5,0.6396,0.6745,0.6584,0.5721,d5e5,d5e5,d5e5,d5e5,0.0,0.6745,-0.0675,False
8/4p2k/1pp1brpp/p1p1R3/P7/1P1PKN1P/2P3P1/8 b - - 2 26,52,?,h7g7,15,1,h7g7,0.4142,0.5591,0.705,0.8269,h7g7,h7g7,h7g7,h7g7,0.0,0.8269,0.4127,False
8/4pk2/1pp1brpp/p1p1R1P1/P7/1P1PKN1P/2P5/8 b - - 0 28,56,?,f6f3,-98,208,f6f5,0.0199,0.0211,0.0216,0.0323,h6g5,h6g5,h6g5,h6g5,396.0,0.0323,0.0124,True
8/4pk2/1pp3pP/p1pb1R2/P7/1P1PKN1P/2P5/8 b - - 0 30,60,?,g6f5,-339,363,g6f5,0.8604,0.954,0.9815,0.9884,g6f5,g6f5,g6f5,g6f5,0.0,0.9884,0.128,False
6k1/4p3/1pp4P/p1pbNp2/P4K2/1P1P3P/2P5/8 b - - 3 32,64,?,g8h7,-387,27,g8h7,0.4774,0.4585,0.3996,0.288,g8h7,g8h7,e7e6,e7e6,37.0,0.4774,-0.1894,False
8/4p3/1pp3Nk/p1pb1K2/P7/1P1P3P/2P5/8 b - - 1 34,68,?,d5f3,-270,91,d5g2,0.0245,0.0218,0.0223,0.0295,e7e6,e7e6,e7e6,e7e6,203.0,0.0295,0.005,True
r1bqkb1r/1p3ppp/p1n1p3/2pn4/3P4/5N2/PPP2PPP/RNBQRBK1 b kq - 0 8,16,?,d5f6,-52,14,c5d4,0.0325,0.0435,0.0445,0.0313,c5d4,c5d4,c5d4,c5d4,10.0,0.0445,-0.0012,False
r1bqkb1r/1p3ppp/p1N1p3/8/1n6/8/PPP2PPP/RNBQRBK1 b kq - 0 10,20,?,d8d1,-55,66,d8d1,0.3446,0.4617,0.5218,0.5198,b4c6,d8d1,d8d1,d8d1,0.0,0.5218,0.1752,False
r1b1kb1r/5ppp/p1p1p3/8/1n6/N7/PPP2PPP/R1BR1BK1 b kq - 1 12,24,?,a6a5,-54,10,f7f6,0.0682,0.0586,0.0466,0.0515,b4d5,b4d5,b4d5,b4d5,82.0,0.0682,-0.0167,False
r1b1kb1r/6pp/p1p1pp2/3n4/2N5/2P5/PP3PPP/R1BR1BK1 b kq - 2 14,28,?,a6a5,-38,65,f8e7,0.0388,0.0265,0.0194,0.0375,f8c5,f8c5,f8c5,f8c5,68.0,0.0388,-0.0013,False
r1b1k2r/4b1pp/2p1pp2/p2n4/2N5/2P3P1/PP3PBP/R1BR2K1 b kq - 1 16,32,?,e8f7,-23,9,e8f7,0.0169,0.0281,0.0686,0.2357,e8g8,e8g8,e8g8,e8g8,21.0,0.2357,0.2188,False
2b4r/4bkpp/r1p1pp2/p2n4/P1N5/2P3P1/1P3P1P/R1BR1BK1 b - - 2 18,36,?,g7g5,-17,1,a6a7,0.0419,0.0254,0.0123,0.0057,h8d8,a6a7,a6a7,a6a7,0.0,0.0419,-0.0362,False
2b4r/r3bkpp/2p1pp2/p7/P1N5/2P1P1P1/1P5P/R2R1BK1 b - - 0 20,40,?,e6e5,9,11,c8d7,0.0964,0.0947,0.1249,0.2465,c8a6,c8a6,h8d8,h8d8,433.0,0.2465,0.1501,False
5k1r/r2bb1pp/2pNpp2/p7/P7/2P1P1P1/1P3K1P/R2R1B2 b - - 4 22,44,?,e7d6,1,31,h7h5,0.2788,0.2358,0.2026,0.1711,e7d6,e7d6,e7d6,e6e5,26.0,0.2788,-0.1077,False
5k1r/r2bb1p1/2pNpp2/p7/P6p/2P1P1P1/1P1R1KBP/R7 b - - 1 24,48,?,e7d6,60,23,h4g3,0.0529,0.0375,0.0229,0.0184,h4g3,h4g3,h4g3,h4g3,22.0,0.0529,-0.0345,False
5k1r/r2b2p1/2pRpp2/p7/P7/2P1P1P1/1P3KB1/R7 b - - 0 26,52,?,f8e7,48,51,f8e7,0.3701,0.5145,0.5963,0.6459,f8e7,f8e7,f8e7,f8e7,0.0,0.6459,0.2758,False
1r6/r2bk1p1/2pRpp2/p7/P7/2P1P1P1/1P1R1KB1/8 b - - 4 28,56,?,a7c7,48,21,c6c5,0.1633,0.2142,0.254,0.2705,a7c7,a7c7,a7c7,a7c7,0.0,0.2705,0.1072,False
1r6/r3k1p1/2R1pp2/p1p5/P7/2P1P1P1/1P1R1K2/8 b - - 0 30,60,?,a7d7,-23,8,a7b7,0.2576,0.2431,0.2092,0.167,a7b7,a7b7,a7b7,a7b7,10.0,0.2576,-0.0906,False
1r6/2R1k1p1/4pp2/p7/P7/2P1P1P1/1r1R1K2/8 b - - 1 32,64,?,e7f8,-6,23,e7f8,0.7437,0.7996,0.8095,0.7591,e7f8,e7f8,e7f8,e7f8,0.0,0.8095,0.0154,False
2r2k2/6p1/4pp2/p7/P7/2P1P1P1/1R3K2/8 b - - 0 34,68,?,c8c4,93,82,c8c3,0.0357,0.0426,0.0544,0.0714,c8c3,c8c3,c8c3,c8c3,76.0,0.0714,0.0357,False
r1b1kb1r/pp1n1ppp/1qn1p3/2ppP3/N2P1P2/4BN2/PPP3PP/R2QKB1R b KQkq - 5 8,16,?,b6c7,-82,12,b6a5,0.0302,0.0331,0.028,0.0138,b6b4,b6a5,b6a5,b6a5,-2.0,0.0331,-0.0164,False
r1b1kb1r/p2n1ppp/1pn1p3/q1ppP3/N2P1P2/2P2N2/PP1B2PP/R2QKB1R b KQkq - 1 10,20,?,c5c4,-92,223,c5c4,0.1057,0.1015,0.0895,0.0603,b6b5,b6b5,b6b5,c8a6,306.0,0.1057,-0.0454,False
r1b1kb1r/p2n1ppp/1p2p3/q2pP3/NPpP1P2/5N2/P2B2PP/R2QKB1R b KQkq - 0 12,24,?,f8b4,-95,325,f8b4,0.6596,0.8062,0.8814,0.9191,f8b4,f8b4,f8b4,f8b4,0.0,0.9191,0.2595,False
r1b1k2r/p2n1ppp/1p2p3/q2pP3/N1pP1P2/8/P1QN2PP/R3KB1R b KQkq - 0 14,28,?,e8g8,-92,6,b6b5,0.1783,0.1906,0.1989,0.1839,b6b5,b6b5,b6b5,b6b5,5.0,0.1989,0.0056,False
r1b2rk1/p2n1ppp/4p3/qp1pP3/2pP1P2/2N3P1/P1QN3P/R3KB1R b KQ - 0 16,32,?,d7b8,-87,16,b5b4,0.0027,0.002,0.0017,0.0017,b5b4,b5b4,b5b4,b5b4,12.0,0.0027,-0.001,False
r1b2rk1/p4ppp/1n2p3/q2pP3/1ppP1P2/6P1/P1QNN1BP/R3K2R b KQ - 3 18,36,?,a5a3,-81,13,a5a3,0.0082,0.0095,0.0115,0.0128,b4b3,b4b3,b4b3,c8d7,39.0,0.0128,0.0046,False
r1b2rk1/5ppp/1n2p3/p2pP3/1ppP1P2/q4RP1/P1QNN1BP/R5K1 b - - 1 20,40,?,c4c3,-72,45,c4c3,0.3257,0.2997,0.2048,0.106,c4c3,a3a4,a3a4,a3a4,49.0,0.3257,-0.2197,False
r4rk1/3b1ppp/1n2p3/p2pP3/1p1P1P2/qNp2RP1/P1Q1N1BP/1R4K1 b - - 3 22,44,?,d7a4,-104,19,d7a4,0.2188,0.1974,0.1531,0.1292,b6c4,b6c4,b6c4,b6c4,114.0,0.2188,-0.0896,False
r4rk1/5ppp/4P3/p2pP3/bpnP4/qNp2RP1/P1Q1N1BP/1R4K1 b - - 0 24,48,?,f7e6,-160,192,f7e6,0.8799,0.9316,0.9569,0.9668,f7e6,f7e6,f7e6,f7e6,0.0,0.9668,0.0869,False
r4rk1/6pp/4N3/p2pP3/bp1P4/qNp2RP1/P1Qn2BP/1R4K1 b - - 0 26,52,?,f8f3,-288,9,f8f3,0.3365,0.3338,0.3102,0.2895,d2f3,d2f3,d2f3,d2f3,27.0,0.3365,-0.047,False
r5k1/7p/6p1/p2pP1N1/bp1P4/qNp2BP1/P1Qn3P/1R4K1 b - - 0 28,56,?,a4b3,-299,28,a4b3,0.1591,0.1342,0.1034,0.0757,d2b1,d2b1,d2b1,d2b1,1693.0,0.1591,-0.0834,False
r6k/7p/6p1/p2BP1N1/1p1P4/qPp3P1/2Qn3P/1R4K1 b - - 0 30,60,?,a5a4,-330,67,a5a4,0.0124,0.0092,0.0067,0.0063,d2b1,d2b1,d2b1,d2b1,153.0,0.0124,-0.0061,True
r6k/5R1p/6p1/3BP1N1/1p1P4/qpp3P1/2Qn3P/6K1 b - - 1 32,64,?,a3a1,-463,18,a3a7,0.0987,0.0904,0.0779,0.0798,b3c2,b3c2,b3c2,b3c2,1536.0,0.0987,-0.0189,False
7k/r6p/6p1/4P1N1/1p1P4/1Bp3P1/2Qn3P/6K1 b - - 0 34,68,?,a7a8,-517,20,h8g7,0.002,0.0019,0.002,0.0025,a7a1,a7a1,a7a1,a7a1,90.0,0.0025,0.0005,False
rnbq1rk1/pp3ppp/2pb1p2/8/3P4/2PB4/PPQ2PPP/R1B1K1NR b KQ - 4 8,16,?,h7h5,-63,0,f8e8,0.0016,0.003,0.0115,0.0534,f8e8,f8e8,f8e8,f8e8,1.0,0.0534,0.0518,False
rnbqr1k1/pp3pp1/2pb1p2/7p/3P4/2PBB3/PPQ1NPPP/R3K2R b KQ - 1 10,20,?,b8d7,-52,2,b8d7,0.1323,0.1786,0.2584,0.3652,g7g6,c8g4,b8d7,b8d7,0.0,0.3652,0.2329,False
r1bqrnk1/pp3pp1/2pb1p2/7p/3P4/2PBB3/PPQ1NPPP/1K1R3R b - - 5 12,24,?,g7g6,-56,7,c8e6,0.1945,0.1008,0.0326,0.0184,g7g6,c8e6,b7b5,b7b5,67.0,0.1945,-0.1761,False
2rqrnk1/pp3pp1/2pbbp2/7p/2PP4/2NBB3/PPQ2PPP/1K1R3R b - - 2 14,28,?,g7g6,-44,5,d6b4,0.1462,0.0772,0.0227,0.0107,g7g6,b7b5,b7b5,b7b5,31.0,0.1462,-0.1355,False
2rqrnk1/pp3pp1/2p2p2/5Q1p/1bPP4/2N1B3/PP3PPP/1K1R3R b - - 0 16,32,?,b4c3,97,101,b4c3,0.2031,0.2956,0.3701,0.3647,g7g6,g7g6,g7g6,g7g6,126.0,0.3701,0.1616,False
2rqrnk1/pp3p2/2p2pp1/7p/2PP4/2P1B3/P1Q2PPP/1K1R3R b - - 1 18,36,?,b7b5,107,16,f8d7,0.1276,0.145,0.1706,0.2041,f8e6,d8b6,d8b6,d8b6,42.0,0.2041,0.0765,False
2r1r1k1/pp1n1p2/2p2pp1/q6p/2PP3P/2P1B3/P1Q2PP1/1K1R2R1 b - - 2 20,40,?,f6f5,79,8,d7b6,0.0798,0.0538,0.0374,0.0339,d7b6,d7b6,d7b6,d7b6,2.0,0.0798,-0.0459,False
2r1r1k1/pp3p2/2p2pp1/q6p/n1PP3P/1QP1B3/P1K2PP1/3R2R1 b - - 6 22,44,?,a5f5,134,14,a5f5,0.119,0.1164,0.1275,0.1464,b7b5,b7b5,b7b5,b7b5,96.0,0.1464,0.0274,False
2r1r1k1/p4p2/2p2pp1/1pP2q1p/n2P3P/1QP1B3/P4PP1/2KR2R1 b - - 0 24,48,?,e8e4,23,2,e8e4,0.078,0.1028,0.1573,0.2353,f5g4,f5g4,e8e4,e8e4,0.0,0.2353,0.1573,False
2r3k1/p4p2/2p1qpp1/1pP4p/n2Pr2P/2P1B3/P1Q2PP1/2K1R1R1 b - - 4 26,52,?,c8e8,38,38,c8e8,0.1902,0.2444,0.3331,0.4289,e4h4,e4h4,c8e8,c8e8,0.0,0.4289,0.2387,False
4r1k1/p4p2/2p1qpp1/1pP4p/n2P3r/2P1B1P1/P1QK1P2/4R1R1 b - - 0 28,56,?,h4e4,200,23,h4e4,0.2197,0.2709,0.3289,0.3461,h4h2,h4h2,h4h2,h4h2,16.0,0.3461,0.1264,False
4r1k1/p4p2/2p2pp1/1pPq3p/n2Pr3/2P1BPP1/P1QKR3/6R1 b - - 0 30,60,?,e4e7,475,16,e4e6,0.1835,0.2041,0.2286,0.236,e4e6,e4e6,e4e6,e4e6,-3.0,0.236,0.0525,False
4r1k1/p4p2/2p1rpp1/1pP4p/n2P2P1/2P1Bq2/P1QKR3/4R3 b - - 1 32,64,?,h5g4,510,4,f3g4,0.4255,0.4483,0.5334,0.627,f3g4,h5g4,h5g4,h5g4,0.0,0.627,0.2015,False
4r1k1/5p2/p1p1rpp1/1pPP3p/n1P3q1/4B3/P1QKR3/4R3 b - - 0 34,68,?,c6d5,594,72,e6e4,0.6176,0.7116,0.7873,0.781,c6d5,c6d5,c6d5,c6d5,0.0,0.7873,0.1634,False
rnbqk2r/pp2ppbp/6p1/2p5/3PP3/2P1BN2/P4PPP/R2QKB1R b KQkq - 1 8,16,?,d8a5,-49,1,e8g8,0.0995,0.136,0.1707,0.1858,b8c6,b8c6,b8c6,b8c6,9.0,0.1858,0.0863,False
r1bq1rk1/pp2ppbp/2n3p1/1Bp5/3PP3/2P1BN2/P4PPP/1R1QK2R b K - 5 10,20,?,c8g4,-2,4,c5d4,0.1597,0.1839,0.2144,0.2225,c5d4,c5d4,d8a5,d8a5,47.0,0.2225,0.0628,False
r2q1rk1/pp2ppbp/2B3p1/8/3PP1b1/4BN2/P4PPP/1R1QK2R b K - 0 12,24,?,b7c6,-9,22,b7c6,0.9314,0.9413,0.9472,0.9417,b7c6,b7c6,b7c6,b7c6,0.0,0.9472,0.0103,False
r2q1rk1/p3ppbp/2p3p1/8/3PP3/4BP2/P4P1P/1R1Q1RK1 b - - 0 14,28,?,d8d7,-35,2,d8a5,0.0494,0.0722,0.1117,0.1629,a8b8,a8b8,a8b8,d8a5,15.0,0.1629,0.1135,False
2r2rk1/p3ppbp/2p3p1/q1Q5/3PP3/4BP2/P4P1P/1R3RK1 b - - 4 16,32,?,a5c5,-41,6,a5c5,0.1913,0.2259,0.201,0.1431,a5a2,a5a2,a5a2,a5a2,10.0,0.2259,-0.0482,False
1r3rk1/p3ppbp/2p3p1/2P5/4P3/4BP2/P4P1P/1R1R2K1 b - - 2 18,36,?,f7f5,-36,31,a7a5,0.047,0.0583,0.0461,0.0293,b8b1,b8b1,f8d8,f8d8,97.0,0.0583,-0.0177,False
1r4k1/3Rppbp/2p3p1/p1P5/4P3/4BP2/P4P1P/6K1 b - - 1 20,40,?,g7b2,-72,37,e7e6,0.0032,0.0031,0.0025,0.002,b8b1,e7e6,e7e6,g7f6,57.0,0.0032,-0.0012,False
1r4k1/2R2p1p/2p1p1p1/p1P5/4P3/2b1BP2/P4P1P/6K1 b - - 3 22,44,?,b8b1,-76,11,b8b2,0.4998,0.3744,0.2963,0.2774,b8b1,b8b2,b8b2,b8b2,82.0,0.4998,-0.2224,False
6k1/7p/2R1p1pB/p1P2p2/4P3/2b2P2/Pr3P1P/6K1 b - - 0 24,48,?,b2c2,-173,14,b2a2,0.0023,0.0015,0.001,0.0009,b2a2,b2a2,b2a2,b2a2,97.0,0.0023,-0.0014,False
6k1/7p/R5pB/p1P2p2/4P3/2b2P2/2r2P1P/6K1 b - - 2 26,52,?,c3e5,-78,13,g8f7,0.0518,0.0464,0.0377,0.0349,f5e4,c3d4,c3d4,c3d4,106.0,0.0518,-0.0169,False
8/5k2/R5p1/p1P2p1p/4P3/2b1BP2/2r2PKP/8 b - - 1 28,56,?,c3b4,-101,95,c3b4,0.1342,0.221,0.3032,0.305,f5e4,f5e4,f5e4,f5e4,116.0,0.305,0.1708,False
8/2P1k3/R5p1/p4p1p/1b2P3/4BP2/2r2PKP/8 b - - 0 30,60,?,c2c7,-138,40,c2c7,0.8401,0.8155,0.7916,0.737,c2c7,c2c7,c2c7,c2c7,0.0,0.8401,-0.1031,False
2r5/4k3/R7/p4p1p/1b2P3/4BP2/5PKP/8 b - - 2 32,64,?,c8b8,-177,4,f5e4,0.0011,0.0007,0.0005,0.0006,f5e4,f5e4,f5e4,f5e4,36.0,0.0011,-0.0005,False
8/4k3/R7/p6p/1b2P3/4B2K/2r2P1P/8 b - - 2 34,68,?,c2c4,-103,94,c2c4,0.3551,0.4307,0.4728,0.4155,c2c4,c2c4,c2c4,c2c4,0.0,0.4728,0.0604,False
r1bq1rk1/ppp2ppp/2nb4/3np3/8/PP2PN2/1BQP1PPP/RN2KB1R b KQ - 4 8,16,?,d8e7,2,19,d8e7,0.0256,0.0243,0.0243,0.0318,f8e8,f8e8,f8e8,c8g4,28.0,0.0318,0.0062,False
r1b2rk1/ppp1qpp1/2nb3p/3np3/2B4P/PP2PN2/1BQP1PP1/RN2K2R b KQ - 1 10,20,?,d5b6,78,47,d5b6,0.159,0.2038,0.2805,0.4214,c8e6,c8e6,c8e6,d5b6,0.0,0.4214,0.2624,False
r1b2rk1/ppp1q1p1/1nnb3p/4pp2/7P/PP2PN2/1BQPBPP1/RN2K2R b KQ - 1 12,24,?,e5e4,167,57,e5e4,0.4479,0.3652,0.2397,0.1218,e5e4,e5e4,c8e6,c8e6,80.0,0.4479,-0.3261,False
r4rk1/pppbq1p1/1nnb3p/5p1P/3Np3/PP2P3/1BQPBPP1/RN2K2R b KQ - 0 14,28,?,c6d4,178,13,c6d4,0.6043,0.6172,0.5644,0.3655,c6d4,c6d4,c6d4,c6d4,0.0,0.6172,-0.2388,False
r4rk1/pp1bq1p1/1n1b3p/2p2p1P/4p3/PP2P3/1BQPBPP1/RN2K2R b KQ - 1 16,32,?,e7f7,165,3,f5f4,0.0052,0.0036,0.002,0.0012,a8c8,d6e5,a8c8,a8c8,1.0,0.0052,-0.004,False
4rrk1/pp1bq1p1/1n1b3p/2p4P/P3pp2/1PN1P3/1BQPBPP1/R3K2R b KQ - 0 18,36,?,d7c6,118,22,f4e3,0.0247,0.0345,0.0556,0.104,f4f3,f4f3,f4f3,f4f3,184.0,0.104,0.0793,False
4r1k1/pp1bq1p1/1n1b3p/2p4P/P3p3/1PN1P3/1BQ1BKP1/R6R b - - 0 20,40,?,c5c4,-311,20,e7g5,0.0047,0.0024,0.002,0.0027,e8f8,e8f8,e7g5,e7g5,98.0,0.0047,-0.002,False
4r1k1/pp1b2p1/1n1b3p/2p2q1P/P3N3/1P2PB2/1BQ2KP1/R6R b - - 2 22,44,?,d6e5,-446,21,b6d5,0.0629,0.0643,0.0597,0.0531,d7c6,d7c6,d7c6,d7c6,262.0,0.0643,-0.0098,False
4rbk1/pp1b2p1/7p/2pQ1q1P/P3N3/1P2PB2/1B3KP1/R6R b - - 0 24,48,?,f5d5,-602,90,f5d5,0.8285,0.9242,0.9786,0.9922,f5d5,f5d5,f5d5,f5d5,0.0,0.9922,0.1637,False
4rbk1/pp1b4/5p1p/2pB3P/P7/1P2P3/1B3KP1/R6R b - - 0 26,52,?,g8g7,-600,5,g8g7,0.3314,0.4023,0.5051,0.569,d7e6,g8g7,g8g7,g8g7,0.0,0.569,0.2376,False
4r3/pp1b2k1/3b1p1p/2pB3P/P7/1P2P3/1B4P1/R4RK1 b - - 4 28,56,?,d6e5,-569,68,d6e5,0.1025,0.1663,0.2472,0.304,e8e3,e8e3,e8e3,e8e3,240.0,0.304,0.2015,False
8/pp1b2k1/5p1p/2pBr2P/P3P3/1P6/6P1/R4RK1 b - - 0 30,60,?,d7g4,-539,8,b7b6,0.0331,0.0275,0.0238,0.0259,e5h5,b7b6,b7b6,b7b6,132.0,0.0331,-0.0072,True
8/p5k1/1p3p1p/2pBr2P/P3P1b1/1P1R4/6P1/5RK1 b - - 3 32,64,?,e5h5,-546,5,g4h5,0.2115,0.1928,0.1779,0.1859,g4h5,g4h5,g4h5,g4h5,20.0,0.2115,-0.0256,False
8/p5k1/1p3pbp/2pBr3/P3PR2/1P4R1/6P1/6K1 b - - 3 34,68,?,e5g5,-554,7,h6h5,0.2934,0.3652,0.3983,0.4015,e5g5,e5g5,e5g5,e5g5,0.0,0.4015,0.1081,False
rn1qkb1r/pb1p1ppp/5n2/1ppP4/7N/6P1/PP2PPBP/RNBQK2R b KQkq - 0 8,16,?,d7d6,-98,26,d7d6,0.2029,0.319,0.4948,0.7675,d7d6,d7d6,d7d6,d7d6,0.0,0.7675,0.5646,False
rn1qkb1r/pb3p1p/3p1np1/1ppP4/P6N/6P1/1P2PPBP/RNBQ1RK1 b kq - 0 10,20,?,b5b4,-12,113,b5b4,0.6272,0.6764,0.7427,0.7629,b5b4,b5b4,b5b4,b5b4,0.0,0.7629,0.1357,False
rn1qk2r/pb3pbp/3p1np1/2pP4/Pp2P2N/6P1/1P3PBP/RNBQR1K1 b kq - 2 12,24,?,e8g8,-12,57,e8g8,0.724,0.8006,0.8577,0.9065,e8g8,e8g8,e8g8,e8g8,0.0,0.9065,0.1825,False
rn1qr1k1/pb3pbp/3p1np1/2pP4/PpN1P2N/6P1/1P3PBP/R1BQR1K1 b - - 6 14,28,?,b7a6,60,141,b7a6,0.3092,0.3226,0.3231,0.3157,b7a6,b7a6,b7a6,b7a6,0.0,0.3231,0.0065,False
rn1qr1k1/p4pbp/b2p2p1/2pP4/PpN1n2N/5QP1/1P3P1P/R1B1RBK1 b - - 1 16,32,?,f7f5,196,46,e4f6,0.0968,0.093,0.1162,0.1937,e4g5,e4g5,e4g5,e4g5,708.0,0.1937,0.0969,False
rn1qn1k1/p4pbp/b2p2p1/2pP4/PpN2B1N/5QP1/1P3P1P/R4BK1 b - - 1 18,36,?,a6c4,266,43,a6c4,0.6156,0.6854,0.7028,0.6519,a6c4,a6c4,a6c4,a6c4,0.0,0.7028,0.0363,False
rn1qn1k1/p4p1p/3p2p1/2pP4/PpB2B1N/5QP1/1b3P1P/4R1K1 b - - 1 20,40,?,b8d7,296,47,b8d7,0.1456,0.1737,0.2055,0.2153,b2c3,b2c3,b2c3,b2g7,126.0,0.2153,0.0697,False
r2qn1k1/p4p1p/3p2p1/1BpPn3/Pp3B1N/6P1/1b2QP1P/4R1K1 b - - 5 22,44,?,b2c3,335,57,b2c3,0.6783,0.7224,0.7479,0.7454,b2c3,b2c3,b2c3,b2c3,0.0,0.7479,0.0671,False
r2q2k1/p1n2p1p/2Bp2p1/2pPn3/Pp3B1N/2b3P1/4QP1P/3R2K1 b - - 9 24,48,?,a8b8,325,33,a8b8,0.4643,0.5185,0.5348,0.4559,a8b8,a8b8,a8b8,e5c6,50.0,0.5348,-0.0084,False
1r1q2k1/p1n2p1p/2Bp2p1/2pP4/Pp3B2/2b2QP1/5P1P/3R2K1 b - - 0 26,52,?,d8f6,338,7,d8f6,0.0995,0.1489,0.1716,0.1813,b4b3,b4b3,c7e8,c7e8,148.0,0.1813,0.0818,False
1r4k1/p1n2p1p/2Bp1qp1/2pP4/P4B1P/1pbQ2P1/5P2/3R2K1 b - - 0 28,56,?,c3e5,425,6,b3b2,0.0191,0.0297,0.0432,0.0582,b3b2,b3b2,b3b2,b3b2,-19.0,0.0582,0.0391,False
1r4k1/p1n2p2/2Bp1qp1/2pP3p/P4B1P/2b3P1/1pQ2PK1/3R4 b - - 1 30,60,?,c3e5,478,61,b8b4,0.1074,0.1282,0.1394,0.1243,c7a6,c7a6,c7a6,c7a6,88.0,0.1394,0.0169,False
3B2k1/p1n2pq1/2Bp2p1/2pP3p/Pr5P/2b3P1/1pQ2PK1/3R4 b - - 5 32,64,?,b4d4,451,91,c7a6,0.0159,0.0098,0.0067,0.0046,c7a6,c7a6,c7a6,c7a6,92.0,0.0159,-0.0113,False
6k1/p4pq1/n2p2p1/BBpP3p/Pr1b3P/6P1/1pQ2PK1/3R4 b - - 9 34,68,?,g7e5,370,133,g7e5,0.0639,0.061,0.0577,0.0558,b4b5,b4b5,b4b5,b4b5,122.0,0.0639,-0.0081,False
r2qk2r/pp2ppbp/2np1np1/2p5/4P1b1/2PP1N2/PPB2PPP/RNBQR1K1 b kq - 0 8,16,?,g4f3,-8,8,e8g8,0.0267,0.0172,0.0108,0.0115,e8g8,e8g8,e8g8,e8g8,20.0,0.0267,-0.0152,False
r2q1rk1/pp3pbp/2np1np1/2p1p3/P3P1b1/2PP1N2/1PBN1PPP/R1BQR1K1 b - - 0 10,20,?,g4e6,-13,1,a7a6,0.007,0.0068,0.0059,0.0039,d6d5,a7a6,a7a6,a7a6,18.0,0.007,-0.0031,False
r4rk1/1pq2pbp/p1np1np1/P1p1p3/2N1P1b1/2PP1N2/1PB2PPP/R1BQR1K1 b - - 0 12,24,?,g4e6,5,32,a8d8,0.0261,0.0312,0.0278,0.0162,b7b5,d6d5,a8d8,a8d8,33.0,0.0312,-0.0099,False
3r1rk1/1pq2pb1/p1np1Bpp/P1p1p3/2N1P1b1/2PP1N2/1PB2PPP/R2QR1K1 b - - 0 14,28,?,g7f6,4,503,g7f6,0.9949,0.9971,0.998,0.9981,g7f6,g7f6,g7f6,g7f6,0.0,0.9981,0.0032,False
3r1rk1/1pq2p2/p1npbbpp/P1p1p3/2N1P3/2PP3P/1PBN1PP1/R2QR1K1 b - - 2 16,32,?,f6g5,30,0,f6g7,0.0291,0.0376,0.0389,0.0344,d6d5,d6d5,d6d5,d6d5,52.0,0.0389,0.0053,False
3r1rk1/1pq3b1/p1npb1pp/P1p1pp2/2N1P3/1BPP3P/1P1NQPP1/R3R1K1 b - - 1 18,36,?,c7f7,-26,15,g8h7,0.0144,0.0196,0.0288,0.0498,d6d5,f5f4,f5f4,f5f4,8.0,0.0498,0.0354,False
3r1r2/1pq3bk/p1np2pp/P1p1pp2/4P3/1NPPN2P/1P2QPP1/R3R1K1 b - - 0 20,40,?,c6e7,-29,6,c6e7,0.0497,0.0828,0.1569,0.3048,f5f4,f5f4,f5f4,c6e7,0.0,0.3048,0.2551,False
3r1r2/1pq1n1bk/p2p2pp/P1pNp3/4Pp2/1NPP1P1P/1P2Q1P1/R3R1K1 b - - 1 22,44,?,c7d7,-119,8,c7d7,0.0453,0.0334,0.0247,0.0201,e7d5,e7d5,e7d5,e7d5,-3.0,0.0453,-0.0252,False
3r1r2/1p2q1bk/p2p2pp/P1p1p3/4Pp2/1NPP1P1P/1P2Q1P1/R2R2K1 b - - 1 24,48,?,g7f6,-71,6,e7e6,0.0485,0.0627,0.077,0.1169,d6d5,e7g5,e7g5,e7g5,28.0,0.1169,0.0684,False
3r1r2/1p4bk/p2pq2p/P1p1p1p1/3PPp2/RNP2P1P/1P2Q1P1/3R2K1 b - - 0 26,52,?,c5d4,-33,16,c5d4,0.3687,0.4289,0.4534,0.3721,c5d4,c5d4,c5d4,c5c4,140.0,0.4534,0.0034,False
2r2r2/1p4bk/p2pq2p/P2Pp1p1/4Pp2/RN3P1P/1P2Q1P1/3R2K1 b - - 0 28,56,?,e6d7,-13,22,e6d7,0.5971,0.6265,0.6396,0.578,e6d7,e6d7,e6d7,e6d7,0.0,0.6396,-0.0191,False
5r2/1p1q2bk/p2p3p/P2Pp1p1/4Pp2/1R3P1P/1PrNQ1P1/3R2K1 b - - 4 30,60,?,g7f6,66,13,f8c8,0.0196,0.0145,0.0091,0.0079,f8c8,f8c8,f8c8,f8c8,-2.0,0.0196,-0.0117,False
2r5/1p4bk/p2p3p/P2Pp1p1/q3Pp2/R2Q1P1P/1PrN2P1/3R2K1 b - - 8 32,64,?,a4d4,182,79,a4b4,0.2837,0.2933,0.2955,0.304,a4b4,a4b4,a4b4,a4b4,82.0,0.304,0.0203,False
2r5/1p4bk/p2p3p/P2Pp1p1/3qPp2/RQ3P1P/1PrN2PK/3R4 b - - 12 34,68,?,c2d2,438,4,c2d2,0.4546,0.4596,0.4738,0.519,c2d2,c2d2,c2d2,c2d2,0.0,0.519,0.0644,False
r1b1k1nr/pppq1ppp/2np4/b3p3/2BPP3/1QP2N2/P4PPP/RNB2RK1 b kq - 3 8,16,?,a5b6,-10,44,a5b6,0.0688,0.129,0.2954,0.6842,e5d4,e5d4,e5d4,a5b6,0.0,0.6842,0.6154,False
r1b1k1nr/pppq1ppp/1b1p4/n3p3/2BPP3/2P2N2/P1QN1PPP/R1B2RK1 b kq - 7 10,20,?,a5c4,-13,8,a5c4,0.4375,0.6664,0.7694,0.7156,a5c4,a5c4,a5c4,a5c4,0.0,0.7694,0.2781,False
r1b1k1nr/pppq1ppp/1b1p4/8/2NPP3/5N2/P1Q2PPP/R1B2RK1 b kq - 0 12,24,?,g8e7,-138,17,g8e7,0.0793,0.2497,0.5116,0.6715,g8f6,g8f6,g8e7,g8e7,0.0,0.6715,0.5922,False
r1b1k2r/1ppqnppp/1N1p4/p7/P2PP3/5N2/2Q2PPP/R1B2RK1 b kq - 0 14,28,?,c7b6,-187,448,c7b6,0.979,0.9925,0.9969,0.998,c7b6,c7b6,c7b6,c7b6,0.0,0.998,0.019,False
r1b2rk1/1p1qnppp/1p1p4/p2P4/P3P3/4BN2/2Q2PPP/R4RK1 b - - 2 16,32,?,f7f5,-75,1,f7f5,0.0343,0.0389,0.0441,0.0326,b6b5,b6b5,b6b5,d7d8,52.0,0.0441,-0.0017,False
r1b2rk1/1p1qn1pp/1p1p4/p2P2N1/P3p3/1Q2B3/5PPP/R4RK1 b - - 1 18,36,?,d7f5,84,59,d7f5,0.4396,0.5703,0.6955,0.7752,d7f5,d7f5,d7f5,d7f5,0.0,0.7752,0.3356,False
r1b2rk1/1p2n1p1/1p1pN2p/p2P1q2/P3p3/1Q2B3/5PPP/3R1RK1 b - - 1 20,40,?,f8f6,49,11,c8e6,0.148,0.1396,0.129,0.1213,c8e6,c8e6,c8e6,c8e6,25.0,0.148,-0.0267,False
r4rk1/1p2n1p1/1B2P2p/p2p1q2/P3p3/1Q6/5PPP/3R1RK1 b - - 0 22,44,?,f8c8,59,9,f5e6,0.0135,0.011,0.0113,0.012,f5e6,f5e6,f5e6,f5e6,11.0,0.0135,-0.0015,False
r4Bk1/1p4p1/2n1q2p/p2p4/P3p3/1Q6/5PPP/3R1RK1 b - - 0 24,48,?,a8f8,-376,28,g8f8,0.7835,0.8348,0.862,0.871,a8f8,a8f8,a8f8,a8f8,0.0,0.871,0.0875,False
r4k2/1p4p1/2n4p/p2R4/P3p3/8/5PPP/5RK1 b - - 0 26,52,?,f8g8,-408,6,a8e8,0.0317,0.0432,0.0343,0.0176,c6b4,c6b4,a8e8,a8e8,34.0,0.0432,-0.0141,False
5k2/1p2r1p1/2n4p/pR6/P3p3/8/5PPP/1R4K1 b - - 4 28,56,?,c6b4,-451,2,c6d8,0.0859,0.1298,0.1772,0.1674,e4e3,f8f7,f8f7,f8f7,50.0,0.1772,0.0815,False
3n4/1p2rkp1/7p/1R6/P3p3/8/5PPP/1R4K1 b - - 2 30,60,?,f7g8,-464,5,e4e3,0.0083,0.0101,0.0082,0.0058,e4e3,e4e3,e4e3,e4e3,7.0,0.0101,-0.0025,False
3n4/1p3kp1/7p/PR6/8/4r3/6PP/1R4K1 b - - 0 32,64,?,e3e7,-439,5,e3a3,0.3913,0.4545,0.4844,0.3658,e3e7,e3e7,e3e7,e3a3,10.0,0.4844,-0.0255,False
3n4/1pR2kp1/7p/PR6/8/3r4/6PP/6K1 b - - 4 34,68,?,f7g8,-422,10,f7f6,0.0939,0.1189,0.131,0.1245,f7g6,f7g6,f7g6,f7g6,50.0,0.131,0.0306,False
r1bqkb1r/ppp5/2np1ppn/4p3/4P3/1P3N1P/PBPP2P1/RN1QKB1R b KQkq - 2 8,16,?,f6f5,55,11,f6f5,0.2038,0.1578,0.1114,0.1049,f6f5,c8e6,c8e6,c8e6,92.0,0.2038,-0.0989,False
r1bqkb1r/ppp5/2np2pn/4p3/4Pp2/1PN2N1P/PBPPQ1P1/R3KB1R b KQkq - 1 10,20,?,c6d4,-88,3,f8g7,0.1235,0.0825,0.042,0.0171,c8e6,c8g4,c8g4,c8e6,63.0,0.1235,-0.1064,False
r1bqk2r/ppp3b1/3p2pn/4p3/3NPp2/1PN4P/PBPPQ1P1/2KR1B1R b kq - 0 12,24,?,e5d4,-107,377,e5d4,0.9927,0.994,0.9955,0.997,e5d4,e5d4,e5d4,e5d4,0.0,0.997,0.0043,False
r1bqk2r/ppp3b1/3p3n/3N2p1/3pPp1P/1P6/PBPPQ1P1/2KR1B1R b kq - 0 14,28,?,h6g4,15,42,c8g4,0.074,0.0708,0.0701,0.0692,c8g4,c8g4,c8g4,c8g4,303.0,0.074,-0.0048,False
r2qk2r/pp4b1/2pp3n/3N2p1/2QBPpbP/1P6/P1PP2P1/2KR1B1R b kq - 0 16,32,?,c6d5,44,147,c6d5,0.4305,0.4578,0.4917,0.5396,c6d5,c6d5,c6d5,c6d5,0.0,0.5396,0.1091,False
r2qk2r/pp1b2b1/3p3n/3p2p1/1Q1BPp1P/1P6/P1PP2P1/2KR1B1R b kq - 3 18,36,?,g7d4,168,68,g7d4,0.7499,0.807,0.8157,0.763,g7d4,g7d4,g7d4,g7d4,0.0,0.8157,0.0131,False
r2qk2r/pp1b1n2/3p4/3p2p1/3QPp1P/1P6/P1PPB1P1/2KR3R b kq - 2 20,40,?,h8h4,220,43,g5g4,0.2189,0.2312,0.2415,0.2624,d5e4,d5e4,d5e4,d5e4,153.0,0.2624,0.0435,False
r3k2r/pp1bqn2/3p4/3P4/3Q1ppP/1P6/P1PPB1P1/2K1R2R b kq - 2 22,44,?,f7e5,43,29,e8c8,0.1202,0.178,0.2333,0.1978,e8c8,e8c8,e8c8,e8c8,345.0,0.2333,0.0776,False
2kr3r/Qp1b1n2/3p1q2/3P4/5ppP/1PP5/P2PB1P1/2K1R2R b - - 0 24,48,?,d8e8,121,26,d8e8,0.0295,0.0261,0.0221,0.0227,f4f3,f4f3,c8c7,f7e5,121.0,0.0295,-0.0068,True
4r2r/1pkb1n2/3p1q2/Q2P4/5ppP/1PP5/P2PB1P1/2K1R2R b - - 4 26,52,?,c7b8,248,50,c7b8,0.4837,0.6453,0.7529,0.7888,c7b8,c7b8,c7b8,c7b8,0.0,0.7888,0.3051,False
1k5r/1p1b1n2/1Q1p1q2/3Pr3/3P1ppP/1PP5/P3B1P1/2K1R2R b - - 0 28,56,?,e5e4,305,16,e5e3,0.0737,0.0594,0.0559,0.0523,e5d5,e5d5,e5e3,e5e3,0.0,0.0737,-0.0214,False
1k2r3/1p1b1n2/BQ1p1q2/3P4/3P1ppP/1PP1r3/PK4P1/4R2R b - - 4 30,60,?,d7c8,291,149,d7c8,0.3609,0.4698,0.5844,0.6744,d7c8,d7c8,d7c8,d7c8,0.0,0.6744,0.3135,False
1kb1r3/1p3n2/BQ1p1q2/3P4/3P2pP/1PP1p3/PK4P1/5R2 b - - 1 32,64,?,f6g6,275,32,f6e7,0.0692,0.0731,0.0746,0.0841,f6e7,f6e7,f6e7,f6e7,48.0,0.0841,0.0149,False
1kb1r3/1p2qn2/1Q1p4/1B1P4/3P2pP/1PP5/PK2p1P1/4R3 b - - 1 34,68,?,e7h4,393,269,e7h4,0.0456,0.0364,0.0298,0.0298,c8d7,c8d7,c8d7,c8d7,393.0,0.0456,-0.0158,True
r1bqr1k1/pppp1ppp/2n2n2/8/1b2P3/2NQ4/PPPBNPPP/2KR1B1R b - - 10 8,16,?,c6e5,-37,3,f6g4,0.0801,0.1194,0.2029,0.2852,b4c3,b4c3,b4c3,d7d6,2.0,0.2852,0.2051,False
r1bqr1k1/ppp2ppp/2np4/8/1b2P1n1/2N3QP/PPPBNPP1/2KR1B1R b - - 0 10,20,?,g4f6,-178,29,g4e5,0.3301,0.3414,0.3086,0.2862,g4e5,g4e5,g4e5,g4e5,58.0,0.3414,-0.0439,False
r1bqr1k1/ppp2ppp/2np4/8/1bn1PP2/2N3QP/PPP1N1P1/2KRBB1R b - - 2 12,24,?,d8f6,-134,9,b4c5,0.1176,0.2042,0.3085,0.3893,b4c3,b4c3,d8f6,d8f6,0.0,0.3893,0.2717,False
r2qr1k1/ppp2ppp/2npb3/2bN4/2n1PP2/2N3QP/PPP3P1/2KRBB1R b - - 6 14,28,?,c4b6,-131,34,c4b6,0.1148,0.2306,0.3665,0.4747,e6d5,e6d5,c4b6,c4b6,0.0,0.4747,0.3599,False
r2qr1k1/ppp2ppp/1n1pb3/2b2P2/3nP3/2N1N1QP/PPP3P1/2KRBB1R b - - 0 16,32,?,e6d7,-266,8,e6d7,0.6323,0.7511,0.824,0.8395,e6d7,e6d7,e6d7,e6d7,0.0,0.8395,0.2072,False
r2qr2k/pppb1ppp/1n1p1P2/2b5/3nP1N1/2N3QP/PPP3P1/2KRBB1R b - - 0 18,36,?,d4e6,-299,20,g7f6,0.0165,0.0159,0.02,0.0304,g7f6,g7g6,g7g6,g7g6,37.0,0.0304,0.0139,False
r2qr2k/ppp2p1p/1n1pbp1N/2b5/3nP3/2N3QP/PPP2BP1/2KR1B1R b - - 3 20,40,?,f6f5,-388,103,d4e2,0.1152,0.1045,0.086,0.0726,d4c6,d4c6,d4c6,d4c6,171.0,0.1152,-0.0426,False
r2qr2k/ppp2p1p/1n1pbp1N/8/4P3/2N4P/PPP1BQP1/2KR3R b - - 0 22,44,?,f6f5,-545,34,f6f5,0.0958,0.076,0.0452,0.0239,b6c4,b6c4,d8e7,d8e7,58.0,0.0958,-0.0719,False
r2qr2k/ppp4p/1n1pbp1N/5P2/3Q4/2N4P/PPP1B1P1/2KR3R b - - 0 24,48,?,c7c5,-527,31,h8g7,0.1449,0.1208,0.0801,0.0362,e6d7,e6d7,e6d7,e6d7,249.0,0.1449,-0.1087,False
r2qr3/ppp4p/1n1pPp1k/8/3Q2B1/2N4P/PPP3P1/2KR3R b - - 1 26,52,?,f6f5,-601,46,f6f5,0.083,0.0638,0.0463,0.0346,c7c5,c7c5,c7c5,d8e7,49.0,0.083,-0.0484,False
r3r3/ppp4p/1n1pP2k/5pQ1/6B1/2N4P/PPP3P1/2KR3R b - - 0 28,56,?,h6g5,-552,0,h6g5,1.0,1.0,1.0,1.0,h6g5,h6g5,h6g5,h6g5,0.0,1.0,0.0,False
1r2r3/ppp4p/1n1pP3/5pk1/8/2N2B1P/PPP3P1/2KRR3 b - - 3 30,60,?,g5f6,-584,10,g5f6,0.3714,0.4791,0.5576,0.6348,g5f6,g5f6,g5f6,g5f6,0.0,0.6348,0.2634,False
1r2r3/ppp4p/3pPk2/3B1p2/8/7P/PPP3P1/2KRR3 b - - 0 32,64,?,c7c6,-542,12,c7c6,0.6881,0.7175,0.6875,0.6,c7c6,c7c6,c7c6,c7c6,0.0,0.7175,-0.0881,False
1r2r3/pp5p/2p1Pk2/3p1p2/2P5/1B5P/PP4P1/2KRR3 b - - 0 34,68,?,b8d8,-538,10,d5c4,0.1989,0.207,0.2148,0.2168,d5c4,d5c4,e8e6,d5c4,15.0,0.2168,0.0179,False
rnbq1rk1/p1p2pp1/1p1bpn1p/3P4/3P4/2N2NP1/PP2PPBP/R1BQ1RK1 b - - 0 8,16,?,e6d5,-64,30,e6d5,0.7501,0.6863,0.6066,0.7788,e6d5,e6d5,e6d5,e6d5,0.0,0.7788,0.0287,False
rn1q1rk1/pbp2pp1/1p1b1n1p/3pN3/3P4/1QN3P1/PP2PPBP/R1B2RK1 b - - 3 10,20,?,c7c6,-66,2,c7c6,0.2288,0.2798,0.4051,0.6151,c7c6,c7c6,c7c6,c7c6,0.0,0.6151,0.3863,False
rn1q1rk1/pb3pp1/1ppb1n1p/4N3/3PN3/1Q4P1/PP3PBP/R1B2RK1 b - - 0 12,24,?,f6e4,-29,4,f6e4,0.6302,0.6434,0.6607,0.731,f6e4,f6e4,f6e4,f6e4,0.0,0.731,0.1008,False
rn1q1rk1/pb3pp1/1pp4p/4P3/4B3/1Q4P1/PP3P1P/R1B2RK1 b - - 0 14,28,?,b8a6,-37,6,d8e7,0.0421,0.0385,0.0276,0.0177,b8d7,b8d7,d8e7,d8e7,5.0,0.0421,-0.0244,False
rn3rk1/pB2qpp1/1p5p/2p1P3/5P2/1Q4P1/PP5P/R1B2RK1 b - - 0 16,32,?,e7b7,0,538,e7b7,0.9931,0.9977,0.9992,0.9997,e7b7,e7b7,e7b7,e7b7,0.0,0.9997,0.0066,False
r4rk1/pq3pp1/1pn4p/2p1P3/5P2/1Q2B1P1/PP5P/3R1RK1 b - - 3 18,36,?,a8d8,0,0,a8d8,0.232,0.2538,0.389,0.6026,c6a5,c6a5,a8d8,a8d8,0.0,0.6026,0.3706,False
3r1rk1/pq2npp1/1p1R3p/2p1P3/5P2/1Q4P1/PP3B1P/5RK1 b - - 7 20,40,?,e7f5,20,2,e7f5,0.3798,0.4343,0.4975,0.5481,d8d6,e7f5,e7f5,e7f5,0.0,0.5481,0.1683,False
3R1rk1/p4pp1/1p5p/2p1Pn2/4qP2/1Q4P1/PP3B1P/5RK1 b - - 0 22,44,?,f8d8,6,509,f8d8,0.9992,0.9998,0.9999,1.0,f8d8,f8d8,f8d8,f8d8,0.0,1.0,0.0008,False
6k1/p4pp1/1p5p/2p1Pn2/4qP2/6P1/PP3B1P/3Q2K1 b - - 0 24,48,?,g7g6,90,14,f5d4,0.0114,0.0108,0.0119,0.0163,f5d4,f5d4,f5d4,f5d4,10.0,0.0163,0.0049,False
6k1/p4pp1/1p5p/4P3/3pqP2/6P1/PP3K1P/3Q4 b - - 1 26,52,?,e4e3,215,142,e4e3,0.4842,0.5306,0.525,0.4934,e4e3,e4e3,e4e3,e4e3,0.0,0.5306,0.0092,False
6k1/p4pp1/1p5p/4P3/5P2/3pqQP1/PP4KP/8 b - - 1 28,56,?,e3d2,427,153,e3d2,0.1864,0.1789,0.1789,0.1848,e3f3,e3f3,e3e2,e3e2,912.0,0.1864,-0.0016,False
rnbq1rk1/1pp1ppbp/3p1np1/pP6/2P5/2N2NP1/P2PPPBP/R1BQ1RK1 b - - 0 8,16,?,d6d5,-62,11,b8d7,0.0228,0.0113,0.006,0.0042,c7c6,c7c6,c7c6,c7c6,15.0,0.0228,-0.0186,False
r1bq1rk1/1ppn1pbp/3p1np1/pP2p3/P1P5/2N2NP1/1B1PPPBP/R2Q1RK1 b - - 0 10,20,?,e5e4,-58,10,a8b8,0.0402,0.031,0.0253,0.0243,d7c5,d7c5,d7c5,d7c5,12.0,0.0402,-0.0159,False
1rbq1rk1/1ppn1pbp/3p1np1/pP6/P1PN4/2N3P1/1B2PPBP/R2Q1RK1 b - - 0 12,24,?,h7h5,-77,1,d7b6,0.0023,0.0016,0.0014,0.0026,b7b6,b7b6,d7c5,d7c5,1.0,0.0026,0.0003,False
1rbq1rk1/1ppn1pbp/1n1p2p1/pP1N4/P1PN4/1Q4P1/1B2PPBP/R4RK1 b - - 4 14,28,?,d7c5,-86,6,d7c5,0.1493,0.2238,0.3411,0.5169,b6d5,b6d5,b6d5,d7c5,0.0,0.5169,0.3676,False
1rbq1rk1/1pp2pbp/3p2p1/pPnP4/P2N4/6P1/1BQ1PPBP/R4RK1 b - - 0 16,32,?,f8e8,-125,3,f8e8,0.1019,0.1033,0.118,0.1815,b7b6,c8d7,c8d7,c8d7,0.0,0.1815,0.0796,False
1r1qr1k1/1ppb1pbp/3p2p1/pPnP4/P2N4/R5PP/1BQ1PPB1/5RK1 b - - 2 18,36,?,f7f5,-83,3,b7b6,0.0207,0.0144,0.0099,0.0086,g7d4,b7b6,b7b6,d8g5,41.0,0.0207,-0.0121,False
1r1qr1k1/2pb1pb1/1p1p2p1/pPnP3p/P2NP3/R5PP/1BQ2PB1/3R2K1 b - - 0 20,40,?,e8e7,-73,12,d8f6,0.0652,0.0645,0.0563,0.038,g7d4,d8c8,d8c8,d8e7,19.0,0.0652,-0.0272,False
1r2r1k1/2pb1pb1/1p1p1qp1/pPnP4/P2NPP1p/R5PP/1BQ3B1/5RK1 b - - 1 22,44,?,h4g3,-53,117,h4g3,0.6074,0.5665,0.4954,0.3902,h4g3,h4g3,h4g3,h4g3,0.0,0.6074,-0.2172,False
1r2r1k1/2pb1pb1/1p1p2p1/pPnP4/P2NPP1q/6RP/1BQ3BK/5R2 b - - 2 24,48,?,h4h8,-35,48,e8e7,0.0036,0.0032,0.0025,0.002,g7h6,e8e7,e8e7,e8e7,83.0,0.0036,-0.0016,False
1r4k1/2p1rpB1/1p1p2p1/pPnP1b2/P3PP1q/6RP/2Q3BK/5R2 b - - 0 26,52,?,e7e4,244,8,g8g7,0.0142,0.0152,0.0189,0.0238,f5e4,f5e4,f5e4,f5e4,53.0,0.0238,0.0096,False
4r3/2p1rpk1/1p1p2P1/pPnP4/P4P1q/6RP/2Q3BK/5R2 b - - 0 28,56,?,f7f6,-30,39,f7f6,0.3857,0.5416,0.6572,0.7111,f7f6,f7f6,f7f6,f7f6,0.0,0.7111,0.3254,False
4r3/2p3k1/1p1p1pP1/pPnP1Q2/P4P1q/4rRRP/6BK/8 b - - 3 30,60,?,e3e7,-71,15,e3f3,0.0237,0.023,0.0255,0.0344,e3f3,e3f3,e3f3,e3f3,10.0,0.0344,0.0107,False
2Q5/2p3k1/1p1p1pP1/pPnP4/P4P1q/5R1P/4r1BK/8 b - - 2 32,64,?,e2e7,0,225,e2e7,0.0647,0.1351,0.2181,0.2658,c5e4,g7g6,g7g6,e2e7,0.0,0.2658,0.2011,False
3Q4/2p1r1k1/1p1p2P1/pPnP1p2/P4P1q/6RP/6BK/8 b - - 1 34,68,?,c5a4,223,176,h4f6,0.0891,0.0777,0.0618,0.0514,h4f4,h4f4,h4f4,h4f4,2220.0,0.0891,-0.0377,False
r1b1k1nr/pp2ppbp/1qnp2p1/8/2P1P3/1NN1B3/PP3PPP/R2QKB1R b KQkq - 3 8,16,?,g7c3,-18,46,g7c3,0.1991,0.2398,0.3022,0.3555,b6b4,b6b4,g7c3,g7c3,0.0,0.3555,0.1564,False
r1b1k1nr/ppq1pp1p/2np2p1/8/2P1P3/1NP1B3/P3BPPP/R2QK2R b KQkq - 2 10,20,?,g8f6,-8,23,g8f6,0.5186,0.5613,0.5857,0.555,g8f6,g8f6,g8f6,g8f6,0.0,0.5857,0.0364,False
r1b1k2r/p1q1pp1p/1pnp1np1/8/2P1P3/1NP1BP2/P3B1PP/R2Q1RK1 b kq - 1 12,24,?,e8g8,-7,14,c8e6,0.2874,0.3027,0.3174,0.2726,e8g8,e8g8,e8g8,e8g8,0.0,0.3174,-0.0148,False
r4rk1/p1q1pp1p/1pnpNnp1/8/2P1P3/2P1BP2/P3B1PP/R2Q1RK1 b - - 0 14,28,?,f7e6,-36,552,f7e6,0.9972,0.9993,0.9998,0.9999,f7e6,f7e6,f7e6,f7e6,0.0,0.9999,0.0027,False
r4rk1/p1q1p2p/1p1ppnp1/n7/P1P1P2P/2P1BP2/4B1P1/R2Q1RK1 b - - 0 16,32,?,a5c4,60,2,a5c4,0.8548,0.8848,0.8703,0.8088,a5c4,a5c4,a5c4,a5c4,0.0,0.8848,-0.046,False
r1r3k1/p1q1p2p/1p1ppnp1/6B1/P1n1P2P/2P2P2/4B1P1/R2Q1RK1 b - - 3 18,36,?,g8f7,94,5,c7c5,0.0075,0.0113,0.0119,0.0114,c4e3,c7c5,c7c5,c7c5,6.0,0.0119,0.0039,False
r1bqkbnr/pp3ppp/2np4/2pNP1B1/8/5N2/PPP2PPP/R2QKB1R b KQkq - 1 8,16,?,d8a5,-243,23,d8a5,0.0987,0.1166,0.1478,0.2089,f7f6,f7f6,f8e7,f8e7,64.0,0.2089,0.1102,False
r1bqkbnr/pp3ppp/2np4/2pNP3/8/5N2/PPPBQPPP/R3KB1R b KQkq - 5 10,20,?,d6e5,-29,142,c8e6,0.5081,0.445,0.4608,0.5429,d6e5,d6e5,d6e5,d6e5,0.0,0.5429,0.0348,False
r2qkbnr/pp3ppp/2n1b3/2ppP3/5N2/5N2/PPPBQPPP/2KR1B1R b kq - 1 12,24,?,d8d7,-135,15,g8e7,0.0734,0.122,0.178,0.2696,d5d4,d5d4,d8d7,d8d7,0.0,0.2696,0.1962,False
r2qkb1r/pp3ppp/2n1b3/2ppPn2/5N1P/2P2N2/PP1BQPP1/2KR1B1R b kq - 0 14,28,?,h7h6,-216,15,d8a5,0.0313,0.0346,0.0361,0.0654,d5d4,d5d4,f8e7,f8e7,18.0,0.0654,0.0341,False
r3kb1r/pp3ppp/2n1N3/2ppPn2/5N1P/2P5/qP1BQPP1/2KR1B1R b kq - 0 16,32,?,f7e6,-71,91,f7e6,0.6514,0.7135,0.7892,0.843,f7e6,f7e6,f7e6,f7e6,0.0,0.843,0.1916,False
2r1kb1r/pp4pp/2n1N3/2ppPn2/6QP/2P5/qP1B1PP1/2KR1B1R b k - 2 18,36,?,g7g6,-50,278,g7g6,0.2365,0.2856,0.3365,0.3838,a2a1,a2a1,a2a1,g7g6,0.0,0.3838,0.1473,False
2r1kb1r/pp5p/2n1N1p1/2ppPn2/5PQP/2P5/1PKB2P1/q2R1B1R b k - 2 20,40,?,a1a2,30,30,c6b4,0.0291,0.0179,0.0102,0.0084,a1a4,a1a4,a1a4,a1a4,30.0,0.0291,-0.0207,False
2r1kb1r/pp5p/4N1p1/3pPn2/1p3PQP/3K4/1P1B2P1/q2R1B1R b k - 1 22,44,?,a1a6,1999,2057,a1a6,0.5333,0.5876,0.6242,0.6274,a1a6,a1a6,a1a6,a1a6,0.0,0.6274,0.0941,False
rn1qkb1r/pp1b1ppp/5n2/3p2B1/3Q4/2N2N2/PP2PPPP/R3KB1R b KQkq - 1 8,16,?,b8c6,-6,20,b8c6,0.3768,0.3305,0.2745,0.2155,b8c6,f8e7,f8e7,f8e7,19.0,0.3768,-0.1613,False
r2qkb1r/pp3ppp/2n1bn2/3p2B1/3N4/2N1Q3/PP2PPPP/R3KB1R b KQkq - 5 10,20,?,f8e7,5,5,d8d7,0.0714,0.08,0.0731,0.0307,c6d4,c6d4,c6d4,c6d4,11.0,0.08,-0.0407,False
r3kb1r/pp1q1p1p/2n1bp2/3p4/3N4/2N5/PP1QPPPP/R3KB1R b KQkq - 1 12,24,?,c6d4,0,25,c6d4,0.4442,0.3719,0.268,0.1629,c6d4,c6d4,c6d4,f8b4,53.0,0.4442,-0.2813,False
r3k2r/pp1q1pbp/4bp2/3p4/3QP3/2N5/PP3PPP/R3KB1R b KQkq - 0 14,28,?,e8g8,0,53,e8g8,0.3477,0.3266,0.2655,0.2452,e8g8,e8g8,d5e4,d5e4,482.0,0.3477,-0.1025,False
r4rk1/pp1q1pbp/4b3/3P1p2/7Q/2N5/PP3PPP/R3KB1R b KQ - 1 16,32,?,g7c3,0,0,g7c3,0.1859,0.2699,0.3481,0.3916,e6d5,e6d5,e6d5,e6d5,0.0,0.3916,0.2057,False
r4rk1/pp3p1p/4b3/3q1pQ1/8/2P5/P4PPP/R3KB1R b KQ - 1 18,36,?,g8h8,0,0,g8h8,1.0,1.0,1.0,1.0,g8h8,g8h8,g8h8,g8h8,0.0,1.0,0.0,False
r4rk1/pp3p1p/4b3/3q1pQ1/8/2P5/P4PPP/R3KB1R b KQ - 5 20,40,?,g8h8,0,0,g8h8,1.0,1.0,1.0,1.0,g8h8,g8h8,g8h8,g8h8,0.0,1.0,0.0,False
r1bq1rk1/pp1pppbp/2n2np1/8/2PNP3/4BP2/PP1Q2PP/RN2KB1R b KQ - 2 8,16,?,e7e6,-22,25,e7e6,0.1306,0.1109,0.0766,0.0144,d7d6,d7d6,d7d6,d7d5,126.0,0.1306,-0.1162,False
r1bq1rk1/p2p1pbp/2p1pnp1/2P5/4P3/4BP2/PP1Q2PP/RN2KB1R b KQ - 0 10,20,?,f6e8,-67,15,a8b8,0.0284,0.0279,0.0248,0.0134,d7d5,d7d5,d7d5,d7d5,70.0,0.0284,-0.015,False
1rbqnrk1/p2p1pbp/2p1p1p1/2P5/4P3/2N1BP2/PP1QB1PP/R3K2R b KQ - 4 12,24,?,d8a5,-66,4,d7d5,0.0684,0.0873,0.1107,0.1499,e8c7,e8c7,d7d5,d7d5,51.0,0.1499,0.0815,False
1rb1nrk1/p4pbp/2pQp1p1/8/4P3/2N1BP2/PP2B1PP/R3K2R b KQ - 0 14,28,?,e8d6,-101,317,e8d6,0.9994,0.9997,0.9998,0.9998,e8d6,e8d6,e8d6,e8d6,0.0,0.9998,0.0004,False
1rb2rk1/p4pbp/2p1p1p1/1n6/N3P3/4BP2/PP2B1PP/2KR3R b - - 3 16,32,?,e6e5,-95,7,e6e5,0.1045,0.1097,0.1242,0.1685,c8a6,c8a6,c8a6,c8a6,121.0,0.1685,0.064,False
1rb1r1k1/p4pbp/2p3p1/1nB1p3/N1B1P3/5P2/PP4PP/2KR3R b - - 3 18,36,?,h7h5,-66,6,c8e6,0.0081,0.0051,0.0039,0.0061,c8e6,c8e6,c8e6,b5d4,7.0,0.0081,-0.002,False
1r4k1/p2R1pbp/2p1r1p1/1nB1p3/N3P3/5P2/PP4PP/2K4R b - - 1 20,40,?,f7f5,-126,4,g7f8,0.046,0.0335,0.0398,0.0612,a7a6,a7a6,a7a6,a7a6,34.0,0.0612,0.0152,False
1r3bk1/p2R1p1p/2p1r1p1/4p3/N2BP3/5P2/PP4PP/2KR4 b - - 0 22,44,?,e5d4,-215,21,e5d4,0.9635,0.9849,0.9924,0.9938,e5d4,e5d4,e5d4,e5d4,0.0,0.9938,0.0303,False
1r3bk1/p2R1p1p/4r1p1/2p5/N1R1P3/5P2/PP4PP/2K5 b - - 1 24,48,?,b8b4,-113,38,a7a5,0.2247,0.2373,0.2705,0.3038,b8b4,b8b4,b8b4,b8b4,0.0,0.3038,0.0791,False
5bk1/3R1p1p/4r1p1/p1p5/1rR1P3/1PN2P2/P5PP/2K5 b - - 2 26,52,?,f7f5,-273,7,b4c4,0.0289,0.0217,0.0191,0.0211,b4c4,b4c4,b4c4,b4c4,-1.0,0.0289,-0.0078,False
5bk1/3R1p1p/1r4p1/pNp5/2P1P3/5P2/P5PP/2K5 b - - 2 28,56,?,f7f5,-243,61,a5a4,0.0709,0.0429,0.0315,0.0297,a5a4,g8g7,g8g7,f8h6,80.0,0.0709,-0.0412,False
5bk1/R4p1p/1r6/1Np3p1/p1P1P3/5P1P/P5P1/2K5 b - - 0 30,60,?,h7h5,-333,41,h7h5,0.1986,0.1757,0.16,0.1536,h7h5,h7h5,h7h5,h7h5,0.0,0.1986,-0.045,False
5bk1/5p2/1r6/1Np4p/R1P1P1P1/5P2/P5P1/2K5 b - - 0 32,64,?,h5g4,-335,25,h5g4,0.9004,0.9297,0.9546,0.957,h5g4,h5g4,h5g4,h5g4,0.0,0.957,0.0566,False
R4bk1/5p2/1r6/1Np5/2P1P3/5Pp1/P2K2P1/8 b - - 1 34,68,?,b6h6,-303,123,g8g7,0.3835,0.4028,0.4206,0.4786,b6h6,b6h6,g8g7,b6h6,0.0,0.4786,0.0951,False
r2qkb1r/pp3ppp/2n1pn2/3p4/3P2b1/2PB1N2/PP1N1PPP/R1BQ1RK1 b kq - 1 8,16,?,f8d6,13,22,f8d6,0.7695,0.745,0.7027,0.7229,f8d6,f8d6,f8d6,f8d6,0.0,0.7695,-0.0466,False
r2q1rk1/pp3ppp/2nbpn2/3p4/3P2b1/2PB1N2/PPQN1PPP/R1B1R1K1 b - - 5 10,20,?,d8c7,63,13,d8c7,0.171,0.2742,0.3088,0.2145,f8e8,d8c7,d8c7,a8c8,12.0,0.3088,0.0435,False
r4rk1/ppq2ppp/2nbpn2/3p2Nb/3P4/2PB3P/PPQN1PP1/R1B1R1K1 b - - 2 12,24,?,h7h6,87,67,h5g6,0.1739,0.2473,0.2505,0.1431,h5g6,h5g6,h5g6,h5g6,102.0,0.2505,-0.0308,False
r4rk1/ppq2pp1/2nbpnp1/3p2N1/3P4/2P2N1P/PPQ2PP1/R1B1R1K1 b - - 1 14,28,?,b7b5,-16,9,b7b5,0.0343,0.0594,0.1417,0.3622,f8e8,f8e8,a8c8,b7b5,0.0,0.3622,0.3279,False
r4rk1/p1q2pp1/2nbpnp1/3pN1N1/1p1P4/2P4P/PP2QPP1/R1B1R1K1 b - - 1 16,32,?,b4c3,14,8,b4c3,0.6734,0.7065,0.7649,0.7694,b4c3,b4c3,b4c3,b4c3,0.0,0.7694,0.096,False
r4rk1/p1q2pp1/2n1pnp1/3pP1N1/8/2P4P/P3QPP1/R1B1R1K1 b - - 0 18,36,?,f6h7,-10,49,f6h7,0.0453,0.0483,0.0374,0.012,f6d7,f6d7,f6d7,f6d7,50.0,0.0483,-0.0333,False
r4r2/p1q2ppk/2n1p1p1/3pP3/5B2/2P4P/P3QPP1/R3R1K1 b - - 1 20,40,?,a8b8,33,4,c6a5,0.0855,0.0711,0.0727,0.0773,f8h8,f8h8,f8h8,c6a5,16.0,0.0855,-0.0082,False
1r3r2/p1q2ppk/4p1p1/n2pP3/5BQ1/2P4P/P4PP1/2R1R1K1 b - - 5 22,44,?,a5c4,63,1,b8b2,0.3167,0.2863,0.2386,0.1874,a5c4,a5c4,f8h8,f8h8,-4.0,0.3167,-0.1293,False
5rk1/p1q2pp1/4p1p1/n2pP2P/5BQ1/2P5/Pr3PP1/2R1R1K1 b - - 0 24,48,?,g6h5,-17,85,g6h5,0.5327,0.5975,0.6172,0.5974,g6h5,g6h5,g6h5,g6h5,0.0,0.6172,0.0647,False
5rk1/p4pp1/4p3/n2pP1BQ/2q5/2P5/Pr3PP1/2R1R1K1 b - - 2 26,52,?,c4d3,0,6,c4d3,0.0425,0.0753,0.1113,0.118,c4a2,c4a2,c4a2,f8b8,620.0,0.118,0.0755,False
5rk1/p4ppq/4p3/n2pP1B1/6Q1/2P1R3/Pr3PP1/2R3K1 b - - 6 28,56,?,a5c4,35,91,b2b1,0.5109,0.6543,0.696,0.6276,a5c4,a5c4,a5c4,a5c4,0.0,0.696,0.1167,False
5rk1/p4pp1/4p1q1/n2pP1B1/6Q1/2P4R/P4PP1/1R4K1 b - - 0 30,60,?,f7f5,-578,10,g6b1,0.0451,0.0212,0.0061,0.0032,g6b1,g6b1,g6b1,g6b1,10.0,0.0451,-0.0419,False
5rk1/p4pp1/4p1q1/n2pP1B1/7Q/2P4R/P4PPK/8 b - - 3 32,64,?,f7f5,-634,5,f7f6,0.186,0.2311,0.3411,0.4672,f7f6,f7f6,f7f6,f7f5,0.0,0.4672,0.2812,False
5rk1/p7/4ppq1/n2pP3/7Q/2P3R1/P4PPK/8 b - - 1 34,68,?,g8f7,-534,2,g6g3,0.0734,0.0551,0.0573,0.0534,g6g3,g6g3,g6g3,g6g3,11.0,0.0734,-0.02,False
r2qkb1r/1b1pnppp/p1n1p3/1pp5/4P3/2P2N2/PPBPQPPP/RNB2RK1 b kq - 3 8,16,?,e7g6,-31,8,d7d5,0.2589,0.379,0.4846,0.4413,g7g6,e7g6,e7g6,e7g6,0.0,0.4846,0.1824,False
r2qkb1r/1b2nppp/p1n1p3/2pp4/Pp2P3/2PP1N2/1PB1QPPP/RNB2RK1 b kq - 0 10,20,?,e7g6,3,49,e7g6,0.1005,0.1019,0.1251,0.2483,a6a5,a6a5,a6a5,a6a5,49.0,0.2483,0.1478,False
r2qk2r/1b2bppp/p1n1p1n1/2pp4/Pp2P3/1NPP1N2/1PB1QPPP/R1B2RK1 b kq - 4 12,24,?,a6a5,-7,10,a6a5,0.1392,0.1928,0.2146,0.1742,e8g8,e8g8,e8g8,e8g8,62.0,0.2146,0.035,False
r2qk2r/1b2bppp/2n1p1n1/p1pp4/P3P3/1NPPBN2/2B1QPPP/R4RK1 b kq - 0 14,28,?,d5e4,1,108,d5e4,0.1201,0.14,0.1389,0.1051,d5d4,d5d4,d5d4,d5d4,108.0,0.14,-0.015,False
r2qk2r/1b2bppp/2n1p1n1/p1p5/P7/1NPBB3/3NQPPP/R4RK1 b kq - 0 16,32,?,e8g8,13,31,e8g8,0.2045,0.2052,0.1934,0.1767,c6e5,c6e5,c6e5,c6e5,128.0,0.2052,-0.0278,False
r2q1rk1/1b2bpp1/2n1p1p1/p1N5/P7/2P1B3/3NQPPP/R4RK1 b - - 0 18,36,?,e7c5,13,20,e7c5,0.638,0.677,0.6823,0.6498,e7c5,e7c5,e7c5,e7c5,0.0,0.6823,0.0118,False
r2qr1k1/1b3pp1/2n1p1p1/p1B5/P7/2P5/3NQPPP/R2R2K1 b - - 2 20,40,?,c6e7,23,6,c6e7,0.0531,0.0358,0.0197,0.0092,b7a6,d8g5,d8g5,d8g5,89.0,0.0531,-0.0439,False
r1q1r1k1/1b2Bpp1/4p1p1/p3Q3/P7/2P5/3N1PPP/R2R2K1 b - - 0 22,44,?,e8e7,25,5,e8e7,0.9629,0.9779,0.9843,0.9822,e8e7,e8e7,e8e7,e8e7,0.0,0.9843,0.0193,False
r5k1/1bQ1rpp1/4p1p1/p7/P3N3/2P5/5PPP/R2R2K1 b - - 0 24,48,?,e7c7,32,723,e7c7,0.9983,0.9996,0.9998,0.9999,e7c7,e7c7,e7c7,e7c7,0.0,0.9999,0.0016,False
r5k1/2r2pp1/3Np1p1/p2b4/P1P5/8/5PPP/R2R2K1 b - - 0 26,52,?,d5c4,25,33,d5c4,0.9104,0.9287,0.941,0.9373,d5c4,d5c4,d5c4,d5c4,0.0,0.941,0.0269,False
r5k1/5pp1/2rNp1p1/p7/P1R5/8/5PPP/R5K1 b - - 0 28,56,?,c6d6,22,470,c6d6,0.7961,0.8156,0.8113,0.8092,c6d6,c6d6,c6d6,c6d6,0.0,0.8156,0.0131,False
r5k1/5pp1/3rp3/p5p1/P1R5/6P1/5PKP/R7 b - - 1 30,60,?,a8a7,32,19,a8a7,0.0022,0.0038,0.0091,0.0186,f7f5,f7f5,a8d8,a8d8,32.0,0.0186,0.0164,False
6k1/r2r1pp1/4p3/p5p1/P1R5/6P1/5PKP/4R3 b - - 5 32,64,?,d7d5,31,1,d7d5,0.1016,0.1038,0.1035,0.0912,g8h7,g8h7,g7g6,g7g6,31.0,0.1038,-0.0104,False
6k1/r4pp1/4p3/p1R3p1/P7/6P1/3r1PKP/1R6 b - - 9 34,68,?,f7f6,25,17,f7f6,0.164,0.1553,0.155,0.1648,d2a2,d2a2,d2a2,d2a2,13.0,0.1648,0.0008,False
r1bq1rk1/pppn1ppp/3ppn2/8/2PP4/P4NP1/1P1BPPBP/R2QK2R b KQ - 2 8,16,?,a8b8,-53,10,e6e5,0.0659,0.1834,0.3208,0.2406,e6e5,a8b8,a8b8,e6e5,6.0,0.3208,0.1747,False
r1bq1rk1/pppn1ppp/3p1n2/6N1/2PPp3/P5P1/1P1BPPBP/R2Q1RK1 b - - 1 10,20,?,f8e8,-10,15,f8e8,0.1892,0.3109,0.4158,0.6351,h7h6,f8e8,f8e8,f8e8,0.0,0.6351,0.4459,False
r1b1r1k1/pppnqppp/3p1n2/6N1/2PPp3/P4PP1/1PQBP1BP/R4RK1 b - - 0 12,24,?,e4e3,-12,49,c7c5,0.3533,0.4058,0.4844,0.6019,e4e3,e4e3,e4e3,e4e3,0.0,0.6019,0.2486,False
r1b1r1k1/pp1nqpp1/3p1n1p/2p5/2PPN3/P1B2PP1/1PQ1P1BP/R4RK1 b - - 0 14,28,?,f6e4,-84,2,f6e4,0.4105,0.4894,0.5648,0.663,f6e4,f6e4,f6e4,f6e4,0.0,0.663,0.2525,False
r1b1r1k1/pp1nqpp1/3p3p/8/2PBP3/P5P1/1PQ1P1BP/R4RK1 b - - 0 16,32,?,d7e5,-80,6,d7c5,0.253,0.3687,0.492,0.5817,d7e5,d7e5,d7e5,d7e5,0.0,0.5817,0.3287,False
r1b1r1k1/pp2qpp1/3pn2p/8/2P1PR2/P1B3P1/1PQ1P1BP/R5K1 b - - 4 18,36,?,e6f4,98,152,e6f4,0.9131,0.9173,0.9262,0.9403,e6f4,e6f4,e6f4,e6f4,0.0,0.9403,0.0272,False
r3r1k1/pp1bqpp1/3p3p/5P2/2P1P3/P1B5/1PQ1P1BP/R5K1 b - - 0 20,40,?,d7c6,240,124,f7f6,0.5005,0.6373,0.7167,0.7512,d7c6,d7c6,d7c6,d7c6,0.0,0.7512,0.2507,False
r3r1k1/pp2q1p1/2bp1p1p/5P2/2PRP3/P1B5/1PQ1P1BP/6K1 b - - 3 22,44,?,a7a5,6,6,a7a5,0.0301,0.0315,0.0279,0.0373,a8d8,a8d8,a8d8,a8d8,11.0,0.0373,0.0072,False
r3r1k1/1p3qp1/2bp1p1p/B4P2/2PRP3/P7/1P1QP1BP/6K1 b - - 0 24,48,?,b7b5,-56,13,e8e5,0.033,0.0222,0.0153,0.0112,f7h5,f7h5,f7h5,f7h5,55.0,0.033,-0.0218,False
4r1k1/1p3qp1/2bB1p1p/4rP2/2PRP3/P7/1P1QP1BP/6K1 b - - 0 26,52,?,e5e4,-45,104,e5e4,0.2538,0.2887,0.3277,0.3492,c6e4,c6e4,e5e4,e5e4,0.0,0.3492,0.0954,False
4r1k1/1p3qp1/5p1p/5P2/2PRb3/P5B1/1P1QP2P/6K1 b - - 1 28,56,?,e4f5,-23,13,g8h7,0.7809,0.7981,0.7771,0.7178,e4f5,e4f5,e4f5,e4f5,0.0,0.7981,-0.0631,False
4r3/1p3qpk/2b2p1p/5P2/2PR1Q2/P5B1/1P2PK1P/8 b - - 5 30,60,?,f7e7,0,66,f7e7,0.258,0.3202,0.416,0.4787,f7h5,f7h5,f7e7,f7e7,0.0,0.4787,0.2207,False
4r3/1p4pk/2b2p1p/2q2P2/2PR4/P2Q2B1/1P2PK1P/8 b - - 9 32,64,?,c6e4,17,59,e8e4,0.1908,0.2518,0.3317,0.3665,c6e4,c6e4,c6e4,c6e4,0.0,0.3665,0.1757,False
8/1p4pk/2b2p1p/5q2/2PRr3/P2QP1B1/1P5P/4K3 b - - 1 34,68,?,h7g6,-49,1,f5g4,0.077,0.0819,0.0839,0.0963,f5f3,f5f3,f5f3,f5f3,16.0,0.0963,0.0193,False
r1bq1rk1/pp2ppbp/2n2np1/2pp4/4P3/2PP1N2/PPQNBPPP/R1B2RK1 b - - 3 8,16,?,e7e5,59,23,e7e5,0.1343,0.1669,0.2661,0.4811,d5e4,d5e4,e7e5,e7e5,0.0,0.4811,0.3468,False
r1bq1rk1/pp3pbp/2n2np1/2p1p3/2PpP3/3P1N2/PPQNBPPP/R1B1R1K1 b - - 0 10,20,?,a7a5,133,6,f6h5,0.0407,0.0464,0.0466,0.04,c8g4,c6b4,c6b4,h7h6,17.0,0.0466,-0.0007,False
r1bq1rk1/1p3pbp/p1n3p1/2p1p2n/2PpP3/P2P1NP1/1PQNBP1P/R1B1R1K1 b - - 0 12,24,?,a6a5,118,34,d8e7,0.0075,0.0044,0.0038,0.0128,f7f5,f7f5,f7f5,c8h3,84.0,0.0128,0.0053,False
r4rk1/1p2qpbp/p1n1b1p1/2p1p2n/1PPpP3/P2P1NP1/2QNBP1P/1RB1R1K1 b - - 0 14,28,?,c5b4,67,11,c5b4,0.3796,0.4494,0.5914,0.7394,c5b4,c5b4,c5b4,c5b4,0.0,0.7394,0.3598,False
r4rk1/1p2qpbp/p3b1p1/4p2n/1nPpP3/1Q1P1NP1/3NBP1P/1RB1R1K1 b - - 1 16,32,?,a6a5,25,162,a6a5,0.6743,0.7555,0.8015,0.7907,a6a5,a6a5,a6a5,a6a5,0.0,0.8015,0.1164,False
r4rk1/4qpbp/4b1p1/pp2p2n/1BPpP3/1Q1P1NP1/3NBP1P/1R2R1K1 b - - 0 18,36,?,a5b4,-50,47,a5b4,0.9327,0.943,0.9575,0.9611,a5b4,a5b4,a5b4,a5b4,0.0,0.9611,0.0284,False
r4rk1/5pbp/4b1p1/1p2p2n/1RPpP3/3P1NP1/3NBP1P/4R1K1 b - - 0 20,40,?,b5c4,-47,18,b5c4,0.7302,0.8193,0.8656,0.8466,b5c4,b5c4,b5c4,b5c4,0.0,0.8656,0.1164,False
r4rk1/5pbp/6p1/4p2n/2RpP3/3P1NP1/4BP1P/4R1K1 b - - 0 22,44,?,f8b8,-51,26,f8c8,0.0165,0.0216,0.0377,0.0614,h5f6,h5f6,f7f5,f8c8,28.0,0.0614,0.0449,False
r5k1/5pbp/6p1/4p2n/2RpP3/3P1NP1/4BP1P/6K1 b - - 0 24,48,?,f7f6,-51,20,a8e8,0.0387,0.059,0.0851,0.106,a8a1,a8a1,a8a1,a8a1,12.0,0.106,0.0673,False
4r1k1/5p1p/2R2bp1/4p2n/3pP3/3P1NP1/4BP1P/6K1 b - - 4 26,52,?,e8b8,-118,7,f6h8,0.0583,0.0571,0.0635,0.0843,g8g7,g8g7,g8g7,g8g7,31.0,0.0843,0.026,False
4r1kb/5pnp/2R3p1/4p3/3pP3/1B1P1NP1/5P1P/6K1 b - - 8 28,56,?,g7e6,-228,54,h7h6,0.6334,0.6592,0.637,0.6006,g7e6,g7e6,g7e6,g7e6,0.0,0.6592,-0.0328,False
1r4kb/5pn1/6Rp/4p3/2BpP3/3P1NP1/5P1P/6K1 b - - 2 30,60,?,b8e8,-466,10,g8f8,0.035,0.0379,0.037,0.0368,b8b1,b8b1,b8b1,g8f8,75.0,0.0379,0.0018,False
r2qkbnr/pp1nppp1/2p3bp/7P/3P4/5NN1/PPP2PP1/R1BQKB1R b KQkq - 0 8,16,?,g6h7,-41,177,g6h7,0.9959,0.9989,0.9995,0.9998,g6h7,g6h7,g6h7,g6h7,0.0,0.9998,0.0039,False
r2qkbnr/pp1nppp1/2p4p/7P/3P4/3Q1NN1/PPP2PP1/R1B1K2R b KQkq - 0 10,20,?,e7e6,-50,6,g8f6,0.5199,0.5676,0.6157,0.6594,e7e6,e7e6,e7e6,e7e6,0.0,0.6594,0.1395,False
r2qkb1r/pp1n1pp1/2p1pn1p/7P/3P4/3Q1NN1/PPPB1PP1/2KR3R b kq - 1 12,24,?,f8e7,-47,12,f8e7,0.1649,0.2222,0.2869,0.3161,f8d6,f8d6,f8d6,f8d6,29.0,0.3161,0.1512,False
r2q1rk1/pp1nbpp1/2p1pn1p/7P/3PN3/3Q1N2/PPPB1PP1/1K1R3R b - - 5 14,28,?,c6c5,-45,10,f6e4,0.1126,0.0939,0.0777,0.0674,f6e4,f6e4,f6e4,f6e4,9.0,0.1126,-0.0452,False
r2q1rk1/pp2bpp1/2p1pn1p/7P/3P4/4QN2/PPPB1PP1/1K1R3R b - - 2 16,32,?,d8d5,-17,11,d8d5,0.1125,0.1444,0.1882,0.251,f6g4,f6g4,f6d5,f6d5,137.0,0.251,0.1385,False
r4rk1/pp2bpp1/2p1pn1p/4N2P/3Pq3/6Q1/PPPB1PP1/1K1R3R b - - 6 18,36,?,g8h8,-178,1,e4f5,0.033,0.1017,0.209,0.3072,e4d4,e4d4,g8h7,g8h7,38.0,0.3072,0.2742,False
3r1rk1/pp2bpp1/2p1pn1p/4Nq1P/3P4/4BPQ1/PPP3P1/1K1R3R b - - 2 20,40,?,f5h7,-151,30,f6d5,0.0136,0.0166,0.0137,0.0087,f6h5,f6h5,f6h5,g8h7,87.0,0.0166,-0.0049,False
3r1rk1/pp3pp1/2p1pb1B/3n1q1P/3P2N1/5PQ1/PPP3P1/1K1R3R b - - 2 22,44,?,f6g5,-243,4,g8h7,0.0817,0.0959,0.1062,0.1057,g7h6,g7h6,d5b4,d5b4,124.0,0.1062,0.024,False
3r1r2/pp3ppk/2p1p3/3nNqbP/3P4/5PQ1/PPP3P1/1KBR3R b - - 6 24,48,?,g5c1,-203,38,g5c1,0.5876,0.6837,0.75,0.776,g5c1,g5c1,g5c1,g5c1,0.0,0.776,0.1884,False
3r1r2/pp3ppk/2p1p3/4Nq1P/3P1P2/4n1Q1/PPP3P1/1KR4R b - - 0 26,52,?,e3d5,-242,60,f5e4,0.4649,0.5775,0.6458,0.6424,e3d5,e3d5,e3d5,e3d5,0.0,0.6458,0.1775,False
3r1r2/pp3ppk/2p1p3/4Nn1P/3PqP2/7Q/PPP3P1/1KR1R3 b - - 4 28,56,?,e4f4,-189,166,e4f4,0.5245,0.6003,0.6366,0.6595,e4f4,e4f4,e4f4,e4f4,0.0,0.6595,0.135,False
3r1r2/pp3ppk/2p1p3/4N2P/3n1qP1/P6Q/1PP5/1KR1R3 b - - 0 30,60,?,d8d5,45,12,d8d5,0.4033,0.468,0.5324,0.5893,d8d5,d8d5,d8d5,d8d5,0.0,0.5893,0.186,False
5r2/pp3ppk/2p1p3/3r2qP/3nR1P1/P2N3Q/1PP5/1KR5 b - - 4 32,64,?,f7f5,71,34,f7f5,0.2204,0.2068,0.1752,0.1558,f7f5,f8d8,f8d8,f8d8,48.0,0.2204,-0.0646,False
5r2/pp4pk/2p1R3/3r2qP/3n2p1/P2N4/1PP3Q1/1KR5 b - - 1 34,68,?,d4e6,518,401,g5f5,0.9369,0.9557,0.9638,0.9636,d4e6,d4e6,d4e6,d4e6,0.0,0.9638,0.0267,False
r1bqk2r/pp3pbp/2n1pnp1/2pp4/P3P3/3P1NP1/1PPN1PBP/R1BQ1RK1 b kq - 0 8,16,?,e8g8,-12,5,b7b6,0.4862,0.4408,0.4837,0.775,e8g8,e8g8,e8g8,e8g8,0.0,0.775,0.2888,False
r2qk2r/pb3pbp/1pn1pnp1/2pp4/P3P3/2PP1NP1/1P1N1PBP/R1BQR1K1 b kq - 0 10,20,?,e8g8,-40,2,h7h6,0.4338,0.3228,0.2246,0.4344,e8g8,d5e4,d5e4,d5e4,56.0,0.4344,0.0006,False
r3k2r/pbq2pb1/1pn1pnpp/2pp4/P3P3/2PP1NPP/1PQN1PB1/R1B1R1K1 b kq - 2 12,24,?,a8c8,23,5,e8c8,0.0025,0.0032,0.0066,0.0162,e8g8,d5e4,d5e4,e8g8,9.0,0.0162,0.0137,False
2kr3r/pbq2pb1/1p2pnpp/n1pP4/8/2PP1NPP/1PQN1PB1/R1B1R1K1 b - - 0 14,28,?,f6d5,57,140,f6d5,0.3513,0.4718,0.5767,0.6193,f6d5,f6d5,f6d5,f6d5,0.0,0.6193,0.268,False
2kr3r/pbq2pb1/1pn1p1pp/2pn4/8/N1PP1NPP/1PQ2PB1/R1B1R1K1 b - - 3 16,32,?,a7a6,118,40,a7a6,0.1926,0.305,0.4435,0.4917,a7a6,a7a6,a7a6,a7a6,0.0,0.4917,0.2991,False
2kr3r/1bq2pb1/p1n1p1pp/1ppn4/8/2PPNNPP/1PQ2PB1/R1B1R1K1 b - - 1 18,36,?,d5b6,83,12,c6e7,0.0278,0.034,0.0392,0.0623,d5e3,d5e3,d5e3,d5e3,112.0,0.0623,0.0345,False
2kr3r/1bq2pb1/p1n1p1pp/1ppn4/8/2PPNNPP/1PQ2PB1/R1B1R1K1 b - - 5 20,40,?,d5b6,89,20,c6e7,0.0278,0.034,0.0392,0.0623,d5e3,d5e3,d5e3,d5e3,128.0,0.0623,0.0345,False
2kr3r/1bq1npb1/p3p1p1/1ppnN2p/8/2PP1NPP/1PQ2PB1/R1B1R1K1 b - - 1 22,44,?,e7c6,20,19,e7c6,0.0444,0.0645,0.0941,0.1288,g7e5,g7e5,g7e5,g7e5,37.0,0.1288,0.0844,False
2kr3r/1b3pb1/p1q1p1p1/1ppn3p/8/2PP1NPP/1P2QPB1/R1B1R1K1 b - - 1 24,48,?,h8e8,26,6,h8e8,0.1275,0.1237,0.1333,0.1771,h8e8,h8e8,h8e8,h8e8,0.0,0.1771,0.0496,False
2krr3/1bq2pb1/p3p1p1/1ppnN2p/3P4/2P3PP/1P2QPB1/R1B1R1K1 b - - 0 26,52,?,c5c4,76,22,c8b8,0.1824,0.1842,0.1854,0.1476,c5d4,c5d4,c5d4,c5d4,77.0,0.1854,-0.0348,False
1k1rr3/1bq2p2/p3p1p1/1ppnP2p/8/2P3PP/1P1BQPB1/R3R1K1 b - - 0 28,56,?,d5b6,56,8,c5c4,0.214,0.233,0.252,0.2935,c5c4,c5c4,d5e7,d5e7,47.0,0.2935,0.0795,False
1k2r3/1bqr1p2/p3p1p1/1p1nP1Bp/2p5/2P3PP/1P2QPB1/R2R2K1 b - - 3 30,60,?,d5b6,48,5,d5b6,0.1434,0.1503,0.1564,0.1588,d5e7,d5e7,d5e7,d5e7,67.0,0.1588,0.0154,False
1k2r3/1b1q1p2/pn2p1p1/1p2P1Bp/2p5/2P3PP/1P2QPB1/3R2K1 b - - 1 32,64,?,b6d5,52,2,d7c7,0.1017,0.0909,0.0841,0.0749,d7c7,d7c7,d7c7,d7c7,21.0,0.1017,-0.0268,False
1k2r3/2q2p2/pn1Rp1p1/1p2P1Bp/2p5/2P3PP/1P2QPK1/8 b - - 0 34,68,?,b6c8,30,7,b8b7,0.1822,0.1566,0.1344,0.1292,b6d5,b8b7,b8b7,b8b7,3.0,0.1822,-0.053,False
r3k2r/pppbqppp/2np1n2/1Bb1p3/4P3/2PP1N1P/PP2QPP1/RNB2RK1 b kq - 0 8,16,?,a7a6,-9,13,a7a6,0.3054,0.3563,0.3071,0.2288,e8c8,e8c8,e8c8,h7h6,12.0,0.3563,-0.0766,False
r4rk1/1ppbqppp/p1np1n2/2b1p3/B3P3/2PP1N1P/PP1NQPP1/R1B2RK1 b - - 3 10,20,?,f6h5,-13,9,h7h6,0.033,0.0485,0.0637,0.0674,b7b5,b7b5,b7b5,b7b5,27.0,0.0674,0.0344,False
r4rk1/bppbqpp1/p1np1n1p/4p3/4P3/2PP1N1P/PPBNQPP1/R1B1R1K1 b - - 3 12,24,?,f6h5,2,41,g8h8,0.0842,0.135,0.1623,0.1752,f8e8,f8e8,f6h7,f6h7,39.0,0.1752,0.091,False
r4r1k/bppbqpp1/p1np3p/4p2n/4P1P1/2PP1N1P/PPB1QP2/R1B1RNK1 b - - 0 14,28,?,h5f6,-81,29,h5f4,0.1762,0.1358,0.139,0.1421,h5f4,h5f4,h5f4,h5f4,53.0,0.1762,-0.0341,False
r4r1k/bppbqpp1/p1np3p/8/3PPpP1/2P2N1P/PPB1QP2/R3RNK1 b - - 0 16,32,?,f8e8,-131,5,a8e8,0.0853,0.0942,0.0838,0.0638,g7g5,a8e8,a8e8,a8e8,6.0,0.0942,-0.0215,False
4rr1k/bppbqp2/p1np3p/6p1/3PPpP1/2P2N1P/PPBQ1P1N/R3R1K1 b - - 1 18,36,?,f7f6,-75,7,f7f6,0.197,0.2553,0.2841,0.2447,f7f6,f7f6,f7f6,f7f6,0.0,0.2841,0.0477,False
4rr1k/bppbq3/p1np1p2/6pp/3PPpP1/2PQ1N1P/PPB2PKN/R3R3 b - - 1 20,40,?,e7h7,-52,7,e7g7,0.0613,0.0719,0.073,0.078,h5g4,h5g4,h5g4,h5g4,20.0,0.078,0.0167,False
4rr1k/bppb2q1/p1np1p2/6p1/3PPpPp/2PQ1N1P/PPB2PKN/R3R3 b - - 1 22,44,?,e8e7,-97,29,e8e7,0.0999,0.1545,0.2439,0.2882,b7b5,c6e7,c6e7,e8e7,0.0,0.2882,0.1883,False
4r2k/bppbr1q1/p1np1p2/6p1/3PPpPp/2PQ1N1P/PPBN1PK1/R3R3 b - - 5 24,48,?,a7b8,-156,0,c6d8,0.0161,0.017,0.0164,0.0191,b7b5,b7b5,c6d8,c6d8,8.0,0.0191,0.003,False
4r2k/bppbrnq1/p2p1p2/6p1/PP1PPpPp/2PQ1N1P/2BN1PK1/R3R3 b - - 0 26,52,?,c7c6,-137,50,c7c6,0.0334,0.0301,0.0293,0.0324,f7h6,f7h6,f7h6,f7h6,44.0,0.0334,-0.001,False
4r2k/bp2rnq1/p1ppbp2/P5p1/1PPPPpPp/3Q1N1P/2BN1PK1/R3R3 b - - 0 28,56,?,f7h6,-178,5,h8g8,0.5192,0.5433,0.5665,0.5761,f7h6,f7h6,f7h6,f7h6,0.0,0.5761,0.0569,False
4r1kn/bp2r1q1/p1ppbp2/P1P3p1/1P1PPpPp/1B1Q1N1P/3N1PK1/R3R3 b - - 0 30,60,?,h8f7,-266,31,a7b8,0.1284,0.0825,0.068,0.0745,d6d5,e6b3,d6d5,d6d5,84.0,0.1284,-0.0539,False
1b2r1kn/1p4q1/p1pprp2/P1PP2p1/1P2PpPp/3Q1N1P/3N1PK1/R3R3 b - - 0 32,64,?,c6d5,-300,79,c6d5,0.5438,0.6493,0.7301,0.7074,c6d5,c6d5,c6d5,c6d5,0.0,0.7301,0.1636,False
1b2r1kn/1p4q1/p3rp2/P1PQ2p1/4PpPp/5N1P/3N1PK1/R3R3 b - - 0 34,68,?,g7f7,-275,37,h8g6,0.062,0.0668,0.0676,0.0683,h8f7,h8f7,h8f7,h8f7,106.0,0.0683,0.0063,False
r1bqk2r/ppppbppp/3n4/4R3/8/8/PPPP1PPP/RNBQ1BK1 b kq - 0 8,16,?,e8g8,-38,21,e8g8,0.6963,0.8671,0.9342,0.9681,e8g8,e8g8,e8g8,e8g8,0.0,0.9681,0.2718,False
r1bq1rk1/pppp1ppp/3n1b2/8/3P4/8/PPP2PPP/RNBQRBK1 b - - 2 10,20,?,d6f5,-49,0,f8e8,0.3972,0.4484,0.524,0.5075,d6f5,d6f5,d6f5,d6f5,0.0,0.524,0.1103,False
r1bq2k1/pppp1ppp/3n1b2/8/3P1B2/8/PPP2PPP/RN2QBK1 b - - 0 12,24,?,d6e8,-39,1,d6e8,0.1478,0.292,0.5429,0.7628,f6d4,f6d4,d6e8,d6e8,0.0,0.7628,0.615,False
r1bqn1k1/ppp2ppp/5b2/3p4/3P1B2/2P5/PP1N1PPP/R3QBK1 b - - 1 14,28,?,c7c6,-38,2,c8f5,0.0831,0.1224,0.1624,0.1395,c8f5,c8f5,c8f5,c8f5,-5.0,0.1624,0.0564,False
r2q2k1/ppp2ppp/3n1b2/2Np1b2/3P1B2/2P5/PP3PPP/R3QBK1 b - - 5 16,32,?,b7b6,-29,5,b7b6,0.5274,0.6515,0.7118,0.7425,b7b6,b7b6,b7b6,b7b6,0.0,0.7425,0.2151,False
r2q2k1/p1p2pp1/1p1n1b1p/3p1b2/3P1B2/2PNQ3/PP3PPP/R4BK1 b - - 1 18,36,?,d8d7,-30,4,d6c4,0.0593,0.0855,0.1532,0.3344,d6c4,d6c4,d6c4,d6c4,-1.0,0.3344,0.2751,False
r2q2k1/p1p2pp1/1p3b1p/3p4/2nPbB2/2PN2Q1/PP3PPP/R4BK1 b - - 5 20,40,?,e4d3,-21,4,e4d3,0.1585,0.1401,0.1038,0.0715,e4d3,g7g5,g7g5,a8c8,25.0,0.1585,-0.087,False
r2q2k1/p1p2pp1/1p3b1p/1B1p4/3P1B2/2P3Q1/Pn3PPP/R5K1 b - - 1 22,44,?,d8e7,-18,27,d8e7,0.0591,0.0513,0.0485,0.0429,a8c8,a8c8,a8c8,a8c8,123.0,0.0591,-0.0162,False
r5k1/p1p2pp1/1p3b1p/1B1p4/3PqB2/2P3Q1/Pn3PPP/4RK2 b - - 5 24,48,?,e4c2,-13,26,e4c2,0.5927,0.544,0.4896,0.4813,e4c2,e4c2,e4c2,e4c2,0.0,0.5927,-0.1114,False
5rk1/p1p2pp1/1p3b1p/3B4/3P1B2/2P3Q1/Pnq2PPP/4RK2 b - - 0 26,52,?,c7c5,-13,2,c2d3,0.0117,0.0135,0.0139,0.0188,b2d3,b2d3,b2d3,b2d3,440.0,0.0188,0.0071,True
5rk1/p1p2pp1/1p3b1p/3B4/3P1B2/2P3Q1/Pn3PPP/1q2RK2 b - - 4 28,56,?,b1d3,-17,27,b1d3,0.4517,0.477,0.4782,0.466,b1d3,b1d3,b1d3,b1d3,0.0,0.4782,0.0143,False
5rk1/p1p2pp1/1p3b1p/3B4/3P1B2/2P3Q1/Pn3PPP/3qRK2 b - - 8 30,60,?,d1d3,-18,40,d1d3,0.3594,0.36,0.3471,0.3144,d1d3,d1d3,d1d3,d1c2,105.0,0.36,-0.045,False
r1bq1rk1/ppp1bppp/2n1pn2/2Pp4/3P4/P1N1P1P1/1P1B1P1P/R2QKBNR b KQ - 0 8,16,?,e6e5,133,86,e6e5,0.2679,0.2436,0.2256,0.3378,b7b6,b7b6,b7b6,b7b6,89.0,0.3378,0.0699,False
r1bq1rk1/ppp1bppp/5n2/2Ppn3/1P6/P1N1P1P1/3B1P1P/R2QKBNR b KQ - 0 10,20,?,a7a5,296,61,c8g4,0.0113,0.013,0.0145,0.0342,c8g4,c8g4,c8g4,d5d4,87.0,0.0342,0.0229,False
r2q1rk1/ppp1bppp/5n2/1NPpnb2/1P6/P3PPP1/3B3P/R2QKBNR b KQ - 2 12,24,?,f6e4,162,8,e5d3,0.0013,0.0009,0.0009,0.0008,c7c6,c7c6,c7c6,c7c6,28.0,0.0013,-0.0005,False
r2q1rk1/ppp1bppp/5n2/2Pp4/1P1N4/P2bPPP1/3B3P/R2QK1NR b KQ - 1 14,28,?,f6d7,80,7,d3c4,0.0339,0.0381,0.0479,0.0621,b7b6,b7b6,c7c6,c7c6,30.0,0.0621,0.0282,False
r2q1rk1/p1p1bppp/1pN2n2/2Pp4/1Pb5/P3PPP1/3BN2P/R2QK2R b KQ - 1 16,32,?,d8d7,65,9,d8e8,0.7964,0.7872,0.7497,0.7251,d8d7,d8d7,d8d7,d8d7,0.0,0.7964,-0.0713,False
r4rk1/p1p1qppp/1P3n2/3p4/1Pb5/P3PPP1/3BN2P/R2QK2R b KQ - 0 18,36,?,a7b6,115,62,a7b6,0.7341,0.76,0.7892,0.8402,a7b6,a7b6,a7b6,a7b6,0.0,0.8402,0.1061,False
r4rk1/2pnqppp/1p6/3p4/1Pb5/P1B1PPP1/4NK1P/R2Q3R b - - 3 20,40,?,f7f6,143,12,f8e8,0.0138,0.0123,0.0095,0.0078,d7e5,f8e8,f8e8,f8e8,2.0,0.0138,-0.006,False
r3r1k1/2pnq1pp/1p3p2/3p4/1PbQ4/P1B1PPP1/4NK1P/R3R3 b - - 1 22,44,?,c7c5,183,1,d7e5,0.5248,0.518,0.5434,0.6044,c7c5,c7c5,c7c5,c7c5,0.0,0.6044,0.0796,False
r3r1k1/4q1pp/1p3p2/2Ppn3/2bQ1N2/P1B1PPP1/5K1P/R3R3 b - - 0 24,48,?,b6c5,194,166,b6c5,0.9702,0.9796,0.9841,0.9825,b6c5,b6c5,b6c5,b6c5,0.0,0.9841,0.0123,False
3rr1k1/4q1pp/5p2/B1ppn3/2b2N2/P3PPP1/3Q1K1P/R3R3 b - - 3 26,52,?,d8d6,220,7,d8d7,0.155,0.112,0.0821,0.0704,d8d7,d8d7,d8d7,d8d7,-19.0,0.155,-0.0846,False
4r1k1/3rq2p/5p2/B1ppn1p1/2b5/P3PPP1/3QN1KP/R3R3 b - - 1 28,56,?,d5d4,424,9,e5d3,0.1386,0.1142,0.1077,0.1093,g5g4,e5d3,e5d3,e5d3,2.0,0.1386,-0.0293,False
4r1k1/3rq2p/5p2/B1pp2p1/2b5/P1N1PPP1/3Q2KP/4R3 b - - 0 30,60,?,d5d4,414,27,d5d4,0.6265,0.589,0.5799,0.5472,d5d4,d5d4,d5d4,d5d4,0.0,0.6265,-0.0793,False
4r1k1/3rq2p/5p2/B1p3p1/2b5/P3QPP1/6KP/3NR3 b - - 0 32,64,?,e7e3,417,64,e7e3,0.5953,0.6809,0.704,0.6884,e7e3,e7e3,e7e3,e7e3,0.0,0.704,0.0931,False
4r1k1/3r1b1p/5p2/B1p3p1/8/P3NPP1/4R1KP/8 b - - 2 34,68,?,d7d3,419,9,d7d3,0.2482,0.3397,0.4194,0.5039,d7d3,d7d3,d7d3,d7d3,0.0,0.5039,0.2557,False
rnbq1rk1/3pppbp/p4np1/1PpP4/P7/2N1PN2/1P3PPP/R1BQKB1R b KQ - 2 8,16,?,c8b7,-64,24,e7e6,0.0506,0.0496,0.0491,0.0232,a6b5,a6b5,a6b5,d7d6,31.0,0.0506,-0.0274,False
rn1q1rk1/1b1p1pbp/p3pnp1/1PpP4/P1B1P3/2N2N2/1P3PPP/R1BQK2R b KQ - 2 10,20,?,e6d5,-51,8,a6b5,0.1649,0.1861,0.2107,0.2814,a6b5,a6b5,a6b5,a6b5,4.0,0.2814,0.1165,False
rn1q1rk1/1b1p1pbp/5np1/1BpP4/P7/2N2N2/1P3PPP/R1BQK2R b KQ - 0 12,24,?,d8e7,-47,15,d8e8,0.0614,0.0457,0.0295,0.0124,f8e8,f8e8,f8e8,f8e8,55.0,0.0614,-0.049,False
r3qrk1/1b1p1pbp/n4np1/2pP4/P7/2N2N2/1P2BPPP/R1BQ1RK1 b - - 4 14,28,?,f6d5,-34,68,a6b4,0.0422,0.02,0.008,0.003,a6b4,a6b4,a6b4,a6b4,64.0,0.0422,-0.0392,False
r3qrk1/1b1p1pbp/3P2p1/2p5/Pn2n3/2N1BN2/1P2BPPP/R2Q1RK1 b - - 2 16,32,?,g7c3,106,104,g7c3,0.0923,0.0869,0.0701,0.0478,e4c3,e4c3,e4c3,e4c3,110.0,0.0923,-0.0445,False
r3qrk1/1b1p1p1p/3P2p1/2p5/Pn6/2n1BN2/3QBPPP/R4RK1 b - - 1 18,36,?,c3e2,115,142,c3e2,0.4141,0.5666,0.734,0.8108,c3e2,c3e2,c3e2,c3e2,0.0,0.8108,0.3967,False
r3qrk1/3p1p1p/b2P2p1/2p5/Pn6/4BN2/1Q3PPP/R4RK1 b - - 2 20,40,?,a6f1,115,144,a6f1,0.9064,0.9507,0.9575,0.928,a6f1,a6f1,a6f1,a6f1,0.0,0.9575,0.0216,False
r3qBk1/3p3p/3P1pp1/2p5/Pn6/5N2/1Q3PPP/R4bK1 b - - 0 22,44,?,e8e2,107,44,e8f8,0.0098,0.0078,0.0065,0.006,e8f8,e8f8,e8f8,e8f8,49.0,0.0098,-0.0038,False
r5k1/3p3p/3q1pp1/2p5/Pn6/5N2/1Q3PPP/R5K1 b - - 1 24,48,?,g8g7,58,6,g8g7,0.0646,0.1134,0.1527,0.1653,b4d3,b4d3,b4d3,g8g7,0.0,0.1653,0.1007,False
r7/3p2kp/3q1pp1/2p5/P7/2Qn1N1P/5PP1/R5K1 b - - 2 26,52,?,d3f4,67,5,d6d5,0.2651,0.2592,0.2693,0.302,d3b4,d3b4,d3b4,d3b4,7.0,0.302,0.0369,False
r7/3p2kp/5pp1/P1pq4/5n2/4QN1P/5PP1/R5K1 b - - 2 28,56,?,f4e6,63,27,f4e6,0.4003,0.5449,0.6814,0.7238,f4e6,f4e6,f4e6,f4e6,0.0,0.7238,0.3235,False
8/r2p2kp/P3npp1/2pq4/8/4Q2P/3N1PP1/R5K1 b - - 2 30,60,?,d5c6,97,2,d5d6,0.11,0.1305,0.1435,0.1484,e6c7,d5d4,d5d4,d5d4,48.0,0.1484,0.0384,False
8/r2p2kp/P3npp1/2p5/3qN3/7P/5PP1/R3Q1K1 b - - 6 32,64,?,d4e5,132,109,c5c4,0.0344,0.0443,0.0495,0.0452,f6f5,e6c7,d7d5,d7d5,251.0,0.0495,0.0108,True
8/r2p2kp/P3npp1/2q5/2p5/2N4P/5PP1/RQ4K1 b - - 3 34,68,?,e6c7,129,87,c5e5,0.2287,0.2147,0.1842,0.144,e6d4,e6d4,e6d4,e6d4,129.0,0.2287,-0.0847,False
rnbqk2r/1p2bppp/p2ppn2/8/3NP1P1/1BN5/PPP2P1P/R1BQK2R b KQkq - 0 8,16,?,e8g8,-59,4,e8g8,0.4774,0.3109,0.2182,0.1768,e8g8,e8g8,h7h6,h7h6,33.0,0.4774,-0.3006,False
rnbq1rk1/1p1nbppp/p2pp3/6P1/3NP3/1BN5/PPP2P1P/R1BQK1R1 b Q - 2 10,20,?,d7c5,-55,2,d7c5,0.1048,0.152,0.2419,0.3168,g7g6,b8c6,d7c5,d7c5,0.0,0.3168,0.212,False
r1bq1rk1/1p2bppp/p1npp3/2n3PQ/3NP3/1BN1B3/PPP2P1P/R3K1R1 b Q - 6 12,24,?,g7g6,-41,6,d8e8,0.329,0.2597,0.1924,0.1439,g7g6,c5b3,c5b3,c5b3,9.0,0.329,-0.1851,False
r1b1qrk1/1p2bppp/p2pp3/2n3PQ/3BP3/1BN3R1/PPP2P1P/R3K3 b Q - 0 14,28,?,f7f5,-357,5,c5b3,0.0065,0.0086,0.011,0.0159,c5b3,c5b3,c5b3,c5b3,1629.0,0.0159,0.0094,True
r1b1qrk1/1p2bppp/p2p4/3Np1PQ/3BP3/1P4R1/1PP2P1P/R3K3 b Q - 1 16,32,?,e5d4,85,127,e5d4,0.872,0.8808,0.8764,0.8462,e5d4,e5d4,e5d4,e5d4,0.0,0.8808,-0.0258,False
r1b1qrk1/1p3ppp/p2p1P2/7Q/3pP3/1P4R1/1PP2P1P/R3K3 b Q - 0 18,36,?,e8e4,140,682,e8e4,0.6753,0.8246,0.8714,0.8582,e8e4,e8e4,e8e4,e8e4,0.0,0.8714,0.1829,False
r4rk1/1p1b1ppp/p2p1P1Q/8/3pq3/1P4R1/1PP2P1P/R4K2 b - - 3 20,40,?,e4h1,-285,1711,e4h1,0.3314,0.298,0.2861,0.252,d7b5,d7b5,d7b5,d7b5,1711.0,0.3314,-0.0794,False
r3r1k1/1p1b1ppp/p2p1P1Q/8/3p4/1P4R1/1PPK1P1P/R6q b - - 7 22,44,?,e8e2,-891,1092,e8e2,0.1692,0.2979,0.4091,0.4107,h1a1,e8e2,e8e2,e8e2,0.0,0.4107,0.2415,False
rn1qkb1r/pb3ppp/4pn2/1p1p4/P1pP4/1P2PN2/2P1BPPP/RNBQK2R b KQkq - 0 8,16,?,a7a6,11,94,a7a6,0.4639,0.4985,0.5227,0.488,a7a6,a7a6,a7a6,a7a6,0.0,0.5227,0.0241,False
r2qkb1r/1b1n1ppp/p3pn2/1p1p4/P1pP4/1PP1PN2/4BPPP/RNBQ1RK1 b kq - 2 10,20,?,b7c6,6,2,h7h6,0.0433,0.0443,0.0369,0.0197,f8d6,f8d6,f8d6,f8d6,9.0,0.0443,-0.0236,False
r2qk2r/1b1n1pp1/p2bpn1p/1p1p4/P1pP4/BPP1PN1P/4BPP1/RN1Q1RK1 b kq - 2 12,24,?,d6a3,-1,2,d6a3,0.4481,0.4152,0.4007,0.4047,d6a3,d6a3,d6a3,d6a3,0.0,0.4481,-0.0434,False
r2qk2r/3n1pp1/p1b1pn1p/1p1p4/P1pP4/NPP1P2P/3NBPP1/R2Q1RK1 b kq - 2 14,28,?,d7b6,3,4,e8g8,0.0704,0.0636,0.0466,0.0253,e8g8,e8g8,e8g8,e8g8,6.0,0.0704,-0.0451,False
r2q1rk1/3n1pp1/2b1pn1p/1p1p4/2pP4/1PP1P2P/2NNBPP1/R2Q1RK1 b - - 1 16,32,?,d8c7,1,0,d8c7,0.0477,0.095,0.2176,0.3088,a8a1,a8a1,d8c7,d8c7,0.0,0.3088,0.2611,False
5rk1/2qn1pp1/2b1pn1p/1p1p4/1NpP4/1PP1P2P/3NBPP1/Q4RK1 b - - 0 18,36,?,d7b6,-6,2,d7b6,0.0478,0.0438,0.0328,0.0207,f8a8,f8a8,f8a8,f8a8,3.0,0.0478,-0.0271,False
5rk1/2q2pp1/1nb1pn1p/1p1p4/1N1P4/1QP1P2P/3NBPP1/5RK1 b - - 0 20,40,?,b6c4,-2,13,b6c4,0.3502,0.4562,0.5389,0.5226,b6c4,b6c4,b6c4,b6c4,0.0,0.5389,0.1724,False
r5k1/2q2pp1/2b1pn1p/1p1p4/1NnP4/2PBP2P/2QN1PP1/5RK1 b - - 4 22,44,?,f6e8,0,0,c6b7,0.0028,0.0046,0.0063,0.0109,c4d2,c4d2,c6b7,c6b7,0.0,0.0109,0.0081,False
r5k1/1bqn1pp1/4p2p/1p1p4/1NnP4/1NP1P2P/2Q1BPP1/5RK1 b - - 8 24,48,?,c4a3,8,3,a8a4,0.2741,0.1931,0.1159,0.0746,c4a3,d7b6,d7b6,d7b6,0.0,0.2741,-0.1995,False
7k/1bqn1pp1/4p2p/1p1p4/rNnP4/1NP1P2P/4BPP1/2RQ2K1 b - - 12 26,52,?,c4d6,-10,2,c4d6,0.0159,0.0175,0.0157,0.0153,c4b2,d7b6,d7b6,d7b6,29.0,0.0175,-0.0006,False
6k1/1bqn1pp1/3np2p/1p1p4/rN1P2Q1/1NPBP2P/5PP1/2R3K1 b - - 16 28,56,?,a4a3,-3,12,a4a3,0.2228,0.1877,0.1434,0.1435,d7f6,d7f6,d7f6,d6c4,16.0,0.2228,-0.0793,False
6k1/1bqn1p2/3np1pp/1p1p4/1N1P4/rNPBP2P/5PP1/R2Q2K1 b - - 1 30,60,?,a3a4,-14,11,a3a4,0.0584,0.0475,0.0445,0.0493,a3a1,a3a1,a3a1,a3a1,9.0,0.0584,-0.0091,False
8/1bqn1pk1/3np1pp/1p1p4/rN1P4/1NP1P2P/4BPP1/R1Q3K1 b - - 5 32,64,?,h6h5,-15,4,b7c8,0.0044,0.0031,0.0022,0.0025,a4a1,a4a1,d7b6,d7b6,2.0,0.0044,-0.0019,False
2b5/2qn1pk1/4p1pp/1p1p4/rNnP4/1NP1P2P/4BPP1/R1Q3K1 b - - 9 34,68,?,c4d6,-17,2,h6h5,0.0138,0.0108,0.0076,0.0069,a4a1,a4a1,d7b6,d7b6,15.0,0.0138,-0.0069,False
r1bqkb1r/pp3ppp/2n2n2/3p4/3N4/6P1/PP2PPBP/RNBQ1RK1 b kq - 0 8,16,?,f8d6,-67,10,f8c5,0.0269,0.026,0.0249,0.0148,c6d4,f8c5,f8c5,f8c5,52.0,0.0269,-0.0121,False
r1bqk2r/p4ppp/2p2n2/2bp4/8/6P1/PPQ1PPBP/RNB2RK1 b kq - 1 10,20,?,d8b6,-122,14,d8b6,0.2233,0.3594,0.5475,0.6678,d8d6,d8d6,d8b6,d8b6,0.0,0.6678,0.4445,False
r1b1k2r/p4ppp/1qp2n2/3p4/1b6/4B1P1/P1Q1PPBP/RN3RK1 b kq - 1 12,24,?,b6a6,21,38,b6a6,0.0421,0.0384,0.0369,0.0442,c6c5,b6c7,b6c7,c6c5,111.0,0.0442,0.0021,True
r3k2r/p2b1ppp/q1p2n2/3p4/1b1B4/6P1/P1Q1PPBP/RNR3K1 b kq - 5 14,28,?,e8g8,30,11,b4e7,0.3227,0.2016,0.1078,0.0613,e8g8,b4e7,b4e7,b4e7,20.0,0.3227,-0.2614,False
r4rk1/p2bbppp/q1p2n2/3p4/3BP3/6P1/P1QN1PBP/R1R3K1 b - - 0 16,32,?,c6c5,43,29,d5e4,0.024,0.0162,0.0122,0.0128,d5e4,d5e4,d5e4,d5e4,76.0,0.024,-0.0112,False
r4rk1/p2bbppp/q1p5/8/3BQ3/6P1/P4PBP/R1R3K1 b - - 0 18,36,?,f8e8,0,11,f8e8,0.445,0.4853,0.4105,0.3433,f8e8,f8e8,f8e8,f8e8,0.0,0.4853,-0.1017,False
2r1r1k1/p2bbppp/q1p5/8/3B4/6P1/P1Q2PBP/1RR3K1 b - - 4 20,40,?,e7a3,48,25,c6c5,0.1344,0.1091,0.0875,0.0706,c6c5,c6c5,c6c5,c6c5,55.0,0.1344,-0.0638,False
2r1r1k1/p3bppp/q1b5/2p5/8/6P1/P1Q2P1P/BRR2BK1 b - - 3 22,44,?,a6a3,35,35,a6a5,0.0559,0.0584,0.062,0.0708,a6a4,a6a4,a6a4,a6a4,35.0,0.0708,0.0149,False
2r1r1k1/p1q1bppp/2b5/2p5/8/2B3P1/PQ3P1P/1RR2BK1 b - - 7 24,48,?,c6e4,137,4,e7f8,0.0355,0.026,0.0198,0.0142,f7f6,f7f6,f7f6,e7f8,-2.0,0.0355,-0.0213,False
2r2bk1/p1q2ppp/2b5/2p5/8/2B3P1/PQ3P1P/4RBK1 b - - 0 26,52,?,c7d7,131,8,c7d7,0.0316,0.0381,0.0423,0.0445,c8b8,c8b8,c8b8,c8b8,35.0,0.0445,0.0129,False
2r2bk1/p4ppp/2b5/2p5/2B5/2B2PPq/PQ5P/4R1K1 b - - 0 28,56,?,c8d8,129,3,c6f3,0.029,0.0202,0.0179,0.0364,c6f3,c6f3,c6f3,c6f3,84.0,0.0364,0.0074,False
2r2bk1/p4ppp/8/2p1R2q/2B5/2B2bP1/P4Q1P/6K1 b - - 3 30,60,?,h5g4,88,517,h5g4,0.6807,0.7562,0.8169,0.8358,h5g4,h5g4,h5g4,h5g4,0.0,0.8358,0.1551,False
2r2b2/p4kpp/8/2p5/6q1/2B1RbP1/P4Q1P/6K1 b - - 1 32,64,?,f7g8,82,0,f7g8,0.2428,0.5443,0.7479,0.7959,f7g8,f7g8,f7g8,f7g8,0.0,0.7959,0.5531,False
2r2bk1/p2q2pp/8/2p5/8/2B2RP1/P4QKP/8 b - - 2 34,68,?,c8e8,97,10,d7c6,0.0674,0.0729,0.0699,0.0549,c5c4,c5c4,d7d5,d7d5,17.0,0.0729,-0.0125,False
r1bqk2r/pp2npbp/2np2pB/2p1p3/4P3/2NP2P1/PPPQ1PBP/R3K1NR b KQkq - 3 8,16,?,g7h6,-3,11,e8g8,0.1832,0.0932,0.0526,0.0455,e8g8,e8g8,e8g8,e8g8,14.0,0.1832,-0.1377,False
r1bq1rk1/pp2n1Bp/2np1pp1/2p1p3/4P2P/2NP2P1/PPPQ1PB1/R3K1NR b KQ - 0 10,20,?,g8g7,-28,463,g8g7,0.9981,0.9988,0.999,0.9996,g8g7,g8g7,g8g7,g8g7,0.0,0.9996,0.0015,False
r1bq1r2/pp2n1kp/2np1p1P/2p1p1p1/4P3/2NP2P1/PPPQ1PB1/R3K1NR b KQ - 0 12,24,?,g7h8,-33,46,g7h8,0.3009,0.3728,0.4977,0.6683,g7g6,g7g6,g7h8,g7h8,0.0,0.6683,0.3674,False
r1bq1r1k/pp2n2p/2np1p1P/2p1p3/4PP2/2NP4/PPPQ2B1/R3K1NR b KQ - 0 14,28,?,b7b5,-37,14,f6f5,0.0014,0.0005,0.0004,0.001,f8g8,f8g8,f8g8,f8g8,57.0,0.0014,-0.0004,False
r1bq1r1k/pp2n2p/2np3P/2p1p3/4NP2/3P4/PPPQN1B1/R3K2R b KQ - 0 16,32,?,e5f4,7,7,c8g4,0.4779,0.4548,0.4146,0.3248,e5f4,e5f4,e5f4,e5f4,0.0,0.4779,-0.1531,False
r2q1r1k/pp5p/2np3P/2p1pn2/4NPb1/3P4/PPPQN1B1/2K2R1R b - - 4 18,36,?,g4e2,-43,3,g4e2,0.2466,0.315,0.348,0.3969,g4e2,g4e2,g4e2,g4e2,0.0,0.3969,0.1503,False
r2q1r1k/pp5p/3p3P/2p1pn1Q/3nNP2/3P4/PPP3B1/2K2R1R b - - 2 20,40,?,f5e3,-65,41,d8e8,0.3606,0.4175,0.4464,0.4471,f5e3,f5e3,f5e3,f5e3,0.0,0.4471,0.0865,False
4rr1k/pp5p/3p3P/2p1Pn2/3nN3/3P4/PPP3B1/2K2R1R b - - 0 22,44,?,d6e5,-183,25,d6e5,0.2893,0.246,0.2354,0.2544,e8e5,e8e5,e8e5,e8e5,43.0,0.2893,-0.0349,False
4rr1k/pp5p/7P/2p1pn2/4N3/2PP4/PP1Kn1B1/5R1R b - - 2 24,48,?,e2f4,-58,86,e2g3,0.4572,0.5876,0.6834,0.7336,e2f4,e2f4,e2f4,e2f4,0.0,0.7336,0.2764,False
4rR1k/pp5p/7P/2p1p3/8/2PP2n1/PP1K2B1/7R b - - 0 26,52,?,e8f8,-226,0,e8f8,1.0,1.0,1.0,1.0,e8f8,e8f8,e8f8,e8f8,0.0,1.0,0.0,False
7k/pp5p/7P/2p1p3/8/2PPK1n1/PP3rB1/6R1 b - - 3 28,56,?,f2b2,-225,16,f2b2,0.6659,0.714,0.7665,0.7932,f2b2,f2b2,f2b2,f2b2,0.0,0.7932,0.1273,False
7k/pp5p/7P/2pBpn2/4K3/2PP4/Pr6/6R1 b - - 3 30,60,?,f5h6,-74,151,f5h6,0.5928,0.6335,0.6381,0.6103,f5h6,f5h6,f5h6,f5h6,0.0,0.6381,0.0175,False
7k/p6p/1p5n/2pBK3/8/2PP4/Pr6/7R b - - 1 32,64,?,h8g7,-21,0,h6g4,0.0954,0.1391,0.2047,0.2724,h6g4,h6g4,h6g4,h6g4,3.0,0.2724,0.177,False
7k/p6p/1p2K3/2pB4/8/2PP4/Pr3n2/6R1 b - - 5 34,68,?,f2d3,10,48,f2h3,0.7692,0.7471,0.7344,0.7326,f2d3,f2d3,f2d3,f2d3,0.0,0.7692,-0.0366,False
r1bqkb1r/pp2pp1p/2n3p1/3p2Bn/3P4/2N1PN2/PP3PPP/R2QKB1R b KQkq - 2 8,16,?,f8g7,-45,6,h7h6,0.4254,0.3059,0.1834,0.09,f8g7,f8g7,f7f6,h7h6,9.0,0.4254,-0.3354,False
r1bqk2r/pp2ppb1/2n3pp/3p3n/3P3B/2N1PN2/PP2BPPP/R2QK2R b KQkq - 3 10,20,?,g6g5,-32,15,g6g5,0.5223,0.6053,0.6518,0.6181,g6g5,g6g5,g6g5,g6g5,0.0,0.6518,0.0958,False
r1bqk2r/pp3pb1/2n4p/3pp1pB/3P3B/2N1P3/PP1N1PPP/R2QK2R b KQkq - 0 12,24,?,e5d4,21,46,e5d4,0.0306,0.0213,0.0227,0.0339,g5h4,g5h4,g5h4,g5h4,44.0,0.0339,0.0033,False
r1bqk2r/pp3pb1/2n4p/3p2pB/8/2P1P1B1/P2N1PPP/R2QK2R b KQkq - 0 14,28,?,g7c3,16,27,e8g8,0.8749,0.9084,0.9255,0.9384,g7c3,g7c3,g7c3,g7c3,0.0,0.9384,0.0635,False
r1bq1rk1/pp3p2/2n4p/3p2pB/8/2b1P1B1/P2N1PPP/2RQ1RK1 b - - 1 16,32,?,c3b2,8,8,c3g7,0.1455,0.0557,0.0212,0.0106,c3d2,c3g7,c3g7,c3g7,8.0,0.1455,-0.1349,False
r1bq1rk1/pp4b1/2n4p/3p1pp1/8/1N2PBB1/P4PPP/2RQ1RK1 b - - 1 18,36,?,g8h8,1,4,f5f4,0.0022,0.0041,0.0033,0.0012,c8e6,c8e6,c8e6,c8e6,133.0,0.0041,-0.001,True
r1bQ1r1k/pp4b1/2n4p/6p1/5p2/1N2PBB1/P4PPP/2R2RK1 b - - 0 20,40,?,c6d8,-68,63,c6d8,0.1649,0.1648,0.1794,0.2037,f8d8,f8d8,f8d8,f8d8,64.0,0.2037,0.0388,False
r1bn1r1k/pp4b1/7p/8/5p1B/1N3B2/P4PPP/2R2RK1 b - - 1 22,44,?,d8c6,-72,7,d8e6,0.092,0.1064,0.1183,0.1112,d8e6,d8e6,d8e6,d8e6,26.0,0.1183,0.0192,False
r1b2r1k/pp4b1/7p/6B1/5p2/1N3B2/P4PPP/2RR2K1 b - - 0 24,48,?,h6g5,-65,395,h6g5,0.9946,0.9987,0.9997,0.9998,h6g5,h6g5,h6g5,h6g5,0.0,0.9998,0.0052,False
1rb2r1k/pp4b1/8/2N3p1/5p2/5B1P/P4PP1/2RR2K1 b - - 2 26,52,?,g7b2,-97,11,b7b6,0.0839,0.0382,0.0195,0.0155,b7b6,b7b6,b7b6,b7b6,13.0,0.0839,-0.0684,False
1r3r1k/p5b1/1p2b3/6p1/P3Np2/5B1P/5PP1/2RR2K1 b - - 0 28,56,?,b8c8,-63,6,g7f6,0.038,0.0245,0.0211,0.0252,e6b3,e6b3,e6b3,e6b3,27.0,0.038,-0.0128,False
2R2r1k/p7/1p1Rbb2/6p1/P3Np2/5B1P/5PP1/6K1 b - - 0 30,60,?,f8c8,-451,21,f8c8,0.6801,0.68,0.6303,0.5865,f8c8,f8c8,f8c8,f8c8,0.0,0.6801,-0.0936,False
7k/p7/1p2Rb2/6p1/P3Np2/5B1P/5PPK/2r5 b - - 2 32,64,?,f6d4,-508,23,f6d4,0.3871,0.4152,0.4522,0.4581,f6d4,f6d4,f6d4,f6d4,0.0,0.4581,0.071,False
7k/p7/1p6/2bR2p1/P3Np2/5B1P/5PPK/2r5 b - - 6 34,68,?,a7a5,-491,43,c1c2,0.0269,0.0198,0.0154,0.0133,c1c4,c1c4,c1c2,c5e7,188.0,0.0269,-0.0136,True
r2qkb1r/pp1n1pp1/2p1pn1p/3p1b2/5P2/2NPPN2/PPP1B1PP/R1B1QRK1 b kq - 3 8,16,?,f5h7,21,8,f8c5,0.0298,0.0471,0.0559,0.0521,f8d6,f8d6,f8e7,f8e7,33.0,0.0559,0.0223,False
r3k2r/pp1nqpp1/2p1pn1p/2bp1b2/5P2/2NPPN2/PPP3PP/R1BBQR1K b kq - 7 10,20,?,f5h7,-21,4,c5b4,0.017,0.0275,0.0479,0.0822,e8c8,e8c8,e8c8,e8c8,66.0,0.0822,0.0652,False
r3k2r/pp1nqpp1/2p1pn1p/b2p1b2/1P3P2/P1NPPN2/2P3PP/R1BBQR1K b kq - 0 12,24,?,a5c7,-36,53,a5b6,0.3559,0.467,0.5213,0.4887,a5b6,a5b6,a5c7,a5b6,51.0,0.5213,0.1328,False
r3k2r/pp1nqpp1/1bp1pn1p/5b2/1P2PP2/P1N2N2/2P3PP/R1BBQR1K b kq - 0 14,28,?,f5h7,-84,8,f5g4,0.4398,0.538,0.572,0.5715,f5h7,f5h7,f5h7,f5h7,0.0,0.572,0.1317,False
r3k2r/pp1nqpp1/1bp1p2p/3nP3/1P2NPb1/P4N2/2P3PP/R1BBQR1K b kq - 2 16,32,?,e8g8,-309,12,b6c7,0.1052,0.1282,0.1841,0.2679,e8c8,e8c8,e8c8,e8c8,131.0,0.2679,0.1627,False
r3k2r/ppbnqpp1/1np1p2p/4P3/1PP1NPb1/P1Q2N2/6PP/R1BB1R1K b kq - 2 18,36,?,g4f5,-174,13,e8g8,0.1127,0.1394,0.1442,0.1289,e8c8,e8c8,e8c8,e8c8,152.0,0.1442,0.0162,False
r4rk1/ppbnqpp1/1n2p2p/1Pp1P3/2P1NPb1/P1Q2N2/1B4PP/R2B1R1K b - - 0 20,40,?,a7a6,-115,27,f8d8,0.1217,0.1369,0.1243,0.0752,g4f5,g4f5,a8d8,a8d8,101.0,0.1369,-0.0465,False
r2r2k1/ppbnqpp1/1n2p2p/1Pp1P3/2P1NP2/P1Q2B1P/1B4P1/R4R1K b - - 0 22,44,?,b6a4,-51,104,b6a4,0.641,0.5861,0.5286,0.5287,b6a4,b6a4,b6a4,b6a4,0.0,0.641,-0.1123,False
r2r2k1/ppbnqpp1/4p2p/1Pp1P3/2P1NP2/P4B1P/1Q4P1/R4R1K b - - 0 24,48,?,d7b6,-51,23,c7a5,0.4074,0.4165,0.4501,0.4983,d7b6,d7b6,d7b6,d7b6,0.0,0.4983,0.0909,False
r2r2k1/pp2qpp1/1n1Np2p/bPp1P3/2P2P2/P4B1P/1Q4P1/3R1R1K b - - 4 26,52,?,d8d7,-244,61,a8b8,0.0847,0.1124,0.1179,0.1147,b6a4,a8b8,a8b8,a8b8,102.0,0.1179,0.03,False
1r1r2k1/pp2qpp1/3Np2p/bPp1P3/n1P2P2/P4B1P/2Q3P1/3R1R1K b - - 8 28,56,?,a4b6,-349,32,a4b6,0.3421,0.4364,0.5099,0.5532,a4c3,a4c3,a4b6,a4b6,0.0,0.5532,0.2111,False
1rnr2k1/pp2qpp1/4p2p/bPp1P3/2P1NP2/P2R1B1P/2Q3P1/5R1K b - - 12 30,60,?,d8d3,-155,14,a7a6,0.4052,0.4399,0.3728,0.2783,d8d3,d8d3,d8d3,c8b6,69.0,0.4399,-0.1269,False
1rnr2k1/1p2qpp1/4p2p/bPp1P3/2P1NP2/3R1B1P/2Q3P1/5R1K b - - 0 32,64,?,a5c7,-208,1,c8b6,0.0153,0.0164,0.0227,0.0406,d8d3,d8d3,d8d3,c8b6,-5.0,0.0406,0.0253,False
1r4k1/1p2qpp1/1n2p2p/bPp1P3/2P1NP2/3Q1B1P/6P1/3R3K b - - 0 34,68,?,b6c8,-222,15,a5b4,0.0612,0.0664,0.073,0.0905,b6a4,b6a4,a5b4,a5b4,37.0,0.0905,0.0293,False
r2qkb1r/1b1p1ppp/p1n1pn2/1pp5/4P3/2NP1PP1/PPP2NBP/R1BQK2R b KQkq - 2 8,16,?,f8e7,52,4,d8c7,0.2221,0.2536,0.2952,0.311,f8e7,f8e7,f8e7,f8e7,0.0,0.311,0.0889,False
r3kb1r/1bqp1pp1/p1n1pn2/1pp4p/4PP2/2NP2P1/PPP2NBP/R1BQ1RK1 b kq - 0 10,20,?,d7d5,25,2,h5h4,0.0227,0.0157,0.0126,0.013,h5h4,h5h4,h5h4,h5h4,8.0,0.0227,-0.0097,False
r3kb1r/1bq2pp1/p1nppn2/1pp5/4PPPp/2NP3P/PPP2NB1/R1BQ1RK1 b kq - 0 12,24,?,g7g6,-63,4,f8e7,0.0512,0.047,0.0481,0.0697,e8c8,c6d4,c6d4,c6d4,5.0,0.0697,0.0185,False
3rk2r/1bq1bpp1/p1nppn2/1pp5/4PPPp/3PB2P/PPP1NNB1/R2Q1RK1 b k - 4 14,28,?,d6d5,34,98,d6d5,0.3241,0.3641,0.4185,0.5224,d6d5,d6d5,d6d5,d6d5,0.0,0.5224,0.1983,False
3rk2r/1bq1bpp1/p1n1pP2/1pp5/3p1PPp/3PB2P/PPP1NNB1/R2Q1RK1 b k - 0 16,32,?,d4e3,22,243,d4e3,0.4469,0.6223,0.6771,0.694,d4e3,d4e3,d4e3,d4e3,0.0,0.694,0.2471,False
3rk2r/1bq1Ppp1/p1n1p3/1pp5/5PPp/3P3P/PPP1NRB1/R2Q2K1 b k - 0 18,36,?,c6e7,30,46,c7e7,0.4268,0.4863,0.5372,0.6013,c7e7,c6e7,c6e7,c6e7,0.0,0.6013,0.1745,False
3rk2r/1b2qpp1/p3p3/1pp5/1n3PPp/3P3P/PPPQNRB1/R5K1 b k - 3 20,40,?,b7g2,44,40,b7g2,0.6378,0.7069,0.731,0.7264,b7g2,b7g2,b7g2,b7g2,0.0,0.731,0.0886,False
3rk2r/4qpp1/p3p3/1p6/1npP1PPp/7P/PPPQN1R1/R5K1 b k - 0 22,44,?,e8g8,25,1,e7d6,0.0565,0.0561,0.0526,0.0622,b4d5,b4d5,b4d5,b4d5,-6.0,0.0622,0.0057,False
3rk2r/5pp1/p2qp3/1p1n4/2pP1PPp/P1P4P/1P1QN1R1/R5K1 b k - 0 24,48,?,d8d7,58,1,e8g8,0.0144,0.0168,0.0172,0.0164,f7f6,f7f6,f7f6,d5f6,55.0,0.0172,0.002,False
3r1rk1/6p1/p2qp3/1p1n1pP1/2pP1P1p/P1P4P/1P1QN1R1/5RK1 b - - 0 26,52,?,d5e7,64,4,d5e7,0.0679,0.0883,0.1133,0.152,g7g6,g7g6,g7g6,g7g6,21.0,0.152,0.0841,False
3r1rk1/4n1p1/3qp3/pp3pP1/2pP1P1p/P1P4P/1P3QR1/2N2RK1 b - - 1 28,56,?,e7g6,62,34,e7g6,0.7056,0.7582,0.7577,0.7329,e7g6,e7g6,e7g6,e7g6,0.0,0.7582,0.0273,False
3r1rk1/6p1/3qp1n1/p4pP1/1PpP1P1p/2P1Q2P/1P4R1/2N2RK1 b - - 0 30,60,?,a5b4,78,70,a5b4,0.9864,0.9958,0.9989,0.9995,a5b4,a5b4,a5b4,a5b4,0.0,0.9995,0.0131,False
3rr1k1/6p1/3qp1n1/5pP1/1ppP1P1p/2P1Q2P/NP2R3/5RK1 b - - 3 32,64,?,b4c3,61,59,b4c3,0.3747,0.3806,0.3786,0.3646,b4b3,b4b3,b4b3,b4b3,61.0,0.3806,-0.0101,False
3rr3/5kp1/3qp1n1/5pP1/1NpP1P1p/2P1Q2P/4R3/5RK1 b - - 2 34,68,?,d8a8,27,2,d8a8,0.1281,0.1518,0.1998,0.2939,e8e7,g6e7,g6e7,d8a8,0.0,0.2939,0.1658,False
rn1qk2r/pbppppbp/1p4p1/8/3P3B/3BPN2/PPPQ1PPP/R3K2R b KQkq - 0 8,16,?,c7c5,-58,4,e8g8,0.0343,0.0255,0.0212,0.0354,e8g8,e8g8,e8g8,d7d6,13.0,0.0354,0.0011,False
rn1q1rk1/pbp1ppbp/1p1p2p1/8/3PP2B/3B1N2/PPPQ1PPP/R4RK1 b - - 1 10,20,?,d8e8,-65,2,c7c5,0.0081,0.0095,0.0118,0.0085,b8d7,b8d7,b8d7,b8d7,9.0,0.0118,0.0004,False
r2q1rk1/pb2ppbp/1pnp2p1/2pP4/4P2B/2PB1N2/PP1Q1PPP/R4RK1 b - - 0 12,24,?,c6b8,-131,11,c6e5,0.0807,0.0748,0.0728,0.1091,c6e5,c6e5,c6e5,c6e5,6.0,0.1091,0.0284,False
r2q1rk1/pb2pp1p/1p1p2p1/2pPb3/4PP1B/2PB4/PP1Q2PP/R4RK1 b - - 0 14,28,?,e5f6,-107,40,e5g7,0.3041,0.2218,0.1631,0.1143,e5g7,e5g7,e5g7,e5g7,57.0,0.3041,-0.1898,False
r4rk1/pb1qppbp/1p1p2p1/2pP4/2P1PP1B/3B4/PP1Q2PP/4RRK1 b - - 0 16,32,?,a8e8,-127,13,e7e6,0.0689,0.0696,0.0945,0.1475,e7e6,e7e6,e7e6,e7e6,28.0,0.1475,0.0786,False
r4rk1/pb1q1pbp/1p1p2p1/2pP1P2/2P4B/3B4/PP1Q2PP/4RRK1 b - - 0 18,36,?,f8e8,-180,76,g7d4,0.0668,0.0587,0.0583,0.0671,a8e8,a8e8,a8e8,a8e8,93.0,0.0671,0.0003,False
r4rk1/pb1q3p/1p1p1pP1/2pP4/2Pb3B/3B4/PP1Q2PP/4RR1K b - - 0 20,40,?,b6b5,-363,33,h7g6,0.0007,0.0003,0.0001,0.0001,h7g6,h7g6,h7g6,h7g6,71.0,0.0007,-0.0006,False
r4r2/pb1q2k1/1p1p1p2/2pP1B2/2Pb3B/8/PP1Q2PP/4RR1K b - - 2 22,44,?,d7f7,-583,81,d7f7,0.3405,0.3732,0.4155,0.3894,d7f7,d7f7,d7f7,d7f7,0.0,0.4155,0.0489,False
r6r/pb3qk1/1p1pBp2/2pP4/2PbR2B/8/PP1Q2PP/5R1K b - - 6 24,48,?,f7e6,-648,57,f7h5,0.0043,0.0035,0.0026,0.002,f7g6,f7g6,f7g6,f7g6,116.0,0.0043,-0.0023,True
r6r/pb4k1/1p1pBB2/3P3q/2Pp4/8/PP1Q2PP/5R1K b - - 0 26,52,?,g7h7,-1987,1,g7g6,0.1354,0.1386,0.1765,0.2447,g7g6,g7g6,g7g6,g7g6,1.0,0.2447,0.1093,False
r6r/pb6/1p1pBB1k/3P1R1q/2Pp4/3Q4/PP4PP/7K b - - 4 28,56,?,h5g4,-1989,0,h5g6,0.275,0.3261,0.3831,0.4379,h5g6,h5g6,h5g4,h5g4,0.0,0.4379,0.1629,False
rnbq1rk1/pp2ppbp/3p1np1/8/3NP3/2N1BP2/PPPQ2PP/R3KB1R b KQ - 4 8,16,?,b8c6,-84,23,b8c6,0.6142,0.6962,0.7685,0.8719,b8c6,b8c6,b8c6,b8c6,0.0,0.8719,0.2577,False
r2q1rk1/pp1bppbp/2np1np1/8/2BNP3/2N1BP2/PPPQ2PP/2KR3R b - - 8 10,20,?,a8c8,-77,2,c6a5,0.3572,0.4571,0.5785,0.7429,a8c8,a8c8,a8c8,a8c8,0.0,0.7429,0.3857,False
r2q1rk1/p2bppbp/3p1np1/np6/3NP2P/1BN1BP2/PPPQ2P1/2KR3R b - - 0 12,24,?,b5b4,38,15,h7h5,0.1629,0.1344,0.1298,0.1271,a5b3,a5b3,a5b3,h7h5,128.0,0.1629,-0.0358,False
r2q1rk1/p2bppb1/3p1np1/1p5p/2BNP1PP/2N1BP2/PPPQ4/2KR3R b - - 0 14,28,?,b5c4,-105,304,b5c4,0.9929,0.9959,0.9968,0.9958,b5c4,b5c4,b5c4,b5c4,0.0,0.9968,0.0029,False
r2q1rk1/p2bppb1/3p2pB/7n/2pNP2P/2N2P2/PPPQ4/2KR3R b - - 1 16,32,?,a8b8,-108,21,a8b8,0.1013,0.157,0.246,0.4027,g7h6,g7h6,a8b8,a8b8,0.0,0.4027,0.3014,False
1r1q1r2/p2bppk1/3p2p1/7n/2pNP2P/2N2P2/PPPQ4/2K3RR b - - 1 18,36,?,d8b6,-41,27,d8b6,0.6668,0.6755,0.6608,0.5884,d8b6,d8b6,d8b6,d8b6,0.0,0.6755,-0.0784,False
1r3r2/p2bppk1/1q1p2p1/7n/3NP2P/2Q2P2/PPP5/2KN2RR b - - 0 20,40,?,e7e5,-83,37,f8c8,0.1669,0.1757,0.1823,0.1871,h5f4,f8c8,f8c8,f8c8,88.0,0.1871,0.0202,False
1rr5/p2bpp1k/1q1p2p1/5N1n/4P2P/5P2/PPPQ4/2KN2RR b - - 4 22,44,?,d7f5,-199,55,d7f5,0.1631,0.2794,0.3968,0.4588,g6f5,g6f5,d7f5,d7f5,0.0,0.4588,0.2957,False
1r6/p3pp1k/1q1p2P1/2r4n/7P/5P2/PPPQ4/2KN2RR b - - 0 24,48,?,f7g6,-204,155,f7g6,0.9319,0.9695,0.9826,0.9831,f7g6,f7g6,f7g6,f7g6,0.0,0.9831,0.0512,False
2r5/p3p2k/1q1p2p1/2R4n/7P/5P2/PPPQ4/2KN3R b - - 0 26,52,?,c8c5,-202,8,b6c5,0.7001,0.7607,0.791,0.7914,c8c5,c8c5,c8c5,c8c5,0.0,0.7914,0.0913,False
2r5/p6k/3p2p1/2q1p2n/7P/2N2P2/PPPQ4/2K1R3 b - - 1 28,56,?,h5f4,-225,7,h5f4,0.5202,0.5364,0.4759,0.3516,h5f4,h5f4,h5f4,h5f4,0.0,0.5364,-0.1686,False
2r5/p6k/3p2p1/4p3/4Nn1P/5P2/PPQ5/2K1R3 b - - 0 30,60,?,f4d3,-420,189,f4d3,0.0626,0.0686,0.0785,0.0865,c8c2,c8c2,c8c2,c8c2,187.0,0.0865,0.0239,False
8/p6k/3p2p1/4p3/4N2P/3nRP2/PPr5/3K4 b - - 1 32,64,?,d3b4,-299,57,c2b2,0.0875,0.0966,0.0947,0.0959,c2b2,c2b2,c2b2,c2b2,59.0,0.0966,0.0084,False
r1bqkb1r/pp3ppp/1nn1p3/2ppP3/3P4/1BP2N2/PP3PPP/RNBQ1RK1 b kq - 0 8,16,?,a7a6,-99,0,c8d7,0.0074,0.008,0.0069,0.0048,f8e7,f8e7,f8e7,f8e7,2.0,0.008,-0.0026,False
r3kb1r/ppqb1ppp/1nn1p3/2ppP1B1/3P4/1BP2N2/PP3PPP/RN1QR1K1 b kq - 4 10,20,?,c5d4,-52,3,h7h6,0.1539,0.1724,0.1784,0.1034,h7h6,h7h6,h7h6,h7h6,1.0,0.1784,-0.0505,False
r3kb1r/1pqb1pp1/1nn1p2p/p1ppP3/P2P3B/1BP2N2/1P3PPP/RN1QR1K1 b kq - 0 12,24,?,c5d4,-43,5,c5d4,0.1273,0.1563,0.1653,0.112,g7g5,g7g5,g7g5,g7g5,3.0,0.1653,-0.0153,False
r3kb1r/1pqb1pp1/1n2p2p/p2pP3/Pn1P3B/1BN2N2/1P3PPP/R2QR1K1 b kq - 2 14,28,?,g7g5,-40,18,b6c4,0.2295,0.1707,0.1764,0.1989,b6c4,b6c4,b6c4,b6c4,21.0,0.2295,-0.0306,False
2r1kb1r/1pqb1pp1/4p2p/p2pP3/PnnP3B/1BN2N2/1P2QPPP/2R1R1K1 b k - 6 16,32,?,c4b2,-19,47,c7b6,0.0337,0.0224,0.0158,0.0109,f8e7,f8e7,c7b6,c7b6,58.0,0.0337,-0.0228,False
2r1kb1r/1p1b1p2/1q2p2p/p2pP1p1/PnnP4/1BN2NB1/1P2QPPP/2RR2K1 b k - 1 18,36,?,f8e7,-78,22,f8e7,0.151,0.1797,0.2154,0.2777,b4c6,b4c6,f8e7,f8e7,0.0,0.2777,0.1267,False
2r1k2r/1p1bbp2/1q2p2p/p2pP3/PnnP2pP/1BN3B1/1P2QPP1/2RRN1K1 b k - 1 20,40,?,h6h5,-79,43,h6h5,0.6942,0.8542,0.9301,0.9483,h6h5,h6h5,h6h5,h6h5,0.0,0.9483,0.2541,False
2r1k1r1/1p1bbp2/1q2p3/p2pP2p/PnnP2pP/1BN2PB1/1P2Q1PK/2RRN3 b - - 2 22,44,?,b6d8,-69,11,b6d8,0.1717,0.3449,0.4944,0.5656,g4f3,b6d8,b6d8,b6d8,0.0,0.5656,0.3939,False
2rqk1r1/1p2bp2/2b1p3/p2pP2p/PnnP1PpP/1BN3B1/1P3QPK/2RRN3 b - - 0 24,48,?,g8g6,-151,13,c6d7,0.0163,0.0171,0.0195,0.019,c4b6,c4b6,c4b6,d8d7,76.0,0.0195,0.0027,False
2rqk1r1/1p1bbp2/8/p2NPp1p/PnnP2pP/1B4B1/1P3QPK/2RRN3 b - - 0 26,52,?,b4d5,-65,224,b4d5,0.6674,0.7593,0.8215,0.8177,b4d5,b4d5,b4d5,b4d5,0.0,0.8215,0.1503,False
2rqk1r1/1p2bp2/4b3/p2nPp1p/P1BP2pP/3N2B1/1P3QPK/2RR4 b - - 2 28,56,?,c8c4,233,518,c8c4,0.0386,0.0329,0.03,0.0314,f5f4,e8f8,e8f8,e8f8,575.0,0.0386,-0.0072,True
3qk1r1/1p2bp2/4b3/p2nP2p/P1RP1BpP/3N4/1P3QPK/3R4 b - - 0 30,60,?,d5f4,427,310,d5f4,0.2906,0.2722,0.2229,0.1778,e7h4,e7h4,e7h4,e7h4,337.0,0.2906,-0.1128,False
3qk1r1/1p2bp2/8/p2PP2p/P1b2NpP/8/1P3QPK/3R4 b - - 0 32,64,?,g4g3,696,395,g4g3,0.3244,0.324,0.3072,0.2654,e7h4,e7h4,e7h4,e7h4,582.0,0.3244,-0.059,False
rn1qk2r/pp2bpp1/2p1pn1p/3p1b2/8/1P1P1NP1/PBPNPPBP/R2Q1RK1 b kq - 2 8,16,?,e8g8,-17,5,e8g8,0.6677,0.6367,0.6633,0.7147,e8g8,e8g8,e8g8,e8g8,0.0,0.7147,0.047,False
rn1q1rk1/pp2bppb/2p1pn1p/3p4/4P3/1P1P1NP1/PBPN1PBP/R2QR1K1 b - - 0 10,20,?,a7a5,-22,5,a7a5,0.0194,0.0198,0.0213,0.1022,b8d7,d5e4,d5e4,b8d7,8.0,0.1022,0.0828,False
r2q1rk1/1p2bppb/n1p1pn1p/p2p4/P3P3/1P1P1NPP/1BPN1PB1/R2QR1K1 b - - 0 12,24,?,f6d7,17,8,a6b4,0.0258,0.0376,0.0469,0.078,d5e4,d5e4,d5e4,d5e4,64.0,0.078,0.0522,False
r4rk1/1p2bppb/1qp1pn1p/p2p4/Pn2P3/1P1P1NPP/1BPNQPB1/2R1R1K1 b - - 4 14,28,?,b4a2,0,0,f8e8,0.2789,0.193,0.137,0.1299,b4a2,d5e4,d5e4,f8d8,0.0,0.2789,-0.149,False
r3r1k1/1p2bppb/1qp1pn1p/p2p4/P3P3/1PPQ1NPP/1B1N1PB1/2R1R1K1 b - - 0 16,32,?,f6e4,44,3,d5e4,0.0471,0.0443,0.0393,0.0304,d5e4,d5e4,d5e4,a8d8,190.0,0.0471,-0.0167,True
3rr1k1/1p2bppb/1qp1pN1p/p7/P7/1PPQ1NPP/1B3PB1/2R1R1K1 b - - 0 18,36,?,e7f6,-218,78,e7f6,0.902,0.9454,0.9473,0.9224,e7f6,e7f6,e7f6,e7f6,0.0,0.9473,0.0204,False
3rr1k1/1p3pp1/1qp1pb1p/p7/P4Q2/1PPb1NPP/1B3PB1/2R1R1K1 b - - 3 20,40,?,b6b3,-124,102,b6b3,0.7597,0.8269,0.879,0.9199,b6b3,b6b3,b6b3,b6b3,0.0,0.9199,0.1602,False
3rr1k1/1p3ppb/2p1pb1p/p7/P1P2Q2/1q3NPP/5PB1/B1R1R1K1 b - - 0 22,44,?,f6a1,-307,0,e6e5,0.5668,0.7259,0.845,0.9139,f6a1,f6a1,f6a1,f6a1,0.0,0.9139,0.3471,False
3rr1k1/1p3ppb/2p4p/p3R3/P1P2Q2/1q3NPP/5PB1/2R3K1 b - - 0 24,48,?,b3a4,-330,43,b3a4,0.4966,0.5294,0.5552,0.5712,b3a4,b3a4,b3a4,b3a4,0.0,0.5712,0.0746,False
3r1rk1/1p2Rppb/2p4p/p7/q1P2Q2/5NPP/5PB1/4R1K1 b - - 3 26,52,?,a4b4,-326,44,a4b4,0.3493,0.4223,0.4602,0.4681,a4b4,a4b4,a4b4,a4b4,0.0,0.4681,0.1188,False
3r1rk1/1pQ2Rpb/2p4p/8/pqP5/5NPP/5PB1/4R1K1 b - - 0 28,56,?,f8f7,-234,107,f8f7,0.5827,0.6955,0.6769,0.6246,f8f7,f8f7,f8f7,f8f7,0.0,0.6955,0.0419,False
3QRrk1/1p4pb/2p4p/8/pqP5/5NPP/5PB1/6K1 b - - 2 30,60,?,a4a3,-134,70,a4a3,0.3824,0.4654,0.5579,0.6172,a4a3,a4a3,a4a3,a4a3,0.0,0.6172,0.2348,False
5qk1/1p4pb/2p4p/Q7/2P5/p4NPP/5PB1/6K1 b - - 1 32,64,?,h7b1,-24,156,h7b1,0.2513,0.2882,0.3064,0.3178,h7b1,h7b1,h7b1,h7b1,0.0,0.3178,0.0665,False
5qk1/1p4p1/2p4p/Q7/2P1B3/6PP/p2N1P2/1b4K1 b - - 1 34,68,?,b7b6,0,0,b1e4,0.0462,0.0312,0.0223,0.019,b1e4,b1e4,b1e4,b1e4,235.0,0.0462,-0.0272,True
r1bqkb1r/pp1npp2/5n1p/2pP2p1/4p3/2N3B1/PPPQ1PPP/R3KBNR b KQkq - 1 8,16,?,f8g7,58,10,f8g7,0.1774,0.2276,0.3167,0.4865,d7b6,d7b6,d7b6,f8g7,0.0,0.4865,0.3091,False
r1bqk2r/pp1nppb1/5n1p/2pP3P/4p1p1/2N3B1/PPPQ1PP1/R3KBNR b KQkq - 0 10,20,?,a7a6,84,18,d8a5,0.0503,0.0641,0.0799,0.1224,d7b6,d7b6,d7b6,d7b6,37.0,0.1224,0.0721,False
r1b1k2r/pp2ppb1/1n3n1p/q1pP3P/4p1p1/2N3B1/PPPQ1PP1/R1N1KB1R b KQkq - 4 12,24,?,c5c4,161,105,f6d5,0.1273,0.1202,0.0957,0.0725,b6c4,c8f5,c8f5,c8f5,477.0,0.1273,-0.0548,False
r3k2r/pp1Bppb1/1n5p/q1pn3P/4p1p1/2N3B1/PPPQ1PP1/R1N1K2R b KQkq - 0 14,28,?,e8d7,201,468,e8d7,0.4212,0.4191,0.4963,0.6073,b6d7,b6d7,b6d7,e8d7,0.0,0.6073,0.1861,False
r6r/pp1kpp2/1n5p/q1pn3P/4p1p1/2P3B1/P1PQ1PP1/R1N2RK1 b - - 0 16,32,?,a5c3,293,119,a5c3,0.5361,0.6042,0.637,0.5619,a5c3,a5c3,a5c3,a5c3,0.0,0.637,0.0258,False
r6r/pp1kpp2/1n5p/2pn3P/4p1p1/1N4B1/P1P1QPP1/q4RK1 b - - 1 18,36,?,a1c3,339,34,a1c3,0.192,0.2444,0.2904,0.3033,a1a2,a1a2,a1a2,a1c3,0.0,0.3033,0.1113,False
r1k4r/pp2pp2/1n5p/1QNn3P/4p1p1/2q3B1/P1P2PP1/5RK1 b - - 0 20,40,?,a7a6,533,35,a7a6,0.1627,0.1562,0.1494,0.1546,c3c2,a7a6,d5c7,a7a6,0.0,0.1627,-0.0081,False
rnbqk2r/pp3ppp/5n2/3p4/1b1P4/2NB1N2/PP3PPP/R1BQK2R b KQkq - 1 8,16,?,e8g8,-36,0,e8g8,0.4346,0.5329,0.6312,0.7602,e8g8,e8g8,e8g8,e8g8,0.0,0.7602,0.3256,False
rnbq1rk1/pp3pp1/5n1p/3p4/1b1P4/2NB1N1P/PP3PP1/R1BQ1RK1 b - - 0 10,20,?,b4d6,-35,0,b8c6,0.0289,0.026,0.0202,0.015,b8c6,b8c6,b8c6,b8c6,-2.0,0.0289,-0.0139,False
r1bqr1k1/pp3pp1/2n2n1p/3p4/1b1P1B2/1QNB1N1P/PP3PP1/R4RK1 b - - 4 12,24,?,b4d6,-26,8,c8e6,0.1236,0.1167,0.1137,0.1208,b4c3,b4c3,b4c3,c8e6,12.0,0.1236,-0.0028,False
r2qr1k1/pp3pp1/4bn1p/3pB3/1b1P4/1QNB3P/PP3PP1/R4RK1 b - - 0 14,28,?,b4c3,-67,21,b4c3,0.4581,0.5746,0.6557,0.6289,b4c3,b4c3,b4c3,b4c3,0.0,0.6557,0.1708,False
r2qr1k1/p4pp1/1p2bn1p/3pB3/P2P4/1QPB3P/5PP1/R4RK1 b - - 0 16,32,?,f6e4,-41,65,f6e4,0.2233,0.2759,0.2829,0.2406,f6e4,f6e4,f6d7,f6d7,102.0,0.2829,0.0173,False
r2qr1k1/p4pp1/1p2b2p/3pB3/P2P4/2PB3P/2Qn1PP1/R1R3K1 b - - 4 18,36,?,d2c4,-11,74,d2c4,0.5086,0.5479,0.6204,0.7078,d2c4,d2c4,d2c4,d2c4,0.0,0.7078,0.1992,False
r3r1k1/p4pp1/1p2b2p/3p2q1/P1nP4/2PB2BP/2Q2PP1/R3R1K1 b - - 8 20,40,?,a8c8,-21,6,e6d7,0.2119,0.2802,0.4089,0.567,a8c8,a8c8,a8c8,a8c8,0.0,0.567,0.3551,False
r3r1k1/p2b1pp1/1p5p/3p3q/P1nP3P/2PB2B1/Q4PP1/R3R1K1 b - - 2 22,44,?,e8e1,-33,10,a8c8,0.2921,0.1966,0.0956,0.0448,e8e1,e8e1,a8c8,a8c8,1.0,0.2921,-0.2473,False
2r1b1k1/p4pp1/1p5p/3p3q/P1nP3P/2PB2B1/Q4PP1/4R1K1 b - - 1 24,48,?,e8d7,-36,33,e8d7,0.2622,0.332,0.3982,0.4053,e8d7,e8d7,e8d7,e8d7,0.0,0.4053,0.1431,False
2r3k1/p3Rpp1/1p5p/3p1b1q/P1nP3P/2PB2B1/4QPP1/6K1 b - - 5 26,52,?,h5e2,-43,41,h5e2,0.48,0.5991,0.644,0.6455,h5e2,h5e2,h5e2,h5e2,0.0,0.6455,0.1655,False
2r3k1/2R2pp1/1p5p/p2p1b2/P1nP3P/2P3B1/4BPP1/6K1 b - - 1 28,56,?,c4b2,-32,2,c8c7,0.0415,0.0383,0.036,0.0401,c8c7,c8c7,c8c7,c8c7,5.0,0.0415,-0.0014,False
6k1/2Bb1pp1/1p5p/p2p4/P1BP3P/2P5/5PP1/6K1 b - - 0 30,60,?,d5c4,-31,474,d5c4,0.9712,0.9902,0.9948,0.9947,d5c4,d5c4,d5c4,d5c4,0.0,0.9948,0.0235,False
6k1/5pp1/7p/B7/b1pP3P/2P5/5PP1/6K1 b - - 0 32,64,?,a4c6,-15,18,a4c6,0.0978,0.1052,0.1152,0.1074,g8f8,g8f8,g8f8,g8f8,35.0,0.1152,0.0096,False
6k1/6p1/2b2p1p/B7/2pP3P/2P2P2/5KP1/8 b - - 1 34,68,?,g8f7,-20,1,g8f7,0.5058,0.6523,0.7404,0.7898,g8f7,g8f7,g8f7,g8f7,0.0,0.7898,0.284,False
rnbqkb1r/1p3ppp/p4n2/3p4/2pP4/1PN1PN2/P3BPPP/R1BQK2R b KQkq - 0 8,16,?,b7b5,-36,6,b7b5,0.6123,0.6833,0.7899,0.856,b7b5,b7b5,b7b5,b7b5,0.0,0.856,0.2437,False
rnbqkb1r/5ppp/p4n2/1p6/2pP4/2N1PN2/P3BPPP/R1BQ1RK1 b kq - 1 10,20,?,f8b4,-15,6,f8e7,0.3127,0.3346,0.23,0.1471,f8b4,f8b4,c8b7,c8b7,24.0,0.3346,-0.1656,False
rnbq1rk1/4bppp/p4n2/1p2N3/2pP4/2N1PB2/P4PPP/R1BQ1RK1 b - - 5 12,24,?,a8a7,-27,127,a8a7,0.9125,0.9647,0.9787,0.9862,a8a7,a8a7,a8a7,a8a7,0.0,0.9862,0.0737,False
1n1q1rk1/rB2bppp/p4n2/1p2N3/2pP4/2N1P3/P1Q2PPP/R1B2RK1 b - - 0 14,28,?,a7b7,51,384,a7b7,0.9985,0.9992,0.9996,0.9998,a7b7,a7b7,a7b7,a7b7,0.0,0.9998,0.0013,False
1n1q1rk1/2r1bppp/p4n2/1p2N3/2pP4/2N1P3/P1Q2PPP/1RBR2K1 b - - 3 16,32,?,b5b4,95,27,b5b4,0.1385,0.1166,0.1126,0.1159,e7d6,e7d6,e7d6,b8c6,85.0,0.1385,-0.0226,False
1n2qrk1/2r1bppp/p4n2/4N3/1ppP4/4P3/PNQ2PPP/1RBR2K1 b - - 3 18,36,?,c4c3,204,69,c4c3,0.6477,0.7561,0.836,0.8643,c4c3,c4c3,c4c3,c4c3,0.0,0.8643,0.2166,False
1n2qrk1/2r1bppp/5n2/p3N3/1p1P4/P1pNP3/2Q2PPP/1RBR2K1 b - - 0 20,40,?,b8a6,220,12,b8a6,0.1265,0.1121,0.109,0.1582,b8c6,b8c6,b8c6,b8c6,212.0,0.1582,0.0317,False
5rk1/2r1bppp/n4n2/pq2N3/Pp1P4/2pNP3/2Q2PPP/R1BR2K1 b - - 0 22,44,?,b5b7,345,19,b5b7,0.2187,0.2685,0.3073,0.3301,b5d5,b5b7,b5b7,b5b7,0.0,0.3301,0.1114,False
1r4k1/1qr1bppp/n4n2/p3N3/Pp1P4/1RpNP3/2Q2PPP/2BR2K1 b - - 4 24,48,?,b8d8,328,19,b8d8,0.0193,0.0152,0.014,0.013,e7d6,e7d6,b8c8,b8c8,23.0,0.0193,-0.0063,False
1n1r2k1/1qr1bppp/5n2/p3N3/Pp1PP3/1RpN1P2/2Q3PP/2BR2K1 b - - 0 26,52,?,d8d4,355,28,b8c6,0.5314,0.5052,0.5299,0.5298,d8d4,d8d4,d8d4,d8d4,0.0,0.5314,-0.0016,False
3r2k1/2r1bppp/2q2n2/p7/Pp1PPB2/1RpN1P2/2Q3PP/3R2K1 b - - 1 28,56,?,c7c8,353,41,c7c8,0.1674,0.2267,0.2648,0.3061,e7d6,e7d6,c7d7,c7d7,67.0,0.3061,0.1387,False
2rr2k1/4bppp/5n2/p2P4/qp2PB2/1RpN1P2/2Q3PP/1R4K1 b - - 1 30,60,?,f6d5,438,24,e7f8,0.003,0.0024,0.002,0.0014,a4b5,a4b5,a4b5,a4b5,137.0,0.003,-0.0016,True
2r1rbk1/5ppp/5B2/p2P4/qp2P3/1RpN1P2/2Q3PP/1R4K1 b - - 0 32,64,?,g7f6,370,244,g7f6,0.9688,0.9826,0.9887,0.9898,g7f6,g7f6,g7f6,g7f6,0.0,0.9898,0.021,False
2r1rbk1/3q1p1p/5p2/p2P4/1p2P3/1RpN1P2/2Q3PP/R6K b - - 3 34,68,?,d7c7,407,2,f6f5,0.0619,0.0665,0.0671,0.0662,c8a8,c8a8,c8a8,c8a8,22.0,0.0671,0.0043,False
r1bq1rk1/pp1p1ppp/2p2n2/2b1p3/3NP3/2N3PP/PPPP1PB1/R1BQ1RK1 b - - 0 8,16,?,c5d4,-2,19,c5d4,0.5568,0.6442,0.6645,0.6656,c5d4,c5d4,c5d4,c5d4,0.0,0.6656,0.1088,False
r1bq1rk1/pp1p1ppp/1bp2n2/4p3/3PP3/6PP/PPP1NPB1/R1BQ1RK1 b - - 0 10,20,?,e5d4,0,2,d7d6,0.5615,0.6067,0.7072,0.7026,e5d4,e5d4,e5d4,e5d4,0.0,0.7072,0.1411,False
r1bqr1k1/pp3ppp/1bpp1n2/4p3/3PP3/3QB1PP/PPP1NPB1/R4RK1 b - - 3 12,24,?,d6d5,23,44,d8e7,0.3063,0.2334,0.1538,0.1277,d6d5,e5d4,e5d4,e5d4,55.0,0.3063,-0.1786,False
r3r1k1/pp2qppp/1bppbn2/4p3/3PP3/3QB1PP/PPP1NPBK/4RR2 b - - 7 14,28,?,d6d5,-18,17,a8d8,0.0906,0.0812,0.0664,0.0579,a8d8,a8d8,a8d8,a8d8,28.0,0.0906,-0.0327,False
3rr1k1/pp2qppp/1bppbn2/8/3NPP2/3QB1PP/PPP3BK/4RR2 b - - 0 16,32,?,e6d7,-53,9,e6c8,0.0553,0.0859,0.0975,0.07,d6d5,e6c8,e6c8,e6c8,6.0,0.0975,0.0147,False
2brr1k1/pp2qppp/1bp2n2/3pP3/3N1P2/3Q2PP/PPP3BK/4RRB1 b - - 0 18,36,?,f6e4,-27,105,f6e4,0.4065,0.45,0.4946,0.5977,f6e4,f6e4,f6e4,f6e4,0.0,0.5977,0.1912,False
2brr1k1/pp2qppp/1bp5/4P3/3NQP2/6PP/PPP4K/4RRB1 b - - 0 20,40,?,b6d4,117,111,b6d4,0.2027,0.1697,0.1253,0.0935,c6c5,e7b4,e7b4,e7b4,152.0,0.2027,-0.1092,False
2brr1k1/pp1q1ppp/2p5/4P3/4QP2/6PP/PPP2B1K/4RR2 b - - 2 22,44,?,d7h3,205,237,d7h3,0.7095,0.8754,0.9398,0.9564,d7h3,d7h3,d7h3,d7h3,0.0,0.9564,0.2469,False
3rr1k1/pp3ppp/2p5/4Pb2/5P2/6Pq/PPP2BQ1/4RRK1 b - - 3 24,48,?,d8d2,208,33,h3g4,0.0313,0.0199,0.0203,0.0255,h3g4,h3g4,h3g4,h3g4,77.0,0.0313,-0.0058,False
3rr1k1/pp3pp1/2p5/4Pb1p/5Pq1/4B1P1/PPP2RQ1/4R1K1 b - - 1 26,52,?,b7b6,214,1,d8d5,0.0331,0.0383,0.0442,0.0466,h5h4,h5h4,d8d1,d8d1,64.0,0.0466,0.0135,False
4r1k1/1p3pp1/p1p5/3rPb1p/1P3Pq1/P3B1P1/2P2RQ1/4R1K1 b - - 0 28,56,?,e8d8,255,11,e8d8,0.1465,0.2355,0.443,0.6806,d5d1,d5d1,e8d8,e8d8,0.0,0.6806,0.5341,False
3r2k1/1p3pp1/p1p5/4Pb1p/1P3Pq1/P1P1B1P1/6Q1/3rRRK1 b - - 2 30,60,?,d1d3,469,30,d1e1,0.2525,0.2969,0.3214,0.313,d1e1,d1e1,d1e1,d1e1,5.0,0.3214,0.0605,False
6k1/1p3pp1/p1p5/4Pb1p/1P3Pq1/P1PrB1P1/6QK/4R3 b - - 2 32,64,?,f5e6,482,6,d3c3,0.0076,0.0115,0.015,0.0151,d3c3,d3c3,d3c3,d3c3,-41.0,0.0151,0.0075,False
6k1/1p3pp1/p1p5/2B1Pb1p/PP3Pq1/1r4P1/6QK/4R3 b - - 2 34,68,?,h5h4,616,76,b3c3,0.6506,0.7008,0.7339,0.7745,h5h4,h5h4,h5h4,h5h4,0.0,0.7745,0.1239,False
rnb1k2r/1pp1bppp/p2qpn2/8/2PP4/4BN2/PP2BPPP/RN1Q1RK1 b kq - 3 8,16,?,e8g8,-98,6,b8c6,0.4474,0.4054,0.4119,0.4692,e8g8,e8g8,e8g8,e8g8,0.0,0.4692,0.0218,False
r1b2rk1/1pp1bppp/p1nqpn2/8/2PP4/2N1BN1P/PP2BPP1/R2Q1RK1 b - - 0 10,20,?,b7b6,-125,1,b7b6,0.111,0.1738,0.2776,0.3876,b7b5,b7b6,b7b6,b7b6,0.0,0.3876,0.2766,False
r4rk1/1bp1bppp/ppnqpn2/8/2PP4/2N1BN1P/PP1QBPP1/3R1RK1 b - - 3 12,24,?,b6b5,-100,14,f8e8,0.1308,0.0636,0.0171,0.0036,a8d8,a8d8,a8d8,a8d8,22.0,0.1308,-0.1272,False
r2qr1k1/1bp1bppp/ppn1pn2/8/2PP1B2/2N2N1P/PP1QBPP1/3RR1K1 b - - 7 14,28,?,e7f8,-113,6,c6b8,0.0244,0.042,0.0823,0.121,e7b4,e7b4,d8c8,d8c8,51.0,0.121,0.0966,False
r2qr1k1/1bpnbppp/pp2pn2/8/2PP1B2/2N1QN1P/PP3PP1/3RRBK1 b - - 11 16,32,?,c7c5,-77,32,d7f8,0.1416,0.1374,0.1116,0.0717,d7f8,d7f8,d7f8,d7f8,37.0,0.1416,-0.0699,False
r2qr1k1/1bp1bppp/pp2pnn1/4N3/2PP4/2N1Q2P/PP3PPB/3RRBK1 b - - 15 18,36,?,e7d6,-86,1,e7f8,0.1411,0.1708,0.1933,0.1825,g6e5,g6e5,g6e5,d8c8,10.0,0.1933,0.0414,False
2rqrbk1/1bp2ppp/pp2pnn1/4N3/2PP4/2NB2QP/PP3PPB/3RR1K1 b - - 19 20,40,?,f8d6,-78,5,b7a8,0.2175,0.2345,0.268,0.2901,g6e5,g6e5,f8d6,f8d6,0.0,0.2901,0.0726,False
b1r1rbk1/2p1qppp/pp2pnn1/4N3/B1PP4/2N3QP/PP3PPB/3RR1K1 b - - 23 22,44,?,e8d8,-120,12,e8d8,0.6806,0.6624,0.66,0.6824,e8d8,e8d8,e8d8,e8d8,0.0,0.6824,0.0018,False
2rr1bk1/2p1qppp/ppB1pnn1/8/2PP4/2N3QP/PP3PPB/3RR1K1 b - - 0 24,48,?,e7b4,-39,121,e7b4,0.3143,0.4009,0.4845,0.5721,e7b4,e7b4,e7b4,e7b4,0.0,0.5721,0.2578,False
2rr2k1/2p2ppp/ppBbpnn1/8/1qPP4/1PN1Q2P/P4PPB/3RR1K1 b - - 2 26,52,?,d6h2,418,371,d6h2,0.6735,0.7525,0.809,0.8773,d6h2,d6h2,d6h2,d6h2,0.0,0.8773,0.2038,False
2rr2k1/1Bp1nppp/pp2pn2/8/1qPP4/1PN1Q2P/P4PPK/3RR3 b - - 2 28,56,?,e7f5,38,23,e7f5,0.0512,0.0506,0.054,0.0561,c8b8,c8b8,c8b8,c8b8,27.0,0.0561,0.0049,False
1r1r2k1/2p2ppp/Bp2pn2/5n2/1qPP4/1PN4P/P4PPK/2QRR3 b - - 0 30,60,?,b4a5,44,11,f5d4,0.0301,0.0322,0.0297,0.0243,f5d4,f5d4,f5d4,f5d4,6.0,0.0322,-0.0058,False
1r1r2k1/2p2ppp/1p2pn2/qB6/2Pn4/1PN4P/P4PP1/2QRR1K1 b - - 3 32,64,?,c7c6,213,135,c7c6,0.1419,0.1466,0.16,0.1655,d4b5,d4b5,d4b5,d4b5,213.0,0.1655,0.0236,False
1r4k1/5ppp/1pB1pn2/q7/2Pr4/1PN4P/P4PP1/2Q1R1K1 b - - 0 34,68,?,d4d3,227,12,b8d8,0.1012,0.1119,0.1042,0.1058,b8d8,b8d8,b8d8,b8d8,43.0,0.1119,0.0046,False
rnbq1rk1/pp2ppbp/3p1np1/8/3P1B2/2PB1N1P/PP3PP1/RN1QK2R b KQ - 1 8,16,?,b8d7,36,8,b8c6,0.1123,0.1156,0.1296,0.1049,b8c6,b8c6,b8c6,b8c6,34.0,0.1296,-0.0074,False
r1bq1rk1/1p2ppbp/p1np1np1/8/P2P1B2/2PB1N1P/1P3PP1/RN1Q1RK1 b - - 0 10,20,?,f8e8,-14,12,f8e8,0.1148,0.1415,0.1601,0.1337,c8d7,c8d7,c8d7,c8d7,35.0,0.1601,0.0189,False
1rbqr1k1/1p2ppbp/p1np1np1/8/P2P1B2/N1PB1N1P/1P3PP1/R2QR1K1 b - - 4 12,24,?,c8e6,-70,4,c8f5,0.0177,0.0233,0.0358,0.0436,b7b5,e7e5,c8d7,c8d7,0.0,0.0436,0.0259,False
1r1qr1k1/1p2ppb1/p1np1np1/3P1b1p/P4B2/N1P2N1P/1P3PP1/R2QRBK1 b - - 0 14,28,?,e7e5,-151,9,c6a7,0.007,0.0028,0.0013,0.0009,c6a5,c6a7,c6a7,c6a7,7.0,0.007,-0.0061,False
1rnqr1k1/1p2ppb1/p2p1np1/P2P1b1p/2N2B2/2P2N1P/1P3PP1/R2QRBK1 b - - 0 16,32,?,b7b6,-148,12,f5e4,0.0812,0.0624,0.0409,0.0216,c8a7,c8a7,c8a7,b7b5,5.0,0.0812,-0.0596,False
1rnqr1k1/4ppb1/pP1p1np1/3P3p/4bB2/2P1NN1P/1P3PP1/R2QRBK1 b - - 0 18,36,?,c8b6,-58,115,c8b6,0.3677,0.3616,0.3441,0.3004,b8b6,b8b6,b8b6,b8b6,230.0,0.3677,-0.0673,False
1r1qr1k1/3nppb1/p2p1np1/3P3p/2PNbB2/4N2P/1P3PP1/R2QRBK1 b - - 2 20,40,?,b8b2,-64,72,b8b2,0.6411,0.6582,0.6763,0.726,b8b2,b8b2,b8b2,b8b2,0.0,0.726,0.0849,False
4r1k1/3nppb1/pqNp1np1/3P3p/2P1bB2/3BN2P/1r3PP1/R2QR1K1 b - - 3 22,44,?,e4d3,237,27,e4d5,0.3338,0.3683,0.3771,0.3831,e4d3,e4d3,d7c5,d7c5,37.0,0.3831,0.0493,False
4r1k1/3nppb1/RqNp2p1/3n3p/5B2/3BN2P/1r3PP1/3QR1K1 b - - 0 24,48,?,b6c5,-208,98,b6c5,0.2049,0.2,0.176,0.1476,b6b7,b6b7,b6b7,b6b7,305.0,0.2049,-0.0573,False
4r1k1/3nppb1/R2p2p1/2q4p/1N6/3BN1BP/1r3PP1/3QR1K1 b - - 0 26,52,?,b2b4,-230,106,c5b4,0.3804,0.3933,0.3834,0.3479,c5b4,c5b4,c5b4,c5b4,132.0,0.3933,-0.0325,False
4r1k1/4ppb1/2Rp2p1/2n4p/1q6/4N1BP/1r3PP1/3QRBK1 b - - 3 28,56,?,h5h4,-188,10,h5h4,0.0456,0.0536,0.0642,0.0948,c5e4,c5e4,c5e4,c5e4,161.0,0.0948,0.0492,False
4r1k1/4ppb1/2Rp2p1/3N4/1q2n2p/7P/1r3PPB/3QRBK1 b - - 3 30,60,?,e4f2,-78,169,b4b7,0.0638,0.0677,0.0742,0.0817,b4b7,b4b7,b4b7,b4b7,247.0,0.0817,0.0179,False
4r1k1/4Rpb1/2qp2p1/3N4/7p/7P/1r3PPB/3Q1BK1 b - - 0 32,64,?,e8c8,-345,11,e8b8,0.0142,0.0144,0.015,0.0164,e8e7,e8e7,e8e7,e8e7,445.0,0.0164,0.0022,True
1r4k1/4Rpb1/3p2p1/3Q4/7p/7P/1r3PPB/5BK1 b - - 0 34,68,?,b8f8,-643,252,b8f8,0.1521,0.2383,0.323,0.3183,b2b1,b2b1,b8f8,b8f8,0.0,0.323,0.1662,False
rnbq1rk1/pp3pbp/3ppnp1/2pP4/2P1P3/2N3N1/PP2BPPP/R1BQK2R b KQ - 1 8,16,?,e6d5,-73,3,a7a6,0.7427,0.8266,0.8969,0.9522,e6d5,e6d5,e6d5,e6d5,0.0,0.9522,0.2095,False
rnbq1rk1/1p3pbp/p2p1np1/2pP4/P3P3/2N3N1/1P2BPPP/R1BQK2R b KQ - 0 10,20,?,b8d7,-76,4,f8e8,0.3001,0.3638,0.3852,0.1555,b8d7,b8d7,b8d7,f8e8,4.0,0.3852,-0.1446,False
rnb1r1k1/1pq2pbp/p2p1np1/2pP4/P3P3/2N2PN1/1P2B1PP/R1BQ1RK1 b - - 0 12,24,?,b8d7,-87,3,b8d7,0.4135,0.5725,0.7002,0.7641,b8d7,b8d7,b8d7,b8d7,0.0,0.7641,0.3506,False
r1b1r1k1/1pqn1pbp/p2p1np1/3P4/P1p1PB2/2N2PN1/1P2B1PP/R2Q1R1K b - - 1 14,28,?,h7h5,-7,1,a8b8,0.0194,0.0149,0.0122,0.0238,d7e5,d7e5,d7e5,d7e5,103.0,0.0238,0.0044,True
1rb1r1k1/1pq2pbp/p2p1np1/P2Pn3/2p1P3/2N1BPN1/1P2B1PP/R2Q1R1K b - - 2 16,32,?,h7h5,-80,43,e5d7,0.0332,0.0287,0.0319,0.0738,c8d7,c8d7,c8d7,c8d7,165.0,0.0738,0.0406,False
r1b1r1k1/1pqn1pbp/p2p1np1/P2P4/2pBP3/2N2PN1/1P2B1PP/R2Q1R1K b - - 6 18,36,?,b7b5,-133,4,b7b5,0.1442,0.1297,0.1429,0.195,d7e5,d7e5,d7e5,d7e5,56.0,0.195,0.0508,False
r1b1r1k1/2q2pbp/pn1p1np1/3P4/N1pBP3/5PN1/1P2B1PP/R2Q1R1K b - - 1 20,40,?,b6a4,-103,51,b6a4,0.8477,0.8391,0.8292,0.8477,b6a4,b6a4,b6a4,b6a4,0.0,0.8477,0.0,False
r3r1k1/2qb1pbp/p2p1np1/3P4/2RBP3/5PN1/1P2B1PP/3Q1R1K b - - 0 22,44,?,c7d8,-117,13,c7b7,0.2535,0.3344,0.3633,0.3391,c7b7,c7d8,c7d8,c7d8,0.0,0.3633,0.0856,False
r3r1k1/1qR2pbp/p2p1np1/1b1P4/3BP3/5PN1/1PQ1B1PP/5R1K b - - 4 24,48,?,a8c8,-89,1,a8c8,0.0315,0.0196,0.0201,0.0152,b7b8,b7b8,b7b8,b7b8,59.0,0.0315,-0.0163,False
4r1k1/1R3pbp/p2p1np1/1B1P4/3BP3/5PN1/1Pr3PP/5R1K b - - 0 26,52,?,a6b5,-109,262,a6b5,0.8565,0.9438,0.9762,0.9867,a6b5,a6b5,a6b5,a6b5,0.0,0.9867,0.1302,False
4r1k1/1R3pb1/3p1np1/1p1P3p/4P3/2B2PN1/1Pr3PP/R6K b - - 1 28,56,?,h5h4,0,49,h5h4,0.4754,0.5313,0.6001,0.6756,h5h4,h5h4,h5h4,h5h4,0.0,0.6756,0.2002,False
4r1k1/5pb1/3p1np1/3P4/1R2P2p/2B2P2/1Pr3PP/R4N1K b - - 0 30,60,?,f6h5,-66,1,f6h5,0.2649,0.383,0.5316,0.6625,h4h3,f6h5,f6h5,f6h5,0.0,0.6625,0.3976,False
4r3/5pk1/3p2p1/3P3n/1R2P2p/5P1P/1Pr3P1/R4N1K b - - 0 32,64,?,c2e2,0,3,c2f2,0.0205,0.0162,0.0138,0.0118,h5f4,h5f4,h5f4,h5f4,44.0,0.0205,-0.0087,False
2r5/5pk1/3p2p1/3P3n/2R1P2p/4NP1P/1P3rP1/R6K b - - 4 34,68,?,c8b8,-81,6,h5g3,0.1168,0.1473,0.2261,0.3531,c8c4,c8c4,c8c4,c8c4,117.0,0.3531,0.2363,False
rnbq1rk1/pp2p1bp/2pp1np1/5p2/3P4/P1NQ1NP1/1PP1PPBP/R1B2RK1 b - - 1 8,16,?,d6d5,-23,4,d6d5,0.0697,0.0537,0.0349,0.0301,d8e8,d8e8,d8e8,d8e8,55.0,0.0697,-0.0396,False
rnbq1rk1/pp4bp/2p1pnp1/3p1p2/3P1B2/P1N2NP1/1PPQPPBP/R4RK1 b - - 1 10,20,?,b8d7,-17,1,b8d7,0.2501,0.2795,0.3281,0.2857,b8d7,f6e4,f6e4,f6e4,39.0,0.3281,0.0356,False
r1bq1rk1/pp1n2bp/2pBp1p1/3p1p2/3PN3/P4NP1/1PPQPPBP/R4RK1 b - - 0 12,24,?,d5e4,104,114,d5e4,0.285,0.2702,0.251,0.2479,f5e4,f5e4,f5e4,f5e4,118.0,0.285,-0.0371,False
r1bqr1k1/pp1n2bp/2pBp1p1/5pN1/3Pp3/P5P1/1PPQPPBP/R2R2K1 b - - 3 14,28,?,d7b6,112,14,d7b6,0.1491,0.2143,0.2703,0.2545,d7f6,d7f6,d7f6,d7f6,140.0,0.2703,0.1054,False
r1bqr1k1/pp4b1/1np1p1pp/5p2/3PNB2/P5P1/1PPQPPBP/R2R2K1 b - - 0 16,32,?,f5e4,158,161,f5e4,0.6878,0.7947,0.8408,0.8407,f5e4,f5e4,f5e4,f5e4,0.0,0.8408,0.1529,False
r1bqr1k1/pp4b1/2p1p1pB/8/2nPp3/P5P1/1PP1PPBP/R1QR2K1 b - - 2 18,36,?,d8f6,202,67,d8f6,0.0989,0.1914,0.3305,0.3842,g7h6,g7h6,d8f6,d8f6,0.0,0.3842,0.2853,False
r1b1r1k1/pp4b1/2p2qp1/4p1B1/2nPB3/P5P1/1PP1PP1P/R1QR2K1 b - - 1 20,40,?,f6f7,217,194,f6f7,0.5183,0.6048,0.6896,0.7967,f6f7,f6f7,f6f7,f6f7,0.0,0.7967,0.2784,False
r1b2rk1/pp3qb1/2P3p1/4p1B1/2n1B3/P5P1/1PP1PP1P/R1QR2K1 b - - 0 22,44,?,f7f2,293,170,f7f2,0.6657,0.8215,0.8996,0.9476,f7f2,f7f2,f7f2,f7f2,0.0,0.9476,0.2819,False
r1b2rk1/p5b1/2B3p1/4p1B1/2n5/P5P1/1PP1Pq1P/R1QR3K b - - 0 24,48,?,c8h3,339,156,c8h3,0.1899,0.2105,0.2665,0.3513,a8b8,a8b8,a8b8,a8b8,185.0,0.3513,0.1614,False
r4r2/p5bk/6p1/3Bp1B1/2n5/P5Pb/1PP1Pq1P/R1Q3RK b - - 4 26,52,?,f2c5,376,41,f2c5,0.0141,0.0166,0.0173,0.0178,f2e2,f2e2,f2e2,f2e2,96.0,0.0178,0.0037,False
1r3r2/pB4bk/6p1/2q1p1B1/1Pn5/P5Pb/2P1P2P/R1Q3RK b - - 0 28,56,?,c5d4,395,2,c5d4,0.1145,0.1096,0.1064,0.1089,c5f2,c5f2,c5f2,c5f2,47.0,0.1145,-0.0056,False
1r3r2/p5bk/6p1/3Bp1B1/1Pn3q1/P1P3Pb/4P2P/R1Q3RK b - - 2 30,60,?,f8f2,474,41,f8f2,0.1505,0.1628,0.1923,0.2562,g4e2,g4e2,g4e2,g4e2,163.0,0.2562,0.1057,False
1r6/p5bk/6p1/4p1B1/1Pn3q1/P1P3P1/4PrBP/R1Q4K b - - 0 32,64,?,b8f8,526,18,b8f8,0.1349,0.1642,0.1873,0.2135,g4e2,g4e2,g4e2,g4e2,-2.0,0.2135,0.0786,False
5r2/p5bk/6p1/8/1Pn1p1q1/P1P1B1P1/R3PrBP/2Q4K b - - 1 34,68,?,c4e3,545,59,c4e3,0.5204,0.4995,0.4249,0.3239,c4e3,c4e3,c4e3,f2e2,33.0,0.5204,-0.1965,False
r1bq1rk1/pp2bppp/2nppn2/2p5/P3P3/1BPP1N2/1P1N1PPP/R1BQK2R b KQ - 2 8,16,?,b7b6,17,18,a7a6,0.1029,0.115,0.1239,0.1448,a7a6,a7a6,a7a6,a7a6,29.0,0.1448,0.0419,False
1rbq1rk1/1p2bppp/p1nppn2/2p5/P3P3/1BPP1N2/1P1NQPPP/R1B2RK1 b - - 3 10,20,?,b7b5,-19,3,b7b5,0.6491,0.6798,0.7272,0.8414,b7b5,b7b5,b7b5,b7b5,0.0,0.8414,0.1923,False
1rbq1rk1/4bppp/2nppn2/1pp5/4P3/1BPP1N2/1P1NQPPP/R1B1R1K1 b - - 1 12,24,?,d8b6,13,3,c8d7,0.0233,0.0237,0.0252,0.0203,b5b4,c8b7,c8b7,c8b7,0.0,0.0252,-0.003,False
r2q1rk1/3bbppp/2nppn2/1pp3B1/4P3/1BPP1N2/1P2QPPP/R3RNK1 b - - 5 14,28,?,h7h6,6,1,h7h6,0.1136,0.1424,0.1513,0.1116,a8a1,d8c7,d8c7,d8c7,26.0,0.1513,-0.002,False
r2q1rk1/3bBpp1/2npp2p/1pp4n/4P3/1BPP1N2/1P2QPPP/R3RNK1 b - - 0 16,32,?,d8e7,-10,3,d8e7,0.8466,0.8191,0.7857,0.8032,d8e7,d8e7,d8e7,d8e7,0.0,0.8466,-0.0434,False
r4rk1/3bqpp1/2nppn1p/1pp5/4P3/1BPP1NN1/1P1Q1PPP/R3R1K1 b - - 3 18,36,?,c6e5,2,9,f8c8,0.0394,0.0612,0.0664,0.0442,a8a1,c6a5,c6a5,c6a5,23.0,0.0664,0.0048,False
r1r3k1/3bqpp1/2np1n1p/1ppPp3/4P3/1BP2NN1/1P1Q1PPP/R3R1K1 b - - 0 20,40,?,c6a5,37,52,c6a5,0.5303,0.6804,0.8134,0.8665,c6a5,c6a5,c6a5,c6a5,0.0,0.8665,0.3362,False
r1r3k1/3bqpp1/3p1n1p/np1Pp3/2p1P3/2P2NNP/BP1Q1PP1/R3R1K1 b - - 0 22,44,?,f6h7,100,10,a5b7,0.0146,0.0289,0.0346,0.0252,a5b7,a5b7,a5b7,a5b7,21.0,0.0346,0.0106,False
r1r3k1/1n1bqpp1/3p1n1p/1p1Pp3/4P3/1BP2NNP/3Q1PP1/R3R1K1 b - - 0 24,48,?,e7d8,75,12,b7c5,0.0278,0.0338,0.0289,0.0199,b7c5,b7c5,b7c5,b7c5,11.0,0.0338,-0.0079,False
r1rq2k1/3b1pp1/3p1n1p/1pnPp3/4P3/2P2NNP/2BQ1PP1/RR4K1 b - - 4 26,52,?,a8a1,72,10,a8a1,0.4351,0.3792,0.3049,0.2291,a8a1,a8a1,a8a1,a8a1,0.0,0.4351,-0.206,False
2rq2k1/3b1pp1/3p1n1p/1p1Pp3/n3P3/2P2N1P/2BQNPP1/R5K1 b - - 2 28,56,?,d8b6,83,12,d8c7,0.0254,0.0259,0.0294,0.0335,a4c5,a4c5,a4c5,a4c5,45.0,0.0335,0.0081,False
2r3k1/2qb1pp1/3p1n1p/3Pp3/p3P3/2P1QN1P/4NPP1/R5K1 b - - 1 30,60,?,c7c5,126,17,c7c5,0.0787,0.1072,0.1201,0.1097,c7c4,c7c4,c7c4,c7c4,113.0,0.1201,0.031,False
6k1/3b1pp1/3p1n1p/2rPp3/p3P3/2P4P/3NNPP1/R5K1 b - - 1 32,64,?,d7b5,164,157,d7b5,0.3425,0.371,0.3833,0.3217,d7b5,d7b5,d7b5,d7b5,0.0,0.3833,-0.0208,False
6k1/5pp1/3p1n1p/1b1PpN2/p3P3/2r4P/3N1PP1/R5K1 b - - 1 34,68,?,f6e8,241,92,c3c2,0.2948,0.3744,0.4819,0.5967,f6e8,f6e8,f6e8,f6e8,0.0,0.5967,0.3019,False
rnbqk2r/ppp1bppp/5n2/3p4/3P4/3B1N1P/PPP2PP1/RNBQ1RK1 b kq - 1 8,16,?,b8d7,-47,3,e8g8,0.0077,0.0119,0.0132,0.012,e8g8,e8g8,e8g8,e8g8,5.0,0.0132,0.0043,False
r1bq1rk1/pppnbppp/5n2/3p4/3P1B2/3B1N1P/PPP2PP1/RN1QR1K1 b - - 5 10,20,?,f8e8,-51,3,f8e8,0.2009,0.1927,0.1789,0.232,c7c5,c7c6,c7c6,c7c6,7.0,0.232,0.0311,False
r1bqrnk1/ppp1bppp/5n2/3p4/3P1B2/3B1N1P/PPP2PP1/R2QRNK1 b - - 9 12,24,?,c7c6,-49,0,f8g6,0.1129,0.221,0.3252,0.3461,f8g6,f8g6,f8g6,c7c6,0.0,0.3461,0.2332,False
r1bqr1k1/1pp1bppp/5nn1/p2p4/3P4/2PB1N1P/PP3PPB/R2QRNK1 b - - 0 14,28,?,e7d6,-41,2,e7d6,0.2001,0.177,0.1512,0.1653,e7d6,c7c6,c7c6,c7c6,4.0,0.2001,-0.0348,False
r1bqn1k1/1pp2ppp/3b2n1/p2p4/3P4/2PB1N1P/PPQ2PPB/R4NK1 b - - 1 16,32,?,e8f6,-34,3,d6h2,0.1036,0.1385,0.1606,0.1152,d6h2,d6h2,d6h2,d6h2,-3.0,0.1606,0.0116,False
r1bq2k1/1pp2ppp/3n2n1/p2p4/3P2N1/2PB1N1P/PPQ2PP1/R5K1 b - - 2 18,36,?,a5a4,-29,4,a5a4,0.0281,0.0202,0.0195,0.0387,c8g4,c8g4,c8g4,c8g4,8.0,0.0387,0.0106,False
r1bq2k1/1p3ppp/2pn2n1/3p4/p2P2N1/P1PB1N1P/1PQ2PP1/4R1K1 b - - 0 20,40,?,g6f8,-27,3,g6f8,0.0114,0.012,0.0184,0.0658,g6f4,c8g4,c8g4,c8g4,21.0,0.0658,0.0544,False
r2q1nk1/1p3ppp/2pnb3/3p4/p2P3P/P1PBNN2/1PQ2PP1/4R1K1 b - - 0 22,44,?,h7h5,-34,4,g7g6,0.0154,0.0121,0.0102,0.0213,b7b5,b7b5,d8f6,d8f6,-1.0,0.0213,0.0059,False
r2q1nk1/1p3p2/2pnb1p1/3pN2p/p2P3P/P1PBN1P1/1PQ2P2/4R1K1 b - - 1 24,48,?,d8f6,-26,6,d8f6,0.2024,0.3223,0.3718,0.2954,d8f6,d8f6,d8f6,g8g7,8.0,0.3718,0.093,False
r4nk1/1p3p2/2pn1qp1/3pNb1p/p2P1N1P/P1PB2P1/1PQ2P2/4R1K1 b - - 5 26,52,?,f5d3,-20,2,f5d3,0.3977,0.3874,0.3153,0.2309,f5d3,f5d3,f5d3,f5d3,0.0,0.3977,-0.1668,False
r5k1/1p3p2/2pnnqp1/3pN2p/p2P3P/P1PN2P1/1PQ2PK1/4R3 b - - 2 28,56,?,d6e4,-26,2,d6e4,0.2888,0.3297,0.3601,0.2967,d6e4,d6e4,d6e4,d6e4,0.0,0.3601,0.0079,False
r7/1p3pk1/2p1nqp1/3p3p/p2Pn2P/P1PN1NP1/1P3PK1/3QR3 b - - 6 30,60,?,e4d6,-23,1,e4d6,0.0823,0.0983,0.1214,0.1605,g6g5,b7b6,b7b6,e4d6,0.0,0.1605,0.0782,False
r7/1p3pk1/2p1nqp1/3p3p/p2Pn2P/P1PN2P1/1P1NRPK1/3Q4 b - - 10 32,64,?,f6f5,-12,13,f6f5,0.111,0.1144,0.1015,0.0744,e4d2,e4d6,e4d6,e4d6,24.0,0.1144,-0.0366,False
r7/1p3pk1/2p1nqp1/3pN2p/p2Pn2P/P1PN2P1/1P2RPK1/3Q4 b - - 14 34,68,?,f6e7,-14,5,f6e7,0.0454,0.0675,0.0886,0.0912,g6g5,g6g5,e4d6,e4d6,16.0,0.0912,0.0458,False
rnbq1rk1/pppp2pp/4p3/5p2/2PPn3/P1B3P1/1PQ1PP1P/R3KBNR b KQ - 0 8,16,?,d7d6,-37,2,b7b6,0.0672,0.0661,0.0707,0.0793,b7b6,b7b6,b7b6,b7b6,26.0,0.0793,0.0121,False
rn1q1rk1/pbpp2pp/1p2p3/5p2/2PPn3/P1B2NP1/1PQ1PPBP/R3K2R b KQ - 3 10,20,?,e4c3,-18,14,e4c3,0.2797,0.2495,0.2328,0.1242,d7d6,d7d6,d7d6,d7d6,50.0,0.2797,-0.1555,False
rn1q1rk1/pbp3pp/1p1pp3/5p2/2PP4/P1Q2NP1/1P2PPBP/R4RK1 b - - 1 12,24,?,b8d7,-26,10,a7a5,0.6731,0.8087,0.8736,0.8967,b8d7,b8d7,b8d7,b8d7,0.0,0.8967,0.2236,False
r2q1rk1/1bpn2pp/1p1pp3/p4p2/2PP4/PPQ3P1/4PPBP/R3NRK1 b - - 2 14,28,?,b7g2,-10,15,b7g2,0.8727,0.939,0.9706,0.984,b7g2,b7g2,b7g2,b7g2,0.0,0.984,0.1113,False
r2q1rk1/2pn2pp/1p1p4/p3Pp2/2P5/PPQ3P1/4PPNP/R4RK1 b - - 0 16,32,?,d7e5,-11,2,d7e5,0.5267,0.7091,0.8083,0.7774,d7e5,d7e5,d7e5,d7e5,0.0,0.8083,0.2507,False
r4rk1/2pq2pp/1p1p4/p3np2/2P2N2/PPQ3P1/4PP1P/R2R2K1 b - - 3 18,36,?,d7f7,0,15,d7c6,0.0618,0.1232,0.1825,0.1912,e5g4,a8e8,a8e8,a8e8,17.0,0.1912,0.1294,False
r5k1/2p2rpp/1pqp4/p2Nnp2/2P5/PPQ3P1/3RPP1P/R5K1 b - - 7 20,40,?,a8f8,-30,4,h7h5,0.1039,0.1806,0.2546,0.2343,b6b5,b6b5,a8f8,a8e8,2.0,0.2546,0.1304,False
r5k1/2p2rp1/1pqp4/4np1p/pNP4P/PPQ3P1/3RPP2/R5K1 b - - 1 22,44,?,c6e4,37,5,c6e8,0.2929,0.3031,0.3214,0.3524,c6e4,c6e4,c6e4,c6e4,0.0,0.3524,0.0595,False
r3q1k1/2p2rp1/1p1p4/5p1p/pPP3nP/P1QN2P1/3RPP2/R5K1 b - - 0 24,48,?,g4f6,-49,51,f7e7,0.0518,0.0573,0.0471,0.03,f7e7,e8e4,e8e4,e8e4,82.0,0.0573,-0.0218,False
r3q1k1/2p3p1/1p1p4/3Rrp1p/pPP2NnP/P1Q3P1/4PP2/R5K1 b - - 4 26,52,?,g4f6,-96,9,g7g6,0.1888,0.2662,0.3073,0.2889,e5d5,g4f6,g4f6,g4f6,0.0,0.3073,0.1001,False
r3q1k1/2p5/1p1p2p1/3P1p1p/pP3NnP/P1Q3P1/4PP2/3R2K1 b - - 0 28,56,?,a8c8,-226,12,a8c8,0.2668,0.3456,0.3593,0.2733,a8c8,a8c8,a8c8,a8c8,0.0,0.3593,0.0065,False
2r1q1k1/8/1pPp2p1/5p1p/pP3NnP/P5P1/2Q1PP2/3R2K1 b - - 0 30,60,?,e8c6,-321,53,b6b5,0.0403,0.0309,0.0233,0.0212,c8c6,c8c6,c8c6,c8c6,68.0,0.0403,-0.0191,False
2r1q1k1/8/2PR2p1/1p2np1p/pP3N1P/P5P1/Q3PP2/6K1 b - - 2 32,64,?,g8h7,-559,1,g8g7,0.3231,0.3826,0.4068,0.4329,g8h7,g8h7,g8h7,g8h7,0.0,0.4329,0.1098,False
2r5/6k1/2PRN1p1/1p2np1p/pP5P/P5P1/4PP2/6K1 b - - 0 34,68,?,g7f7,-487,90,g7f7,0.4549,0.4671,0.544,0.6219,g7f7,g7f7,g7f7,g7f7,0.0,0.6219,0.167,False
r1bq1rk1/pp2ppbp/2np1np1/2pP4/2P5/2N2NP1/PP2PPBP/R1BQ1RK1 b - - 0 8,16,?,c6a5,-38,48,c6a5,0.183,0.2496,0.2879,0.3714,c6e5,c6e5,c6b8,c6b8,67.0,0.3714,0.1884,False
r1bq1rk1/pp2ppbp/3p2p1/n1pP4/2P1N3/1P3NP1/P3PPBP/R1BQ1RK1 b - - 0 10,20,?,g7a1,-45,183,g7a1,0.9816,0.9959,0.9991,0.9997,g7a1,g7a1,g7a1,g7a1,0.0,0.9997,0.0181,False
r1bq1rk1/pp2ppbp/3p2pB/n1pP4/2P1N3/1P3NP1/P2QPPBP/5RK1 b - - 3 12,24,?,f7f6,90,6,b7b6,0.0133,0.0103,0.009,0.0122,c8f5,c8f5,c8f5,b7b6,83.0,0.0133,-0.0011,False
r2q1rk1/p3ppbp/1p1p2pB/n1pP1b2/2P5/1PN2NP1/P2QPPBP/4R1K1 b - - 3 14,28,?,f7f6,98,19,f7f6,0.0344,0.0302,0.0261,0.0301,g7h6,a5b7,a5b7,a5b7,67.0,0.0344,-0.0043,False
r2q1rk1/p3p1bp/1p1p1ppB/n1pP4/2P1P1bP/1PN2NP1/P2Q1PB1/4R1K1 b - - 0 16,32,?,g7h6,89,4,d8d7,0.1868,0.0897,0.0402,0.0226,g4f3,g4f3,g4f3,g4f3,142.0,0.1868,-0.1642,False
r4rk1/3qp1bp/pp1p1ppB/n1pP4/2P1P1bP/1PN3P1/P2Q1PBK/4R1N1 b - - 1 18,36,?,g7h6,99,56,d7c8,0.2048,0.1104,0.0546,0.0326,g7h6,f8f7,f8f7,b6b5,137.0,0.2048,-0.1722,False
r1q2rk1/1n2p1Bp/pp1p1pp1/2pP4/2P1P1bP/1P4P1/P2QNPBK/4R1N1 b - - 0 20,40,?,g8g7,102,528,g8g7,0.9936,0.9972,0.9983,0.999,g8g7,g8g7,g8g7,g8g7,0.0,0.999,0.0054,False
r1q2r2/1n2p1kp/p2p1pp1/1ppP4/2P1PNbP/1P4PB/P2Q1P1K/4R1N1 b - - 1 22,44,?,g4h3,165,21,b7d8,0.3744,0.3976,0.3892,0.343,g4h3,g4h3,g4h3,g4h3,0.0,0.3976,-0.0314,False
r2n1r2/4p1kp/p2p1pp1/1ppP4/2P1PNqP/1P3PP1/P2Q3K/4R1N1 b - - 0 24,48,?,g4d7,163,24,g4d7,0.8204,0.8449,0.8437,0.8439,g4d7,g4d7,g4d7,g4d7,0.0,0.8449,0.0235,False
r2n1r2/3qp1kp/p2p1pp1/2pP4/2P1PN1P/5PPN/P2Q3K/4R3 b - - 0 26,52,?,d7a4,210,4,a8b8,0.2461,0.2329,0.2359,0.2323,d7a4,d8f7,d8f7,a8b8,-2.0,0.2461,-0.0138,False
3n1r2/3qp1kp/p2p1ppP/2pP4/1rP1PN2/5PPN/P2Q3K/4R3 b - - 0 28,56,?,g7g8,268,0,g7h8,0.2419,0.3552,0.4762,0.5805,g7h6,g7h6,g7g8,g7g8,0.0,0.5805,0.3386,False
3n1r1k/4p2p/p2p1ppP/2pP2N1/qrP1PN2/2Q2PP1/P6K/4R3 b - - 4 30,60,?,b4c4,464,114,a4a2,0.4159,0.4319,0.455,0.4314,a4a2,a4a2,a4a2,a4a2,102.0,0.455,0.0155,False
3n1r1k/4p2p/p2p1ppP/2pP2N1/1rq1PN2/5PPK/8/Q3R3 b - - 1 32,64,?,b4a4,408,64,b4a4,0.3434,0.3417,0.3181,0.2698,b4a4,b4a4,b4a4,c4d4,65.0,0.3434,-0.0736,False
r2qkbnr/pp3ppp/2n1b3/3p4/3PpB2/2N1P3/PP3PPP/R2QKBNR b KQkq - 0 8,16,?,a7a6,45,2,d8b6,0.0805,0.1494,0.2052,0.1805,f8b4,f8b4,a7a6,f8d6,31.0,0.2052,0.1,False
r3k1nr/pp3ppp/1qn1b3/3p4/1b1PpB2/1QN1P3/PP2NPPP/R3KB1R b KQkq - 4 10,20,?,a8c8,59,1,g8e7,0.0096,0.0116,0.0208,0.0482,g8f6,g8f6,g8f6,g8f6,27.0,0.0482,0.0386,False
r4rk1/pp2nppp/1qn1b3/3p4/1b1PpBP1/1QN1P2P/PP2NP2/R3KB1R b KQ - 0 12,24,?,c6a5,184,1,e7g6,0.4834,0.4947,0.4822,0.4398,c6a5,c6a5,c6a5,c6a5,0.0,0.4947,-0.0436,False
r4rk1/pp4pp/1qn1b1n1/3p1pP1/1b1Pp3/1QN1P1BP/PP2NP2/R3KB1R b KQ - 0 14,28,?,f5f4,272,46,c6a5,0.1467,0.1378,0.1357,0.1626,c6a5,c6a5,c6a5,c6a5,79.0,0.1626,0.0159,False
r4rk1/pp4pp/1q2b1n1/n2p1pP1/3Pp3/2P1P1BP/P1Q1NP2/R3KB1R b KQ - 0 16,32,?,f5f4,35,20,a8c8,0.0314,0.022,0.0179,0.0194,a5c4,a5c4,a5c4,a5c4,42.0,0.0314,-0.012,False
2r2rk1/pp4pp/1q2b3/n2p1pP1/3PpB2/2P1P2P/P1Q2P2/R3KB1R b KQ - 0 18,36,?,e6d7,18,15,c8c6,0.011,0.0109,0.0119,0.0136,a5c4,a5c4,a5c4,a5c4,54.0,0.0136,0.0026,False
3q1rk1/pp4pp/2r1b3/n2p1pP1/3PpB2/2P1P2P/P1Q1BP2/1R2K2R b K - 4 20,40,?,e6f7,-33,3,d8c8,0.007,0.0081,0.0072,0.0058,a5c4,a5c4,d8c8,d8c8,-1.0,0.0081,-0.0012,False
2q2rk1/p5pp/1pr1b3/n2p1pP1/3PpB1P/2P1P3/P1QKBP2/1R5R b - - 0 22,44,?,a5c4,7,21,a5c4,0.6973,0.7461,0.7671,0.7039,a5c4,a5c4,a5c4,a5c4,0.0,0.7671,0.0066,False
2q2rk1/p5pp/1p2b3/3p1pP1/1RrPpB1P/2P1P3/P1QK1P2/7R b - - 1 24,48,?,e6f7,5,0,c8a6,0.0047,0.005,0.004,0.0036,c4b4,c4b4,c4b4,c4b4,5.0,0.005,-0.0011,False
5rk1/p5pp/1p2b3/3p1pP1/2qPpB1P/2P1P3/P1QK1P2/3R4 b - - 1 26,52,?,c4a6,38,4,f8c8,0.0389,0.0296,0.0188,0.0145,f8c8,f8c8,f8c8,f8c8,0.0,0.0389,-0.0244,False
2r3k1/p4bpp/1p6/3p1pP1/2qPpB1P/1QP1P3/P2K1P2/2R5 b - - 5 28,56,?,c4d3,222,168,c4d3,0.5235,0.5559,0.541,0.4713,c4d3,c4d3,c4d3,c4d3,0.0,0.5559,-0.0522,False
2r3k1/p5pp/1p6/3p1pPb/3PpB1P/2PqP3/PQ3P2/2R1K3 b - - 9 30,60,?,h5f3,258,5,b6b5,0.4113,0.4842,0.537,0.5455,h5f3,h5f3,h5f3,h5f3,0.0,0.5455,0.1342,False
2r3k1/p5pp/8/1p1p1pPb/2qPpB1P/P1P1P3/3Q1P2/2R1K3 b - - 0 32,64,?,h5f3,285,11,c4b3,0.1409,0.1692,0.2116,0.228,a7a5,a7a5,a7a5,a7a5,49.0,0.228,0.0871,False
2r3k1/6pp/3B4/pp1p1pPb/3Pp2P/PqP1P3/3Q1P2/2R2K2 b - - 1 34,68,?,c8c6,243,38,h5f3,0.0467,0.0597,0.0746,0.0934,b3c4,b3c4,h5f3,h5f3,24.0,0.0934,0.0467,False
r1bqk2r/ppppbppp/3n4/4R3/8/8/PPPP1PPP/RNBQ1BK1 b kq - 0 8,16,?,e8g8,-31,19,e8g8,0.6963,0.8671,0.9342,0.9681,e8g8,e8g8,e8g8,e8g8,0.0,0.9681,0.2718,False
r1bq1rk1/pppp1ppp/3n1b2/8/3P4/8/PPP2PPP/RNBQRBK1 b - - 2 10,20,?,d6f5,-36,8,d6f5,0.3972,0.4484,0.524,0.5075,d6f5,d6f5,d6f5,d6f5,0.0,0.524,0.1103,False
r1bq1rk1/ppp2ppp/5b2/3p1n2/3P4/2P5/PP1N1PPP/R1BQRBK1 b - - 1 12,24,?,f5d6,-33,1,f5d6,0.0596,0.0719,0.1054,0.2462,f5h4,f5h4,c7c6,c7c6,-5.0,0.2462,0.1866,False
r2q1rk1/ppp2ppp/3n1b2/3p1b2/3P1B2/2P2N2/PP3PPP/R2QRBK1 b - - 5 14,28,?,a7a5,-26,0,a7a5,0.0088,0.0062,0.003,0.004,d6e4,d6e4,d6e4,d6e4,26.0,0.0088,-0.0048,False
r2q1rk1/1p3ppp/2pn1b2/p2p1b2/P2P1B2/1QP2N2/1P3PPP/R3RBK1 b - - 1 16,32,?,f5e4,-28,1,f5e4,0.0423,0.0587,0.0793,0.0895,d6e4,d6e4,d6e4,d6e4,67.0,0.0895,0.0472,False
r2q1rk1/1p3ppp/2pn1bb1/p2p4/P2P1B2/1QP2N2/1P3PPP/R3RBK1 b - - 5 18,36,?,g6e4,-25,17,g6e4,0.0818,0.086,0.0922,0.1014,d6e4,d6e4,d6e4,d6e4,163.0,0.1014,0.0196,False
r2q1rk1/1p3ppp/2pn1bb1/p2p4/P2P1B2/1QP4P/1P1N1PP1/R3RBK1 b - - 0 20,40,?,f6g5,-19,8,f6g5,0.0969,0.1313,0.139,0.0807,d6f5,d6e4,f6g5,d8d7,28.0,0.139,-0.0162,False
r4rk1/1p3ppp/2pn2b1/p2p2q1/P2P4/1QP2N1P/1P3PP1/R3RBK1 b - - 1 22,44,?,g5d8,-16,1,g5f6,0.1612,0.2025,0.2266,0.2253,g5f4,g5f6,g5f6,g5f6,1.0,0.2266,0.0641,False
r4rk1/1p3ppp/2pn1q2/p2pNb2/P2P4/1QP1R2P/1P3PP1/R4BK1 b - - 5 24,48,?,a8e8,-11,13,a8e8,0.0914,0.0511,0.0425,0.0634,d6e4,d6e4,f6g5,f8e8,18.0,0.0914,-0.028,False
3qrrk1/1p3ppp/2pn4/p2pNb2/P1PP4/1Q2R2P/1P3PP1/4RBK1 b - - 0 26,52,?,d5c4,-12,16,d5c4,0.3548,0.3478,0.3638,0.4063,d5c4,d5c4,d5c4,d5c4,0.0,0.4063,0.0515,False
3qrrk1/1p3ppp/2p5/p3Nb2/P1QP4/4R2P/1P3PP1/4R1K1 b - - 0 28,56,?,f5e6,-24,21,f5e6,0.6174,0.7518,0.8237,0.8017,f5e6,f5e6,f5e6,f5e6,0.0,0.8237,0.1843,False
3qrrk1/1p3pp1/2p1b2p/p3N3/P2P4/1PQ1R2P/5PP1/4R1K1 b - - 0 30,60,?,e6d5,-13,12,e6d5,0.1856,0.2934,0.3757,0.3402,f7f6,e6d5,e6d5,e6d5,0.0,0.3757,0.1546,False
4rrk1/1p3pp1/2p4p/p2bN1q1/PP1P4/2Q3RP/5PP1/4R1K1 b - - 2 32,64,?,a5b4,-11,42,a5b4,0.0115,0.0121,0.0131,0.0137,g5f6,g5f6,g5d8,g5d8,50.0,0.0137,0.0022,False
4rrk1/1p2qpp1/1Qp4p/3bN3/P2P4/6RP/5PP1/4R1K1 b - - 2 34,68,?,e8a8,-2,14,e8a8,0.0985,0.1123,0.1228,0.1342,f7f6,f7f6,f7f6,f7f6,18.0,0.1342,0.0357,False
rnbq1rk1/pp3ppp/2pb1p2/8/3P4/2PB4/PPQ2PPP/R1B1K1NR b KQ - 4 8,16,?,h7h6,-42,5,f8e8,0.0595,0.0696,0.1594,0.2138,f8e8,f8e8,f8e8,f8e8,-4.0,0.2138,0.1543,False
rnbqr1k1/pp3ppp/2p2p2/8/3P1b2/2PBB3/PPQ2PPP/2KR2NR b - - 8 10,20,?,f4e3,-4,87,f4e3,0.7696,0.8017,0.8046,0.7474,f4e3,f4e3,f4e3,f4e3,0.0,0.8046,-0.0222,False
rnbq2k1/pp3ppB/2p2p2/8/3P4/2P1r3/PPQ3PP/2KR2NR b - - 0 12,24,?,g8h8,-93,56,g8f8,0.4046,0.5613,0.7104,0.8249,g8f8,g8h8,g8h8,g8h8,0.0,0.8249,0.4203,False
rnb2k2/pp2qppB/2p2p2/8/3P4/2P1rN2/PPQ3PP/2KRR3 b - - 4 14,28,?,e3e1,-133,1,c8g4,0.7048,0.6601,0.5637,0.5047,e3e1,e3e1,e3e1,e3e1,0.0,0.7048,-0.2001,False
rn3k2/pp2qppB/2p2p2/8/3P2b1/2P2N2/PP1Q2PP/2K1R3 b - - 0 16,32,?,e7d6,-14,101,e7d6,0.2878,0.2805,0.2685,0.2544,e7d7,e7d7,e7d7,e7d7,132.0,0.2878,-0.0334,False
rn3k2/pp3pp1/2pq1p2/8/3P4/2PB1P2/PP1Q3P/2K1R3 b - - 0 18,36,?,b8a6,-37,21,b8d7,0.0924,0.0548,0.0276,0.0173,b8d7,b8d7,b8d7,b8d7,22.0,0.0924,-0.0751,False
r4k2/pp1n1pp1/2p2p2/8/3P1q2/2PB1P2/PPK3QP/4R3 b - - 4 20,40,?,a8e8,-50,78,g7g6,0.4858,0.5144,0.6141,0.7215,a8e8,a8e8,a8e8,a8e8,0.0,0.7215,0.2357,False
rnbq1rk1/ppp1bppp/5n2/3p4/3P4/3B1N2/PPP1QPPP/RNB1R1K1 b - - 9 8,16,?,e7d6,-23,1,f8e8,0.0684,0.0729,0.1002,0.1703,f8e8,f8e8,f8e8,f8e8,11.0,0.1703,0.1019,False
rn1qr1k1/ppp1bppp/4bn2/3p2B1/3P4/2PB1N2/PP2QPPP/RN2R1K1 b - - 0 10,20,?,b8d7,-33,2,b8d7,0.1166,0.2411,0.4013,0.5724,h7h6,b8d7,b8d7,b8d7,0.0,0.5724,0.4558,False
r2qr1k1/pppnbpp1/4bn1p/3p4/3P3B/2PB1N2/PP1NQPPP/R3R1K1 b - - 1 12,24,?,c7c5,-35,2,c7c6,0.2144,0.2354,0.1942,0.1477,c7c5,c7c5,c7c6,c7c6,-1.0,0.2354,-0.0667,False
r3r1k1/pp1nbpp1/1qp1bn1p/3pN3/3P1P1B/2PB4/PP1NQ1PP/R3R1K1 b - - 0 14,28,?,c6c5,-40,18,c6c5,0.0737,0.0695,0.0689,0.08,b6b2,b6b2,b6b2,b6b2,-6.0,0.08,0.0063,False
r3r1k1/pp1nbpp1/1q2Pn1p/3pN3/3p3B/2PB4/PP1NQ1PP/R3R1K1 b - - 0 16,32,?,d7e5,67,309,d7e5,0.1831,0.1936,0.19,0.1592,f7e6,f7e6,d4c3,d4c3,311.0,0.1936,-0.0239,False
r3r1k1/pp2bpp1/1q2Pn1p/3pQ3/7B/2pB4/PP1N2PP/R3R2K b - - 1 18,36,?,c3d2,54,270,c3d2,0.7792,0.8776,0.9277,0.9447,c3d2,c3d2,c3d2,c3d2,0.0,0.9447,0.1655,False
r3r3/pp2bkp1/1q3n1p/3pQ3/7B/3B4/PP1p2PP/R4R1K b - - 1 20,40,?,a8d8,65,126,a8d8,0.064,0.0784,0.0963,0.1149,f7g8,f7g8,f7g8,f7g8,122.0,0.1149,0.0509,False
3rr3/pp2bkp1/5n1p/3p3Q/1q5B/3B4/PP1p2PP/R4R1K b - - 5 22,44,?,f7e6,53,53,f7e6,0.1061,0.0669,0.0428,0.0316,f7g8,f7g8,f7g8,f7g8,53.0,0.1061,-0.0745,False
3rr3/pp2b1p1/3k1n1p/3p1Q2/1q6/3B2B1/PP1p2PP/R4R1K b - - 9 24,48,?,d6c6,67,786,d6c6,0.6336,0.733,0.8077,0.844,d6c6,d6c6,d6c6,d6c6,0.0,0.844,0.2104,False
3rr3/pp2b1p1/2k2n1p/3p1Q2/3q4/P2B4/1P1p1BPP/R4R1K b - - 2 26,52,?,d4g4,58,56,d4g4,0.1062,0.1582,0.249,0.3253,d4b2,d4b2,d4b2,d4b2,177.0,0.3253,0.2191,False
3rr3/p3b1p1/1pk2n1p/3p4/6q1/P1QB4/1P1p1BPP/R4R1K b - - 1 28,56,?,c6b7,81,245,c6b7,0.5777,0.6948,0.7696,0.8018,c6b7,c6b7,c6b7,c6b7,0.0,0.8018,0.2241,False
3rr3/pk2b1p1/1pQ4p/1B1p4/4n1q1/P7/1P1p1BPP/R4R1K b - - 5 30,60,?,b7b8,188,0,b7b8,1.0,1.0,1.0,1.0,b7b8,b7b8,b7b8,b7b8,0.0,1.0,0.0,False
1kqBr3/p3b1p1/2Q4p/1B1p4/4n3/P7/1P1p2PP/R4R1K b - - 0 32,64,?,c8c6,142,28,c8c6,0.422,0.4927,0.5415,0.5688,c8c6,c8c6,c8c6,c8c6,0.0,0.5688,0.1468,False
1k1r4/p3b1p1/7p/3p4/B3n3/P7/1P1p2PP/R4R1K b - - 1 34,68,?,b8c7,153,6,e7f6,0.0097,0.0068,0.0042,0.0038,e7c5,e7c5,e7c5,e7c5,111.0,0.0097,-0.0059,True
r1b1k1nr/pp2ppbp/1qn3p1/1B1pP3/3P4/2N2N2/PP3PPP/R1BQK2R b KQkq - 4 8,16,?,e7e6,-121,49,e7e6,0.1533,0.1896,0.2185,0.2394,a7a6,c8g4,c8g4,c8g4,91.0,0.2394,0.0861,False
r1b1k2r/pp2npbp/1qn1p1p1/1B1pP1B1/3P4/2N2N2/PP3PPP/R2Q1RK1 b kq - 3 10,20,?,c8d7,-134,32,c8d7,0.0998,0.0958,0.1059,0.1867,e8g8,e8g8,e8g8,e8g8,58.0,0.1867,0.0869,False
r3k2r/pp1Bnpbp/1q2p1p1/3pP3/3P4/2N2N2/PP3PPP/R2Q1RK1 b kq - 0 12,24,?,e8d7,-184,340,e8d7,0.9986,0.9993,0.9995,0.9997,e8d7,e8d7,e8d7,e8d7,0.0,0.9997,0.0011,False
r6r/pp1k1pbp/1qn1p1p1/3pP3/3P4/Q1N2N2/PP3PPP/R4RK1 b - - 3 14,28,?,b6b4,62,37,g7f8,0.0405,0.0488,0.0658,0.0831,g7f8,g7f8,g7f8,g7f8,52.0,0.0831,0.0426,False
r6r/pp1kbp1p/1qn1p1p1/3pP3/Q2P4/2N2N2/PP3PPP/1R3RK1 b - - 7 16,32,?,g6g5,35,14,h8c8,0.0266,0.0208,0.02,0.0231,h8c8,a7a6,a7a6,a7a6,84.0,0.0266,-0.0035,False
r1r5/pp1kbp1p/2n1p1p1/3pP3/1q1P4/2N2N2/PPQ2PPP/1R1R2K1 b - - 11 18,36,?,h7h5,-29,3,c6a5,0.0123,0.0087,0.0067,0.0098,d7e8,d7e8,d7e8,c6a5,22.0,0.0123,-0.0025,False
r1r2b2/pp1k1p1p/4p1p1/n2pP3/1q1P1Q2/2N2N2/PP3PPP/1R1R2K1 b - - 15 20,40,?,b4e7,-176,40,b4e7,0.1452,0.2049,0.2505,0.2753,d7e8,d7e8,d7e8,d7e8,98.0,0.2753,0.1301,False
r1r5/pp1kqp1p/4p1pb/n2pP1N1/3P1Q1P/2N5/PP3PP1/1R1R2K1 b - - 0 22,44,?,c8c6,-108,21,a5c4,0.0112,0.0092,0.007,0.0055,a5c4,c8f8,c8f8,c8f8,48.0,0.0112,-0.0057,False
r1r5/1p1kqp1p/p3p1pb/3NP1N1/2nP1Q1P/8/PP3PP1/1R2R1K1 b - - 0 24,48,?,e6d5,237,524,h6g5,0.6833,0.7182,0.761,0.7921,e6d5,e6d5,e6d5,e6d5,0.0,0.7921,0.1088,False
r1r5/1p1kqp1p/p5p1/3QP1b1/2nP3P/8/PP3PP1/1R2R1K1 b - - 0 26,52,?,d7e8,225,99,d7e8,0.8807,0.905,0.9186,0.9112,d7e8,d7e8,d7e8,d7e8,0.0,0.9186,0.0305,False
r1r1k3/1p2q2p/p3P1p1/3Q1pP1/2nP4/8/PP3PP1/1R2R1K1 b - - 0 28,56,?,e8f8,80,11,c4d6,0.0123,0.0188,0.0229,0.0246,c4d2,c4d2,c4d6,c4d6,80.0,0.0246,0.0123,False
r3k3/1pr1q2p/p2nP1p1/4QpP1/3P4/8/PP3PP1/2R1R1K1 b - - 4 30,60,?,a8c8,38,38,a8c8,0.3449,0.4474,0.5641,0.6568,c7c1,a8c8,a8c8,a8c8,0.0,0.6568,0.3119,False
2r1k3/2r1q2p/pp1nP1p1/3RQpP1/3P4/8/PP3PP1/4R1K1 b - - 1 32,64,?,d6c4,0,100,d6e4,0.1519,0.1145,0.0934,0.0843,d6e4,d6e4,d6e4,d6e4,95.0,0.1519,-0.0676,False
2r1k3/2r3qp/pp2P1p1/3RQpP1/3PRP2/8/PP4P1/6K1 b - - 0 34,68,?,f5e4,207,497,f5e4,0.2111,0.23,0.2645,0.292,g7e5,g7e5,g7e5,g7e5,514.0,0.292,0.0809,False
r1bq1rk1/pp2bppp/2np1B2/2p1p3/P1B1P3/2NP1N2/1PP2PPP/R2QK2R b KQ - 0 8,16,?,e7f6,-29,170,e7f6,0.9944,0.9966,0.994,0.9816,e7f6,e7f6,e7f6,e7f6,0.0,0.9966,-0.0128,False
r1bq1rk1/pp3ppp/2np4/2pNp1b1/P1B1P3/2PP1N2/1P3PPP/R2QK2R b KQ - 0 10,20,?,g5h6,-16,17,g5h6,0.1664,0.2724,0.4151,0.6125,c8g4,g5h6,g5h6,g5h6,0.0,0.6125,0.4461,False
r1bq1rk1/pp2nppp/3p3b/2pNp3/P1B1P1P1/2PP1N1P/1P3P2/R2QK2R b KQ - 0 12,24,?,e7d5,45,3,e7d5,0.5224,0.5896,0.5855,0.5092,e7d5,e7d5,e7d5,e7d5,0.0,0.5896,-0.0132,False
r1bq1rk1/pp3ppp/3p4/2pBp3/P3PbP1/1QPP1N1P/1P3P2/R3K2R b KQ - 2 14,28,?,c8d7,53,3,a8b8,0.0202,0.006,0.0016,0.0007,a8b8,a8b8,a8b8,a8b8,-4.0,0.0202,-0.0195,False
1rbq1rk1/1p3ppp/p2p4/P1pBp3/4PbP1/1QPP1N1P/1P2KP2/R6R b - - 0 16,32,?,b7b6,74,1,b7b5,0.218,0.2025,0.1642,0.0891,b7b6,b7b6,b7b5,b7b5,3.0,0.218,-0.1289,False
2bq1rk1/5ppp/pr1p4/2pBp3/4PbP1/2PP1N1P/QP2KP2/R6R b - - 1 18,36,?,c8d7,81,7,c8d7,0.0951,0.1126,0.125,0.133,c8b7,c8b7,d8c7,d8c7,28.0,0.133,0.0379,False
1q3rk1/3b1ppp/pr1p4/2pBp3/4PbP1/1PPP1N1P/Q3KP2/6RR b - - 0 20,40,?,d7e6,157,68,d7e6,0.2444,0.293,0.3373,0.3417,d7e6,d7e6,d7e6,d7e6,0.0,0.3417,0.0973,False
1q3rk1/6pp/pr1pp3/2p1p3/4PbP1/1PPP1N1P/Q3KP2/1R5R b - - 1 22,44,?,b8b7,205,63,f8f7,0.1311,0.1886,0.2302,0.2423,d6d5,d6d5,d6d5,d6d5,54.0,0.2423,0.1112,False
1q4k1/5rpp/pr1pQ3/4p3/1p2PbP1/2PP1N1P/4KP2/1R5R b - - 0 24,48,?,d6d5,132,5,b4c3,0.035,0.029,0.0294,0.0387,b4c3,b4c3,b4c3,b4c3,79.0,0.0387,0.0037,False
2Q3k1/5rpp/pq1p4/4p3/4PbP1/2pP1N1P/4KP2/7R b - - 1 26,52,?,f7f8,56,627,f7f8,0.9987,0.9995,0.9997,0.9996,f7f8,f7f8,f7f8,f7f8,0.0,0.9997,0.0009,False
1r4k1/6pp/pq1p4/4p3/4PbP1/2QP1N1P/4KP2/R7 b - - 2 28,56,?,h7h6,-21,3,b6b2,0.1017,0.1356,0.151,0.1912,b6b2,b6b2,b6b2,b6b2,6.0,0.1912,0.0895,False
6k1/6pp/p2p4/4p3/4PbP1/3P1N1P/1r3P2/R4K2 b - - 1 30,60,?,b2b3,-26,4,b2b6,0.264,0.205,0.147,0.1253,b2b6,b2b6,b2b6,b2b6,0.0,0.264,-0.1387,False
6k1/6pp/pr1p4/8/3pPbP1/5N1P/5P2/3R1K2 b - - 1 32,64,?,f4e5,17,11,f4e5,0.2647,0.3823,0.4684,0.4787,b6b4,f4e5,f4e5,f4e5,0.0,0.4787,0.214,False
6k1/6pp/pr1p4/8/3RP1P1/7P/5P2/5K2 b - - 0 34,68,?,a6a5,-8,16,a6a5,0.4422,0.2653,0.1564,0.0898,a6a5,g8f7,g8f7,g8f7,6.0,0.4422,-0.3524,False
r1bq1rk1/pp1pppbp/n5p1/2P5/3Bn3/N1P2N1P/PP2PPP1/R2QKB1R b KQ - 6 8,16,?,e4c5,-26,10,a6c5,0.0848,0.0939,0.1084,0.1102,g7d4,g7d4,a6c5,a6c5,85.0,0.1102,0.0254,False
r1bq1r2/pp1pppkp/6p1/2n5/4n1P1/N1P2N1P/PP2PP2/R2QKB1R b KQ - 0 10,20,?,d7d5,122,9,d7d6,0.1676,0.175,0.1768,0.1983,d8b6,d8b6,d8b6,d8b6,62.0,0.1983,0.0307,False
r1bq1r2/pp3pkp/3p2p1/2n1p3/4n1P1/N1P1QN1P/PP2PP2/R3KB1R b KQ - 1 12,24,?,f7f5,132,34,f7f5,0.0886,0.1122,0.1826,0.3874,b7b6,d8b6,d8b6,f7f5,0.0,0.3874,0.2988,False
r2q1r2/pp4kp/3p2p1/2n1pb2/4n3/N1P1QN1P/PP2PPB1/R3K2R b KQ - 1 14,28,?,d8e7,152,17,e4f6,0.0089,0.0094,0.0126,0.0242,d8b6,d8b6,d8b6,d8b6,-5.0,0.0242,0.0153,False
r2q1r2/pp4kp/3p1np1/2n1p3/4b2N/N1P1Q2P/PP2PPB1/R3K1R1 b Q - 5 16,32,?,f6d5,279,154,e4g2,0.105,0.1029,0.1211,0.1727,e4g2,e4g2,e4g2,e4g2,203.0,0.1727,0.0677,False
r2q1r2/pp4kp/3p2p1/2nnp3/7N/N1P3QP/PP2PPR1/R3K3 b Q - 2 18,36,?,d5f4,439,65,c5e4,0.3348,0.4574,0.5318,0.5373,d5f4,d5f4,d5f4,d5f4,0.0,0.5373,0.2025,False
r4r2/pp4kp/3p2p1/3Qp3/4n2q/N1P4P/PP2PPR1/R3K3 b Q - 0 20,40,?,f8f2,418,113,f8f2,0.4174,0.43,0.4498,0.4473,f8f2,f8f2,f8f2,f8f2,0.0,0.4498,0.0299,False
r7/pp4kp/3p2p1/3Qp3/4nq2/N1P4P/PP2PrR1/1K1R4 b - - 3 22,44,?,f2g2,441,288,f2g2,0.9519,0.953,0.9427,0.9193,f2g2,f2g2,f2g2,f2g2,0.0,0.953,-0.0326,False
Q7/p6p/3p2pk/4p3/4nq2/N1P4P/PP2P1r1/1K1R4 b - - 0 24,48,?,g2e2,451,69,g2e2,0.475,0.4444,0.4254,0.472,g2e2,g2e2,g2e2,g2e2,0.0,0.475,-0.003,False
Q7/p6p/3p2pk/4p3/P1N1n3/2P4P/1P2rq2/1K1R4 b - - 0 26,52,?,d6d5,534,277,d6d5,0.0147,0.0124,0.0137,0.018,e4c3,e4c3,e4c3,e4c3,534.0,0.018,0.0033,True
8/pQ5p/6pk/4p3/P1p1n3/2P4P/1P2rq2/K2R4 b - - 1 28,56,?,e4c3,1476,3,e4c3,0.3831,0.4532,0.4879,0.478,e4c3,e4c3,e4c3,e4c3,0.0,0.4879,0.0949,False
8/p3Q2p/6pk/4p3/n1p5/7P/1P2rq2/K1R5 b - - 1 30,60,?,e2b2,1990,885,e2b2,0.5675,0.6298,0.671,0.6977,e2b2,e2b2,e2b2,e2b2,0.0,0.6977,0.1302,False
8/p6p/6pk/4p3/Q1p5/1r5P/5q2/K1R5 b - - 0 32,64,?,f2b2,1999,2,f2b2,0.9529,0.9744,0.9844,0.9892,f2b2,f2b2,f2b2,f2b2,0.0,0.9892,0.0363,False
rnbqk2r/pp2ppbp/6p1/2p5/3PP3/2P2N2/P3BPPP/R1BQK2R b KQkq - 1 8,16,?,b8c6,-1,33,b8c6,0.2942,0.3537,0.4371,0.532,b8c6,b8c6,b8c6,b8c6,0.0,0.532,0.2378,False
r1bqk2r/pp2pp1p/2n3p1/2pP4/4P3/2b2N2/P2BBPPP/R2QK2R b KQkq - 1 10,20,?,c3a1,10,83,c3a1,0.9611,0.9505,0.9362,0.931,c3a1,c3a1,c3a1,c3a1,0.0,0.9611,-0.0301,False
r1bqk2r/pp2pp1p/6p1/2pP4/3NP3/8/P2BBPPP/Q3K2R b Kkq - 0 12,24,?,c5d4,11,427,c5d4,0.9849,0.9875,0.9878,0.9883,c5d4,c5d4,c5d4,c5d4,0.0,0.9883,0.0034,False
r1bq1rk1/pp2pp1p/6p1/3P4/3QP3/8/P2BBPPP/5RK1 b - - 2 14,28,?,d8b6,1,20,d8b6,0.0409,0.0509,0.0668,0.0733,e7e6,e7e6,e7e6,e7e6,191.0,0.0733,0.0324,False
r1b2rk1/pp2p2p/1q3pp1/3P4/4P3/2Q1B3/P3BPPP/5RK1 b - - 1 16,32,?,b6d6,-18,28,b6d8,0.6088,0.6035,0.6188,0.6441,b6d6,b6d6,b6d6,b6d6,0.0,0.6441,0.0353,False
r2q1rk1/pp1bp2p/5pp1/3PP3/5P2/2Q1B3/P3B1PP/5RK1 b - - 0 18,36,?,a8c8,103,55,f6e5,0.3693,0.4224,0.519,0.6477,f6e5,a8c8,a8c8,a8c8,0.0,0.6477,0.2784,False
rq3rk1/pp1bp2p/6p1/3P2Q1/5P2/4B3/P3B1PP/5RK1 b - - 2 20,40,?,b8d6,162,46,f8f5,0.2924,0.429,0.5528,0.7112,b8d6,b8d6,b8d6,b8d6,0.0,0.7112,0.4188,False
r3q1k1/pp1b3p/6p1/3P1r2/5P2/Q3B3/P3B1PP/5RK1 b - - 2 22,44,?,d7b5,219,212,d7b5,0.106,0.0959,0.0765,0.0568,f5d5,f5d5,f5d5,f5d5,222.0,0.106,-0.0492,False
r5k1/pp5p/3P2p1/1q3r2/5P2/Q3B3/P5PP/5RK1 b - - 0 24,48,?,f5d5,238,101,a7a6,0.2213,0.217,0.2257,0.2803,a8d8,a8d8,f5d5,f5d5,0.0,0.2803,0.059,False
r5k1/1p5p/p2P2p1/3qBr2/5P2/Q7/P5PP/5RK1 b - - 3 26,52,?,g6g5,0,0,a8c8,0.1863,0.1195,0.0777,0.0642,a8f8,a8d8,a8d8,a8d8,24.0,0.1863,-0.1221,False
6k1/1p5p/p2P2p1/3qBr2/5P2/Q6P/P1r2RP1/6K1 b - - 2 28,56,?,c2f2,525,518,c2f2,0.5899,0.5856,0.5388,0.486,c2f2,c2f2,c2f2,c2f2,0.0,0.5899,-0.1039,False
6k1/1p5p/p2P2p1/4Br2/4qP2/1Q5P/P4KP1/8 b - - 2 30,60,?,g8f8,-474,508,g8f8,0.7607,0.7303,0.683,0.618,g8f8,g8f8,g8f8,g8f8,0.0,0.7607,-0.1427,False
5k2/1p1P3p/p5p1/8/4qB2/1Q5P/P4KP1/8 b - - 0 32,64,?,e4f4,42,535,e4f4,0.6853,0.7148,0.7333,0.7601,e4f4,e4f4,e4f4,e4f4,0.0,0.7601,0.0748,False
5k2/1p1P3p/p5p1/8/4q3/1Q5P/P4KP1/8 b - - 3 34,68,?,e4d4,65,29,e4f5,0.5368,0.6024,0.6509,0.6737,e4d4,e4d4,e4d4,e4d4,0.0,0.6737,0.1369,False
r1b1k1nr/ppq2pbp/2p3p1/2p1p3/P3P3/3P1N2/1PP2PPP/RNBQR1K1 b kq - 0 8,16,?,a7a5,-24,30,a7a5,0.1699,0.2848,0.3767,0.448,g8e7,g8e7,a7a5,a7a5,0.0,0.448,0.2781,False
r1b1k1nr/2q2pbp/1pp3p1/p1p1p3/P1N1P3/3P1N2/1PP2PPP/R1BQR1K1 b kq - 1 10,20,?,g8e7,-32,2,c8a6,0.2832,0.3354,0.4173,0.4847,g8e7,g8e7,g8e7,g8e7,0.0,0.4847,0.2015,False
r3k2r/2q1npbp/bpp3p1/p1p1p3/P1N1P3/1P1P1N2/1BP2PPP/R2QR1K1 b kq - 2 12,24,?,f7f6,-48,37,f7f6,0.0754,0.0757,0.1021,0.1262,a6c4,a6c4,a6c4,a6c4,46.0,0.1262,0.0508,False
r4rk1/2q1n1bp/bpp2pp1/p1p1p3/P1N1P3/1P1P4/1BPNQPPP/R3R1K1 b - - 3 14,28,?,f8f7,-45,6,a6c8,0.0065,0.0072,0.0076,0.007,b6b5,b6b5,b6b5,a8d8,10.0,0.0076,0.0005,False
r1b2rk1/2q1n1bp/1pp2p2/p1p1p1p1/P1N1P3/1P1P4/1BPNQPPP/4RRK1 b - - 1 16,32,?,e7g6,-85,2,e7g6,0.2408,0.351,0.4818,0.5422,e7g6,e7g6,e7g6,e7g6,0.0,0.5422,0.3014,False
r4rk1/2q3bp/1pp1bpn1/p1p1p1p1/P1N1P3/1P1P2P1/1BPNQP1P/4RR1K b - - 2 18,36,?,b6b5,-87,1,a8b8,0.232,0.2701,0.2749,0.2686,b6b5,b6b5,b6b5,a8d8,14.0,0.2749,0.0366,False
1r3rk1/3q2bp/1pp1bpn1/p1p1p1p1/P3P3/1P1PN1P1/2PNQP1P/2B1RR1K b - - 6 20,40,?,f8f7,-75,14,e6h3,0.0559,0.0891,0.118,0.1157,b6b5,e6h3,e6h3,b6b5,15.0,0.118,0.0598,False
1r3rk1/3q2bp/1pp1bpn1/p1p1p1p1/P3P3/1P1P2P1/2PNQPNP/2B1R1RK b - - 10 22,44,?,f8f7,-52,14,e6g4,0.048,0.075,0.0924,0.0666,b6b5,e6g4,e6g4,b6b5,54.0,0.0924,0.0186,False
1r3rk1/3q2bp/1pp1bpn1/p1p1p1p1/P3PP2/1P1P2P1/2PNQ1NP/2B1R1RK b - - 0 24,48,?,e5f4,31,2,e6g4,0.2514,0.2697,0.2771,0.2531,g5f4,e6g4,e6g4,e6g4,2.0,0.2771,0.0017,False
1r3rk1/3q2b1/1pp2pnp/p1p1p1p1/P3PPb1/1P1P1NP1/2P2QNP/2B1R1RK b - - 1 26,52,?,f6f5,98,96,f8f7,0.0198,0.0159,0.0117,0.0071,e5f4,e5f4,e5f4,e5f4,82.0,0.0198,-0.0127,False
1r4k1/3q1rb1/1pp3np/p1p1pPp1/P4Pb1/1P1P2P1/2PN1QNP/2B1R1RK b - - 0 28,56,?,g4f5,131,127,g4f5,0.3546,0.3682,0.3872,0.4177,f7f5,f7f5,f7f5,f7f5,131.0,0.4177,0.0631,False
5rk1/3q1rb1/1pp3np/p1p1pbp1/P4P2/1P1PNNP1/2P2Q1P/2B1R1RK b - - 3 30,60,?,f5e6,285,19,e5f4,0.0181,0.013,0.0094,0.0088,e5f4,e5f4,e5f4,e5f4,108.0,0.0181,-0.0093,True
5rk1/3q2b1/1pp3np/p1p2rp1/P4pP1/1P1P1N2/2P2Q1P/2B1R1RK b - - 0 32,64,?,f5d5,174,12,f5f7,0.2821,0.2485,0.2277,0.2285,f5f7,f5f7,f5f7,f5f7,20.0,0.2821,-0.0536,False
4r1k1/3q1rb1/1pp3np/p1p3p1/P3RpP1/1P1P1N2/2P2Q1P/2B1R2K b - - 4 34,68,?,e8e4,344,177,f7e7,0.6649,0.7733,0.8434,0.8709,e8e4,e8e4,e8e4,e8e4,0.0,0.8709,0.206,False
r2qkb1r/pppbp2p/2n2ppn/1B2p2P/8/1P3N2/PBPP1PP1/RN1QK2R b KQkq - 0 8,16,?,g6g5,238,19,a7a6,0.3598,0.4439,0.452,0.3645,g6g5,g6g5,g6g5,g6g5,0.0,0.452,0.0047,False
r2qkb1r/1pp1p2p/p1b2ppn/4p2P/8/1P3N2/PBPPQPP1/RN2K2R b KQkq - 1 10,20,?,d8d7,227,22,d8d6,0.0336,0.0344,0.0395,0.0432,g6g5,g6g5,g6g5,g6g5,20.0,0.0432,0.0096,False
2kr1b1r/1pp1p2p/p1bq1ppn/4p2P/8/1PN2N2/PBPPQPP1/2KR3R b - - 5 12,24,?,g6g5,187,29,d6e6,0.3402,0.4163,0.4619,0.4414,g6g5,g6g5,g6g5,g6g5,0.0,0.4619,0.1012,False
2kr1b1r/1pp1p2p/p1b1qppn/7P/3Pp3/1PN2N2/PBP1QPP1/2KRR3 b - - 1 14,28,?,g6h5,76,17,e6g4,0.1509,0.0964,0.0655,0.0554,f6f5,f6f5,f6f5,f6f5,496.0,0.1509,-0.0955,False
2kr1b1r/1pp1p2p/p1b2ppn/2N4q/3P4/1P3N2/PBP1QPP1/2KRR3 b - - 1 16,32,?,d8d6,-33,4,h5g4,0.0204,0.0266,0.0361,0.0459,c6f3,h6f5,h6f5,e7e5,29.0,0.0459,0.0255,False
2k1rb1r/1pp1p2p/p1b1Nppn/3P4/6q1/1P3N2/PBP1QPP1/2KRR3 b - - 0 18,36,?,c6d7,-254,138,c6d7,0.3002,0.296,0.299,0.3647,c6b5,c6b5,c6b5,c6b5,121.0,0.3647,0.0645,False
2k1rb1r/1ppbp2p/p3Nppn/3P4/3R4/1P3N2/PBP1QPq1/2K3R1 b - - 1 20,40,?,g2h3,-251,182,g2h3,0.9406,0.9626,0.9735,0.9828,g2h3,g2h3,g2h3,g2h3,0.0,0.9828,0.0422,False
2k1rb1r/1ppbp2p/p3Nppn/3P1q2/2R5/1P3NR1/PBP1QP2/2K5 b - - 5 22,44,?,d7e6,-2,165,d7e6,0.1913,0.1908,0.2078,0.1997,f5d5,f5d5,f5d5,f5d5,495.0,0.2078,0.0084,False
2k1rb1r/1pp1p2p/p3bppn/3P4/2RN1q2/1P4R1/PBP1QP2/1K6 b - - 3 24,48,?,e6d5,364,187,e6d5,0.8861,0.8965,0.8963,0.8643,e6d5,e6d5,e6d5,e6d5,0.0,0.8965,-0.0218,False
2k1rb1r/1pp1p2p/p3Qppn/8/2R2q2/1P4R1/PBP2P2/1K6 b - - 0 26,52,?,c8b8,-487,715,c8b8,0.946,0.9792,0.9914,0.9946,c8b8,c8b8,c8b8,c8b8,0.0,0.9946,0.0486,False
rnbq1rk1/pp2ppbp/2p2np1/8/2pPP3/2N2NP1/PP3PBP/R1BQ1RK1 b - - 0 8,16,?,c8g4,2,2,b7b5,0.3675,0.3744,0.4035,0.4115,c8g4,c8g4,c8g4,c8g4,0.0,0.4115,0.044,False
rnbq1rk1/4ppbp/2p2np1/pp6/2pPP3/2N2NP1/PP2QPBP/R1BR2K1 b - - 1 10,20,?,d8e8,-20,1,b5b4,0.0029,0.0031,0.003,0.0028,c8g4,c8g4,c8g4,c8b7,42.0,0.0031,-0.0001,False
r1bq1rk1/3nppbp/2p2np1/p7/NpQPP3/5NP1/PP3PBP/R1BR2K1 b - - 0 12,24,?,c8a6,-154,6,c8a6,0.4955,0.5016,0.517,0.503,c8a6,c8a6,c8a6,c8a6,0.0,0.517,0.0075,False
r2q1rk1/3nppbp/2Q2np1/p7/Np1PP3/5NP1/PP2bPBP/R1B1R1K1 b - - 2 14,28,?,a8c8,146,215,a8c8,0.0999,0.0917,0.132,0.2355,e2f3,e2f3,e2f3,e2f3,375.0,0.2355,0.1356,False
2q2rk1/3nppbp/5np1/p7/Np1PP3/5NP1/PP2RPBP/R1B3K1 b - - 0 16,32,?,c8c4,150,56,f6e4,0.3886,0.4012,0.4358,0.4765,c8c4,c8c4,c8c4,c8c4,0.0,0.4765,0.0879,False
5rk1/3nppbp/6p1/p1N5/1p1PR3/5NP1/PPq2PBP/R1B3K1 b - - 2 18,36,?,d7c5,22,302,d7c5,0.7619,0.8657,0.9257,0.9426,d7c5,d7c5,d7c5,d7c5,0.0,0.9426,0.1807,False
5rk1/4ppbp/6p1/p1n5/1p1PB3/6P1/PP3P1P/R1B1N1K1 b - - 0 20,40,?,c5e4,22,382,c5e4,0.9647,0.9743,0.9762,0.9697,c5e4,c5e4,c5e4,c5e4,0.0,0.9762,0.005,False
2r3k1/4ppbp/6p1/p7/1p1Pn3/4B1P1/PP3P1P/R3NK2 b - - 3 22,44,?,e4d6,20,2,a5a4,0.0869,0.1278,0.1666,0.1927,e7e5,e7e5,e4d6,a5a4,50.0,0.1927,0.1058,False
2r3k1/4p1bp/6p1/5p2/pp1Pn3/3KB1P1/PP3P1P/R3N3 b - - 1 24,48,?,e7e5,26,26,g8f7,0.211,0.2557,0.3005,0.3501,a4a3,e7e5,e7e5,e7e5,0.0,0.3501,0.1391,False
2r5/4pkbp/6p1/5p2/pp1P4/4B1P1/PP2Kn1P/2R1N3 b - - 1 26,52,?,c8c1,269,362,c8c1,0.7944,0.882,0.9148,0.9168,c8c1,c8c1,c8c1,c8c1,0.0,0.9168,0.1224,False
8/4pkbp/6p1/5p2/pp1Pn3/3K2P1/PP5P/2B1N3 b - - 2 28,56,?,f7e6,42,1,e4d6,0.1606,0.303,0.4528,0.5736,e4f2,f7e6,f7e6,f7e6,0.0,0.5736,0.413,False
8/4pkbp/3n2p1/5p2/p2P4/1P1K2P1/1PN4P/2B5 b - - 0 30,60,?,a4b3,76,351,a4b3,0.9918,0.997,0.9985,0.9979,a4b3,a4b3,a4b3,a4b3,0.0,0.9985,0.0061,False
8/4p1bp/3nk1p1/5p2/3P4/1N1K2P1/1P5P/2B5 b - - 0 32,64,?,e6d5,53,53,e6d5,0.4308,0.5541,0.6301,0.6916,e6d5,e6d5,e6d5,e6d5,0.0,0.6916,0.2608,False
8/4p1bp/6p1/1n1k1p2/3P4/1NBK2P1/1P5P/8 b - - 4 34,68,?,g7h8,125,16,h7h5,0.0005,0.0004,0.0004,0.0007,e7e5,e7e5,e7e5,e7e5,125.0,0.0007,0.0002,True
r1bq1rk1/1pp2ppp/p1np1n2/2b1p3/2B1P3/2PP1N1P/PP3PP1/RNBQR1K1 b - - 1 8,16,?,c8e6,-18,7,c5a7,0.0383,0.0638,0.1662,0.1661,b7b5,b7b5,b7b5,h7h6,4.0,0.1662,0.1278,False
r2q1rk1/bpp2ppp/p1npBn2/4p3/P3P3/2PP1N1P/1P3PP1/RNBQR1K1 b - - 0 10,20,?,f7e6,-20,378,f7e6,0.9995,0.9999,1.0,1.0,f7e6,f7e6,f7e6,f7e6,0.0,1.0,0.0005,False
r2q1rk1/1pp3pp/p1nppn2/4p3/P3P3/2PPRN1P/1P3PP1/RN1Q2K1 b - - 0 12,24,?,d6d5,-28,8,h7h6,0.4963,0.5289,0.4328,0.2681,d6d5,d6d5,d6d5,d6d5,0.0,0.5289,-0.2282,False
r2q1rk1/1pp3p1/2nppn1p/p3p3/P3P3/1QPPRN1P/1P1N1PP1/R5K1 b - - 1 14,28,?,d8d7,-27,14,d8d7,0.0959,0.1394,0.1767,0.2163,b7b6,d8c8,d8c8,d8c8,16.0,0.2163,0.1204,False
r4rk1/1ppq2p1/2nppn1p/p7/P2NP3/1QP1R2P/1P1N1PP1/R5K1 b - - 0 16,32,?,c6d4,-26,14,c6d4,0.6893,0.7741,0.8096,0.7449,c6d4,c6d4,c6d4,c6d4,0.0,0.8096,0.0556,False
1r3rk1/1ppq2p1/3ppn1p/p7/P2PP3/4R2P/1PQN1PP1/R5K1 b - - 2 18,36,?,f8f7,-30,3,f8f7,0.0161,0.0186,0.0236,0.0289,d6d5,d6d5,c7c6,e6e5,119.0,0.0289,0.0128,True
5rk1/1ppq1rp1/3ppn1p/p7/P2PP3/4R2P/1P1N1PP1/2RQ2K1 b - - 6 20,40,?,d7e8,-27,5,d6d5,0.0054,0.0034,0.0023,0.0023,d6d5,d6d5,f6h7,f6h7,11.0,0.0054,-0.0031,False
5rk1/1ppq1rp1/4p2p/p2pP3/P2PN3/4R2P/1P3PP1/2RQ2K1 b - - 0 22,44,?,d5e4,-19,326,d5e4,0.9883,0.9959,0.998,0.9983,d5e4,d5e4,d5e4,d5e4,0.0,0.9983,0.01,False
5rk1/1p1q1rp1/2p1p2p/p3P3/P2Pp3/7P/1P1QRPP1/2R3K1 b - - 1 24,48,?,d7d5,-15,4,d7d8,0.3577,0.4618,0.5935,0.6758,d7d5,d7d5,d7d5,d7d5,0.0,0.6758,0.3181,False
5rk1/1p3rp1/2p1p2p/p3P3/P2Pp2q/7P/1PR1RPP1/4Q1K1 b - - 5 26,52,?,f7f4,-19,3,e4e3,0.5479,0.6131,0.6585,0.7019,f7f4,f7f4,f7f4,f7f4,0.0,0.7019,0.154,False
5rk1/1p3rp1/2p1p2p/p3P3/P2Pq3/4P2P/1P2R1P1/2R1Q1K1 b - - 2 28,56,?,f7f1,-13,20,f7f1,0.1062,0.0764,0.0622,0.0611,b7b6,b7b6,b7b6,b7b6,141.0,0.1062,-0.0451,False
6k1/1p4p1/2p1p2p/p3P3/P2Pq3/4P2P/1P2R1P1/2R2K2 b - - 0 30,60,?,b7b6,-10,2,e4d3,0.0893,0.0782,0.0644,0.0423,e4f5,e4d3,e4d3,e4d3,-7.0,0.0893,-0.047,False
8/1p3kp1/2p1p2p/p3P3/P2P4/3qP2P/1P1RR1P1/5K2 b - - 4 32,64,?,d3e4,-5,7,d3e4,0.0501,0.0482,0.0566,0.0639,d3b1,d3b1,d3b1,d3b1,9.0,0.0639,0.0138,False
8/1p3kp1/2p1p2p/p3P3/P2P4/3qP2P/1PR1R1P1/6K1 b - - 8 34,68,?,f7g8,0,0,f7g6,0.0098,0.0132,0.0123,0.0099,d3d1,d3d1,d3d1,f7e7,21.0,0.0132,0.0001,False
r1b1kb1r/ppqn1ppp/2pp1n2/8/2PN4/2N3BP/PP2PPP1/R2QKB1R b KQkq - 0 8,16,?,g7g6,-62,3,d7c5,0.1193,0.131,0.1468,0.1895,f8e7,f8e7,f8e7,d7e5,61.0,0.1895,0.0702,False
r1b1kb1r/pp2qppp/2pp1n2/2n5/2PN4/2N1P1BP/PPQ2PP1/R3KB1R b KQkq - 0 10,20,?,f6e4,-28,26,f6e4,0.2864,0.2839,0.2598,0.1936,f6e4,c5e4,c5e4,c5e4,43.0,0.2864,-0.0928,False
r1b1kb1r/pp3ppp/2pp4/2n5/2PNQ3/4P1BP/PP3PP1/R3KB1R b KQkq - 0 12,24,?,c5e4,-23,704,c5e4,0.9998,1.0,1.0,1.0,c5e4,c5e4,c5e4,c5e4,0.0,1.0,0.0002,False
r1b1k2r/pp2bppp/2pp4/8/2PNn3/3BP2P/PP3PPB/R3K2R b KQkq - 3 14,28,?,e4c5,-18,30,e4c5,0.5888,0.6712,0.7627,0.9028,e4c5,e4c5,e4c5,e4c5,0.0,0.9028,0.314,False
r1b1k2r/1p2bppp/2pp4/p1n5/2PN4/4P2P/PPB2PPB/2KR3R b kq - 1 16,32,?,a5a4,-28,0,g7g6,0.1873,0.204,0.1692,0.1274,e8g8,e8g8,e8g8,e8g8,10.0,0.204,-0.0599,False
r3k2r/1p1bbp1p/2pp2p1/p1n5/2PN4/4P2P/PPBR1PPB/2KR4 b kq - 3 18,36,?,a5a4,-28,8,e8g8,0.208,0.1814,0.1302,0.0813,e8g8,e8g8,e8g8,e8g8,25.0,0.208,-0.1267,False
r4rk1/1p2bp1p/2ppb1p1/p1n5/2P5/1P2P2P/P1BRNPPB/2KR4 b - - 0 20,40,?,d6d5,-3,179,d6d5,0.1431,0.1254,0.1093,0.0905,a5a4,f8d8,f8d8,f8d8,181.0,0.1431,-0.0526,False
r4rk1/1p2bp1p/2p3p1/p1nb4/5N2/1P2P2P/P1BR1PPB/2KR4 b - - 1 22,44,?,c5e4,240,230,c5e4,0.1538,0.1429,0.1054,0.0607,d5e6,d5e6,d5e6,d5e6,293.0,0.1538,-0.0931,False
r4rk1/1p2bp1p/6p1/p2p4/4B3/1P2P2P/P2R1PPB/2KR4 b - - 0 24,48,?,d5e4,-43,38,d5e4,0.9493,0.965,0.9687,0.9716,d5e4,d5e4,d5e4,d5e4,0.0,0.9716,0.0223,False
r4rk1/1p1R1p1p/6p1/p7/4p3/bP2P2P/P4PPB/1K1R4 b - - 3 26,52,?,b7b6,-68,71,b7b5,0.1718,0.1776,0.1797,0.1458,b7b5,b7b5,b7b5,b7b5,77.0,0.1797,-0.026,False
r4rk1/3R1p1p/6p1/1p2B3/p2Rp3/bP2P2P/P4PP1/1K6 b - - 1 28,56,?,f8c8,-27,2,f8c8,0.0397,0.0432,0.0555,0.0932,a4b3,a4b3,a4b3,a4b3,17.0,0.0932,0.0535,False
r1r2bk1/3R1p1p/6p1/1p6/p3p3/1P2P2P/PB3PP1/1K1R4 b - - 5 30,60,?,f8g7,0,7,f8g7,0.058,0.0465,0.0305,0.0224,a4b3,a4b3,a4b3,a4b3,43.0,0.058,-0.0356,False
r1r5/5pkp/6p1/1p1R4/p3p3/1P2P2P/P4PP1/1K1R4 b - - 1 32,64,?,a4b3,20,25,a4b3,0.7678,0.8222,0.8324,0.787,a4b3,a4b3,a4b3,a4b3,0.0,0.8324,0.0192,False
2r5/5pkp/6p1/1p1R4/4p3/rP2P2P/1K3PP1/3R4 b - - 2 34,68,?,b5b4,16,16,b5b4,0.3203,0.3057,0.3108,0.2871,a3a5,a3a5,a3a5,a3a5,44.0,0.3203,-0.0332,False
r1bq1rk1/pp1pnpbp/2n3p1/2p1p3/2P5/P1N1PN2/1PQPBPPP/R1B2RK1 b - - 5 8,16,?,d7d5,34,18,b7b6,0.1973,0.2178,0.1937,0.1729,d7d6,d7d6,d7d6,d7d6,23.0,0.2178,-0.0244,False
r1bq1rk1/p3npbp/1pn3p1/2pPp3/8/PPN1PN2/2QPBPPP/R1B2RK1 b - - 0 10,20,?,e7d5,53,141,e7d5,0.9962,0.9983,0.9992,0.9998,e7d5,e7d5,e7d5,e7d5,0.0,0.9998,0.0036,False
r1b2rk1/p4pbp/1pn3p1/2pqp3/2B5/PP2PN2/2QP1PPP/R1B2RK1 b - - 1 12,24,?,d5d6,55,3,d5d6,0.5377,0.5896,0.6785,0.8041,d5d6,d5d6,d5d6,d5d6,0.0,0.8041,0.2664,False
r4rk1/p4pbp/1pnqb1p1/2p1p1N1/2B5/PP2P3/1BQP1PPP/R4RK1 b - - 5 14,28,?,e6c4,75,56,e6c4,0.6303,0.6834,0.7207,0.6937,e6c4,e6c4,e6c4,e6c4,0.0,0.7207,0.0634,False
3r1rk1/p4pbp/1pnq2p1/2p1p3/2P1N3/P3P3/1BQP1PPP/R4RK1 b - - 2 16,32,?,d6d3,160,24,d6d3,0.3036,0.4054,0.5703,0.7606,d6e6,d6d3,d6d3,d6d3,0.0,0.7606,0.457,False
5rk1/p4pbp/1pn3p1/2p1p3/2P1N3/P2rP3/1B1P1PPP/R2R2K1 b - - 1 18,36,?,c6a5,237,8,f8d8,0.1742,0.1732,0.1282,0.081,f8d8,f8d8,f8d8,f8d8,21.0,0.1742,-0.0932,False
3r2k1/p5bp/1pn3p1/2p1ppN1/2P5/P1BrP3/3P1PPP/R2R2K1 b - - 1 20,40,?,d8d6,247,10,d8d6,0.0912,0.1678,0.2799,0.3752,e5e4,e5e4,d8d6,d8d6,0.0,0.3752,0.284,False
6k1/p5Bp/1pnr2p1/2p2p2/2P1p3/P2rPN2/3P1PPP/R2R2K1 b - - 0 22,44,?,g8g7,447,435,g8g7,0.9172,0.8859,0.8081,0.6608,g8g7,g8g7,g8g7,g8g7,0.0,0.9172,-0.2564,False
8/p5k1/1pnr2pp/2p2p2/2P1p3/P2rP2N/3P1PPP/R2R2K1 b - - 1 24,48,?,c6e5,414,3,d3d2,0.1279,0.1294,0.1425,0.1645,d3d2,d3d2,d3d2,d3d2,-13.0,0.1645,0.0366,False
8/p5k1/1pn3pp/2p2p2/2P1pN2/P3P3/3r1PPP/R5K1 b - - 1 26,52,?,c6e5,426,3,c6e5,0.2263,0.2489,0.2794,0.3131,d2c2,c6e5,c6e5,c6e5,0.0,0.3131,0.0868,False
8/p5k1/1p2N1pp/2p2p2/2n1p3/P3P3/3r1PPP/2R3K1 b - - 1 28,56,?,g7f6,502,1,g7f6,0.8186,0.8599,0.8811,0.8831,g7f6,g7f6,g7f6,g7f6,0.0,0.8831,0.0645,False
8/p1N5/1p3kpp/2p2p2/4p3/n3P3/3r1PPP/R5K1 b - - 1 30,60,?,a3c2,540,5,c5c4,0.4463,0.371,0.3135,0.266,a3c2,a3c4,a3c4,a3c4,56.0,0.4463,-0.1803,False
8/p1N5/1p3kpp/5p2/4p1P1/n1p1P3/3r1PKP/R7 b - - 1 32,64,?,a3c2,584,52,c3c2,0.2974,0.2804,0.2564,0.2388,c3c2,c3c2,c3c2,c3c2,-16.0,0.2974,-0.0586,False
8/p7/1p3kpp/3N1p2/4p1P1/n3P3/2p2PKP/2Rr4 b - - 3 34,68,?,d1d5,788,85,f6e5,0.6176,0.7087,0.7597,0.7601,d1d5,d1d5,d1d5,d1d5,0.0,0.7601,0.1425,False
r1bqkb1r/1p3ppp/p1nppn2/6B1/3NP3/2N5/PPPQ1PPP/2KR1B1R b kq - 1 8,16,?,c8d7,-43,6,c8d7,0.0486,0.0517,0.0594,0.1627,f8e7,f8e7,f8e7,f8e7,-1.0,0.1627,0.1141,False
r2qkb1r/1p1b1ppp/p2ppn2/6B1/3QP3/2N5/PPP2PPP/1K1R1B1R b kq - 0 10,20,?,h7h6,-65,0,f8e7,0.0561,0.0327,0.0265,0.0256,f8e7,f8e7,f8e7,f8e7,-12.0,0.0561,-0.0305,False
r3k2r/1pqbbppp/p2ppn2/6B1/3QP1P1/2N2P2/PPP4P/1K1R1B1R b kq - 0 12,24,?,h7h5,-47,21,b7b5,0.0014,0.0016,0.0027,0.0068,e8g8,h7h6,h7h6,h7h6,47.0,0.0068,0.0054,False
r4rk1/2qbbppp/p2ppn2/1p4P1/3QP3/2N1BP2/PPP4P/1K1R1B1R b - - 0 14,28,?,f6h5,-85,23,f6h5,0.4992,0.4653,0.4141,0.347,f6h5,f6h5,f6e8,f6e8,17.0,0.4992,-0.1522,False
r1r3k1/2qbbppp/p2pp3/1p4Pn/4P3/2N1BP2/PPPQ3P/1K1R1BR1 b - - 4 16,32,?,b5b4,7,17,b5b4,0.317,0.2841,0.3268,0.4945,g7g6,g7g6,g7g6,b5b4,0.0,0.4945,0.1775,False
r1r3k1/2qbbppp/3pp3/p5Pn/1p2P3/4BPN1/PPPQ3P/1K1R1BR1 b - - 1 18,36,?,h5g3,-28,53,h5g3,0.7515,0.8028,0.8329,0.8549,h5g3,h5g3,h5g3,h5g3,0.0,0.8549,0.1034,False
r1r3k1/2qbbppp/3pp3/6P1/pp2P3/4BPP1/PPPQ4/1K1R1B1R b - - 1 20,40,?,b4b3,2,36,a4a3,0.6069,0.6877,0.7402,0.7269,b4b3,b4b3,b4b3,b4b3,0.0,0.7402,0.12,False
2r3k1/2qbbppp/3pp3/r5P1/1p2P3/pP1BBPP1/P1PQ4/1K1R3R b - - 2 22,44,?,d7b5,-93,63,d6d5,0.0741,0.0672,0.0541,0.0372,d6d5,d6d5,c7c3,c7c3,59.0,0.0741,-0.0369,False
2r3k1/2qbbppB/4p3/3r2P1/1p6/pP2BPP1/P1PQ4/1K1R3R b - - 0 24,48,?,g8f8,-495,1500,g8f8,0.977,0.988,0.9917,0.9916,g8f8,g8f8,g8f8,g8f8,0.0,0.9917,0.0146,False
2r2k1R/2qbbp2/4p1p1/3r2P1/1p6/pP1BBPP1/P1PQ4/1K1R4 b - - 1 26,52,?,f8g7,-34,0,f8g7,1.0,1.0,1.0,1.0,f8g7,f8g7,f8g7,f8g7,0.0,1.0,0.0,False
2b5/2q1bpk1/4p1p1/3r2P1/1p3P2/pP1BB1P1/P1PQ4/1K1R4 b - - 0 28,56,?,e7f8,-15,2,c8a6,0.0062,0.0075,0.0088,0.01,c8a6,c8a6,c8a6,c8a6,250.0,0.01,0.0038,True
8/4bpk1/b3p1p1/3r2P1/1p3P2/pPqB2P1/P1P1Q3/1KBR4 b - - 4 30,60,?,e7c5,38,38,e7c5,0.0201,0.0158,0.0176,0.0275,a6d3,a6d3,a6d3,a6d3,38.0,0.0275,0.0074,False
8/5pk1/b3p1p1/3r2P1/1p1b1P2/pPQB2P1/P1P5/1KBR4 b - - 0 32,64,?,d4c3,0,488,d4c3,0.8585,0.8789,0.8997,0.9145,d4c3,d4c3,d4c3,d4c3,0.0,0.9145,0.056,False
8/5pk1/b3p1p1/6P1/1p3P2/pPBr2P1/P1P5/1K1R4 b - - 0 34,68,?,d3c3,471,1000,d3c3,0.6085,0.616,0.6028,0.5879,d3c3,d3c3,d3c3,d3c3,0.0,0.616,-0.0206,False
r1bqk2r/pp3ppp/n1pb1p2/8/3P4/2PBB3/PP3PPP/R2QK1NR b KQkq - 0 8,16,?,e8g8,-31,3,a6c7,0.4341,0.2609,0.0689,0.0227,e8g8,a6c7,a6c7,a6c7,0.0,0.4341,-0.4114,False
r1bqk2r/pp3ppp/2pb1p2/3n4/3P4/2PB4/PP1BNPPP/R2QK2R b KQkq - 4 10,20,?,f6f5,-27,2,b7b5,0.0228,0.0106,0.0044,0.0033,e8g8,e8g8,e8g8,e8g8,9.0,0.0228,-0.0195,False
r1bq1rk1/p4ppp/2pb1p2/1p1n4/P2P4/2PB4/1P1BNPPP/R2Q1RK1 b - - 0 12,24,?,b5b4,-100,9,c8d7,0.2981,0.3335,0.381,0.454,b5b4,b5b4,b5b4,b5b4,0.0,0.454,0.1559,False
r2q1rk1/p2b1ppp/3b1p2/1p1n4/3P4/1QPB4/1P1BNPPP/R4RK1 b - - 1 14,28,?,d7c6,-93,41,d5c7,0.1011,0.1535,0.2236,0.3136,d7e6,d7e6,d7e6,d7c6,0.0,0.3136,0.2125,False
1r1q1rk1/R1nb1ppp/3b1p2/1p6/3PB3/1QP5/1P1BNPPP/5RK1 b - - 0 16,32,?,g7g6,-161,4,f8e8,0.0117,0.0059,0.0038,0.0063,d7e6,d7e6,d7e6,d7e6,31.0,0.0117,-0.0054,False
1r1qr1k1/R1n2ppp/3bbp2/1p6/3P4/2P2B2/1PQBNPPP/5RK1 b - - 4 18,36,?,e6c4,-110,35,e6c4,0.2237,0.3001,0.3408,0.3492,b5b4,e6c4,e6c4,e6c4,0.0,0.3492,0.1255,False
1r1qr1k1/R1n2ppp/3b1p2/8/1pbP4/2P2BN1/1PQB1PPP/4R1K1 b - - 1 20,40,?,e8e1,-105,2,b4b3,0.2684,0.2918,0.2734,0.2716,b4b3,b4b3,b4b3,b4b3,104.0,0.2918,0.0032,False
1r1qr1k1/R4ppp/3b1p2/3n1N2/2bP4/1pP2B2/1P1B1PPP/1Q2R1K1 b - - 3 22,44,?,e8e1,-175,47,d8b6,0.3954,0.4103,0.368,0.2951,e8e1,e8e1,e8e1,e8e1,0.0,0.4103,-0.1003,False
1r2r1k1/5p1p/1q1N1pp1/3n4/2bP4/1pP2B2/1P1B1PPP/RQ2R1K1 b - - 0 24,48,?,b6d6,-216,17,b6d6,0.8478,0.8768,0.9035,0.9196,b6d6,b6d6,b6d6,b6d6,0.0,0.9196,0.0718,False
1r2R1k1/5p1p/3q2p1/R2n1p2/2bP4/1pP2B2/1P1B1PPP/1Q4K1 b - - 0 26,52,?,b8e8,-206,463,b8e8,0.9995,0.9998,0.9999,0.9999,b8e8,b8e8,b8e8,b8e8,0.0,0.9999,0.0004,False
4r1k1/5p1p/1n1q2p1/2R2p2/2bP4/1pP2BP1/1P1B1P1P/1Q4K1 b - - 0 28,56,?,h7h5,-162,1,h7h5,0.0589,0.051,0.0453,0.047,c4e2,c4e2,c4e2,d6e6,203.0,0.0589,-0.0119,False
3qr1k1/2B2p2/1n4p1/2R2p1p/2bP4/1pP2BP1/1P3P1P/1Q4K1 b - - 3 30,60,?,d8e7,-368,13,d8f6,0.3118,0.3344,0.3538,0.3629,d8e7,d8e7,d8e7,d8e7,0.0,0.3629,0.0511,False
4r1k1/4qp2/1BR3p1/5p1p/2bP4/1pP2BP1/1P3P1P/1Q4K1 b - - 0 32,64,?,e7e1,1996,2269,e7e1,0.2214,0.2161,0.2131,0.2085,c4b5,c4b5,c4b5,c4e2,2410.0,0.2214,-0.0129,False
6k1/5p2/1BR3p1/5p1p/2bP4/1pP2BP1/1P3PKP/4r3 b - - 1 34,68,?,c4f1,1998,2348,c4f1,0.7868,0.8216,0.8552,0.8817,c4f1,c4f1,c4f1,c4f1,0.0,0.8817,0.0949,False
r1b1kb1r/pppn1pp1/3p1q1p/4p3/2BPP3/2P2N2/PP1N1PPP/R2QK2R b KQkq - 0 8,16,?,g7g5,10,5,f8e7,0.058,0.0465,0.061,0.0736,f8e7,f8e7,f8e7,g7g6,32.0,0.0736,0.0156,False
r1b1k2r/pp1nbpp1/2pp1q1p/4p3/2BPP3/2P1NN2/PP3PPP/R2QK2R b KQkq - 1 10,20,?,a7a5,-19,3,e8g8,0.0056,0.0176,0.0326,0.0427,e8g8,e8g8,e8g8,e8g8,1.0,0.0427,0.0371,False
r1b2rk1/pp2bpp1/1npp1q1p/4p3/3PP3/1BP1NN2/PP3PPP/R2Q1RK1 b - - 5 12,24,?,a7a5,-30,4,f8e8,0.0466,0.0651,0.0863,0.0989,e5d4,e5d4,e5d4,b6d7,19.0,0.0989,0.0523,False
r1b1rbk1/pp3pp1/1npp1q1p/3Pp3/4P3/1BP1NN2/PP3PPP/R2QR1K1 b - - 0 14,28,?,a7a5,-29,0,a7a5,0.061,0.0886,0.0936,0.0786,c6d5,c6d5,c6d5,c6c5,60.0,0.0936,0.0176,False
r1b1rbk1/1p3p2/1npp1qpp/p2Pp3/4P3/P1P1NN2/BP3PPP/R2QR1K1 b - - 1 16,32,?,a5a4,34,21,a5a4,0.0923,0.0605,0.033,0.0318,c6d5,c6c5,c6c5,c6c5,57.0,0.0923,-0.0605,False
r1b1rbk1/1p3p2/1npp1qp1/3Pp2p/p3P3/P1P1NN2/BP1Q1PPP/3RR1K1 b - - 1 18,36,?,e8d8,53,5,e8d8,0.0292,0.023,0.014,0.0084,f8h6,f8h6,f8h6,f8h6,213.0,0.0292,-0.0208,True
r1br1bk1/5p2/1npp1qp1/4p2p/p1P1P3/P3NN2/BP1Q1PPP/3RR1K1 b - - 0 20,40,?,c8e6,177,5,b6d7,0.1835,0.2283,0.2653,0.2663,c8e6,c8e6,c8e6,c8e6,0.0,0.2663,0.0828,False
r1br1bk1/5p2/2pp1qp1/2n1p1Np/p1P1P2P/P3N3/BP1Q1PP1/3RR1K1 b - - 2 22,44,?,a8b8,261,19,f8h6,0.0534,0.0465,0.0542,0.1383,f8h6,f8h6,f8h6,f8h6,16.0,0.1383,0.0849,False
r2r2k1/5p2/2pp1qpb/2n1p1Np/p1P1P1bP/P4P2/BPNQ2P1/3RR1K1 b - - 0 24,48,?,g4d7,232,16,g4c8,0.1131,0.0996,0.0742,0.0431,g4c8,g4c8,g4c8,g4c8,29.0,0.1131,-0.07,False
r2r2k1/1b3p2/2pp1qpb/2n1p1Np/p1P1P2P/P2N1P2/BP1Q2P1/3RR1K1 b - - 4 26,52,?,c5d3,239,30,c5e6,0.3836,0.3496,0.2779,0.1296,c5d3,c5e6,c5e6,c5e6,131.0,0.3836,-0.254,False
r2r2k1/1b3p2/2pp1qpb/2P1p1Pp/p3P3/P2N1P2/BP1Q2P1/3RR1K1 b - - 0 28,56,?,h6g5,147,158,h6g5,0.9797,0.981,0.9837,0.9855,h6g5,h6g5,h6g5,h6g5,0.0,0.9855,0.0058,False
r2r2k1/5p2/b1pP1qp1/4p1bp/pQ2P3/P2N1P2/BP4P1/3RR1K1 b - - 0 30,60,?,a8b8,291,16,d8d6,0.0619,0.0521,0.0514,0.0796,d8d6,d8d6,d8d6,d8d6,206.0,0.0796,0.0177,False
r7/5k2/b1pr1qp1/4N1bp/pQ2P3/P4P2/1P4P1/3RR1K1 b - - 0 32,64,?,f6e5,211,602,f6e5,0.6847,0.7787,0.848,0.8762,f6e5,f6e5,f6e5,f6e5,0.0,0.8762,0.1915,False
r7/5k2/b1pR2p1/6bp/p3P3/P4P2/1P4P1/4R1K1 b - - 0 34,68,?,a8c8,270,0,a6b5,0.2338,0.1822,0.1408,0.1135,a6b5,a6b5,a6b5,a6b5,9.0,0.2338,-0.1203,False
r1bqkb1r/1p1n1ppp/p2ppn2/6B1/3NP3/2N2P2/PPPQ2PP/R3KB1R b KQkq - 2 8,16,?,b7b5,-21,9,b7b5,0.1725,0.168,0.1321,0.1704,f8e7,f8e7,f8e7,d8c7,33.0,0.1725,-0.0021,False
r2qkb1r/1b1n1ppp/p2ppn2/1p4B1/3NP2P/2N2P2/PPPQ2P1/2KR1B1R b kq - 0 10,20,?,h7h6,3,7,a8c8,0.2143,0.2504,0.2817,0.279,f8e7,f8e7,f8e7,h7h6,0.0,0.2817,0.0647,False
2rqk2r/1b1nbppp/p2ppn2/1p4B1/3NP1PP/2NB1P2/PPPQ4/2KR3R b k - 2 12,24,?,e8g8,26,13,d7b6,0.1392,0.0533,0.0208,0.0118,h7h6,h7h6,b5b4,d7e5,26.0,0.1392,-0.1274,False
2rq1rk1/1b2bppp/pn1ppn2/1p4B1/3NP1PP/3B1P2/PPPQN3/1K1R3R b - - 6 14,28,?,f6d7,-38,17,d6d5,0.0413,0.0608,0.0882,0.1382,b6c4,b6c4,b6c4,b6c4,58.0,0.1382,0.0969,False
2rq1rk1/1b2bppp/pn2p3/1p1pP1B1/3Nn1PP/3BQP2/PPP1N3/1K1R3R b - - 2 16,32,?,e4c5,-189,85,e7g5,0.1469,0.1261,0.1275,0.1652,e4g5,e4g5,e4g5,e4g5,171.0,0.1652,0.0183,False
2r2rk1/1b3ppp/pn2p3/1p1pP1q1/3NnPP1/3BQ3/PPP1N3/1K1R3R b - - 0 18,36,?,g5g6,-320,168,g5e7,0.0687,0.0845,0.103,0.124,g5g4,g5g4,g5g4,g5g4,177.0,0.124,0.0553,False
2r2rk1/1b2qppp/pQ6/1p1pPp2/4nPP1/3B4/PPP1N3/1K1R3R b - - 0 20,40,?,f5g4,169,169,f5g4,0.3395,0.3018,0.2859,0.2612,f5g4,c8c6,c8c6,c8c6,169.0,0.3395,-0.0783,False
2r2rk1/1b2q1pp/pQ3P2/1p1p4/4nPp1/3B4/PPP1N3/1K4RR b - - 0 22,44,?,f8f6,259,93,f8f6,0.5399,0.5483,0.5074,0.4197,f8f6,f8f6,f8f6,e4f6,86.0,0.5483,-0.1202,False
2r3k1/1b4pp/p4r2/1pqpQ3/4nPp1/3B4/PPP1N3/1K4RR b - - 3 24,48,?,c5d6,186,16,c5d6,0.0324,0.0405,0.0497,0.063,e4f2,e4f2,e4f2,e4f2,361.0,0.063,0.0306,False
2r3k1/1b4p1/p2q1r1p/1p1p4/4nPQ1/3B4/PPP1N3/1K4RR b - - 0 26,52,?,c8c7,200,77,c8c7,0.6778,0.7831,0.8421,0.8654,c8c7,c8c7,c8c7,c8c7,0.0,0.8654,0.1876,False
6k1/1b2r1p1/p2q1r1p/1p1p3R/4nP2/3B4/PPP1N1Q1/1K4R1 b - - 4 28,56,?,d5d4,306,81,d5d4,0.1341,0.1573,0.179,0.1777,e4d2,e4d2,e4d2,e4d2,79.0,0.179,0.0436,False
6k1/1b2r1p1/p2q1r1p/1p5R/3p1P2/3B4/PPPnN2Q/2K3R1 b - - 3 30,60,?,d2f3,441,266,d2f3,0.9004,0.8923,0.8872,0.8757,d2f3,d2f3,d2f3,d2f3,0.0,0.9004,-0.0247,False
6k1/1b2r1p1/p2q1r1p/1p5R/3p1P2/3B4/PPP1N3/2K3Q1 b - - 0 32,64,?,b7f3,524,34,b7f3,0.5341,0.552,0.551,0.5201,b7f3,b7f3,b7f3,b7f3,0.0,0.552,-0.014,False
6k1/4r1p1/p2q1r1p/1p6/3p1P2/8/PPP1B2R/2K3Q1 b - - 0 34,68,?,d6f4,545,72,d6f4,0.7211,0.7562,0.7688,0.7867,d6f4,d6f4,d6f4,d6f4,0.0,0.7867,0.0656,False
r1b1kb1r/p1ppqppp/2p5/3nP3/7P/8/PPP1QPP1/RNB1KB1R b KQkq - 0 8,16,?,a7a5,9,12,f7f6,0.0339,0.0891,0.2086,0.3446,d7d6,d7d6,a7a5,a7a5,0.0,0.3446,0.3107,False
r3kb1r/p1ppq1pp/b1p2p2/3nP3/2P4P/7R/PP2QPP1/RNB1KB2 b Qkq - 2 10,20,?,d5b6,0,38,f6e5,0.0721,0.0923,0.0939,0.0662,f6e5,f6e5,f6e5,e7e5,223.0,0.0939,-0.0059,False
r3kb1r/p1ppq1pp/b1p2n2/4p1B1/2P4P/4R3/PP2QPP1/RN2KB2 b Qkq - 3 12,24,?,e8c8,-59,31,e7b4,0.1553,0.0919,0.0488,0.0335,d7d6,d7d6,d7d6,d7d6,42.0,0.1553,-0.1218,False
r3kb1r/p1p3pp/b1pp1B2/4p3/1qP4P/4R3/PP1NQPP1/R3KB2 b Qkq - 0 14,28,?,g7f6,-264,240,g7f6,0.8476,0.9147,0.9411,0.9505,g7f6,g7f6,g7f6,g7f6,0.0,0.9505,0.1029,False
r4b1r/p1p1k2p/b1pp1p2/4p2Q/1qP4P/1R6/PP1N1PP1/R3KB2 b Q - 3 16,32,?,b4a5,-205,31,b4c5,0.1571,0.1714,0.215,0.2416,b4c5,b4c5,b4c5,b4c5,44.0,0.2416,0.0845,False
r1b2b1r/p1p1k2p/2pp1p2/2q1p3/2P4P/1R3Q2/PP1N1PP1/R3KB2 b Q - 7 18,36,?,f6f5,147,95,f6f5,0.0494,0.0377,0.0382,0.0461,f8h6,c8e6,c8e6,c8e6,240.0,0.0494,-0.0033,True
r4b1r/p1p1k2p/2ppb3/2q1pp2/2P4P/1R3Q2/PP1N1PP1/1K1R1B2 b - - 3 20,40,?,e5e4,198,109,f8g7,0.2357,0.1492,0.082,0.0391,f8h6,f8h6,f8h6,f8h6,101.0,0.2357,-0.1966,False
r6r/pRp1k2p/2ppbb2/2q1pp2/2P4P/6Q1/PP1N1PP1/1K1R1B2 b - - 7 22,44,?,c5d4,115,100,e7d7,0.0085,0.0048,0.0024,0.0015,e7d7,e7d7,e7d7,e7d7,564.0,0.0085,-0.007,True
r6r/p1pk3p/1Rppbb2/4pp2/2P4P/1N4Q1/PP3PP1/1K1R1B2 b - - 0 24,48,?,a7b6,-351,119,a7b6,0.7264,0.7868,0.8457,0.9141,a7b6,a7b6,a7b6,a7b6,0.0,0.9141,0.1877,False
r5r1/2pk3p/1pppbb2/4pp2/2P4P/1N3P2/PP3QP1/1K1R1B2 b - - 2 26,52,?,c6c5,-315,12,d7e7,0.1945,0.1967,0.1852,0.1459,c6c5,c6c5,a8a4,a8a4,52.0,0.1967,-0.0486,False
r5r1/2p1k3/1pppbb2/4pp1p/2P4P/1N1B1P2/PPQ3P1/1K1R4 b - - 1 28,56,?,f5f4,-378,7,f5f4,0.1295,0.1459,0.1532,0.1261,f6h4,f6h4,f6h4,f6h4,34.0,0.1532,-0.0034,False
r5r1/2p1kb2/1ppp1b2/4pB1p/2P1Qp1P/1N3P2/PP4P1/1K1R4 b - - 3 30,60,?,f7e8,-418,6,g8g2,0.0844,0.1246,0.1617,0.1899,g8g2,g8g2,d6d5,d6d5,11.0,0.1899,0.1055,False
8/r1p1kb2/1pQp1b2/4pB1p/2P2p1P/1N3P2/PP1R2r1/1K6 b - - 2 32,64,?,g2g1,-350,101,g2g1,0.5428,0.5633,0.5554,0.5237,g2g1,g2g1,g2g1,g2g1,0.0,0.5633,-0.0191,False
8/r1pQkb2/1p1p4/4pB1p/2P2p1b/1N3P2/PPKR4/6r1 b - - 1 34,68,?,e7f6,-400,8,e7f8,0.7509,0.6399,0.5092,0.3977,e7f6,e7f6,e7f6,e7f8,23.0,0.7509,-0.3532,False
rnbq1rk1/pp3pbp/3ppnp1/2pP4/2P1P3/2N2N1P/PP2BPP1/R1BQK2R b KQ - 0 8,16,?,e6d5,-79,3,a7a6,0.7242,0.7971,0.8706,0.9464,e6d5,e6d5,e6d5,e6d5,0.0,0.9464,0.2222,False
rnbqr1k1/1p3pbp/p2ppnp1/2pP4/P1P1P3/2N2N1P/1P2BPP1/R1BQ1RK1 b - - 2 10,20,?,e6d5,-102,7,e6d5,0.681,0.775,0.8548,0.9094,e6d5,e6d5,e6d5,e6d5,0.0,0.9094,0.2284,False
rnbqr1k1/1p3pbp/p2p2p1/2pP4/P1P1N3/5N1P/1P2BPP1/R1BQ1RK1 b - - 0 12,24,?,e8e4,-105,331,e8e4,0.9972,0.999,0.9996,0.9999,e8e4,e8e4,e8e4,e8e4,0.0,0.9999,0.0027,False
rnbqr1k1/1p3pbp/p2p2p1/2pP4/P1P5/3B1N1P/1PQ2PP1/R1B2RK1 b - - 3 14,28,?,b8d7,-68,33,b8d7,0.5509,0.693,0.8052,0.8502,b8d7,b8d7,b8d7,b8d7,0.0,0.8502,0.2993,False
r1bqr1k1/1p3pbp/p2p2p1/2pPN3/P1P2B2/3B3P/1PQ2PP1/R4RK1 b - - 0 16,32,?,g7e5,-71,34,g7e5,0.5007,0.5784,0.5637,0.4922,g7e5,g7e5,g7e5,d6e5,38.0,0.5784,-0.0085,False
r1bq2k1/1p3p1p/p2p2p1/2pPr3/P1P5/3B3P/1PQ2PP1/4RRK1 b - - 1 18,36,?,e5e1,13,48,d8e7,0.3623,0.2479,0.1384,0.0644,e5e1,e5e1,d8g5,d8e7,70.0,0.3623,-0.2979,False
r5k1/1p1bqp1p/p2p2p1/2pPR3/P1P5/3B3P/1P1Q1PP1/5RK1 b - - 0 20,40,?,e7e5,-30,71,e7e5,0.7572,0.7851,0.785,0.801,e7e5,e7e5,e7e5,e7e5,0.0,0.801,0.0438,False
r5k1/1p1b1p1p/p2p2p1/2pP4/P1PqR3/3B3P/1P1Q1PP1/6K1 b - - 3 22,44,?,d4f6,0,97,d4f6,0.7867,0.783,0.7851,0.7995,d4f6,d4f6,d4f6,d4f6,0.0,0.7995,0.0128,False
4R1k1/1p1b1p1p/p2p1qp1/P1pP4/2P5/3B3P/1P1Q1PP1/6K1 b - - 0 24,48,?,d7e8,-28,523,d7e8,0.9999,0.9999,0.9999,0.9999,d7e8,d7e8,d7e8,d7e8,0.0,0.9999,0.0,False
4b1k1/1p3p1p/p2p1qp1/P2P4/1QP5/3B3P/5PP1/6K1 b - - 0 26,52,?,f6e7,-20,47,f6a1,0.2734,0.4528,0.6526,0.7338,f6a1,f6e7,f6e7,f6e7,0.0,0.7338,0.4604,False
6k1/1p3p1p/p2Q2p1/P2P4/b1P5/7P/5PP1/q4BK1 b - - 0 28,56,?,a4c2,-337,45,a4c2,0.1836,0.1839,0.1811,0.1912,a4b3,a4b3,a4b3,a4b3,158.0,0.1912,0.0076,False
6k1/1p3p1p/p2P2p1/q7/2P5/6QP/2b2PP1/5BK1 b - - 0 30,60,?,c2f5,-55,16,a5d2,0.2547,0.3259,0.3582,0.3202,a5d8,a5d8,a5d8,a5d8,135.0,0.3582,0.0655,False
6k1/1p3p1p/3P2p1/p1P1Q3/8/7P/2bq1PP1/5BK1 b - - 1 32,64,?,c2a4,0,122,c2a4,0.2726,0.2955,0.2937,0.3065,a5a4,c2f5,c2f5,c2a4,0.0,0.3065,0.0339,False
6k1/1p3p1p/3P2p1/p1P5/b6P/8/4QPP1/3q1BK1 b - - 2 34,68,?,d1a1,-13,2,d1e2,0.0118,0.008,0.0056,0.0056,d1d5,d1e2,d1e2,d1e2,9.0,0.0118,-0.0062,False
r1bq1rk1/pp1pppbp/2n2np1/8/4P3/2NQ1N2/PPP1BPPP/R1B2RK1 b - - 5 8,16,?,d7d6,-12,17,d7d5,0.513,0.5825,0.6374,0.7052,d7d6,d7d6,d7d6,d7d6,0.0,0.7052,0.1922,False
r1bq1rk1/pp2ppbp/2n3p1/3P4/8/3Q1N2/PPP1BPPP/R1B2RK1 b - - 0 10,20,?,c8f5,-81,37,c6b4,0.1013,0.1024,0.1307,0.2309,c6b4,c6b4,c6b4,c6b4,45.0,0.2309,0.1296,False
r1bq1rk1/pp2ppbp/6p1/1Q1P4/8/5N2/PPn1BPPP/1RB2RK1 b - - 1 12,24,?,a7a6,111,5,c8f5,0.2055,0.2309,0.2692,0.2851,c2d4,c2d4,c2d4,c2d4,140.0,0.2851,0.0796,False
r2q1rk1/pp2ppbp/6p1/1Q1P1b2/3N1B2/8/PP2BPPP/1R3RK1 b - - 0 14,28,?,f5b1,214,235,f5b1,0.534,0.5721,0.6356,0.6475,f5b1,f5b1,f5b1,f5b1,0.0,0.6475,0.1135,False
r2q1rk1/pQ2ppbp/6p1/3P1b2/5B2/1N6/PP2BPPP/5RK1 b - - 0 16,32,?,f5e4,247,0,d8b6,0.0583,0.0543,0.0532,0.0475,g7b2,g7b2,g7b2,g7b2,63.0,0.0583,-0.0108,False
r1b2rk1/p3ppbp/BQ4p1/3P4/5B2/1N6/PP3PPP/5RK1 b - - 0 18,36,?,a7b6,341,840,a7b6,0.944,0.9699,0.9822,0.9852,a7b6,a7b6,a7b6,a7b6,0.0,0.9852,0.0412,False
2b2rk1/4ppbp/1p4p1/3P4/2BN1B2/8/rP3PPP/5RK1 b - - 1 20,40,?,a2a4,426,73,a2b2,0.0848,0.0676,0.0493,0.0457,a2b2,a2b2,a2b2,a2b2,90.0,0.0848,-0.0391,False
2b1r1k1/4ppbp/1pN3p1/3P4/2B2B2/8/1r3PPP/4R1K1 b - - 3 22,44,?,c8d7,347,35,g8f8,0.0729,0.0751,0.0744,0.0808,e7e6,e7e6,e7e6,g8f8,96.0,0.0808,0.0079,False
4rk2/3bNpbp/1p4p1/3P4/2B2B2/7P/1r3PP1/4R1K1 b - - 0 24,48,?,e8e7,434,59,e8e7,0.8295,0.8809,0.8878,0.8473,e8e7,e8e7,e8e7,e8e7,0.0,0.8878,0.0178,False
5k2/3brp1p/1p3bp1/3P4/2B5/B6P/1r3PP1/4R1K1 b - - 3 26,52,?,b6b5,509,4,b2c2,0.0281,0.0289,0.0314,0.0333,b2c2,b2c2,b2c2,b2b4,822.0,0.0333,0.0052,True
5k2/3brp1p/1p3bp1/3P4/1B6/2r4P/5PP1/4RBK1 b - - 7 28,56,?,c3c8,472,2,c3c5,0.0423,0.0396,0.041,0.0406,c3c5,c3c5,c3c5,c3c5,-38.0,0.0423,-0.0017,False
5k2/3b1p1p/1p3bp1/2rP4/4r3/B6P/5PP1/3R1BK1 b - - 11 30,60,?,e4a4,556,40,e4a4,0.0853,0.0793,0.0726,0.0833,f6e7,e4d4,e4d4,e4d4,35.0,0.0853,-0.002,False
r1bqkb1r/pppn1p2/3p2p1/5p1p/2PP3P/2N1P2N/PP3PP1/R2QKB1R b KQkq - 3 8,16,?,d8h4,118,142,d7f6,0.1652,0.1751,0.1799,0.1561,d7f6,d7f6,d7f6,f8g7,155.0,0.1799,-0.0091,False
r1bqk2r/ppp2p2/3p1npb/5p1p/2PP1N1P/2N1P1P1/PP3P2/R2QKB1R b KQkq - 0 10,20,?,e8g8,-3,3,f6g4,0.2252,0.1581,0.1438,0.2696,h6f4,h6f4,h6f4,h6f4,7.0,0.2696,0.0444,False
r1bqk2r/pp3p2/2pp2pb/5p1p/2PP1NnP/1QN1P1P1/PP3PB1/R3K2R b KQkq - 1 12,24,?,g4f6,-32,2,d8e7,0.0207,0.016,0.0108,0.0066,h6f4,h6f4,h6f4,e8g8,-2.0,0.0207,-0.0141,False
r1b1k2r/pp2qp2/2pp3b/5pPp/2PP1Nn1/1QN1P1P1/PP3PB1/R4RK1 b kq - 0 14,28,?,h6g5,65,54,h6g5,0.93,0.9476,0.9529,0.9624,h6g5,h6g5,h6g5,h6g5,0.0,0.9624,0.0324,False
r1b1k2r/pp2qp2/3p4/2pP1pbp/2P1PNn1/1QN3P1/PP3PB1/R4RK1 b kq - 0 16,32,?,g5f4,377,150,h5h4,0.2652,0.3311,0.3426,0.2989,h5h4,h5h4,h5h4,h5h4,305.0,0.3426,0.0337,False
r1b2k1r/pp2qp2/3p4/2pP1Pb1/2P2Nnp/1QN3P1/PP3PB1/R3R1K1 b - - 2 18,36,?,e7d8,-25,32,e7d8,0.029,0.0325,0.0319,0.0305,e7f6,e7f6,e7f6,e7f6,181.0,0.0325,0.0015,True
r1bq1k1r/pp3p2/3p4/2pP1Pb1/2P1NNn1/6Q1/PP3PB1/R3R1K1 b - - 0 20,40,?,c8f5,-197,120,c8f5,0.5378,0.6106,0.6272,0.6299,c8f5,c8f5,c8f5,c8f5,0.0,0.6299,0.0921,False
r2q1k1r/pp3p2/8/2pP1N2/2P2Nnb/6Q1/PP3PB1/R3R1K1 b - - 0 22,44,?,h4g3,333,833,h4g3,0.9563,0.9719,0.9807,0.9793,h4g3,h4g3,h4g3,h4g3,0.0,0.9807,0.023,False
r4k1r/pp2Np2/5q2/2pP4/2P2Nn1/6P1/PP4B1/R3R1K1 b - - 2 24,48,?,f6d4,1997,1584,f6d4,0.6037,0.7146,0.7924,0.8514,f6d4,f6d4,f6d4,f6d4,0.0,0.8514,0.2477,False
rn1qkb1r/1p3ppp/p2pbn2/4p3/4P3/1NN1BP2/PPP3PP/R2QKB1R b KQkq - 0 8,16,?,h7h5,-33,8,f8e7,0.0102,0.0119,0.0246,0.1989,f8e7,f8e7,f8e7,f8e7,13.0,0.1989,0.1887,False
rn1q1rk1/1p2bppp/p2pbn2/4p3/4P3/1NN1BP2/PPPQ2PP/2KR1B1R b - - 4 10,20,?,b8d7,-51,7,b7b5,0.4479,0.5007,0.6117,0.7494,b8d7,b8d7,b8d7,b8d7,0.0,0.7494,0.3015,False
r2q1rk1/3nbppp/p2pbn2/1p2p1P1/4P3/1NN1BP2/PPPQ3P/2KR1B1R b - - 0 12,24,?,f6h5,-47,19,b5b4,0.6756,0.6745,0.6816,0.6205,f6h5,f6h5,f6h5,f6h5,0.0,0.6816,-0.0551,False
r2q1rk1/3nbppp/p2pb3/4p1Pn/1p2P3/1N2BPN1/PPPQ3P/2KR1B1R b - - 3 14,28,?,h5f4,-91,15,a6a5,0.1786,0.2652,0.315,0.2122,h5g3,h5g3,h5g3,h5g3,21.0,0.315,0.0336,False
r2q1rk1/3nbppp/3pb3/4p1PN/pp2P3/4BP2/PPPQ3P/N1KR1B1R b - - 1 16,32,?,e6a2,-100,48,e6a2,0.1519,0.2075,0.2664,0.4016,b4b3,b4b3,b4b3,b4b3,79.0,0.4016,0.2497,False
r4rk1/2qnbppp/3p4/4p1PN/pQ2P3/4BP2/bPP4P/N1KR1BR1 b - - 0 18,36,?,a4a3,-52,51,a4a3,0.1548,0.1453,0.1381,0.124,d6d5,f8b8,f8b8,f8b8,56.0,0.1548,-0.0308,False
r4rk1/2qnQppp/8/3pp1PN/4P3/pP2BP2/b1P4P/N1KR1BR1 b - - 0 20,40,?,c7c3,-12,347,c7c3,0.4002,0.4858,0.541,0.5638,c7c3,c7c3,c7c3,c7c3,0.0,0.5638,0.1636,False
r4rk1/3nQppp/8/4p1PN/3pPB2/pPqB1P2/b1P4P/N1KR2R1 b - - 1 22,44,?,a2b3,0,205,a2b3,0.0144,0.0102,0.0083,0.0066,c3b2,c3b2,c3b2,c3b2,463.0,0.0144,-0.0078,True
r4rk1/3nQppp/8/6PN/3BP3/p1qB1P2/2b4P/N1KR2R1 b - - 0 24,48,?,c3d4,139,661,c3d4,0.6503,0.7193,0.7799,0.8068,c3d4,c3d4,c3d4,c3d4,0.0,0.8068,0.1565,False
r4rk1/3nQppp/8/6PN/3NP3/3B1P2/p6P/2KR2R1 b - - 0 26,52,?,a2a1q,184,856,a2a1q,0.9737,0.9776,0.9766,0.9706,a2a1q,a2a1q,a2a1q,a2a1q,0.0,0.9776,-0.0031,False
r4rk1/3nQppp/8/6PN/4P3/2q2P2/2N4P/1BKR2R1 b - - 3 28,56,?,d7c5,153,395,d7c5,0.3172,0.4036,0.4768,0.4862,d7c5,d7c5,d7c5,d7c5,0.0,0.4862,0.169,False
r4rk1/4Qppp/3R4/6PN/4P3/1nq2P2/2N4P/1B1K2R1 b - - 7 30,60,?,c3f3,145,435,c3f3,0.7567,0.8442,0.8888,0.9158,c3f3,c3f3,c3f3,c3f3,0.0,0.9158,0.1591,False
4rrk1/4Qppp/3R1N2/6P1/4P3/1n3q2/2N4P/1B2K1R1 b - - 3 32,64,?,g7f6,196,820,g7f6,0.8056,0.7997,0.8077,0.8365,g7f6,g7f6,g7f6,g7f6,0.0,0.8365,0.0309,False
4rr1k/4Qp1p/3R1P2/8/4P3/1n3q2/2N4P/1B2KR2 b - - 2 34,68,?,f3h3,290,42,f3h3,0.0418,0.0319,0.0278,0.0241,f3c3,f3c3,f3c3,f3c3,124.0,0.0418,-0.0177,True
rnbq1rk1/pp3ppp/4pn2/2pP4/3P4/P1P1PP2/6PP/R1BQKBNR b KQ - 0 8,16,?,f6d5,9,21,f6d5,0.4339,0.4906,0.4887,0.48,f6d5,f6d5,f6d5,f6d5,0.0,0.4906,0.0461,False
rnbq1rk1/pp3ppp/4p3/3n4/3P4/P3PP2/3B2PP/R2QKBNR b KQ - 0 10,20,?,b8c6,0,16,b8c6,0.4823,0.4889,0.5124,0.5597,b8c6,b8c6,b8c6,b8c6,0.0,0.5597,0.0774,False
r1bq1rk1/pp3ppp/2n5/3np3/3PB3/P3PP2/3B2PP/R2QK1NR b KQ - 1 12,24,?,e5d4,127,36,e5d4,0.6085,0.6981,0.8196,0.8982,e5d4,e5d4,e5d4,e5d4,0.0,0.8982,0.2897,False
r1bq1rk1/pp3ppp/2n5/3n4/4B3/P3pP2/2Q3PP/R1B1K1NR b KQ - 1 14,28,?,c6d4,454,35,f7f5,0.2118,0.1569,0.1456,0.1824,c6d4,d5f6,d5f6,c6d4,0.0,0.2118,-0.0294,False
r1bq1rk1/pp4pp/2n5/3n4/2Q1P3/P3p3/6PP/R1B1K1NR b KQ - 0 16,32,?,d8a5,1047,192,c8e6,0.0786,0.1093,0.1121,0.0957,c8e6,c8e6,c8e6,c8e6,201.0,0.1121,0.0171,False
r2q1rk1/pp4pp/2n5/3b4/6Q1/P3p3/6PP/R1B1K1NR b KQ - 1 18,36,?,d8a5,1989,1021,d8a5,0.2533,0.3416,0.3962,0.4399,d8a5,d8a5,d8a5,d8a5,0.0,0.4399,0.1866,False
r4rk1/pp4pp/2n5/q7/6Q1/Pb2p3/4K1PP/R1B3NR b - - 5 20,40,?,f8f2,1996,1,f8f2,0.288,0.3651,0.4473,0.529,f8f2,f8f2,f8f2,f8f2,0.0,0.529,0.241,False
r5k1/pp4pp/8/q3n3/6Q1/Pb2K3/5rPP/R1B3NR b - - 0 22,44,?,e5g4,1997,0,e5g4,0.9288,0.9386,0.9321,0.899,e5g4,e5g4,e5g4,e5g4,0.0,0.9386,-0.0298,False
r1bq1rk1/pp1pppbp/2n2np1/8/2PN4/2N3P1/PP2PPBP/R1BQ1RK1 b - - 0 8,16,?,d8a5,-39,1,c6d4,0.0037,0.0053,0.0091,0.0193,c6d4,c6d4,d7d6,d7d6,11.0,0.0193,0.0156,False
r1bq1rk1/pp2ppbp/3p1np1/8/2P5/2NQ2P1/PP2PPBP/R1B2RK1 b - - 1 10,20,?,a7a6,-39,3,a7a6,0.0446,0.067,0.1146,0.2399,c8f5,c8f5,a8b8,a8b8,14.0,0.2399,0.1953,False
r2q1rk1/1p1bppbp/p2p1np1/8/2P5/1PNQ2P1/P2BPPBP/R4RK1 b - - 0 12,24,?,a8b8,-40,3,a8b8,0.2547,0.3497,0.3932,0.2462,a8b8,a8b8,a8b8,d7c6,8.0,0.3932,-0.0085,False
1r1q1rk1/1p2ppbp/p1bp1np1/8/2P1P3/1PNQ2P1/P2B1PBP/2R2RK1 b - - 0 14,28,?,b7b5,-57,10,f6d7,0.5762,0.5603,0.4997,0.3903,b7b5,b7b5,b7b5,b7b5,0.0,0.5762,-0.1859,False
1r1q1rk1/1p1nppbp/2bp2p1/p7/2P1PP2/1PNQ2P1/P2B2BP/2R2R1K b - - 1 16,32,?,d7c5,-37,3,d7c5,0.5383,0.7345,0.8624,0.9025,d7c5,d7c5,d7c5,d7c5,0.0,0.9025,0.3642,False
1r3rk1/1p2ppbp/1qbp2p1/p1n2P2/2P1P3/1PN1Q1P1/P2B2BP/2R2R1K b - - 0 18,36,?,c5d7,-64,7,a5a4,0.0453,0.0555,0.0621,0.0725,a5a4,a5a4,b6c7,b6c7,60.0,0.0725,0.0272,False
1r3rk1/1p1nppbp/1qbp2p1/3N1P2/pPP1P3/4Q1P1/P2B2BP/2R2R1K b - - 2 20,40,?,b6d8,-127,22,c6d5,0.0639,0.063,0.0641,0.0645,c6d5,c6d5,c6d5,c6d5,41.0,0.0645,0.0006,False
1r3rk1/1p1nppbp/3p2p1/3P1P2/pPP5/4B1P1/P5BP/2R2R1K b - - 0 22,44,?,b7b6,-25,92,b7b6,0.0657,0.0683,0.058,0.0385,d7e5,d7e5,d7e5,d7e5,130.0,0.0683,-0.0272,False
1r3rk1/4ppbp/1p1p2P1/3Pn3/pPP5/4B1PB/P6P/2R2R1K b - - 0 24,48,?,h7g6,-26,90,h7g6,0.3354,0.3846,0.6464,0.9315,f7g6,f7g6,h7g6,h7g6,0.0,0.9315,0.5961,False
1r3rk1/4p1b1/1p1p2p1/3Pnp2/pPP5/P3B1PB/7P/2RR3K b - - 1 26,52,?,g8f7,0,16,f8c8,0.0687,0.099,0.1166,0.1249,e5f3,f8c8,f8c8,f8c8,16.0,0.1249,0.0562,False
1rr5/4p1bk/1p1p2p1/3Pnp2/pPP5/P3B1PP/8/2RR1B1K b - - 0 28,56,?,g7h6,35,46,g7h6,0.3679,0.3998,0.4033,0.3886,g7h6,g7h6,g7h6,g7h6,0.0,0.4033,0.0207,False
1rr5/4p2k/1p1p2p1/3Pnp2/pPP2P2/P6P/8/2RR1B1K b - - 0 30,60,?,e5d7,43,65,e5d7,0.2702,0.3633,0.4224,0.4532,e5f3,e5d7,e5d7,e5d7,0.0,0.4532,0.183,False
1rr5/3np1k1/1p1p2p1/3P1p2/pPP2P2/P2B3P/6K1/2RR4 b - - 4 32,64,?,d7f6,31,2,g7f7,0.3395,0.3806,0.4043,0.3655,d7f6,d7f6,d7f6,d7f6,0.0,0.4043,0.026,False
1rr5/4pk2/1p1p1np1/3P1p2/pPP2P2/P2B1K1P/8/2R1R3 b - - 8 34,68,?,c8h8,28,1,c8h8,0.3385,0.4476,0.5733,0.6676,c8h8,c8h8,c8h8,c8h8,0.0,0.6676,0.3291,False
r1b1kb1r/p1ppqppp/2p5/3nP3/7P/8/PPP1QPP1/RNB1KB1R b KQkq - 0 8,16,?,e7e6,5,11,a7a5,0.0487,0.0506,0.0402,0.0186,d7d6,d7d6,a7a5,a7a5,8.0,0.0506,-0.0301,False
r1b1kb1r/2ppqppp/2p5/3nP3/p1P4P/8/PP1NQPP1/R1B1KB1R b KQkq - 0 10,20,?,d5b6,9,8,d5b4,0.1041,0.1367,0.1722,0.1691,d5f4,d5f4,d5f4,d5f4,28.0,0.1722,0.065,False
r1b1kb1r/2ppqppp/8/2p1P1B1/pnP4P/5N2/PP2QPP1/R3KB1R b KQkq - 1 12,24,?,f7f6,-15,45,e7e6,0.6976,0.6368,0.5896,0.6082,f7f6,f7f6,f7f6,f7f6,0.0,0.6976,-0.0894,False
r1b1kb1r/2pp1ppp/2n1q3/2p1P1B1/p1P4P/P4N2/1P2QPP1/2KR1B1R b kq - 2 14,28,?,f8e7,-66,17,h7h6,0.0672,0.1001,0.1211,0.1329,c8a6,h7h6,h7h6,h7h6,12.0,0.1329,0.0657,False
1rb1kb1r/2pp1pp1/2n1q2p/2p1P3/p1P4P/P1B2N2/1P2QPP1/2KR1B1R b k - 3 16,32,?,f8e7,-154,13,g7g6,0.1354,0.2098,0.255,0.3076,c8a6,c8a6,c8a6,c8a6,-6.0,0.3076,0.1722,False
1rb1k2r/2pp1pb1/2n1q1pp/2p1P3/p1P4P/P1B2NPB/1P2QP2/2KR3R b k - 2 18,36,?,e6e7,-131,10,e6e7,0.7701,0.8366,0.8825,0.8963,e6e7,e6e7,e6e7,e6e7,0.0,0.8963,0.1262,False
1rb2rk1/2ppqpb1/2n3pp/2p1P2P/p1P5/P1B2NPB/1P2QP2/2KRR3 b - - 0 20,40,?,d7d5,-61,81,g6g5,0.005,0.0039,0.0028,0.0022,g6g5,g6g5,g6g5,g6g5,114.0,0.005,-0.0028,True
1rb2rk1/2ppqpb1/7p/2p1P1pP/p1PB4/P5PB/1P2QP1N/2KRR3 b - - 0 22,44,?,c5d4,24,144,c5d4,0.9903,0.9965,0.9984,0.9987,c5d4,c5d4,c5d4,c5d4,0.0,0.9987,0.0084,False
1rB2rk1/2p1qpb1/3p3p/4P1pP/p1Pp1P2/P5P1/1P2Q2N/2KRR3 b - - 0 24,48,?,f8c8,58,86,f8c8,0.3334,0.5016,0.6742,0.7807,b8c8,f8c8,f8c8,f8c8,0.0,0.7807,0.4473,False
1rr3k1/2p1qpb1/7p/4P1pP/p1PR4/P5P1/1P2Q2N/2K1R3 b - - 0 26,52,?,b8b3,32,10,b8b3,0.0917,0.1209,0.1729,0.2544,c7c5,e7c5,e7c5,e7c5,78.0,0.2544,0.1627,False
2r3k1/2p1qpb1/7p/4P1pP/p1P5/P2Q2P1/1P5N/2K1R3 b - - 0 28,56,?,c8d8,0,0,g7e5,0.3563,0.3847,0.3982,0.4265,g7e5,c8d8,c8d8,c8d8,0.0,0.4265,0.0702,False
1r4k1/2p1qp2/7p/4b1pP/p1P3N1/P2Q2P1/1PK5/4R3 b - - 3 30,60,?,b8b2,198,448,b8b2,0.9319,0.9664,0.9794,0.9823,b8b2,b8b2,b8b2,b8b2,0.0,0.9823,0.0504,False
6k1/2p1qp2/7p/4R1pP/p1P3N1/Pr1Q2P1/8/2K5 b - - 0 32,64,?,e7a3,786,685,e7a3,0.2534,0.2748,0.3078,0.3445,b3d3,b3d3,b3d3,b3d3,1133.0,0.3445,0.0911,False
r3kb1r/pp1n1ppp/1qp1pn2/3p1b2/2PP4/1QN2NP1/PP2PPBP/R1B2RK1 b kq - 0 8,16,?,b6b3,11,4,f8e7,0.117,0.1438,0.1203,0.0394,f8d6,f8d6,f8e7,f8e7,1.0,0.1438,-0.0776,False
r3k2r/pp1nbppp/1qp1p3/2Pp1b2/3Pn3/1QN2NP1/PP2PPBP/R1B1R1K1 b kq - 0 10,20,?,b6b3,9,56,b6b3,0.5786,0.6429,0.6913,0.7739,b6b3,b6b3,b6b3,b6b3,0.0,0.7739,0.1953,False
r3k2r/pp1nbppp/2p1p3/2Pp1b2/3P4/1PP2NP1/4PPBP/R1B1R1K1 b kq - 0 12,24,?,h7h6,-58,2,f5e4,0.0428,0.054,0.0613,0.0508,e8g8,e8g8,e8g8,e8g8,8.0,0.0613,0.008,False
r3k2r/1p1nbppp/p1p1p3/2Pp4/1P1Pb3/2P3P1/3NPPBP/R1B1R1K1 b kq - 1 14,28,?,e4g2,-63,77,e4g2,0.7619,0.7468,0.6959,0.6956,e4g2,e4g2,e4g2,e4g2,0.0,0.7619,-0.0663,False
2kr3r/1p1nbppp/p1p1p3/2Pp4/1P1PP3/2P3P1/3N1PKP/R1B1R3 b - - 0 16,32,?,d8e8,-97,8,d5e4,0.0217,0.0207,0.0191,0.0214,d5e4,d5e4,d5e4,d5e4,24.0,0.0217,-0.0003,False
2kr3r/1p2bppp/p1p1pn2/2P5/1P1P4/2P3P1/3NRPKP/R1B5 b - - 2 18,36,?,f6d5,-109,0,f6d5,0.4489,0.5741,0.6589,0.6398,f6d5,f6d5,f6d5,f6d5,0.0,0.6589,0.1909,False
2krr3/1p2bppp/p1p1p3/2Pn4/1PNP4/2P3P1/1B2RPKP/R7 b - - 6 20,40,?,g7g5,-93,33,e7f8,0.055,0.0496,0.0428,0.0343,e7f6,e7f6,e7f6,e7f6,45.0,0.055,-0.0207,False
2krrb2/1p4pp/p1p1pp2/2Pn4/1PNP1P2/2P3P1/1B2R1KP/4R3 b - - 1 22,44,?,c8d7,-135,46,c8d7,0.1596,0.2804,0.4295,0.5195,d5c7,d5c7,c8d7,c8d7,0.0,0.5195,0.3599,False
3rrb2/1p1k3p/p1p1ppp1/2Pn4/1PNP1PP1/2P2K2/1B2R2P/4R3 b - - 0 24,48,?,e8e7,-83,43,f6f5,0.0621,0.0649,0.0591,0.0472,f8h6,f8h6,f8h6,f8h6,82.0,0.0649,-0.0149,False
3rrb2/1p2k2p/p1p1p1p1/2PnNpP1/1P1P1P2/2P2K2/1B2R2P/4R3 b - - 0 26,52,?,d5c7,-172,3,f8g7,0.2174,0.2407,0.2418,0.2288,f8g7,f8g7,f8g7,f8g7,33.0,0.2418,0.0114,False
3rr3/1p1k2bp/p1pNp1p1/2Pn1pP1/1P1P1P2/2P2K2/1B2R2P/4R3 b - - 4 28,56,?,e8e7,-228,45,e8e7,0.8711,0.9033,0.9104,0.894,e8e7,e8e7,e8e7,e8e7,0.0,0.9104,0.0229,False
1r6/3kr1bp/p1p1p1p1/N1Pn1pP1/1P1P1P2/2P2K2/1B2R2P/4R3 b - - 2 30,60,?,h7h6,-233,47,e7e8,0.3075,0.3089,0.3106,0.2804,h7h6,h7h6,h7h6,d5c7,55.0,0.3106,-0.0271,False
1r2r3/3k2b1/p1p1p1pp/N1Pn1pP1/1P1P1P1P/2P2K2/1B2R3/R7 b - - 0 32,64,?,h6g5,-202,15,h6g5,0.6249,0.6073,0.6179,0.6085,h6g5,h6g5,h6g5,h6g5,0.0,0.6249,-0.0164,False
1r5r/3k2b1/p1p1p1p1/N1Pn1pP1/1P1P3P/2P3K1/1B2R3/R7 b - - 2 34,68,?,f5f4,-192,7,f5f4,0.3596,0.2895,0.2289,0.1917,f5f4,f5f4,h8h7,h8h7,37.0,0.3596,-0.1679,False
rnbqkb1r/1p3ppp/p2p4/2pP4/2P3n1/2NB1N2/PP3PPP/R1BQK2R b KQkq - 3 8,16,?,b8d7,-165,22,b8d7,0.0634,0.0685,0.0623,0.0314,d8e7,f8e7,f8e7,f8e7,36.0,0.0685,-0.032,False
r1bqk2r/1p1nbppp/p2p4/2pP4/2P2Bn1/2NB1N2/PP3PPP/R2Q1RK1 b kq - 7 10,20,?,e8g8,-100,32,e8g8,0.3534,0.3372,0.3381,0.3881,e8g8,e8g8,g4e5,g4e5,42.0,0.3881,0.0347,False
r1bq1rk1/1p1nb1pp/p2p4/2pP1p2/2P2Bn1/2NB1N1P/PP3PP1/R2QR1K1 b - - 0 12,24,?,g4e5,-68,95,g4e5,0.4857,0.6167,0.7411,0.8162,g4e5,g4e5,g4e5,g4e5,0.0,0.8162,0.3305,False
r1bq1rk1/1p2b1pp/p2p4/2pPBp2/2P5/2NB3P/PP3PP1/R2QR1K1 b - - 0 14,28,?,d6e5,-76,377,d6e5,0.9934,0.997,0.9986,0.9992,d6e5,d6e5,d6e5,d6e5,0.0,0.9992,0.0058,False
r1bq1rk1/1p4pp/p2b4/2pP1p2/2P5/2NB3P/PP3PP1/R2QR1K1 b - - 2 16,32,?,b7b6,-58,2,a8b8,0.0273,0.0154,0.0079,0.0041,f5f4,d8g5,d8g5,d8g5,41.0,0.0273,-0.0232,False
1rb2rk1/1p4pp/pq1b4/2pP1p2/P1P5/2NB3P/1PQ2PP1/R3R1K1 b - - 2 18,36,?,d6c7,-83,1,g7g6,0.0409,0.0265,0.0158,0.0093,c8d7,c8d7,c8d7,c8d7,5.0,0.0409,-0.0316,False
1rbq1rk1/1p5p/p2b2p1/2pP1p2/P1P5/2NB3P/1PQ1RPP1/4R1K1 b - - 3 20,40,?,d8h4,-56,12,c8d7,0.0152,0.0174,0.021,0.0226,c8d7,c8d7,c8d7,c8d7,13.0,0.0226,0.0074,False
1r3rk1/1p1b3p/p2b2p1/2pP1p2/P1P4q/1PNBR2P/2Q2PP1/4R1K1 b - - 2 22,44,?,h4f4,9,42,h4f4,0.1829,0.2325,0.2515,0.2594,f5f4,h4f4,h4f4,b8e8,48.0,0.2594,0.0765,False
1r3rk1/1p1b3p/p2b2pq/2pP1p2/P1P5/1PN1R1PP/2Q2P2/4RBK1 b - - 2 24,48,?,f5f4,14,69,f5f4,0.6309,0.707,0.7266,0.6771,f5f4,f5f4,f5f4,f5f4,0.0,0.7266,0.0462,False
1r3rk1/1p5p/p2bR1pq/2pP4/P1P2p2/1PN3PP/2Q2P2/5BK1 b - - 0 26,52,?,f4g3,347,329,f4g3,0.3856,0.3906,0.4365,0.4994,f4g3,b8d8,f4g3,f4g3,0.0,0.4994,0.1138,False
1r4k1/1p5p/p2R2pq/2pP4/P1P1Q3/1PN3pP/5r2/5BK1 b - - 1 28,56,?,h6c1,542,146,b8f8,0.3,0.2685,0.206,0.1548,b8f8,b8f8,b8f8,b8f8,541.0,0.3,-0.1452,False
5r1k/1p5p/p2R2pq/2pPQ3/P1P5/1PN3pP/5r2/5BK1 b - - 5 30,60,?,h8g8,0,11,h6g7,0.6751,0.6471,0.5951,0.5011,h8g8,h8g8,h8g8,h8g8,0.0,0.6751,-0.174,False
5r2/1p4kp/p2R2p1/2pP4/P1P5/1PN3pP/5rB1/6K1 b - - 1 32,64,?,f2c2,514,510,f2c2,0.2498,0.3177,0.3527,0.3726,f2b2,f2b2,f2b2,f2b2,514.0,0.3726,0.1228,False
5r2/1p1R3p/p5pk/2pP4/P1P5/1P4pP/2r1N1B1/6K1 b - - 5 34,68,?,c2e2,756,756,c2e2,0.9516,0.9633,0.9693,0.9684,c2e2,c2e2,c2e2,c2e2,0.0,0.9693,0.0168,False
r1bqkb1r/ppp2ppp/1n1p4/3Pn3/2P5/1PN5/P4PPP/R1BQKBNR b KQkq - 0 8,16,?,g7g6,-25,13,f8e7,0.0594,0.0711,0.0785,0.1197,c8g4,f8e7,f8e7,f8e7,12.0,0.1197,0.0603,False
r1bqk2r/ppp1b1pp/1n1p4/3Pnp2/2P5/1PN1B3/P4PPP/2RQKBNR b Kkq - 1 10,20,?,e8g8,-40,8,e8g8,0.3586,0.4807,0.613,0.676,e8g8,e8g8,e8g8,e8g8,0.0,0.676,0.3174,False
r1bq1rk1/ppp3pp/1n1p1b2/3Pnp2/2P5/1PN1B2N/P3BPPP/2RQK2R b K - 5 12,24,?,b6d7,-53,5,b6d7,0.0974,0.1701,0.2539,0.2246,e5g4,b6d7,b6d7,b6d7,0.0,0.2539,0.1272,False
r1bq1rk1/ppp3pp/3p1b2/2nPnp2/1PP2N2/2N1B3/P3BPPP/2RQK2R b K - 0 14,28,?,c5e4,-38,74,c5a6,0.606,0.6285,0.6681,0.6992,c5e4,c5e4,c5e4,c5e4,0.0,0.6992,0.0932,False
r1bq1rk1/ppp4p/n2p1b2/3PnppN/1PP5/P1N1B3/4BPPP/2RQK2R b K - 1 16,32,?,f5f4,-129,44,f5f4,0.4362,0.491,0.5128,0.3886,f5f4,f5f4,f5f4,f5f4,0.0,0.5128,-0.0476,False
r1b2rk1/ppp4p/n2p1q2/3Pn1p1/1PPB1p2/P1N5/4BPPP/2RQK2R b K - 1 18,36,?,g5g4,-149,19,c8f5,0.2132,0.1941,0.1737,0.1343,g5g4,f4f3,f4f3,f4f3,15.0,0.2132,-0.0789,False
4rrk1/ppp4p/n2p1q2/3Pnbp1/1PPB1p2/P1N2P2/4B1PP/2RQ1RK1 b - - 2 20,40,?,f8f7,-175,13,h7h5,0.0204,0.0253,0.0228,0.0188,b7b6,f6g6,f6g6,f6g6,-15.0,0.0253,-0.0016,False
4rrk1/ppp5/n2p2q1/2PPnbpp/1P1B1p2/P1N2P2/3QB1PP/2R2RK1 b - - 0 22,44,?,a6b8,-179,48,a6b8,0.1951,0.3422,0.5775,0.7,g5g4,a6b8,a6b8,a6b8,0.0,0.7,0.5049,False
4rrk1/pppn4/3p2q1/2PPnbpp/1P1B1p2/P1N2P2/3QB1PP/2R1R2K b - - 4 24,48,?,a7a6,-169,3,f5d3,0.02,0.0244,0.0352,0.0519,g5g4,g5g4,g5g4,h5h4,74.0,0.0519,0.0319,False
4rrk1/pppn4/3p2q1/2PPn1pp/1P1B1p2/P1N2P2/3QR1PP/3R3K b - - 0 26,52,?,e5c4,-103,22,e5c4,0.3205,0.325,0.315,0.2546,g5g4,g5g4,g5g4,g5g4,109.0,0.325,-0.0659,False
4rrk1/ppp5/3p2q1/2PPB1pp/1Pn2p2/P1N2P2/4R1PP/3RQ2K b - - 0 28,56,?,e8e5,-46,40,c4e5,0.2471,0.3079,0.3435,0.343,c4e5,c4e5,c4e5,c4e5,16.0,0.3435,0.0959,False
4rrk1/ppp5/3p2q1/2PPn2p/1P2Npp1/P1Q2P2/4R1PP/3R3K b - - 1 30,60,?,b7b6,-57,3,f8f7,0.0073,0.0045,0.003,0.0026,g4f3,g4f3,g4f3,g4f3,279.0,0.0073,-0.0047,True
4r1k1/ppp2r2/3P2q1/3Pn3/1P2Nppp/P1Q2P2/4R1PP/4R2K b - - 0 32,64,?,c7d6,-281,180,h4h3,0.8891,0.9492,0.9711,0.9739,c7d6,c7d6,c7d6,c7d6,0.0,0.9739,0.0848,False
2Q1r1k1/pp4r1/6q1/3Pn3/1P2Npp1/P1Q2P1p/4R1PP/4R2K b - - 0 34,68,?,e8c8,-544,91,g4f3,0.5656,0.5858,0.6017,0.6252,e8c8,e8c8,e8c8,e8c8,0.0,0.6252,0.0596,False
rnbqk2r/1p2ppbp/2pp1np1/p7/P1PPP1P1/2N1B3/1P2BP1P/R2QK1NR b KQkq - 0 8,16,?,h7h5,-7,2,b8a6,0.1391,0.0856,0.0544,0.0814,e8g8,e8g8,b8a6,b8a6,52.0,0.1391,-0.0577,False
r1bqk2r/1p1nppbp/n1pp2p1/p5P1/P1PPP2P/2N1B3/1P2BP2/R2QK1NR b KQkq - 0 10,20,?,e7e5,-41,32,h7h5,0.0653,0.063,0.0716,0.156,a6b4,a6b4,a6b4,a6b4,93.0,0.156,0.0907,False
r1bqk2r/1p1nppb1/2pp2p1/p5Pp/PnPPPP1P/2N1BN2/1P2B3/R2QK2R b KQkq - 2 12,24,?,d6d5,-31,15,c6c5,0.0307,0.021,0.0152,0.011,b7b6,b7b6,b7b6,e7e5,144.0,0.0307,-0.0197,True
r1bqkn1r/1p2ppb1/3p2p1/p1pP2Pp/PnP1PP1P/2N1B3/1P1NB3/R2QK2R b KQkq - 2 14,28,?,g7d4,-109,55,e7e6,0.0127,0.0121,0.0113,0.0095,f8d7,f8d7,f8d7,f8d7,52.0,0.0127,-0.0032,False
r1bqkn1r/1p3pb1/3p2p1/p1pP2Pp/Pn2PP1P/2N1B3/1P1NB3/R2Q1RK1 b kq - 0 16,32,?,f8d7,-290,13,f8d7,0.1568,0.1846,0.2614,0.3486,c8h3,f8d7,f8d7,f8d7,0.0,0.3486,0.1918,False
r1b1k2r/1p1nqpb1/3p2p1/pNpP2Pp/PnN1PP1P/4B3/1P2B3/R2Q1RK1 b kq - 4 18,36,?,e8g8,-305,31,e8g8,0.3238,0.4832,0.5753,0.6379,e8g8,e8g8,e8g8,e8g8,0.0,0.6379,0.3141,False
2b2rk1/1p1nqpb1/r2N2p1/p1pPP1Pp/PnN2P1P/4B3/1P2B3/R2Q1RK1 b - - 0 20,40,?,a6d6,-312,29,a6d6,0.0471,0.057,0.0702,0.0688,d7b6,d7b6,d7b6,d7b6,50.0,0.0702,0.0217,False
2b2rk1/1p2qpb1/3N2p1/p1pPP1Pp/Pn5P/4B3/1P2B3/R2Q1RK1 b - - 0 22,44,?,g7e5,-308,34,c8h3,0.3254,0.3697,0.4232,0.4431,e7e5,e7e5,e7e5,e7e5,97.0,0.4431,0.1177,False
5rk1/1p2qpb1/6p1/p1pPP1Pp/PnN4P/4B3/1P6/R2Q1BK1 b - - 0 24,48,?,f8d8,-431,14,g7e5,0.0882,0.08,0.0703,0.0661,g7e5,g7e5,g7e5,g7e5,-5.0,0.0882,-0.0221,False
5rk1/1p3p2/6p1/p1pPq1Pp/Pn5P/8/1P3B2/R2Q1BK1 b - - 1 26,52,?,f8d8,-375,16,b4d5,0.0645,0.0826,0.0983,0.1134,b4d5,b4d5,b4d5,b4d5,20.0,0.1134,0.0489,False
5rk1/1p3p2/6p1/p1pn2Pp/P6P/5Q2/1q3B2/3R1BK1 b - - 1 28,56,?,d5c3,-327,154,d5e7,0.6476,0.6661,0.6522,0.631,d5c3,d5c3,d5c3,d5c3,0.0,0.6661,-0.0166,False
5Bk1/1p3p2/6p1/p4nPp/P6P/5Q2/1q6/3R1BK1 b - - 0 30,60,?,g8f8,-555,22,g8f8,0.507,0.4149,0.4416,0.4853,g8f8,f5h4,f5h4,g8f8,0.0,0.507,-0.0217,False
3R1k2/1p3p2/6p1/p4nPp/Pq5P/8/5Q2/5BK1 b - - 3 32,64,?,f8e7,-550,81,f8e7,0.2702,0.1791,0.1416,0.1392,f8g7,f8g7,f8g7,f8g7,111.0,0.2702,-0.131,False
3R4/1p2kp2/1q4p1/p4nPp/P6P/8/3Q4/5B1K b - - 7 34,68,?,b6d8,381,900,b6d8,0.7911,0.8486,0.8674,0.8597,b6d8,b6d8,b6d8,b6d8,0.0,0.8674,0.0686,False
r1bqkb1r/1p3ppp/p1nppn2/6B1/3NP3/2N2P2/PPPQ2PP/R3KB1R b KQkq - 1 8,16,?,c6d4,-29,11,c8d7,0.0209,0.0121,0.0071,0.0096,f8e7,f8e7,f8e7,f8e7,2.0,0.0209,-0.0113,False
r2qkb1r/3b1ppp/p1nppn2/1p4B1/3NP2P/2N2P2/PPPQ2P1/2KR1B1R b kq - 0 10,20,?,c6d4,-49,13,h7h6,0.0609,0.0473,0.0412,0.0385,f8e7,f8e7,f8e7,a8c8,9.0,0.0609,-0.0224,False
r2qkb1r/3b1pp1/p2ppn1p/1p2n3/3NPP1P/2N1B3/PPPQ2P1/2KR1B1R b kq - 0 12,24,?,e5g4,78,81,e5g4,0.2387,0.2847,0.3498,0.3999,e5c4,e5c4,e5c4,e5c4,192.0,0.3999,0.1612,False
r3kb1r/3b1pp1/pq1ppn1p/1p6/3NPPnP/2NB4/PPPQ2P1/2KR2BR b kq - 4 14,28,?,b6c7,72,22,b6c7,0.1388,0.2082,0.2576,0.2867,e6e5,b6b7,b6b7,b6b7,52.0,0.2867,0.1479,False
r3k2r/2qbbpp1/p2ppn1p/1p6/4PPnP/2NB1N2/PPPQ2P1/1K1R2BR b kq - 8 16,32,?,b5b4,127,35,e8g8,0.3002,0.3232,0.3532,0.3986,b5b4,b5b4,b5b4,b5b4,0.0,0.3986,0.0984,False
r4rk1/2qbbpp1/p2p1n1p/1p2pP2/4P1nP/2NB1N2/PPPQ2P1/1K2R1BR b - - 0 18,36,?,b5b4,134,41,b5b4,0.3369,0.3416,0.3606,0.3746,b5b4,b5b4,b5b4,b5b4,0.0,0.3746,0.0377,False
r4rk1/2qbbpp1/3p1n1p/p3pP2/1p2P1nP/3B1N2/PPPQ1NP1/1K2R1BR b - - 1 20,40,?,f8c8,164,24,a5a4,0.0276,0.0411,0.0664,0.1011,g4f2,g4f2,g4f2,g4f2,32.0,0.1011,0.0735,False
r4rk1/2qbbpp1/3p3p/4pP2/pp2P1nP/3B4/PPPQ2PN/1K2R1BR b - - 1 22,44,?,a4a3,137,5,g4h2,0.0468,0.0364,0.0273,0.0213,g4f6,g4f6,g4f6,g4f6,-6.0,0.0468,-0.0255,False
r4rk1/2qbbpp1/3p3p/4pP2/1p2P2P/pP1B4/P1PQ2PR/1K2R1B1 b - - 0 24,48,?,d6d5,67,67,d6d5,0.2254,0.2063,0.1961,0.2178,c7c3,c7c3,c7c3,c7c3,161.0,0.2254,-0.0076,False
r4rk1/2qbbpp1/7p/4pP2/1p2B1PP/pP6/P1PQ3R/1K2R1B1 b - - 0 26,52,?,a8d8,178,7,d7c6,0.254,0.2969,0.3086,0.2791,a8d8,a8d8,a8d8,d7c6,0.0,0.3086,0.0251,False
r4rk1/4bpp1/2q4p/4pP2/1p4PP/pP2B3/P1PQ3R/1K2R3 b - - 1 28,56,?,f8d8,245,4,f8d8,0.2423,0.286,0.3608,0.4599,f8d8,f8d8,f8d8,f8d8,0.0,0.4599,0.2176,False
r2r2k1/4bpp1/2q4p/5P2/1pP1p1PP/pP2B3/P3Q2R/1K2R3 b - c3 0 30,60,?,b4c3,292,187,b4c3,0.6042,0.7088,0.7543,0.7025,b4c3,b4c3,b4c3,b4c3,0.0,0.7543,0.0983,False
r2r2k1/4bpp1/3q1P1p/6P1/4p2P/pPp1B3/P3Q2R/1K2R3 b - - 0 32,64,?,g7f6,221,54,g7f6,0.4623,0.3528,0.2447,0.151,g7f6,g7f6,d6d3,d6d3,591.0,0.4623,-0.3113,False
r2r2k1/5p2/3q1b1p/8/4p2P/pPp1B3/P3Q1R1/1K2R3 b - - 1 34,68,?,g8h8,271,187,g8h7,0.0264,0.0237,0.0235,0.0337,g8f8,g8f8,g8f8,g8h7,212.0,0.0337,0.0073,True
2kr1b1r/ppp1pppp/2n2n2/5q2/2PP2b1/4BN2/PP2BPPP/RN1Q1RK1 b - - 2 8,16,?,e7e5,-53,29,e7e6,0.2956,0.3017,0.3325,0.4777,e7e5,e7e5,e7e5,e7e5,0.0,0.4777,0.1821,False
2kr1b1r/ppp2pp1/2n1pn2/5q1p/Q1PP2b1/2N1BN2/PP2BPPP/R4RK1 b - - 1 10,20,?,f8b4,-134,10,f8d6,0.0639,0.0461,0.0482,0.052,h5h4,a7a6,c8b8,c8b8,109.0,0.0639,-0.0119,False
2kr3r/ppp2pp1/2n1pn2/3P1q1p/Q1P2bb1/2N1BN2/PP2BPPP/R2R2K1 b - - 0 12,24,?,f4e3,-39,19,g4f3,0.239,0.2807,0.3122,0.3469,e6d5,e6d5,e6d5,e6d5,13.0,0.3469,0.1079,False
2kr3r/Qpp2pp1/4pn2/3Pnq1p/2P2b2/2N1BB2/PP3PPP/R2R2K1 b - - 0 14,28,?,e5f3,0,3,e5f3,0.3886,0.5264,0.6305,0.6544,e5f3,e5f3,e5f3,e5f3,0.0,0.6544,0.2658,False
Q1kr3r/1pp2pp1/4pn2/3P1q1p/2P5/2N1bP2/PP3P1P/R2R2K1 b - - 1 16,32,?,c8d7,72,0,c8d7,1.0,1.0,1.0,1.0,c8d7,c8d7,c8d7,c8d7,0.0,1.0,0.0,False
3r3r/1pp1kpp1/4Pn2/5q1p/2P5/Q1N1bP2/PP3P1P/R2R2K1 b - - 2 18,36,?,e3c5,374,313,f5c5,0.5378,0.7378,0.8575,0.9065,e3c5,e3c5,e3c5,e3c5,0.0,0.9065,0.3687,False
3r3r/1pp1kpp1/4Pn2/7p/2P5/P1N1PP2/P6P/R2R2K1 b - - 0 20,40,?,f7e6,-8,11,e7e6,0.5605,0.6359,0.6802,0.6853,f7e6,f7e6,f7e6,f7e6,0.0,0.6853,0.1248,False
7r/1pp2pp1/4kn2/7p/2P5/P1N1PP2/P4K1P/3R4 b - - 0 22,44,?,h8a8,1,17,c7c6,0.1301,0.205,0.3887,0.6296,g7g5,g7g5,h8a8,h8a8,0.0,0.6296,0.4995,False
7r/1p1n1pp1/2p1k3/7p/P1P1N3/4PP2/P4K1P/3R4 b - - 2 24,48,?,h8a8,0,8,e6e7,0.1487,0.1814,0.2468,0.3726,d7e5,d7e5,h8a8,h8a8,0.0,0.3726,0.2239,False
7r/1p1nk1p1/2p5/5p1p/P1P5/2N1PP2/P4K1P/1R6 b - - 1 26,52,?,d7c5,8,29,d7c5,0.239,0.238,0.2967,0.3996,b7b6,b7b6,b7b6,b7b6,31.0,0.3996,0.1606,False
r7/1p2k1p1/2p5/2n2p1p/P1P5/2N1PP2/P4K1P/1R6 b - - 5 28,56,?,g7g5,39,24,e7d6,0.2994,0.3301,0.3358,0.2594,g7g5,g7g5,g7g5,g7g5,0.0,0.3358,-0.04,False
r7/1p4p1/2pk4/5p1p/N1P5/4PP2/P4K1P/6R1 b - - 0 30,60,?,a8a4,3,349,a8a4,0.9449,0.9747,0.9899,0.9948,a8a4,a8a4,a8a4,a8a4,0.0,0.9948,0.0499,False
8/1p4R1/2pk4/5p1p/2P5/4PPK1/r6P/8 b - - 1 32,64,?,b7b5,0,0,b7b5,0.1746,0.1865,0.2219,0.2557,b7b5,b7b5,b7b5,b7b5,0.0,0.2557,0.0811,False
8/6R1/3k4/1p3p1p/5K2/4PP2/r6P/8 b - - 1 34,68,?,a2f2,1,1,a2h2,0.0015,0.0008,0.0005,0.0005,a2h2,a2h2,a2h2,a2h2,1.0,0.0015,-0.001,False
r1bQkb1r/ppp2ppp/2p5/4Pn2/8/5N2/PPP2PPP/RNB2RK1 b kq - 0 8,16,?,e8d8,-23,0,e8d8,1.0,1.0,1.0,1.0,e8d8,e8d8,e8d8,e8d8,0.0,1.0,0.0,False
r2k1b1r/pppb1ppp/2p5/4Pn2/8/2N2N1P/PPP2PP1/R1B2RK1 b - - 0 10,20,?,h7h6,-16,12,h7h6,0.0313,0.0594,0.1044,0.1633,f8c5,d8c8,d8c8,d8c8,41.0,0.1633,0.132,False
r2k1b1r/p1pb1pp1/1pp4p/4Pn2/8/1PN2N1P/PBP2PP1/R4RK1 b - - 1 12,24,?,d8c8,-27,10,d8c8,0.5351,0.6784,0.7672,0.8515,d8c8,d8c8,d8c8,d8c8,0.0,0.8515,0.3164,False
r1k2b1r/p1pb1pp1/1p5p/2pNPn2/8/1P3N1P/PBP2PP1/3R1RK1 b - - 1 14,28,?,a7a5,-28,20,a7a5,0.0203,0.0194,0.0174,0.0233,c8b7,c8b7,d7c6,d7c6,64.0,0.0233,0.003,False
r1k2b1r/2p2pp1/1p2b2p/p1p1Pn2/5N2/1P3N1P/PBP2PP1/3RR1K1 b - - 3 16,32,?,a5a4,19,81,a5a4,0.0894,0.0963,0.1086,0.1602,c8b7,c8b7,c8b7,c8b7,71.0,0.1602,0.0708,False
r1k2b1r/2p1npp1/1p2b2p/2p1P3/p4N1P/1P3N2/PBP1RPP1/3R2K1 b - - 0 18,36,?,e6g4,24,4,e6g4,0.1224,0.1258,0.143,0.1772,a4b3,a4b3,a4b3,a4b3,15.0,0.1772,0.0548,False
r1k2b1r/2p1n1p1/1p2N2p/2p5/p5bP/1P3N2/PBP1RPP1/3R2K1 b - - 0 20,40,?,e7c6,28,79,e7c6,0.0922,0.0854,0.0949,0.1218,g4e6,g4e6,g4e6,g4e6,219.0,0.1218,0.0296,False
r1k4r/2p3p1/1pnbN2p/2p5/p3R1bP/1P3N2/PBPR1PP1/6K1 b - - 4 22,44,?,g4f5,38,18,g4f5,0.1815,0.1369,0.1182,0.1269,g4f3,g4f3,g4f3,g4f3,22.0,0.1815,-0.0546,False
r1k3r1/2p3N1/1pnb3p/2p2b2/p6P/1P3N2/PBPR1PP1/4R1K1 b - - 0 24,48,?,f5g4,40,67,f5g4,0.1585,0.202,0.2451,0.2709,f5d7,f5d7,f5g4,f5d7,74.0,0.2709,0.1124,False
r1k3r1/2p3N1/1pn4p/2p5/p4bbP/1P1R4/PBP2PPN/4R1K1 b - - 4 26,52,?,a4b3,39,39,a4b3,0.1212,0.0985,0.0808,0.073,f4h2,f4h2,f4h2,f4h2,39.0,0.1212,-0.0482,False
2k3r1/2p3N1/1pn4p/2p5/5bNP/1P1R4/rBP2PP1/4R1K1 b - - 0 28,56,?,a2b2,27,288,a2b2,0.9569,0.9714,0.9819,0.9823,a2b2,a2b2,a2b2,a2b2,0.0,0.9823,0.0254,False
2k1R1r1/2p3N1/1pn4p/2p5/6NP/1P3R2/1rPb1PP1/6K1 b - - 3 30,60,?,g8e8,49,489,g8e8,0.9626,0.978,0.9837,0.9802,g8e8,g8e8,g8e8,g8e8,0.0,0.9837,0.0176,False
2k1N3/2p5/1pn2N2/2p4p/7P/1P3R2/1rPb1PP1/6K1 b - - 1 32,64,?,c6d4,45,35,c6d4,0.0609,0.0619,0.0669,0.0955,b2c2,b2c2,b2c2,b2c2,45.0,0.0955,0.0346,False
2k1N3/2p5/1p6/2p4p/3nN2P/1P1R4/2rb1PP1/6K1 b - - 1 34,68,?,c2c1,67,1,d2f4,0.2281,0.1757,0.1279,0.0988,d2f4,d2f4,d2f4,d2f4,9.0,0.2281,-0.1293,False
r1bq1rk1/p1pn1ppp/1p1bpn2/3pN3/3P1B1P/3BP3/PPPN1PP1/R2QK2R b KQ - 0 8,16,?,c8b7,-96,9,c8b7,0.5253,0.5159,0.5528,0.653,c8b7,c8b7,c8b7,c8b7,0.0,0.653,0.1277,False
r2q1rk1/pb1n1ppp/1p1bpn2/2ppN3/3P1B1P/2PBPQ2/PP1N1PP1/R3K2R b KQ - 0 10,20,?,d8c7,-13,45,d8c7,0.0919,0.1172,0.2084,0.4602,c5d4,c5d4,c5d4,d8c7,0.0,0.4602,0.3683,False
r4rk1/pb1q1ppp/1p1bpn2/2ppB3/3P3P/2PBPQ2/PP1N1PP1/R3K2R b KQ - 1 12,24,?,d6e5,56,63,f6e8,0.4775,0.5351,0.561,0.513,d6e5,d6e5,d6e5,d6e5,0.0,0.561,0.0355,False
r3nrk1/pb1q2pp/1p1bp3/2ppBp1Q/3P3P/2PBPN2/PP3PP1/R3K2R b KQ - 1 14,28,?,a7a5,-41,3,g7g6,0.0028,0.0015,0.001,0.0009,e8f6,e8f6,e8f6,e8f6,7.0,0.0028,-0.0019,False
r3nrk1/pb1qb2p/1p2p1p1/2ppBp2/3P3P/2PBPNQ1/PP3PP1/R3K2R b KQ - 3 16,32,?,d7d8,-352,6,e8f6,0.0224,0.0266,0.032,0.0375,e8f6,e8f6,e8f6,e8f6,61.0,0.0375,0.0151,False
r4rk1/pb1qb2p/1p2p1P1/2ppBp2/3P2n1/2PBPNQ1/PP3PP1/R3K2R b KQ - 0 18,36,?,h7h6,-473,13,h7g6,0.1863,0.1914,0.1711,0.12,h7g6,h7g6,h7g6,h7g6,32.0,0.1914,-0.0663,False
r4rk1/pb1qb3/1p2p1p1/3pBp2/3P2n1/2PB1NQ1/PP3PP1/2KR3R b - - 0 20,40,?,a8c8,-402,31,e7f6,0.0157,0.0103,0.0082,0.0078,g8f7,g8f7,e7f6,e7f6,135.0,0.0157,-0.0079,True
r5k1/pb1q4/1p2prp1/3pNp2/3P2n1/2PB2Q1/PP3PP1/2KR3R b - - 1 22,44,?,d7g7,-546,39,d7c7,0.2454,0.302,0.3571,0.3902,g4e5,g4e5,g4e5,g4e5,145.0,0.3902,0.1448,False
rn2kbnr/ppq2pp1/2p1p3/3pPb1p/3P3P/1NPB4/PP3PP1/R1BQK1NR b KQkq - 3 8,16,?,f5d3,-27,22,g8e7,0.3636,0.4438,0.5329,0.5981,f5d3,f5d3,f5d3,f5d3,0.0,0.5981,0.2345,False
rn2kb1r/ppq1Bpp1/2p1p3/3pP2p/3P3P/1NPb4/PP3PP1/R2QK1NR b KQkq - 0 10,20,?,f8e7,8,36,b8d7,0.6133,0.5542,0.5075,0.395,f8e7,f8e7,f8e7,f8e7,0.0,0.6133,-0.2183,False
r3kr2/ppqn1pp1/2p1p3/3pP2p/3P3P/1NPQ4/PP3PP1/R3K1NR b KQq - 0 12,24,?,e8c8,-498,34,e8c8,0.5247,0.5585,0.5249,0.4501,e8c8,e8c8,e8c8,e8c8,0.0,0.5585,-0.0746,False
2kr1r2/ppqn2p1/2p1pP2/3p3p/3P3P/1NPQ1N2/PP3PP1/R3K2R b KQ - 0 14,28,?,g7f6,-452,5,g7f6,0.2983,0.2562,0.2747,0.4002,d7f6,d7f6,d7f6,g7f6,0.0,0.4002,0.1019,False
2kr1r2/ppqn4/2p2p2/3ppQ1p/3P3P/1NP2N2/PP3PP1/2KR3R b - - 1 16,32,?,c8b8,-414,54,c8b8,0.1144,0.177,0.2452,0.3644,e5d4,e5e4,e5e4,e5e4,64.0,0.3644,0.25,False
1k1r1r2/1pqn4/2p2p2/p2pp2Q/3P3P/1NP2N2/PP3PP1/2KRR3 b - - 0 18,36,?,e5e4,-321,25,a5a4,0.2644,0.3904,0.4773,0.4542,a5a4,e5e4,e5e4,e5e4,0.0,0.4773,0.1898,False
1k1r1r2/1pqn4/2p2p2/3pp2Q/3P3P/pPP2N2/P2N1PP1/2KRR3 b - - 0 20,40,?,e5e4,-269,36,e5e4,0.1711,0.2099,0.2294,0.2151,e5d4,c7a5,c7a5,c7a5,52.0,0.2294,0.044,False
1k1r1r2/1pqn4/2p5/3p1p1Q/3Pp2P/pPP5/P2N1PP1/1K1RR1N1 b - - 1 22,44,?,f8g8,-223,10,f8h8,0.0063,0.0031,0.0019,0.0022,c7a5,c7a5,c7a5,c7a5,74.0,0.0063,-0.0041,False
1k3r1r/1pqn4/2p5/3p4/3Pp1QP/pPP5/P2N1PP1/1K1RR1N1 b - - 2 24,48,?,h8g8,-251,28,h8g8,0.0658,0.0441,0.0268,0.0175,f8f2,f8f2,f8f2,f8f2,23.0,0.0658,-0.0483,False
1k4r1/1pqn4/2p5/3p4/3Pp1PP/pPP4Q/P2N1r2/1K1RR1N1 b - - 0 26,52,?,f2h2,0,211,f2h2,0.1008,0.0931,0.0846,0.0856,c7f4,c7a5,c7a5,c7a5,472.0,0.1008,-0.0152,False
1k4r1/1pqn4/2p5/3p2P1/3Pp2r/pPP1Q3/P2N4/1K1RR1N1 b - - 0 28,56,?,h4g4,-250,6,h4g4,0.4696,0.5362,0.5644,0.5617,h4g4,h4g4,h4g4,h4g4,0.0,0.5644,0.0921,False
1k6/1pqn4/2p5/3p2r1/3Pp1r1/pPP1Q3/P2NN3/1K1R2R1 b - - 1 30,60,?,c7h2,-255,12,g4g2,0.1373,0.1086,0.0897,0.0846,g4g1,g4g1,g4g1,g4g1,50.0,0.1373,-0.0527,False
1k6/1pqn4/2p5/3p2R1/3Pp3/pPP5/P2NN3/1K1R4 b - - 0 32,64,?,c7h2,159,385,c7h2,0.4753,0.498,0.5446,0.6404,c7h2,c7h2,c7h2,c7h2,0.0,0.6404,0.1651,False
1k6/1p1n3q/2p5/3p2R1/3Pp3/pPP5/P2NN3/2K1R3 b - - 4 34,68,?,d7f6,-258,8,d7f6,0.0857,0.071,0.0603,0.0516,h7h4,h7h4,h7h4,h7h4,8.0,0.0857,-0.0341,False
rnbqr1k1/pppp1ppp/8/8/4n3/2PN4/PPP1BPPP/R1BQ1RK1 b - - 1 8,16,?,h7h6,-44,6,d7d6,0.0155,0.012,0.0133,0.0208,d7d5,d7d5,d7d5,d7d5,21.0,0.0208,0.0053,False
rn1qr1k1/ppp2ppp/3p4/5b2/4n3/2PN1B2/PPP2PPP/R1BQR1K1 b - - 3 10,20,?,b8c6,-20,3,b8d7,0.3261,0.3272,0.3658,0.4639,b8c6,b8c6,b8c6,b8c6,0.0,0.4639,0.1378,False
r2qr1k1/ppp2ppp/3p1n2/5b2/4nN2/2P1BB2/PPP2PPP/R2QR1K1 b - - 7 12,24,?,h7h6,-32,6,d8d7,0.0618,0.061,0.0711,0.0897,e4g5,e4g5,c7c6,d8d7,1.0,0.0897,0.0279,False
r3r1k1/pp1q1ppp/2pp1n2/5b2/2PBnN2/5B2/PPP2PPP/R2QR1K1 b - - 0 14,28,?,c6c5,-36,3,h7h6,0.2662,0.2466,0.2024,0.1354,c6c5,c6c5,c6c5,d6d5,76.0,0.2662,-0.1308,False
r3r1k1/1p1q1pp1/2pp1n1p/p4b2/P1PBnN2/1P3B2/2P2PPP/R2QR1K1 b - - 0 16,32,?,f5h7,-46,11,a8d8,0.0068,0.014,0.0222,0.0283,c6c5,c6c5,c6c5,c6c5,114.0,0.0283,0.0215,True
r3r1k1/1p1q1pp1/2pp1n1p/p4b2/P1PBnN2/1P3B2/2P2PPP/R2QR1K1 b - - 4 18,36,?,f5h7,-44,7,a8d8,0.0068,0.014,0.0222,0.0283,c6c5,c6c5,c6c5,c6c5,115.0,0.0283,0.0215,True
3rr1k1/1p1q1pp1/2p2n1p/p1Pp1b2/P2BnN2/1P3B2/2P2PPP/R1Q1R1K1 b - - 0 20,40,?,d7c7,-35,7,e4g5,0.159,0.1882,0.1917,0.1809,e4g5,e4g5,d7c7,d7c7,0.0,0.1917,0.0219,False
3rr1k1/1p1q1pp1/2p2B1p/p1Pp1b2/P4N2/1P3P2/2P2P1P/R1Q1R1K1 b - - 0 22,44,?,g7f6,-72,7,g7f6,0.86,0.8575,0.8853,0.9193,g7f6,g7f6,g7f6,g7f6,0.0,0.9193,0.0593,False
3rr1k1/1p1q1p2/2p2p1p/p1P2b2/P2p1N2/1P3P2/1QP2P1P/R3R2K b - - 1 24,48,?,g8h7,89,15,f5g6,0.0688,0.1488,0.2746,0.3562,e8e1,e8e1,g8h7,g8h7,0.0,0.3562,0.2874,False
3rq1k1/1p3p2/2p2pbp/p1P5/P2p1N2/1P3P2/1QP2P1P/6RK b - - 1 26,52,?,e8e5,34,19,g8h7,0.34,0.3673,0.3652,0.4171,e8e5,g8h7,g8h7,g8h7,34.0,0.4171,0.0771,False
3r4/1p3p1k/2p2pNp/p1P1q3/P2p4/1P3P2/2P2P1P/2Q3RK b - - 0 28,56,?,f7g6,8,453,f7g6,0.9612,0.985,0.9932,0.9936,f7g6,f7g6,f7g6,f7g6,0.0,0.9936,0.0324,False
3r4/1p5k/2p2ppp/p1q5/P2p1Q2/1P3P2/2P2P1P/4R2K b - - 1 30,60,?,d8d7,0,0,d8d7,0.0701,0.1029,0.1368,0.1753,h7g7,h7g7,h7g7,h7g7,803.0,0.1753,0.1052,False
2bqk1nr/1ppp1ppp/2n5/4p3/1PP5/8/3PPPPP/Q1B1KBNR b Kk - 0 8,16,?,d7d6,-16,2,g8f6,0.0182,0.0226,0.0208,0.0159,c6b4,c6b4,c6b4,c6b4,4.0,0.0226,-0.0023,False
2bqk2r/1ppp1ppp/5n2/1P2p3/2Pn4/2Q5/3PPPPP/2B1KBNR b Kk - 2 10,20,?,f6e4,87,45,e8g8,0.2274,0.1848,0.1486,0.1191,e8g8,e8g8,e8g8,e8g8,52.0,0.2274,-0.1083,False
2bqr1k1/1ppp1ppp/5n2/1P2p3/2Pn4/2Q1PN2/3P1PPP/2B1KB1R b K - 2 12,24,?,f6e4,138,67,c7c5,0.0497,0.0399,0.0451,0.0806,d4f3,d4f3,d4f3,d4f3,61.0,0.0806,0.0309,False
2bqr1k1/1p3ppp/5n2/1PpPp3/3n4/2QBPN2/3P1PPP/2B1K2R b K - 0 14,28,?,e5e4,343,102,d8d5,0.148,0.1617,0.217,0.3451,d4f3,d4f3,d4f3,d4f3,225.0,0.3451,0.1971,False
2b1r1k1/1p3ppp/5n2/1Ppqp3/2Q5/3BPP2/3P1P1P/2B1K2R b K - 0 16,32,?,d5f3,367,241,d5f3,0.4921,0.6236,0.71,0.6897,d5f3,d5f3,d5f3,d5f3,0.0,0.71,0.1976,False
4r1k1/1p3ppp/5n2/1Pp1p3/2Q3b1/4Pq2/3PBP1P/2B1K1R1 b - - 3 18,36,?,f3e2,157,89,f3e2,0.0611,0.0537,0.0352,0.0236,f3h3,f3h3,f3h3,f3h3,437.0,0.0611,-0.0375,False
4r1k1/1p3ppp/5n2/1Pp1p3/8/4P3/3PKP1P/2B3R1 b - - 0 20,40,?,f6e4,151,32,f6d5,0.0626,0.0434,0.0246,0.0147,b7b6,b7b6,b7b6,e8a8,123.0,0.0626,-0.0479,False
4r1k1/1p4pp/5p2/1Ppnp3/8/3KP3/1B1P1P1P/6R1 b - - 1 22,44,?,e5e4,194,11,d5b6,0.097,0.0562,0.0336,0.0217,d5b4,b7b6,b7b6,b7b6,112.0,0.097,-0.0753,False
4r1k1/1p4pp/1n3p2/1P2p3/2p2P2/4P3/1BKP3P/6R1 b - - 1 24,48,?,g8f7,65,19,g8f7,0.0167,0.0347,0.0654,0.1285,e5f4,e5f4,e5f4,e5f4,48.0,0.1285,0.1118,False
4r3/1p3kpp/1n6/1P2p3/2p5/4P3/1BKP3P/R7 b - - 1 26,52,?,f7e6,96,10,f7e6,0.1025,0.1578,0.2128,0.2917,b6d5,b6d5,b6d5,f7e6,0.0,0.2917,0.1892,False
8/Rp2r1pp/1n2k3/1P2p3/2p5/B3P3/2KP3P/8 b - - 5 28,56,?,e7c7,115,43,e7f7,0.1864,0.1998,0.1923,0.1765,e7d7,e7d7,e7f7,e7f7,65.0,0.1998,-0.0099,False
8/Rp3rpp/1n6/1P1kp3/1Bp5/2K1P3/3P3P/8 b - - 9 30,60,?,g7g5,156,25,g7g5,0.1282,0.1308,0.143,0.1394,b6c8,b6c8,b6c8,b6c8,115.0,0.143,0.0112,False
R1n5/1p3r1p/8/BP1kp1p1/2p5/2K1P3/3P3P/8 b - - 3 32,64,?,c8d6,42,42,c8d6,0.8764,0.8952,0.9155,0.9217,c8d6,c8d6,c8d6,c8d6,0.0,0.9217,0.0453,False
3R4/1p3r1p/3nk3/BP2p1p1/1Kp5/4P3/3P3P/8 b - - 7 34,68,?,f7d7,135,80,h7h5,0.2048,0.2386,0.2523,0.223,f7f2,f7f2,f7d7,f7f2,135.0,0.2523,0.0182,False
rn1qk1nr/pp3pb1/2p1p1p1/3pP2p/3P1Pb1/2N1BN1P/PPP3P1/R2QKB1R b KQkq - 0 8,16,?,g4f3,-103,0,g4f3,0.7329,0.7937,0.8783,0.9575,g4f3,g4f3,g4f3,g4f3,0.0,0.9575,0.2246,False
rn1qk1nr/pp3pb1/2p1p1p1/3pP3/3P1P1p/2NBBQ1P/PPP3P1/R3K2R b KQkq - 1 10,20,?,g8h6,-73,0,g8h6,0.043,0.0538,0.0775,0.1293,g8e7,g8e7,g8e7,g8e7,0.0,0.1293,0.0863,False
rn1qkb1r/pp3p2/2p1p1pn/3pP3/3P1P1p/2PBBQ1P/PP2N1P1/R3K2R b KQkq - 0 12,24,?,h6f5,-72,9,f8e7,0.5788,0.6846,0.7366,0.6551,h6f5,h6f5,h6f5,h6f5,0.0,0.7366,0.0763,False
rn1qk2r/1p2bp2/2p1p1pn/p2pP3/3P1P1p/1PPBBQ1P/P3N1P1/R4RK1 b kq - 0 14,28,?,a5a4,-60,13,h6f5,0.1437,0.1148,0.0941,0.117,h6f5,h6f5,h6f5,h6f5,10.0,0.1437,-0.0267,False
r2qk2r/1p2bp2/n1p1p1p1/p2pPn2/3P1P1p/PPPB1Q1P/4NBP1/R4RK1 b kq - 0 16,32,?,a6c7,-65,1,e8f8,0.288,0.3624,0.4351,0.507,a6c7,a6c7,a6c7,a6c7,0.0,0.507,0.219,False
r2q3r/1p2bpk1/n1p1p1p1/p2pPn2/2PP1P1p/PP1B1Q1P/4NBP1/R1R3K1 b - - 2 18,36,?,a6c7,-56,12,d8b8,0.3265,0.3581,0.3755,0.392,a6c7,a6c7,a6c7,a6c7,0.0,0.392,0.0655,False
rq5r/1p2bpk1/n3p1p1/p2pPB2/3P1P1p/PP3Q1P/4NBP1/R1R3K1 b - - 0 20,40,?,g6f5,-77,230,g6f5,0.5306,0.5767,0.7187,0.8599,g6f5,g6f5,g6f5,g6f5,0.0,0.8599,0.3293,False
r4q1r/1p2bpk1/n3p3/p2pPp2/P2P1P1p/1P3Q1P/4NBP1/R1R4K b - - 0 22,44,?,f8d8,-38,5,a8c8,0.0198,0.0247,0.045,0.1018,a6b4,a6b4,a6b4,a6b4,54.0,0.1018,0.082,False
2r2q1r/1p3pk1/n3p3/p2pPp2/Pb1P1P1p/1P1Q3P/5BP1/R1R3NK b - - 4 24,48,?,b4e7,-58,21,f8e7,0.0649,0.0741,0.0653,0.0488,c8c1,f8e7,f8e7,f8e7,184.0,0.0741,-0.0161,False
1nr4r/1p2qpk1/4p3/p2pPp2/Pb1P1P1B/1P1Q1N1P/6P1/R1R4K b - - 0 26,52,?,c8c1,193,641,c8c1,0.0914,0.0844,0.0708,0.0594,h8h4,h8h4,h8h4,h8h4,660.0,0.0914,-0.032,False
1n6/1p2qpk1/4p3/p2pPp2/Pb1P1P1N/1P1Q3P/6P1/2R4K b - - 0 28,56,?,e7h4,171,584,e7h4,0.8819,0.8431,0.802,0.7595,e7h4,e7h4,e7h4,e7h4,0.0,0.8819,-0.1224,False
8/1p3pk1/2n1p3/p2pPp2/Pb1P1P1q/1P1Q3P/6PK/5R2 b - - 3 30,60,?,b4e7,201,2,h4h8,0.0737,0.0706,0.0626,0.0656,c6e7,b4e1,b4e1,b4e1,496.0,0.0737,-0.0081,False
5k1q/1p3p2/2n1p3/p2pPpQ1/Pb1P1P2/1P5P/6PK/5R2 b - - 7 32,64,?,b4c3,267,31,b4e7,0.0438,0.0372,0.032,0.0272,c6d4,c6d4,c6d4,b4e7,18.0,0.0438,-0.0166,False
4k2q/1p2bp2/2n1p3/p2pPp2/P2P1P2/1P1Q3P/6PK/5R2 b - - 11 34,68,?,e8d8,150,6,e8d7,0.0096,0.0115,0.0126,0.0151,c6b4,c6b4,e8d7,e8d7,-4.0,0.0151,0.0055,False
rnbqr1k1/ppp2pbp/3p1nP1/4p3/3PP3/2P5/PP1NBPP1/R1BQK1NR b KQ - 0 8,16,?,h7g6,67,107,h7g6,0.1535,0.1132,0.1839,0.6777,f7g6,f7g6,f7g6,h7g6,0.0,0.6777,0.5242,False
rnbqr1k1/pp3pb1/2pp1np1/3Pp3/2P1P3/8/PP1NBPP1/R1BQK1NR b KQ - 0 10,20,?,b7b5,59,21,b8d7,0.0563,0.0439,0.0286,0.0325,c6d5,c6d5,c6d5,c6d5,88.0,0.0563,-0.0238,False
r1bqr1k1/1p1n1pb1/2pp1np1/p2Pp3/2P1P3/5P2/PP2B1P1/R1BQKNNR b KQ - 1 12,24,?,d7c5,45,1,d7c5,0.1893,0.2009,0.199,0.1674,c6d5,c6d5,c6d5,c6d5,15.0,0.2009,-0.0219,False
r1bqr1k1/1p3pb1/3p1np1/p1nPp3/4P3/4BP2/PP2B1P1/R2QKNNR b KQ - 0 14,28,?,f6h5,-3,6,d8b6,0.0601,0.0773,0.1003,0.1748,b7b6,b7b6,b7b6,c8d7,22.0,0.1748,0.1147,False
r1b1r1k1/1p3pb1/3p1np1/p1BPp3/1q2P3/5P2/PP1QB1P1/R3KNNR b KQ - 0 16,32,?,b4c5,66,66,b4c5,0.7275,0.7744,0.7566,0.7256,b4c5,b4c5,b4c5,b4c5,0.0,0.7744,-0.0019,False
r1b1r1k1/1p3pb1/1q1p1np1/p2Pp3/4P3/4NP2/PP1QB1P1/2R1K1NR b K - 3 18,36,?,c8d7,68,15,c8d7,0.3594,0.3963,0.4632,0.5391,c8d7,c8d7,c8d7,c8d7,0.0,0.5391,0.1797,False
r3r1k1/1p1b1pb1/3p1np1/p1qPN3/4P3/5P2/PP1QB1P1/2R1K1NR b K - 0 20,40,?,c5b4,67,67,c5b4,0.2524,0.2646,0.3007,0.3559,c5b6,c5b6,c5b6,c5b6,83.0,0.3559,0.1035,False
r1r3k1/1p1b1pb1/3p1np1/p2P4/1qN1P3/P4P2/1P1QB1P1/2R1K1NR b K - 0 22,44,?,b4c5,191,49,b4d2,0.1468,0.1424,0.1525,0.1747,b4b3,b4d2,b4d2,b4d2,53.0,0.1747,0.0279,False
r1r3k1/1p1b1pb1/1N1p2p1/p2P3n/4P3/P4P2/1P1KB1P1/2R3NR b - - 2 24,48,?,g7h6,440,450,g7h6,0.1401,0.1515,0.1867,0.2377,c8c1,c8c1,c8c1,c8c1,466.0,0.2377,0.0976,False
N5k1/1p1b1p2/3p2pb/p2P3n/4P3/P2K1P2/1P2B1P1/2r3NR b - - 0 26,52,?,d7b5,464,26,d7b5,0.6084,0.6501,0.6903,0.7268,d7b5,d7b5,d7b5,d7b5,0.0,0.7268,0.1184,False
N5k1/1p3p2/3p2pb/p2P3R/3KP3/P4P2/1P2b1P1/2r3N1 b - - 0 28,56,?,c1c4,1999,1280,g6h5,0.1537,0.1691,0.1633,0.1675,h6g7,h6g7,h6g7,h6g7,1503.0,0.1691,0.0138,False
N5k1/1p3p2/3p3b/p2P3p/3KP3/P4PN1/1Pr3P1/8 b - - 2 30,60,?,h5h4,434,52,h5h4,0.037,0.0314,0.0325,0.0379,c2b2,c2b2,c2b2,c2b2,83.0,0.0379,0.0009,False
N5k1/1p3pb1/3p4/p2P1N2/4P2p/P2K1P2/1Pr3P1/8 b - - 3 32,64,?,c2g2,396,13,c2g2,0.402,0.364,0.3162,0.2588,c2b2,c2b2,c2b2,c2b2,-4.0,0.402,-0.1432,False
N5k1/1p3pb1/3p4/p2P4/P3P2N/3K1P2/1r6/8 b - - 0 34,68,?,b7b5,470,18,b2b4,0.0597,0.0557,0.0648,0.085,b2b3,b2b3,b2b4,b2b4,38.0,0.085,0.0253,False
r1bq1rk1/bppp1ppp/p1n2n2/4p3/2PP4/2N1P1P1/PP2NPBP/R1BQ1RK1 b - - 0 8,16,?,d7d6,-62,1,e5d4,0.2089,0.1827,0.1831,0.4457,e5d4,e5d4,e5d4,d7d6,0.0,0.4457,0.2368,False
r1bq1rk1/bpp2ppp/p1np1n2/6B1/2PP4/2N3P1/PP2NPBP/R2Q1RK1 b - - 1 10,20,?,h7h6,-30,32,h7h6,0.487,0.6638,0.8104,0.8775,h7h6,h7h6,h7h6,h7h6,0.0,0.8775,0.3905,False
r1bqr1k1/bpp2pp1/p1np1n1p/8/2PP1N2/2N1B1P1/PP3PBP/R2Q1RK1 b - - 3 12,24,?,c6e7,-21,7,c8f5,0.0513,0.1044,0.1548,0.1384,c8g4,c8g4,c8g4,c8g4,38.0,0.1548,0.0871,False
r3r1k1/bppq1pp1/p1np1n1p/5b2/2PP1N2/2N1B1P1/PP1Q1PBP/R3R1K1 b - - 7 14,28,?,c6b4,-16,15,f6g4,0.0886,0.068,0.0451,0.022,e8e7,e8e7,e8e7,e8e7,129.0,0.0886,-0.0666,False
r3r1k1/bppq1pp1/p1np3p/3N1b2/2PP1N2/4P1P1/PP1Q2BP/R3R1K1 b - - 0 16,32,?,g8h8,-79,7,a8b8,0.0044,0.0062,0.0079,0.0113,c6e7,c6e7,c6e7,c6e7,-6.0,0.0113,0.0069,False
1r1qr1k1/bpp2pp1/p1np3p/3N1b1N/2PP4/4P1P1/PP1Q2BP/3RR1K1 b - - 4 18,36,?,f5g4,148,144,c6e7,0.3298,0.327,0.3133,0.2875,f5g4,f5g4,f5g6,f5g6,215.0,0.3298,-0.0423,False
1r1qr1k1/bpp2pp1/p2p3p/3P1b2/3P1N2/4P1P1/PP1Q2BP/3RR1K1 b - - 0 20,40,?,g7g5,71,28,a7b6,0.0315,0.0303,0.0352,0.0598,f5g4,f5e4,f5e4,f5e4,122.0,0.0598,0.0283,False
1r2r1k1/1pp2pp1/pb1p3p/3P1bq1/3P1N2/4P1PP/PP1Q2BK/3RR3 b - - 2 22,44,?,f5e4,0,0,e8e7,0.3347,0.3827,0.3499,0.2079,f5e4,f5e4,f5e4,e8e7,13.0,0.3827,-0.1268,False
1r4k1/1pp1rppb/pb1p3p/3P2q1/3PPN1P/6P1/PP1Q2BK/3RR3 b - - 0 24,48,?,g5f6,-117,224,g5f6,0.6052,0.6219,0.6223,0.6294,g5f6,g5f6,g5f6,g5f6,0.0,0.6294,0.0242,False
1r4k1/1pp1rppb/pb1p2qp/3P4/3PPN1P/6P1/PP1Q2BK/3RR3 b - - 4 26,52,?,g6f6,-121,229,g6f6,0.7651,0.7616,0.7421,0.6933,g6f6,g6f6,g6f6,g6f6,0.0,0.7651,-0.0718,False
1r4k1/1pp1rppb/pb1p2qp/3P3N/3PP2P/5BP1/PP1Q3K/3RR3 b - - 8 28,56,?,a6a5,-92,18,b8e8,0.0164,0.0108,0.006,0.0039,b8e8,b8e8,b8e8,b8e8,54.0,0.0164,-0.0125,False
4r1k1/1pp1r1pb/pb1p1pqp/3P3N/3PPQBP/6P1/PP5K/3RR3 b - - 1 30,60,?,e7e4,344,37,g8h8,0.7693,0.8137,0.8298,0.8425,e7e4,e7e4,e7e4,e7e4,0.0,0.8425,0.0732,False
4r2k/1pp1rqpb/pb1p1p1p/3P3N/3PPQPP/5B2/PP5K/3RR3 b - - 0 32,64,?,c7c6,137,87,c7c6,0.0307,0.0232,0.0163,0.0101,h7g6,h7g6,h7g6,h7g6,133.0,0.0307,-0.0206,True
4r2k/4rqpb/pbpp1p1p/3P3N/4PQPP/5B2/PP5K/3RR3 b - - 0 34,68,?,e7e5,133,0,c6c5,0.0302,0.0351,0.0402,0.0561,c6d5,c6d5,c6d5,c6d5,20.0,0.0561,0.0259,False
r1bqkb1r/pp2pppp/2np4/4n3/3N4/2N5/PPP1BPPP/R1BQ1RK1 b kq - 1 8,16,?,g7g6,53,0,e7e6,0.4001,0.483,0.6038,0.8263,g7g6,g7g6,g7g6,g7g6,0.0,0.8263,0.4262,False
r1bqk2r/pp2bppp/2npp3/4n3/3N1P2/2N1B3/PPP1B1PP/R2Q1RK1 b kq - 0 10,20,?,e5d7,37,13,e5d7,0.2917,0.2655,0.1982,0.2176,e5g6,e5g6,e5g6,e5g6,13.0,0.2917,-0.0741,False
r1bqk2r/pp1nbppp/2np4/1N2pP2/8/2N1B3/PPP1B1PP/R2Q1RK1 b kq - 1 12,24,?,e8g8,-40,2,d7f6,0.4312,0.3653,0.2502,0.1237,e8g8,e8g8,d7f6,d7f6,-5.0,0.4312,-0.3075,False
r1bqk2r/1p2bppp/p1np1B2/1N2pP2/8/2N5/PPP1B1PP/R2Q1RK1 b kq - 0 14,28,?,g7f6,99,355,g7f6,0.1109,0.1733,0.3424,0.5312,e7f6,e7f6,e7f6,g7f6,0.0,0.5312,0.4203,False
r1bqk2r/1p2bp1p/p2p1p2/4pP2/3n4/N1NB4/PPP3PP/R2Q1RK1 b kq - 3 16,32,?,d6d5,222,284,d6d5,0.1303,0.1139,0.123,0.2603,b7b5,b7b5,b7b5,b7b5,302.0,0.2603,0.13,False
r1bqk2r/4bp1p/p4p2/1p1ppP2/3n4/2NB4/PPP3PP/RN1Q1R1K b kq - 1 18,36,?,c8b7,275,14,c8b7,0.1892,0.2861,0.3937,0.5289,e5e4,e5e4,c8b7,c8b7,0.0,0.5289,0.3397,False
r2qk2r/1b2bp1p/p4p2/1p1p1P1Q/3np3/2N5/PPP1B1PP/RN3R1K b kq - 1 20,40,?,b5b4,373,60,d4c2,0.0223,0.0148,0.0125,0.0176,d4c2,d4c2,d4c2,d4c2,48.0,0.0223,-0.0047,False
r2qk2r/1b2bp1p/p4p2/3p1P1Q/3Np3/8/PP2B1PP/nN3R1K b kq - 1 22,44,?,d8b6,390,30,d8b6,0.3293,0.4009,0.5017,0.5933,d8b6,d8b6,d8b6,d8b6,0.0,0.5933,0.264,False
r3k2r/1bN1bp1p/p4p2/3p1P1Q/4p3/8/Pq2B1PP/nN3R1K b kq - 1 24,48,?,e8d8,362,11,e8d7,0.1934,0.1524,0.129,0.1287,e8d7,e8d7,e8d7,e8d7,-29.0,0.1934,-0.0647,False
r7/1b1kbp1p/p4p2/3p1P1Q/4p1B1/8/Pq4PP/nN3R1K b - - 1 26,52,?,a8f8,511,30,a8g8,0.043,0.0645,0.0844,0.0975,a1c2,a1c2,a1c2,a1c2,26.0,0.0975,0.0545,False
5r2/1b1kbp1Q/p4p2/3p1P2/4p1B1/7P/Pq4P1/nN3R1K b - - 0 28,56,?,e7d6,625,48,a1c2,0.0539,0.0424,0.0315,0.0332,a1c2,a1c2,a1c2,a1c2,31.0,0.0539,-0.0207,False
5r2/1b1kbp2/p4p1Q/3p1P2/3qp3/7P/P1n3P1/1N1B1R1K b - - 4 30,60,?,e7d6,659,36,c2e3,0.0021,0.0019,0.0017,0.0017,c2e3,c2e3,c2e3,c2e3,6.0,0.0021,-0.0004,False
5r2/3kbp2/p1B2p1Q/3p1P2/3qp3/4n2P/P5P1/1N3R1K b - - 0 32,64,?,d7c6,640,247,d7c6,0.9663,0.9718,0.9703,0.9596,d7c6,d7c6,d7c6,d7c6,0.0,0.9718,-0.0067,False
5r2/3kbp2/p4p2/3p1P2/3qpQ2/4n2P/P5P1/1NR4K b - - 3 34,68,?,e7d6,704,39,e7d6,0.5841,0.6425,0.6867,0.6938,e7d6,e7d6,e7d6,e7d6,0.0,0.6938,0.1097,False
r1bqk2r/ppnpppbp/2n3p1/2p1P3/2B5/2N2N2/PPPP1PPP/R1BQR1K1 b kq - 5 8,16,?,e8g8,24,11,e8g8,0.6171,0.6405,0.6865,0.7949,e8g8,e8g8,e8g8,e8g8,0.0,0.7949,0.1778,False
r1bq1rk1/p1npppbp/1pn3p1/2p1P3/2B5/2NP1N1P/PPP2PP1/R1BQR1K1 b - - 0 10,20,?,c8b7,32,7,c8b7,0.5023,0.6497,0.7421,0.7184,c8b7,c8b7,c8b7,c8b7,0.0,0.7421,0.2161,False
r2q1rk1/pb1pppbp/1pn1n1p1/2p1P3/P1B5/2NP1N1P/1PPB1PP1/R2QR1K1 b - - 2 12,24,?,e6d4,42,10,e6d4,0.1913,0.225,0.2639,0.2897,d8c7,e6d4,e6d4,e6d4,0.0,0.2897,0.0984,False
r4rk1/pbqpppbp/1pn3p1/2pBP3/P2n1B2/2NP1N1P/1PP2PP1/R2QR1K1 b - - 6 14,28,?,a7a6,-12,4,d4f3,0.0255,0.0375,0.0604,0.0956,d4f3,e7e6,e7e6,e7e6,57.0,0.0956,0.0701,False
r4rk1/pBqpppbp/1p4p1/2p1P3/P2n1B2/2NP1Q1P/1PP2PP1/R3R1K1 b - - 0 16,32,?,d4f3,224,208,d4f3,0.9375,0.9737,0.9894,0.9941,d4f3,d4f3,d4f3,d4f3,0.0,0.9941,0.0566,False
4rrk1/p1qpppbp/1p4p1/2p1P3/P7/2NP1BBP/1PP2PP1/R3R1K1 b - - 2 18,36,?,c7b8,236,20,c7d8,0.0124,0.0192,0.0282,0.0353,d7d6,d7d6,e7e6,e7e6,82.0,0.0353,0.0229,False
3qrrk1/p2pp1bp/1p2Ppp1/2p5/P6B/2NP1B1P/1PP2PP1/R3R1K1 b - - 0 20,40,?,g8h8,265,2,g6g5,0.0012,0.0016,0.0017,0.0016,d7e6,d7e6,d7e6,d7e6,7.0,0.0017,0.0004,False
3qrrk1/p2pp1bp/1p2P3/2pB1pp1/P7/2NP2BP/1PP2PP1/R3R1K1 b - - 1 22,44,?,d7e6,249,1,d7d6,0.5616,0.4397,0.3053,0.1768,d7e6,d7e6,d7d6,d7d6,9.0,0.5616,-0.3848,False
3qrrk1/p3p1b1/1p1pP2p/2pB1pp1/P4P2/2NP2BP/1PP3P1/R3R2K b - - 1 24,48,?,g8h8,241,6,g7f6,0.0085,0.0169,0.0238,0.03,g5f4,g5f4,g5f4,g5f4,35.0,0.03,0.0215,False
3qrrk1/4p3/pp1pPb1p/2pB1pp1/P4P2/2NP2BP/RPP3P1/1R5K b - - 1 26,52,?,g5f4,238,8,d8c7,0.4514,0.3703,0.2832,0.1912,g5f4,g5f4,g5f4,g8h7,15.0,0.4514,-0.2602,False
4rr2/2q1p1k1/pp1pPb1p/2pB1pp1/P4P2/R2P2BP/1PP1N1P1/1R5K b - - 5 28,56,?,e8b8,214,9,e8b8,0.0463,0.0659,0.094,0.1289,g5f4,g5f4,b6b5,b6b5,71.0,0.1289,0.0826,False
1rr5/2q1p1k1/pp1pPb1p/2pB1pp1/P4P2/R1PP3P/1P2NBP1/1R5K b - - 2 30,60,?,b6b5,224,28,g7g6,0.2896,0.3559,0.455,0.5741,g5f4,b6b5,b6b5,b6b5,0.0,0.5741,0.2845,False
1rr5/2q1p3/pp1pPbkp/3B1pp1/P1pP1P2/R1P4P/1P2NBP1/R6K b - - 1 32,64,?,b6b5,253,40,c8g8,0.3797,0.4461,0.5444,0.6576,b6b5,b6b5,b6b5,b6b5,0.0,0.6576,0.2779,False
1r4r1/2q1p3/pp1pPbkp/3B1pp1/P2P1P2/1RP4P/4NBP1/R6K b - - 0 34,68,?,b6b5,250,25,g6h7,0.213,0.2374,0.2892,0.3543,g5f4,g5f4,b6b5,b6b5,0.0,0.3543,0.1413,False
rnbqkb1r/5ppp/p2ppn2/1p6/3NP3/2N1BP2/PPPQ2PP/R3KB1R b KQkq - 1 8,16,?,b8d7,-49,11,b8d7,0.0522,0.0373,0.0268,0.0273,c8b7,c8b7,c8b7,c8b7,42.0,0.0522,-0.0249,False
r2qkb1r/1b1n1ppp/p2ppn2/1p4P1/3NP3/2N1BP2/PPPQ3P/R3KB1R b KQkq - 0 10,20,?,f6h5,-96,50,f6h5,0.7008,0.6611,0.6196,0.53,f6h5,f6h5,f6h5,f6h5,0.0,0.7008,-0.1708,False
2rqkb1r/1b1n1ppp/p2pp3/1p4Pn/3NP3/2N1BP2/PPPQ3P/1K1R1B1R b k - 4 12,24,?,g7g6,-59,71,f8e7,0.2587,0.2926,0.2842,0.2187,f8e7,g7g6,g7g6,d7e5,117.0,0.2926,-0.04,False
2rqk2r/1b2bppp/p2pp3/1p2n1Pn/3NPP2/2N1B2B/PPPQ3P/1K1R3R b k - 0 14,28,?,e5c4,-135,57,e5c4,0.9124,0.953,0.9749,0.9847,e5c4,e5c4,e5c4,e5c4,0.0,0.9847,0.0723,False
2rqk2r/1b2bppp/p2pp3/1p4Pn/3NPP2/2N1Q2B/PPP4P/1K1R3R b k - 0 16,32,?,e8g8,-166,24,e8g8,0.2484,0.2047,0.1552,0.1074,g7g6,g7g6,g7g6,g7g6,54.0,0.2484,-0.141,False
2rq1rk1/1b2bppp/p2pN3/6Pn/1p2PP2/2N1Q2B/PPP4P/1K1R1R2 b - - 0 18,36,?,c8c3,-214,14,f7e6,0.0076,0.0059,0.0059,0.0067,f7e6,f7e6,f7e6,f7e6,23.0,0.0076,-0.0009,False
2Bq1r1k/1b2b1pp/p2p4/6Pn/1p2PP2/2N1Q3/PPP4P/1K1R1R2 b - - 0 20,40,?,b7c8,-254,3,b7c8,0.2211,0.2097,0.1908,0.1657,d8c8,d8c8,d8c8,d8c8,2.0,0.2211,-0.0554,False
2bq1r1k/Q3b1pp/3p4/p2N2Pn/1p2PP2/8/PPP4P/1K1R1R2 b - - 1 22,44,?,c8h3,-259,15,f8e8,0.0392,0.031,0.023,0.0275,f8e8,f8e8,f8e8,e7g5,258.0,0.0392,-0.0117,True
2bq3k/4r1pp/3p4/p1Q3Pn/1p2PP2/8/PPP4P/1K1R1R2 b - - 1 24,48,?,e7e8,-301,21,e7d7,0.0089,0.012,0.0139,0.0177,d6c5,e7d7,e7d7,e7d7,28.0,0.0177,0.0088,False
2bq3k/5rpp/3p4/pQ2P1Pn/1p3P2/8/PPP4P/1K1R1R2 b - - 0 26,52,?,c8h3,-326,11,f7f8,0.0276,0.0211,0.0166,0.0182,h5f4,h5f4,f7d7,f7d7,93.0,0.0276,-0.0094,False
2b2r1k/4q1pp/3R4/Q3P1Pn/1p3P2/8/PPP4P/1K3R2 b - - 0 28,56,?,e7g5,-363,31,c8h3,0.0055,0.0054,0.0054,0.0056,h5f4,h5f4,h5f4,h5f4,108.0,0.0056,0.0001,True
5r1k/4q1pp/4b3/Q3P1Pn/1p1R1P2/8/PPP2R1P/1K6 b - - 4 30,60,?,h7h6,-381,16,f8b8,0.0876,0.0602,0.0385,0.0332,h5f4,b4b3,b4b3,b4b3,9.0,0.0876,-0.0544,False
1r4bk/4q1pp/8/Q3P1Pn/1p1R1P2/1P6/P1PR3P/1K6 b - - 0 32,64,?,h5f4,-473,14,h5f4,0.1346,0.1048,0.0684,0.0341,b8f8,b8f8,b8f8,g8e6,550.0,0.1346,-0.1005,False
1r4bk/6pp/8/Q3P1q1/1p1R4/1P6/P1PR3P/1K6 b - - 1 34,68,?,g5g1,-499,1,g5g1,0.6576,0.6316,0.5648,0.4753,g5g1,g5g1,g5g1,g5g1,0.0,0.6576,-0.1823,False
rnbqkb1r/5ppp/p2ppn2/1p4P1/3NP3/P1N5/1PP2P1P/R1BQKB1R b KQkq - 0 8,16,?,f6d7,-119,23,f6d7,0.8481,0.9227,0.956,0.97,f6d7,f6d7,f6d7,f6d7,0.0,0.97,0.1219,False
rnbqkb1r/5ppp/pn1pp3/1p4P1/3NP2P/P1N1B3/1PP2P2/R2QKB1R b KQkq - 2 10,20,?,b8d7,-145,6,b8d7,0.0471,0.0392,0.0277,0.0269,c8b7,c8b7,c8b7,c8b7,33.0,0.0471,-0.0202,False
r2qkb1r/1b1n1ppp/pn1pp3/1p3PP1/3NP2P/P1N1B3/1PP5/R2QKB1R b KQkq - 0 12,24,?,e6e5,-75,64,e6e5,0.3839,0.429,0.4905,0.5289,e6e5,e6e5,e6e5,e6e5,0.0,0.5289,0.145,False
2rqkb1r/1b1n1ppp/pn1p4/Np2pPP1/4P2P/P1N1B3/1PP5/R2QKB1R b KQk - 3 14,28,?,c8c3,187,258,b7a8,0.0094,0.0073,0.0066,0.0064,b7a8,b7a8,b7a8,b7a8,255.0,0.0094,-0.003,True
b2qkb1r/3n1Ppp/pn1p4/Np2pP2/4P2P/P1r1B3/1PP5/R2QKB1R b KQk - 0 16,32,?,e8f7,113,144,e8f7,0.9644,0.9628,0.9551,0.9638,e8f7,e8f7,e8f7,e8f7,0.0,0.9644,-0.0006,False
b2q1b1r/3n1kpp/p2p4/Np2pP2/n3P2P/P1P1B3/2P5/R2QKBR1 b Q - 2 18,36,?,d8a5,366,135,d8a5,0.1346,0.1991,0.291,0.346,a4c3,a4c3,a4c3,d8a5,0.0,0.346,0.2114,False
b4b1r/3nk1pp/p2p4/qp2pP1Q/n3P2P/P1P5/2PB4/R3KBR1 b Q - 3 20,40,?,d7f6,368,18,d7f6,0.1511,0.1712,0.1897,0.2065,a4c3,a4c3,a4c3,a8e4,47.0,0.2065,0.0554,False
b4b1r/4k1pp/pq1p1n2/1p2pP2/n3P2P/P1P1BQ2/2P5/R3KBR1 b Q - 7 22,44,?,a8e4,406,12,b6c6,0.2124,0.2501,0.3172,0.3632,b6c6,a8e4,a8e4,a8e4,0.0,0.3632,0.1508,False
b4b1r/4k1pp/p2p1n2/1p2pP2/n3P2P/P1qBBQ2/2P1K3/R5R1 b - - 1 24,48,?,c3c7,433,9,a4c5,0.0029,0.0047,0.007,0.0098,a4b2,a4c5,a4c5,a4c5,27.0,0.0098,0.0069,False
b4b1r/4k1pp/p4n2/1pp1pP2/4P2P/P1qBQ3/2P1K3/R5R1 b - - 1 26,52,?,e7f7,429,44,c3d4,0.1725,0.238,0.2892,0.3559,c5c4,c5c4,c5c4,e7f7,0.0,0.3559,0.1834,False
b4b1r/4k1pp/p4n2/1pp1PP2/3p3P/P2B4/2P1K3/R5R1 b - - 0 28,56,?,f6d7,394,42,f6d5,0.0768,0.0835,0.0892,0.1064,f6d5,f6d5,f6d5,f6d5,71.0,0.1064,0.0296,False
b4b1r/4k1pp/p7/1pp1PP2/P2p3P/2nB4/2PK4/R5R1 b - - 2 30,60,?,c3a4,367,26,c3a4,0.3044,0.2512,0.1715,0.1026,c5c4,c5c4,c5c4,c5c4,87.0,0.3044,-0.2018,False
b4b1r/4k1p1/p5Rp/1pp1PP1P/n2p4/3B4/2PK4/R7 b - - 1 32,64,?,a8b7,248,41,c5c4,0.2071,0.2686,0.3067,0.3011,c5c4,c5c4,c5c4,c5c4,156.0,0.3067,0.094,False
5b1r/1b2k1p1/p3R2p/1p2PP1P/n1pp4/8/2PK4/R4B2 b - - 3 34,68,?,e7d8,382,23,e7d7,0.0531,0.0715,0.083,0.0922,e7f7,e7d7,e7d7,e7d7,7.0,0.0922,0.0391,False
r1b1kb1r/1pp2ppp/p1n5/3p2q1/8/1P2PN2/PBPP1PPP/RN1QK2R b KQkq - 3 8,16,?,g5g2,58,75,g5g2,0.9274,0.9317,0.9152,0.8636,g5g2,g5g2,g5g2,g5g2,0.0,0.9317,-0.0638,False
r1b1kb1r/1pp2ppp/p1n5/3p4/8/1P2PNRq/PBPP1P1P/RN1QK3 b Qkq - 3 10,20,?,h3h6,86,6,h3h5,0.1578,0.1682,0.1656,0.1573,h3h5,h3h5,h3h5,h3h5,29.0,0.1682,-0.0005,False
r1b1kb1r/1pp2ppp/p1n5/3pN3/8/1P2P1R1/PBPP1P1P/RN1K4 b kq - 0 12,24,?,c6e7,82,33,c6d8,0.0116,0.0145,0.0143,0.0166,c6e5,c6e5,c6e5,c6e5,57.0,0.0166,0.005,False
r1bnkb1r/1p3ppp/p1p5/3pN3/8/1P2P1R1/PBPPNP1P/R2K4 b kq - 1 14,28,?,f7f6,49,9,f7f6,0.3052,0.3892,0.4447,0.458,f7f6,f7f6,f7f6,f7f6,0.0,0.458,0.1528,False
r2nkb1r/1p4pp/p1p2p2/3p1b2/3N4/1P1NP1R1/PBPP1P1P/R2K4 b kq - 3 16,32,?,f5d7,72,65,f5d7,0.0568,0.0682,0.077,0.0935,f5d3,f5d3,f5d3,f5g6,86.0,0.0935,0.0367,False
r2n1b1r/1p1b1kpp/p1p2p2/3p4/3N1P2/1P1NP1R1/PBPPK2P/R7 b - - 2 18,36,?,c6c5,136,35,c6c5,0.1039,0.0854,0.0998,0.1214,d8e6,d8e6,d8e6,d8e6,89.0,0.1214,0.0175,False
r4b1r/1p1b1kpp/p1n2p2/2pp4/5P2/1P1NPNR1/PBPPK2P/6R1 b - - 3 20,40,?,h8g8,117,9,d7f5,0.1119,0.1305,0.1264,0.1214,a8e8,a8e8,a8e8,a8e8,135.0,0.1305,0.0095,False
4rb1r/1p3kpp/p1n2p2/2pp1b2/5P1N/PP1NP1R1/1BPPK2P/6R1 b - - 2 22,44,?,f5c8,95,75,f5e4,0.0181,0.0254,0.0349,0.0515,f5d3,f5d3,f5d3,f5d3,87.0,0.0515,0.0334,False
4rb1r/1p3k1p/p1n2pp1/2pp4/4bP1N/PP1PP1R1/1BP1K2P/4N1R1 b - - 0 24,48,?,e4f5,-60,87,e4f5,0.6829,0.6785,0.6459,0.5953,e4f5,e4f5,e4f5,e4f5,0.0,0.6829,-0.0876,False
4rb1r/1p3k1p/p1n2p2/2pp1p2/5P2/PP1PPNR1/1BP1K2P/6R1 b - - 1 26,52,?,d5d4,-61,10,f8d6,0.4976,0.5031,0.4923,0.4068,d5d4,d5d4,d5d4,d5d4,0.0,0.5031,-0.0908,False
4r2r/1R5p/p1nbkp2/2pp1p2/5P2/PP1PPN2/1BP1K2P/6R1 b - - 0 28,56,?,d5d4,-235,36,h8g8,0.1884,0.1748,0.1489,0.1154,d5d4,e8e7,e8e7,e8e7,140.0,0.1884,-0.073,False
6r1/1R5p/p1nbkp2/2pp1p2/5P2/PP1PPN2/1BP2K1P/8 b - - 1 30,60,?,g8b8,-304,41,c6e7,0.0862,0.0698,0.0518,0.0598,h7h5,h7h5,h7h5,h7h5,58.0,0.0862,-0.0264,False
6r1/3kn2p/R2b1p2/2pp1p2/5P2/PP1PPN2/1BP2K1P/8 b - - 0 32,64,?,g8f8,-399,5,c5c4,0.0299,0.0338,0.0333,0.037,e7c6,d7e6,d7e6,d7e6,147.0,0.037,0.0071,True
6r1/3kn2p/R2b1B2/3p1p2/5P2/PP1PPN2/5K1P/8 b - - 0 34,68,?,g8c8,-494,22,g8c8,0.1697,0.1891,0.1966,0.2149,g8b8,g8b8,g8b8,g8b8,246.0,0.2149,0.0452,False
r1bqkb1r/pp2n1pp/2n2p2/1Bp1p3/4P3/1P3N2/PBPP2PP/RN1Q1RK1 b kq - 1 8,16,?,a7a6,17,29,c8e6,0.366,0.3919,0.3545,0.2581,a7a6,a7a6,a7a6,a7a6,0.0,0.3919,-0.1079,False
r2qkb1r/1p2n1pp/p1n1bp2/2p1p3/2B1P3/NP3N2/PBPP2PP/R2Q1RK1 b kq - 1 10,20,?,e6g4,-2,1,e6c4,0.0586,0.0693,0.0768,0.0894,e6c4,e6c4,e6c4,d8d7,15.0,0.0894,0.0308,False
r2qkb1r/1p2n2p/p1n2pp1/2p1p3/P1N1P3/1P3N2/1BPP2PP/R2Q1RK1 b kq - 0 12,24,?,f8h6,-115,8,b7b6,0.1191,0.0974,0.0727,0.0598,f8g7,f8g7,f8g7,f8g7,7.0,0.1191,-0.0593,False
r2qk2r/4n1bp/ppn2pp1/2p1p3/P1NPP3/1PP2N2/1B4PP/R2Q1RK1 b kq - 0 14,28,?,c5d4,-108,49,c5d4,0.3203,0.4467,0.5613,0.654,c5d4,c5d4,c5d4,c5d4,0.0,0.654,0.3337,False
r2qk2r/4n1bp/ppn2pp1/8/P1NNP3/1P6/1B4PP/R2Q1RK1 b kq - 0 16,32,?,c6d4,-190,183,c6d4,0.5988,0.6821,0.7258,0.7637,c6d4,c6d4,c6d4,c6d4,0.0,0.7637,0.1649,False
r2q1rk1/4n1bp/pQ3pp1/8/P1N1P3/1P6/1B4PP/R4RK1 b - - 0 18,36,?,d8b6,-154,129,d8b6,0.3219,0.3632,0.3575,0.2771,d8b6,d8b6,d8d3,d8d3,274.0,0.3632,-0.0448,False
5rk1/r3n1bp/pN3pp1/8/P3P3/1P6/1B4PP/2R2RK1 b - - 2 20,40,?,g7h6,-117,7,a6a5,0.0232,0.0164,0.0081,0.0049,a7b7,a7b7,a7b7,a7b7,13.0,0.0232,-0.0183,False
1r4k1/r3B1bp/1N3pp1/p7/P3P3/1P6/6PP/2R2RK1 b - - 0 22,44,?,a7e7,-25,347,a7e7,0.8649,0.8914,0.9155,0.9288,a7e7,a7e7,a7e7,a7e7,0.0,0.9288,0.0639,False
1r4k1/6bp/1NR2pp1/p7/P3r3/1P6/6PP/3R2K1 b - - 1 24,48,?,f6f5,28,22,f6f5,0.1797,0.1318,0.0933,0.0774,e4b4,e4b4,e4b4,e4b4,28.0,0.1797,-0.1023,False
1r4k1/6bp/1NR3p1/p4p2/P4r2/1P6/4K1PP/3R4 b - - 3 26,52,?,b8e8,625,530,b8e8,0.1202,0.1428,0.1559,0.1606,f4e4,f4e4,f4e4,f4e4,532.0,0.1606,0.0404,False
4r1k1/6bp/1NR3p1/p4p2/P2r4/1P6/2K3PP/3R4 b - - 7 28,56,?,e8e2,828,805,e8e2,0.5309,0.5762,0.6284,0.6938,e8e2,e8e2,e8e2,e8e2,0.0,0.6938,0.1629,False
6k1/6bp/1NR3p1/p4p2/P1K5/1P6/4r1PP/3r4 b - - 1 30,60,?,d1c1,837,230,e2c2,0.1405,0.116,0.0889,0.0669,e2c2,e2c2,e2c2,e2c2,211.0,0.1405,-0.0736,False
6k1/6bp/1NK3p1/p4p2/P7/1P6/6PP/3r4 b - - 0 32,64,?,g8f7,640,19,d1d3,0.0082,0.0092,0.0099,0.0125,d1b1,d1b1,d1b1,d1b1,52.0,0.0125,0.0043,False
rnb2rk1/pp1pppbp/5np1/2q5/4P3/2NB1N2/PPPBQPPP/R3K2R b KQ - 5 8,16,?,d7d6,-19,26,d7d6,0.2507,0.2781,0.3147,0.3766,d7d6,d7d6,d7d6,d7d6,0.0,0.3766,0.1259,False
rn3rk1/pp2ppbp/3p1np1/2q5/4P1b1/2NB1N1P/PPPBQPP1/2KR3R b - - 0 10,20,?,g4f3,-27,27,g4f3,0.559,0.4805,0.4317,0.4791,g4f3,g4f3,g4f3,g4f3,0.0,0.559,-0.0799,False
r4rk1/pp2ppbp/2np1np1/2q5/4P3/2NBBQ1P/PPP2PP1/2KR3R b - - 2 12,24,?,c5a5,105,57,c5a5,0.5491,0.6679,0.7979,0.8972,c5a5,c5a5,c5a5,c5a5,0.0,0.8972,0.3481,False
r4rk1/pp1nppbp/2np2p1/q7/4P3/2NB1Q1P/PPPB1PP1/1K1R3R b - - 6 14,28,?,b7b5,58,3,c6e5,0.008,0.0087,0.0055,0.0038,c6b4,d7e5,d7e5,d7e5,58.0,0.0087,-0.0042,False
r4rk1/pp1nppbp/3p2p1/q7/4P3/2NP3P/PP1BQPP1/1K1R3R b - - 0 16,32,?,a5a6,-7,14,f8c8,0.0141,0.0148,0.0168,0.0206,a5b6,a5b6,a5b6,f8c8,26.0,0.0206,0.0065,False
r1rq2k1/pp1nppbp/3p2p1/3N2B1/4P3/3P3P/PP2QPP1/1K1R3R b - - 4 18,36,?,d7f6,-17,65,f7f6,0.1369,0.2011,0.2573,0.3388,f7f6,f7f6,f7f6,f7f6,63.0,0.3388,0.2019,False
r1rq2k1/pp1n2bp/3pppp1/8/4P3/2NPB2P/PP2QPP1/1K1R3R b - - 1 20,40,?,d8a5,-66,11,f6f5,0.092,0.1424,0.2226,0.385,f6f5,f6f5,d8a5,d8a5,0.0,0.385,0.293,False
r1rq2k1/pp4bp/1n1pp1p1/5p2/3PP1P1/2N1B2P/PP2QP2/1K1R3R b - - 0 22,44,?,f5e4,0,6,f5e4,0.139,0.162,0.1776,0.1499,b6c4,b6c4,b6c4,b6c4,96.0,0.1776,0.0109,False
r1rq2k1/pp4bp/3pp1p1/8/2nPN1P1/4B2P/PP2QP2/1KR4R b - - 2 24,48,?,d6d5,31,43,d6d5,0.4015,0.3889,0.4271,0.5146,d6d5,d6d5,d6d5,d6d5,0.0,0.5146,0.1131,False
r1r3k1/pp4bp/1q2p1p1/3p2N1/2nP1BP1/7P/PP2QP2/1KR4R b - - 3 26,52,?,c8c6,226,48,c8c6,0.0544,0.0779,0.1007,0.1141,g7d4,g7d4,g7d4,g7d4,5.0,0.1141,0.0597,False
r5k1/pp4bp/1qr3p1/3pB1N1/2nP2P1/7P/PP2QP2/1KR1R3 b - - 0 28,56,?,g7e5,0,0,a8e8,0.2168,0.2001,0.1891,0.1991,c4a3,c4a3,c4a3,c4a3,0.0,0.2168,-0.0177,False
2r3k1/pp4bp/1qr3p1/3pB1N1/2nP1PP1/7P/PP2Q3/K1R1R3 b - - 2 30,60,?,c4e5,319,127,g7f8,0.433,0.492,0.5226,0.5032,c4e5,c4e5,c4e5,c4e5,0.0,0.5226,0.0702,False
2r2bk1/pp6/1qr3pp/3pBP2/2nP2P1/5N1P/PP2Q3/K1R1R3 b - - 1 32,64,?,c4e5,326,224,f8b4,0.1112,0.1309,0.1356,0.1254,g6f5,g6f5,g6f5,g6f5,394.0,0.1356,0.0142,False
2r3k1/pp6/2r3Pp/q2pB3/1bnP2P1/5N1P/PP2Q3/K1RR4 b - - 0 34,68,?,c6a6,1032,959,c4b2,0.2205,0.2847,0.3384,0.4174,c4e5,c6a6,c6a6,c6a6,0.0,0.4174,0.1969,False
rnbq1rk1/pp2bpp1/2pp1n2/3Pp2p/P3P3/2N1BP2/1PP3PP/RN1QKB1R b KQ - 0 8,16,?,c6d5,-29,18,c6d5,0.3856,0.3639,0.3238,0.2406,c6d5,c6d5,c6d5,c6d5,0.0,0.3856,-0.145,False
rn1q1rk1/pp2bpp1/3p1n2/3Ppb1p/P7/2NBBP2/1PP3PP/RN1QK2R b KQ - 2 10,20,?,d8d7,-21,8,d8d7,0.1171,0.1843,0.2706,0.4417,f5d3,f5d3,f5d3,d8d7,0.0,0.4417,0.3246,False
rn1q1rk1/pp2bpp1/3p1n2/1B1Ppb1p/P7/N1N1BP2/1PP3PP/R2QK2R b KQ - 6 12,24,?,b8d7,-26,0,a7a6,0.0987,0.1062,0.1785,0.3704,a7a6,a7a6,a7a6,b8d7,0.0,0.3704,0.2717,False
r2q1rk1/1p1nbpp1/p2p1n2/3Ppb1p/P7/N1N1BP2/1PPQB1PP/R3K2R b KQ - 3 14,28,?,f5g6,-36,1,a8c8,0.0138,0.0243,0.0347,0.0288,d7b6,d7b6,d7b6,a8c8,-7.0,0.0347,0.015,False
2rq1rk1/3nbpp1/p2p1n2/1P1Ppb1p/2N5/2N1BP2/1PPQB1PP/R3K2R b KQ - 0 16,32,?,a6b5,-24,294,a6b5,0.9368,0.9684,0.9839,0.9912,a6b5,a6b5,a6b5,a6b5,0.0,0.9912,0.0544,False
2rq1rk1/N2nbpp1/3p4/3npb1p/2N5/4BP2/1PPQB1PP/R3K2R b KQ - 1 18,36,?,c8c4,-1,15,c8c4,0.3345,0.3177,0.3008,0.3373,c8c4,c8c4,d5e3,d5e3,62.0,0.3373,0.0028,False
3q1rk1/N2nbpp1/3p4/4pb1p/2B5/4QP2/1PP3PP/R3K2R b KQ - 0 20,40,?,e7h4,-11,1,e7h4,0.0451,0.0444,0.0483,0.0467,f5c2,f5c2,f5c2,f5c2,196.0,0.0483,0.0016,True
3q1rk1/N2n1pp1/3p4/4pbbp/2B5/2Q2PP1/1PP4P/R3K2R b KQ - 2 22,44,?,d8b6,-12,12,d8b6,0.0955,0.111,0.1369,0.1591,d7c5,d7c5,d7c5,d7c5,35.0,0.1591,0.0636,False
5rk1/Nq1n1pp1/R2p4/4pbbp/2B5/1Q3PP1/1PP4P/4K2R b K - 6 24,48,?,d7b6,-8,106,d7b6,0.0022,0.0016,0.0017,0.0019,b7b3,b7b3,b7b3,b7b3,184.0,0.0022,-0.0003,True
5rk1/5pp1/1Rqp4/4pbbp/2B5/1Q3PP1/1PP4P/4K2R b K - 0 26,52,?,c6c7,-31,15,c6c7,0.1896,0.1737,0.1523,0.1223,c6c5,c6c5,c6c5,c6c5,7.0,0.1896,-0.0673,False
5rk1/2q2pp1/1R6/1Q1ppbbp/8/1B3PP1/1PP4P/4K2R b K - 1 28,56,?,e5e4,-9,23,e5e4,0.129,0.1153,0.101,0.0857,f5c2,f5c2,f5c2,f5c2,216.0,0.129,-0.0433,False
2q2rk1/1R3pp1/8/1Q1p1bbp/4pP2/1B4P1/1PP4P/4K2R b K - 0 30,60,?,g5f6,0,180,g5f6,0.7331,0.8117,0.8674,0.9114,g5f6,g5f6,g5f6,g5f6,0.0,0.9114,0.1783,False
2q2rk1/1R3pp1/8/1Q1p1b1p/3bpP2/1B4P1/1PP4P/5R1K b - - 4 32,64,?,e4e3,0,92,e4e3,0.3349,0.3378,0.3608,0.3332,e4e3,e4e3,e4e3,f5h3,217.0,0.3608,-0.0017,False
2q2rk1/1R3pp1/4b3/7p/3bQP2/1B2p1P1/1PP4P/5R1K b - - 2 34,68,?,e6f5,0,38,e6f5,0.0186,0.015,0.0114,0.0098,e6b3,e6b3,e6b3,e6b3,86.0,0.0186,-0.0088,False
r2qk2r/pp3ppp/2nbpn2/2pP4/6b1/1P2PN2/PB1PBPPP/RN1Q1RK1 b kq - 0 8,16,?,f6d5,-11,15,e6d5,0.2955,0.2973,0.2255,0.0682,e6d5,e6d5,e6d5,e6d5,9.0,0.2973,-0.2273,False
r2q1rk1/pp3ppp/2nb1n2/2Pp4/6b1/1P2PN2/PB2BPPP/RN1Q1RK1 b - - 0 10,20,?,d6c5,-46,44,d6c5,0.9718,0.9771,0.9819,0.9894,d6c5,d6c5,d6c5,d6c5,0.0,0.9894,0.0176,False
r2q1rk1/1p3ppp/p1n2n2/2bp4/6b1/1PN1PN2/PB2BPPP/2RQ1RK1 b - - 1 12,24,?,d8d6,-45,8,c5a7,0.0442,0.0468,0.0378,0.0259,b7b5,c5a7,c5a7,c5a7,7.0,0.0468,-0.0183,False
r2q1rk1/bp3ppp/p1n2n2/3p3b/N7/1P2PN1P/PB2BPP1/2RQ1RK1 b - - 2 14,28,?,d8d6,-44,7,f6e4,0.1327,0.1344,0.1429,0.1206,b7b5,a8c8,a8c8,a8c8,74.0,0.1429,-0.0121,False
r2q1rk1/bp3ppp/p1n5/3p4/N3n3/1P2P2P/PB2NPP1/2RQ1RK1 b - - 0 16,32,?,d8g5,-25,2,f8e8,0.0629,0.0978,0.1469,0.1772,b7b5,b7b5,a8c8,a8c8,-5.0,0.1772,0.1143,False
r2qr1k1/bp3ppp/p1n2n2/3p4/8/1PN1P2P/PB1QNPP1/2R2RK1 b - - 4 18,36,?,d8d6,46,21,d8d6,0.1,0.1175,0.1338,0.1523,a8c8,a8c8,a8c8,a8c8,93.0,0.1523,0.0523,False
3rr1k1/bp3ppp/p1nq1n2/3p4/8/1PNQP2P/PB2NPP1/2RR2K1 b - - 8 20,40,?,h7h5,89,56,a7b8,0.0007,0.0004,0.0003,0.0005,a7b8,a7b8,a7b8,a7b8,68.0,0.0007,-0.0002,False
1b1rr1k1/1p3ppp/p1n1qn2/3p4/8/1PNQP2P/PB3PP1/2RR1NK1 b - - 12 22,44,?,d5d4,25,4,d5d4,0.087,0.0807,0.0794,0.0772,c6b4,f6e4,f6e4,c6e5,44.0,0.087,-0.0098,False
1b1rr1k1/1p3ppp/p3qn2/8/2Qn4/1PN4P/PB3PP1/2RR1NK1 b - - 1 24,48,?,e6c4,376,353,e6c4,0.2711,0.3062,0.3049,0.2714,d4e2,e6c4,e6c4,e6c4,0.0,0.3062,0.0003,False
3rr1k1/bp3ppp/p4n2/8/2Pn4/2N1N2P/PB3PP1/2RR2K1 b - - 2 26,52,?,d4c6,-2,8,h7h5,0.1296,0.1953,0.248,0.2571,d4e2,f6e4,d4c6,d4c6,0.0,0.2571,0.1275,False
3rr1k1/bp3pp1/p1n2n2/3N3p/2P5/4N2P/PB3PP1/2RR1K2 b - - 3 28,56,?,f6d5,1,14,f6e4,0.5754,0.6131,0.6008,0.5199,f6d5,f6d5,f6d5,f6d5,0.0,0.6131,-0.0555,False
3rr1k1/bp3pp1/p1n5/3N3p/2P5/B3N2P/P4KP1/2RR4 b - - 0 30,60,?,d8d5,29,329,d8d5,0.0084,0.0097,0.0148,0.0226,c6e5,c6e5,c6e5,c6e5,411.0,0.0226,0.0142,True
4r1k1/1p3pp1/p1n5/3P3p/8/B3b2P/P5P1/2RR1K2 b - - 1 32,64,?,e3c1,38,332,e3c1,0.729,0.8192,0.8409,0.8464,e3c1,e3c1,e3c1,e3c1,0.0,0.8464,0.1174,False
4r1k1/1pR2pp1/p7/3Pn2p/8/B6P/P5P1/5K2 b - - 2 34,68,?,e8d8,36,15,b7b5,0.0626,0.0515,0.0577,0.0905,b7b5,b7b5,b7b5,b7b5,17.0,0.0905,0.0279,False
r1bq1rk1/2ppbppp/p1n2n2/1p2p3/4P3/1BP2N2/PP1P1PPP/RNBQR1K1 b - - 0 8,16,?,c6a5,-47,1,d7d5,0.0598,0.0274,0.0069,0.0022,d7d5,d7d5,d7d5,d7d5,2.0,0.0598,-0.0576,False
r1bq1rk1/2p1bppp/p1n5/1p1nN3/8/1BP5/PP1P1PPP/RNBQR1K1 b - - 0 10,20,?,c6e5,-38,41,c6e5,0.8708,0.9231,0.9548,0.9728,c6e5,c6e5,c6e5,c6e5,0.0,0.9728,0.102,False
r1bq1rk1/4bppp/p1p5/1p1nR3/3P4/1BP5/PP3PPP/RNBQ2K1 b - - 0 12,24,?,e7d6,-57,5,e7d6,0.4113,0.5482,0.7687,0.9272,e7d6,e7d6,e7d6,e7d6,0.0,0.9272,0.5159,False
r1b2rk1/5ppp/p1pb4/1p1n4/3P3q/1BP3P1/PP3P1P/RNBQR1K1 b - - 0 14,28,?,h4h3,0,112,h4h3,0.7001,0.7822,0.895,0.9668,h4h3,h4h3,h4h3,h4h3,0.0,0.9668,0.2667,False
r4rk1/5ppp/p1pb4/1p1n4/3P2b1/1BPQB1Pq/PP3P1P/RN2R1K1 b - - 4 16,32,?,a8e8,0,0,g4f5,0.0853,0.0535,0.0621,0.1078,g4f3,g4f3,g4f3,g4f3,101.0,0.1078,0.0225,False
r4rk1/5ppp/p1pb4/1p1n1b1q/3P4/1BP1B1P1/PP1N1P1P/R3RQK1 b - - 8 18,36,?,a8e8,-40,8,a8e8,0.1218,0.0779,0.0794,0.114,f5h3,f5h3,f5h3,f5h3,67.0,0.1218,-0.0078,False
4rrk1/5ppp/p1pb2q1/1p1n1b2/3P4/2P1BBP1/PP1N1P1P/R3RQK1 b - - 12 20,40,?,h7h5,-7,17,f5d3,0.0259,0.0422,0.0795,0.1304,d5e3,d5e3,f5d3,f5d3,49.0,0.1304,0.1045,False
4rrk1/5ppp/p1pb4/1p1n1q2/P2P4/2PbBBP1/1P1N1PQP/R3R1K1 b - - 0 22,44,?,h7h6,-63,8,b5b4,0.0179,0.0172,0.0182,0.024,d5e3,d5e3,d5e3,d5e3,89.0,0.024,0.0061,False
4rrk1/5ppp/p1pb4/5q2/PpPP4/3bRBP1/1P1N1PQP/R5K1 b - - 0 24,48,?,e8e3,-151,74,e8e3,0.7557,0.8276,0.8686,0.8904,e8e3,e8e3,e8e3,e8e3,0.0,0.8904,0.1347,False
4r1k1/5ppp/p1pb4/2P2q2/Pp1P4/3bPBP1/1P1N2QP/R5K1 b - - 0 26,52,?,d6c7,-203,12,d6c7,0.5192,0.5816,0.5579,0.4624,d6c7,d6c7,d6c7,d6c7,0.0,0.5816,-0.0568,False
4r1k1/2b2ppp/p1B5/2P3q1/Pp1P4/3bP1P1/1P1N2QP/4R1K1 b - - 0 28,56,?,e8e3,-203,147,e8e3,0.8016,0.8324,0.8564,0.8916,e8e3,e8e3,e8e3,e8e3,0.0,0.8916,0.09,False
6k1/2b2ppp/p1B1r3/2P3q1/Pp1P4/3b1NP1/1P3Q1P/4R1K1 b - - 3 30,60,?,g5f5,-196,61,g5f5,0.0585,0.0399,0.0346,0.0329,e6e1,e6e1,e6e1,e6e1,148.0,0.0585,-0.0256,False
5k2/2bB1ppp/p3r3/2P2q2/Pp1P4/3b1NP1/1P3QKP/4R3 b - - 7 32,64,?,d3e4,-353,19,d3e4,0.1963,0.1904,0.2085,0.2422,e6e1,e6e1,e6e1,e6e1,297.0,0.2422,0.0459,False
5k2/2b2ppp/p3B3/2Pb1q2/Pp1P4/5NP1/1P3Q1P/4R1K1 b - - 0 34,68,?,d5e6,-449,46,d5e6,0.4005,0.4593,0.4245,0.3427,f7e6,d5e6,f7e6,f7e6,51.0,0.4593,-0.0578,False
r2qk2r/1pp2ppp/p1pbbn2/4p1N1/4P3/3P4/PPP2PPP/RNBQ1RK1 b kq - 4 8,16,?,e6g4,30,17,e6g4,0.1692,0.1731,0.2092,0.3277,e8g8,e8g8,e6g4,e6g4,0.0,0.3277,0.1585,False
r2qk2r/1pp2ppp/p1pb1n2/4p2b/4P3/3P1N2/PPPN1PPP/R1BQ1RK1 b kq - 8 10,20,?,f6d7,36,11,f6d7,0.0051,0.007,0.0096,0.015,e8g8,e8g8,e8g8,e8g8,51.0,0.015,0.0099,False
r2qk2r/1ppn2pp/p1pb1p2/4p2b/4P3/3P1N1P/PPPN1PP1/R1B1QRK1 b kq - 1 12,24,?,d7f8,35,2,g7g5,0.0186,0.0273,0.0258,0.0284,d8e7,d8e7,d8e7,d8e7,57.0,0.0284,0.0098,False
r2qk2r/1pp4p/p1pb1p2/2n1p1pb/2N1P3/3P3P/PPP2PPN/R1B1QRK1 b kq - 3 14,28,?,c5e6,31,10,c5e6,0.071,0.1074,0.1828,0.4078,b7b5,d8d7,d8d7,c5e6,0.0,0.4078,0.3368,False
r2qkb1r/1pp4p/p1p1np2/4p1pb/1PN1P3/3PB2P/P1P2PPN/R3QRK1 b kq - 0 16,32,?,d8d7,54,21,d8d7,0.0512,0.0912,0.1458,0.1776,b7b5,b7b5,e6f4,d8d7,0.0,0.1776,0.1264,False
r3kb1r/1ppq1b1p/p1p1np2/4p1p1/PPN1P3/2QPB2P/2P2PPN/R4RK1 b kq - 2 18,36,?,h7h5,49,23,h7h5,0.1898,0.3444,0.4854,0.5489,h7h5,h7h5,h7h5,h7h5,0.0,0.5489,0.3591,False
r3kbr1/1ppq1b2/p1p1np2/4p1pp/PPN1P3/2QPBN1P/2P2PPK/R4R2 b q - 3 20,40,?,g5g4,77,51,g5g4,0.519,0.5256,0.4889,0.3491,g5g4,g5g4,g5g4,e6f4,89.0,0.5256,-0.1699,False
r3kbr1/1ppq1b2/p1p2p2/4p2p/PPNnP1pN/2QPB1PP/2P2P1K/R4R2 b q - 0 22,44,?,b7b6,94,29,b7b6,0.0151,0.0078,0.004,0.0036,g4h3,g4h3,g4h3,g4h3,62.0,0.0151,-0.0115,False
r3kbr1/2pq4/ppp1bp2/P3p2p/1PNnP1pN/2QPB1PP/2P2P1K/R2R4 b q - 0 24,48,?,b6b5,163,263,b6b5,0.5127,0.5706,0.6025,0.6062,b6b5,b6b5,b6b5,b6b5,0.0,0.6062,0.0935,False
r3kbr1/3q4/pPp1bp2/1p2p2p/1P1nP1pN/2QPB1PP/2P2P1K/R2R4 b q - 0 26,52,?,f8e7,260,24,e8f7,0.0179,0.019,0.0212,0.0372,g4h3,g4h3,g4h3,g4h3,74.0,0.0372,0.0193,False
r5r1/3qbk2/pPp1bp2/1p2p2p/1PPnP1pN/3PB1PP/1Q3P1K/R2R4 b - - 0 28,56,?,c6c5,238,27,c6c5,0.021,0.0168,0.0148,0.0166,g4h3,g4h3,g4h3,g4h3,126.0,0.021,-0.0044,True
r5r1/4bk2/pP2bp2/1pp1p2p/1PPQP1pN/3P2PP/5P1K/R2R4 b - - 0 30,60,?,e5d4,301,269,e5d4,0.3954,0.3493,0.3074,0.2712,c5d4,c5d4,c5d4,c5d4,280.0,0.3954,-0.1242,False
r5r1/1P3k2/p3bp2/1pb4p/2PpP1pN/3P2PP/5P1K/R2R4 b - - 0 32,64,?,a8a7,305,1,a8a7,0.4102,0.4958,0.5844,0.6562,a8b8,a8a7,a8a7,a8a7,0.0,0.6562,0.246,False
6r1/RP3k2/4bp2/1pb4p/3pP1pN/3P2PP/5P1K/3R4 b - - 0 34,68,?,c5a7,323,645,c5a7,0.8703,0.9018,0.9264,0.9362,c5a7,c5a7,c5a7,c5a7,0.0,0.9362,0.0659,False
r1bqkb1r/pp2pp2/2np1np1/7p/3NP3/2N1BP2/PPPQ2PP/R3KB1R b KQkq - 1 8,16,?,c6d4,-52,35,c6d4,0.1222,0.0804,0.0529,0.0355,f8g7,f8g7,f8g7,f8g7,38.0,0.1222,-0.0867,False
r1bqk2r/pp2pp2/3p1npb/7p/4P3/2N1BP2/PPPQ2PP/R3KB1R b KQkq - 2 10,20,?,h6e3,-51,36,h6e3,0.8728,0.9311,0.9589,0.9779,h6e3,h6e3,h6e3,h6e3,0.0,0.9779,0.1051,False
r1b1k2r/pp2pp2/3p1np1/q6p/2B1P3/2N1QP2/PPP3PP/R3K2R b KQkq - 2 12,24,?,c8e6,-49,9,c8e6,0.1436,0.106,0.0943,0.0979,a5b4,e8g8,c8d7,c8d7,11.0,0.1436,-0.0457,False
r3k2r/pp2p3/3ppnp1/q6p/4P3/2N1QP2/PPP3PP/2KR3R b kq - 1 14,28,?,a8c8,-49,13,e6e5,0.1399,0.1463,0.1774,0.185,e8c8,e8c8,e8c8,e8f7,26.0,0.185,0.0451,False
r6r/pp2pk2/3p1np1/q3p1Qp/4PP2/2N5/PPP3PP/2KR3R b - - 0 16,32,?,a8c8,0,64,f6h7,0.223,0.2761,0.3536,0.449,e5f4,e5f4,a8c8,a8c8,0.0,0.449,0.226,False
r6r/pp2pk1n/3p2p1/q6p/4PQ2/2N5/PPP3PP/2KR3R b - - 0 18,36,?,f7g7,-135,69,f7g7,0.0959,0.1345,0.1645,0.1842,h7f6,h7f6,h7f6,h7f6,71.0,0.1842,0.0883,False
r2q3r/pp2p1kn/3p2p1/3RP2p/5Q2/2N5/PPP3PP/2K4R b - - 0 20,40,?,h8f8,-272,42,h8f8,0.5966,0.715,0.778,0.7726,h8f8,h8f8,h8f8,h8f8,0.0,0.778,0.176,False
r2q1r2/pp4kn/3Rp1p1/4P2p/3Q4/2N5/PPP3PP/2K4R b - - 0 22,44,?,d8g5,-200,157,d8g5,0.8852,0.9191,0.9301,0.9359,d8g5,d8g5,d8g5,d8g5,0.0,0.9359,0.0507,False
r4r2/pp1R2kn/4p1p1/4P2p/3Q4/2N5/PPP3qP/1K5R b - - 1 24,48,?,g7h6,-60,103,g7h8,0.5263,0.4729,0.4156,0.3543,g7h6,g7h6,g7h6,g7h6,0.0,0.5263,-0.172,False
r4r1k/pR5n/4p1p1/4P2p/3Q4/2N5/PPP4q/1K1R4 b - - 0 26,52,?,h7g5,-122,102,h7g5,0.2251,0.2437,0.2703,0.3021,h7g5,h7g5,h7g5,h7g5,0.0,0.3021,0.077,False
r4r1k/pR6/4p1p1/4P1Np/3Q1q2/8/PPP5/1K1R4 b - - 0 28,56,?,f4d4,440,813,f4d4,0.1611,0.1553,0.143,0.1209,f4g5,f4g5,f4g5,f4g5,805.0,0.1611,-0.0402,False
r4r1k/pR3N2/4p1p1/4q2p/8/8/PPP5/1KR5 b - - 1 30,60,?,f8f7,458,759,f8f7,0.9267,0.958,0.9762,0.9811,f8f7,f8f7,f8f7,f8f7,0.0,0.9811,0.0544,False
1r5k/p4R2/4p1p1/4q2p/8/1P6/P1P5/1KR5 b - - 0 32,64,?,e5c5,467,5,a7a5,0.0162,0.0178,0.0173,0.0159,h5h4,a7a5,a7a5,a7a5,-19.0,0.0178,-0.0003,False
1r5k/5R2/4p1p1/p2q3p/P7/1P6/2P5/1K3R2 b - - 2 34,68,?,d5e4,532,1,e6e5,0.0087,0.0081,0.0079,0.008,h8g8,h8g8,h8g8,e6e5,10.0,0.0087,-0.0007,False
r1bqk2r/ppppbppp/3n4/4R3/8/8/PPPP1PPP/RNBQ1BK1 b kq - 2 8,16,?,e8g8,-27,16,e8g8,0.6963,0.8671,0.9342,0.9681,e8g8,e8g8,e8g8,e8g8,0.0,0.9681,0.2718,False
r1bq1rk1/pppp1ppp/3n1b2/8/3P4/8/PPP2PPP/RNBQRBK1 b - - 2 10,20,?,f8e8,-35,2,f8e8,0.2124,0.2021,0.1573,0.1904,d6f5,d6f5,d6f5,d6f5,-3.0,0.2124,-0.022,False
r1bq2k1/pppp1ppp/3n1b2/8/3P4/2P5/PP3PPP/RNB1QBK1 b - - 0 12,24,?,d8e7,-26,5,d6e8,0.0439,0.0366,0.0253,0.0101,d6f5,b7b6,d6e8,d6e8,7.0,0.0439,-0.0338,False
r1bqn1k1/ppp2ppp/5b2/3p4/P2P1B2/2P5/1P3PPP/RN2QBK1 b - - 0 14,28,?,a7a5,-24,9,a7a5,0.0254,0.0191,0.0127,0.0141,c8f5,c8f5,c8f5,c8f5,13.0,0.0254,-0.0113,False
r2qn1k1/1pp2ppp/5b2/p2p4/P2P1Bb1/2PBQ3/1P3PPP/RN4K1 b - - 3 16,32,?,d8d7,-21,3,f6e7,0.076,0.0806,0.0864,0.1052,e8d6,e8d6,e8d6,e8d6,65.0,0.1052,0.0292,False
r2qn1k1/1pp2ppp/3b4/p2p4/P2P1Bb1/2PBQ2P/1P1N1PP1/R5K1 b - - 0 18,36,?,g4e6,-19,2,d6f4,0.1434,0.1467,0.1872,0.2675,d6f4,d6f4,d6f4,d6f4,7.0,0.2675,0.1241,False
r2qn1k1/1pp2ppp/4b3/p2p4/P2P1Q2/2PB1N1P/1P3PP1/R5K1 b - - 2 20,40,?,d8f6,-21,12,d8f6,0.1513,0.1944,0.2152,0.2775,e8f6,e8f6,e8f6,d8f6,0.0,0.2775,0.1262,False
r3n1k1/1pp2pp1/4bq1p/p2p3Q/P2P4/2PB1N1P/1P3PP1/R5K1 b - - 1 22,44,?,b7b6,-8,8,e8d6,0.0837,0.0581,0.0337,0.0187,e8d6,e8d6,e8d6,e8d6,2.0,0.0837,-0.065,False
2r3k1/1pp2pp1/3nbq1p/p2p3Q/P2P4/2PB3P/1P3PPN/4R1K1 b - - 5 24,48,?,f6g5,-8,3,c8e8,0.0373,0.0423,0.0448,0.0389,c8e8,c8e8,c7c5,c7c5,25.0,0.0448,0.0016,False
4r1k1/1pp2pp1/3nb2p/p2pR3/P2P1q2/2PB3P/1P3PPN/3Q2K1 b - - 9 26,52,?,c7c5,0,2,c7c5,0.0378,0.032,0.0331,0.0373,f7f6,f7f6,f7f6,d6e4,76.0,0.0378,-0.0005,False
4r1k1/1p3pp1/3nbq1p/p1ppR3/P2P4/2P3PP/1P2BP1N/3Q2K1 b - - 2 28,56,?,b7b6,5,3,c5d4,0.0543,0.0475,0.0369,0.0271,c5d4,c5d4,c5d4,d6e4,18.0,0.0543,-0.0272,False
4r1k1/1p3pp1/4bq1p/p2pRn2/P4Q2/2P3PP/1P2BP1N/6K1 b - - 2 30,60,?,f5d6,0,9,g7g5,0.1099,0.1137,0.1214,0.1337,g7g5,g7g5,g7g5,g7g5,-25.0,0.1337,0.0238,False
4r1k1/1p3pq1/4b2p/p2pRnp1/P5N1/2P2QPP/1P2BP2/6K1 b - - 3 32,64,?,h6h5,27,256,h6h5,0.1459,0.1572,0.1562,0.1546,f5d6,f5d6,f5d6,f5d6,297.0,0.1572,0.0087,False
4r1k1/1p3pq1/4b3/p2pRQp1/P5p1/2PB2PP/1P3P2/6K1 b - - 0 34,68,?,e6f5,22,54,e6f5,0.6531,0.5657,0.4627,0.4042,e6f5,e6f5,e6f5,e6f5,0.0,0.6531,-0.2489,False
r1bq1rk1/pp2bppp/2nppn2/2p5/3PP3/P1P2N2/1PB2PPP/RNBQ1RK1 b - - 0 8,16,?,c5d4,-59,6,e6e5,0.6125,0.7758,0.8489,0.7161,c5d4,c5d4,c5d4,c5d4,0.0,0.8489,0.1036,False
r2q1rk1/pp2bppp/2np1n2/2pPp3/4P1b1/P1P2N2/1PB2PPP/RNBQR1K1 b - - 0 10,20,?,c6a5,-92,41,c6b8,0.6138,0.3974,0.1481,0.0272,c6a5,c6b8,c6b8,c6b8,42.0,0.6138,-0.5866,False
r2q1rk1/pp1nbppp/3p1n2/2pPp3/P3P1b1/2P2N2/1PBN1PPP/R1BQR1K1 b - - 0 12,24,?,d8c7,-127,7,b7b6,0.0148,0.0108,0.0109,0.0238,d7b6,a7a6,a7a6,a7a6,16.0,0.0238,0.009,False
r2qr1k1/p2nbppp/1p1p1n2/2pPp3/P1N1P1b1/2PQ1N2/1PB2PPP/R1B1R1K1 b - - 3 14,28,?,a7a6,-121,11,g4f3,0.1413,0.1571,0.1411,0.134,a7a5,d7f8,d7f8,d7f8,10.0,0.1571,-0.0073,False
r2qrnk1/p3bppp/1p1p1n2/2pPp3/P1N1P2P/2P2Q2/1PB2PP1/R1B1R1K1 b - - 0 16,32,?,a7a6,-179,21,h7h5,0.018,0.0126,0.0111,0.0209,f8g6,f8g6,f8g6,f8g6,54.0,0.0209,0.0029,False
r2qrnk1/p3bp2/1p1p1np1/2pPp2p/P3P2P/2PBNQ2/1P3PP1/R1B1R1K1 b - - 1 18,36,?,f8d7,-184,5,a7a6,0.0241,0.0229,0.0244,0.0333,f8h7,f8h7,f8h7,f8h7,4.0,0.0333,0.0092,False
r2qr1k1/3nbp2/pp1p1np1/2pPp2p/P3P2P/2PBNQP1/1P3PK1/R1B1R3 b - - 2 20,40,?,e7f8,-174,16,e7f8,0.1167,0.1464,0.1705,0.2152,a6a5,f6h7,f6h7,e7f8,0.0,0.2152,0.0985,False
r2qr1k1/3n1p2/pp1p1npb/2pPp2p/P1N1P2P/2PB1QP1/1P3PK1/R1B4R b - - 6 22,44,?,h6c1,-108,98,h6c1,0.6355,0.6507,0.6228,0.578,h6c1,h6c1,h6c1,h6c1,0.0,0.6507,-0.0575,False
r3r1k1/2qn1p2/pp1p1np1/2pPp2p/P3P2P/2PBNQP1/1P3PK1/2R4R b - - 2 24,48,?,e8b8,-61,26,g8g7,0.1138,0.1293,0.1513,0.2145,b6b5,g8g7,g8g7,g8g7,11.0,0.2145,0.1007,False
r6r/2qn1pk1/pp1p1np1/2pPp2p/P3P2P/2P2QP1/1PN1BPK1/2R4R b - - 6 26,52,?,c5c4,2,23,c7b7,0.0833,0.0821,0.0816,0.0634,f6g4,f6g4,f6g4,f6g4,36.0,0.0833,-0.0199,False
rr6/1q1n1pk1/pp1p1np1/2pPp2p/P3P2P/2PQ2P1/1P2BPK1/2R1N2R b - - 10 28,56,?,b6b5,87,31,b6b5,0.6299,0.6615,0.6961,0.7313,b6b5,b6b5,b6b5,b6b5,0.0,0.7313,0.1014,False
rr6/2qn1pk1/p2p1np1/PppPp2p/4P2P/2PQ2P1/1P2BPK1/R3N2R b - - 2 30,60,?,c5c4,188,144,c5c4,0.6259,0.6396,0.5801,0.3738,c5c4,c5c4,c5c4,c5c4,0.0,0.6396,-0.2521,False
rr6/2q2pk1/p2p1np1/PpnPp2p/2p1P2P/2P1QPP1/1P2B1K1/R3N2R b - - 0 32,64,?,c5b3,197,56,c5b3,0.7037,0.6677,0.6483,0.588,c5b3,c5b3,c5b3,c5b3,0.0,0.7037,-0.1157,False
rr6/2q2pk1/p2p1np1/np1Pp2p/2p1PP1P/2P1Q1P1/1P2B1K1/3RN2R b - - 0 34,68,?,c7b6,272,6,e5f4,0.0234,0.0224,0.019,0.0166,e5f4,e5f4,e5f4,e5f4,-3.0,0.0234,-0.0068,False
r1bqkb1r/2p2ppp/p1n5/1p1pP3/4n3/1B3N2/PPP2PPP/RNBQ1RK1 b kq - 0 8,16,?,c8e6,-35,80,c8e6,0.1658,0.3345,0.6312,0.9088,c8g4,c8e6,c8e6,c8e6,0.0,0.9088,0.743,False
r2qkb1r/2p2ppp/p1n1b3/1pnpP3/8/1BP2N2/PP1N1PPP/R1BQ1RK1 b kq - 0 10,20,?,f8e7,-30,1,d5d4,0.1414,0.26,0.4736,0.6529,c5b3,c5b3,f8e7,f8e7,0.0,0.6529,0.5115,False
r2qkb1r/2p2ppp/p1n1n3/1p2P3/3P4/5N2/PP1N1PPP/R1BQ1RK1 b kq - 0 12,24,?,c6d4,-37,40,c6d4,0.5213,0.533,0.5621,0.5896,c6d4,c6d4,c6d4,c6d4,0.0,0.5896,0.0683,False
r2qk2r/2p1bppp/p3n3/1p2P3/P2N4/8/1P1N1PPP/R1BQ1RK1 b kq - 0 14,28,?,e6d4,-37,1,e6d4,0.7996,0.7822,0.7563,0.7313,e6d4,e6d4,e6d4,e6d4,0.0,0.7996,-0.0683,False
r2qk2r/2p1bppp/p3n3/1p2P3/P7/1N2B3/1P3PPP/R2Q1RK1 b kq - 3 16,32,?,d8d1,-29,0,e8g8,0.3596,0.4093,0.3203,0.177,d8d1,d8d1,d8d1,b5b4,129.0,0.4093,-0.1826,False
r2q1rk1/2p2ppp/p3n3/NpB1P3/P7/8/1P3PPP/R2Q1RK1 b - - 0 18,36,?,e6c5,-35,6,e6c5,0.9265,0.9295,0.9483,0.9689,e6c5,e6c5,e6c5,e6c5,0.0,0.9689,0.0424,False
r2q1rk1/2p2ppp/p7/Np2P3/n7/8/1PQ2PPP/R2R2K1 b - - 1 20,40,?,d8e7,-52,20,d8e7,0.3526,0.3773,0.3718,0.3757,d8g5,d8g5,d8g5,d8g5,277.0,0.3773,0.0231,False
r4rk1/2p1qppp/pnN5/1p2P3/8/1P6/2Q2PPP/R2R2K1 b - - 2 22,44,?,e7e8,-38,5,e7e6,0.0835,0.0807,0.0815,0.085,e7e6,e7e6,e7e6,e7e6,12.0,0.085,0.0015,False
r3r1k1/2p2ppp/pnN1q3/1p2PP2/8/1P6/2Q3PP/R2R2K1 b - - 0 24,48,?,e6h6,-170,82,e6h6,0.6444,0.7041,0.7942,0.8654,e6h6,e6h6,e6h6,e6h6,0.0,0.8654,0.221,False
r3r1k1/2p2p1p/pnN2Ppq/1p2P3/4Q3/1P6/6PP/R2R2K1 b - - 0 26,52,?,h6g5,-227,33,g8h8,0.3527,0.3666,0.3588,0.3339,h6g5,h6g5,h6g5,h6g5,0.0,0.3666,-0.0188,False
r3r2k/2p2p1p/1nN2Ppq/pp2P3/4Q3/1P1R4/6PP/5RK1 b - - 1 28,56,?,a5a4,-353,7,a5a4,0.6182,0.6145,0.6053,0.5832,a5a4,a5a4,a5a4,a5a4,0.0,0.6182,-0.035,False
r2r3k/2p1Np1p/1n3Ppq/1p2P3/p3Q3/1P5R/6PP/5RK1 b - - 3 30,60,?,h6g5,-509,43,h6g5,0.2815,0.3003,0.2759,0.2128,h6f8,h6f8,h6f8,h6f8,1484.0,0.3003,-0.0687,False
r2r3k/2pPNp1p/5Pp1/1p4q1/p3Q3/1P5R/6PP/5RK1 b - - 0 32,64,?,a4a3,-500,65,a4b3,0.2479,0.259,0.2691,0.2319,a4b3,a4b3,a4a3,g5c5,161.0,0.2691,-0.016,False
r2r3k/2pPNp1p/5Pp1/1pq5/4Q3/4R3/6PP/5RK1 b - - 2 34,68,?,d8f8,-554,14,c7c6,0.001,0.0012,0.0014,0.0017,d8d7,d8d7,a8a4,a8a4,537.0,0.0017,0.0007,True
r3kbnr/pp1n1pp1/1qp1p3/3pPb1p/3P3P/1N1BB3/PPP2PP1/R2QK1NR b KQkq - 1 8,16,?,f5d3,12,0,g8e7,0.4023,0.4942,0.5188,0.3793,f5d3,f5d3,f5d3,g8e7,-5.0,0.5188,-0.023,False
r3kb1r/pp1nnpp1/1qp1p3/3pP2p/3P2bP/1N1BBN2/PPP2PP1/R2Q1RK1 b kq - 5 10,20,?,e7f5,23,10,e7f5,0.5684,0.6761,0.7521,0.7858,e7f5,e7f5,e7f5,e7f5,0.0,0.7858,0.2174,False
r3kb1r/pp1n1pp1/1qp1p3/3PP2p/3P2bn/1N1BBN2/PP3PP1/R2Q1RK1 b kq - 0 12,24,?,c6d5,52,8,c6d5,0.5512,0.5424,0.5167,0.4503,c6d5,c6d5,c6d5,c6d5,0.0,0.5512,-0.1009,False
r3kb1r/pp1n1pp1/1q2p3/3pPn1p/3P2b1/1N2BN2/PP2BPP1/2RQ1RK1 b kq - 3 14,28,?,f5e3,116,4,f8e7,0.4168,0.4852,0.5161,0.3834,f5e3,f5e3,f5e3,f5e3,0.0,0.5161,-0.0334,False
r1bqk1nr/1p1p1pbp/p1n1p1p1/8/3NP3/P1N1B3/1PPQ1PPP/R3KB1R b KQkq - 3 8,16,?,d7d5,-106,18,g8e7,0.0458,0.0382,0.029,0.0293,g8e7,g8e7,g8e7,g8e7,26.0,0.0458,-0.0165,False
r1bqk2r/1p2npbp/p1n1p1p1/3p4/3NP3/P1N1BP2/1PPQ2PP/2KR1B1R b kq - 0 10,20,?,c6d4,-64,2,c6d4,0.0856,0.0755,0.0658,0.0624,e8g8,e8g8,e8g8,e8g8,93.0,0.0856,-0.0232,False
r1bqk2r/1p2npbp/p5p1/3pp3/4P3/P1N2P2/1PPQ1BPP/2KR1B1R b kq - 1 12,24,?,d5d4,60,298,d5d4,0.6847,0.8395,0.9408,0.9806,d5d4,d5d4,d5d4,d5d4,0.0,0.9806,0.2959,False
r2qk2r/1p2npbp/p3b1p1/4p3/3pP3/P4P2/1PPQNBPP/1K1R1B1R b kq - 3 14,28,?,f7f5,59,20,e8g8,0.0248,0.0122,0.0086,0.0108,e8g8,e8g8,e8g8,e8g8,11.0,0.0248,-0.014,False
r2q1rk1/4npbp/p3b1p1/1p2p3/3pP2B/P4P2/1PPQ2PP/1KNR1B1R b - - 1 16,32,?,d8c7,152,7,a8b8,0.1011,0.1571,0.2451,0.3176,f7f6,d8c7,d8c7,d8c7,0.0,0.3176,0.2165,False
1r3rk1/2q1npbp/p3b1p1/1p2p3/3pP2B/PN1B1P2/1PPQ2PP/1K1R3R b - - 5 18,36,?,b5b4,166,13,a6a5,0.0263,0.0189,0.0133,0.0097,e6b3,e7c6,e7c6,e7c6,10.0,0.0263,-0.0166,False
1r3rk1/3qnpbp/4b1p1/QpN1p3/3pP2B/P2B1P2/1PP3PP/1K1R3R b - - 2 20,40,?,d7d6,-175,11,d7d6,0.3259,0.3527,0.4261,0.5329,d7d6,d7d6,d7d6,d7d6,0.0,0.5329,0.207,False
1r3rk1/4Bpbp/4q1p1/Qp2p3/3pP3/P2B1P2/1PP3PP/1K1R3R b - - 0 22,44,?,e6e7,-85,215,e6e7,0.9874,0.9934,0.9965,0.9975,e6e7,e6e7,e6e7,e6e7,0.0,0.9975,0.0101,False
1r3rk1/2q2pbp/6p1/1p2p3/1Q1pP2P/P2B1P2/1PP3P1/1K1R3R b - - 0 24,48,?,f8c8,-108,1,h7h6,0.2239,0.2603,0.3256,0.383,f8c8,f8c8,f8c8,f8c8,0.0,0.383,0.1591,False
1rr3k1/2q2pb1/6pp/1p2p2P/1Q1pP1P1/P2B1P2/1PP5/1K1R3R b - - 0 26,52,?,g6g5,-24,34,g6g5,0.4287,0.4553,0.4409,0.4393,g6g5,g6g5,g6g5,g6g5,0.0,0.4553,0.0106,False
1rr2bk1/2q2p2/7p/1p2p1pP/3pP1P1/PQ1B1P2/1PP5/1KR4R b - - 3 28,56,?,c7a7,0,0,b5b4,0.0195,0.0207,0.0171,0.0136,b5b4,b5b4,b5b4,b5b4,38.0,0.0207,-0.0059,False
1rr2bk1/5p2/7p/1Bq1p1pP/Pp1pP1P1/1Q3P2/1PP5/1KR4R b - - 2 30,60,?,b8b5,0,31,c8c7,0.1072,0.1393,0.1634,0.1699,c8c7,c8c7,c8c7,c8c7,28.0,0.1699,0.0627,False
1r3bk1/r4p2/7p/1Bq1p1pP/Pp1pP1P1/1Q1R1P2/1PP5/1KR5 b - - 6 32,64,?,b8b5,0,0,b8b5,0.3512,0.4851,0.5633,0.5403,b8b5,b8b5,b8b5,b8b5,0.0,0.5633,0.1891,False
5bk1/r4p2/7p/1q2p1pP/1p1pP1P1/1QPR1P2/1P6/1KR5 b - - 0 34,68,?,b5d3,1989,1989,b5d3,0.8489,0.895,0.9171,0.9276,b5d3,b5d3,b5d3,b5d3,0.0,0.9276,0.0787,False
r1bq1rk1/1pp1bppp/p1np1n2/4p3/2BPP3/2N2N1P/PPP2PP1/R1BQR1K1 b - - 1 8,16,?,b7b5,-43,3,b7b6,0.3766,0.3107,0.2223,0.2752,e5d4,e5d4,e5d4,e5d4,3.0,0.3766,-0.1014,False
r2q1rk1/1bp1bppp/ppnp1B2/4p3/2BPP3/2N2N1P/PPP2PP1/R2QR1K1 b - - 0 10,20,?,e7f6,10,266,e7f6,0.9719,0.9884,0.9865,0.9782,e7f6,e7f6,e7f6,e7f6,0.0,0.9884,0.0063,False
r2q1rk1/1bp2ppp/pp1p1b2/4N3/2B1P3/2N4P/PPP2PP1/R2QR1K1 b - - 0 12,24,?,f6e5,36,54,f6e5,0.8822,0.9251,0.9379,0.9147,f6e5,f6e5,f6e5,f6e5,0.0,0.9379,0.0325,False
r2q1rk1/1b3ppp/pppp4/4b3/4P3/1BN4P/PPP2PP1/R2QR1K1 b - - 1 14,28,?,d8f6,69,0,d8f6,0.1108,0.1692,0.2353,0.3149,b6b5,b6b5,d8f6,d8f6,0.0,0.3149,0.2041,False
r4rk1/1b3ppp/p1pp1q2/1p2b3/4P3/1BNQ3P/PPP2PP1/3RR1K1 b - - 1 16,32,?,a6a5,85,15,g7g6,0.0434,0.0507,0.0446,0.039,c6c5,c6c5,c6c5,a8d8,13.0,0.0507,-0.0044,False
r4rk1/1b3p1p/p1pp1q2/1p2b1p1/4P3/1BNQR1PP/PPP2P2/3R2K1 b - - 1 18,36,?,g8h8,54,19,g8h8,0.0113,0.0182,0.0171,0.013,a8d8,b7c8,a8d8,a8d8,27.0,0.0182,0.0017,False
r4r1k/1b3pqp/p1pp4/1p2b1p1/4P3/1BNQ1RPP/PPP2PK1/3R4 b - - 5 20,40,?,d6d5,103,49,f7f6,0.0202,0.0092,0.0047,0.0023,c6c5,c6c5,c6c5,a8d8,38.0,0.0202,-0.0179,False
3r1r1k/1b4qp/p1pp1p2/1p2b1p1/4P3/1BPQ1RPP/PP2NPK1/3R4 b - - 0 22,44,?,b7c8,-25,5,h7h5,0.1398,0.1717,0.1687,0.1713,c6c5,c6c5,c6c5,c6c5,55.0,0.1717,0.0315,False
3rr2k/1b4q1/p1pp1p2/1p2bBpp/4P3/2PQ1RPP/PP2NPK1/3R4 b - - 3 24,48,?,d6d5,0,3,c6c5,0.1984,0.1967,0.2053,0.2292,d6d5,c6c5,c6c5,c6c5,2.0,0.2292,0.0308,False
3rr2k/1b4q1/p4p2/1pppbBpp/4P3/2PR2PP/PPQ1NPK1/3R4 b - - 1 26,52,?,g7f7,-8,2,h5h4,0.0285,0.0292,0.0295,0.0321,d5d4,d5d4,d5d4,d5d4,279.0,0.0321,0.0036,True
3rr2k/1b4q1/p4p2/1pppbBp1/4P3/2PR2PP/PPQ3K1/3R2N1 b - - 0 28,56,?,c5c4,81,44,d5d4,0.231,0.1752,0.1447,0.1426,d5d4,d5d4,d5d4,d5d4,132.0,0.231,-0.0884,False
3rr2k/1b4q1/p4p2/1p2bBpQ/2ppP3/2PR2PP/PP4K1/3R2N1 b - - 1 30,60,?,h8g8,60,904,h8g8,0.9739,0.9894,0.9955,0.9972,h8g8,h8g8,h8g8,h8g8,0.0,0.9972,0.0233,False
3rr1k1/1b4q1/p4p2/1p2bBpQ/2p1P3/2P2RPP/P5K1/3R2N1 b - - 0 32,64,?,g8f8,68,6,g8f8,0.0203,0.032,0.0416,0.0505,d8d1,d8d1,d8d1,d8d1,68.0,0.0505,0.0302,False
3r1k2/1b4q1/p4p2/1p2bBpQ/2p1P3/2P2RPP/P3N1K1/8 b - - 1 34,68,?,b7c6,159,19,d8d2,0.0135,0.0148,0.0166,0.0239,d8d2,d8d2,d8d2,d8d2,55.0,0.0239,0.0104,False
r2qkb1r/pbpp2pp/1p2pn2/2nP1p2/2P5/P1N3PN/1P2PPBP/R1BQK2R b KQkq - 4 8,16,?,e6d5,-50,8,c5e4,0.1934,0.1344,0.0887,0.0369,e6d5,c5e4,c5e4,f8e7,1.0,0.1934,-0.1565,False
r2qkb1r/pbpp2pp/1p2pn2/3P1p2/2P2N2/P1P3P1/4PPBP/R1BQK2R b KQkq - 0 10,20,?,e6e5,117,35,e6e5,0.2829,0.336,0.4957,0.7834,e6e5,e6e5,e6e5,e6e5,0.0,0.7834,0.5005,False
r2qkb1r/pbp3pp/1p1p1n2/3Ppp2/P1P5/2PN2P1/4PPBP/R1BQK2R b KQkq - 0 12,24,?,a7a5,41,37,a7a5,0.2321,0.3444,0.5073,0.7542,a7a5,a7a5,a7a5,a7a5,0.0,0.7542,0.5221,False
r2qkb1r/1bp4p/1p1p1np1/p2Ppp2/P1P5/2PN2P1/4PPBP/1RBQ1RK1 b kq - 1 14,28,?,b7a6,95,12,b7a6,0.1778,0.2186,0.222,0.1795,e5e4,f8g7,f8g7,f8g7,66.0,0.222,0.0017,False
r2qkb1r/2p4p/1p1p1np1/p2PppB1/P1b1P3/2PN2P1/5PBP/1R1Q1RK1 b kq - 0 16,32,?,f8g7,72,0,h7h6,0.09,0.1429,0.1904,0.2849,f8e7,f8e7,f8e7,h7h6,-12.0,0.2849,0.1949,False
r3kb1r/2p5/1p1p1qpp/p2PpP2/P1b5/2PN2P1/5PBP/1R1Q1RK1 b kq - 0 18,36,?,f6f5,158,50,g6f5,0.6015,0.5984,0.5195,0.3276,f6f5,f6f5,f6f5,g6f5,44.0,0.6015,-0.2739,False
r3kb1r/2p2Q2/1p1p3p/p2Ppp2/P1b5/2PN2P1/5PBP/1R3RK1 b kq - 0 20,40,?,e8f7,245,1072,e8f7,0.9997,0.9998,0.9999,1.0,e8f7,e8f7,e8f7,e8f7,0.0,1.0,0.0003,False
r4b1r/2p2k2/1p1p4/p2Ppp1p/P1b5/2PN2P1/5P1P/1R1R1BK1 b - - 1 22,44,?,h5h4,227,31,c4a6,0.0665,0.0872,0.095,0.0915,c4d5,c4d5,c4d5,c4d5,126.0,0.095,0.025,False
r4b1r/2p2k2/1p1p4/p2Ppp1p/P7/2P3P1/1N3P1P/1R1R1K2 b - - 0 24,48,?,f8e7,179,4,h5h4,0.0437,0.0654,0.1053,0.1932,h5h4,h5h4,h5h4,h5h4,14.0,0.1932,0.1495,False
r6r/2p1bk2/1p1p4/p2Ppp2/P1N4p/2P3P1/5PKP/1R1R4 b - - 3 26,52,?,a8g8,220,2,a8g8,0.1481,0.1772,0.2442,0.4499,h4g3,h4g3,h4g3,a8g8,0.0,0.4499,0.3018,False
6rr/2p1bk2/1p1p4/p2PpN2/P4p1p/2P3P1/5PKP/1R1R4 b - - 1 28,56,?,h8h5,320,4,f7f6,0.0333,0.0281,0.0292,0.0526,h4g3,h4g3,h4g3,h4g3,45.0,0.0526,0.0193,False
6rr/2p1k3/1p1p4/p2Pp3/P1P2p1p/6P1/5PKP/1R1R4 b - - 0 30,60,?,h4g3,339,42,h4g3,0.5702,0.6085,0.615,0.5208,h4g3,h4g3,h4g3,h4g3,0.0,0.615,-0.0494,False
6rr/2p1k3/1p1p4/p2Pp3/P1P5/6P1/6K1/1R1R4 b - - 0 32,64,?,h8h4,301,44,g8g4,0.0692,0.0752,0.0842,0.0928,g8g4,g8g4,g8g4,g8g4,26.0,0.0928,0.0236,False
5r2/2p1k3/1p1p4/p2Pp3/P1P3r1/3R2P1/6K1/2R5 b - - 4 34,68,?,g4e4,287,7,f8f4,0.118,0.1371,0.1465,0.1472,e5e4,f8g8,f8g8,f8g8,10.0,0.1472,0.0292,False
r1bqk1nr/1p4pp/p1nbp3/2pp1p2/3P4/2PBPNB1/PP1N1PPP/R2QK2R b KQkq - 1 8,16,?,c5c4,-33,7,g8f6,0.0686,0.0885,0.1079,0.0838,g8f6,g8f6,g8f6,g8f6,11.0,0.1079,0.0152,False
r1bq1rk1/1p4pp/p1nbpn2/2pp1p2/2PP4/3BPNB1/PP1N1PPP/R2Q1RK1 b - - 0 10,20,?,c5d4,-6,7,c5d4,0.0603,0.0992,0.1543,0.1868,b7b5,f6e4,f6e4,f6e4,52.0,0.1868,0.1265,False
r1bq1rk1/1p4pp/p1nBp3/3p1p2/2PPn3/3B1N2/PP1N1PPP/R2Q1RK1 b - - 0 12,24,?,d8d6,-1,62,d8d6,0.9808,0.9788,0.9816,0.9857,d8d6,d8d6,d8d6,d8d6,0.0,0.9857,0.0049,False
r4rk1/1p1b2pp/p1nqp3/3p1p2/2PPn3/P2B1N2/1P1N1PPP/R2QR1K1 b - - 0 14,28,?,d7e8,21,13,d7e8,0.0338,0.0528,0.0583,0.0566,d5c4,d5c4,a8c8,a8c8,33.0,0.0583,0.0228,False
r3brk1/1p4pp/p1nq4/3p1p2/3Pn3/PQ1B1N2/1P1N1PPP/R3R1K1 b - - 1 16,32,?,e8f7,27,25,g8h8,0.0285,0.0376,0.0552,0.1127,b7b5,b7b5,b7b5,b7b5,260.0,0.1127,0.0842,False
1r2br1k/6pp/Q1nq4/3p1p2/3Pn3/P2B1N2/1P1N1PPP/R3R1K1 b - - 0 18,36,?,b8b2,0,20,b8b2,0.6228,0.7569,0.8755,0.9329,b8b2,b8b2,b8b2,b8b2,0.0,0.9329,0.3101,False
5r1k/6pp/Q1nq4/3p1p1b/3Pn3/P2B1N2/1r1N1PPP/2R1R1K1 b - - 3 20,40,?,h5e8,-29,25,e4d2,0.1762,0.2177,0.2566,0.3136,e4d2,h5f3,e4d2,h5e8,0.0,0.3136,0.1374,False
5r1k/6pp/Q1Rq4/3p1p1b/3P4/P2B4/3r1PPP/4R1K1 b - - 0 22,44,?,d6f4,-119,48,d6f4,0.6951,0.7511,0.8006,0.8148,d6f4,d6f4,d6f4,d6f4,0.0,0.8148,0.1197,False
2R2r1k/6pp/Q7/3p1p1b/3q4/P2B4/3r1PPP/5RK1 b - - 1 24,48,?,d4f6,-454,11,d4f6,0.0701,0.0985,0.1322,0.1463,h8g8,h8g8,h8g8,h8g8,1541.0,0.1463,0.0762,False
rn1qk2r/p4ppp/bpp1pn2/3p4/1b1PPB2/2N1QP2/PPP1N1PP/R3KB1R b KQkq - 3 8,16,?,e8g8,-18,28,e8g8,0.2597,0.2321,0.2424,0.314,a6e2,a6e2,a6e2,e8g8,0.0,0.314,0.0543,False
r2q1rk1/p2n1ppp/bpp1pn2/3pP3/1b1P1B2/2N1QP2/PPP1N1PP/2KR1B1R b - - 0 10,20,?,f6e8,-76,49,f6e8,0.1917,0.3253,0.4898,0.7668,f6h5,f6h5,f6e8,f6e8,0.0,0.7668,0.5751,False
r2qnrk1/p2n1ppp/bp2p3/2ppP3/1b1P1BPP/2N1QP2/PPP1N3/2KR1B1R b - - 0 12,24,?,a8c8,-55,26,a8c8,0.031,0.0258,0.0337,0.0861,c5d4,c5d4,c5d4,c5d4,49.0,0.0861,0.0551,False
2rqnrk1/p2n1ppp/bp2p3/3pP2P/1b1N1BP1/2N1QP2/PPP5/2KR1B1R b - - 0 14,28,?,a6f1,53,182,a6f1,0.5837,0.6481,0.7012,0.7386,a6f1,a6f1,a6f1,a6f1,0.0,0.7386,0.1549,False
2rqnrk1/p2n1ppp/1p2p3/3pP2P/3N1BP1/2P1QP2/P1P5/2K2R1R b - - 0 16,32,?,d8e7,49,7,d8e7,0.0224,0.025,0.0264,0.0279,d8c7,d8c7,d8c7,d8c7,26.0,0.0279,0.0055,False
2r1nrk1/p2nqppp/4p1P1/1p1pP2P/3N1B2/2P1QP2/P1P5/2K2R1R b - - 0 18,36,?,e7a3,38,42,d7b6,0.3324,0.4746,0.6795,0.8351,f7g6,e7a3,e7a3,e7a3,0.0,0.8351,0.5027,False
2r1nr1k/p3qppP/1n2p2P/1p1pP3/3N1B2/2P1QP2/P1P5/2K2R1R b - - 0 20,40,?,e7a3,106,2,g7g6,0.1327,0.1445,0.217,0.2806,g7g6,g7g6,g7g6,g7g6,0.0,0.2806,0.1479,False
2r1nr1k/p4p1P/1n2p1pP/1p1pP1B1/3N4/q1P1QP2/P1P5/3K1R1R b - - 3 22,44,?,h8h7,83,35,a3c3,0.0295,0.0361,0.0285,0.0256,c8c3,c8c3,c8c3,c8c3,113.0,0.0361,-0.0039,True
4nr1k/p3Bp1P/1n2p1pP/1p1pP3/3N4/2r2P2/P1P5/3K1R1R b - - 1 24,48,?,c3c4,-278,0,b6d7,0.0763,0.0939,0.1077,0.1132,f8g8,h8h7,h8h7,b6c4,233.0,0.1132,0.0369,False
4nr1k/p2nBp1P/4p1pP/1p1pP3/2rN4/2P2P2/P2K4/5R1R b - - 0 26,52,?,e8c7,-190,9,h8h7,0.0558,0.07,0.0912,0.1008,h8h7,h8h7,h8h7,h8h7,49.0,0.1008,0.045,False
4nn2/p4p1k/4p1pP/1N1pP3/2r5/2P2P2/P2K4/5R1R b - - 0 28,56,?,a7a6,-274,7,f8d7,0.2856,0.361,0.4331,0.4076,c4a4,c4a4,a7a6,a7a6,0.0,0.4331,0.122,False
4n3/3n1p1k/p3p1pP/3pP3/2rN1P2/2P5/P2K4/5R1R b - - 1 30,60,?,d7c5,-352,33,d7c5,0.2715,0.3211,0.3506,0.3107,c4a4,d7c5,d7c5,d7c5,0.0,0.3506,0.0392,False
4n3/5p1k/p3p1pP/3pP3/2rNnP2/2PK4/P7/2R4R b - - 5 32,64,?,e4f2,-111,34,e8c7,0.7538,0.7275,0.6894,0.599,e4f2,e4f2,e4f2,e4f2,0.0,0.7538,-0.1548,False
8/2n2p1k/p3p1pP/2npP3/2rN1P2/2P1K3/P6R/2R5 b - - 9 34,68,?,c7b5,-172,89,c7b5,0.2842,0.281,0.2893,0.2909,c5e4,c5e4,c5e4,c5e4,132.0,0.2909,0.0067,False
r1bqkb1r/1p1npp1p/p2p1np1/8/3NP3/2N1BP2/PPPQ2PP/R3KB1R b KQkq - 2 8,16,?,h7h5,-86,13,b7b5,0.0232,0.0475,0.139,0.4897,f8g7,f8g7,f8g7,h7h5,0.0,0.4897,0.4665,False
r1bqkb1r/3npp1p/p2p1np1/3N4/Pp1NP3/4BP2/1PPQ2PP/R3KB1R b KQkq - 1 10,20,?,f6d5,-121,47,f6d5,0.5895,0.7031,0.77,0.7762,f6d5,f6d5,f6d5,f6d5,0.0,0.7762,0.1867,False
r1bqk2r/3nppbp/p1Np2p1/3P4/Pp6/4BP2/1PPQ2PP/R3KB1R b KQkq - 2 12,24,?,d8c7,-120,319,d8c7,0.8434,0.8855,0.9166,0.947,d8c7,d8c7,d8c7,d8c7,0.0,0.947,0.1036,False
r1b2rk1/2qnNpbp/p2p2p1/3P4/PQ6/4BP2/1PP3PP/R3KB1R b KQ - 0 14,28,?,g8h8,-83,0,g8h8,1.0,1.0,1.0,1.0,g8h8,g8h8,g8h8,g8h8,0.0,1.0,0.0,False
r1b1r2k/2qn1pbp/p1Np2p1/3P4/PQ6/4BP2/1PP2KPP/R4B1R b - - 4 16,32,?,e8e3,-84,31,d7e5,0.0168,0.0193,0.0231,0.0326,d7e5,d7e5,d7e5,d7e5,84.0,0.0326,0.0158,False
r1b1r2k/2q2p1p/p2p2p1/3Pb3/PQ1B4/5P2/1PP2KPP/R4B1R b - - 1 18,36,?,c7c2,38,160,c7c2,0.7356,0.792,0.8207,0.8196,c7c2,c7c2,c7c2,c7c2,0.0,0.8207,0.084,False
1rb1r2k/5p1p/p2p2p1/3PB3/PQ6/5P2/1Pq1BKPP/R6R b - - 0 20,40,?,e8e5,209,534,e8e5,0.5265,0.569,0.5852,0.603,e8e5,e8e5,e8e5,e8e5,0.0,0.603,0.0765,False
2b4k/5p1p/p2p2p1/3Pr3/P7/5P2/1rQ1BKPP/R6R b - - 0 22,44,?,b2c2,108,824,b2c2,0.9976,0.9979,0.9979,0.9978,b2c2,b2c2,b2c2,b2c2,0.0,0.9979,0.0002,False
2b4k/5p1p/3p2p1/p2Pr3/P4P2/8/2r1BKPP/R3R3 b - - 0 24,48,?,e5e4,211,42,e5d5,0.2426,0.2771,0.3033,0.3341,e5d5,e5d5,e5d5,e5d5,34.0,0.3341,0.0915,False
2b4k/5p1p/3p2p1/p7/P4P2/5B2/2rr2PP/R3RK2 b - - 3 26,52,?,c8h3,365,80,c8e6,0.0189,0.0152,0.0134,0.0136,d2f2,d2f2,d2f2,d2f2,152.0,0.0189,-0.0053,True
7k/5p1p/3p2p1/p7/P4P2/1b3B2/2rR2PP/4RK2 b - - 0 28,56,?,c2d2,220,629,c2d2,0.982,0.9933,0.9975,0.9982,c2d2,c2d2,c2d2,c2d2,0.0,0.9982,0.0162,False
R7/5pkp/3p2p1/p7/P4P2/1b3B2/3r2PP/5K2 b - - 3 30,60,?,d2d4,288,231,b3a4,0.0348,0.0337,0.0367,0.0453,b3a4,b3a4,b3a4,b3a4,238.0,0.0453,0.0105,True
8/5pkp/3p2p1/3R4/b2r1P2/5B2/6PP/5K2 b - - 2 32,64,?,d4f4,11,5,d4d5,0.4327,0.4249,0.4269,0.4278,d4d5,d4d5,d4d5,d4d5,10.0,0.4327,-0.0049,False
8/5p1p/3p1kp1/3B4/b4P2/8/5KPP/8 b - - 2 34,68,?,a4d7,0,0,a4d7,0.1546,0.1569,0.1529,0.1515,f6f5,f6e7,f6e7,a4c2,0.0,0.1569,-0.0031,False
r2qkb1r/pp2pppp/1np2n2/4Nb2/P2P4/2N5/1P2PPPP/R1BQKB1R b KQkq - 2 8,16,?,a7a5,-57,20,a7a5,0.0984,0.1378,0.1906,0.349,e7e6,e7e6,e7e6,e7e6,33.0,0.349,0.2506,False
r2qkb1r/1p2ppp1/1np2n1p/p3Nb2/P2P2P1/2N1P3/1P3P1P/R1BQKB1R b KQkq - 0 10,20,?,f5h7,-4,78,f5h7,0.5183,0.7479,0.8881,0.9377,f5h7,f5h7,f5h7,f5h7,0.0,0.9377,0.4194,False
r2qkb1r/1p1Npppb/1np4p/p7/P2P2PP/2N1P3/1P3P2/R1BQKB1R b KQkq - 0 12,24,?,d8d7,12,4,b6d7,0.6013,0.6161,0.6608,0.7772,d8d7,d8d7,d8d7,d8d7,0.0,0.7772,0.1759,False
r3kb1r/1p1npppb/1Qp4p/p7/P2P2PP/2N1P3/1P3P2/R1B1KB1R b KQkq - 0 14,28,?,d7b6,-39,605,d7b6,0.9993,0.9998,1.0,1.0,d7b6,d7b6,d7b6,d7b6,0.0,1.0,0.0007,False
r3kb1r/1p3ppb/1np1p2p/p7/P2P2PP/2N1P3/1P2KPB1/R1B4R b kq - 1 16,32,?,h7c2,23,5,f8b4,0.0068,0.0085,0.0116,0.0215,b6c4,f8b4,f8b4,f8b4,-3.0,0.0215,0.0147,False
r3k2r/1p3ppb/2p1p2p/p7/PbnP2PP/2N1P3/1P2KPB1/R1B4R b kq - 5 18,36,?,e6e5,76,29,a8d8,0.0271,0.0216,0.024,0.0457,e8g8,e8g8,e8g8,e8g8,54.0,0.0457,0.0186,False
3rk2r/1p2bppb/2p1p2p/p7/P1nP2PP/1P2P3/N3KPB1/R1B4R b k - 0 20,40,?,c4a3,-28,4,c4b6,0.1085,0.073,0.059,0.0517,c4b6,c4b6,c4b6,c4b6,8.0,0.1085,-0.0568,False
r3k2r/1p2bppb/1np1p2p/p7/P2P2PP/1P2P3/3BKPB1/R1N4R b k - 4 22,44,?,b6d5,-30,17,b6d5,0.376,0.4533,0.4124,0.2295,b6d5,b6d5,b6d5,e8g8,8.0,0.4533,-0.1465,False
r3k2r/1p3ppb/2pbp2p/p2n4/P2P2PP/1P1NP3/3BKPB1/2R4R b k - 8 24,48,?,h7d3,-33,12,e8d7,0.1595,0.2038,0.2523,0.2913,e8g8,e8g8,h7d3,h7d3,0.0,0.2913,0.1318,False
r6r/1p1k1ppb/2p1p2p/p1Rn4/P2P2PP/1P2P3/3BKPB1/7R b - - 0 26,52,?,b7b6,-140,44,b7b6,0.6109,0.6996,0.7764,0.7757,b7b6,b7b6,b7b6,b7b6,0.0,0.7764,0.1648,False
2r4r/3k1ppb/1pp1p2p/p2n4/P2PP1PP/1P6/3BKPB1/2R4R b - - 0 28,56,?,d5e7,-176,10,d5b4,0.1884,0.2413,0.2711,0.2541,d5f6,d5f6,d5f6,d5f6,24.0,0.2711,0.0657,False
2r4r/3k2pb/1pp1p2p/p4p2/PB1PPPPP/1P6/4K1B1/2R4R b - - 0 30,60,?,a5b4,-253,207,a5b4,0.9824,0.9898,0.9933,0.9933,a5b4,a5b4,a5b4,a5b4,0.0,0.9933,0.0109,False
2r4r/3k2pb/1pp4p/4Pp2/Pp1P1P1P/1P6/4K1B1/2R4R b - - 0 32,64,?,h7g8,-171,124,h7g8,0.2535,0.3876,0.5344,0.646,h7g8,h7g8,h7g8,h7g8,0.0,0.646,0.3925,False
2r4r/3k2p1/1pp1b2p/4Pp2/Pp1P1P1P/1P4R1/4K1B1/2R5 b - - 4 34,68,?,g7g5,-214,85,h8g8,0.1462,0.112,0.0953,0.0953,h8g8,h8g8,h8g8,h8g8,146.0,0.1462,-0.0509,False
r2qkbnr/pp4pp/2n5/2pppp2/2P5/3P1BPP/PP2PP2/RNBQ1RK1 b kq - 0 8,16,?,d5d4,-52,31,d5c4,0.3581,0.3686,0.3426,0.3952,d5d4,e5e4,e5e4,e5e4,196.0,0.3952,0.0371,False
2rqkbnr/pp4pp/2n5/2p1pp2/2Q5/3P1BPP/PP2PP2/RNB2RK1 b k - 0 10,20,?,f8d6,-119,4,g8f6,0.0399,0.0491,0.0491,0.0384,g8f6,g8f6,g8f6,g8f6,43.0,0.0491,-0.0015,False
2rqk2r/pp2b1pp/2n2B2/2p1pp2/2Q5/3P1BPP/PP2PP2/RN3RK1 b k - 0 12,24,?,g7f6,-175,81,g7f6,0.0757,0.06,0.1008,0.1926,e7f6,e7f6,e7f6,e7f6,91.0,0.1926,0.1169,False
2rq3r/pp1kb2p/2n2p2/2p1pp1B/2Q5/2NP2PP/PP2PP2/R4RK1 b - - 3 14,28,?,d7c7,-178,24,d7c7,0.2413,0.3744,0.4275,0.3204,d7c7,d7c7,d7c7,d7c7,0.0,0.4275,0.0791,False
2rq3r/ppk1bB1p/5p2/2p1pp2/2Qn4/2NPP1PP/PP3P2/R4RK1 b - - 0 16,32,?,d4f3,-164,9,d4c6,0.3609,0.418,0.4533,0.414,d4f3,d4f3,d4f3,d4f3,0.0,0.4533,0.0531,False
2Bq3r/ppk1b2p/2n2p2/2p1p3/2Q2p2/2NPP1PP/PP3P2/R4RK1 b - - 0 18,36,?,c7c8,-291,18,d8c8,0.2257,0.2001,0.2091,0.2412,d8c8,d8c8,d8c8,d8c8,14.0,0.2412,0.0155,False
2q4r/ppk1b2p/2n2p2/2p5/5Q2/2NP2PP/PP3P2/R4RK1 b - - 0 20,40,?,c7d8,-470,16,e7d6,0.0364,0.0237,0.0195,0.02,e7d6,e7d6,e7d6,e7d6,144.0,0.0364,-0.0164,True
rn2kb1r/1bqp1ppp/p3pn2/1pp5/3PP3/2P2N2/PPBN1PPP/R1BQ1RK1 b kq - 7 8,16,?,c5d4,-54,9,f6g4,0.1203,0.1945,0.2621,0.1561,f8e7,d7d6,d7d6,d7d6,11.0,0.2621,0.0358,False
rn2kb1r/1bqp1pp1/p3p3/1pp4p/3PP1n1/2P2N1P/PPBNQPP1/R1B2RK1 b kq - 1 10,20,?,c5d4,-36,174,c5d4,0.3133,0.4517,0.5509,0.6448,c5d4,c5d4,c5d4,c5d4,0.0,0.6448,0.3315,False
r3kb1r/1bqp1pp1/p1n1p3/1p2P2p/3p2P1/2P2N2/PPBNQPP1/R1B2RK1 b kq - 0 12,24,?,d4c3,121,8,h5g4,0.0093,0.0057,0.0036,0.0028,h5g4,h5g4,h5g4,h5g4,10.0,0.0093,-0.0065,False
r3kb1r/1bqp1pp1/p1n1p3/1p2P3/3P4/5N2/PPB1QPP1/R1B2RK1 b kq - 0 14,28,?,f7f5,78,24,f7f5,0.01,0.0052,0.0036,0.0021,e8c8,e8c8,e8c8,c6b4,75.0,0.01,-0.0079,False
r3kb1r/1bqp4/p1n1ppB1/1p6/3P4/5N2/PP2QPP1/R1B2RK1 b kq - 1 16,32,?,e8d8,49,2,e8d8,0.5519,0.6569,0.7241,0.8027,e8d8,e8d8,e8d8,e8d8,0.0,0.8027,0.2508,False
rnbqkb1r/pp3ppp/5n2/4p3/2Pp4/5NP1/PP2PPBP/RNBQ1RK1 b kq - 1 8,16,?,b8c6,-30,67,b8c6,0.4737,0.6127,0.7671,0.8781,b8c6,b8c6,b8c6,b8c6,0.0,0.8781,0.4044,False
r1bqkb1r/1p3ppp/2n2n2/p3p3/2Pp4/PP3NP1/4PPBP/RNBQ1RK1 b kq - 0 10,20,?,f8c5,77,26,f8c5,0.3654,0.3273,0.2429,0.1283,f8c5,f8c5,f8e7,f8e7,60.0,0.3654,-0.2371,False
r1bq1rk1/1p3ppp/2n2n2/p1b1p3/2Pp4/PP3NPP/1B2PPB1/RN1Q1RK1 b - - 0 12,24,?,d8e7,206,1,e5e4,0.011,0.0208,0.0363,0.0975,e5e4,f8e8,f8e8,c8f5,17.0,0.0975,0.0865,False
r1bqr1k1/1p3ppp/2n2n2/p1b5/2Ppp3/PP4PP/1BN1PPB1/RN1Q1RK1 b - - 3 14,28,?,d4d3,146,10,c8f5,0.2866,0.277,0.2132,0.0743,d4d3,c8f5,c8f5,c8f5,62.0,0.2866,-0.2123,False
r2qr1k1/1p3ppp/2n2n2/2b2b2/1PPpp3/6PP/1BN1PPB1/RN1Q1RK1 b - - 0 16,32,?,d8b6,-15,14,a8a1,0.0002,0.0001,0.0001,0.0001,a8a1,a8a1,a8a1,a8a1,17.0,0.0002,-0.0001,False
3qr1k1/1p3ppp/5n2/2b2b2/1NPpp3/6PP/4PPB1/BN1Q1RK1 b - - 0 18,36,?,c5b4,11,87,c5b4,0.9676,0.9819,0.9875,0.9887,c5b4,c5b4,c5b4,c5b4,0.0,0.9887,0.0211,False
3qr1k1/1p3pp1/5n1p/5b2/1bPBp3/4P1PP/5PB1/1N1Q1RK1 b - - 0 20,40,?,f5e6,-26,1,f6d7,0.0842,0.0871,0.0882,0.0918,b7b6,b7b6,d8c8,d8c8,42.0,0.0918,0.0076,False
4r1k1/1p1nqpp1/7p/5b2/1bPBp3/1QN1P1PP/5PB1/5RK1 b - - 4 22,44,?,b4c3,-63,62,b4c3,0.2096,0.1894,0.173,0.1615,d7c5,d7c5,d7c5,d7c5,460.0,0.2096,-0.0481,False
4r1k1/1p2qpp1/7p/4nb2/2PBp3/2Q1P1PP/5PB1/1R4K1 b - - 2 24,48,?,e5f3,-6,103,f7f6,0.3373,0.3684,0.3649,0.3075,e5f3,e5f3,e5f3,e5f3,0.0,0.3684,-0.0298,False
4r1k1/1p2q1p1/2n2p1p/2P2b2/3Bp1P1/2Q1P2P/5PB1/1R4K1 b - - 0 26,52,?,f5g6,-29,21,f5c8,0.3472,0.3589,0.3896,0.4227,f5g6,f5g6,f5g6,f5g6,0.0,0.4227,0.0755,False
2b1r3/1p2q1pk/2n2p1p/2P5/3Bp1P1/1Q2P2P/5PB1/3R2K1 b - - 4 28,56,?,f6f5,-19,5,h6h5,0.0803,0.1022,0.1337,0.1603,c8e6,c8e6,c8e6,c8e6,59.0,0.1603,0.08,False
2br4/1p2q1pk/2n2p2/2P4P/3Bp3/4P2P/2Q2PB1/3R2K1 b - - 2 30,60,?,f6f5,0,4,c8f5,0.3434,0.4391,0.5456,0.6205,f6f5,f6f5,f6f5,f6f5,0.0,0.6205,0.2771,False
3r3k/1p2q1p1/2n2p2/2P2b1P/3BP3/4P2P/2Q3B1/3R2K1 b - - 0 32,64,?,f5c8,-147,20,f5h7,0.0567,0.0492,0.0518,0.0774,f5h7,f5h7,f5h7,f5h7,8.0,0.0774,0.0207,False
3r3k/1p2q2b/2n2p1p/2P5/3BP3/2Q1P2P/6B1/3R2K1 b - - 1 34,68,?,d8f8,-131,1,h8g7,0.0502,0.0586,0.0705,0.075,h7e4,c6d4,c6d4,c6d4,86.0,0.075,0.0248,False
r1bqkb1r/ppp3pp/3p4/4Np2/2B1n3/2N5/PPP2PPP/R1BQ1RK1 b kq - 0 8,16,?,d6e5,-278,268,d6e5,0.8073,0.8319,0.8298,0.8781,d6e5,d6e5,d6e5,d6e5,0.0,0.8781,0.0708,False
r1bQ1b1r/ppp1kBpp/8/4pp2/4n3/2N5/PPP2PPP/R1B2RK1 b - - 0 10,20,?,e7d8,-79,578,e7d8,0.9894,0.9959,0.9977,0.999,e7d8,e7d8,e7d8,e7d8,0.0,0.999,0.0096,False
r1bk1b1r/ppp2Bpp/8/4p1B1/4p3/8/PPP2PPP/R4RK1 b - - 1 12,24,?,d8d7,-76,199,f8e7,0.1563,0.109,0.1004,0.0857,f8e7,f8e7,f8e7,f8e7,207.0,0.1563,-0.0706,False
r2k3r/pppbb1pp/4B3/4p1B1/4p3/8/PPP2PPP/3R1RK1 b - - 5 14,28,?,e7g5,-284,270,e7g5,0.8946,0.923,0.9511,0.9705,e7g5,e7g5,e7g5,e7g5,0.0,0.9705,0.0759,False
r3k2r/ppR3pp/4B3/4p1b1/4p3/8/PPP2PPP/5RK1 b - - 0 16,32,?,e4e3,-270,28,a8d8,0.1235,0.0993,0.0846,0.0738,a8d8,a8d8,b7b6,g5f6,98.0,0.1235,-0.0497,False
3rkr2/p5Rp/4B3/4p1b1/4p3/8/PPP2PPP/5RK1 b - - 0 18,36,?,g5e7,-249,5,g5h6,0.0588,0.0526,0.0461,0.0483,g5f6,g5f6,g5f6,g5f6,132.0,0.0588,-0.0105,False
3rk3/p6R/5r1b/4p3/4p3/1B6/PPP2PPP/5RK1 b - - 2 20,40,?,d8d2,-163,92,e4e3,0.0907,0.114,0.1419,0.1746,e4e3,e4e3,e4e3,e4e3,92.0,0.1746,0.0839,False
3r1k1R/p7/5r1b/4p3/B7/4p3/PPP2PPP/5RK1 b - - 3 22,44,?,f8e7,-228,287,f8e7,0.8967,0.9028,0.9088,0.9206,f8e7,f8e7,f8e7,f8e7,0.0,0.9206,0.0239,False
3k4/p7/5r1b/4p3/B7/4p3/PPP2PPP/3R2K1 b - - 1 24,48,?,d8e7,-236,40,d8c8,0.5713,0.4898,0.4212,0.4145,d8e7,d8e7,d8c7,d8c7,70.0,0.5713,-0.1568,False
2k5/p7/5r2/4p3/B7/4b3/PPP3PP/3R3K b - - 1 26,52,?,e3d4,-321,9,f6f2,0.1939,0.2725,0.301,0.2496,f6f2,e3d4,e3d4,f6f2,20.0,0.301,0.0557,False
2k5/p2B4/8/4p3/5b1P/8/PPP2rP1/3R3K b - - 2 28,56,?,c8c7,-174,78,c8c7,0.7539,0.799,0.8285,0.823,c8c7,c8c7,c8c7,c8c7,0.0,0.8285,0.0691,False
8/p1k5/8/4p3/7P/3B2b1/PPP2rP1/3R3K b - - 6 30,60,?,f2f4,-208,64,g3h4,0.1055,0.114,0.1245,0.1436,g3h4,g3h4,g3h4,g3h4,65.0,0.1436,0.0381,False
8/p1k5/8/4p3/7b/3B4/PPPr2PK/5R2 b - - 3 32,64,?,c7d6,-264,38,c7d6,0.441,0.4632,0.4212,0.3964,c7d6,c7d6,c7d6,c7d6,0.0,0.4632,-0.0446,False
8/p7/3k4/4pRb1/8/3B3K/PPPr2P1/8 b - - 7 34,68,?,g5e3,-253,21,g5e3,0.1462,0.1109,0.0929,0.0934,g5f4,g5f4,g5f4,g5f4,32.0,0.1462,-0.0528,False
r1bqkb1r/p4ppp/2p2n2/3pp3/2P5/6P1/PP2PPBP/RNBQ1RK1 b kq - 0 8,16,?,c8e6,-36,7,c8e6,0.2621,0.3185,0.379,0.4682,c8e6,c8e6,c8e6,c8e6,0.0,0.4682,0.2061,False
2rqkb1r/p4ppp/2p1bn2/3Pp1B1/8/6P1/PP2PPBP/RN1Q1RK1 b k - 0 10,20,?,c6d5,-11,162,c6d5,0.877,0.8987,0.9343,0.9636,c6d5,c6d5,c6d5,c6d5,0.0,0.9636,0.0866,False
2rqkb1r/p4ppp/4bn2/4p1B1/3pN3/6P1/PP2PPBP/R2Q1RK1 b k - 1 12,24,?,f8e7,0,31,f8e7,0.7142,0.8821,0.9396,0.948,f8e7,f8e7,f8e7,f8e7,0.0,0.948,0.2338,False
2rqk2r/p3bp1p/4bp2/4p3/3pNP2/6P1/PP2P1BP/R2Q1RK1 b k - 0 14,28,?,f6f5,178,90,f6f5,0.4735,0.5162,0.5557,0.4911,f6f5,f6f5,f6f5,f6f5,0.0,0.5557,0.0176,False
2rqk2r/p3bp1p/4b3/5p2/Q2ppP2/6P1/PP1NP1BP/R4RK1 b k - 1 16,32,?,e8f8,206,7,d8d7,0.1541,0.2204,0.3231,0.3855,e6d7,e6d7,e6d7,d8d7,99.0,0.3855,0.2314,False
4k2r/p2qbp1p/Q3b3/2r2p2/3ppP2/6P1/PP1NP1BP/R4RK1 b k - 5 18,36,?,e8g8,299,26,e8g8,0.2848,0.3888,0.4461,0.4302,c5c2,e8g8,e8g8,e8g8,0.0,0.4461,0.1454,False
5rk1/p2qbp1p/Q3b3/5p2/3ppP2/1N4P1/PPr1P1BP/3R1RK1 b - - 9 20,40,?,e6b3,378,15,e7f6,0.2223,0.3205,0.4453,0.5306,c2b2,e6b3,e6b3,e6b3,0.0,0.5306,0.3083,False
5rk1/p2q1p1p/Q3bb2/5P2/3pp3/1N4P1/PPr1P2P/3R1RK1 b - - 0 22,44,?,d7c8,465,211,e6b3,0.0016,0.0009,0.0005,0.0003,e6b3,e6b3,e6b3,e6b3,425.0,0.0016,-0.0013,True
5rk1/p2q1p1p/5Q2/5P2/3Rp3/6P1/bPr1P2P/5RK1 b - - 0 24,48,?,d7b5,0,416,d7c6,0.2015,0.172,0.1489,0.1331,d7b5,a2d5,a2d5,a2d5,536.0,0.2015,-0.0684,False
5r1k/p4p1p/2q2P2/6Q1/3Rp3/6P1/bPr1P2P/5RK1 b - - 0 26,52,?,c6f6,-1224,773,f8g8,0.0083,0.0047,0.0027,0.0018,f8g8,f8g8,f8g8,f8g8,773.0,0.0083,-0.0065,True
3R2rk/p4p1p/5P2/2Q5/4p3/6P1/bPr1P2P/5RK1 b - - 0 28,56,?,c2c5,384,1081,c2c5,0.9177,0.9559,0.9726,0.9861,c2c5,c2c5,c2c5,c2c5,0.0,0.9861,0.0684,False
6rk/p2R1p2/5P1p/2r5/4p3/6P1/bP2P2P/3R2K1 b - - 1 30,60,?,a7a5,411,4,a7a5,0.1014,0.1405,0.1491,0.1101,c5c2,c5c2,c5c2,a2e6,21.0,0.1491,0.0087,False
6rk/4Rp2/4bP1p/p1r5/3Rp3/6P1/1P2P2P/6K1 b - - 3 32,64,?,e4e3,447,36,c5f5,0.0935,0.1077,0.1132,0.0909,c5c1,c5c1,c5c1,c5e5,16.0,0.1132,-0.0026,False
6rk/4Rp2/4br1p/p3R3/8/6P1/1P2P2P/6K1 b - - 1 34,68,?,e6h3,1996,1536,g8b8,0.0986,0.0746,0.0411,0.0244,a5a4,a5a4,a5a4,g8b8,1561.0,0.0986,-0.0742,False
r1bq1rk1/bppp1ppp/p1n2n2/4p3/1PB1P3/P1N4P/1BPP1PP1/R2QK1NR b KQ - 2 8,16,?,f6e4,190,118,d7d6,0.0198,0.0364,0.0676,0.1124,d7d6,d7d6,d7d6,d7d6,122.0,0.1124,0.0926,False
r1bq1rk1/bpp2ppp/p1np4/4p3/1PB1N3/P4N1P/1BPP1PP1/R2QK2R b KQ - 0 10,20,?,d6d5,-14,218,d6d5,0.8305,0.9455,0.9871,0.9965,d6d5,d6d5,d6d5,d6d5,0.0,0.9965,0.166,False
r1bq1rk1/bpp2ppp/p1n5/4p3/1P2B3/P4N1P/1BPP1PP1/R2QK2R b KQ - 0 12,24,?,c6d4,-25,6,c6d4,0.2475,0.3023,0.3582,0.3464,f8e8,c6d4,c6d4,c6d4,0.0,0.3582,0.0989,False
r1b2rk1/bpp2ppp/p4q2/4p3/1P1NB3/P6P/1BPP1PP1/R2Q1RK1 b - - 0 14,28,?,e5d4,-39,24,e5d4,0.7095,0.577,0.5304,0.5645,e5d4,e5d4,e5d4,e5d4,0.0,0.7095,-0.145,False
r1b2rk1/bpp2ppp/p7/8/1P1p4/P4B1P/1BPP1PP1/R4RK1 b - - 0 16,32,?,c7c6,-35,2,f8e8,0.3187,0.5802,0.6951,0.7488,c7c6,c7c6,c7c6,c7c6,0.0,0.7488,0.4301,False
r1b3k1/bpp2ppp/p7/8/1P1p4/P4B1P/1BPP1PP1/4R1K1 b - - 0 18,36,?,g8f8,-96,181,g8f8,0.0262,0.0377,0.0732,0.185,c8e6,c8e6,c8e6,c8e6,211.0,0.185,0.1588,False
r1b2k2/bpp2ppp/p7/8/1P6/P1B2B1P/3P1PP1/4R1K1 b - - 0 20,40,?,c7c6,-14,52,c7c6,0.237,0.4795,0.6324,0.6567,c8e6,c7c6,c7c6,c7c6,0.0,0.6567,0.4197,False
r4k2/bp3ppp/p1pBb3/8/1P6/P4B1P/3P1PP1/4R1K1 b - - 3 22,44,?,f8e8,15,18,f8e8,0.2963,0.2691,0.4045,0.7457,f8g8,f8g8,f8g8,f8e8,0.0,0.7457,0.4494,False
r7/bp1k1ppp/p1p1b3/8/1P3BB1/P6P/3P1PP1/4R1K1 b - - 7 24,48,?,e6g4,29,4,e6g4,0.3524,0.3219,0.2801,0.2529,e6g4,e6g4,a8e8,a8e8,10.0,0.3524,-0.0995,False
4R3/bp1k1ppp/p1p5/8/1P3BP1/P7/3P1PP1/6K1 b - - 0 26,52,?,d7e8,80,613,d7e8,0.9998,0.9999,0.9999,0.9999,d7e8,d7e8,d7e8,d7e8,0.0,0.9999,0.0001,False
4k3/1p3ppp/p1p5/8/1P4P1/P3P3/3P2P1/6K1 b - - 0 28,56,?,e8d7,-45,2,e8d7,0.1642,0.1663,0.1949,0.2211,e8e7,e8e7,e8e7,e8e7,-5.0,0.2211,0.0569,False
8/1p3ppp/p1pk4/8/1P4P1/P2PP3/5KP1/8 b - - 0 30,60,?,c6c5,16,9,c6c5,0.0897,0.0705,0.0771,0.0911,d6d5,d6d5,d6d5,d6d5,16.0,0.0911,0.0014,False
8/1p3ppp/p2k4/8/1P4P1/3PP3/4K1P1/8 b - - 0 32,64,?,d6e5,51,43,d6e5,0.0477,0.0548,0.0524,0.0499,d6c6,d6c6,d6d5,d6d5,-6.0,0.0548,0.0022,False
8/1p4pp/p7/4kpP1/1P6/3PP3/3K2P1/8 b - - 0 34,68,?,f5f4,151,143,f5f4,0.2858,0.2718,0.3075,0.3758,f5f4,f5f4,f5f4,f5f4,0.0,0.3758,0.09,False
rnbq1rk1/p1p1bppp/4pn2/1p6/P1pP4/5NP1/1PQ1PPBP/RNB2RK1 b - - 0 8,16,?,c8b7,-47,16,b5b4,0.066,0.0597,0.0496,0.0376,c7c6,c7c6,c7c6,c7c6,123.0,0.066,-0.0284,False
rnbq1rk1/p3bppp/2p1pn2/8/PpNP4/6P1/1PQ1PPBP/RNB2RK1 b - - 0 10,20,?,d8d4,-77,9,d8d4,0.329,0.2604,0.2199,0.227,d8d4,d8d4,c8b7,c8b7,92.0,0.329,-0.102,False
rnb2rk1/p3bppp/2p1pn2/2q5/PpN5/4B1P1/1PQ1PPBP/RN1R2K1 b - - 3 12,24,?,c5h5,-61,28,c5h5,0.4265,0.466,0.5631,0.6976,c5f5,c5f5,c5h5,c5h5,0.0,0.6976,0.2711,False
rnb2rk1/p3bppp/2p1p3/7q/PpN3n1/4BNP1/1PQ1PPBP/R2R2K1 b - - 7 14,28,?,g4e3,-53,34,g4e3,0.1003,0.178,0.2479,0.2439,c8b7,c8b7,g4e3,g4e3,0.0,0.2479,0.1436,False
rn3rk1/p3bppp/b1p1p3/7q/Pp1N4/4N1P1/1PQ1PPBP/R2R2K1 b - - 2 16,32,?,a6b7,-101,37,f8c8,0.1732,0.3336,0.4282,0.4428,c6c5,a6b7,a6b7,a6b7,0.0,0.4428,0.2696,False
rnr3k1/p4ppp/b1p1pb2/7q/Pp1NQ3/4N1P1/1P2PPBP/2RR2K1 b - - 6 18,36,?,h5e5,-169,40,f6d4,0.0066,0.0046,0.0036,0.0037,f6d4,f6d4,a6b7,a6b7,83.0,0.0066,-0.0029,False
rnr3k1/p4ppp/2p1p3/7q/PpNRQ3/6P1/1P2bPBP/2R3K1 b - - 1 20,40,?,e2c4,-74,83,e2c4,0.5782,0.69,0.7466,0.7509,e2c4,e2c4,e2c4,e2c4,0.0,0.7509,0.1727,False
rnr3k1/p4ppp/2p1p3/q7/PR2Q3/6P1/1P3PBP/2R3K1 b - - 0 22,44,?,b8d7,-50,19,b8a6,0.1357,0.1203,0.099,0.0676,b8a6,b8a6,b8a6,a5d5,127.0,0.1357,-0.0681,False
1rr3k1/p4ppp/n1R1p3/q7/P3Q3/6P1/1P3PBP/2R3K1 b - - 0 24,48,?,c8f8,-64,47,c8c6,0.011,0.0266,0.0557,0.0813,c8c6,c8c6,c8c6,c8c6,39.0,0.0813,0.0703,False
1r4k1/p1Q2ppp/4p3/q7/Pn6/6P1/1P3PBP/2R3K1 b - - 2 26,52,?,a5c7,-41,72,a5c7,0.7659,0.8149,0.8451,0.8828,a5c7,a5c7,a5c7,a5c7,0.0,0.8828,0.1169,False
1r4k1/2R2ppp/p3p3/8/Pn5P/6P1/1P3PB1/6K1 b - - 0 28,56,?,g8f8,-29,0,g8f8,0.0093,0.0106,0.0148,0.0262,b4d3,b4d3,b4d3,b4d3,66.0,0.0262,0.0169,False
1r3k2/2R2ppp/p3p3/3B4/P6P/6P1/1P3P2/6K1 b - - 0 30,60,?,e6d5,-13,428,e6d5,0.9684,0.9895,0.9949,0.9956,e6d5,e6d5,e6d5,e6d5,0.0,0.9956,0.0272,False
5k2/5ppp/p7/3R4/P6P/6P1/1r3P2/6K1 b - - 0 32,64,?,f8e7,-19,4,b2b4,0.0823,0.0912,0.0933,0.1019,b2a2,b2a2,b2a2,b2a2,5.0,0.1019,0.0196,False
5k2/5ppp/pr6/R7/P6P/6P1/5PK1/8 b - - 4 34,68,?,g7g6,-14,1,f8e7,0.1106,0.0829,0.0728,0.0471,f8e7,f8e7,f8e7,f8e7,-4.0,0.1106,-0.0635,False
rnbq1rk1/pp2bppp/2p1pn2/3p4/2PP4/5NP1/PPQBPPBP/RN3RK1 b - - 1 8,16,?,b8d7,-25,3,b8d7,0.2852,0.3677,0.4602,0.4388,b8d7,b8d7,b8d7,b8d7,0.0,0.4602,0.1536,False
r1bq1rk1/p2nbppp/1pp1pn2/3p4/2PP1B2/5NP1/PPQNPPBP/R4RK1 b - - 1 10,20,?,c8a6,-25,1,c8a6,0.1903,0.1483,0.1161,0.0897,c8b7,c8b7,c8b7,c8b7,7.0,0.1903,-0.1006,False
r2q1rk1/p2nbppp/bpp1p3/3p3n/2PP4/4BNP1/PPQNPPBP/R2R2K1 b - - 5 12,24,?,h5f6,-24,6,a8c8,0.1585,0.2048,0.232,0.16,h5f6,h5f6,a8c8,a8c8,12.0,0.232,0.0015,False
2rq1rk1/p2nbpp1/bpp1p2p/3pN2n/2PP4/4B1P1/PPQNPPBP/2RR2K1 b - - 1 14,28,?,h5f6,-27,22,h5f6,0.1504,0.1471,0.1549,0.1169,d7e5,d7e5,d7e5,d7e5,96.0,0.1549,-0.0335,False
1nrq1rk1/p3bpp1/bpp1pn1p/3pN3/Q1PP4/P3B1P1/1P1NPPBP/2RR2K1 b - - 0 16,32,?,a6c4,42,24,a6c4,0.0203,0.0198,0.0132,0.0076,b6b5,b6b5,f6d7,f6d7,82.0,0.0203,-0.0127,False
1nrq1rk1/Q3bpp1/2p1pn1p/1p1pN3/2NP4/P3B1P1/1P2PPBP/2RR2K1 b - - 0 18,36,?,b5c4,37,7,b5c4,0.7158,0.8078,0.8493,0.8247,b5c4,b5c4,b5c4,b5c4,0.0,0.8493,0.1089,False
2rq1rk1/Q2nbpp1/2p1pn1p/P2pN3/2pP4/4B1P1/1P2PPBP/2RR2K1 b - - 0 20,40,?,c8c7,165,6,d7e5,0.1055,0.0835,0.0662,0.0566,d7e5,d7e5,d7e5,d7e5,31.0,0.1055,-0.0489,False
2rq1rk1/Q2nbpp1/P1p1p2p/3pP3/2p5/4B1P1/1P2PPBP/2RR2K1 b - - 0 22,44,?,c8c7,220,49,c8c7,0.1371,0.1006,0.0713,0.051,d7e5,d7e5,d7e5,d7e5,21.0,0.1371,-0.0861,False
3q1rk1/2rn1pp1/P1p1p2p/2bpP3/2p5/4B1P1/1P1QPPBP/2RR2K1 b - - 4 24,48,?,d8b8,242,41,d8b8,0.0162,0.0137,0.0124,0.0155,c5e3,c5e3,c5e3,c5e3,29.0,0.0162,-0.0007,False
1q3rk1/r2n1pp1/P1p1p2p/R1bpP3/2p5/4B1P1/1P1QPPBP/3R2K1 b - - 8 26,52,?,c5b6,263,23,c5e3,0.0467,0.0384,0.0304,0.0228,c5e3,c5e3,c5e3,c5e3,-6.0,0.0467,-0.0239,False
5rk1/r1qn1pp1/P1p1p2p/R2pP3/2p5/4Q1P1/1P2PPBP/R5K1 b - - 2 28,56,?,f8b8,256,44,f8b8,0.0837,0.0871,0.0946,0.1055,f8a8,f8a8,f8a8,f8a8,95.0,0.1055,0.0218,False
6k1/r1qn1pp1/P1p1p2p/R2pP3/2pQ4/1r4P1/RP2PPBP/6K1 b - - 6 30,60,?,c7b6,252,5,c6c5,0.0518,0.0543,0.05,0.0436,d7e5,d7e5,c6c5,c6c5,9.0,0.0543,-0.0082,False
6k1/r1q2pp1/P3p2p/R1ppn3/2p2Q2/1r4P1/RP2PPBP/6K1 b - - 1 32,64,?,g7g5,254,10,c7d6,0.1159,0.1089,0.1036,0.1211,c4c3,c4c3,b3b6,b3b6,21.0,0.1211,0.0052,False
6k1/r4pp1/Pr1qp2p/2ppn3/R1p2Q1P/6P1/RP2PPB1/6K1 b - - 0 34,68,?,f7f6,288,29,f7f5,0.0421,0.0356,0.0346,0.047,b6a6,b6a6,b6a6,b6a6,541.0,0.047,0.0049,True
r1bqk2r/pp2bppp/2pp1n2/n3p3/B3P3/2PP1N2/PP1N1PPP/R1BQK2R b KQkq - 1 8,16,?,e8g8,-39,3,b7b5,0.1913,0.0773,0.0369,0.0207,b7b5,b7b5,b7b5,b7b5,10.0,0.1913,-0.1706,False
r1bq1rk1/p3bppp/2pp1n2/np2p3/4P3/2PP1N2/PPBNQPPP/R1B1K2R b KQ - 3 10,20,?,c6c5,0,27,f8e8,0.1737,0.1575,0.1437,0.1593,d6d5,c8g4,c8g4,c8g4,43.0,0.1737,-0.0144,False
r1bqrbk1/p4ppp/2pp1n2/np2p3/4P3/2PP1NN1/PPB1QPPP/R1B1K2R b KQ - 7 12,24,?,c6c5,0,3,a5b7,0.1114,0.0867,0.0837,0.0974,d6d5,d6d5,d6d5,d6d5,27.0,0.1114,-0.014,False
r1bqrbk1/p4ppp/2pp1n2/1pn1p3/4P3/2PP1NNP/PPB1QPP1/R1B2RK1 b - - 0 14,28,?,a7a5,-43,5,c5e6,0.1354,0.1644,0.171,0.2352,d6d5,d6d5,d6d5,c5e6,2.0,0.2352,0.0998,False
r1bqrbk1/p4ppp/2p1nn2/1p1pp3/4P3/2PP2NP/PPBBQPPN/R4RK1 b - - 1 16,32,?,a7a5,35,19,e6f4,0.0495,0.0549,0.088,0.2685,d5d4,d5d4,d5d4,a7a5,0.0,0.2685,0.219,False
r1bqrbk1/p4ppp/2p2nn1/1p1pp3/4P3/2PP1QNP/PPBB1PPN/3R1RK1 b - - 5 18,36,?,g6h4,-13,9,c8d7,0.1942,0.1378,0.1029,0.0654,d5e4,d5d4,a7a5,a7a5,6.0,0.1942,-0.1288,False
r2qrbk1/p4ppp/2p2nn1/1p1ppQ2/4P3/2PP3P/PPBB1PPN/3R1RK1 b - - 0 20,40,?,h7h6,-70,1,h7h6,0.007,0.007,0.0086,0.0093,g6h4,g6h4,d8c8,d8c8,23.0,0.0093,0.0023,False
r3rbk1/p4pp1/2p2nnp/qp1ppQ2/4P3/P1PP2PP/1PBB1P1N/3R1RK1 b - - 0 22,44,?,e8e6,-87,9,a8d8,0.0061,0.0057,0.0054,0.0047,d5e4,a5c7,a5c7,a5b6,133.0,0.0061,-0.0014,True
3rrbk1/p4p2/2p2Qnp/qp1pp3/4P3/P1PP2PP/1PB2P1N/3R1RK1 b - - 0 24,48,?,e8e6,-238,4,d5d4,0.1554,0.1897,0.2289,0.2738,f8g7,f8g7,f8g7,e8e6,0.0,0.2738,0.1184,False
4rbk1/p4p2/2p2Qnp/qp2p3/3rP3/PB1P2PP/1P3P1N/3R1RK1 b - - 1 26,52,?,g6h8,-399,161,g6h8,0.0887,0.0531,0.0266,0.0185,a5c7,a5c7,a5c7,a5c7,158.0,0.0887,-0.0702,False
4rbkn/p4p2/2pr3p/qp2pQ2/4P1N1/PB1P2PP/1P3P2/3R1RK1 b - - 5 28,56,?,f8g7,-339,116,f8g7,0.0777,0.1333,0.1772,0.1802,d6g6,d6g6,d6g6,a5c7,205.0,0.1802,0.1025,False
4r1kn/p4pb1/2p4p/qp2pQ2/3RP1N1/PB4PP/1P3P2/5RK1 b - - 0 30,60,?,e5d4,-364,307,e5d4,0.9496,0.9787,0.9899,0.9936,e5d4,e5d4,e5d4,e5d4,0.0,0.9936,0.044,False
4rk1n/p4pb1/2p1P2p/qp3Q2/3p2N1/PB4PP/1P3P2/5RK1 b - - 0 32,64,?,a5d8,-409,51,a5c7,0.0263,0.0167,0.0108,0.0077,e8e7,a5c7,a5c7,a5c7,26.0,0.0263,-0.0186,False
5k1n/p1q1rpb1/2p1PN1p/1p3Q2/3p4/PB4PP/1P3P2/4R1K1 b - - 4 34,68,?,c7d6,-501,29,f7e6,0.027,0.0316,0.0347,0.0386,g7f6,g7f6,g7f6,g7f6,359.0,0.0386,0.0116,True
r1bqk2r/pppnppbp/6p1/4P2n/8/2N1BN2/PPP2PPP/R2QKB1R b KQkq - 2 8,16,?,d7e5,-22,103,d7e5,0.4548,0.3937,0.383,0.355,d7e5,e8g8,e8g8,e8g8,323.0,0.4548,-0.0998,False
r1bk3r/ppp1ppbp/6p1/4n2n/8/2N1BN2/PPP2PPP/2KR1B1R b - - 1 10,20,?,c8d7,-16,68,c8d7,0.6212,0.5474,0.4082,0.2663,c8d7,c8d7,d8e8,d8e8,528.0,0.6212,-0.3549,False
r2k3r/pppbppbp/6p1/7n/4N3/4BP2/PPP2P1P/2KR1B1R b - - 0 12,24,?,d8e8,161,111,h5f6,0.1524,0.182,0.1845,0.1599,f7f5,d8e8,h5f6,b7b6,673.0,0.1845,0.0075,False
r1k4r/pppbppbp/5Np1/8/8/4BP1B/PPP2P1P/2KR3R b - - 0 14,28,?,d7h3,154,696,d7h3,0.4584,0.62,0.7654,0.8494,d7h3,d7h3,d7h3,d7h3,0.0,0.8494,0.391,False
r1k1r3/ppp1ppbp/6p1/3N4/5B2/5P1b/PPP2P1P/2KR3R b - - 3 16,32,?,e7e5,211,150,e7e5,0.3631,0.5123,0.6432,0.7641,e7e5,e7e5,e7e5,e7e5,0.0,0.7641,0.401,False
r1k1r3/pp3pbp/2p2Np1/4p1B1/8/5P1b/PPP2P1P/2KR3R b - - 1 18,36,?,g7f6,33,1,e8e6,0.4892,0.512,0.51,0.4354,g7f6,g7f6,g7f6,g7f6,0.0,0.512,-0.0538,False
r1k5/pp3p1p/2p1r1pB/4p2N/8/5P1b/PPP2P1P/2KR3R b - - 0 20,40,?,g6h5,9,383,g6h5,0.85,0.9431,0.971,0.9765,g6h5,g6h5,g6h5,g6h5,0.0,0.9765,0.1265,False
r7/ppk2p1p/2p1r3/4p1Bp/8/5P1b/PPP2P1P/2KR2R1 b - - 3 22,44,?,h3f5,37,4,h3f5,0.1072,0.1082,0.0998,0.0973,f7f6,f7f6,f7f6,f7f6,60.0,0.1082,-0.0099,False
r7/ppk2p1p/2p1r1b1/4p2p/5P2/4B3/PPP2P1P/2KR2R1 b - - 0 24,48,?,e5f4,0,16,e5f4,0.7066,0.6957,0.7081,0.706,e5f4,e5f4,e5f4,e5f4,0.0,0.7081,-0.0006,False
r7/pp3p1p/1kp1r1b1/7p/8/4B3/PPP2P1P/2KR2R1 b - - 2 26,52,?,b6a6,15,15,b6a6,0.3013,0.4183,0.4955,0.5275,b6c7,b6a6,b6a6,b6a6,0.0,0.5275,0.2262,False
r7/p4p1p/kpp1r1b1/6Rp/1P6/4B3/P1P2P1P/2KR4 b - - 0 28,56,?,e6e4,59,10,e6e4,0.1932,0.192,0.1437,0.0868,e6e4,a8e8,a8e8,a8e8,27.0,0.1932,-0.1064,False
r7/p2R1p1p/kpp3b1/6Rp/1Pr5/P3B3/2P2P1P/2K5 b - - 2 30,60,?,c4c2,314,71,c4c2,0.9124,0.9261,0.9158,0.8641,c4c2,c4c2,c4c2,c4c2,0.0,0.9261,-0.0483,False
r7/p2R1p1p/kpp3b1/6Rp/1P6/P3B3/r4P1P/2K5 b - - 3 32,64,?,a8e8,370,36,a2c2,0.0181,0.0257,0.0506,0.127,a2a3,a2a3,a2a3,a2a3,6.0,0.127,0.1089,False
r7/p2R1p1p/kpp3b1/6Rp/1P6/P3B3/r4P1P/2K5 b - - 7 34,68,?,a8e8,398,37,a2a3,0.0181,0.0257,0.0506,0.127,a2a3,a2a3,a2a3,a2a3,50.0,0.127,0.1089,False
rnbq1rk1/ppp1bppp/1n1p4/8/2PP4/2NB4/PP2NPPP/R1BQK2R b KQ - 5 8,16,?,f8e8,-69,7,b8c6,0.0671,0.084,0.0542,0.0339,c8g4,c8g4,c8g4,b8c6,-2.0,0.084,-0.0332,False
r1bq1rk1/ppp2ppp/1nnp1b2/3P4/2P5/2NBB3/PP2NPPP/R2QK2R b KQ - 0 10,20,?,c6b4,-37,11,c6e5,0.2699,0.159,0.0871,0.0574,c6e5,c6e5,c6e5,c6e5,6.0,0.2699,-0.2125,False
r1bq1rk1/ppp2p1p/1n1p1bp1/3Pn3/2P5/1PNBB3/P3NPPP/R2Q1RK1 b - - 1 12,24,?,f8e8,-87,2,e5d3,0.0452,0.0468,0.0412,0.0468,e5d3,e5d3,e5d3,e5d3,20.0,0.0468,0.0016,False
r2q1rk1/ppp2p1p/1n1p1bp1/3P1b2/2P5/1PN1B3/P2QNPPP/R4RK1 b - - 2 14,28,?,c7c6,-186,0,b6d7,0.0979,0.0915,0.0536,0.021,b6d7,b6d7,b6d7,f8e8,-4.0,0.0979,-0.0769,False
r2qr1k1/pppn1p1p/3p1bp1/3P1b2/2PB4/1PN5/P2QNPPP/R3R1K1 b - - 6 16,32,?,a7a6,-56,1,d7c5,0.0178,0.0203,0.021,0.0373,f6d4,f6d4,d7e5,d7e5,100.0,0.0373,0.0195,True
r2qr1k1/ppp2p1p/3p1bp1/3P1b2/2PB4/1PNn1P2/P2QN1PP/R2R2K1 b - - 2 18,36,?,h7h5,-50,4,d3e5,0.001,0.0007,0.0006,0.0012,f6d4,f6d4,f6d4,f6d4,53.0,0.0012,0.0002,False
r2qr1k1/pppb1p1p/3p1bp1/3Pn3/2PBN3/1P3PN1/P2Q2PP/R2R2K1 b - - 6 20,40,?,f6h4,-127,0,f6g7,0.1034,0.063,0.0333,0.0105,f6g7,f6g7,f6g7,f6g7,-5.0,0.1034,-0.0929,False
r2qr1k1/pppb1pBp/3p2p1/3P4/2P1NPn1/1P4N1/P2Q2PP/R2R2K1 b - - 0 22,44,?,g8g7,-146,221,g8g7,0.9912,0.9963,0.9975,0.998,g8g7,g8g7,g8g7,g8g7,0.0,0.998,0.0068,False
r2qr3/pppb1pkp/3p1np1/3P4/2PQNP2/1P1R2N1/P5PP/R5K1 b - - 3 24,48,?,h7h5,-231,47,e8e4,0.0257,0.0227,0.0274,0.0441,c7c5,d7f5,d7f5,d8e7,73.0,0.0441,0.0184,False
r7/pppbqpkp/3p1np1/3P4/2PQNP2/1P2R3/P5PP/R5K1 b - - 2 26,52,?,a8f8,-440,34,d7f5,0.0086,0.0103,0.0141,0.0218,a8e8,a8e8,a8e8,a8e8,87.0,0.0218,0.0132,False
r7/ppp1qpkp/3p1np1/3P4/2PQRP2/1P6/P5PP/4R1K1 b - - 0 28,56,?,e7d7,-452,55,e7d7,0.3579,0.3575,0.3619,0.3843,e7d7,e7d7,e7d7,e7d7,0.0,0.3843,0.0264,False
r7/ppR2pkp/3p1np1/3P1q2/2PQ1P2/1P6/P5PP/4R1K1 b - - 0 30,60,?,b7b5,-432,14,a8f8,0.0042,0.004,0.0049,0.0076,b7b6,b7b6,b7b6,b7b6,15.0,0.0076,0.0034,False
5r2/pR3pk1/3p1np1/3P1q1p/2PQ1P2/1P5P/P5P1/4R1K1 b - - 0 32,64,?,a7a5,-460,15,h5h4,0.0842,0.0665,0.0469,0.0541,g7h6,g7h6,g7h6,g7h6,30.0,0.0842,-0.0301,False
5r2/R4p2/3p1npk/3P1q2/2P2P1p/1P5P/P4QP1/4R1K1 b - - 2 34,68,?,h6g7,-510,12,f6h5,0.0217,0.0263,0.0337,0.0382,f6e4,f6e4,f6e4,f6e4,74.0,0.0382,0.0165,False
rnb1kb1r/1p3ppp/2p2n2/p3p3/P1B1P3/5P2/1PP3PP/R1BNK1NR b KQkq - 0 8,16,?,f6d7,-20,3,b8a6,0.0045,0.0029,0.0015,0.0019,f8b4,f8c5,f8c5,f8c5,10.0,0.0045,-0.0026,False
r1b1kb1r/1p3ppp/2p2n2/p1n1p1B1/P1B1P3/2P2P2/1P4PP/R2NK1NR b KQkq - 2 10,20,?,c5a4,107,5,f6d7,0.0045,0.0018,0.0006,0.0005,f8e7,f8e7,f8e7,f8e7,48.0,0.0045,-0.004,False
r1b1kb1r/1p3ppp/1np5/p1B1p3/P1B1P3/2P2P2/1P4PP/R2NK1NR b KQkq - 0 12,24,?,f8c5,67,7,f8c5,0.2929,0.4661,0.606,0.7549,b6c4,b6c4,f8c5,f8c5,0.0,0.7549,0.462,False
r1b1k2r/1p4pp/1np5/p1b1pp2/P3P3/1BP2P2/1P3NPP/R3K1NR b KQkq - 1 14,28,?,e8e7,46,13,c5f2,0.0201,0.0484,0.145,0.4115,f5e4,c5f2,c5f2,e8e7,0.0,0.4115,0.3914,False
r1b1k2r/1p4pp/1np5/p3p3/P3P3/1BP5/1P3KPP/R5NR b kq - 0 16,32,?,h8f8,11,7,h8f8,0.3373,0.3141,0.3053,0.2875,h8f8,h8f8,h8f8,h8f8,0.0,0.3373,-0.0498,False
r1b2r2/1p2k1pp/1np5/p3p3/P3P3/1BP1KN2/1P4PP/R6R b - - 4 18,36,?,c8e6,0,28,c8e6,0.2115,0.1541,0.1001,0.0759,b6d7,b6d7,b6d7,b6d7,46.0,0.2115,-0.1356,False
r4r2/1p4pp/1np1k3/p3p3/P3P3/1PP1KN2/6PP/R6R b - - 0 20,40,?,f8f6,-5,17,h7h6,0.0157,0.0162,0.0146,0.0095,b6d7,h7h6,h7h6,h7h6,1.0,0.0162,-0.0062,False
3r1r2/1p4p1/1np1k2p/p3p3/P3P3/1PP1KN2/6PP/3R1R2 b - - 3 22,44,?,b6d7,25,25,b6d7,0.2301,0.3666,0.45,0.5065,d8d1,b6d7,b6d7,b6d7,0.0,0.5065,0.2764,False
3r1r2/1p4p1/1np1k2p/P3p3/P3P3/2P1KN2/6PP/3R1R2 b - - 0 24,48,?,b6c4,9,2,b6a4,0.7814,0.8237,0.8334,0.8312,b6c4,b6c4,b6c4,b6c4,0.0,0.8334,0.0498,False
3r4/1p3rp1/2p1k2p/P3p3/n3P3/2P1KN2/6PP/1RR5 b - - 3 26,52,?,a4c5,46,0,f7d7,0.5836,0.6284,0.6288,0.5838,a4c5,a4c5,a4c5,a4c5,0.0,0.6288,0.0002,False
3r4/1p1r2p1/2p1k2p/P1n1p3/4P3/2P1K3/2R3PP/1R2N3 b - - 7 28,56,?,d8a8,78,1,d7d1,0.151,0.1928,0.2222,0.2676,g7g5,d7d1,d7d1,d7d1,-18.0,0.2676,0.1166,False
3r4/1p4p1/1Rp1k2p/P1n1p3/4P3/2P1K3/3r2PP/2R1N3 b - - 11 30,60,?,d2a2,90,4,d2a2,0.2894,0.4456,0.6027,0.7118,d2a2,d2a2,d2a2,d2a2,0.0,0.7118,0.4224,False
3r4/1p4p1/R1p1k2p/2n1p3/4P3/2P1K3/6PP/2R1N3 b - - 0 32,64,?,c5a6,83,2,c5a6,0.7064,0.8315,0.8966,0.909,c5a6,c5a6,c5a6,c5a6,0.0,0.909,0.2026,False
3r4/1p4p1/2p1k2p/2n1p3/4P3/2P1K3/6PP/R3N3 b - - 3 34,68,?,g7g5,253,41,d8d7,0.247,0.2853,0.2776,0.2011,c5b3,g7g5,g7g5,g7g5,0.0,0.2853,-0.0459,False
r2qk2r/pppn1pp1/4pn1p/2bp1b2/8/1P1P1NP1/PBPNPPBP/R2Q1RK1 b kq - 2 8,16,?,e8g8,-25,11,e8g8,0.5398,0.5299,0.5858,0.7233,e8g8,e8g8,e8g8,e8g8,0.0,0.7233,0.1835,False
r2q1rk1/pp1n1pp1/2p1pn1p/2bp1b2/4P3/1P1P1NP1/PBPN1PBP/R2QR1K1 b - - 0 10,20,?,f5g6,-17,12,f5h7,0.0323,0.0233,0.0195,0.0302,d5e4,d5e4,d5e4,d5e4,17.0,0.0323,-0.0021,False
r2q1rk1/1p1n1ppb/2p1pn1p/p1bp4/P3P3/1P1P1NP1/1BPNQPBP/R3R1K1 b - - 0 12,24,?,d5e4,-23,2,d8b6,0.1807,0.2824,0.3566,0.1649,f8e8,d5e4,d5e4,f8e8,86.0,0.3566,-0.0158,False
r3nrk1/1p1n1ppb/1qp1p2p/p1bpP3/P6P/1P1P1NP1/1BPNQPB1/R3R1K1 b - - 0 14,28,?,h7f5,-38,6,e8c7,0.0471,0.0547,0.0575,0.0887,e8c7,e8c7,e8c7,e8c7,-3.0,0.0887,0.0416,False
4rrk1/1pnn1ppb/1qp1p2p/p1bpP2P/P7/1P1P1NPB/1BPNQP2/R3R1K1 b - - 2 16,32,?,c7a6,-35,1,f7f6,0.4521,0.5409,0.6817,0.7789,c7a6,c7a6,c7a6,c7a6,0.0,0.7789,0.3268,False
4rrk1/1pn3pb/1qp1pn1p/p1bpN2P/P7/1P1P2PB/1BPNQP2/R3R1K1 b - - 1 18,36,?,f6e4,-68,38,f6e4,0.0094,0.0074,0.0073,0.007,h7f5,h7f5,c5d4,c5d4,52.0,0.0094,-0.0024,False
4rrk1/1pn3pb/1qp1p2p/p1b1N2P/P3p3/1P1P2PB/1BP1QP2/R4RK1 b - - 1 20,40,?,e4d3,-57,171,e4d3,0.4076,0.5088,0.5648,0.5454,e4d3,e4d3,e4d3,e4d3,0.0,0.5648,0.1378,False
4rrk1/1pn3pb/1qp1p2p/p6P/P2B4/1P1N2PB/2P1QP2/R4RK1 b - - 0 22,44,?,b6d4,-38,489,b6d4,0.9864,0.9932,0.9954,0.9964,b6d4,b6d4,b6d4,b6d4,0.0,0.9964,0.01,False
4rrk1/1pn3p1/2p1p2p/p3N2P/P2q4/1P4PB/2b1QP2/R1R3K1 b - - 1 24,48,?,c7d5,57,8,c2e4,0.0118,0.008,0.007,0.008,c2b3,c2b3,c2b3,c2b3,83.0,0.0118,-0.0038,False
4rrk1/1pn3p1/2p1p2p/p6P/P1Nq4/1P2QbPB/5P2/R1R3K1 b - - 5 26,52,?,e6e5,102,23,d4f6,0.0195,0.0141,0.0147,0.0189,d4e3,d4e3,d4e3,d4e3,23.0,0.0195,-0.0006,False
4rrk1/1p4p1/2p1pq1p/N2n3P/P7/1P3bPB/5P2/R1R1Q1K1 b - - 2 28,56,?,f6g5,415,61,f6g5,0.0815,0.0815,0.0875,0.0932,f3h5,f3h5,f3h5,f3h5,300.0,0.0932,0.0117,False
4rrk1/1N4p1/2p1p2p/6qP/P4n2/1P3bPB/5P2/R1R2QK1 b - - 2 30,60,?,f3e2,450,92,f3e2,0.0117,0.0111,0.0121,0.0159,f4h3,f4h3,f4e2,f4e2,95.0,0.0159,0.0042,False
4rrk1/6p1/2pNp2p/6qP/P4n2/1P4P1/5P2/R1R2BK1 b - - 0 32,64,?,f4h5,481,2,e8d8,0.1411,0.1743,0.2218,0.262,e8d8,e8d8,e8d8,e8d8,20.0,0.262,0.1209,False
3r1rk1/6p1/2R1p2p/7q/P3Nn2/1P4P1/5P2/R4BK1 b - - 0 34,68,?,f4h3,482,7,f4e2,0.6182,0.5879,0.5281,0.4716,f4h3,f4h3,f4h3,f4h3,0.0,0.6182,-0.1466,False
r1bqk2r/pp2npbp/2np2p1/2pNp3/4P3/2NP2P1/PPP2PBP/R1BQK2R b KQkq - 3 8,16,?,e8g8,-11,2,e7d5,0.5143,0.5363,0.6145,0.6519,e8g8,e8g8,e8g8,e8g8,0.0,0.6519,0.1376,False
r1bqk2r/pp2npbp/3p2p1/2p1p3/4P3/3PN1P1/PPP2PBP/R1BQK2R b KQkq - 2 10,20,?,b7b5,15,1,c8e6,0.0177,0.0201,0.0164,0.0065,e8g8,e8g8,e8g8,e8g8,30.0,0.0201,-0.0112,False
r2qk2r/pp2npb1/3pb1pp/2p1p2P/4P3/3PN1P1/PPP2PB1/R1BQK2R b KQkq - 0 12,24,?,g6g5,-11,0,g6g5,0.4792,0.5776,0.6218,0.5813,g6g5,g6g5,g6g5,g6g5,0.0,0.6218,0.1021,False
r2qk2r/p3npb1/3pb2p/1pp1p1pP/2P1P3/1P1PN1P1/P4PB1/R1BQK2R b KQkq - 0 14,28,?,d8d7,8,2,b5c4,0.0092,0.0104,0.0144,0.0349,b5b4,b5b4,b5b4,b5b4,34.0,0.0349,0.0257,False
r2q1rk1/p3npb1/3pb2p/2p1p1pP/2P1P3/1P2N1P1/P4PB1/R1BQ1RK1 b - - 2 16,32,?,e7c6,26,5,e7c6,0.2809,0.2738,0.2078,0.1069,e7c6,e7c6,f7f5,f7f5,237.0,0.2809,-0.174,False
r2q1rk1/p4pb1/3pb2p/2p1pNpP/2PnP1P1/1P6/P4PB1/R1BQ1RK1 b - - 0 18,36,?,a7a5,53,12,a7a5,0.0986,0.0892,0.0903,0.119,e6f5,e6f5,e6f5,e6f5,65.0,0.119,0.0204,False
r2qr1k1/5pb1/3pb2p/p1p1pNpP/2PnP1P1/1P1QB3/P4PB1/R4RK1 b - - 3 20,40,?,d8c7,47,1,a5a4,0.0035,0.0046,0.0094,0.0223,e6f5,e6f5,e6f5,a5a4,5.0,0.0223,0.0188,False
r2qr1k1/5pb1/3pb2p/2p1pNpP/2PnP1P1/1P1QB3/5PB1/1R3RK1 b - - 0 22,44,?,a8b8,40,2,a8b8,0.0712,0.0725,0.0882,0.0991,e6f5,e6f5,e6f5,a8a3,6.0,0.0991,0.0279,False
1r2r1k1/2q2pb1/3pb2p/2p1pNpP/2PnP1P1/1P1Q1B2/3B1P2/1R3RK1 b - - 4 24,48,?,b8b7,74,2,b8b6,0.0481,0.0652,0.1093,0.1737,e6f5,e6f5,e6f5,e6f5,3.0,0.1737,0.1256,False
4r1k1/2q2pb1/1r1pb2p/2p3pP/2PpP1P1/1P1Q4/3BBP2/1R3RK1 b - - 1 26,52,?,c7d7,160,17,g7e5,0.2275,0.2355,0.1901,0.085,e8b8,e8b8,e8b8,e8b8,155.0,0.2355,-0.1425,False
4r1k1/2q2p2/1r1pb2p/2p1b2P/2PpPBP1/1P1Q4/4B3/1R3RK1 b - - 0 28,56,?,e5f4,272,89,e5f4,0.5591,0.4618,0.3656,0.3254,e5f4,e5f4,e5f4,e5f4,0.0,0.5591,-0.2337,False
4r1k1/2q2p2/1r2b2p/2pp3P/2PpPRP1/1P6/3QB3/1R4K1 b - - 1 30,60,?,d5c4,413,17,d5c4,0.321,0.3231,0.3182,0.3386,d5e4,d5e4,d5e4,d5e4,-43.0,0.3386,0.0176,False
r2qkb1r/pb1p1ppp/1pn1p3/2pnP3/8/PPN2N2/1BPPQPPP/R3KB1R b KQkq - 2 8,16,?,d5e7,-2,8,d5c3,0.0076,0.0112,0.0151,0.0154,d5c3,d5c3,d5c3,d5c3,16.0,0.0154,0.0078,False
r2qkb1r/pb3ppp/1pnPp3/2p5/8/PPP2N2/1BP1QPPP/R3KB1R b KQkq - 0 10,20,?,f8d6,-20,7,d8d6,0.5678,0.5482,0.5582,0.5485,f8d6,f8d6,f8d6,f8d6,0.0,0.5678,-0.0193,False
r3kb1r/pbq2ppp/1pn1p3/2p5/2P5/PP3N2/1BP1QPPP/3RKB1R b Kkq - 0 12,24,?,a7a5,-3,18,a8d8,0.0231,0.0234,0.0182,0.016,a8d8,a8d8,a8d8,a8d8,4.0,0.0234,-0.0071,False
3qkb1r/pb3ppp/1pn1p3/2p5/2P5/PP3N2/1BPQ1PPP/4KB1R b Kk - 1 14,28,?,d8d2,56,28,d8d2,0.6394,0.7452,0.7865,0.8059,d8d2,d8d2,d8d2,d8d2,0.0,0.8059,0.1665,False
4kb1r/pb4pp/1pn1pp2/2p5/2P5/PP1B1N2/1BPK1PPP/7R b k - 1 16,32,?,c6d8,50,3,f8d6,0.0076,0.0063,0.0045,0.0044,f8d6,f8d6,f8d6,e6e5,28.0,0.0076,-0.0032,False
7r/pb3kpp/1pnbpp2/2p5/2P5/PP1B1N2/1BP2PPP/2K1R3 b - - 5 18,36,?,c6e7,90,5,h7h5,0.0197,0.0247,0.0275,0.028,h8e8,h8e8,h8e8,e6e5,57.0,0.028,0.0083,False
3r4/pb3kp1/1pnbpp2/2p4p/2P1B2P/PP3N2/1BP2PP1/2K1R3 b - - 2 20,40,?,c6a5,62,14,c6a5,0.0634,0.0618,0.0693,0.0597,d6f4,d8d7,d8d7,d8d7,16.0,0.0693,-0.0037,False
3r4/pn3kp1/1p1bpp2/2p4p/2P4P/PP3NP1/1BP2P2/2K1R3 b - - 0 22,44,?,b7a5,70,5,d6e7,0.1872,0.1533,0.1166,0.0938,e6e5,e6e5,e6e5,d6e7,14.0,0.1872,-0.0934,False
8/pn2bkp1/1p2pp2/2p4p/2P4P/PP3NP1/1BP2P2/3K4 b - - 0 24,48,?,b7a5,90,3,b7d6,0.0472,0.0368,0.0251,0.02,b7d6,b7d6,b7d6,b7d6,1.0,0.0472,-0.0272,False
8/p3bkp1/1p1n1p2/2p1p2p/2P4P/PP4P1/1BPNKP2/8 b - - 1 26,52,?,f7e6,78,6,f7e6,0.142,0.2044,0.3048,0.4701,d6f5,d6f5,d6f5,f7e6,0.0,0.4701,0.3281,False
r1bq1rk1/ppp1ppbp/3p1np1/3PN3/2P5/6P1/PP2PPBP/RNBQ1RK1 b - - 0 8,16,?,d6e5,-86,386,d6e5,0.9985,0.9994,0.9997,0.9996,d6e5,d6e5,d6e5,d6e5,0.0,0.9997,0.0011,False
r2q1rk1/pppbppbp/5np1/3Pp3/2P5/1QN3P1/PP2PPBP/R1B2RK1 b - - 3 10,20,?,b7b6,-87,14,b7b6,0.3789,0.4437,0.4201,0.3305,b7b6,b7b6,b7b6,b7b6,0.0,0.4437,-0.0484,False
r2q1rk1/2pbppbp/1p3np1/p2Pp1B1/P1P5/1QN3P1/1P2PPBP/R4RK1 b - - 1 12,24,?,a8b8,-91,2,a8b8,0.1898,0.2862,0.3749,0.294,h7h6,a8b8,a8b8,h7h6,-2.0,0.3749,0.1042,False
1r1q1rk1/2pbppb1/1p3npp/p2Pp3/P1P5/1QN3P1/1P1BPPBP/3R1RK1 b - - 1 14,28,?,f6e8,-82,7,d7f5,0.0483,0.0596,0.0891,0.2655,d8e8,d8e8,d8e8,f6e8,0.0,0.2655,0.2172,False
1r1q1rk1/2p1ppb1/1p3npp/p2Pp3/P1P1P1b1/1QN2PP1/1P1B2BP/3R1RK1 b - - 0 16,32,?,g4d7,-115,40,g4d7,0.7605,0.7908,0.7686,0.7714,g4d7,g4d7,g4d7,g4d7,0.0,0.7908,0.0109,False
1rq2rk1/2pbppb1/1p3npp/p2Pp3/P1P1P3/2N2PP1/1PQB2BP/3RR1K1 b - - 4 18,36,?,c7c6,-83,10,f6e8,0.0494,0.0405,0.0358,0.0249,d7h3,d7h3,d7h3,d7h3,57.0,0.0494,-0.0245,False
1rq1nrk1/2pbppb1/1p4p1/p2Pp2p/P1P1P3/1PN2PP1/3B2BP/2QRR1K1 b - - 1 20,40,?,g8h7,-113,5,e8d6,0.0717,0.0909,0.1063,0.0774,d7h3,d7h3,e8d6,e8d6,-13.0,0.1063,0.0057,False
1rq2rk1/1npbppb1/1p4p1/p2Pp2p/P1P1P3/1PN1BPP1/4R1BP/2QR2K1 b - - 5 22,44,?,g8h7,-60,8,b8a8,0.066,0.0818,0.0956,0.1126,d7h3,d7h3,b7d6,b7d6,65.0,0.1126,0.0466,False
r1q1r1k1/1npbppb1/1p4p1/pN1Pp2p/P1P1P3/1P2BPP1/3R2BP/2QR2K1 b - - 9 24,48,?,c8b8,-109,9,g8h7,0.0062,0.0043,0.0029,0.0045,b7d6,b7d6,b7d6,b7d6,52.0,0.0062,-0.0017,False
r1q1r3/2pbppbk/1p4p1/pNnPp2p/P1P1P3/QP2BPP1/2R3BP/3R2K1 b - - 13 26,52,?,c7c6,-52,29,c7c6,0.0379,0.0305,0.0235,0.0152,d7h3,c5a6,c5a6,c5a6,39.0,0.0379,-0.0227,False
r3r3/1q1bppbk/1pp3p1/p1nPp2p/P1P1P3/QPN1BPP1/3R2BP/3R2K1 b - - 3 28,56,?,e8c8,-50,0,g7h6,0.0089,0.0057,0.0039,0.0038,c5a6,c5a6,c5a6,c5a6,39.0,0.0089,-0.0051,False
r3r3/1q1bpp2/1pp3pk/p1nPp2p/P1P1P3/QPN2PP1/5RBP/3R2K1 b - - 1 30,60,?,f7f6,-18,2,h6g7,0.0504,0.0548,0.0564,0.049,c6d5,c6d5,e7e6,c5a6,145.0,0.0564,-0.0014,False
r3r3/1q1bppk1/1pp3p1/p1nPp3/P1P1P1Pp/QPN2P2/4R1BP/3R2K1 b - - 0 32,64,?,g6g5,60,3,b7c7,0.1507,0.1499,0.1437,0.1343,e8h8,e8h8,e8h8,e8h8,16.0,0.1507,-0.0164,False
3rr3/2qbppk1/1pp3p1/p1nPp3/P1P1P1Pp/1PN2P2/1Q2R1BP/3R2K1 b - - 4 34,68,?,g6g5,53,1,e8h8,0.1663,0.1439,0.1292,0.1254,e8h8,e8h8,e8h8,e8h8,4.0,0.1663,-0.0409,False
rn1qkb1r/pbp2ppp/1p2p3/3pP3/2PP4/2P2N2/P1Q2PPP/R1B1KB1R b KQkq - 0 8,16,?,c7c5,-26,1,b8d7,0.1349,0.163,0.1977,0.233,d5c4,d5c4,d5c4,d5c4,47.0,0.233,0.0981,False
r2qkb1r/p1pn1ppp/1p2p3/3bP3/3P4/2P2N2/P1Q1BPPP/R1B1K2R b KQkq - 1 10,20,?,c7c5,-13,32,c7c5,0.313,0.342,0.3973,0.4385,c7c5,f8e7,f8e7,c7c5,0.0,0.4385,0.1255,False
r2qk2r/p2nbppp/1p2p3/2pbP3/2PP4/5N2/P1Q1BPPP/R1B2RK1 b kq - 0 12,24,?,d5f3,-25,112,c5d4,0.1329,0.1098,0.0686,0.0438,d5b7,d5b7,d5b7,d5b7,96.0,0.1329,-0.0891,False
r1bq1rk1/pp2ppbp/n2p1np1/2pP4/2P1P3/2N1BN2/PP2BPPP/R2QK2R b KQ - 0 8,16,?,e7e6,-66,11,e7e6,0.1226,0.1272,0.0878,0.0479,a6b4,a6c7,a6c7,a6c7,38.0,0.1272,-0.0747,False
r1bqr1k1/pp3pbp/n2ppnp1/2pP4/2P1P3/2N1B3/PP1NBPPP/R2Q1RK1 b - - 3 10,20,?,a6c7,-74,11,a6c7,0.0905,0.1436,0.2468,0.3648,e6d5,e6d5,e6d5,e6d5,20.0,0.3648,0.2743,False
r1bqr1k1/p1n2pbp/1p1ppnp1/P1pP4/2P1P3/2N1B3/1P1NBPPP/R2Q1RK1 b - - 0 12,24,?,a8b8,-13,45,a8b8,0.0325,0.0296,0.033,0.0505,b6a5,e6d5,e6d5,e6d5,71.0,0.0505,0.018,False
1rbqr1k1/R1n2pbp/1p1ppnp1/2pP4/2P1P3/2N1B3/1P1NBPPP/3Q1RK1 b - - 1 14,28,?,e6d5,10,45,c8d7,0.2596,0.3367,0.416,0.4734,e6d5,e6d5,e6d5,e6d5,0.0,0.4734,0.2138,False
1r1qr1k1/R1nb1pbp/1p1Ppnp1/2p1p3/2P5/2N1B3/1P1NBPPP/3Q1RK1 b - - 0 16,32,?,c7a8,-271,33,c7a8,0.5711,0.6664,0.7286,0.7608,c7a8,c7a8,c7a8,c7a8,0.0,0.7608,0.1897,False
nr1qr1k1/R2b1pbp/3Ppnp1/1Pp1p3/8/2N1BB2/1P1N1PPP/3Q1RK1 b - - 0 18,36,?,a8b6,-316,15,a8b6,0.1913,0.1967,0.2277,0.24,d7b5,d7b5,d7b5,d7b5,96.0,0.24,0.0487,False
1rnqr1k1/R2b1pbp/3Ppnp1/1PB1p3/2N5/2N2B2/1P3PPP/3Q1RK1 b - - 2 20,40,?,c8a7,13,13,c8a7,0.8574,0.8855,0.9073,0.917,c8a7,c8a7,c8a7,c8a7,0.0,0.917,0.0596,False
1B1qr1k1/3b1pbp/3Ppnp1/1P6/2N1p3/2N2B2/1P3PPP/3Q1RK1 b - - 0 22,44,?,d8b8,-16,330,d8b8,0.5629,0.3905,0.2699,0.2506,d8b8,e4f3,e4f3,e4f3,366.0,0.5629,-0.3123,False
1q2r1k1/3b1pbp/3Pp1p1/1P6/2N1B3/8/1P3PPP/3Q1RK1 b - - 0 24,48,?,b8b5,12,3,b8b5,0.4313,0.4738,0.5261,0.5756,d7b5,d7b5,b8b5,b8b5,0.0,0.5756,0.1443,False
1r4k1/3b1pbp/3Pp1p1/1q6/2N5/1P6/2B2PPP/3Q1RK1 b - - 2 26,52,?,b5b4,-3,2,b5c5,0.0611,0.0767,0.0841,0.0793,b8a8,b8a8,b8a8,b5c5,-2.0,0.0841,0.0182,False
1r4k1/3b1p1p/3Pp1p1/2q5/2Nb4/1P6/2BQ1PPP/3R2K1 b - - 6 28,56,?,e6e5,-13,5,e6e5,0.4989,0.5138,0.5737,0.6521,e6e5,e6e5,e6e5,e6e5,0.0,0.6521,0.1532,False
1r4k1/5p1p/3Pb1p1/2q1p3/2Nb3P/1P6/2B1QPP1/3R2K1 b - - 0 30,60,?,h7h5,33,12,e6c4,0.177,0.196,0.2379,0.3331,e6c4,e6c4,h7h5,h7h5,0.0,0.3331,0.1561,False
1r4k1/5p1p/3P2p1/2q1p3/2Q4P/1P6/2B2bP1/3R3K b - - 1 32,64,?,c5e3,52,25,c5c4,0.1616,0.172,0.2008,0.2306,c5c4,c5c4,c5c4,c5c4,76.0,0.2306,0.069,False
1r4k1/5p1p/3P2p1/2P1p3/7b/8/2B3P1/3R3K b - - 0 34,68,?,b8c8,-157,69,b8c8,0.2008,0.1999,0.1819,0.1607,b8c8,b8c8,h4d8,h4d8,203.0,0.2008,-0.0401,False
rn1qkb1r/1p3ppp/p2pbn2/4p3/4P3/1NN1BP2/PPP3PP/R2QKB1R b KQkq - 0 8,16,?,b8c6,-34,5,h7h5,0.1509,0.0901,0.0448,0.0189,f8e7,f8e7,f8e7,f8e7,13.0,0.1509,-0.132,False
r2qkb1r/1p1n1pp1/p2pbn2/3Np2p/4P3/1N2BP2/PPPQ2PP/R3KB1R b KQkq - 3 10,20,?,e6d5,-31,5,e6d5,0.2776,0.3657,0.5154,0.7093,e6d5,e6d5,e6d5,e6d5,0.0,0.7093,0.4317,False
r2qkb1r/1p1n1p2/p2p1np1/3Pp2p/8/1N2BP2/PPPQ2PP/2KR1B1R b kq - 1 12,24,?,f8g7,-47,4,d7b6,0.1963,0.2432,0.2787,0.3123,d7b6,d7b6,f8g7,f8g7,0.0,0.3123,0.116,False
r2qkb1r/1p3p2/p2p1np1/3np1Bp/8/1N3P2/PPPQ2PP/1K1R1B1R b kq - 1 14,28,?,f8e7,-65,69,f8e7,0.3214,0.3974,0.4707,0.4791,f8e7,f8e7,f8e7,f8e7,0.0,0.4791,0.1577,False
r3k2r/1pq1bp2/p2p1np1/3np1Bp/8/1N1B1P2/PPPQ2PP/1K1RR3 b kq - 5 16,32,?,e8c8,-49,3,d5b6,0.096,0.1096,0.147,0.2178,b7b5,b7b5,b7b5,e8g8,16.0,0.2178,0.1218,False
r3k2r/1pq1bp2/p2p1np1/3np1Bp/2P5/1N1B1P2/PP3QPP/1K1RR3 b kq - 0 18,36,?,f6d7,-47,8,d5f4,0.0059,0.0037,0.002,0.0012,d5b4,d5b4,d5b4,d5b4,15.0,0.0059,-0.0047,False
r3k2r/1pq1bp2/p2p1np1/7p/2PQ1p2/1N1B1P2/PP4PP/1K1RR3 b kq - 1 20,40,?,e8c8,-55,4,e8g8,0.2622,0.2499,0.2349,0.206,e8g8,e8g8,e8g8,e8g8,-8.0,0.2622,-0.0562,False
r3r1k1/1pq1bp2/p2p1np1/7p/2PN1Q2/3B1P2/PP4PP/1K1RR3 b - - 2 22,44,?,e7d8,-65,36,e7d8,0.0109,0.0071,0.0043,0.0027,b7b5,g8g7,g8g7,g8g7,171.0,0.0109,-0.0082,True
r2b2k1/1pq2p2/p2p1npQ/4r2p/2PN4/3B1P1P/PP4P1/1K1RR3 b - - 0 24,48,?,h5h4,-60,0,h5h4,0.0014,0.0011,0.0009,0.0012,e5e1,e5e1,e5e1,e5e1,-15.0,0.0014,-0.0002,False
2rb2k1/1pq2p2/p2p1npQ/4R3/2PN3p/P2B1P1P/1P4P1/1K1R4 b - - 0 26,52,?,d6e5,-187,354,d6e5,0.9948,0.9983,0.9992,0.9995,d6e5,d6e5,d6e5,d6e5,0.0,0.9995,0.0047,False
2rb2k1/1pq2p2/p4n1Q/5B2/2Pp3p/P4P1P/1P4P1/1K1R4 b - - 1 28,56,?,c7c4,-201,101,c7c4,0.599,0.543,0.4785,0.4499,c7c4,c7c4,c7c4,c7c4,0.0,0.599,-0.1491,False
2rb1k2/1p3p2/p4n1Q/5B2/2qp3p/P4P1P/1P4P1/1K1R4 b - - 3 30,60,?,f8g8,-208,305,f8g8,0.0903,0.094,0.1085,0.1603,f8e7,f8e7,f8e7,f8e7,400.0,0.1603,0.07,False
2Bb1k2/1p3p2/p4n2/6Q1/2qp3p/P4P1P/1P4P1/1K1R4 b - - 0 32,64,?,c4c8,-214,255,c4c8,0.8813,0.9108,0.9288,0.9367,c4c8,c4c8,c4c8,c4c8,0.0,0.9367,0.0554,False
2qbk3/1p3p2/p4n2/6Q1/7R/P4P1P/1P4P1/1K6 b - - 0 34,68,?,c8e6,-205,90,c8e6,0.0783,0.169,0.3205,0.4311,f6d7,f6d7,c8e6,c8e6,0.0,0.4311,0.3528,False
rnbq1rk1/ppp2pbp/3p1np1/8/2PNP3/2N1B3/PP2BPPP/R2QK2R b KQ - 0 8,16,?,c7c6,-32,1,f8e8,0.0446,0.0574,0.06,0.0401,c7c5,c7c5,f8e8,f8e8,6.0,0.06,-0.0045,False
rnbqr1k1/pp3pbp/2pp1np1/8/2PNP3/2N1B3/PPQ1BPPP/R4RK1 b - - 1 10,20,?,d8e7,-39,11,f6g4,0.0073,0.0139,0.0278,0.0786,d6d5,d6d5,b8d7,b8d7,44.0,0.0786,0.0713,False
rn1qr1k1/pp3pbp/2pp2p1/8/2PNP1b1/2N1B2P/PPQ2PP1/R4RK1 b - - 0 12,24,?,g4e6,-86,27,g4c8,0.1584,0.1194,0.1004,0.0961,g4d7,g4d7,g4d7,g4c8,27.0,0.1584,-0.0623,False
r1bqr1k1/pp3pbp/n1pp2p1/8/2PNP3/2N1B2P/PPQ2PP1/3RR1K1 b - - 4 14,28,?,c8e6,-104,12,a6c5,0.0178,0.0263,0.0384,0.0359,a6b4,a6b4,a6c5,d8c7,16.0,0.0384,0.0181,False
r1bqr1k1/pp3pbp/2ppn1p1/8/1PPNP3/P1N1B2P/2Q2PP1/3RR1K1 b - - 0 16,32,?,d8h4,-90,0,d8h4,0.0219,0.033,0.0457,0.0556,e6d4,e6d4,e6d4,e6d4,3.0,0.0556,0.0337,False
r1b1r1k1/pp3pbp/2pRn1p1/7q/1PP1P3/P1N1BN1P/2Q2PP1/4R1K1 b - - 0 18,36,?,h7h6,-218,74,a7a5,0.0103,0.0116,0.0169,0.0335,g7f8,g7f8,g7f8,g7f8,92.0,0.0335,0.0232,False
r1b1rbk1/1p3p1p/2pRn1p1/pP2P2q/2P5/P1N1BN1P/2Q2PP1/4R1K1 b - - 0 20,40,?,f8d6,-186,122,f8d6,0.7756,0.8862,0.9318,0.948,f8d6,f8d6,f8d6,f8d6,0.0,0.948,0.1724,False
r1b1r1k1/1p5p/2pPn1p1/pP3p1q/P1P5/2N1BN1P/2Q2PP1/4R1K1 b - - 0 22,44,?,g6g5,-272,54,c8d7,0.0478,0.0318,0.023,0.0226,f5f4,c8d7,c8d7,c8d7,57.0,0.0478,-0.0252,False
3rr1k1/1p1b3p/2pPn1p1/pP3p1q/P1P5/4BN1P/2Q1NPP1/3R2K1 b - - 4 24,48,?,f5f4,-232,201,d8c8,0.0868,0.09,0.0901,0.1062,c6b5,c6b5,c6b5,c6b5,245.0,0.1062,0.0194,False
2r1r1k1/1p1b3p/2pPn1p1/pP5q/P1P2N2/4BN1P/3Q1PP1/3R2K1 b - - 0 26,52,?,e6f4,-254,96,e6f4,0.5938,0.7949,0.884,0.9039,e6f4,e6f4,e6f4,e6f4,0.0,0.9039,0.3101,False
2r1r1k1/1p1b3p/3P2p1/pP5q/P4B2/5N1P/3Q1PP1/3R2K1 b - - 0 28,56,?,h5c5,-289,42,e8e4,0.07,0.0537,0.0403,0.0354,c8c4,d7h3,d7h3,d7h3,274.0,0.07,-0.0346,False
2r3k1/1p1b3p/3P2p1/pP2N2q/r7/6BP/3Q1PP1/3R2K1 b - - 1 30,60,?,h5f5,-555,40,c8d8,0.0432,0.0494,0.0589,0.0749,d7b5,d7b5,d7b5,d7b5,141.0,0.0749,0.0317,False
3r3k/1p1b1N1p/3P2p1/pP1Q3q/r7/6BP/5PP1/3R2K1 b - - 5 32,64,?,h8g7,-827,1169,h8g7,0.8207,0.8596,0.8982,0.9127,h8g7,h8g7,h8g7,h8g7,0.0,0.9127,0.092,False
r1bqk2r/pp2npbp/2npp1p1/2p5/4PPP1/2NP3N/PPP3BP/R1BQK2R b KQkq - 0 8,16,?,h7h5,62,6,h7h5,0.0065,0.0069,0.0124,0.0505,e8g8,e8g8,e8g8,e8g8,18.0,0.0505,0.044,False
1rbqk2r/pp2npb1/2npp1p1/2p3Pp/4PP2/2NP3N/PPP3BP/R1BQ1RK1 b k - 2 10,20,?,b7b5,118,29,b7b5,0.2106,0.2477,0.3436,0.5641,b7b5,b7b5,b7b5,b7b5,0.0,0.5641,0.3535,False
1rbqk2r/p3npb1/2np2p1/1pp2PPp/8/2NP3N/PPP3BP/R1BQ1RK1 b k - 0 12,24,?,c8f5,126,29,c8f5,0.3793,0.5403,0.6197,0.6329,e7f5,c8f5,c8f5,c8f5,0.0,0.6329,0.2536,False
1r1qk2r/p3npb1/2np4/1pp2pPp/5N2/2NP4/PPP3BP/R1BQ2K1 b k - 1 14,28,?,d8d7,212,2,g7d4,0.0176,0.028,0.0392,0.0613,b5b4,b5b4,h5h4,h5h4,-4.0,0.0613,0.0437,False
1r1qk2r/p3np2/3p4/1ppNnpPp/3b1N2/3P4/PPP3BP/R1BQ3K b k - 5 16,32,?,e5g4,206,125,e7d5,0.2494,0.2882,0.3085,0.3093,e7d5,e7d5,e7d5,e7d5,145.0,0.3093,0.0599,False
1r1qk2r/p4p2/3p4/1ppN1pPp/3b2n1/3P4/PPP1Q1BP/R1B4K b k - 2 18,36,?,e8f8,109,109,e8f8,0.4085,0.371,0.3656,0.4008,e8f8,d4e5,d4e5,d4e5,110.0,0.4085,-0.0077,False
1r2qk1r/p4p2/3p4/1ppN1pPp/3b2n1/2PP4/PP4BP/R1B2Q1K b - - 2 20,40,?,d4e3,138,15,e8e5,0.0726,0.0581,0.0455,0.0449,d4e5,d4e5,d4e5,d4e5,57.0,0.0726,-0.0277,False
1r3k1r/p4p2/3p4/1ppNqpPp/3b1B2/2PP4/PP3nBP/R4QK1 b - - 6 22,44,?,f2h3,0,0,f2h3,0.3089,0.4594,0.5587,0.6304,f2d3,f2h3,f2h3,f2h3,0.0,0.6304,0.3215,False
1r3k1r/p4p2/3p4/1ppNqpPp/3b1B2/2PP4/PP3nBP/R4QK1 b - - 10 24,48,?,f2d1,0,0,f2h3,0.004,0.0036,0.0041,0.0057,f2d3,f2h3,f2h3,f2h3,0.0,0.0057,0.0017,False
r1bqk2r/pp2npbp/2np2p1/2p1p3/4PP2/2NP2PN/PPP3BP/R1BQ1RK1 b kq - 3 8,16,?,e5f4,-15,11,f7f5,0.1485,0.1878,0.1842,0.0846,e8g8,e8g8,e8g8,e8g8,66.0,0.1878,-0.0639,False
r1bqk2r/pp4bp/2np2p1/2p1Pn2/8/2NP2PN/PPP3BP/R1BQ1RK1 b kq - 0 10,20,?,c6e5,-131,50,d6e5,0.3404,0.4188,0.4879,0.3844,c6e5,c6e5,c6e5,d6e5,66.0,0.4879,0.044,False
r1b1k2r/pp4bp/2nq2p1/2pBpnN1/8/2NP2P1/PPP4P/R1BQ1RK1 b kq - 3 12,24,?,c6e7,-302,16,c6d8,0.0639,0.0604,0.0543,0.0453,h8f8,h8f8,h8f8,h8f8,29.0,0.0639,-0.0186,False
r1bnk2r/pp2q1bp/6p1/2pBpnB1/4N3/2NP2P1/PPP4P/R2Q1RK1 b kq - 7 14,28,?,e7c7,-480,14,e7c7,0.3348,0.4,0.4646,0.5463,e7d7,e7c7,e7c7,e7c7,0.0,0.5463,0.2115,False
r1bBk2r/ppq3bp/6p1/2pBp3/3nN1P1/2NP4/PPP4P/R2Q1RK1 b kq - 0 16,32,?,c7d8,-373,14,c7d8,0.8203,0.8536,0.8676,0.8948,c7d8,c7d8,c7d8,c7d8,0.0,0.8948,0.0745,False
r1bq3r/pp2kBbp/6p1/2pNp3/3nN1P1/3P4/PPP4P/R2Q1RK1 b - - 3 18,36,?,e7f8,-523,55,e7d7,0.3621,0.4131,0.471,0.5316,e7d7,e7d7,e7d7,e7f8,0.0,0.5316,0.1695,False
r1bqk2r/pppp2pp/2n5/2bBPp2/3pn3/2P2N2/PP3PPP/RNBQ1RK1 b kq - 0 8,16,?,d7d6,-157,26,d4c3,0.2342,0.22,0.1715,0.1408,d4c3,d4c3,d4c3,d4c3,113.0,0.2342,-0.0934,False
r1bqk2r/pppp2pp/2n5/2bBPp2/8/2P2N2/P4PPP/R1BQ1RK1 b kq - 0 10,20,?,h7h6,-269,4,c6e7,0.0289,0.0641,0.1267,0.2497,d7d6,d7d6,c6e7,c6e7,0.0,0.2497,0.2208,False
r1bqk2r/pp1pn1pp/2p5/2b1PpB1/8/1BP2N2/P4PPP/R2Q1RK1 b kq - 1 12,24,?,h7h6,-240,79,h7h6,0.4796,0.4902,0.4769,0.4778,h7h6,h7h6,h7h6,h7h6,0.0,0.4902,-0.0018,False
r1bqk2r/pp1pn3/2p4p/2b1Ppp1/8/1BP2NB1/P4PPP/R2Q1RK1 b kq - 1 14,28,?,f5f4,-25,93,f5f4,0.7455,0.7879,0.7739,0.7376,f5f4,f5f4,f5f4,f5f4,0.0,0.7879,-0.0079,False
r1bqk2r/pp2n3/2pP3p/2b3p1/3N1p2/1BP3B1/P4PPP/R2Q1RK1 b kq - 0 16,32,?,d8d6,136,346,d8d6,0.4448,0.4928,0.5656,0.6646,d8d6,d8d6,d8d6,d8d6,0.0,0.6646,0.2198,False
r1bk3r/pp2n3/2pq3p/2b3pQ/3N1p2/1BP3B1/P4PPP/3R1RK1 b - - 3 18,36,?,f4g3,-120,119,e7d5,0.5154,0.3503,0.2253,0.1439,f4g3,f4g3,d8c7,d8c7,115.0,0.5154,-0.3715,False
r1bk3r/pp6/2p4p/1Nbnq1pQ/5p2/1BP3B1/P4PPP/3RR1K1 b - - 7 20,40,?,e5f6,-5,238,e5f5,0.2118,0.2276,0.2309,0.2418,e5f5,e5f5,e5f5,e5f5,334.0,0.2418,0.03,False
r1bk3r/pp6/2p4p/1Nbn1qpQ/2P5/1B4P1/P4PP1/3RR1K1 b - - 0 22,44,?,c5f2,390,63,c5f2,0.1354,0.1732,0.192,0.186,f5f2,f5f2,f5f2,f5f2,283.0,0.192,0.0506,False
r1bk3r/pp6/2p4p/1N1P1qpQ/8/1B4P1/P5P1/3Rb2K b - - 0 24,48,?,f5f1,1997,1580,c6b5,0.2955,0.3035,0.2957,0.2909,e1g3,e1g3,e1g3,e1g3,1974.0,0.3035,-0.0046,False
r2k3r/pp1b4/7p/1p1P1qp1/8/1B4P1/P5P1/3QR2K b - - 2 26,52,?,h8e8,460,3,a8c8,0.2556,0.2579,0.3145,0.3899,h8e8,d8c7,h8e8,h8e8,0.0,0.3899,0.1343,False
2rk1r2/Qp1b4/7p/1p1P1qp1/8/1B4P1/P5P1/4R2K b - - 0 28,56,?,f5f2,586,225,f5f2,0.416,0.3942,0.3695,0.3324,f5f2,f5f2,f5f2,f5f2,0.0,0.416,-0.0836,False
2rk1r2/3b4/1p5p/1p1P2p1/1Q6/1B4P1/P4qP1/4R2K b - - 1 30,60,?,f2c5,595,49,c8c5,0.1324,0.2762,0.428,0.4754,f2g3,f2g3,f2c5,f2c5,0.0,0.4754,0.343,False
3k1r2/3b4/1p1P3p/1pr3p1/1Q6/1B4q1/P5P1/6RK b - - 1 32,64,?,g3f4,651,6,f8f4,0.0119,0.0116,0.011,0.0094,f8f4,f8f4,f8f4,f8f4,-1332.0,0.0119,-0.0025,False
rnbq1rk1/1p2bppp/p2p1n2/2pPp3/P1P1P3/2N3P1/1P3PBP/R1BQK1NR b KQ - 2 8,16,?,f6e8,-132,2,h7h5,0.0058,0.0145,0.0518,0.1989,b8d7,b8d7,b8d7,b8d7,4.0,0.1989,0.1931,False
rn1q1rk1/1p2bpp1/p2p1n2/2pPp2p/P1P1P1bP/2N2PP1/1P4B1/R1BQK1NR b KQ - 0 10,20,?,g4c8,-181,13,g4d7,0.1045,0.0916,0.1056,0.1184,g4d7,g4d7,g4d7,g4d7,10.0,0.1184,0.0139,False
rn1q1rk1/1p1bbp2/p2p1npB/2pPp2p/P1P1P2P/2N2PP1/1P2N1B1/R2QK2R b KQ - 1 12,24,?,f8e8,-203,46,f8e8,0.9366,0.9236,0.903,0.9361,f8e8,f8e8,f8e8,f8e8,0.0,0.9366,-0.0005,False
rn1qr1k1/1p1bbp1n/p2p2pB/2pPp2p/P1P1P2P/2N2PP1/1P1Q2B1/R1N1K2R b KQ - 5 14,28,?,e7f8,-170,27,e7f8,0.1705,0.2365,0.2087,0.1618,e7f8,e7f8,f7f5,f7f5,77.0,0.2365,-0.0087,False
rn1qrbk1/3b1p1n/pp1p2p1/2pPp2p/P1P1P2P/2NNBPP1/1P1Q2B1/R3K2R b KQ - 1 16,32,?,a8a7,-189,3,f8g7,0.025,0.0211,0.02,0.025,a6a5,f7f5,f7f5,f7f5,40.0,0.025,0.0,False
rn1qr1k1/3b2bn/pp1p2p1/2pPpp1p/P1P1PP1P/2NNB1P1/1P1Q2B1/R4RK1 b - - 0 18,36,?,a6a5,-258,29,d8e7,0.1032,0.0633,0.0409,0.0353,e5f4,e5f4,e5f4,h7f6,59.0,0.1032,-0.0679,False
rn2r1k1/3bq1bn/pp4p1/2pPpp1p/P1P1P2P/2NNB1P1/1P1Q2B1/4RRK1 b - - 1 20,40,?,f5f4,-350,27,e8f8,0.1464,0.1602,0.1532,0.1033,e8f8,e8f8,e8f8,e8f8,76.0,0.1602,-0.0431,False
rn3rk1/3bq1bn/pp4p1/P1pPp2p/2P1PP1P/2NNB3/1P1Q2B1/4RRK1 b - - 0 22,44,?,e5f4,-420,27,e5f4,0.2906,0.2637,0.2923,0.3137,e7h4,e7h4,e7h4,e7h4,48.0,0.3137,0.0231,False
rn3rk1/3b2bn/pP1q2p1/2pP3p/2P1PN1P/2N1B3/1P1Q2B1/4RRK1 b - - 0 24,48,?,g7e5,-519,27,d7g4,0.1409,0.2136,0.3061,0.4134,d6b6,d6b6,d6b6,g7e5,0.0,0.4134,0.2725,False
r4Rk1/3n2bn/pP1q2p1/2pP3p/2P1P1bP/2NNB3/1P1Q2B1/4R1K1 b - - 0 26,52,?,a8f8,-428,22,a8f8,0.8112,0.9139,0.9482,0.953,a8f8,a8f8,a8f8,a8f8,0.0,0.953,0.1418,False
5rk1/3n2b1/pP1q1np1/2pPP2p/2P3bP/2NNB3/1P1Q2B1/5RK1 b - - 0 28,56,?,d6b6,-484,5,d7e5,0.1336,0.0629,0.0341,0.0262,d7e5,d7e5,d7e5,d7e5,55.0,0.1336,-0.1074,False
5rk1/6b1/pP3np1/2BPq2p/2P3bP/2N5/1P1Q2B1/5RK1 b - - 0 30,60,?,f8c8,-395,8,f8c8,0.1838,0.2143,0.2361,0.2217,f8f7,f8f7,f8e8,f8e8,48.0,0.2361,0.0379,False
2r3k1/4q1b1/pP1P1np1/7p/2PB2bP/2N5/1P1Q2B1/5RK1 b - - 0 32,64,?,e7d6,-501,59,e7d6,0.812,0.8477,0.8777,0.8865,e7d6,e7d6,e7d6,e7d6,0.0,0.8865,0.0745,False
1r4k1/BP4b1/p2q1np1/7p/2P3bP/2N5/1P1Q2B1/5RK1 b - - 2 34,68,?,d6d2,249,816,d6c7,0.9067,0.9457,0.9534,0.9489,d6d2,d6d2,d6d2,d6d2,0.0,0.9534,0.0422,False
rnbqk2r/pp2bppp/2p2n2/3p4/2PP4/P1N2NP1/1P2P1BP/R1BQK2R b KQkq - 0 8,16,?,h7h6,-25,3,d5c4,0.0322,0.0367,0.0417,0.0452,e8g8,e8g8,e8g8,e8g8,-4.0,0.0452,0.013,False
rnbq1rk1/pp2bppp/2p2n2/8/2pPP3/P1N2NP1/1P4BP/R1BQ1RK1 b - - 0 10,20,?,b7b5,-38,3,b7b5,0.1311,0.1432,0.1265,0.1326,c8g4,c8g4,c8g4,c8g4,19.0,0.1432,0.0015,False
rnbq1rk1/4bppp/2p2n2/pp6/2pPP3/P1N2NPP/1P4BK/R1BQ1R2 b - - 1 12,24,?,b8d7,-54,2,b8d7,0.1006,0.1107,0.1012,0.0853,b5b4,c8b7,c8b7,c8b7,78.0,0.1107,-0.0153,False
2bq1rk1/3nbppp/r1p2n2/pp6/2pPP3/P1N1BNPP/1PQ3BK/R4R2 b - - 5 14,28,?,c8b7,-43,13,d7b6,0.2105,0.2824,0.3724,0.4107,c8b7,c8b7,c8b7,c8b7,0.0,0.4107,0.2002,False
3q1rk1/1b2bppp/rnp2n2/pp6/2pPP3/P3BNPP/1PQ1N1BK/3R1R2 b - - 9 16,32,?,b5b4,-55,25,b5b4,0.1623,0.1461,0.1236,0.108,d8c7,d8c7,d8c7,d8c7,45.0,0.1623,-0.0543,False
2bq1rk1/4bppp/rnp2n2/p4N2/1ppPP3/P3B1PP/1PQ1N1BK/3R1R2 b - - 3 18,36,?,b4a3,-51,2,b4a3,0.1571,0.1321,0.1103,0.1155,b4b3,c8f5,c8f5,c8f5,-7.0,0.1571,-0.0416,False
2b2rk1/4qppp/rnp2n2/p7/2pPP3/P3B1PP/2Q1N1BK/3R1R2 b - - 0 20,40,?,e7a3,-47,51,e7a3,0.3542,0.3713,0.3746,0.3923,e7a3,e7a3,e7a3,e7a3,0.0,0.3923,0.0381,False
2b2rk1/3n1ppp/r1p2n2/p3P1B1/2pP4/q5PP/2Q1N1BK/3R1R2 b - - 0 22,44,?,a3b3,-34,106,a3b3,0.0097,0.0078,0.0059,0.0048,f6d5,f6d5,f6d5,f6d5,117.0,0.0097,-0.0049,True
2b2rk1/3n1ppp/r1p2P2/p5B1/3P4/1p4PP/4N1BK/3R1R2 b - - 0 24,48,?,d7f6,-32,31,d7f6,0.1712,0.1859,0.2002,0.1858,g7g6,g7g6,g7g6,g7g6,202.0,0.2002,0.0146,False
5rk1/5ppp/r1p1bn2/p7/3P4/1pN3PP/6BK/2BR1R2 b - - 3 26,52,?,a5a4,-27,28,a5a4,0.5892,0.6375,0.6501,0.6166,a5a4,a5a4,a5a4,a5a4,0.0,0.6501,0.0274,False
2r3k1/5ppp/r1p1bn2/8/p2PN3/Bp4PP/6BK/3R1R2 b - - 3 28,56,?,f6e4,-26,59,f6e4,0.6082,0.597,0.5162,0.4295,f6e4,f6e4,f6e4,f6e4,0.0,0.6082,-0.1787,False
2r3k1/5pp1/r1p1b3/7p/p2PB3/Bp4PP/7K/3RR3 b - - 1 30,60,?,a6b6,-27,4,a6a7,0.2009,0.2763,0.3712,0.4285,a6b6,a6b6,a6b6,a6b6,0.0,0.4285,0.2276,False
1r4k1/r4pp1/2R1b3/7p/p2PB3/Bp4PP/7K/4R3 b - - 0 32,64,?,a7d7,-126,58,a7d7,0.0529,0.0557,0.0588,0.075,b3b2,b3b2,b3b2,b3b2,86.0,0.075,0.0221,False
1r4k1/3r1pp1/4b3/7p/p2PB3/B5PP/1pR4K/3R4 b - - 1 34,68,?,f7f5,-155,95,f7f5,0.0206,0.0168,0.0149,0.016,b2b1q,b2b1q,b2b1q,b2b1q,150.0,0.0206,-0.0046,True
r1bqkb1r/pp1n1ppp/2n1p3/3pP3/3B1P2/2N2N2/PPP3PP/R2QKB1R b KQkq - 2 8,16,?,c6d4,11,11,c6d4,0.4069,0.4266,0.4704,0.4527,c6d4,c6d4,c6d4,c6d4,0.0,0.4704,0.0458,False
r1bqkb1r/1p1n1ppp/p3p3/3pP3/3N1P2/2N3P1/PPP4P/R2QKB1R b KQkq - 0 10,20,?,d8b6,62,9,d8b6,0.0655,0.0985,0.1158,0.1226,f8c5,f8c5,f8c5,f8c5,29.0,0.1226,0.0571,False
r1b1k2r/1p1nbppp/pq2p3/3pP3/3N1P2/P1N3P1/1PP3BP/R2QK2R b KQkq - 2 12,24,?,d7b8,50,7,e8g8,0.0019,0.0018,0.0015,0.0015,b6b2,b6b2,b6b2,b6b2,422.0,0.0019,-0.0004,True
r1br2k1/1p1nbppp/pq2p3/3pP3/N2N1P2/P5P1/1PP3BP/R2QKR2 b Q - 6 14,28,?,b6c7,111,16,b6c7,0.1594,0.1675,0.1595,0.142,b6a5,b6a5,b6a5,b6a5,9.0,0.1675,-0.0174,False
rnbr2k1/1pq1bppp/p3p3/3pP3/N2N1P2/P5P1/1PPQ2BP/2KR1R2 b - - 10 16,32,?,b8c6,109,8,c8d7,0.1454,0.1437,0.1498,0.1702,b7b5,b7b5,b7b5,b7b5,88.0,0.1702,0.0248,False
r2r2k1/1pqbbppp/p1n1p3/3pP3/5P2/PNN3P1/1PPQ2BP/2KR1R2 b - - 14 18,36,?,b7b5,193,5,b7b5,0.2321,0.2738,0.2973,0.3308,b7b5,b7b5,b7b5,b7b5,0.0,0.3308,0.0987,False
r2r2k1/2qbbppp/p1n1p3/3pP3/1P3P2/1NN3P1/1PPQ2BP/1K1R1R2 b - - 0 20,40,?,e7b4,276,47,e7b4,0.5248,0.5137,0.4933,0.5142,e7b4,e7b4,c6b4,e7b4,0.0,0.5248,-0.0106,False
r2r2k1/2qb1ppp/2n1p3/pN1pP3/1b3P2/1N2Q1P1/1PP3BP/1K1R1R2 b - - 1 22,44,?,c7b8,278,61,c7b8,0.2308,0.2394,0.2471,0.2234,c7b7,c7b7,c7b7,c7b7,74.0,0.2471,-0.0074,False
rq1r2k1/3b1ppp/4p3/p2pP3/1b1N1P2/4Q1P1/1PP3BP/1K1R1R2 b - - 0 24,48,?,d8c8,228,8,d8c8,0.1419,0.1216,0.1263,0.1598,a5a4,a5a4,a5a4,b4c5,41.0,0.1598,0.0179,False
r1r3k1/3b1ppp/1q2p3/p2pP3/1b1N1P2/6P1/KPP2QBP/3R1R2 b - - 4 26,52,?,a8b8,447,32,a8b8,0.026,0.025,0.0265,0.0315,b4c5,b4c5,b4c5,b4c5,19.0,0.0315,0.0055,False
1rr3k1/3b1ppp/1q2p3/3pP3/pb1N1P2/1P4P1/2P2QBP/1K1R1R2 b - - 1 28,56,?,a4b3,665,47,b6a5,0.544,0.5602,0.5433,0.4871,a4b3,a4b3,a4b3,a4b3,0.0,0.5602,-0.0569,False
1rr3k1/3b1ppp/4p3/q2pP3/p2N1P2/1PR3P1/2P2QBP/1K3R2 b - - 0 30,60,?,a5c3,742,98,a5c3,0.6271,0.6508,0.665,0.6701,a5c3,a5c3,a5c3,a5c3,0.0,0.6701,0.043,False
1rr3k1/3b1ppp/4p3/3pP3/p2q1P2/1P4P1/2P3BP/1K1Q1R2 b - - 1 32,64,?,d4a7,903,81,d4c5,0.0132,0.0136,0.0128,0.01,d4c3,d4c3,d4c3,d4c3,159.0,0.0136,-0.0032,True
1rr3k1/3b1ppp/4p3/2qpP3/2P2P2/1p3RP1/6BP/1K1Q4 b - - 0 34,68,?,c5c4,1200,324,c5c4,0.5861,0.6214,0.6372,0.6158,c5c4,c5c4,c5c4,c5c4,0.0,0.6372,0.0297,False
r1bqk2r/ppp1nppp/4p3/3p4/2PPn3/2NBPN2/PP3PPP/R2QK2R b KQkq - 1 8,16,?,e4c3,-49,36,f7f5,0.611,0.65,0.5414,0.241,e4c3,e4c3,e4c3,f7f5,69.0,0.65,-0.37,False
r1bq1rk1/ppp1n1pp/4p3/3pNp2/2PPn3/2NBP3/PP3PPP/R2Q1RK1 b - - 3 10,20,?,e7g6,-70,4,e7g6,0.212,0.2999,0.2742,0.1753,e7g6,e7g6,c7c6,c7c6,37.0,0.2999,-0.0367,False
r1bq1rk1/ppp3p1/4p1p1/3p1p2/2PPB3/2N1P3/PP3PPP/R2Q1RK1 b - - 0 12,24,?,d5e4,-55,118,f5e4,0.3155,0.2515,0.1964,0.1467,f5e4,f5e4,f5e4,f5e4,90.0,0.3155,-0.1688,False
r1bq1rk1/pp4p1/2p1p1p1/2Pp4/3PpP2/2N1P3/PP4PP/R2Q1RK1 b - - 0 14,28,?,b7b6,11,35,g6g5,0.1355,0.1048,0.0883,0.1068,g6g5,d8h4,d8h4,d8h4,85.0,0.1355,-0.0287,False
r1bq2k1/pp4p1/2p1p3/2Pp2P1/3Pp3/2N1P3/PP4PP/R4QK1 b - - 0 16,32,?,d8g5,-28,81,d8g5,0.9408,0.9705,0.9837,0.9872,d8g5,d8g5,d8g5,d8g5,0.0,0.9872,0.0464,False
r1b3k1/pp4p1/2p1p3/2Pp4/3PpP2/2N5/PP4PP/R5K1 b - - 0 18,36,?,b7b6,45,20,b7b6,0.162,0.129,0.1362,0.1841,c8d7,c8d7,c8d7,c8d7,101.0,0.1841,0.0221,False
1rb3k1/p5p1/1pp1p3/2Pp4/N2PpP2/1P6/P5PP/R5K1 b - - 0 20,40,?,g7g5,76,19,c8a6,0.0007,0.0004,0.0002,0.0002,b6b5,b6b5,b6b5,c8a6,52.0,0.0007,-0.0005,False
1r4k1/p5p1/1pp1p3/1bPp4/3PpP2/1P6/PN4PP/2R3K1 b - - 4 22,44,?,b6c5,205,126,b8c8,0.3379,0.3074,0.3115,0.3581,b6c5,b8f8,b8f8,b8f8,110.0,0.3581,0.0202,False
2r5/p4kp1/1pp1p3/1bPp4/3PpP2/1P6/P4KPP/2RN4 b - - 8 24,48,?,f7e7,-33,9,b5d3,0.0263,0.0244,0.0175,0.0173,f7f6,f7f6,f7f6,f7f6,82.0,0.0263,-0.009,False
2r5/p3k1p1/1pp1p3/2Pp4/3PpP1P/1P1bN3/P4KP1/2R5 b - - 0 26,52,?,b6c5,-189,3,e7d7,0.4016,0.3301,0.2943,0.3047,b6c5,b6c5,b6b5,b6c5,0.0,0.4016,-0.0969,False
2r5/p2k2p1/bpp1p3/2PpN3/3PpP1P/1P6/P4KP1/2R5 b - - 4 28,56,?,d7c7,-327,1,d7c7,0.4032,0.3941,0.361,0.3603,d7e7,d7e7,d7e7,d7e7,3.0,0.4032,-0.0429,False
2r5/p2N2p1/bkp1p3/3p4/3PpP1P/1P6/P4KP1/2R5 b - - 1 30,60,?,b6c7,-301,15,b6b5,0.533,0.5548,0.5717,0.5927,b6c7,b6c7,b6c7,b6c7,0.0,0.5927,0.0597,False
2r5/p2N2p1/b3p3/1kRp4/3PpP1P/PP6/5KP1/8 b - - 0 32,64,?,c8c5,-379,0,c8c5,1.0,1.0,1.0,1.0,c8c5,c8c5,c8c5,c8c5,0.0,1.0,0.0,False
r1bqkb1r/pp2pp1p/3p1np1/8/2PQP3/2N5/PP2BPPP/R1B1K2R b KQkq - 0 8,16,?,f8g7,-49,1,f8g7,0.8989,0.9026,0.9074,0.9315,f8g7,f8g7,f8g7,f8g7,0.0,0.9315,0.0326,False
r1bq1rk1/pp2ppbp/3p1np1/6B1/2PQP3/2N5/PP2BPPP/R4RK1 b - - 4 10,20,?,h7h6,-41,2,h7h6,0.0756,0.0724,0.0778,0.0983,e7e5,f6g4,f6e4,c8e6,3.0,0.0983,0.0227,False
r2q1rk1/pp1bppb1/3p1npp/8/2P1P3/2N1Q3/PP1BBPPP/R4RK1 b - - 3 12,24,?,d8b6,-37,10,d7c6,0.0483,0.0307,0.0159,0.0087,f6g4,g8h7,g8h7,g8h7,16.0,0.0483,-0.0396,False
r4rk1/pp2ppb1/1Qbp1npp/8/2P1P3/2N5/PP1BBPPP/2R2RK1 b - - 0 14,28,?,a7b6,-31,614,a7b6,0.9987,0.9992,0.9994,0.9996,a7b6,a7b6,a7b6,a7b6,0.0,0.9996,0.0009,False
r4rk1/1p2ppb1/1pbp1np1/7p/2P1P3/2N2P2/PPRBB1PP/5RK1 b - - 1 16,32,?,f6d7,-7,16,f6d7,0.2021,0.3129,0.4601,0.6628,f6d7,f6d7,f6d7,f6d7,0.0,0.6628,0.4607,False
r4rk1/1p2ppb1/1pbp2p1/2n4p/2P1P3/2N1BP2/PPR1B1PP/2R3K1 b - - 5 18,36,?,g7c3,63,54,f8c8,0.2673,0.2723,0.2619,0.1859,g7c3,g7c3,g7c3,g7c3,0.0,0.2723,-0.0814,False
r1r3k1/1p2pp2/1pbp2p1/2n4p/2P1P3/1PR1BP2/P3B1PP/2R3K1 b - - 0 20,40,?,a8a2,79,79,a8a2,0.774,0.8542,0.9219,0.9463,a8a2,a8a2,a8a2,a8a2,0.0,0.9463,0.1723,False
2r3k1/1p2pp2/1pbp2p1/2B4p/2P1P3/1PR2P2/1r4PP/2R2BK1 b - - 0 22,44,?,b6c5,272,105,b6c5,0.7771,0.8245,0.8595,0.8682,b6c5,b6c5,b6c5,b6c5,0.0,0.8682,0.0911,False
2r3k1/1p2pp2/2bp2p1/2p5/2P1P2p/1PRB1P2/1r4PP/R5K1 b - - 1 24,48,?,b2d2,294,43,g8g7,0.1941,0.1929,0.2024,0.1649,b2d2,b2d2,b2d2,g8g7,23.0,0.2024,-0.0292,False
1r6/Rp2ppk1/2bp2p1/2p5/2P1P2p/1PR2P2/1rB3PP/6K1 b - - 5 26,52,?,b7b6,254,4,g7f6,0.039,0.0262,0.0173,0.0102,b7b5,b7b5,b7b5,b7b5,29.0,0.039,-0.0288,False
1r6/R3pp2/2bp1kp1/1Pp5/4P2p/1PR2P2/1rB2KPP/8 b - - 0 28,56,?,c6b5,185,73,c6b5,0.7216,0.7228,0.7248,0.6989,c6b5,c6b5,c6b5,c6b5,0.0,0.7248,-0.0227,False
1r6/R3pp2/3p1kp1/2p5/4P2p/1PR1KPP1/1rB4P/5b2 b - - 0 30,60,?,b8b6,94,30,f1g2,0.001,0.0007,0.0008,0.0012,h4g3,h4g3,h4g3,h4g3,35.0,0.0012,0.0002,False
1r6/R3pp2/3p1kp1/2p5/4PPP1/1PR1K2p/1rB3bP/8 b - - 0 32,64,?,b2c2,124,47,b8b4,0.0023,0.0023,0.0025,0.0029,g6g5,g6g5,b8b4,b8b4,124.0,0.0029,0.0006,True
8/R3pp2/3pk1p1/2p2PP1/1r2P3/1PR1K2p/1rB3bP/8 b - - 0 34,68,?,g6f5,-22,1977,g6f5,0.9315,0.9564,0.971,0.9735,g6f5,g6f5,g6f5,g6f5,0.0,0.9735,0.042,False
rn2kbnr/pp3ppp/q1p1p3/3pP3/3P4/2PQB3/PP2KPPP/RN4NR b kq - 1 8,16,?,a6d3,-10,15,g8e7,0.6171,0.6082,0.5957,0.5193,a6d3,a6d3,a6d3,a6d3,0.0,0.6171,-0.0978,False
rn2kb1r/pp2npp1/q1p1p3/3pP2p/3P4/2PQBN2/PP1NKPPP/R6R b kq - 1 10,20,?,a6d3,12,57,e7f5,0.4896,0.4797,0.4519,0.4138,a6d3,a6d3,a6d3,a6d3,0.0,0.4896,-0.0758,False
rn2kb1r/pp3pp1/q1p1p3/3pPn2/3P3p/P1PQBN1P/1P1NKPP1/R6R b kq - 0 12,24,?,a6d3,11,21,f8e7,0.3868,0.3637,0.3598,0.3693,a6d3,a6d3,a6d3,a6d3,0.0,0.3868,-0.0175,False
rn2k2r/pp2bpp1/2p1p3/3pPn2/1P1P3p/P1PKBN1P/3N1PP1/R6R b kq - 0 14,28,?,a7a5,27,4,a7a5,0.0512,0.0665,0.0698,0.095,f5e3,b8d7,b8d7,b8d7,5.0,0.095,0.0438,False
rn2k2r/4bpp1/2p1p3/pp1pPn2/1P1P3p/PNPKBN1P/5PP1/RR6 b kq - 1 16,32,?,a5a4,18,10,a5a4,0.6713,0.6852,0.6621,0.6809,a5a4,a5a4,a5a4,a5a4,0.0,0.6852,0.0096,False
rn2k2r/5pp1/2p1p3/1pPpPn2/p2P3p/P1PKBN1P/5PP1/RR6 b kq - 0 18,36,?,b8d7,0,1,b8d7,0.1754,0.2643,0.3695,0.4402,f5e3,f5e3,b8d7,b8d7,0.0,0.4402,0.2648,False
r3k2r/3n2p1/2p1pp2/1pPpPn2/p2P1B1p/P1PK1N1P/5PP1/R3R3 b kq - 1 20,40,?,d7f8,0,0,e8f7,0.0426,0.0409,0.0354,0.0246,g7g5,g7g5,g7g5,e8f7,0.0,0.0426,-0.018,False
4r2r/3n1kp1/2p1pp2/1pPpPn2/p2P1B1p/P1PK1N1P/4RPP1/4R3 b - - 5 22,44,?,h8h5,0,0,h8h5,0.1919,0.2159,0.2251,0.2363,g7g5,g7g5,h8h5,h8h5,0.0,0.2363,0.0444,False
4r3/3n1k2/2p1pp2/1pPpPnpr/p2P3p/P1PK3P/3NRPPB/4R3 b - - 1 24,48,?,f5e7,-29,8,h5h6,0.0227,0.0259,0.0276,0.0223,f6e5,f6e5,f6e5,e8g8,82.0,0.0276,-0.0004,False
4r3/3n1k2/2p1pr2/1pPp1np1/p2P3p/P1PK1N1P/4RPPB/4R3 b - - 1 26,52,?,f6g6,-36,19,f6g6,0.2361,0.2599,0.2737,0.2491,f7g6,f7g6,f7g6,f7g6,46.0,0.2737,0.013,False
4r3/3n1k2/2p1p1r1/1pPpBn2/p2P2Pp/P1PK1N2/4RPP1/4R3 b - - 0 28,56,?,g6g4,-11,281,g6g4,0.9381,0.9546,0.9646,0.9698,g6g4,g6g4,g6g4,g6g4,0.0,0.9698,0.0317,False
6r1/3n1k2/2p1p3/1pPpBn2/p2P2rp/P1PK4/4RPP1/4N2R b - - 3 30,60,?,d7e5,0,5,g4g2,0.4313,0.459,0.4745,0.4433,d7e5,d7e5,d7e5,d7e5,0.0,0.4745,0.012,False
8/3n1k2/2p1p3/1pPpBn2/p2P3p/P1PK3R/4RPr1/8 b - - 1 32,64,?,d7e5,94,94,d7e5,0.14,0.1222,0.1123,0.1063,g2g1,g2g1,g2g1,g2g1,94.0,0.14,-0.0337,False
8/5k2/2p1p3/1pPp1R2/p2P3p/P1PK3R/5r2/8 b - - 0 34,68,?,e6f5,205,183,e6f5,0.4195,0.3926,0.3867,0.3675,f2f5,f2f5,f2f5,f2f5,182.0,0.4195,-0.052,False
rnbq1rk1/1p2bppp/4pn2/p1pp4/P3P3/3P1NP1/1PPN1PBP/R1BQ1RK1 b - - 0 8,16,?,b8c6,-40,8,b8c6,0.1809,0.1832,0.2793,0.5828,d5e4,d5e4,d5e4,b8c6,0.0,0.5828,0.4019,False
r1bq1rk1/4bppp/1pn1pn2/p1ppP3/P7/3P1NP1/1PPN1PBP/R1BQR1K1 b - - 0 10,20,?,f6g4,-46,7,f6d7,0.3303,0.1663,0.0645,0.0215,f6d7,f6d7,f6d7,f6d7,17.0,0.3303,-0.3088,False
r1bqr1k1/3nbppp/1pn1p3/p1ppP3/P7/N2P1NP1/1PP2PBP/R1BQR1K1 b - - 4 12,24,?,c8a6,-74,7,c8a6,0.4035,0.4518,0.5143,0.6711,c8a6,c8a6,c8a6,c8a6,0.0,0.6711,0.2676,False
r2qr1k1/3nb1pp/bpn1pP2/p1pp4/P6P/N2P1NP1/1PP2PB1/R1BQR1K1 b - - 0 14,28,?,e7f6,-125,71,e7f6,0.7341,0.7205,0.7268,0.7927,e7f6,e7f6,e7f6,e7f6,0.0,0.7927,0.0586,False
