fen,ply,game_id,engine_best,best_cp,engine_margin,played_move,p_engine_move_1100,p_engine_move_1400,p_engine_move_1700,p_engine_move_2000,human_top_1100,human_top_1400,human_top_1700,human_top_2000,human_cost_cp,p_max,p_slope,machine_unique,source,family,piece,capture,check,quiet,pawn_move,phase,real_found
r4rk1/1p1bq1p1/p1n2n1p/2Ppp3/7N/P1PB4/1P1N1PPP/2RQR1K1 b - - 1 16,32,5hd19YaA,f6g4,127,83,e5e4,0.0467,0.0403,0.0327,0.029,e5e4,e5e4,e5e4,e5e4,270.0,0.0467,-0.0177,True,club,1,knight,False,False,True,False,middlegame,False
r1bq1rk1/ppp2p2/2n1p2R/3p4/1bPP2p1/2NBPNP1/PP3PP1/2RQK3 b - - 0 12,24,ZmIK0RUK,d5c4,-247,10,g4f3,0.0107,0.0069,0.0094,0.022,g4f3,g4f3,g4f3,g4f3,129.0,0.022,0.0113,True,club,6,pawn,True,False,False,True,middlegame,False
r4rk1/5p2/5qp1/7p/1p2R2P/3Q1P2/1PP2bR1/1NK5 b - - 1 26,52,6SE2GH52,f8d8,434,33,f2h4,0.0088,0.0074,0.0081,0.0113,f2h4,f2h4,f2h4,f2h4,269.0,0.0113,0.0025,True,club,5,rook,False,False,True,False,middlegame,False
2k3rr/p1qn1p2/4p3/2p1P1Pp/2PpR3/P6Q/2PB2PP/1R5K b - - 0 24,48,dJVtH2o5,h5h4,-269,34,c7c6,0.0332,0.0216,0.015,0.0146,d7e5,d7e5,d7e5,d7e5,313.0,0.0332,-0.0186,True,club,6,pawn,False,False,True,True,middlegame,False
2kr3r/1pp2ppp/2n1p3/8/1b2N3/1BPPP1PP/1P6/2KR3R b - - 0 20,40,DbNLygqd,b4f8,-114,0,b4e7,0.0073,0.0057,0.004,0.0042,b4a5,b4a5,b4a5,b4e7,130.0,0.0073,-0.0031,True,club,4,bishop,False,False,True,False,middlegame,False
1k1r3r/1pp1bppp/2n1p3/8/3PN3/1BP1P1PP/RPK5/7R b - - 4 24,48,DbNLygqd,b7b5,-105,39,b7b6,0.0112,0.0058,0.0036,0.0024,f7f5,f7f5,f7f5,f7f5,248.0,0.0112,-0.0088,True,club,4,pawn,False,False,True,True,middlegame,False
3r3r/1kp3pp/1pn1p3/5pb1/1P1P4/2P1PBPP/R1KN4/R7 b - - 2 30,60,DbNLygqd,d8d5,-537,52,d8d5,0.0082,0.0063,0.0049,0.0041,g5e3,g5e3,g5e3,g5e3,1460.0,0.0082,-0.0041,True,club,3,rook,False,False,True,False,middlegame,True
r2q1rk1/p4p1p/6pQ/1ppnPb2/3p1P2/1P1P2PP/P1P5/R1B2RK1 b - - 0 20,40,qN5vDDhz,f8e8,375,12,d5e7,0.0142,0.0143,0.0135,0.0181,d5e3,d5e3,d8d7,d8d7,140.0,0.0181,0.0039,True,club,7,rook,False,False,True,False,middlegame,False
3r2k1/5p2/1R4np/2p3pq/4P3/4QPR1/1P3P1P/7K b - - 0 32,64,OMBhQLoH,c5c4,-296,6,d8d1,0.0292,0.017,0.0128,0.0135,d8d1,d8d1,g6f4,g6f4,413.0,0.0292,-0.0157,True,club,5,pawn,False,False,True,True,endgame,False
2r1kr2/pp4pp/2n1P1n1/2b5/Bqp5/2N5/PP2Q1PP/1RB2R1K b - - 8 22,44,ovr0cZUd,c5d4,-280,75,f8f1,0.0481,0.0319,0.0219,0.0177,f8f1,f8f1,f8f1,f8f1,237.0,0.0481,-0.0304,True,club,6,bishop,False,False,True,False,middlegame,False
r2qkb1r/4pp1p/2n3p1/pp1p1b2/2pPN3/2P2N1P/PPB2PP1/R1B1QRK1 b kq - 0 12,24,EzT4EPp1,f8g7,-164,116,f8g7,0.0239,0.0209,0.0164,0.0167,d5e4,d5e4,d5e4,d5e4,113.0,0.0239,-0.0072,True,club,1,bishop,False,False,True,False,middlegame,True
8/p5p1/1p3k1p/8/P2RPP1P/6P1/4r3/6K1 b - - 0 34,68,KMD4FowC,h6h5,-129,60,e2e3,0.0174,0.0204,0.0305,0.0497,e2e3,e2e3,e2e3,e2e3,183.0,0.0497,0.0323,True,club,4,pawn,False,False,True,True,endgame,False
8/6pk/2p5/P2b4/1P4q1/2Q5/6PK/6R1 b - - 1 34,68,XUYNlcpO,h7g8,-398,120,h7g8,0.0072,0.0064,0.0092,0.0188,g4h4,g4h4,g4h4,g4h4,216.0,0.0188,0.0116,True,club,5,king,False,False,True,False,endgame,True
r2q1r1k/pp1b3p/1n2pb2/4B3/2PP1N2/1P2Q2P/P1R5/4KNR1 b - - 2 24,48,Hkk7cbBb,d7e8,-511,127,d8e7,0.0179,0.0174,0.0171,0.017,f6e5,f6e5,f6e5,f6e5,1475.0,0.0179,-0.0009,True,club,6,bishop,False,False,True,False,middlegame,False
1r6/1p1q1pk1/pR1p2pp/3Ppn2/2P1n3/5N2/PQ3PPP/1R4K1 b - - 3 26,52,KEezw1Yx,d7e7,-195,38,e4c5,0.0143,0.0106,0.0084,0.0092,e4c5,e4c5,e4c5,e4c5,244.0,0.0143,-0.0051,True,club,5,queen,False,False,True,False,middlegame,False
rn1q4/pp1b1kp1/2pP1p2/4Q1B1/7N/2P5/PPP3PP/R4RK1 b - - 0 24,48,3Y7KRrw3,d7e8,-817,18,d8b6,0.0037,0.0039,0.0046,0.0045,d8b6,d8b6,d8b6,d7e6,250.0,0.0046,0.0008,True,club,3,bishop,False,False,True,False,middlegame,False
r3r1k1/1ppq4/pb1pN2p/3P2p1/3Pn3/1Q3N1P/P2B1PP1/R5K1 b - - 1 20,40,wGhEsRRL,d7b5,204,86,d7f7,0.0192,0.0215,0.0256,0.0307,e4d2,e4d2,e4d2,e4d2,239.0,0.0307,0.0115,True,club,0,queen,False,False,True,False,middlegame,False
rr4k1/2pq1ppp/2pbp3/5b2/pn2N3/2PP1Q1P/PP3PP1/R1BBR1K1 b - - 1 16,32,wcfP6j8O,b4d3,228,183,b4d3,0.0401,0.0375,0.0388,0.0374,b4d5,b4d5,b4d5,b4d5,247.0,0.0401,-0.0027,True,club,1,knight,True,False,False,False,middlegame,True
2r1k2r/pR1nNpp1/4p1p1/6P1/3P4/5Q1P/P1q2P2/2B1R1K1 b k - 0 20,40,KMkj8gty,c8c3,-417,72,e8e7,0.0479,0.036,0.0256,0.0224,e8e7,e8e7,e8e7,e8e7,655.0,0.0479,-0.0255,True,club,6,rook,False,False,True,False,middlegame,False
rn3r2/pp2p1kp/2p3p1/3pPq2/3P3P/3Q1P2/PPP1K3/RN5R b - - 2 16,32,TNsrzgx8,c6c5,146,24,f5d3,0.0126,0.0106,0.013,0.0145,f5d3,f5d3,f5d3,f5f4,112.0,0.0145,0.0019,True,club,5,pawn,False,False,True,True,middlegame,False
r1b4r/pp3kp1/2p5/1n1pBP2/6P1/3P2K1/PPP5/RN6 b - - 4 26,52,ss7tWtvS,c8f5,413,59,h8h1,0.0091,0.0064,0.0049,0.0045,h8h1,c8d7,c8d7,c8d7,103.0,0.0091,-0.0046,True,club,7,bishop,True,False,False,False,middlegame,False
2kr4/ppb2R2/8/2p4p/1q4pP/2N1P3/PP1R1PP1/3Q2K1 b - - 0 34,68,4X0qke7z,c7h2,-812,13,g4g3,0.0059,0.0047,0.0036,0.0029,d8d2,d8d2,d8d2,d8d2,152.0,0.0059,-0.003,True,club,3,bishop,False,True,False,False,middlegame,False
2rq1rk1/1b3p2/1p2p3/p1b1P1p1/P5p1/1P1PN1P1/1QN2P1P/3RR1K1 b - - 4 26,52,ZQiinlSb,g8g7,46,54,g8g7,0.0362,0.0464,0.0459,0.0354,b7f3,b7f3,b7f3,b7f3,166.0,0.0464,-0.0008,True,club,0,king,False,False,True,False,middlegame,True
r1b1k2r/ppp2ppp/2n1p3/2Np4/8/3B4/PPPN2PP/R4K1R b kq - 1 14,28,WfaSyiJE,e8e7,-23,12,e8g8,0.0017,0.0027,0.0074,0.0343,b7b6,b7b6,b7b6,b7b6,102.0,0.0343,0.0326,True,club,2,king,False,False,True,False,middlegame,False
r1b2rk1/5ppp/2p5/p3P3/Pp3N1Q/1B2q2P/1PP3P1/5R1K b - - 2 24,48,jkthL8ab,a8a7,149,51,c8a6,0.005,0.0062,0.0065,0.0076,e3e5,e3e5,e3e5,e3e5,199.0,0.0076,0.0026,True,club,0,rook,False,False,True,False,middlegame,False
r4rk1/5ppp/b1p1P3/p7/Pp3N1Q/1B5P/1PPq2P1/4R2K b - - 0 26,52,jkthL8ab,a8a7,-465,32,g7g6,0.0099,0.016,0.0205,0.0245,f7e6,f7e6,f7e6,f7e6,520.0,0.0245,0.0146,True,club,6,rook,False,False,True,False,middlegame,False
1r1r4/p5bk/8/2p3qp/2NpPpP1/1PPR4/P4Q1P/3R2K1 b - - 0 30,60,bKScTyX2,d4c3,263,90,h5g4,0.0033,0.0018,0.0016,0.0026,g5g4,g5g4,g5g4,g5g4,228.0,0.0033,-0.0007,True,club,5,pawn,True,False,False,True,middlegame,False
2r3k1/pp1qRppp/n7/Q2b2B1/3P4/6P1/PP3P1P/6K1 b - - 1 22,44,U67JkNqw,d7e7,558,107,d7c6,0.0133,0.0084,0.0051,0.0045,d7c6,d7c6,d7c6,d7c6,109.0,0.0133,-0.0088,True,club,7,queen,True,False,False,False,middlegame,False
r1b1kbnr/ppQp2pp/3n4/4qP2/4p3/8/PPPPNPPP/RNB2RK1 b kq - 0 10,20,50ivql8o,b7b6,308,18,g8f6,0.0046,0.0059,0.0064,0.005,d6f5,d6f5,d6f5,d6f5,918.0,0.0064,0.0004,True,club,7,pawn,False,False,True,True,opening,False
r1b1k1n1/pppp1p2/8/3P4/5pp1/2P5/PP4P1/RNB1K3 b Qq - 0 16,32,SRiomDPO,g8e7,255,93,f4f3,0.0088,0.0083,0.0057,0.0044,f4f3,f4f3,f4f3,f4f3,137.0,0.0088,-0.0044,True,club,0,knight,False,False,True,False,endgame,False
2kr4/ppp2p2/3p1n2/3P2K1/2P3b1/8/PP6/RNB5 b - - 4 22,44,SRiomDPO,f6d5,-54,97,d8e8,0.0033,0.0029,0.0031,0.0033,f6e4,f6e4,f6e4,f6e4,216.0,0.0033,0.0,True,club,5,knight,True,False,False,False,endgame,False
8/1QR2pbk/6p1/1P1Np2p/P2nP2P/8/5PPK/4q3 b - - 6 34,68,wQo6NXYY,d4e2,1987,1987,e1f2,0.0484,0.0334,0.0232,0.0209,e1f2,e1f2,e1f2,e1f2,1987.0,0.0484,-0.0275,True,club,5,knight,False,False,True,False,endgame,False
r4rk1/1b1p1p2/3N2p1/4N1Qp/4P2P/P7/1P3qP1/1K5R b - - 0 22,44,NoOt7opT,f8b8,406,130,a8b8,0.0073,0.0062,0.006,0.0076,b7e4,b7e4,b7e4,b7e4,714.0,0.0076,0.0003,True,club,5,rook,False,False,True,False,middlegame,False
r4qk1/2p1b1p1/1pN2p1p/pP1r4/2QP4/P3P2P/5PP1/R4RK1 b - - 3 26,52,eeFGKExL,g8h7,-540,2,a8d8,0.0258,0.0198,0.016,0.015,f8f7,f8f7,f8f7,f8f7,293.0,0.0258,-0.0108,True,club,3,king,False,False,True,False,middlegame,False
r1r1b1k1/pp2qpp1/4p2p/2n1N3/2RN1P2/1P4Q1/P5PP/4R1K1 b - - 0 24,48,9EFUuGbC,c5a6,186,102,b7b5,0.0409,0.0399,0.0418,0.0384,c5d7,c5d7,c5d7,b7b5,128.0,0.0418,-0.0025,True,club,0,knight,False,False,True,False,middlegame,False
4r1k1/3Q2pp/4ppb1/p7/3P4/1P2PP1K/r6P/6R1 b - - 5 34,68,8SZ2oxr5,g6f7,-247,82,a2b2,0.0194,0.0236,0.0243,0.0219,g6f5,g6f5,g6f5,a2e2,395.0,0.0243,0.0025,True,club,4,bishop,False,False,True,False,endgame,False
rn2k2r/ppp1nppp/5q2/3P4/2B4b/2N4b/PPPPQ2N/R1B3RK b kq - 6 12,24,dJcUkGAg,f6f2,38,110,b8d7,0.0462,0.0286,0.0184,0.0123,e8g8,e8g8,e8g8,e8g8,115.0,0.0462,-0.0339,True,club,1,queen,False,False,True,False,middlegame,False
r3kbnr/pp1b1ppp/2n1p3/3pP3/R2P4/2PBB3/1q3PPP/1N1QK1NR b Kkq - 4 10,20,tai9Te7y,a7a6,0,25,a7a6,0.0135,0.0118,0.0091,0.0068,c6e5,c6e5,c6e5,c6e5,331.0,0.0135,-0.0067,True,club,1,pawn,False,False,True,True,opening,True
r2r2k1/1p4bp/2pNpnp1/p1P5/2NpP3/P6P/1P3PP1/R3K2R b KQ - 1 20,40,n0Sg3gMb,a5a4,0,0,b7b5,0.0384,0.0294,0.0232,0.0213,g7f8,g7f8,g7f8,g7f8,202.0,0.0384,-0.0171,True,club,4,pawn,False,False,True,True,middlegame,False
2r3k1/1r5p/1P2p1p1/2b1N3/2Np1PPn/P6P/1P6/1K1R3R b - - 4 30,60,n0Sg3gMb,c8a8,-377,18,c5b6,0.0078,0.0065,0.0046,0.0038,h4g2,c5b6,c5b6,c5b6,106.0,0.0078,-0.004,True,club,3,rook,False,False,True,False,middlegame,False
5qk1/1p1Q3p/p2br1p1/3p4/P5R1/2PB3P/5PP1/6K1 b - - 2 30,60,LwGqOM2R,e6e7,638,638,e6e1,0.0208,0.0149,0.0128,0.0109,e6e1,e6e1,e6e1,e6e1,644.0,0.0208,-0.0099,True,club,5,rook,False,False,True,False,endgame,False
r2qr1k1/1pp2pbp/p1n1bnp1/3p4/3P1B2/P1N1PN1P/1P2BPP1/2RQ1RK1 b - - 0 12,24,tokLHJ8O,g7f8,-99,0,d8d7,0.0048,0.0051,0.0047,0.0051,b7b5,b7b5,d8d7,d8d7,105.0,0.0051,0.0003,True,club,1,bishop,False,False,True,False,middlegame,False
r3r1k1/pp3ppp/5q2/2b5/P4Nnn/3B3R/1PPB4/R2Q1K2 b - - 3 22,44,zADakUT5,f6d4,941,133,g4e3,0.0222,0.0197,0.0189,0.0239,g4e3,g4e3,g4e3,g4e3,261.0,0.0239,0.0017,True,club,7,queen,False,False,True,False,middlegame,False
8/1R6/p5pb/k2N4/4r1P1/8/PPP5/1K1R4 b - - 0 32,64,quD2llwO,h6f8,-765,28,e4g4,0.0119,0.0131,0.0135,0.017,e4g4,e4g4,e4g4,e4g4,205.0,0.017,0.0051,True,club,3,bishop,False,False,True,False,endgame,False
r1r5/1p1k1pp1/2q1p2p/P2pP3/5P2/8/3N2PP/QR5K b - - 0 24,48,owOZ8uBD,a8a5,535,141,c8c7,0.0113,0.0114,0.0113,0.0102,b7b6,c6c3,c6c3,c6c3,129.0,0.0114,-0.0011,True,club,7,rook,True,False,False,False,endgame,False
r1b1k2r/p4ppp/2pqp3/1p5Q/2p1P2P/P1Nn2P1/1P3PB1/3R1RK1 b kq - 1 18,36,GFBX5Vxo,e6e5,285,54,e8g8,0.0423,0.0458,0.0454,0.0467,g7g6,e8g8,d6e5,d6e5,130.0,0.0467,0.0044,True,club,0,pawn,False,False,True,True,middlegame,False
kr6/5p1p/4bp2/2p2P2/3pR1P1/qP1P3P/1NP5/1K1R4 b - - 0 30,60,8FPn7lBJ,b8b3,536,104,e6d5,0.0041,0.0037,0.0038,0.0049,e6b3,e6b3,e6b3,e6b3,155.0,0.0049,0.0008,True,club,7,rook,True,False,False,False,endgame,False
2r1kb1r/Nppn1ppp/4p3/4P3/1PB3b1/3PQ1P1/P1PB3q/R3K1R1 b Qk - 0 18,36,kMr4oeWP,d7e5,424,159,c8a8,0.0097,0.004,0.0025,0.0021,c8a8,c8a8,c8a8,c8a8,190.0,0.0097,-0.0076,True,club,5,knight,True,False,False,False,middlegame,False
2r1kb1r/Nppn1ppp/4p3/4P3/1PB3b1/3PQ1P1/P1PB3q/R3K1R1 b Qk - 4 20,40,kMr4oeWP,d7e5,410,131,c8d8,0.0097,0.004,0.0025,0.0021,c8a8,c8a8,c8a8,c8a8,171.0,0.0097,-0.0076,True,club,5,knight,True,False,False,False,middlegame,False
r2q1rk1/p3b3/1p2R1bp/3p1pp1/3P4/1QP3N1/PP1B1PPP/R5K1 b - - 1 22,44,1HMEsCjM,d8d7,-92,36,g6f7,0.0102,0.005,0.0031,0.0028,f8f6,f8f6,g8g7,g8g7,202.0,0.0102,-0.0074,True,club,6,queen,False,False,True,False,middlegame,False
r4rk1/p3qb2/1p5R/3p2p1/3P1p2/1QP5/PP1B1PPP/4R1K1 b - - 1 26,52,1HMEsCjM,e7e1,-476,117,e7d7,0.0493,0.0343,0.0272,0.022,e7d7,e7d7,e7d7,e7d7,317.0,0.0493,-0.0273,True,club,6,queen,True,True,False,False,middlegame,False
8/1bp1nk2/1q2pp2/1P1p2p1/3P3p/r1PNPN1P/2Q2PP1/5RK1 b - - 8 24,48,7KZFSaU8,f7g7,-212,44,b6b5,0.0005,0.0007,0.0011,0.0018,b6b5,b6b5,b6b5,b6b5,158.0,0.0018,0.0013,True,club,6,king,False,False,True,False,middlegame,False
8/1bp1nk2/q3pp2/2Np2p1/3P3p/r1P1PN1P/2Q2PP1/1R4K1 b - - 3 26,52,7KZFSaU8,e7f5,-504,65,a3a2,0.0007,0.0004,0.0002,0.0001,a6c6,a6a7,a6a7,a6a7,1488.0,0.0007,-0.0006,True,club,3,knight,False,False,True,False,middlegame,False
r1b3k1/1p1p1r1p/pq2n2Q/5p2/2B2P1P/8/PB3RP1/3R2K1 b - - 1 22,44,2nJ3npPd,a6a5,-742,8,b6c7,0.035,0.026,0.02,0.0169,b6b2,b6c5,b6c5,b6c5,1254.0,0.035,-0.0181,True,club,3,pawn,False,False,True,True,middlegame,False
8/pppk4/4pp1p/3r4/8/K1Pn3R/5PPP/5R2 b - - 4 26,52,0mmS2wIJ,d3e5,-16,6,h6h5,0.0216,0.023,0.0237,0.0197,h6h5,h6h5,h6h5,h6h5,226.0,0.0237,-0.0019,True,club,5,knight,False,False,True,False,endgame,False
7r/p2Nnpk1/1qp1p1p1/4P1B1/2p3P1/2Pb4/P2Q1PK1/R7 b - - 0 28,56,OJiE9v1e,e7d5,-575,40,b6d8,0.0248,0.023,0.0265,0.034,b6b7,b6b7,b6b7,b6b7,605.0,0.034,0.0092,True,club,6,knight,False,False,True,False,middlegame,False
3q2kB/p2Nnp2/2p1p1p1/4P3/2p3P1/2Pb4/P2Q1PK1/R7 b - - 0 30,60,OJiE9v1e,d3e4,-877,135,d8d7,0.025,0.0177,0.0105,0.0062,g8h8,g8h8,g8h8,g8h8,1121.0,0.025,-0.0188,True,club,3,bishop,False,True,False,False,middlegame,False
r1b2rk1/ppp2ppp/2n5/2b1P3/5P2/5N2/PPP1K1PP/R1B2B1R b - - 4 10,20,8YNV2CAi,c6b4,0,64,c8g4,0.0295,0.0232,0.0259,0.0432,c8g4,c8g4,c8g4,c8g4,115.0,0.0432,0.0137,True,club,1,knight,False,False,True,False,opening,False
r3k2r/1b2b2p/p1nqNn2/8/Pp6/7Q/BPP2PPP/R1B1R1K1 b - - 4 20,40,oF60vL8I,h8g8,-477,69,a8d8,0.0497,0.0386,0.038,0.035,b7c8,b7c8,b7c8,b7c8,134.0,0.0497,-0.0147,True,club,6,rook,False,False,True,False,middlegame,False
3rk2r/1b2b2p/p2qNn2/4B3/Pp6/7Q/BPP2PPP/R3R1K1 b - - 0 22,44,oF60vL8I,f6e4,-821,9,d6c6,0.0016,0.0012,0.0009,0.0007,d6d2,d6d2,d6c6,d6c6,125.0,0.0016,-0.0009,True,club,3,knight,False,False,True,False,middlegame,False
5k1r/1b1Qb2p/p7/6q1/Pp6/6P1/BPP2P1P/3RR1K1 b - - 0 30,60,oF60vL8I,b7h1,-1044,41,b7f3,0.0025,0.0045,0.0066,0.0081,b7f3,b7f3,b7f3,b7f3,944.0,0.0081,0.0056,True,club,3,bishop,False,False,True,False,middlegame,False
3rk2r/ppq1bpp1/1n2pn1p/2pP4/2P4P/2BQ1NN1/PP3PP1/1K1RR3 b k - 0 16,32,Q0T226Ot,f6g4,-221,2,e6d5,0.0404,0.0241,0.0127,0.0054,e6d5,e6d5,e6d5,e6d5,288.0,0.0404,-0.035,True,club,1,knight,False,False,True,False,middlegame,False
3rk2r/ppq1bpp1/1n3n1p/2p2N2/2p4P/2B2N2/PP2QPP1/1K1RR3 b k - 1 18,36,Q0T226Ot,f6g8,-477,1,b6d5,0.0071,0.0054,0.004,0.0035,d8d1,d8d1,d8d1,b6d5,119.0,0.0071,-0.0036,True,club,6,knight,False,False,True,False,middlegame,False
8/ppq1NkB1/5p1p/2pr4/2p3nP/5N2/PP2QPP1/1K2R3 b - - 0 24,48,Q0T226Ot,c7d6,-799,3,d5h5,0.0157,0.0142,0.0136,0.0147,f7g7,f7g7,f7g7,f7g7,237.0,0.0157,-0.001,True,club,3,queen,False,False,True,False,middlegame,False
r4rk1/6b1/3p1NR1/2pPq3/1pP5/pP2B3/P2N4/1QK4R b - - 0 28,56,pL2KZ01P,e5f6,-811,59,f8f6,0.0152,0.0107,0.0077,0.0056,f8f6,f8f6,f8f6,f8f6,366.0,0.0152,-0.0096,True,club,3,queen,True,False,False,False,middlegame,False
1rb2rk1/1p1p1ppp/p2N4/4b3/1PP5/4PB2/P4P1P/1R1R2K1 b - - 1 22,44,NpBkJhog,g7g6,-215,19,e5d6,0.0218,0.0213,0.0246,0.0483,e5d6,e5d6,b7b5,b7b5,116.0,0.0483,0.0265,True,club,4,pawn,False,False,True,True,middlegame,False
r3kb1r/5p2/3p3p/1p2p1p1/p2P4/2P1Pq2/BPQ5/R2R2K1 b kq - 0 26,52,u9Ht2Q8H,f8g7,275,33,f3e3,0.0041,0.0041,0.005,0.0089,f3e3,f3e3,f3e3,f3e3,221.0,0.0089,0.0048,True,club,0,bishop,False,False,True,False,middlegame,False
r3r1k1/pp3ppp/3p4/n1p1pNq1/4P3/2PP1Q2/PPB1KP2/6RR b - - 1 20,40,XPd7mHZC,g5g6,-861,1,g5f6,0.0034,0.0019,0.0011,0.0007,g5f6,g5f6,g5f6,g5f6,165.0,0.0034,-0.0027,True,club,3,queen,False,False,True,False,middlegame,False
r2qkb1r/1p4pp/p2p1p1n/2p1n3/8/1PN1P2N/PBP2PP1/R2QK2R b KQkq - 1 12,24,5Nk2VPjJ,d8e7,-168,4,f8e7,0.012,0.014,0.0151,0.0108,f8e7,f8e7,f8e7,f8e7,120.0,0.0151,-0.0012,True,club,1,queen,False,False,True,False,middlegame,False
r2r2k1/pQp1qpbp/6p1/8/1PP5/P2b1B2/R4PPP/2BR2K1 b - - 2 18,36,UGZv44oL,d3e4,375,390,d3c4,0.0148,0.0105,0.0076,0.007,d3c4,d3c4,d3c4,d3c4,446.0,0.0148,-0.0078,True,club,0,bishop,False,False,True,False,middlegame,False
3q2k1/pQp2p1p/6pB/8/1Pb5/P1b2B2/5PPP/6K1 b - - 1 22,44,UGZv44oL,c3d2,-10,8,a7a5,0.0208,0.0205,0.0182,0.0162,c3g7,c3g7,c3g7,c3g7,175.0,0.0208,-0.0046,True,club,4,bishop,False,False,True,False,endgame,False
2k3rr/pp3pp1/2q1p3/2ppP2p/3P1P1Q/2P5/PP1BN3/R5K1 b - - 0 22,44,oolVGWz8,c5c4,19,0,c5d4,0.0396,0.031,0.026,0.0206,g7g5,g7g5,g7g5,g7g5,129.0,0.0396,-0.019,True,club,2,pawn,False,False,True,True,middlegame,False
r1b1r1k1/2qn1p2/2p4Q/pp2p3/4N2b/PB5P/1PP2PP1/3R1RK1 b - - 0 20,40,kTEvY7pu,d7f6,-512,44,c7d8,0.0058,0.0044,0.0031,0.0012,h4e7,h4e7,h4e7,h4e7,1480.0,0.0058,-0.0046,True,club,6,knight,False,False,True,False,middlegame,False
r1br2k1/5p2/2p1nQ2/1p2p3/p7/P6P/BPP2PP1/4R1K1 b - - 1 26,52,kTEvY7pu,b5b4,-621,26,c6c5,0.0102,0.0047,0.0027,0.0023,d8d2,d8d2,d8d2,d8d2,165.0,0.0102,-0.0079,True,club,3,pawn,False,False,True,True,middlegame,False
2r5/5ppk/7p/3PPp2/3q3P/1p6/1Pb2RQP/6K1 b - - 5 34,68,8F9PUpX6,c2d3,1988,1151,d4e5,0.0034,0.0023,0.0016,0.0014,d4e5,c2e4,c2e4,c2e4,937.0,0.0034,-0.002,True,club,7,bishop,False,False,True,False,endgame,False
2r5/5ppp/4k3/4p3/8/1KB2P2/1P4PP/2N5 b - - 2 26,52,y2nrDib7,h7h5,-188,11,e6d5,0.008,0.0093,0.0125,0.0172,c8b8,e6d5,f7f5,f7f5,109.0,0.0172,0.0092,True,club,2,pawn,False,False,True,True,endgame,False
2kr3r/p1p3pp/1np1b3/4p3/1bP1Pp2/1P3P2/P1KNNBPP/R2R4 b - - 3 16,32,VHHDCEEk,b4a3,-80,6,d8d7,0.0112,0.0084,0.0051,0.003,d8d7,d8d7,d8d7,d8d7,102.0,0.0112,-0.0082,True,club,0,bishop,False,False,True,False,middlegame,False
r4r1k/pp1qp2p/2n1b3/3pPp2/5N2/8/PP4PP/R1BQ1RK1 b - - 2 18,36,FxQQNTxi,d5d4,40,30,f8g8,0.0403,0.0247,0.0195,0.0251,c6e5,c6e5,c6e5,c6e5,526.0,0.0403,-0.0152,True,club,0,pawn,False,False,True,True,middlegame,False
7k/pp5p/2n1p3/3qPpB1/3p4/5R1P/PP4K1/4R3 b - - 1 28,56,FxQQNTxi,h8g7,392,6,h8g7,0.0151,0.0215,0.0281,0.0371,c6e5,c6e5,c6e5,c6e5,560.0,0.0371,0.022,True,club,7,king,False,False,True,False,endgame,True
1b3rk1/1p2n3/p2qb3/4p1pp/2Pp2P1/1B2NP2/PP2Q1KP/3R1R2 b - - 0 28,56,reurrcYS,e5e4,128,128,d6c6,0.0366,0.0313,0.0262,0.0225,h5g4,h5g4,h5g4,h5g4,292.0,0.0366,-0.0141,True,club,5,pawn,False,False,True,True,middlegame,False
3Q4/1r5r/k1q1p2p/PpPp1Pp1/3B4/8/P5PP/3RR2K b - - 6 32,64,lRjkJLbh,b7e7,-721,8,a6a7,0.0066,0.0055,0.0045,0.0038,e6f5,e6f5,e6f5,e6f5,1272.0,0.0066,-0.0028,True,club,3,rook,False,False,True,False,middlegame,False
r1r3k1/5p2/5qnp/1p2p1bR/3pP1P1/1P1P1PK1/4N1N1/1Q5R b - - 0 34,68,dW2TqdCT,a8a6,380,19,a8a6,0.0102,0.0126,0.0167,0.0265,g6f4,g8g7,g8g7,g8g7,103.0,0.0265,0.0163,True,club,5,rook,False,False,True,False,middlegame,True
r1r3k1/4pp1p/p2pqnpQ/1p6/3BP3/2P4P/PP3PP1/R3R1K1 b - - 3 18,36,u8bu4tZk,f6e8,-125,22,c8c4,0.0079,0.0079,0.0138,0.0457,c8c4,c8c4,c8c4,c8c4,106.0,0.0457,0.0378,True,club,4,knight,False,False,True,False,middlegame,False
r1bq1rk1/5ppp/p1n1pn2/1pb5/4N3/2PB1N1P/PP2QPP1/R1B2RK1 b - - 0 12,24,lZZTgk7H,f6d7,-211,89,c5e7,0.0015,0.0008,0.0004,0.0003,f6e4,f6e4,f6e4,f6e4,213.0,0.0015,-0.0012,True,club,1,knight,False,False,True,False,middlegame,False
5rk1/p1r4p/bp2N1P1/2p1qp2/8/P1n1Q3/2B2PP1/R3K2R b KQ - 1 24,48,LbdNUX8G,c3e4,94,444,c3e4,0.0275,0.0164,0.0121,0.0122,e5e3,e5e3,e5e3,e5e3,421.0,0.0275,-0.0153,True,club,6,knight,False,False,True,False,middlegame,True
r1r3k1/1p3ppp/2p1Pn2/1p6/4P3/1BP4P/P4PP1/R3R1K1 b - - 0 22,44,d1nWp79K,g8f8,-268,81,f7e6,0.0071,0.008,0.0105,0.0155,f7e6,f7e6,f7e6,f7e6,210.0,0.0155,0.0084,True,club,4,king,False,False,True,False,endgame,False
r5k1/3q1ppp/2pb1n2/p2P4/P1P5/N5Pb/1P3P1P/R1B1QRK1 b - - 0 16,32,m2bgZklz,d7f5,273,64,d6a3,0.0084,0.0065,0.0061,0.009,h3f1,h3f1,h3f1,h3f1,341.0,0.009,0.0006,True,club,5,queen,False,False,True,False,middlegame,False
rn3rk1/2qb2pp/pp2N3/2P3N1/8/4QP2/P4K1P/2R4R b - - 2 22,44,qRIl7qu2,f8f3,-534,37,d7e6,0.0128,0.0126,0.0105,0.0085,d7e6,d7e6,d7e6,d7e6,108.0,0.0128,-0.0043,True,club,6,rook,True,True,False,False,middlegame,False
5rk1/pp2b1pp/8/4p3/4N3/PP1Pp1PP/1P6/4R1K1 b - - 2 24,48,uILNQowt,e7d8,0,5,f8c8,0.008,0.0071,0.0054,0.0045,f8f3,f8f3,f8f3,f8f3,110.0,0.008,-0.0035,True,club,4,bishop,False,False,True,False,endgame,False
4b3/5p1N/2k5/1pP4P/1K3p2/P7/5PP1/8 b - - 0 34,68,4VkMOjQc,c6c7,-766,25,f7f5,0.0254,0.0223,0.0199,0.0228,c6d5,c6d5,c6d5,c6d5,169.0,0.0254,-0.0026,True,club,3,king,False,False,True,False,endgame,False
r1b2rk1/2b2ppp/p3pn2/1P1pn3/1P6/2N3QP/2P1N1P1/R3KB1R b KQ - 0 18,36,NBLusDr8,c7d6,-290,15,a8a7,0.0236,0.0251,0.0221,0.0244,e5d3,e5d3,e5d3,e5d3,213.0,0.0251,0.0008,True,club,2,bishop,False,False,True,False,middlegame,False
1r1q1r1k/p1pbb1pn/Q1np3p/8/3PB3/5N1P/PP3PP1/RNB1R1K1 b - - 2 16,32,96k4QOHe,d6d5,76,213,b8b6,0.0136,0.0069,0.0042,0.0039,b8b6,b8b6,b8b6,c6b4,217.0,0.0136,-0.0097,True,club,1,pawn,False,False,True,True,middlegame,False
4r2k/1ppb2qp/p6p/3P4/4B3/3Q2RP/PP4P1/6K1 b - - 5 28,56,2mnGPS7t,g7f6,-114,130,g7e7,0.0272,0.026,0.0211,0.0178,g7e7,g7e7,g7e7,g7e7,132.0,0.0272,-0.0094,True,club,4,queen,False,False,True,False,endgame,False
3k3r/3brp2/1q3b1p/1p1Q1Pp1/3P2P1/PR5P/6K1/1B1N1R2 b - - 0 28,56,mZpxsPpE,b6c6,215,141,d8c7,0.0494,0.0466,0.0408,0.04,f6d4,f6d4,f6d4,f6d4,343.0,0.0494,-0.0094,True,club,0,queen,False,False,True,False,middlegame,False
rnb1k2r/pp2nppp/2p2b2/q2P4/2BN1B2/2N5/PPP2PPP/R2Q1RK1 b kq - 0 10,20,oFogTQoA,a5c5,-172,8,c6d5,0.0168,0.0129,0.0094,0.0081,c6d5,c6d5,c6d5,c6d5,102.0,0.0168,-0.0087,True,club,1,queen,False,False,True,False,opening,False
q3kb1r/3bnpp1/3p1n1p/4p3/2B1P3/5N2/1P1N1PPP/2BQ1RK1 b k - 0 16,32,pLlA59fC,a8b8,-11,1,f6e4,0.0014,0.001,0.0007,0.0005,f6e4,f6e4,f6e4,f6e4,305.0,0.0014,-0.0009,True,club,1,queen,False,False,True,False,middlegame,False
4kb1r/3bnpp1/3p3p/4p3/2B1q3/1Q3N2/1P3PPP/2B2RK1 b k - 1 18,36,pLlA59fC,e4f5,-199,61,d6d5,0.0158,0.0175,0.0163,0.0127,d6d5,d6d5,d6d5,d6d5,300.0,0.0175,-0.0031,True,club,6,queen,False,False,True,False,middlegame,False
1Qn1kb1r/3b1pp1/7p/1B1pp3/4q3/5N2/1P3PPP/2B2RK1 b k - 3 20,40,pLlA59fC,e8d8,-519,1,e4f5,0.0129,0.0093,0.0075,0.0069,f8d6,f8d6,f8d6,f8d6,1477.0,0.0129,-0.006,True,club,6,king,False,False,True,False,middlegame,False
3b1k1r/2q2pp1/b1pNp3/2PnP3/8/B5P1/1P3PB1/3QR1K1 b - - 4 26,52,ddkf3KbK,g7g5,-298,36,c7e7,0.02,0.0174,0.0165,0.0171,c7a5,d8e7,d8g5,d8g5,184.0,0.02,-0.0029,True,club,6,pawn,False,False,True,True,middlegame,False
5k1r/1Qb1qp2/2PNp1p1/3nP3/8/B2b2P1/1P3PB1/4R1K1 b - - 0 30,60,ddkf3KbK,f8g8,-517,43,f8g8,0.0243,0.0255,0.0233,0.0245,f8g7,f8g7,f8g7,f8g7,124.0,0.0255,0.0002,True,club,3,king,False,False,True,False,middlegame,True
r2r2k1/RpQ3pp/5p2/3P1n2/2P5/7P/2bB2P1/6K1 b - - 0 28,56,2LfMlX64,h7h5,-365,8,a8c8,0.0019,0.0015,0.0016,0.0026,a8a7,a8a7,a8a7,a8a7,422.0,0.0026,0.0007,True,club,6,pawn,False,False,True,True,middlegame,False
6k1/1p3pp1/pQ1N2np/3P4/8/3K2Bq/PP1R1Pn1/2r5 b - - 1 32,64,kiKZ7Ith,g6e5,863,218,g6e5,0.0193,0.015,0.0144,0.0154,g2e1,g2f4,g2f4,g2f4,471.0,0.0193,-0.0039,True,club,7,knight,False,True,False,False,middlegame,True
4k1r1/pp2np1Q/4pp2/7p/3P3P/2r3P1/Pq3PB1/RR2K3 b - - 5 22,44,FJIKm6JU,c3e3,468,454,b2a3,0.0209,0.0216,0.0244,0.0281,b2a3,b2a3,b2a3,b2a3,461.0,0.0281,0.0072,True,club,5,rook,False,True,False,False,middlegame,False
3q1rk1/1ppbbppp/3p1n2/r7/p2PP1P1/P1N2Q1P/1BP2PB1/R4RK1 b - - 0 16,32,6ddnhthl,h7h5,72,113,d8c8,0.0099,0.0108,0.0142,0.038,d7c6,d7c6,d7c6,d7c6,188.0,0.038,0.0281,True,club,1,pawn,False,False,True,True,middlegame,False
4rr1k/2q4p/p2b2pN/1pp1np2/3P1B2/3P2QP/PP3RP1/2R3K1 b - - 0 30,60,S8IRhbd6,e5c4,-298,25,e5f7,0.0102,0.0101,0.0113,0.0146,e5d3,e5d3,e5d3,e5d3,191.0,0.0146,0.0044,True,club,6,knight,False,False,True,False,middlegame,False
3r1rk1/1b3pb1/ppB2n1p/2p1N1p1/2N5/2P3P1/PP4PP/R3R1K1 b - - 1 18,36,MYYX6V2f,d8b8,-33,120,b7c6,0.0272,0.0313,0.0335,0.0234,b7c6,b7c6,b7c6,b7c6,198.0,0.0335,-0.0038,True,club,4,rook,False,False,True,False,middlegame,False
3r4/8/R4nk1/2p4p/2N3pN/2b3PP/P3r1P1/5RK1 b - - 1 34,68,MYYX6V2f,g6h7,-34,35,g6f7,0.0049,0.0063,0.0076,0.009,g6g5,g6g5,g6g5,g6g5,157.0,0.009,0.0041,True,club,4,king,False,False,True,False,middlegame,False
2r1r1k1/p4pp1/1q3b1p/3p1P2/3pn1N1/3Q4/PP4PP/R1B2R1K b - - 2 24,48,KbcAaLyv,f6e5,315,13,h6h5,0.0437,0.0401,0.0342,0.0265,f6g5,f6g5,f6g5,f6g5,120.0,0.0437,-0.0172,True,club,7,bishop,False,False,True,False,middlegame,False
6k1/p4pp1/1q6/3p1P1p/3p2nB/1P5Q/P1r1r1PP/R5RK b - - 4 30,60,KbcAaLyv,c2c3,672,4,g4e3,0.0319,0.0272,0.0223,0.02,d4d3,d4d3,d4d3,d4d3,274.0,0.0319,-0.0119,True,club,7,rook,False,False,True,False,middlegame,False
6k1/p1q2pp1/5P2/3p3p/3p4/1P2n1BQ/P1r1r1PP/R5RK b - - 2 32,64,KbcAaLyv,c7c8,314,76,c7c6,0.0208,0.024,0.025,0.0258,c7c3,c7c3,c7c3,c7c3,101.0,0.0258,0.005,True,club,5,queen,False,False,True,False,middlegame,False
5rk1/5ppp/3Q4/8/1P1PpPb1/2N1P1P1/1B1q2P1/R5K1 b - - 2 30,60,KwwzPjCa,g4f3,561,304,d2b2,0.002,0.0009,0.0004,0.0002,d2b2,d2b2,d2b2,d2b2,268.0,0.002,-0.0018,True,club,2,bishop,False,False,True,False,middlegame,False
6k1/Q4p1p/3Np1p1/3n4/3P4/7P/5PPK/1rr5 b - - 1 28,56,aIr3ukrN,d5c7,-61,460,c1c7,0.0086,0.0085,0.0068,0.0054,c1h1,c1h1,c1c7,c1c7,592.0,0.0086,-0.0032,True,club,4,knight,False,False,True,False,endgame,False
r1b2rk1/p1p2ppp/1nppq3/4P3/2P5/1P1B1N2/P2Q1PPP/R3K2R b KQ - 1 14,28,98ulg688,e6e7,-16,1,h7h6,0.0021,0.0015,0.0011,0.001,d6e5,d6e5,d6e5,d6e5,149.0,0.0021,-0.0011,True,club,1,queen,False,False,True,False,middlegame,False
2kr4/pp1r1p2/1q1b4/2p2Q1p/7P/1PP3P1/P3PP2/RN2K2R b KQ - 0 18,36,2d8BEu6p,b6c7,-124,25,b6c6,0.0409,0.0366,0.03,0.0271,c5c4,c5c4,b6c6,c5c4,205.0,0.0409,-0.0138,True,club,4,queen,False,False,True,False,middlegame,False
7r/pp1r1p2/2k5/2p5/6QP/1PN1P3/P4P2/R4RK1 b - - 0 26,52,2d8BEu6p,h8h6,-741,40,d7d8,0.0269,0.0312,0.0389,0.0435,f7f5,f7f5,f7f5,f7f5,256.0,0.0435,0.0166,True,club,3,rook,False,False,True,False,endgame,False
rn1q1rk1/1p1bnppp/Pb2p3/3pP3/P4B2/2PB1N2/5PPP/RN1QK2R b KQ - 0 12,24,C7RCmAI9,e7g6,-65,4,b8a6,0.0005,0.0009,0.0015,0.0014,b8a6,b8a6,b8a6,b8a6,123.0,0.0015,0.0009,True,club,1,knight,False,False,True,False,middlegame,False
1r2kb1r/p1p1pppp/1q6/8/5B2/2P2Q1P/PP3PP1/RN3RK1 b k - 0 14,28,MyxzEAko,e7e5,-516,11,b6b2,0.0286,0.0175,0.0137,0.0167,b6b2,b6b2,b6b2,b6b2,1481.0,0.0286,-0.0119,True,club,3,pawn,False,False,True,True,middlegame,False
2rr1bk1/6pp/2np4/1p1Npp2/8/1P2P3/PB1RKPPP/2R5 b - - 3 22,44,PE1YjHbJ,c6b8,-107,53,c6e7,0.004,0.0038,0.0045,0.0064,c6e7,c6e7,c6e7,g8f7,314.0,0.0064,0.0024,True,club,4,knight,False,False,True,False,middlegame,False
3r2k1/4qp2/pp5Q/3pn1p1/P1p5/2P1PrP1/1P1RNPK1/R7 b - - 0 30,60,VT6M1PEO,f3f2,596,131,f3f2,0.0025,0.0025,0.0026,0.0032,d8d6,e7f6,e7f6,e7f6,620.0,0.0032,0.0007,True,club,5,rook,True,True,False,False,middlegame,True
2r2r2/1pqn1k2/p3p3/3p1PQ1/3Pb3/PBP4P/1P4P1/4RRK1 b - - 0 22,44,ksbz2UkN,c7d6,-541,8,f8g8,0.0034,0.0027,0.0029,0.0042,f7e8,f7e8,f8g8,f8g8,1446.0,0.0042,0.0008,True,club,6,queen,False,False,True,False,middlegame,False
rn1q1rk1/p1p3pp/1p1p4/3b1p2/3Nn3/2P1P1P1/PQ3PBP/R1B2RK1 b - - 3 14,28,jnuTUcZ1,d8e8,156,4,d8e8,0.0099,0.0068,0.0049,0.0062,c7c5,c7c5,c7c5,c7c5,107.0,0.0099,-0.0037,True,club,0,queen,False,False,True,False,middlegame,True
rnbqr1k1/p1p2pp1/1p1b1n1p/3PN3/2PP1p2/2N5/PP2B1PP/R1BQ1RK1 b - - 1 10,20,3FQi7QTZ,g7g5,-81,117,d6e5,0.0468,0.0279,0.0213,0.0195,d6e5,d6e5,d6e5,d6e5,208.0,0.0468,-0.0273,True,club,1,pawn,False,False,True,True,opening,False
8/6p1/p1n1p1kp/1pBp1p2/1P1P3P/PR2PKP1/r4P2/8 b - - 4 34,68,YWzTSfDP,c6b8,34,12,g6h5,0.012,0.0135,0.0149,0.0186,h6h5,h6h5,h6h5,h6h5,122.0,0.0186,0.0066,True,club,4,knight,False,False,True,False,endgame,False
r1bqk2r/ppp3pp/1n1ppn2/6B1/3P1N2/3Q4/PPP1PPB1/2KR3R b kq - 4 12,24,JAhZNZdU,d8d7,-321,45,c7c6,0.03,0.0255,0.0229,0.0174,h7h6,c8d7,c8d7,c8d7,132.0,0.03,-0.0126,True,club,6,queen,False,False,True,False,middlegame,False
8/ppkb2Q1/2ppp3/8/1qn5/8/PPP2PB1/2K4R b - - 3 26,52,JAhZNZdU,e6e5,334,300,a7a5,0.0373,0.0303,0.031,0.032,b4d2,b4d2,b4d2,b4d2,295.0,0.0373,-0.0053,True,club,5,pawn,False,False,True,True,endgame,False
r4k2/ppp2p2/2n3p1/2R5/6N1/2B2P2/PP3KPP/3r4 b - - 12 26,52,l6JkO8RR,f7f5,227,8,a8d8,0.0491,0.0389,0.0379,0.0415,d1c1,d1c1,d1c1,d1c1,224.0,0.0491,-0.0076,True,club,4,pawn,False,False,True,True,endgame,False
2r3k1/pp1bbpp1/1q2p2p/3pPn2/2rP1B2/P1NQ1N1P/1P3PP1/1R1R2K1 b - - 4 18,36,IyUSUvwP,e7a3,85,5,a7a5,0.0422,0.0391,0.04,0.0455,d7b5,d7b5,b6b3,b6b3,271.0,0.0455,0.0033,True,club,0,bishop,True,False,False,False,middlegame,False
rn5Q/p3kp2/1p1rb1qB/2p5/2B5/8/PPP3PP/4R2K b - - 7 30,60,bKmPWZev,b8d7,447,27,d6d8,0.0144,0.0153,0.0183,0.02,g6c2,g6c2,g6c2,g6c2,894.0,0.02,0.0056,True,club,6,knight,False,False,True,False,middlegame,False
1nq2rk1/QR4pp/2p1p1b1/8/2N1pp2/2P1P3/P4PPP/R5K1 b - - 0 20,40,zPCxZkut,g8h8,-545,9,f4e3,0.0052,0.004,0.0031,0.003,f4e3,f4e3,f8f7,f8f7,111.0,0.0052,-0.0022,True,club,3,king,False,False,True,False,middlegame,False
2r3k1/p4p1p/1p2p1pQ/8/P2P4/7P/1q3PP1/3R2K1 b - - 0 30,60,EgHAeJLD,b2a3,385,6,b2b4,0.027,0.0284,0.0243,0.0181,b2c2,b2c2,b2c2,b2e2,146.0,0.0284,-0.0089,True,club,7,queen,False,False,True,False,endgame,False
3r2k1/7p/1pP3p1/2p2p2/4p3/PP5P/2R2KP1/3R4 b - - 0 32,64,GEBRqzeZ,d8c8,-514,15,d8d1,0.0197,0.0084,0.0035,0.0018,d8d1,d8d1,d8d1,d8d1,153.0,0.0197,-0.0179,True,club,4,rook,False,False,True,False,endgame,False
r1k4r/1p3Rpp/pq4n1/3pP3/P2P4/6RP/1P1B2P1/4Q1K1 b - - 0 22,44,hAdZLTQ6,c8b8,-506,10,b6d4,0.0213,0.0298,0.029,0.0243,b6d4,b6d4,b6d4,b6d4,135.0,0.0298,0.003,True,club,3,king,False,False,True,False,middlegame,False
6k1/5ppp/p1q2b2/1p6/2r1p3/PNP4P/1P4P1/3Q1R1K b - - 1 28,56,dUHFQzzR,c6e8,229,2,e4e3,0.0075,0.0094,0.0095,0.01,e4e3,e4e3,h7h6,h7h6,301.0,0.01,0.0025,True,club,5,queen,False,False,True,False,endgame,False
r6k/1Q4pp/p2p4/2b5/7q/3p1P1P/PP3P2/R4RK1 b - - 0 22,44,7TZSIWlZ,h4g3,308,233,a8f8,0.0299,0.0282,0.0215,0.0191,a8f8,a8f8,a8f8,a8f8,239.0,0.0299,-0.0108,True,club,5,queen,False,True,False,False,endgame,False
7k/6p1/p2p3p/2b2r2/8/3p1PQ1/4qPK1/3RR3 b - - 7 32,64,7TZSIWlZ,e2a2,134,10,e2c2,0.0399,0.0293,0.0215,0.0216,f5g5,f5g5,f5g5,f5g5,133.0,0.0399,-0.0183,True,club,5,queen,False,False,True,False,endgame,False
r4rk1/pp1q1ppp/1n3b2/3B4/8/2N2Q1P/PP3PP1/2RR2K1 b - - 0 18,36,YOyuPCPa,d7e7,-143,24,b6d5,0.0091,0.0085,0.0126,0.0198,b6d5,b6d5,b6d5,b6d5,261.0,0.0198,0.0107,True,club,4,queen,False,False,True,False,middlegame,False
1k4r1/ppp5/3p4/1P2nBr1/P4KP1/8/6P1/2R5 b - - 0 34,68,EJppShLe,g5g4,565,43,g5g4,0.0362,0.0393,0.0427,0.0472,e5g4,e5g4,e5g4,e5g4,111.0,0.0472,0.011,True,club,7,rook,True,True,False,False,endgame,True
r1b2q1k/bp2n1p1/p4p1p/3p3P/PP1P1B1N/8/2Q2PP1/R3R1K1 b - - 3 28,56,0j3Fv3Cv,c8f5,-557,2,c8g4,0.0138,0.0067,0.0029,0.0014,a7d4,a7d4,a7d4,a7d4,184.0,0.0138,-0.0124,True,club,3,bishop,False,False,True,False,middlegame,False
r1bqr1k1/ppp2ppp/2n5/3p4/3Pn3/1B1Q1N2/PB3PPP/R3R1K1 b - - 3 14,28,GxSKeh0D,c6a5,254,24,c8f5,0.0043,0.006,0.0105,0.0184,c8f5,c8f5,c8f5,c8f5,101.0,0.0184,0.0141,True,club,0,knight,False,False,True,False,middlegame,False
1r1qr1k1/ppp2ppp/2n5/1Q1B1b2/3Pn3/5N2/PB3PPP/R3R1K1 b - - 0 16,32,GxSKeh0D,f5g6,61,8,e4d6,0.0031,0.0041,0.005,0.0052,a7a6,a7a6,a7a6,a7a6,417.0,0.0052,0.0021,True,club,0,bishop,False,False,True,False,middlegame,False
4r1k1/p4ppp/1q6/3R4/3Q4/5P2/PP2bKPP/2r2B1R b - - 3 22,44,uam9VKbo,b6b8,169,38,c1c2,0.0015,0.0015,0.0015,0.0017,b6d4,b6d4,b6d4,b6d4,169.0,0.0017,0.0002,True,club,5,queen,False,False,True,False,middlegame,False
r2q1rk1/pp2bpp1/2np1n1p/4p3/1PB1P1b1/P1N1QN2/5PPP/R1BR2K1 b - - 2 12,24,zaCd3KRk,a8c8,146,5,a8c8,0.0274,0.0207,0.0225,0.0332,c6d4,a7a6,a7a6,g4f3,154.0,0.0332,0.0058,True,club,0,rook,False,False,True,False,middlegame,True
r1b1kn1r/ppq1bpp1/2p2n1p/4p3/4P3/1BN1BN1P/PPP1QPP1/R2R2K1 b kq - 6 12,24,73nBAVJH,f8e6,-45,33,f8g6,0.0069,0.0059,0.0074,0.0078,g7g5,g7g5,g7g5,g7g5,198.0,0.0078,0.0009,True,club,1,knight,False,False,True,False,middlegame,False
r5k1/p4pp1/1p1Bqbnp/4p3/2r1P3/Q6P/1PPR1PP1/3RN1K1 b - - 4 28,56,73nBAVJH,f6g5,129,56,c4e4,0.0237,0.0198,0.0158,0.0133,c4e4,c4e4,c4e4,c4e4,306.0,0.0237,-0.0104,True,club,0,bishop,False,False,True,False,middlegame,False
5k1r/QBp5/5pp1/1b6/3PP3/P1K2N1n/1P3qP1/R3R3 b - - 5 32,64,L07w87Bo,c7c6,-518,43,f2g2,0.0035,0.0029,0.0026,0.0029,h3f4,h3f4,h3f4,h3f4,185.0,0.0035,-0.0006,True,club,3,pawn,False,False,True,True,middlegame,False
1k5r/p1r5/q1PN1p2/1p1pp1p1/bQ3P1p/2P1P2P/1K4PB/R7 b - - 1 34,68,DbYc1h1I,g5f4,350,90,a6c6,0.042,0.0283,0.0234,0.023,a6c6,a6c6,a6c6,a6c6,167.0,0.042,-0.019,True,club,0,pawn,True,False,False,True,middlegame,False
r1b2rk1/2q1bppp/p1nppn2/1p6/3PP3/P1NBBN1P/1P3PP1/2RQ1RK1 b - - 1 12,24,hly3EFB7,b5b4,-133,8,c8b7,0.0204,0.0099,0.005,0.0023,c8b7,c8b7,c8b7,c8b7,118.0,0.0204,-0.0181,True,club,1,pawn,False,False,True,True,middlegame,False
2rbr1k1/1b1q1ppp/p1np1n2/1p1NP3/1P2PPP1/P2QB2P/7N/1BR2RK1 b - - 0 20,40,hly3EFB7,c6e5,-306,43,d6e5,0.0173,0.016,0.0126,0.0097,d6e5,d6e5,d6e5,d6e5,358.0,0.0173,-0.0076,True,club,6,knight,True,False,False,False,middlegame,False
1rb1nrk1/p4pp1/1p1q3p/2pPp2B/P1P1P3/2P3BP/1RQ2PP1/6RK b - - 2 24,48,Uo4SifHY,a7a5,-178,5,e8f6,0.0272,0.0193,0.0162,0.0125,e8f6,e8f6,e8f6,f7f5,133.0,0.0272,-0.0147,True,club,1,pawn,False,False,True,True,middlegame,False
5rk1/3b2p1/1R1n2qp/p1pPp3/2P1Pp2/2PQ1B1P/5PPB/7K b - - 0 34,68,Uo4SifHY,d6e4,267,254,f8a8,0.0025,0.0019,0.0013,0.0007,a5a4,a5a4,a5a4,a5a4,278.0,0.0025,-0.0018,True,club,0,knight,True,False,False,False,middlegame,False
2r5/pp2k1N1/2n1b2p/3pPp2/3P1P2/P3KNP1/1P6/2R5 b - - 1 28,56,LXAvbt8Y,c6e5,-149,160,e6d7,0.0074,0.0044,0.0033,0.0028,c8g8,c8g8,c8g8,c8g8,161.0,0.0074,-0.0046,True,club,6,knight,True,False,False,False,endgame,False
r5k1/pp1r2p1/7p/3bPp2/3P4/BP1RN2P/P5P1/6K1 b - - 8 28,56,hOXRdMar,g8f7,173,65,d5e4,0.0035,0.0025,0.0018,0.002,d5e4,d5e4,d5e4,d5e4,104.0,0.0035,-0.0015,True,club,4,king,False,False,True,False,endgame,False
2k1r2r/1Rp2pp1/p5b1/2bp4/7p/2NP1PqP/2PB2P1/1R3Q1K b - - 0 28,56,Wawnp3vR,g3f2,-123,41,c5b6,0.01,0.0119,0.0134,0.0145,c8d7,c8d7,c5b6,c5b6,194.0,0.0145,0.0045,True,club,0,queen,False,False,True,False,middlegame,False
5r2/1pkr2q1/2nb1p2/1QpBp3/2P4p/P1BP4/5RPP/5RK1 b - - 1 30,60,KWbLArvl,c7d8,-299,74,c6d4,0.0248,0.0297,0.034,0.0381,h4h3,h4h3,h4h3,h4h3,244.0,0.0381,0.0133,True,club,6,king,False,False,True,False,middlegame,False
r4rk1/1Qp2ppp/p7/4P3/8/7P/qPP3P1/2KR1R2 b - - 0 20,40,Q0uDy45N,a8d8,552,129,a2a1,0.02,0.0124,0.0077,0.0076,a2a1,a2a1,a8b8,a8b8,103.0,0.02,-0.0124,True,club,5,rook,False,False,True,False,endgame,False
3r2k1/pp4pp/3p2r1/5b2/3p4/N2P3P/PP3PP1/3RRK2 b - - 9 22,44,EBKZKQ1B,g6g5,-118,26,f5d7,0.021,0.016,0.0094,0.0063,d6d5,a7a6,a7a6,a7a6,101.0,0.021,-0.0147,True,club,4,rook,False,False,True,False,endgame,False
5rk1/4bppp/q3p2B/p2pPP1P/b2N1QP1/Pp1P4/1Pr5/1K1R3R b - - 4 24,48,udaIpNyp,a6c8,-160,47,g7h6,0.0037,0.003,0.0024,0.0022,e7a3,e7a3,e7a3,e7a3,270.0,0.0037,-0.0015,True,club,6,queen,False,False,True,False,middlegame,False
r2q2k1/pbpn2r1/1p1p4/7Q/2PP2B1/2P1P3/5PPP/1RB2RK1 b - - 0 20,40,9rkhf8Yq,d8e7,-288,86,d7f6,0.004,0.0039,0.0035,0.0035,d7f6,d7f6,d7f6,d7f6,160.0,0.004,-0.0005,True,club,6,queen,False,False,True,False,middlegame,False
r4kBQ/pbp3r1/1p1p1q2/8/2PP4/2P1P1P1/5P1P/1RB2RK1 b - - 0 24,48,9rkhf8Yq,f8e7,-316,139,f8e7,0.0167,0.0158,0.0144,0.0133,g7g8,g7g8,g7g8,g7g8,810.0,0.0167,-0.0034,True,club,6,king,False,False,True,False,middlegame,True
r6r/pbp1k3/1p1pP3/8/2P5/2P1P1P1/5P1P/1RB2RK1 b - - 0 28,56,9rkhf8Yq,h8h2,-3,24,e7e6,0.0018,0.0028,0.0073,0.0213,e7e6,e7e6,e7e6,e7e6,186.0,0.0213,0.0195,True,club,4,rook,True,False,False,False,endgame,False
7r/2p5/1p1pk3/p7/2r1P2P/2P2bP1/1B3P1K/R3R3 b - - 0 34,68,9rkhf8Yq,h8f8,35,22,h8h5,0.0155,0.0172,0.0236,0.0382,c4e4,c4e4,c4e4,c4e4,136.0,0.0382,0.0227,True,club,4,rook,False,False,True,False,endgame,False
r4r2/1pp3pk/3p1p1p/1Pn2P2/2B1PK2/2PP4/8/R4R2 b - - 1 30,60,9qXAghd3,a8a4,-32,4,c5d7,0.0155,0.0208,0.025,0.0272,a8a1,a8a1,b7b6,b7b6,116.0,0.0272,0.0117,True,club,4,rook,False,False,True,False,endgame,False
4rrk1/bppb1ppp/p1n5/4P3/1q1P4/1N1BB3/P4QPP/4RRK1 b - - 1 20,40,c1LfGk0G,f7f5,35,10,d7e6,0.0097,0.0103,0.0111,0.0136,d7e6,d7e6,d7e6,d7e6,115.0,0.0136,0.0039,True,club,0,pawn,False,False,True,True,middlegame,False
N1b3nr/pp1pkppp/4p3/8/Pn3B2/3pPK2/q1P2PPP/3Q1BNR b - - 1 12,24,rmZUXXo2,d7d6,244,8,d3c2,0.0041,0.0039,0.0043,0.007,d3c2,d3c2,d3c2,d3c2,2235.0,0.007,0.0029,True,club,2,pawn,False,False,True,True,middlegame,False
r4rk1/pp2qpp1/1np1p1b1/4B2B/7P/3P2Q1/PPP3P1/R4R1K b - - 0 20,40,YaYqEzP1,a8d8,-293,7,b6d7,0.0361,0.0259,0.0199,0.0167,g6h5,g6h5,b6d7,b6d7,148.0,0.0361,-0.0194,True,club,6,rook,False,False,True,False,middlegame,False
2r1k3/3n1p2/2p1p3/1qPpP3/1p1P4/pP6/P1KN2Q1/3R4 b - - 2 32,64,NCPppfa5,d7e5,69,175,d7e5,0.0189,0.0151,0.0129,0.0108,e8e7,e8e7,e8e7,e8e7,444.0,0.0189,-0.0081,True,club,4,knight,True,False,False,False,endgame,True
r1bqk2r/pp1p2pp/2n2p2/2b1pn2/8/2N1PNB1/PPP2PPP/R2QKB1R b KQkq - 2 8,16,bOMDZnK2,c5b4,43,9,f5g3,0.0196,0.0172,0.0181,0.031,f5g3,f5g3,f5g3,f5g3,104.0,0.031,0.0114,True,club,1,bishop,False,False,True,False,opening,False
2rr4/p4pkp/5np1/8/3N1R2/6P1/PP3P1P/R5K1 b - - 2 24,48,9WcOnERm,d8d7,-30,3,d8d5,0.0131,0.0102,0.0095,0.0103,c8c4,c8c4,c8c4,c8c4,456.0,0.0131,-0.0028,True,club,4,rook,False,False,True,False,endgame,False
8/p4pk1/5np1/7p/R7/1N1r2PP/PPr2P2/1R4K1 b - - 2 28,56,9WcOnERm,f6d7,-26,8,a7a5,0.0204,0.0139,0.0101,0.0107,d3f3,d3f3,d3f3,d3f3,341.0,0.0204,-0.0097,True,club,4,knight,False,False,True,False,endgame,False
2R3k1/pq3np1/1p2Np1p/1P1p4/3P4/2Q1PP2/P5PP/6K1 b - - 0 34,68,M5sJG9UE,f7d8,-944,1048,g8h7,0.0185,0.008,0.0052,0.0051,g8h7,g8h7,g8h7,g8h7,1048.0,0.0185,-0.0134,True,club,3,knight,False,False,True,False,endgame,False
r6k/ppp1r2p/3p1p2/2b1pP1Q/2Bn3P/3P4/PPPK1P1N/6R1 b - - 7 22,44,bsQlKSk2,d6d5,-508,76,c7c6,0.0318,0.0304,0.031,0.0339,e7g7,e7g7,c7c6,c7c6,293.0,0.0339,0.0021,True,club,3,pawn,False,False,True,True,middlegame,False
6rk/p5rp/4Pp1N/1pp2P1Q/3bK2P/8/PP2R3/8 b - - 7 34,68,bsQlKSk2,a7a6,-851,83,g8e8,0.0022,0.0011,0.0007,0.0004,g8f8,g8f8,g8d8,g8d8,1141.0,0.0022,-0.0018,True,club,3,pawn,False,False,True,True,endgame,False
3r2k1/4R1pp/1p6/3p4/1P1Pp3/4PP2/1r4PP/5RK1 b - - 0 26,52,lTqRAlYx,d8c8,-97,29,g8f8,0.0066,0.0042,0.0038,0.0055,b2b4,b2b4,b2b4,b2b4,199.0,0.0066,-0.0011,True,club,4,rook,False,False,True,False,endgame,False
r2qkb1r/pp3ppp/2p1p3/3n2P1/3PN3/6QP/PPP5/2KR1B1R b kq - 2 14,28,OzHxYSgZ,d8b8,107,10,g7g6,0.0035,0.0055,0.0098,0.0159,f8e7,f8e7,f8e7,f8e7,176.0,0.0159,0.0124,True,club,0,queen,False,False,True,False,middlegame,False
r6r/pp1qk1b1/2p1p1pP/3n4/3PN3/P5Q1/1PP1B3/2KR3R b - - 0 22,44,OzHxYSgZ,g7f6,-447,51,g7h6,0.024,0.0219,0.0181,0.0154,h8h6,h8h6,h8h6,h8h6,140.0,0.024,-0.0086,True,club,6,bishop,False,False,True,False,middlegame,False
r2qr1k1/pp1nbppp/4bn2/3p2B1/5P2/1N1B3P/PPP1N1P1/R2Q1RK1 b - - 0 12,24,HW0MlOOH,d7b6,33,25,d7c5,0.0216,0.0243,0.0224,0.0159,h7h6,h7h6,h7h6,f6e4,349.0,0.0243,-0.0057,True,club,1,knight,False,False,True,False,middlegame,False
1R6/pp3kp1/7p/3p2qN/8/3B3P/PbP3P1/7K b - - 2 28,56,HW0MlOOH,g5c1,831,255,g5c1,0.0374,0.0336,0.031,0.0308,g5h5,g5h5,g5h5,g5h5,496.0,0.0374,-0.0066,True,club,7,queen,False,True,False,False,endgame,True
r1bq1rk1/pp3pb1/3p1npp/4p3/2Pn4/P1NBB2P/1P3PP1/R2QK1NR b KQ - 1 12,24,JGuAYGJA,b7b5,314,13,f8e8,0.002,0.0012,0.0006,0.0004,d4c6,d4c6,d4f5,c8e6,118.0,0.002,-0.0016,True,club,0,pawn,False,False,True,True,middlegame,False
r1bqr1k1/pp1n1pb1/3p2pp/4p3/1PPn4/P1NBB2P/4NPP1/R2QK2R b KQ - 0 14,28,JGuAYGJA,d7b6,210,35,a7a5,0.0323,0.0309,0.0292,0.0249,d4e2,d4e2,d4e2,f7f5,110.0,0.0323,-0.0074,True,club,0,knight,False,False,True,False,middlegame,False
4r3/1p3pbk/1N4pp/2P2b2/3p3q/7P/5PP1/2QR1BK1 b - - 0 26,52,JGuAYGJA,e8e5,239,65,d4d3,0.0433,0.0401,0.0363,0.0321,d4d3,d4d3,e8d8,e8d8,101.0,0.0433,-0.0112,True,club,5,rook,False,False,True,False,middlegame,False
8/1p4k1/1N4pp/2P2b2/3b3q/3p3P/5PP1/3RQBK1 b - - 2 30,60,JGuAYGJA,h6h5,-544,13,h4f4,0.0141,0.011,0.0103,0.0135,d4c5,d4c5,d4c5,d4c5,145.0,0.0141,-0.0006,True,club,3,pawn,False,False,True,True,middlegame,False
2r5/1q1n1pbk/4b2p/Bp2pNpP/1P1pP3/3P1Q2/4NPP1/3B2K1 b - - 1 34,68,0sOdf8BC,c8a8,315,0,g7f8,0.0105,0.0068,0.0054,0.0073,e6f5,e6f5,e6f5,e6f5,112.0,0.0105,-0.0032,True,club,7,rook,False,False,True,False,middlegame,False
rnb1k2r/ppp1ppbp/6p1/3NP2n/5B2/8/PPP2PPP/3RKBNR b Kkq - 2 8,16,i6MJs4rw,c8d7,-98,6,e8g8,0.0008,0.0004,0.0003,0.0003,h5f4,h5f4,h5f4,h5f4,1900.0,0.0008,-0.0005,True,club,1,bishop,False,False,True,False,opening,False
1r4k1/p4pbp/2p5/2Nn3p/8/2P5/PP3PPP/2B1R1K1 b - - 4 24,48,i6MJs4rw,f7f5,-297,19,g8f8,0.0498,0.037,0.0264,0.0223,b8b5,b8b5,b8b5,b8b5,1699.0,0.0498,-0.0275,True,club,4,pawn,False,False,True,True,endgame,False
3r1r2/p3bp1k/1qpp2p1/4p2N/4P1QP/1P1R4/P1P2PP1/3R2K1 b - - 0 22,44,X9KylSoM,b6c7,-181,9,f8h8,0.0044,0.0038,0.0027,0.0022,g6h5,g6h5,g6h5,g6h5,1815.0,0.0044,-0.0022,True,club,6,queen,False,False,True,False,middlegame,False
3r3r/p5k1/1qpp1pp1/4p3/4P1Q1/1P1R2N1/P1P2PP1/3R2K1 b - - 1 26,52,X9KylSoM,b6c7,-647,33,b6c7,0.0393,0.0403,0.0411,0.0401,h8h6,h8h6,h8h6,h8h6,317.0,0.0411,0.0008,True,club,3,queen,False,False,True,False,middlegame,True
3r2k1/p1q1bppp/2p2n2/4p3/1p2P3/1B1P1QB1/PP1r1PPP/R3R1K1 b - - 0 18,36,lStAso5K,e7c5,102,23,d8d3,0.009,0.005,0.0037,0.0037,d2d3,d2d3,d2d3,d2d3,126.0,0.009,-0.0053,True,club,0,bishop,False,False,True,False,middlegame,False
4rr1k/1p4p1/p1p2n1p/3n3Q/3P4/2BB2P1/PP3P1P/R3R1K1 b - - 0 32,64,MpNfo5hH,e8e1,-287,176,f6h5,0.0499,0.0325,0.0272,0.0242,f6h5,f6h5,f6h5,f6h5,188.0,0.0499,-0.0257,True,club,6,rook,True,True,False,False,middlegame,False
4rbk1/1p3p1p/5rp1/Pp1Pp3/1Pp1P1P1/6PP/2B3K1/1R1R4 b - - 0 28,56,oSbn6Apj,f6a6,182,25,f8d6,0.0198,0.0237,0.0267,0.033,f8d6,f8d6,f8d6,f8d6,627.0,0.033,0.0132,True,club,0,rook,False,False,True,False,endgame,False
6k1/p1p2qp1/1p1p1n1p/5Q2/2PN4/2PP3P/P4PPK/8 b - - 0 26,52,2L9bz0T7,d6d5,-107,32,f6d7,0.0411,0.0317,0.0245,0.0198,g7g6,c7c5,c7c5,f7d7,117.0,0.0411,-0.0213,True,club,4,pawn,False,False,True,True,endgame,False
1kr4r/pN2bp2/2n2p2/4pq2/Q7/2RP1NP1/PP2P1KP/2R5 b - - 0 20,40,JRiOqq5T,f5d7,-469,29,f5h3,0.0093,0.0069,0.005,0.0042,b8b7,b8b7,b8b7,b8b7,191.0,0.0093,-0.0051,True,club,6,queen,False,False,True,False,middlegame,False
3rr1k1/2q1b1pp/p4p2/1p1bNn2/8/P1P4P/1P3QP1/2BNRR1K b - - 0 24,48,zzCDHA7k,d5e6,463,92,g7g6,0.0239,0.0236,0.0234,0.0226,f6e5,f6e5,f6e5,f6e5,348.0,0.0239,-0.0013,True,club,0,bishop,False,False,True,False,middlegame,False
4r1k1/4rpb1/1q1p2pp/2p5/1pP2BP1/pP3QNP/P6K/3R1R2 b - - 0 32,64,kmVFISeM,d6d5,-287,44,g7e5,0.009,0.0065,0.0059,0.0075,g7e5,g7e5,g7e5,g7e5,141.0,0.009,-0.0015,True,club,2,pawn,False,False,True,True,middlegame,False
r3kbnr/pppbqp1p/2np4/6p1/P1BPPp2/2N2N2/1PP3PP/R1BQ1RK1 b kq - 0 8,16,DersPekk,h7h6,-95,49,e8c8,0.0201,0.023,0.0274,0.05,e8c8,e8c8,e8c8,e8c8,204.0,0.05,0.0299,True,club,1,pawn,False,False,True,True,opening,False
2krq1nr/1ppb1pbp/p1np4/P2N2N1/2BPPp2/2P5/1P4PP/R1BQ1RK1 b - - 0 12,24,DersPekk,g8h6,-355,33,h7h6,0.0388,0.0302,0.0237,0.041,h7h6,h7h6,h7h6,h7h6,135.0,0.041,0.0022,True,club,6,knight,False,False,True,False,middlegame,False
7N/ppkn2Q1/4p3/2bp4/6p1/6P1/P2q4/2R2R1K b - - 2 28,56,fClHcVgc,d2b4,-425,15,b7b6,0.0184,0.0183,0.0142,0.0115,b7b6,b7b6,b7b6,c7d6,111.0,0.0184,-0.0069,True,club,2,queen,False,False,True,False,middlegame,False
6k1/1pp3pp/1p6/1P2p3/P7/5P2/1r1r2PP/R5RK b - - 2 26,52,a6miTqye,b2c2,192,5,b2a2,0.0308,0.0276,0.0253,0.0241,b2a2,b2a2,b2a2,b2a2,145.0,0.0308,-0.0067,True,club,5,rook,False,False,True,False,endgame,False
3r4/5kpp/5p2/3N2P1/1P5r/3RB3/1K3P2/8 b - - 0 32,64,i4654ujN,h4e4,-257,6,h4g4,0.0272,0.03,0.0339,0.0423,f6g5,f6g5,f6g5,f6g5,146.0,0.0423,0.0151,True,club,2,rook,False,False,True,False,endgame,False
r6r/ppk4p/n2p2q1/1BpP1p2/7Q/5N2/PPP2PP1/2KR4 b - - 0 22,44,8QHM6Uda,a8g8,-16,19,a8d8,0.005,0.0056,0.0082,0.0137,a6b4,a6b4,a6b4,a6b4,225.0,0.0137,0.0087,True,club,4,rook,False,False,True,False,middlegame,False
r1r5/7k/4Qp2/p2p4/Pp1P1P1N/8/1Pq3P1/R5K1 b - - 0 32,64,AMRnMZPI,c8c7,-30,25,c2e4,0.0101,0.0121,0.0128,0.0145,c2b2,c2b2,c2e4,c2e4,734.0,0.0145,0.0044,True,club,6,rook,False,False,True,False,endgame,False
3r1r2/1p2bpk1/3p4/pNpPn1p1/2P1N3/PP3PP1/4R1K1/R7 b - - 0 28,56,Av8qu2b4,a5a4,-52,32,f8h8,0.0084,0.0048,0.0039,0.0049,f8h8,f8h8,f7f5,f7f5,125.0,0.0084,-0.0035,True,club,4,pawn,False,False,True,True,middlegame,False
1br1r1k1/1p1q1pp1/p5p1/P2pn2n/5N2/1P1PB1PP/2PQ2BK/R4R2 b - - 8 26,52,KBQtHhA3,h5g3,350,103,h5f4,0.0169,0.0158,0.0151,0.0143,h5f4,h5f4,h5f4,h5f4,335.0,0.0169,-0.0026,True,club,0,knight,True,False,False,False,middlegame,False
1k1rb3/1pp5/p1n4p/2bN2p1/8/5NBP/PPP2PP1/2KR4 b - - 0 24,48,5P3eoSzH,b8c8,-213,12,e8f7,0.0083,0.0073,0.0081,0.0098,c5d6,c5d6,c5d6,e8f7,301.0,0.0098,0.0015,True,club,4,king,False,False,True,False,middlegame,False
1r1r1k2/3bppb1/B2p2pp/1p6/8/P1P1B2P/1P3PP1/1R1R2K1 b - - 0 20,40,72I1IWr3,g6g5,135,12,d7c6,0.0202,0.0143,0.0124,0.0144,d7f5,d7f5,d7f5,b8a8,129.0,0.0202,-0.0058,True,club,0,pawn,False,False,True,True,middlegame,False
r1b1r1k1/1p3ppp/p7/4q3/3p4/1Q6/P1PB1PPP/R4RK1 b - - 1 20,40,6uC5DRxS,e5c5,130,4,c8e6,0.0044,0.0045,0.0044,0.0043,b7b5,b7b5,b7b5,b7b5,552.0,0.0045,-0.0001,True,club,0,queen,False,False,True,False,middlegame,False
1r1q1rk1/3bb1p1/3p2Pp/1ppPp3/2P1P3/2N2N2/1P1Q2P1/2KR3R b - - 1 20,40,J4p07yJX,f8f3,508,132,f8f3,0.0021,0.0019,0.0019,0.0028,b5c4,b5c4,b5c4,b5c4,179.0,0.0028,0.0007,True,club,5,rook,True,False,False,False,middlegame,True
2kr3r/pbq2ppp/2n1pn2/1B4B1/1b6/2NP1N2/PPPQ1PPP/R3K2R b KQ - 3 10,20,47ZgDixI,c6e5,56,53,c6d4,0.0397,0.0437,0.0444,0.0491,h7h6,c6d4,c6d4,c6d4,139.0,0.0491,0.0094,True,club,1,knight,False,False,True,False,opening,False
3r4/pk3p1p/4pp2/8/1b1r1q2/2NPQ1R1/PPPK1P2/6R1 b - - 3 20,40,47ZgDixI,b4c5,-52,47,d4e4,0.0091,0.0069,0.0059,0.0045,f4e3,f4e3,f4f5,f4f5,278.0,0.0091,-0.0046,True,club,4,bishop,False,False,True,False,middlegame,False
3r3r/p1k3p1/Pnb1p1qp/3pPp2/3P4/3BP1P1/3NQKP1/1R5R b - - 2 24,48,DsXvbfaW,d8c8,-251,13,d8b8,0.0149,0.0145,0.0148,0.0153,d8b8,d8b8,d8b8,d8b8,133.0,0.0153,0.0004,True,club,6,rook,False,False,True,False,middlegame,False
2rr4/pb1N1ppk/1pn1pn2/8/5B2/P1qR4/P3QPPP/4R1K1 b - - 1 18,36,kvXsdoPF,c3e1,290,107,c3a5,0.0075,0.0094,0.0108,0.0099,c3c4,c3c4,c3c4,c3c4,810.0,0.0108,0.0024,True,club,6,queen,True,True,False,False,middlegame,False
rnb3k1/pp4pp/2p5/3p4/7q/1P1PPB2/PBPKNn1b/R3Q2R b - - 4 16,32,5jIJ8Y6l,b8d7,-382,34,h4g3,0.0286,0.0287,0.0294,0.0274,f2h1,f2h1,f2h1,f2h1,494.0,0.0294,-0.0012,True,club,6,knight,False,False,True,False,middlegame,False
rnb3k1/pp4pp/2p5/3p4/8/1P1PPBb1/PBPKQn2/R6R b - - 1 18,36,5jIJ8Y6l,b8d7,-677,12,f2h1,0.0083,0.0076,0.0075,0.0066,f2h1,f2h1,f2h1,f2h1,209.0,0.0083,-0.0017,True,club,3,knight,False,False,True,False,middlegame,False
rnb3k1/pp5p/2pb2p1/8/4Q3/1P1P1B2/PBPK4/6R1 b - - 0 22,44,5jIJ8Y6l,g8f7,-918,236,c6c5,0.0285,0.0255,0.0252,0.0431,c8f5,c8f5,c8f5,c8f5,1070.0,0.0431,0.0146,True,club,3,king,False,False,True,False,middlegame,False
3r2k1/pp1P1p1p/5b2/6p1/2P2p1q/B2Q1B2/6PP/3R3K b - - 2 30,60,CmkeptU5,g8g7,-593,23,b7b6,0.0431,0.0317,0.0217,0.0203,g5g4,g5g4,g5g4,g5g4,176.0,0.0431,-0.0228,True,club,3,king,False,False,True,False,middlegame,False
2rqk2r/1b1nbppp/p1n1p3/1pppP3/5B2/2PP1N2/PPQ1BPPP/RN3RK1 b k - 4 12,24,DEGZPuGF,g7g5,232,57,e8g8,0.0155,0.0159,0.0221,0.0491,e8g8,e8g8,e8g8,e8g8,141.0,0.0491,0.0336,True,club,1,pawn,False,False,True,True,middlegame,False
r4rk1/p1p1b1p1/1p1ppn1p/7q/3PbP2/2P1PNQ1/PP1B2PP/R4RK1 b - - 3 20,40,P9d0RKhf,e4f5,608,22,f6g4,0.0257,0.0296,0.0291,0.0243,f6g4,f6g4,f6g4,f6g4,109.0,0.0296,-0.0014,True,club,7,bishop,False,False,True,False,middlegame,False
r4rk1/pp3ppp/8/3n4/3R4/PP5P/5PP1/1N3RK1 b - - 0 24,48,0xcZ7TaM,d5c7,-13,14,d5c7,0.021,0.0156,0.0108,0.0071,a8d8,a8d8,d5f6,f8d8,495.0,0.021,-0.0139,True,club,4,knight,False,False,True,False,endgame,True
3r1rk1/ppp1qpb1/2n1b2p/2n1p1p1/4P1B1/3P1NBP/PPQN1PP1/1K4RR b - - 8 20,40,Yci3yFej,e6a2,516,26,c6b4,0.0119,0.0136,0.0154,0.0206,c5d3,c5d3,c5d3,c5d3,267.0,0.0206,0.0087,True,club,7,bishop,True,True,False,False,middlegame,False
r3kbnr/1ppqpp2/p1n4p/3pBbp1/3P4/3BPN1P/PPP2PP1/RN1Q1RK1 b kq - 1 8,16,Iy9peOrb,f5d3,-60,41,f7f6,0.009,0.0052,0.004,0.0041,f7f6,f7f6,f7f6,f7f6,167.0,0.009,-0.0049,True,club,1,bishop,True,False,False,False,opening,False
2r1kbnr/1pB1p1q1/p1n2p2/3N1Q2/3P3p/4P3/PPP2PPN/R4RK1 b k - 2 16,32,Iy9peOrb,c6a7,-352,105,c8a8,0.0229,0.0234,0.0254,0.0296,c8c7,c8c7,c8c7,c8c7,230.0,0.0296,0.0067,True,club,6,knight,False,False,True,False,middlegame,False
r5k1/1pp2ppp/1r4b1/p1Q5/4N3/qN1P3P/2P2PP1/1K1R1B1R b - - 7 24,48,ItjNIvun,b6b4,-119,174,a3a4,0.0093,0.0079,0.0075,0.0078,b6b3,b6b3,b6b3,b6b3,245.0,0.0093,-0.0015,True,club,2,rook,False,False,True,False,middlegame,False
r5k1/1pQ2ppp/6b1/p7/qr6/1N1P3P/2P2PP1/2KR1B1R b - - 2 28,56,ItjNIvun,g6f5,0,76,a4a2,0.0068,0.0047,0.0039,0.0035,a4a3,b4b3,b4b3,b4b3,191.0,0.0068,-0.0033,True,club,2,bishop,False,False,True,False,middlegame,False
r4rk1/p2pbpp1/bqp1pn1p/8/3P3B/1N3N2/PPP2PPP/R2QR1K1 b - - 1 12,24,iGhBOhHF,d7d6,26,10,f8e8,0.0185,0.0275,0.0374,0.0403,a6c4,a6c4,d7d5,d7d5,141.0,0.0403,0.0218,True,club,1,pawn,False,False,True,True,middlegame,False
r1br2k1/p4pq1/1p1p1n1B/2pP4/7Q/2P4P/P1B3P1/R5K1 b - - 0 26,52,YhVbTjDO,g7h6,-777,10,g7h8,0.0325,0.0289,0.0285,0.024,g7h8,g7h8,g7h8,g7h8,1221.0,0.0325,-0.0085,True,club,6,queen,True,False,False,False,middlegame,False
r3k2r/pppq1pb1/7p/4p1p1/4N3/P1P1P1P1/1P3PP1/R2QK2R b KQkq - 1 16,32,LhsnDHcf,f7f5,-28,41,d7c6,0.021,0.0209,0.0293,0.035,d7d1,d7d1,e8c8,e8c8,116.0,0.035,0.014,True,club,4,pawn,False,False,True,True,middlegame,False
r1bqk2r/pp2ppbp/2np1np1/8/3NP1P1/2N1B3/PPP1BP1P/R2QK2R b KQkq - 0 8,16,a9cmFKUZ,f6g4,128,16,c8d7,0.0337,0.0399,0.0404,0.0199,e8g8,e8g8,e8g8,e8g8,156.0,0.0404,-0.0138,True,club,1,knight,True,False,False,False,opening,False
r1b2k1r/ppp1nppp/8/1B1PNq2/1PNb4/P7/4Q1PP/R1BK3R b - - 5 16,32,GPlWMTDU,f7f6,-108,151,d4a1,0.0129,0.0111,0.0097,0.0104,d4a1,d4a1,d4a1,d4a1,325.0,0.0129,-0.0025,True,club,2,pawn,False,False,True,True,middlegame,False
4r1k1/p2n2pp/1ppq2p1/3p4/P2P2P1/1QN1Pr2/1P1R1P2/2K4R b - - 0 20,40,mLTZEfMY,d6e6,337,49,d7f6,0.0312,0.0265,0.0268,0.0334,e8f8,e8f8,e8f8,e8f8,119.0,0.0334,0.0022,True,club,5,queen,False,False,True,False,middlegame,False
r5k1/6p1/p3qpB1/1pp1p3/7R/2B4P/PP4P1/3R2K1 b - - 1 30,60,yWhGfTFj,c5c4,-320,14,b5b4,0.0375,0.0278,0.0212,0.0185,b5b4,g8f8,f6f5,f6f5,113.0,0.0375,-0.019,True,club,2,pawn,False,False,True,True,endgame,False
r5k1/6p1/4qp2/p1p1p3/1p5R/3B3P/PP4P1/3RB1K1 b - - 1 32,64,yWhGfTFj,e5e4,-455,105,a8d8,0.0161,0.0145,0.015,0.0141,e6a2,e6a2,e6a2,e6a2,141.0,0.0161,-0.002,True,club,2,pawn,False,False,True,True,endgame,False
r2q3r/pb3kbp/2p1pnp1/3p2B1/8/1QN5/PPP1BPPP/R3K2R b KQ - 1 14,28,PKgFMUsV,b7c8,32,10,a8b8,0.0119,0.0078,0.0048,0.0047,a8b8,a8b8,a8b8,a8b8,119.0,0.0119,-0.0072,True,club,0,bishop,False,False,True,False,middlegame,False
2b1r1k1/3r3p/p2q2p1/1ppp1p2/7R/P1Q1P3/1P3PPP/1B2R1K1 b - - 1 34,68,o78bLTK5,d6e7,323,103,b5b4,0.0152,0.0172,0.0163,0.0139,d5d4,d5d4,d5d4,d5d4,132.0,0.0172,-0.0013,True,club,5,queen,False,False,True,False,middlegame,False
2r1r3/2p3pp/3q4/5pk1/5p2/3P3Q/PPP3PP/R4RK1 b - - 3 24,48,A0AkWlZP,c8b8,-21,14,e8e3,0.0093,0.0067,0.0063,0.0066,e8e3,e8e3,e8e3,e8e3,191.0,0.0093,-0.0027,True,club,4,rook,False,False,True,False,endgame,False
rnb1r3/pp3Npk/1qp4p/2p1Pp1Q/2BP4/8/P1P3PP/R4RK1 b - - 3 20,40,kzzmh7G8,b6d8,-846,1136,c5d4,0.0015,0.0012,0.0009,0.0008,c5d4,c5d4,c5d4,c5d4,1152.0,0.0015,-0.0007,True,club,3,queen,False,False,True,False,middlegame,False
rk4r1/ppp1n1q1/4QN2/4p3/3p3p/6P1/PPP2P1P/R1B1R1K1 b - - 5 20,40,41amNhN0,a7a5,-617,12,g8h8,0.0106,0.0075,0.0055,0.0059,h4g3,h4g3,h4g3,h4g3,149.0,0.0106,-0.0047,True,club,3,pawn,False,False,True,True,middlegame,False
2r2nk1/pp2bppp/1q2p3/3pP3/5P2/1P1Q1N2/PBr3PP/1R3R1K b - - 7 18,36,eHoycNUB,b6b4,181,11,h7h5,0.0117,0.011,0.0111,0.011,f8g6,f8g6,f8g6,f8g6,154.0,0.0117,-0.0007,True,club,0,queen,False,False,True,False,middlegame,False
r5k1/3b1pp1/2pR4/1p5p/p3rqP1/2P4P/PPQ1BP2/4RNK1 b - - 0 26,52,sewygrgc,e4e2,0,388,e4e2,0.0004,0.0002,0.0001,0.0001,f4d6,f4d6,f4d6,f4d6,402.0,0.0004,-0.0003,True,club,2,rook,True,False,False,False,middlegame,True
r2qnrk1/1p1b1p1p/p1pp1bpB/5P2/4P3/2N3Q1/PPP1B1PP/R4R1K b - - 2 16,32,lWEDHQzo,f6e5,-129,31,f6g7,0.0135,0.013,0.0187,0.0298,f6g7,f6g7,f6g7,f6g7,135.0,0.0298,0.0163,True,club,1,bishop,False,False,True,False,middlegame,False
8/p2kn2p/1p3Q2/3p4/3P4/1P4K1/PB4P1/3q2b1 b - - 1 30,60,P3HfXYCR,d1h5,735,118,d1d3,0.0072,0.0055,0.0045,0.0053,d1d3,d1d3,d1d3,d1d3,161.0,0.0072,-0.0019,True,club,7,queen,False,False,True,False,endgame,False
8/4P3/1q3kpp/1p3p2/1p1r4/1P2Q3/P5PP/5R1K b - - 0 32,64,naMVHzky,d4c4,-945,82,d4f4,0.0025,0.0022,0.0019,0.0018,d4d1,d4d1,d4d1,d4e4,1040.0,0.0025,-0.0007,True,club,3,rook,False,False,True,False,endgame,False
1k6/1p1R1Bp1/1p3b2/p1r4P/7P/5p2/P4P2/6K1 b - - 0 34,68,l3Dt2Iz3,f6e5,285,176,f6h4,0.0122,0.0077,0.0054,0.0048,f6h4,f6h4,f6h4,f6h4,259.0,0.0122,-0.0074,True,club,5,bishop,False,False,True,False,endgame,False
r1bqr1k1/pp3ppn/7p/2p1P3/3P4/2P2Q1P/P3NBP1/R4RK1 b - - 2 20,40,sg2UuKHO,c8e6,-43,13,h7g5,0.0214,0.0251,0.0287,0.0412,c5d4,c5d4,c5d4,c5d4,106.0,0.0412,0.0198,True,club,4,bishop,False,False,True,False,middlegame,False
r4r1k/p2qbpp1/3pb2p/Q1n1p3/2N1Pn2/2PP1N1P/PPB2PP1/R1B2RK1 b - - 8 16,32,Paj5UPCq,f4g2,244,95,f4h3,0.026,0.0272,0.0302,0.0329,f4e2,e6h3,e6h3,e6h3,262.0,0.0329,0.0069,True,club,0,knight,True,False,False,False,middlegame,False
r3kbnr/ppp1qppp/2np2b1/1B2P3/4P1P1/5N1P/PPP2P2/RNBQ1RK1 b kq - 0 8,16,zQKy0Byz,h7h5,-125,81,g6e4,0.0029,0.0026,0.0023,0.0019,g6e4,g6e4,e8c8,e8c8,103.0,0.0029,-0.001,True,club,1,pawn,False,False,True,True,opening,False
1k1r1bnr/p1p1qppp/2Q5/4R3/5BP1/7P/PPP2P2/RN4K1 b - - 0 14,28,zQKy0Byz,e7e5,-682,47,d8d1,0.0098,0.0082,0.0083,0.0122,d8d1,d8d1,d8d1,d8d1,126.0,0.0122,0.0024,True,club,3,queen,True,False,False,False,middlegame,False
5rk1/np2bpp1/1q2p2p/R2pN3/1PrP4/2PQ2N1/5PPP/4R1K1 b - - 4 22,44,w7hLNpw7,c4c3,87,140,c4c7,0.0065,0.0033,0.0019,0.0013,c4c7,c4c7,c4c7,c4c7,249.0,0.0065,-0.0052,True,club,4,rook,True,False,False,False,middlegame,False
2k1r1r1/ppp2p2/7p/P2p4/1P6/2P5/3B1KB1/R7 b - - 0 26,52,NsTpajtq,g8g2,403,400,g8g2,0.0073,0.0079,0.0076,0.0063,h6h5,h6h5,c7c6,c7c6,456.0,0.0079,-0.001,True,club,2,rook,True,True,False,False,endgame,True
5r2/pp3p2/2p2k2/5N2/7p/3r4/PP3R2/4R1K1 b - - 1 30,60,wmnT0YUo,f8d8,-314,4,f6g5,0.0136,0.0088,0.0076,0.0102,f8g8,f8g8,f8g8,f8g8,104.0,0.0136,-0.0034,True,club,2,rook,False,False,True,False,endgame,False
7r/pp3p2/2p5/6k1/7p/3rN3/PP3R1K/4R3 b - - 5 32,64,wmnT0YUo,g5h5,-374,64,g5h5,0.0117,0.0098,0.0068,0.0048,h8e8,h8e8,h8e8,h8e8,649.0,0.0117,-0.0069,True,club,2,king,False,False,True,False,endgame,True
rn1q3r/pbpkp1b1/1p1p1BB1/8/8/2N5/PPP2PPP/R2QR1K1 b - - 0 14,28,oRcbL31I,d7c8,-597,36,g7f6,0.0002,0.0001,0.0001,0.0002,g7f6,g7f6,g7f6,g7f6,1399.0,0.0002,0.0,True,club,6,king,False,False,True,False,middlegame,False
r1b2rk1/p1pp1ppp/1p6/2bPn3/Q3p1q1/P3P3/1P1P1PBP/R1B2KNR b - - 2 14,28,2XEmWd4e,c8a6,933,331,a7a5,0.0428,0.0325,0.0282,0.0324,e5d3,e5d3,e5d3,a7a5,293.0,0.0428,-0.0104,True,club,7,bishop,False,True,False,False,middlegame,False
8/p4k2/2p1p1p1/P2p4/3K4/5R2/4r3/4B3 b - - 7 34,68,sJ8wz6wA,f7e8,6,36,f7e7,0.0098,0.0114,0.0117,0.0135,f7e7,f7e7,f7e7,f7e7,434.0,0.0135,0.0037,True,club,2,king,False,False,True,False,endgame,False
6k1/3r1ppp/3Bp1n1/1p1bP3/pP1P4/P1r4P/6P1/R4RKN b - - 5 34,68,HnGq0lLa,h7h6,314,3,d5c4,0.0263,0.0351,0.0397,0.0316,c3d3,c3d3,g6h4,g6h4,225.0,0.0397,0.0053,True,club,7,pawn,False,False,True,True,middlegame,False
4r1k1/4qppp/1P6/8/3P4/1Q1PnR1P/6P1/5BK1 b - - 0 32,64,oAZIO8vY,g7g6,-157,3,e3f1,0.0093,0.0079,0.0067,0.0101,e3f1,e3f1,e3f1,e3f1,155.0,0.0101,0.0008,True,club,4,pawn,False,False,True,True,endgame,False
r4rk1/1p3ppp/p7/2q3b1/2P1p3/1P4Q1/PB3PPP/2R2R1K b - - 3 20,40,IFBvykbl,a8d8,-5,11,g7g6,0.0357,0.0255,0.0219,0.0231,g5c1,g5c1,g5c1,g5c1,1994.0,0.0357,-0.0126,True,club,4,rook,False,False,True,False,middlegame,False
3r1rk1/1p3p1p/p5p1/2q3b1/2P1p2P/1P4Q1/PB3PP1/3R1R1K b - - 0 22,44,IFBvykbl,g5d2,20,28,g5h6,0.048,0.0318,0.0197,0.0125,g5h6,g5h6,g5h6,g5h6,606.0,0.048,-0.0355,True,club,4,bishop,False,False,True,False,middlegame,False
r4rk1/pp1nbppp/1q2pn2/3pNP2/3P4/2NQ4/PPP3PP/R1B2R1K b - - 2 12,24,nXQcjEgA,e7b4,6,5,e7d6,0.0266,0.0209,0.0158,0.0094,d7e5,e6f5,e6f5,e6f5,226.0,0.0266,-0.0172,True,club,1,bishop,False,False,True,False,middlegame,False
8/5pkp/6p1/1PpBq3/2P5/4Q1Pn/3P2K1/8 b - - 1 30,60,blVVxLI1,e5c7,-578,26,e5h5,0.0064,0.0059,0.0061,0.0074,e5h5,e5h5,e5h5,e5h5,149.0,0.0074,0.001,True,club,3,queen,False,False,True,False,endgame,False
2q5/5pkp/1P4p1/2pQ4/2P5/5BPn/3P2K1/8 b - - 0 34,68,blVVxLI1,c8e8,-631,10,h7h6,0.012,0.0087,0.007,0.0066,h3g5,h3g5,h3g5,h3g5,146.0,0.012,-0.0054,True,club,3,queen,False,False,True,False,endgame,False
1rbr2k1/2p2p1p/p2Rp1pB/8/2Q5/1P5P/P1P2PP1/2K5 b - - 0 20,40,PtoTeGO7,c8d7,-1020,60,c7d6,0.0019,0.0011,0.0008,0.0007,c7d6,c7d6,c7d6,c7d6,976.0,0.0019,-0.0012,True,club,3,bishop,False,False,True,False,endgame,False
r2q3r/ppp2pk1/2n1bn2/6B1/3PN3/1BP2Q2/PP3PPb/R4K2 b - - 1 18,36,gL3HT8IC,f6e4,721,471,f6e4,0.0473,0.0419,0.0438,0.0481,h2e5,h2e5,h2e5,h2e5,383.0,0.0481,0.0008,True,club,6,knight,True,False,False,False,middlegame,True
4r1k1/pp2rppb/2p2n1p/3p4/3Pnb2/2P1NN1P/PP2BPP1/2BRRK2 b - - 4 20,40,r0AzjsZC,e4f2,172,103,e4f2,0.0196,0.0196,0.0238,0.0359,f4e3,f4e3,f4e3,f4e3,151.0,0.0359,0.0163,True,club,0,knight,True,False,False,False,middlegame,True
r3kb1r/pp2n1pp/2p2p2/2Nb4/5qBN/2P5/P5PP/R2QR2K b kq - 5 22,44,YF7sxHKK,g7g6,-204,34,f4c7,0.0177,0.0183,0.0195,0.0225,g7g5,g7g5,g7g5,f4c7,290.0,0.0225,0.0048,True,club,6,pawn,False,False,True,True,middlegame,False
r4b1r/ppq2k1p/2p1Bpp1/2Nn4/6QN/8/P5PP/4R2K b - - 1 28,56,YF7sxHKK,f7e8,-700,187,f7g7,0.0258,0.0157,0.0099,0.0076,f7g7,f7g7,f7g7,f7g7,1299.0,0.0258,-0.0182,True,club,6,king,False,False,True,False,middlegame,False
2r2rk1/Bp3qp1/3bb2p/3pp3/8/1B6/PP1Q1PPP/R3R1K1 b - - 0 20,40,HedlJWUj,c8c6,97,15,d5d4,0.0209,0.0241,0.029,0.0355,e5e4,d5d4,d5d4,d5d4,115.0,0.0355,0.0146,True,club,0,rook,False,False,True,False,middlegame,False
r4b1k/3q2pp/6n1/3p1p1Q/p2BbPP1/1P5P/BP6/4RRK1 b - - 0 26,52,ZvSxdh6Q,f8b4,-5,3,a4a3,0.0456,0.0358,0.0299,0.0372,a4b3,a4b3,a4b3,a4b3,100.0,0.0456,-0.0084,True,club,5,bishop,False,False,True,False,middlegame,False
rnb3k1/pp1n2p1/3b1pB1/3p3R/3P1PP1/4r3/PPP3P1/2K4R b - - 1 20,40,rCsHXlFS,e3e1,366,8,e3e1,0.0141,0.0128,0.0118,0.0111,g8f8,g8f8,g8f8,g8f8,2364.0,0.0141,-0.003,True,club,6,rook,False,True,False,False,middlegame,True
r5k1/5pp1/4pn1p/3p4/8/qP4P1/P1RQPPBP/6K1 b - - 2 26,52,SlovoILs,h6h5,-211,5,a3a5,0.0065,0.006,0.007,0.0081,f6e4,f6e4,f6d7,f6d7,111.0,0.0081,0.0016,True,club,4,pawn,False,False,True,True,endgame,False
rnb1k1nr/pp1p3p/2p3q1/4Q3/1b6/2N5/PPP1BPPP/R1B1K2R b KQkq - 1 10,20,BTTMA1FT,e8f8,-443,74,g6e6,0.0433,0.0309,0.0311,0.0482,g8e7,g6e6,g6e6,g6e6,105.0,0.0482,0.0049,True,club,6,king,False,False,True,False,opening,False
rn4n1/pp1bk3/2p1p3/6P1/1b2N3/P7/1PP2PP1/2KR3R b - - 0 20,40,BTTMA1FT,a7a5,-494,2,b4a5,0.0024,0.0019,0.0016,0.0023,b4a5,b4a5,b4a5,b4a5,112.0,0.0024,-0.0001,True,club,6,pawn,False,False,True,True,middlegame,False
5k2/1p3p1p/7q/p7/PnPB4/NP1p1Q2/3P1PPP/5K2 b - - 0 26,52,PaltU4Ci,h6g6,-537,6,h6d2,0.0022,0.0019,0.0016,0.0018,h6d2,h6d2,h6d2,h6d2,154.0,0.0022,-0.0004,True,club,3,queen,False,False,True,False,endgame,False
r3qkn1/1p4pQ/3B1p2/pP1p4/P1pP2P1/2n2P2/6P1/RB4K1 b - - 1 26,52,3CKErfbk,e8e7,-779,32,f8f7,0.0052,0.0043,0.0042,0.0036,f8f7,f8f7,f8f7,f8f7,696.0,0.0052,-0.0016,True,club,6,queen,False,False,True,False,middlegame,False
r1b1k3/ppq2p2/4p3/3p2n1/3P2Q1/P1N1K1br/BP5P/R4R2 b q - 1 24,48,Wq1gXdTd,e6e5,628,58,g3h4,0.024,0.0191,0.0158,0.0156,g3h2,g3h2,g3h2,g3h2,112.0,0.024,-0.0084,True,club,7,pawn,False,False,True,True,middlegame,False
r1b4Q/pp2kp2/8/3Bp3/3P3b/P2r4/KP1nq3/R1R5 b - - 3 34,68,Wq1gXdTd,d3a3,1991,1557,d3a3,0.0145,0.0154,0.0167,0.0181,d3d4,d3d4,h4f6,h4f6,1679.0,0.0181,0.0036,True,club,7,rook,True,True,False,False,middlegame,True
r3k2r/p2qnp1p/4p1p1/3p4/3Q1P2/2N5/PPP3PP/R3K2R b KQkq - 0 14,28,Zyj5IPnk,e8c8,9,54,e8g8,0.0451,0.0245,0.0089,0.0028,e8g8,e8g8,e8g8,e8g8,163.0,0.0451,-0.0423,True,club,4,king,False,False,True,False,middlegame,False
r4rk1/p2q1p1p/4p1p1/3p1n2/5P2/2N5/PPP2QPP/2KR3R b - - 4 16,32,Zyj5IPnk,h7h5,157,23,a8b8,0.0126,0.0076,0.0042,0.0048,d5d4,a7a5,a7a5,a7a5,111.0,0.0126,-0.0078,True,club,0,pawn,False,False,True,True,middlegame,False
r2r2k1/6pp/p7/1p1Np1b1/3nP1b1/N2R4/PPP3PP/1K3B1R b - - 2 18,36,qM8wguQQ,g4h5,-21,13,a8c8,0.0098,0.0109,0.011,0.0086,b5b4,a8c8,a8c8,a8c8,126.0,0.011,-0.0012,True,club,0,bishop,False,False,True,False,middlegame,False
2r3k1/6pp/8/pp1Pp1b1/4b3/2PR2P1/PPK4P/5BR1 b - - 2 24,48,qM8wguQQ,c8f8,84,284,g5e3,0.0192,0.0226,0.0319,0.0442,b5b4,b5b4,b5b4,b5b4,303.0,0.0442,0.025,True,club,5,rook,False,False,True,False,endgame,False
4r1k1/2B1b1pp/1Np1pp2/2Pp3q/1P2nP2/3QPR1P/6P1/6K1 b - - 0 24,48,ismR8YtA,h5f7,154,82,h5f7,0.0233,0.0308,0.0417,0.0465,e6e5,h5h4,h5h4,e6e5,271.0,0.0465,0.0232,True,club,0,queen,False,False,True,False,middlegame,True
rnb2rk1/qp2bppp/8/p1PnP3/3p4/1R1B1N2/3BQ1PP/1N3RK1 b - - 2 16,32,eGwoUHMg,g7g6,170,8,c8e6,0.0005,0.0003,0.0002,0.0005,e7c5,e7c5,e7c5,e7c5,597.0,0.0005,0.0,True,club,0,pawn,False,False,True,True,middlegame,False
6k1/3n1r2/4N1p1/p3qnNp/8/7Q/3p2PP/5R1K b - - 1 34,68,eGwoUHMg,f5g3,1996,5,e5e1,0.0335,0.0364,0.0345,0.0334,e5e1,e5e1,f7e7,f7e7,1672.0,0.0364,-0.0001,True,club,7,knight,False,True,False,False,middlegame,False
r3k2r/ppp1bppp/2n2n2/1B5q/3P1Bb1/2N2N2/PPP1Q1PP/R4RK1 b kq - 4 12,24,enAeY4PL,g4e6,-176,17,f6d5,0.0019,0.0019,0.0016,0.0008,e8g8,e8g8,e8g8,e8g8,267.0,0.0019,-0.0011,True,club,1,bishop,False,False,True,False,middlegame,False
r1bqr1n1/pp1n1pbk/2pp2pP/8/3PP2P/3BBPN1/PP1Q4/RN2K2R b KQ - 0 14,28,5PSvl8w2,g7f6,-235,28,g7h6,0.0124,0.0113,0.012,0.0142,g8h6,g8h6,g8h6,g8h6,129.0,0.0142,0.0018,True,club,6,bishop,False,False,True,False,middlegame,False
r1b4k/pp3p2/2p4n/4r1pP/3q4/2NBn1N1/PP3Q2/R4RK1 b - - 5 24,48,5PSvl8w2,h6g4,596,140,d4d3,0.0396,0.0273,0.0222,0.0233,d4d3,d4d3,d4d3,d4d3,513.0,0.0396,-0.0163,True,club,7,knight,False,False,True,False,middlegame,False
r7/pp3p1k/2p2R1n/3b2QP/8/3q2N1/PP2N3/5K2 b - - 8 32,64,5PSvl8w2,h6g4,-513,12,h6g8,0.0161,0.0095,0.0079,0.0095,d3d1,d3d1,d3d1,d3d1,146.0,0.0161,-0.0066,True,club,5,knight,False,False,True,False,middlegame,False
r5n1/pp3p1k/2p2R2/3b1NQP/8/5q2/PP2N3/4K3 b - - 12 34,68,5PSvl8w2,f3f5,-966,1029,f3h1,0.003,0.0028,0.0032,0.0049,f3h1,f3h1,f3h1,f3h1,1030.0,0.0049,0.0019,True,club,6,queen,True,False,False,False,middlegame,False
r1b1r1k1/2p2ppp/p2b4/1p6/3P2nq/1BP1BQ1P/PP3PP1/RN2R1K1 b - - 4 16,32,FfwV0ZEv,c8d7,-342,19,d6h2,0.0145,0.0127,0.0115,0.0115,d6h2,c8e6,c8e6,c8e6,168.0,0.0145,-0.003,True,club,6,bishop,False,False,True,False,middlegame,False
r3r1k1/2p2ppp/p3B3/1p6/3P2nq/2P1BQ1P/PP3PPb/RN2R2K b - - 0 18,36,FfwV0ZEv,g4h6,-559,6,f7e6,0.0003,0.0002,0.0001,0.0001,e8e6,e8e6,e8e6,e8e6,1438.0,0.0003,-0.0002,True,club,3,knight,False,False,True,False,middlegame,False
rbb1r1k1/pp3pp1/2p4p/q1P1p3/3P4/1Q1B1N2/PP3PPP/R3R1K1 b - - 2 16,32,zGwEPRKO,b7b6,-117,45,c8g4,0.0415,0.0404,0.0253,0.0092,a5c7,a5c7,a5c7,a5c7,112.0,0.0415,-0.0323,True,club,4,pawn,False,False,True,True,middlegame,False
r1b1k2r/ppqn1pp1/2pbp2p/3pN3/3PnB1P/2PBPN2/PP3PP1/R2QK2R b KQkq - 0 10,20,HI5PFv9Q,c6c5,-78,3,b7b6,0.0182,0.0164,0.0199,0.0221,f7f6,f7f6,f7f6,f7f6,197.0,0.0221,0.0039,True,club,1,pawn,False,False,True,True,opening,False
6k1/2q2ppp/1np5/p3N3/Pr1Pb3/2Q4P/5PP1/2R2BK1 b - - 3 30,60,RhlSnWg6,c7d6,-11,16,b6a4,0.0192,0.0262,0.0288,0.0314,b6a4,b6a4,b6a4,b6a4,279.0,0.0314,0.0122,True,club,4,queen,False,False,True,False,middlegame,False
2rqr1k1/3n2p1/1p2b1np/p1ppP3/3P4/1P2QNP1/P2B2BP/R3R1K1 b - - 0 24,48,Yhg2wUMT,e6f5,29,15,d8e7,0.0138,0.0148,0.0166,0.0196,c5d4,c5d4,c5d4,c5d4,152.0,0.0196,0.0058,True,club,0,bishop,False,False,True,False,middlegame,False
3r2k1/1bb2ppp/1p4q1/2p5/4pP2/P1BrP1NP/1PQR2PK/4R3 b - - 9 28,56,F0PTGNCP,c7f4,794,607,h7h5,0.0201,0.0171,0.0112,0.006,d3d2,d3d2,h7h5,h7h5,622.0,0.0201,-0.0141,True,club,0,bishop,True,False,False,False,middlegame,False
r2qr1k1/1pp1ppbp/3p1np1/p2Pn3/2P1P3/2N1B3/PP2BPPP/2RQ1RK1 b - - 4 12,24,SfnTgVlN,e5d7,-131,3,e7e6,0.0292,0.0429,0.049,0.0419,d8d7,d8d7,d8d7,f6d7,290.0,0.049,0.0127,True,club,1,knight,False,False,True,False,middlegame,False
r7/1p4k1/2p3p1/2P4n/p2pQ3/4qP2/PP2B1PP/3R3K b - - 0 32,64,SfnTgVlN,h5g3,804,745,h5g3,0.0255,0.0266,0.0256,0.0218,e3e4,e3e4,a8e8,a8e8,841.0,0.0266,-0.0037,True,club,4,knight,False,True,False,False,endgame,True
3r3r/p3kpbp/1pb1p1p1/2p5/2P1PN2/4P1P1/PP4BP/2KR1R2 b - - 5 18,36,dR87RTgs,d8b8,226,6,d8d1,0.0033,0.0027,0.0015,0.0008,d8d1,d8d1,d8d1,g7e5,124.0,0.0033,-0.0025,True,club,0,rook,False,False,True,False,middlegame,False
r1b1k2r/pp2nppp/1q2p3/b1NpP3/1P6/P2B1Q2/5PPP/R1B2RK1 b kq - 0 14,28,X45G8Ukg,b6c6,-176,25,a5b4,0.0169,0.0102,0.005,0.0025,a5b4,a5b4,a5b4,a5b4,306.0,0.0169,-0.0144,True,club,1,queen,False,False,True,False,middlegame,False
r3k2r/p2b1ppp/2pBp3/3pP3/7q/3N1Q2/5PPP/R4RK1 b kq - 1 20,40,X45G8Ukg,f7f5,-515,11,f7f6,0.0426,0.0308,0.0273,0.024,h4d4,h4d4,h4d4,h4d4,199.0,0.0426,-0.0186,True,club,3,pawn,False,False,True,True,middlegame,False
r5r1/p1k5/R1p2pq1/3pp2p/7P/5QB1/5PP1/2R3K1 b - - 5 34,68,X45G8Ukg,c7d8,-753,15,g6e8,0.0324,0.0295,0.0226,0.0176,c7b7,c7b7,c7b7,c7d7,436.0,0.0324,-0.0148,True,club,3,king,False,False,True,False,middlegame,False
8/5Qbk/p2q2pp/5p2/1p1N4/4P2P/P4PP1/6K1 b - - 1 32,64,QOrFkA4i,d6b8,-73,8,d6f6,0.0015,0.0009,0.0006,0.0006,a6a5,a6a5,a6a5,a6a5,469.0,0.0015,-0.0009,True,club,4,queen,False,False,True,False,endgame,False
r2q1rk1/1b2npbp/pp2p1p1/2p3B1/P2nP3/3P1N1P/BP1N1PP1/1R1Q1RK1 b - - 3 14,28,9F9QDRJ6,d4c6,90,6,d8d7,0.0137,0.0165,0.0185,0.0144,b6b5,d8d7,d8d7,d8d7,176.0,0.0185,0.0007,True,club,1,knight,False,False,True,False,middlegame,False
1r1r2k1/1b3pbp/p2qp1p1/Q1p5/P1B1P3/3P1N1P/1P3PP1/1R1R2K1 b - - 6 22,44,9F9QDRJ6,b7c6,-8,65,g7d4,0.0269,0.026,0.0272,0.0342,b8a8,b8a8,g7d4,g7d4,163.0,0.0342,0.0073,True,club,0,bishop,False,False,True,False,middlegame,False
2rq1rk1/1p2nppp/pbn1p3/3pP3/3P1PPB/P4N1P/1P2B3/2RQ1RK1 b - - 2 18,36,X27H7gYN,c6d4,100,172,d8d7,0.0472,0.0183,0.0076,0.004,d8d7,d8d7,d8d7,d8d7,181.0,0.0472,-0.0432,True,club,1,knight,True,False,False,False,middlegame,False
2r2rk1/1p1q1ppp/pbn1p1n1/3pP3/3P1PP1/P2Q1NBP/1P2B3/2R2RK1 b - - 6 20,40,X27H7gYN,c6d4,14,74,c8c7,0.0228,0.0138,0.0096,0.0084,b6a7,b6a7,b6a7,c6a5,106.0,0.0228,-0.0144,True,club,1,knight,True,False,False,False,middlegame,False
r5k1/p3qppp/2pr4/2b2b2/Q3p3/4P1NP/PP3PP1/R1B2RK1 b - - 5 16,32,j6iAHnQo,f5h3,57,11,f5g6,0.0295,0.0343,0.0221,0.0083,f5g6,f5g6,f5g6,f5g6,102.0,0.0343,-0.0212,True,club,0,bishop,True,False,False,False,middlegame,False
r3k2r/ppp2p2/2p1qp1p/8/3QP3/2P5/2P2PPP/3R1RK1 b kq - 3 16,32,n2ELxpvr,a7a5,101,35,e8e7,0.0066,0.0089,0.0091,0.0097,e8g8,e8g8,e8g8,e8e7,286.0,0.0097,0.0031,True,club,0,pawn,False,False,True,True,endgame,False
1r4k1/p4pp1/4pq1p/4N3/5n2/5Q2/P4PPP/4R1K1 b - - 3 22,44,t2cC9knQ,f6e5,520,356,f6e5,0.008,0.0056,0.0042,0.0042,b8b2,b8b2,b8b2,f4d5,383.0,0.008,-0.0038,True,club,5,queen,True,False,False,False,endgame,True
r2q1r1k/1b1p2pp/4p3/1N2Pp2/p4P1n/2P1Q2P/PPB3P1/R5RK b - - 0 28,56,rv9OgJLU,a8b8,69,15,f8g8,0.0302,0.0338,0.035,0.0443,a8a5,a8a5,b7c6,b7c6,108.0,0.0443,0.0141,True,club,0,rook,False,False,True,False,middlegame,False
8/p2b3p/1p3k2/1Pp2p2/2P1p2P/P1K3P1/4BP2/8 b - - 0 30,60,B6HrxGuF,f5f4,327,211,f6g7,0.0041,0.0023,0.0017,0.0021,f6e5,f6e5,f6e5,f6e5,245.0,0.0041,-0.002,True,club,5,pawn,False,False,True,True,endgame,False
3r1k2/R3n2p/6p1/pB1Pp3/4P3/P1r5/3K3P/1R6 b - - 5 34,68,yXBQVkce,c3f3,-230,38,c3a3,0.0222,0.015,0.0113,0.01,c3a3,c3a3,c3a3,c3a3,194.0,0.0222,-0.0122,True,club,4,rook,False,False,True,False,endgame,False
r1bqk2r/ppp1bpp1/1n1p1n1p/3Pp3/2P1P2B/2NB4/PP3PPP/R2QK1NR b KQkq - 1 8,16,IRuM2Uo8,f6e4,164,35,c8g4,0.0087,0.0214,0.0371,0.0437,g7g5,g7g5,e8g8,e8g8,156.0,0.0437,0.035,True,club,1,knight,True,False,False,False,opening,False
r3r1k1/1p3ppp/p4q2/2pPpb2/2P5/1P2Q1BP/P4PP1/4RRK1 b - - 1 20,40,gYco2Kza,f6g6,-74,123,f6g6,0.0304,0.0321,0.0344,0.0328,e5e4,e5e4,e5e4,e5e4,195.0,0.0344,0.0024,True,club,4,queen,False,False,True,False,middlegame,True
3rr3/1p6/1pp2k2/6p1/1P2P1K1/8/P7/3R1R2 b - - 1 34,68,sppe3y42,f6e6,178,72,f6g6,0.0102,0.008,0.0072,0.0083,f6g6,f6g6,f6g6,f6g6,154.0,0.0102,-0.0019,True,club,5,king,False,False,True,False,endgame,False
2r3k1/5ppp/4p3/2Bpn3/2qP4/6P1/2BQ1PKP/1R6 b - - 4 28,56,cNHxdFK1,h7h6,-412,9,e5d7,0.0275,0.0244,0.0197,0.0173,e5g4,e5g4,e5d7,e5d7,149.0,0.0275,-0.0102,True,club,2,pawn,False,False,True,True,middlegame,False
1r4k1/4pp2/6p1/R1n1Pb1p/2r4P/P1N2P2/1PP1N1P1/1K1R4 b - - 4 28,56,7G1LxMeM,g6g5,-403,13,c5b3,0.0062,0.0018,0.0007,0.0005,c5b3,c5b3,c4h4,c4h4,115.0,0.0062,-0.0057,True,club,6,pawn,False,False,True,True,middlegame,False
rb3rk1/1pqn1pp1/p3b2p/3p4/1P1P2B1/P1N1B2P/2P3P1/2RQ1RK1 b - - 0 20,40,Nl5zcapy,f7f5,483,22,c7c3,0.0047,0.0045,0.0043,0.0031,c7h2,c7h2,c7h2,c7h2,143.0,0.0047,-0.0016,True,club,7,pawn,False,False,True,True,middlegame,False
4r1k1/5pp1/7p/ppbp4/3N4/2P1RPP1/PP3KP1/8 b - - 1 32,64,z3IFpDLC,c5d4,-4,2,e8e3,0.0395,0.0358,0.0316,0.0231,e8e3,e8e3,e8e3,e8e3,204.0,0.0395,-0.0164,True,club,4,bishop,True,False,False,False,endgame,False
r2qkb1r/pp2nppp/2n1p3/1BPpP3/6b1/2P1BN2/PP3PPP/RN1QK2R b KQkq - 3 8,16,ceu607iQ,d8a5,-48,23,e7f5,0.0136,0.0144,0.0156,0.0133,e7f5,e7f5,e7f5,e7f5,144.0,0.0156,-0.0003,True,club,1,queen,False,False,True,False,opening,False
2k3rr/p1q2p1p/2p1pQ2/3pP3/8/2P1bN2/PP1N2PP/2KR3R b - - 3 16,32,ceu607iQ,c8b8,-428,1,h7h5,0.0032,0.0042,0.0047,0.006,g8g2,g8g2,g8g2,g8g2,200.0,0.006,0.0028,True,club,3,king,False,False,True,False,middlegame,False
5Q2/pkq2p2/2p1p3/3pP2p/8/1N5P/rP4P1/2KR3R b - - 3 24,48,ceu607iQ,c6c5,-659,20,a7a5,0.044,0.033,0.029,0.0299,c7e5,c7e5,c7e5,c7e5,500.0,0.044,-0.0141,True,club,3,pawn,False,False,True,True,endgame,False
r3k2r/ppq1bppp/2n1bn2/2p1p3/P1NpP3/3P2P1/1PPN1PBP/R1BQ1RK1 b kq - 4 10,20,vksrdlR3,g7g5,80,40,h7h5,0.0047,0.0057,0.0077,0.016,e8g8,e8g8,e8g8,e8g8,103.0,0.016,0.0113,True,club,1,pawn,False,False,True,True,opening,False
rnb2rk1/pppp1ppp/8/8/1b5q/5N2/PPPPN1PP/R1BQ1BKR b - - 4 8,16,Yz3VqAx5,h4d8,-391,28,h4f6,0.0129,0.0104,0.0116,0.0127,b4c5,b4c5,b4c5,b4c5,163.0,0.0129,-0.0002,True,club,2,queen,False,False,True,False,opening,False
r2q3k/pp5p/2p1QRb1/8/3Pp3/4P3/PP4PP/5RK1 b - - 4 22,44,rpMvmypD,a7a5,-634,29,d8d5,0.0202,0.0256,0.0267,0.0243,h8g7,d8d5,d8d5,d8d5,341.0,0.0267,0.0041,True,club,3,pawn,False,False,True,True,endgame,False
8/R7/2p3bp/1p5k/P2Pp3/4P2P/1P4P1/6K1 b - - 0 34,68,rpMvmypD,g6f5,-714,10,b5a4,0.023,0.019,0.0151,0.0146,b5a4,b5a4,b5a4,b5a4,231.0,0.023,-0.0084,True,club,3,bishop,False,False,True,False,endgame,False
1r1q1rk1/ppp2pp1/1b1pbn1p/8/N7/Q5P1/PP2PPBP/R1B1R1K1 b - - 5 14,28,Bfkd6PLe,b6f2,168,64,f8e8,0.0136,0.0221,0.0379,0.0493,b6a5,b6a5,b6a5,b6a5,147.0,0.0493,0.0357,True,club,0,bishop,True,True,False,False,middlegame,False
1r1q1rk1/2pbbppp/3p4/1p1B2N1/p2nPB2/P2P3P/1PPQ2P1/R3K2R b KQ - 2 16,32,maccGUuk,d4c2,147,31,c7c6,0.0037,0.0026,0.0024,0.0027,e7g5,c7c6,c7c6,c7c6,147.0,0.0037,-0.001,True,club,0,knight,True,True,False,False,middlegame,False
5rk1/1p4p1/1q5p/5p2/1p2pP2/PPb5/2P1Q1PP/1R3R1K b - - 0 22,44,r0KDFmrm,e4e3,-27,36,f8c8,0.0264,0.0193,0.0132,0.0076,b4a3,b4a3,b4a3,b4a3,292.0,0.0264,-0.0188,True,club,5,pawn,False,False,True,True,endgame,False
8/2q1r1pk/7p/1Q3R2/4pP2/1Pb3P1/2P4P/3R3K b - - 0 30,60,r0KDFmrm,c7c8,-351,34,e4e3,0.0114,0.009,0.0066,0.0057,e4e3,e4e3,e4e3,e4e3,180.0,0.0114,-0.0057,True,club,6,queen,False,False,True,False,endgame,False
r4rk1/p1p2qpp/2Qp4/5p2/2bPpP2/2P1B1P1/P3PK1P/R4R2 b - - 1 18,36,JHquPDMt,a7a6,245,20,d6d5,0.019,0.0207,0.0229,0.021,f7h5,f7h5,f7h5,f7h5,633.0,0.0229,0.002,True,club,0,pawn,False,False,True,True,middlegame,False
r4rk1/p1p3pp/2Q5/3p1p2/2bPpPP1/2P1B3/Pq5P/R3R1K1 b - - 0 22,44,JHquPDMt,b2b6,318,37,f5g4,0.0092,0.0111,0.014,0.0182,b2c3,b2c3,b2c3,b2c3,111.0,0.0182,0.009,True,club,5,queen,False,False,True,False,middlegame,False
r4rk1/p4pp1/1n6/1N1pP1qp/2pP4/4PRPP/1PQ5/R5K1 b - - 1 24,48,K3DcsTsi,f7f6,-73,40,a7a5,0.0328,0.0299,0.0274,0.0232,h5h4,h5h4,h5h4,h5h4,127.0,0.0328,-0.0096,True,club,4,pawn,False,False,True,True,middlegame,False
8/1pp2kp1/1p2pn1p/4p2P/3qP3/3P2Q1/2P2RPK/8 b - - 0 30,60,UJJHMGZE,f7f8,-215,9,f7e8,0.0189,0.0214,0.0259,0.0378,b6b5,b6b5,b6b5,b6b5,284.0,0.0378,0.0189,True,club,5,king,False,False,True,False,endgame,False
2rq1rk1/pp2bp1p/5p2/3p4/3P1PP1/1Q1N1N1P/PPn5/2R2RK1 b - - 3 20,40,uai0h4MN,d8b6,-245,151,c2e3,0.0038,0.0035,0.0038,0.0036,c2e3,c2e3,c2e3,c2e3,136.0,0.0038,-0.0002,True,club,4,queen,False,False,True,False,middlegame,False
5rk1/pp2b2p/4qp2/3p4/2NP1PP1/4Q2P/PP6/2R3K1 b - - 1 26,52,uai0h4MN,e6d7,-104,27,e6d7,0.0497,0.0423,0.0451,0.0494,e6e3,e6e3,e6e3,e6e3,185.0,0.0497,-0.0003,True,club,4,queen,False,False,True,False,endgame,True
4q1k1/pp3ppp/1r3p2/3B1N2/6P1/7P/PP3P2/2R3K1 b - - 0 28,56,8jeaAC7B,g8f8,377,77,h7h6,0.0044,0.0054,0.0056,0.0059,b6b2,g7g6,g7g6,g7g6,256.0,0.0059,0.0015,True,club,5,king,False,False,True,False,endgame,False
2rq2k1/pp3pbp/2nnr1p1/2p2P2/2Pp4/P2P2NP/BP4P1/R1BQ1RK1 b - - 0 18,36,Amx4Ek5r,e6e3,193,57,e6e8,0.0057,0.0042,0.004,0.0051,d6f5,d6f5,d6f5,d6f5,133.0,0.0057,-0.0006,True,club,0,rook,False,False,True,False,middlegame,False
r2qkr2/1pp4Q/3p2p1/p2Ppb2/2P1n1P1/8/PP2BP2/R3K1NR b KQ - 0 18,36,zPNUB90Q,e4f6,-177,55,e4g5,0.0466,0.0322,0.0214,0.0182,f5d7,f5d7,f5d7,f5d7,427.0,0.0466,-0.0284,True,club,6,knight,False,False,True,False,middlegame,False
r2qkr2/1pp3Q1/3p2p1/p2Pp1n1/2P1b1P1/5P2/PP2B3/R3K1NR b KQ - 0 20,40,zPNUB90Q,d8e7,-306,44,e4c2,0.0209,0.0175,0.0154,0.0172,g5f3,g5f3,g5f3,g5f3,207.0,0.0209,-0.0037,True,club,6,queen,False,False,True,False,middlegame,False
rn5Q/ppp1p1r1/5kp1/5p2/5P2/B1PP4/P1P1q1PP/4RRK1 b - - 10 20,40,FyrzPjqr,b8c6,-799,63,e2c2,0.002,0.0015,0.0015,0.0015,e2c2,e2c2,e2c2,e2c2,1199.0,0.002,-0.0005,True,club,3,knight,False,False,True,False,middlegame,False
r2q1rk1/3b2p1/p2bp1Pp/1p1p1p1Q/3P3P/7B/PPPB1P2/1K2R2R b - - 1 20,40,xM3d1PVP,a8a7,0,25,a8c8,0.0023,0.0019,0.0015,0.0016,d8f6,d8f6,d8f6,d8f6,348.0,0.0023,-0.0007,True,club,0,rook,False,False,True,False,middlegame,False
r1b1k2r/p5pp/1qp2n2/2b3N1/N2pp3/4B3/PPP2PPP/R2QR1K1 b kq - 1 14,28,5ru0JOpW,d4e3,-55,181,b6b4,0.0085,0.0063,0.0055,0.0044,b6b4,b6b5,b6b5,b6a5,313.0,0.0085,-0.0041,True,club,6,pawn,True,False,False,True,middlegame,False
2rqr1k1/pQ3ppp/5n2/3p1b2/P2Pn3/3BPN2/5PPP/R1B2RK1 b - - 0 16,32,oAirrjeJ,c8b8,0,18,c8c7,0.0382,0.0349,0.0291,0.0264,c8c7,c8c7,c8c7,c8c7,106.0,0.0382,-0.0118,True,club,0,rook,False,False,True,False,middlegame,False
6k1/p4ppp/4rn2/3p4/P2B4/Q3PP2/2q3PP/5RK1 b - - 3 32,64,oAirrjeJ,f6e8,-45,48,a7a6,0.0102,0.0075,0.0071,0.0099,a7a6,a7a6,a7a6,a7a6,116.0,0.0102,-0.0003,True,club,4,knight,False,False,True,False,endgame,False
r4rk1/ppq2p2/4bp1p/3p4/2pP4/2P2BP1/PP1N4/R2QR2K b - - 0 18,36,JBZtTTzw,g8h7,-366,20,c7g3,0.0118,0.0134,0.0112,0.0048,c7g3,c7g3,c7g3,c7g3,151.0,0.0134,-0.007,True,club,2,king,False,False,True,False,middlegame,False
6r1/pp3pk1/4bp1p/3p4/2pP1QB1/2P5/PP1N4/7K b - - 4 26,52,JBZtTTzw,g8e8,-582,19,b7b5,0.0088,0.0086,0.0116,0.0193,e6g4,e6g4,g7f8,g7f8,208.0,0.0193,0.0105,True,club,3,rook,False,False,True,False,endgame,False
8/7Q/4pprp/3p1k2/1ppP3N/2P5/PP6/7K b - - 1 32,64,JBZtTTzw,f5f4,-789,6,f5f4,0.0239,0.0266,0.0306,0.0412,f5g5,f5g5,f5g5,f5g5,1198.0,0.0412,0.0173,True,club,3,king,False,False,True,False,endgame,True
1nkr3r/Qpp1q3/p2p1p1p/4n3/8/P1B5/1PP1B1PP/2K1R3 b - - 3 22,44,xzKh9OLu,f6f5,392,21,f6f5,0.0151,0.0098,0.0077,0.0082,e5c6,e5c6,e5c6,e5c6,162.0,0.0151,-0.0069,True,club,7,pawn,False,False,True,True,middlegame,True
8/ppp3kp/4r1p1/4R1Q1/8/5P2/PP3P1P/6K1 b - - 1 26,52,s85GI732,g7f7,-821,1,e6f6,0.0183,0.0176,0.0195,0.023,e6e5,e6e5,e6e5,e6d6,1173.0,0.023,0.0047,True,club,3,king,False,False,True,False,endgame,False
6k1/1q3p1p/1P1ppbp1/BQ1n4/3P4/5N1P/5PP1/6K1 b - - 4 32,64,AtyzwkhP,g8f8,0,0,g8f8,0.0172,0.0225,0.0329,0.0496,f6d8,f6d8,f6d8,f6d8,545.0,0.0496,0.0324,True,club,4,king,False,False,True,False,endgame,True
3rr1k1/npp1qppn/p6p/3Pp3/1PP5/P4N1P/2B1QPP1/3RR1K1 b - - 0 22,44,I975x4Wa,e5e4,-268,14,h7g5,0.0296,0.0186,0.0123,0.0083,f7f6,f7f6,f7f6,f7f6,143.0,0.0296,-0.0213,True,club,6,pawn,False,False,True,True,middlegame,False
2k3rr/pp1bbp2/4p3/3pPnpp/1Ppq4/2Q3PP/P3BP1N/RNB2RK1 b - - 1 18,36,w5v0nO20,f5g3,276,106,d4b6,0.0295,0.0286,0.0285,0.0292,d4c3,d4b6,d4b6,d4b6,157.0,0.0295,-0.0003,True,club,2,knight,True,False,False,False,middlegame,False
r2qr1k1/3bN1pn/p4p1p/1ppP4/8/2P4P/PPQ3P1/1B2RRK1 b - - 3 26,52,15Wkba1A,d8e7,-861,27,e8e7,0.0144,0.0085,0.0081,0.009,e8e7,e8e7,e8e7,e8e7,1128.0,0.0144,-0.0054,True,club,6,queen,True,False,False,False,middlegame,False
r2qnrk1/pb1n1p2/1p1p3p/2p1pN2/2PPPP1p/2PB4/P2Q2PP/R4RK1 b - - 0 16,32,I4Ar14tc,c5d4,114,21,d8f6,0.0419,0.0231,0.0132,0.0081,g8h7,g8h7,g8h7,g8h7,183.0,0.0419,-0.0338,True,club,6,pawn,True,False,False,True,middlegame,False
r2qnrk1/pb1n1p2/1p1P3p/2p2N2/2PPP2p/2PB4/P2Q2PP/R4RK1 b - - 0 18,36,I4Ar14tc,e8d6,-583,52,e8d6,0.0332,0.0136,0.0047,0.0017,d8g5,d8g5,d8g5,d8g5,217.0,0.0332,-0.0315,True,club,6,knight,True,False,False,False,middlegame,True
2rqkbnr/5ppp/p3p3/1p6/2nN2PP/2N1BQ2/PP2KP2/R6R b k - 5 16,32,rrYpPTnF,f8d6,141,42,c4b2,0.0049,0.0055,0.0062,0.0071,c4b2,c4b2,c4e3,c4e3,142.0,0.0071,0.0022,True,club,0,bishop,False,False,True,False,middlegame,False
2rqkbnr/5ppp/p3p3/1p6/2nNN1PP/4BQ2/P3KP2/3R3R b k - 3 18,36,rrYpPTnF,d8d5,129,8,d8c7,0.0125,0.0106,0.0105,0.0156,d8a5,d8a5,d8a5,c4e3,203.0,0.0156,0.0031,True,club,0,queen,False,False,True,False,middlegame,False
3Rn3/4pk1p/3p2p1/p1n5/2NrP2P/5P2/4KP2/2R5 b - - 3 26,52,9TI8Fxe5,c5e6,-79,9,a5a4,0.0383,0.0392,0.0373,0.0422,a5a4,a5a4,a5a4,a5a4,121.0,0.0422,0.0039,True,club,5,knight,False,False,True,False,endgame,False
2kr1b1r/pp1q1pp1/4p1p1/3n4/3P2P1/P5BP/1KP1QPB1/3R3R b - - 0 18,36,T7iSzK3x,f8a3,146,146,d7a4,0.0483,0.0346,0.0241,0.0183,d7a4,d7a4,d7a4,d7a4,156.0,0.0483,-0.03,True,club,0,bishop,True,True,False,False,middlegame,False
2kr4/ppp2ppp/r6b/2P5/1P6/P7/R2N1PPP/3R1K2 b - - 2 26,52,Fje4arnx,d8d2,308,21,d8d3,0.0069,0.0063,0.0062,0.0058,a6e6,a6e6,a6e6,a6e6,156.0,0.0069,-0.0011,True,club,5,rook,True,False,False,False,endgame,False
r2q1rk1/pp1nbppp/4pn2/3p4/3P1Bb1/1Q2PN2/PP1NBPPP/R4RK1 b - - 1 10,20,1pX40Aiz,f6e4,22,29,b7b6,0.024,0.0151,0.0105,0.0075,b7b6,b7b6,b7b6,b7b6,173.0,0.024,-0.0165,True,club,1,knight,False,False,True,False,opening,False
r1bq1rk1/3n1ppp/2pp1n2/ppb1p1B1/P3PP2/1BNP4/1PPQ2PP/2KR2NR b - - 0 10,20,J4AQjgj9,c5b4,136,5,d8b6,0.0328,0.0345,0.0342,0.0378,b5b4,b5b4,b5b4,b5b4,138.0,0.0378,0.005,True,club,1,bishop,False,False,True,False,opening,False
r1b2rk1/3n1ppp/1qp2n2/ppb1p1B1/P3P3/1BNP1N2/1PPQ2PP/2KR3R b - - 1 12,24,J4AQjgj9,b6c7,51,0,h7h6,0.0018,0.0022,0.003,0.0053,b5a4,b5a4,b5a4,b5a4,133.0,0.0053,0.0035,True,club,1,queen,False,False,True,False,middlegame,False
r4rk1/1pp2pp1/p2p3p/8/P1B1Pq1n/2PPRnNP/1P2QP2/R4K2 b - - 6 20,40,5JDjS7vS,g8h8,178,89,f3e5,0.0033,0.0093,0.0198,0.0295,f3h2,f3h2,f3h2,f3h2,106.0,0.0295,0.0262,True,club,0,king,False,False,True,False,middlegame,False
r4rk1/1p2bpp1/pq2b2p/3pPp2/N1nP1P2/P3BN2/1P4PP/2RQ1RK1 b - - 4 18,36,tzgrCE8T,b6c6,129,33,b6a5,0.049,0.0486,0.0453,0.0408,b6b5,b6b5,b6b5,c4e3,312.0,0.049,-0.0082,True,club,0,queen,False,False,True,False,middlegame,False
2q5/Q1nk4/1B1pn1p1/3Np1P1/4P3/8/7P/4K3 b - - 10 34,68,MLSgxZxH,c8a6,-1,0,d7d8,0.044,0.0289,0.0256,0.0363,d7c6,d7c6,d7c6,d7c6,796.0,0.044,-0.0077,True,club,4,queen,False,False,True,False,endgame,False
r2kr3/1p2p3/p2p1n1p/5qp1/1BN5/2P2P2/4Q1PP/R3R2K b - - 5 24,48,3dI38cFT,d8c7,-524,39,f6d5,0.0326,0.0355,0.0409,0.045,f6d5,f6d5,f6d5,f6d5,207.0,0.045,0.0124,True,club,3,king,False,False,True,False,middlegame,False
rnbqk2r/pppn1ppp/1b2p3/3pP3/1P1P4/P1N1BP2/2P3PP/R2QKBNR b KQkq - 2 8,16,oYXFF3p7,d7e5,76,81,c7c6,0.0113,0.0127,0.0231,0.0314,e8g8,e8g8,e8g8,a7a5,154.0,0.0314,0.0201,True,club,1,knight,True,False,False,False,opening,False
2kr3r/p1p1b3/1p1p1p2/n3qQp1/1P1N4/2P5/P5PP/R1BR2K1 b - - 2 22,44,sYNmuiPC,d8d7,-170,52,e5f5,0.0377,0.0162,0.0068,0.004,e5f5,e5f5,e5f5,e5f5,156.0,0.0377,-0.0337,True,club,4,rook,False,False,True,False,middlegame,False
1k1r3r/p1p1N3/1p1p1p2/nP4p1/2P5/8/P5PP/R1BR2K1 b - - 0 26,52,sYNmuiPC,h8h6,-395,0,a5c4,0.009,0.0103,0.0123,0.0118,a5c4,a5c4,a5c4,a5c4,121.0,0.0123,0.0028,True,club,2,rook,False,False,True,False,middlegame,False
2q2rk1/p4p1p/bp1b2p1/2p4n/2NP4/3Q2P1/PPB1RP1P/4R1K1 b - - 0 22,44,TKuFHqMJ,h5f4,0,189,d6b8,0.0089,0.0068,0.005,0.0036,c5d4,c5d4,c5d4,c5d4,468.0,0.0089,-0.0053,True,club,0,knight,False,False,True,False,middlegame,False
1b3rk1/p3Rp1p/b4Qp1/1pp5/2NP4/1P4Pq/P1B2P1P/4R1K1 b - - 0 26,52,TKuFHqMJ,h3h6,-678,36,a6c8,0.0205,0.0196,0.0143,0.0105,b5c4,b5c4,b5c4,b5c4,1313.0,0.0205,-0.01,True,club,3,queen,False,False,True,False,middlegame,False
r4r1k/pp2Q1p1/8/3p3p/2pP4/2P3NP/PPq5/4R2K b - - 1 32,64,KULfAAWN,f8e8,487,2,a8e8,0.0212,0.0103,0.0049,0.003,f8f2,f8f2,f8f2,c2f2,169.0,0.0212,-0.0182,True,club,7,rook,False,False,True,False,endgame,False
r2q3k/1b1pnrbp/p1n1ppp1/1p6/4PB2/2N2N2/PP1Q1PPP/1BRR2K1 b - - 7 16,32,57yJXhaD,g6g5,57,74,e7c8,0.0466,0.0407,0.0325,0.0222,d7d5,d7d5,d7d5,d7d5,101.0,0.0466,-0.0244,True,club,1,pawn,False,False,True,True,middlegame,False
r2r1nk1/pb1qppbp/1pn3p1/2pNP3/2P1BP2/P3BN2/1P2Q1PP/R4RK1 b - - 4 18,36,cFYXMMyM,f7f5,-85,32,f8e6,0.0344,0.0181,0.0088,0.0055,e7e6,f8e6,f8e6,f8e6,103.0,0.0344,-0.0289,True,club,1,pawn,False,False,True,True,middlegame,False
1rb2rk1/4qpp1/2p4p/ppn1p3/4Pn2/P1N1QN1P/1PP2PP1/2RR1BK1 b - - 3 18,36,V4F3bAnv,f4g6,-37,0,b5b4,0.0091,0.0118,0.0131,0.0108,b5b4,b5b4,b5b4,c5e6,132.0,0.0131,0.0017,True,club,1,knight,False,False,True,False,middlegame,False
r1bqr1k1/pp2b2p/1n2p1pB/4P3/2PpN3/5NQ1/PP4P1/R4RK1 b - - 1 18,36,liAHHVEZ,b6d7,-504,58,b6c4,0.01,0.012,0.0154,0.0192,b6c4,b6c4,b6c4,b6c4,180.0,0.0192,0.0092,True,club,6,knight,False,False,True,False,middlegame,False
r1bqr1k1/pp2b2p/4p1p1/4P3/3pN3/4BNQ1/PP4P1/3R1RK1 b - - 0 20,40,liAHHVEZ,c8d7,-552,17,d4e3,0.0278,0.0214,0.0161,0.0139,d8b6,d8b6,d8b6,d8b6,112.0,0.0278,-0.0139,True,club,3,bishop,False,False,True,False,middlegame,False
6k1/pp5p/4p1p1/1b6/8/4Q3/PP4PK/5r2 b - - 3 34,68,liAHHVEZ,a7a6,-20,41,b5c6,0.0207,0.016,0.0118,0.0098,f1f6,f1f6,f1f6,f1f6,208.0,0.0207,-0.0109,True,club,4,pawn,False,False,True,True,endgame,False
7k/6p1/4n1p1/3PP2p/2q1N3/7P/5PP1/3Q2K1 b - - 0 32,64,byeY73yB,e6c7,-481,2,e6f4,0.0454,0.0281,0.0169,0.0143,c4e4,c4e4,c4e4,c4e4,363.0,0.0454,-0.0311,True,club,4,knight,False,False,True,False,endgame,False
4rkr1/pQ1bb3/2p2p2/5p2/3P4/2P2NBq/P4PP1/R3R1K1 b - - 1 26,52,fjYifssl,d7c8,-372,113,g8g3,0.044,0.039,0.0371,0.0381,g8g3,g8g3,g8g3,g8g3,267.0,0.044,-0.0059,True,club,6,bishop,False,False,True,False,middlegame,False
4rrk1/1R5p/1Rq2np1/4ppQ1/3p4/5P2/P4BPP/6K1 b - - 3 34,68,ZAI4ipF1,c6c5,16,16,c6d5,0.0373,0.0324,0.0293,0.0304,c6c1,c6c1,c6c1,c6c2,348.0,0.0373,-0.0069,True,club,5,queen,False,False,True,False,middlegame,False
r1q3k1/1b1np3/pp1pN3/2pP3p/P1Pbp1p1/2N5/1PQB2PP/5R1K b - - 2 24,48,Fg55hUTj,d7f8,-255,167,d7f6,0.0249,0.0234,0.0186,0.02,d7f6,d7f6,d7f6,d7f6,241.0,0.0249,-0.0049,True,club,6,knight,False,False,True,False,middlegame,False
r1q3k1/1b2p3/pp1pN3/2pP3p/P1PbQ1p1/8/1P1B2PP/5R1K b - - 0 26,52,Fg55hUTj,g8h8,-823,197,d4f6,0.0199,0.02,0.0199,0.0211,c8e8,c8e8,d4f6,d4f6,1173.0,0.0211,0.0012,True,club,3,king,False,False,True,False,middlegame,False
rn3bnr/2q1k2p/1NpNPpp1/p7/P3P3/8/1PP2PPP/R1BQ1RK1 b - - 0 14,28,HSvXwDMM,b8a6,-703,46,a8a6,0.0136,0.0102,0.0085,0.0092,c7b6,c7b6,c7b6,c7b6,161.0,0.0136,-0.0044,True,club,3,knight,False,False,True,False,middlegame,False
r6r/pp3k2/2n1q1p1/3R1nBp/7P/P2Q4/1P2NP2/5RK1 b - - 2 26,52,Nre4rxJN,f5d4,-401,5,h8e8,0.0032,0.0015,0.0008,0.0006,c6e5,c6e5,c6e5,h8e8,103.0,0.0032,-0.0026,True,club,6,knight,False,False,True,False,middlegame,False
r2qkb1r/1p1b1pp1/p1nppn1p/8/4P3/1P2QN1P/P1P1BPP1/RNB1K2R b KQkq - 1 10,20,aaUyuNaG,d6d5,170,92,f8e7,0.043,0.0257,0.0166,0.0299,f8e7,f8e7,f8e7,f8e7,137.0,0.043,-0.0131,True,club,1,pawn,False,False,True,True,opening,False
3qnrk1/1p1b1pp1/4p2p/3pP1b1/8/1PBBNN1P/5PP1/2Q3K1 b - - 3 24,48,aaUyuNaG,d5d4,227,77,b7b5,0.0095,0.0059,0.004,0.0036,g5e3,g5e3,g5e3,g5e3,109.0,0.0095,-0.0059,True,club,0,pawn,False,False,True,True,middlegame,False
4rrk1/pp4pp/2p5/2Npp1q1/3P4/P2P2Pb/BP3P2/R2Q1RK1 b - - 0 20,40,OTNObjYR,g8h8,361,152,h3f1,0.0013,0.0013,0.0016,0.0028,h3f1,h3f1,h3f1,h3f1,236.0,0.0028,0.0015,True,club,2,king,False,False,True,False,middlegame,False
1k5r/pppB1ppp/8/8/Qb1q4/4rPK1/PP4PP/R6R b - - 3 18,36,ZWMr0aVH,g7g5,772,77,b4d6,0.0057,0.0048,0.0047,0.0058,b4d6,b4d6,b4d6,b4d6,218.0,0.0058,0.0001,True,club,7,pawn,False,False,True,True,middlegame,False
1k5r/pppB1ppp/3b4/1Q2q3/8/4rP1K/PP4PP/R6R b - - 7 20,40,ZWMr0aVH,c7c5,671,89,e5f6,0.0053,0.0043,0.0045,0.0058,e5b5,e5b5,e5f4,e5f4,179.0,0.0058,0.0005,True,club,7,pawn,False,False,True,True,middlegame,False
r1bq1r2/ppp1npkp/3p1np1/3Pp3/4P3/2N2P2/PPPQN1PP/R3KB1R b KQ - 2 10,20,VbGYxADT,h7h5,10,2,f6g8,0.0087,0.006,0.0082,0.0139,c7c6,c7c6,c7c6,f6h5,164.0,0.0139,0.0052,True,club,1,pawn,False,False,True,True,opening,False
r4r1k/pppb3p/3p4/3Pp3/4P2Q/2Nq2N1/PP3n2/K4RR1 b - - 1 26,52,VbGYxADT,a8e8,-252,69,d3e3,0.0094,0.0091,0.0104,0.0139,f8f4,f8f4,f8f4,f8f4,200.0,0.0139,0.0045,True,club,6,rook,False,False,True,False,middlegame,False
r4rk1/1pp2pb1/3p1qpp/p1n5/b1QPP3/P5P1/4NPBP/RN3RK1 b - - 1 16,32,J0sDnOhC,f6e6,289,30,b7b5,0.0173,0.0147,0.012,0.0102,a4b3,a4b3,b7b5,a4b3,188.0,0.0173,-0.0071,True,club,0,queen,False,False,True,False,middlegame,False
r1bq1rk1/pp1pbppp/2p5/P2nP2Q/1P1PN3/2P3P1/1B4BP/R4RK1 b - - 2 20,40,jgV7B9d4,f7f5,-205,48,d7d6,0.0049,0.0085,0.02,0.0378,d5e3,d5e3,d5e3,d5e3,300.0,0.0378,0.0329,True,club,1,pawn,False,False,True,True,middlegame,False
1r3rk1/q4pbp/3p2pn/1ppN1P2/6P1/1PP4P/P2Q4/2KR2BR b - - 0 22,44,5eu2HVAd,f7f6,-165,65,b8a8,0.0137,0.0133,0.0111,0.009,a7a3,a7a3,a7a3,a7a3,141.0,0.0137,-0.0047,True,club,6,pawn,False,False,True,True,middlegame,False
r4rk1/5pbp/3p1Ppn/1ppN4/6P1/qPP4P/P2Q4/1K1R2BR b - - 2 24,48,5eu2HVAd,f8e8,-445,26,c5c4,0.0179,0.0115,0.0105,0.0126,g7h8,g7h8,g7h8,g7h8,1554.0,0.0179,-0.0053,True,club,6,rook,False,False,True,False,middlegame,False
r2q1r1k/pp4b1/2pp2pp/4pp2/3nP1P1/P1PPB2P/BP3P2/R2QK2R b KQ - 1 18,36,Xkmlak8m,f5e4,108,163,f5e4,0.0354,0.0353,0.0363,0.0365,d4b5,d4b5,d4b5,d4b5,324.0,0.0365,0.0011,True,club,1,pawn,True,False,False,True,middlegame,True
r4b1r/pp1k1ppp/2p1b3/8/4BB2/8/PPP2PPP/R3R1K1 b - - 1 14,28,7Sb47dxb,g7g6,-18,18,a8d8,0.0368,0.0362,0.0334,0.0284,a8d8,a8d8,f8d6,f8d6,510.0,0.0368,-0.0084,True,club,1,pawn,False,False,True,True,middlegame,False
r3kb1r/ppqn1ppp/2p1pn2/4Nb2/3P1P2/2N5/PPPBB1PP/R2Q1RK1 b kq - 3 10,20,W7xFtGyZ,c7b6,34,32,c6c5,0.0124,0.0119,0.0113,0.0155,f8d6,f8d6,f8d6,f8e7,179.0,0.0155,0.0031,True,club,1,queen,False,False,True,False,opening,False
r1b1kb1r/ppp1qpp1/2np1n1p/8/2BPP3/1Q3N2/PP3PPP/RNB2RK1 b kq - 0 8,16,5qNXu8jA,f6d7,-171,41,a8b8,0.0005,0.0019,0.0064,0.012,c8e6,c6a5,c6a5,c6a5,288.0,0.012,0.0115,True,club,1,knight,False,False,True,False,opening,False
2br2k1/p1q1bppp/2p2n2/1p2pPB1/4P3/1NPr3P/PP2Q1PN/R4RK1 b - - 4 18,36,ytHVOUtt,f6e4,249,86,a7a5,0.0128,0.0088,0.0062,0.0033,c7b6,a7a5,a7a5,a7a5,167.0,0.0128,-0.0095,True,club,0,knight,True,False,False,False,middlegame,False
2br2k1/2q1bppp/2p2n2/p3pPB1/Pp2P3/1NPr3P/1P2Q1PN/3R1RK1 b - - 1 20,40,ytHVOUtt,c7a7,470,7,d3d1,0.0028,0.0019,0.0013,0.0009,d3d1,d3d1,c8a6,c8a6,145.0,0.0028,-0.0019,True,club,0,queen,False,True,False,False,middlegame,False
2b3k1/2q1bppp/2p2n2/p3pPB1/Pp2P3/1NP4P/1P4PN/3Q2K1 b - - 0 22,44,ytHVOUtt,c7a7,448,17,f6e4,0.0074,0.0041,0.002,0.0015,b4c3,b4c3,f6e4,f6e4,237.0,0.0074,-0.0059,True,club,0,queen,False,True,False,False,middlegame,False
2b3k1/4qppp/2p5/p3pP2/PP2n3/1N5P/1P4PN/3Q2K1 b - - 0 24,48,ytHVOUtt,e7a7,315,203,a5b4,0.0213,0.0186,0.0159,0.0189,a5b4,a5b4,a5b4,a5b4,203.0,0.0213,-0.0024,True,club,5,queen,False,True,False,False,endgame,False
6k1/5ppp/b1p5/4pP2/Pp2n3/1N3Q1P/1P4P1/4KNq1 b - - 7 28,56,ytHVOUtt,h7h5,434,60,a6f1,0.0005,0.0002,0.0002,0.0003,a6f1,a6f1,a6f1,a6f1,235.0,0.0005,-0.0002,True,club,5,pawn,False,False,True,True,endgame,False
r1bqr1k1/ppp1bppp/2n2n2/6B1/3PN3/3B1N2/PP2QPPP/R4RK1 b - - 0 12,24,VT0eRSlP,c8f5,61,2,f6e4,0.0318,0.0213,0.0134,0.0098,f6e4,f6e4,f6e4,c6d4,101.0,0.0318,-0.022,True,club,1,bishop,False,False,True,False,middlegame,False
4R3/6pk/2pB3p/5p2/2PPn3/1P3P1P/6PK/4r3 b - - 0 30,60,YhCa9KbV,g7g5,-522,33,e4d6,0.0381,0.0271,0.0221,0.0218,e4d6,e4d6,e4d6,e4d6,122.0,0.0381,-0.0163,True,club,3,pawn,False,False,True,True,endgame,False
2kr1bnr/pppb1ppp/8/8/2qn3N/2N3P1/PP1PPPBP/R1BQ1RK1 b - - 10 12,24,Z23gTZIV,c4a6,-198,9,f8c5,0.0058,0.0066,0.0058,0.0052,f8b4,f8b4,g7g5,g7g5,146.0,0.0066,-0.0006,True,club,1,queen,False,False,True,False,middlegame,False
r1b2rk1/p3b1pp/4pn2/q2pNp2/2pP1B2/2P1P3/P1Q1BPPP/R3K2R b KQ - 0 14,28,zxjApN2H,a5a3,21,1,f6e4,0.0236,0.0172,0.0126,0.0141,f6e4,f6e4,f6e4,f6e4,103.0,0.0236,-0.0095,True,club,1,queen,False,False,True,False,middlegame,False
r3r1k1/8/p3p2p/1bBpN3/2pP1p2/8/PbB2PPP/5RK1 b - - 5 28,56,zxjApN2H,e8c8,330,21,a8c8,0.0111,0.0098,0.0092,0.009,c4c3,c4c3,c4c3,c4c3,143.0,0.0111,-0.0021,True,club,0,rook,False,False,True,False,middlegame,False
3r2k1/pq4p1/1p2pp1p/3b4/3P1QN1/P1R3P1/1P3P1P/6K1 b - - 1 24,48,MtkFrgQO,d8d7,65,16,d5h1,0.0207,0.0318,0.0426,0.0493,d5h1,d5h1,d5h1,d5h1,301.0,0.0493,0.0286,True,club,5,rook,False,False,True,False,endgame,False
r5k1/pb3p1p/1pnq1p1B/1B3N2/3Pr3/P7/1P3PPP/R2Q2K1 b - - 5 18,36,Gbkn9tba,d6c7,-393,40,d6d5,0.0287,0.0285,0.0233,0.0156,d6d5,d6d5,d6d5,d6d5,273.0,0.0287,-0.0131,True,club,6,queen,False,False,True,False,middlegame,False
r3kb1r/ppp2n2/2n5/3pp3/8/3B3q/PPPP1PQ1/RNB2RK1 b kq - 1 12,24,wNPRPuSY,f7g5,595,78,h3h4,0.0079,0.0044,0.0028,0.0021,h3g2,h3g2,h3g2,h3g2,191.0,0.0079,-0.0058,True,club,7,knight,False,False,True,False,middlegame,False
r5k1/pb1qp2p/1p4p1/3p1r2/4N3/7Q/PPP2PPP/3R1RK1 b - - 9 20,40,iaF4Q0R8,d7b5,21,14,d7b5,0.0476,0.0423,0.0376,0.0332,f5h5,d7e6,d7e6,d7e6,385.0,0.0476,-0.0144,True,club,4,queen,False,False,True,False,middlegame,True
r2qr1k1/1bp2pbp/pp1p1np1/4n3/2PNP1PP/2N1BP2/PP1QB3/1K1R3R b - - 0 14,28,uAIJeZoG,e5g4,39,121,h7h5,0.0151,0.0211,0.0246,0.0146,b6b5,c7c5,c7c5,h7h5,253.0,0.0246,-0.0005,True,club,1,knight,True,False,False,False,middlegame,False
r2qr1k1/1bp2pb1/p2p1np1/1p2n1BP/2PNP2P/2N2P2/PP1QB3/1K1R3R b - - 0 16,32,uAIJeZoG,c7c5,-212,80,g6h5,0.008,0.0114,0.0162,0.0177,g6h5,g6h5,e5c4,b5c4,118.0,0.0177,0.0097,True,club,6,pawn,False,False,True,True,middlegame,False
r5kb/2p5/p2p4/3P3B/2p4P/5P2/PP2r3/1K1R4 b - - 0 28,56,uAIJeZoG,a8b8,883,250,e2b2,0.0369,0.0323,0.0377,0.0411,e2b2,e2b2,e2b2,e2b2,214.0,0.0411,0.0042,True,club,7,rook,False,False,True,False,endgame,False
4r3/pk2q3/1pprp2p/3n1ppQ/3P4/P1P4P/1P1BRPP1/4R1K1 b - - 1 26,52,cblJFIbG,d5c7,-173,36,e7f8,0.0184,0.0171,0.0152,0.0174,f5f4,e7f6,e7f6,e7f6,343.0,0.0184,-0.001,True,club,4,knight,False,False,True,False,middlegame,False
8/2q1bkpp/pNP1p3/Pp3p2/3rp3/3r3P/5PP1/1RR1Q1K1 b - - 0 30,60,rQOAxhk2,d4d8,282,45,d3d2,0.0154,0.0177,0.0196,0.0195,d4d6,d4d6,d4d6,d4d6,394.0,0.0196,0.0041,True,club,5,rook,False,False,True,False,middlegame,False
r3nrk1/1pq1bppp/2p5/p2p1PPP/6Q1/2N2P2/PPP1B3/2KR3R b - - 1 18,36,F0j5hMdz,e7c5,7,60,c7e5,0.0066,0.0051,0.0046,0.0037,b7b5,b7b5,b7b5,b7b5,224.0,0.0066,-0.0029,True,club,0,bishop,False,False,True,False,middlegame,False
r3nQ2/1p3ppk/2p2b1p/p2p3P/5q2/2N2P2/PPP5/1K4RR b - - 0 26,52,F0j5hMdz,f4b4,130,5,f4c7,0.0056,0.0052,0.0056,0.0061,e8d6,e8d6,e8d6,e8d6,360.0,0.0061,0.0005,True,club,5,queen,False,False,True,False,middlegame,False
3rnQ2/1pq2ppk/2p2b1p/p2p3P/6R1/2N2P2/PPP5/1K4R1 b - - 4 28,56,F0j5hMdz,f6g5,219,146,b7b5,0.028,0.0217,0.0143,0.0094,c7e7,c7e7,c7e7,c7e7,771.0,0.028,-0.0186,True,club,5,bishop,False,False,True,False,middlegame,False
r1b1kbnr/ppp2ppp/8/4Pq2/3Q4/8/PPPBB1PP/RN2K2R b KQkq - 2 10,20,ngFFD484,g8e7,-15,135,c8e6,0.04,0.0441,0.0469,0.0481,f5c2,f5c2,f5c2,f5c2,216.0,0.0481,0.0081,True,club,1,knight,False,False,True,False,opening,False
r4k2/1b3p1p/1ppr2pP/P7/2B5/R3P3/1P2KPP1/7R b - - 0 26,52,rWfwebq3,c6c5,-97,3,b6b5,0.0169,0.0095,0.0052,0.0029,b6a5,b6a5,a8a5,a8a5,136.0,0.0169,-0.014,True,club,4,pawn,False,False,True,True,endgame,False
3r4/4k2p/b1p3pP/Pp3p2/1P6/3RP3/4KPP1/3B4 b - - 2 32,64,rWfwebq3,d8e8,-348,23,d8d3,0.0096,0.0106,0.0132,0.0158,d8d3,d8d3,d8d3,d8d3,222.0,0.0158,0.0062,True,club,6,rook,False,False,True,False,endgame,False
r5k1/pprbppbp/3p1np1/q3n3/4P3/1PN1B1PP/P1PQNPB1/1R3RK1 b - - 2 14,28,VmC5FNuX,d7h3,217,212,a8c8,0.0029,0.0019,0.001,0.0004,a8c8,a8c8,a8c8,a8c8,233.0,0.0029,-0.0025,True,club,1,bishop,True,False,False,False,middlegame,False
2r3k1/pprbppbp/q2p1np1/4n3/1P2P3/2N1B1PP/P1PQNPB1/1R1R2K1 b - - 2 16,32,VmC5FNuX,d7h3,277,111,e5c4,0.002,0.0013,0.001,0.0009,e5c4,e5c4,e5c4,e5c4,103.0,0.002,-0.0011,True,club,0,bishop,True,False,False,False,middlegame,False
r1b1k2r/pp1p2bp/6p1/3Np3/1q2P3/4B3/PPP3PP/R2Q1RK1 b - - 3 14,28,aFwK7So9,b4c4,-769,23,b4e4,0.0193,0.0214,0.0223,0.0263,b4e4,b4e4,b4e4,b4e4,505.0,0.0263,0.007,True,club,3,queen,False,False,True,False,middlegame,False
1Q6/2p1kppp/p1b1p3/8/1npq4/6P1/1P3P1P/R4RK1 b - - 3 22,44,gF9Qs385,d4b6,0,40,d4d5,0.0112,0.0162,0.0201,0.0214,d4e4,d4e4,d4e4,d4e4,516.0,0.0214,0.0102,True,club,5,queen,False,False,True,False,endgame,False
r1bqr1k1/pp1n1pbp/5np1/4p3/2NpP3/1P1P1N2/PB2BPPP/R2Q1RK1 b - - 1 12,24,4iZ9muqn,g7f8,28,34,g7f8,0.028,0.0203,0.0155,0.0122,b7b5,b7b5,b7b5,b7b5,122.0,0.028,-0.0158,True,club,1,bishop,False,False,True,False,middlegame,True
2r5/1r3q1k/1p1R2p1/p3Bp1p/b1p1pP2/2P1Q3/1P3RPP/6K1 b - - 3 32,64,873IuBfD,f7e7,-104,0,c8c6,0.0264,0.0171,0.0106,0.0091,b6b5,b6b5,c8c6,c8c6,408.0,0.0264,-0.0173,True,club,4,queen,False,False,True,False,middlegame,False
r3k3/ppp1nb2/2n2p2/2Pp4/3P4/4RN1q/PP1N1P2/R2Q2K1 b q - 1 20,40,TxNTbfyp,h3h6,171,31,e8c8,0.0047,0.003,0.0015,0.0008,e8c8,e8c8,e8c8,e8c8,171.0,0.0047,-0.0039,True,club,5,queen,False,False,True,False,middlegame,False
r3kb1r/pp2pppp/1qn2n2/3p3b/3P1B2/1P1B1P2/P1P1N1PP/RN1Q1R1K b kq - 2 10,20,4LSqEVks,c6b4,-27,14,h5g6,0.0234,0.0133,0.011,0.0078,c6d4,c6d4,c6d4,c6d4,406.0,0.0234,-0.0156,True,club,1,knight,False,False,True,False,opening,False
2kbRN1r/pp3p2/2p5/8/8/2P5/PP3PKP/8 b - - 7 26,52,T9wQ7A4X,h8h5,0,0,c8c7,0.0275,0.0233,0.022,0.0294,h8g8,h8g8,h8g8,c8c7,576.0,0.0294,0.0019,True,club,4,rook,False,False,True,False,endgame,False
rq3rk1/1b1p1ppp/p1nPp3/1pp1n1N1/5P2/1P6/PBPPB1PP/R2Q1RK1 b - - 0 14,28,KNoDpvPI,f7f6,-116,119,e5g6,0.0445,0.0279,0.0189,0.0124,e5g6,e5g6,e5g6,e5g6,134.0,0.0445,-0.0321,True,club,1,pawn,False,False,True,True,middlegame,False
5rk1/3p1rp1/p2np2p/1p6/3q1P2/1PR3P1/P2PQ2P/5R1K b - - 6 30,60,KNoDpvPI,b5b4,520,12,d4b4,0.0413,0.0272,0.0218,0.0211,d6e4,d6e4,d6e4,d6e4,276.0,0.0413,-0.0202,True,club,7,pawn,False,False,True,True,middlegame,False
2r1k2r/1n3pp1/7p/pp1pP3/3PbP2/B1P1RN1P/P5P1/2R3K1 b k - 0 24,48,GsBSNrfF,h6h5,-129,26,e8d7,0.0093,0.0071,0.0069,0.0088,b5b4,b5b4,b5b4,b5b4,109.0,0.0093,-0.0005,True,club,4,pawn,False,False,True,True,middlegame,False
4r1k1/1p2P2b/p1nQ1R1p/b1p5/2P5/PPq3PP/6BK/8 b - - 0 30,60,Bh5PkiEZ,g8g7,443,60,c6e7,0.02,0.0155,0.0139,0.0135,c6e7,c6e7,c6e7,c3e5,1525.0,0.02,-0.0065,True,club,6,king,False,False,True,False,middlegame,False
4r1k1/1p2n2b/p6R/b1p4Q/2P5/PP4PP/3q2BK/8 b - - 6 34,68,Bh5PkiEZ,h7g6,0,1,h7g6,0.0329,0.0318,0.0359,0.0487,h7e4,h7e4,h7e4,h7e4,1997.0,0.0487,0.0158,True,club,6,bishop,False,False,True,False,middlegame,True
4r1k1/2b2p1p/2p5/pp4K1/3P4/P1PQ2P1/1P1N1Pq1/4R3 b - - 0 28,56,slvkifBU,h7h6,764,83,e8e1,0.0214,0.0208,0.0256,0.0352,g2d5,g2d5,g2d5,g2d5,174.0,0.0352,0.0138,True,club,7,pawn,False,True,False,True,endgame,False
2Q5/pp3p1k/7p/6pK/8/1P3P2/P1R2P1P/5qr1 b - - 1 28,56,ApMfLSvL,f1d3,1995,1283,f1d3,0.0249,0.0233,0.0238,0.0269,f1h3,f1h3,f1h3,f1h3,3978.0,0.0269,0.002,True,club,5,queen,False,False,True,False,endgame,True
rn1q4/1b4kp/p7/6b1/1p1P2QP/8/PP3PP1/R3R1K1 b - - 0 20,40,HTYvGIvQ,b8d7,-336,13,h7h5,0.0235,0.0207,0.0191,0.02,h7h6,h7h6,h7h6,h7h6,247.0,0.0235,-0.0035,True,club,6,knight,False,False,True,False,middlegame,False
2r1r2k/2q1b1pp/5p2/5P2/5N2/P4Q1P/2p3P1/2R2RK1 b - - 3 30,60,yFK8jZPi,c7a7,426,39,c7c5,0.0202,0.0209,0.019,0.0189,e7a3,e7a3,e7a3,e7a3,628.0,0.0209,-0.0013,True,club,5,queen,False,True,False,False,middlegame,False
2r1r2k/4b1pp/5p2/5P1Q/5N2/q6P/2p3PK/2R2R2 b - - 1 32,64,yFK8jZPi,a3c5,363,4,e7d6,0.0014,0.001,0.0009,0.001,e7d6,e7d6,e7d6,e7d6,284.0,0.0014,-0.0004,True,club,5,queen,False,False,True,False,middlegame,False
2N3k1/5pp1/p3pn1p/2Nn4/1P1Pb3/P7/5RPP/7K b - - 4 32,64,H2AnAoBF,e4h7,-406,1,f6g4,0.004,0.0042,0.0041,0.0042,f6g4,d5c7,d5c7,d5c7,114.0,0.0042,0.0002,True,club,3,bishop,False,False,True,False,endgame,False
6k1/R4bp1/1r3p1p/4p3/4P2b/P4PN1/6PP/3R3K b - - 1 34,68,jFWnhy8B,g7g6,-436,31,f7e6,0.0122,0.0112,0.0129,0.0184,h4g3,h4g3,h4g3,f7b3,222.0,0.0184,0.0062,True,club,3,pawn,False,False,True,True,endgame,False
3r3r/1k1nb1pp/1pp2p2/4p3/1P2P3/2P1B3/2KN1PPP/R2R4 b - - 3 20,40,JfiyWDre,e7d6,-135,60,b6b5,0.005,0.0044,0.0035,0.0022,d8a8,d8a8,d8a8,d8a8,144.0,0.005,-0.0028,True,club,4,bishop,False,False,True,False,middlegame,False
3r3r/2k3pp/1npb1p2/Np2p3/1P2P3/1KP1B3/3R1PPP/R7 b - - 7 24,48,JfiyWDre,d6e7,-49,7,d8d7,0.0215,0.0218,0.0219,0.0275,b6c4,d8a8,d8a8,d8a8,521.0,0.0275,0.006,True,club,4,bishop,False,False,True,False,middlegame,False
2rq1r2/p4pkp/4pnp1/3pP3/1pPP4/3Q4/PP1N1PPP/R4RK1 b - - 0 20,40,kseLFk2a,f6g8,-217,17,f6d7,0.0065,0.0089,0.0116,0.0154,d5c4,d5c4,d5c4,d5c4,233.0,0.0154,0.0089,True,club,4,knight,False,False,True,False,middlegame,False
2r1r1k1/1b1q1pp1/3p1b1p/pP2p3/3pP3/1B1P1PP1/1PP1QNKP/R3R3 b - - 0 20,40,oGNJWAKo,f6d8,-71,20,c8a8,0.0101,0.0093,0.0089,0.0199,d7b5,d7b5,d7b5,d7b5,124.0,0.0199,0.0098,True,club,1,bishop,False,False,True,False,middlegame,False
r1bq1bkr/pp4pp/2npN3/3Q4/8/8/PPP2PPP/RNB1K2R b KQ - 0 12,24,gwcdlcjb,d8e8,445,4,d8a5,0.047,0.0315,0.023,0.0258,c8e6,c8e6,c8e6,c8e6,2444.0,0.047,-0.0212,True,club,1,queen,False,False,True,False,middlegame,False
r1b2k1r/p5pp/3p4/np6/5B2/8/PPP2PPP/RN3RK1 b - - 1 16,32,gwcdlcjb,f8f7,-255,41,d6d5,0.0231,0.0266,0.0218,0.0133,d6d5,d6d5,d6d5,d6d5,130.0,0.0266,-0.0098,True,club,4,king,False,False,True,False,middlegame,False
3rr1k1/pRp2p2/q7/6pp/2NPB3/P1PQPPPb/5K2/8 b - - 3 26,52,DtfdMN8v,e8e4,323,133,h5h4,0.0109,0.019,0.0303,0.0427,h3e6,h3e6,h3e6,h3e6,228.0,0.0427,0.0318,True,club,0,rook,True,False,False,False,middlegame,False
3rr1k1/p4p2/8/2R3p1/2NPB3/P1PQPP1b/3K4/6q1 b - - 8 32,64,DtfdMN8v,h3e6,130,15,h3f1,0.0103,0.0096,0.0116,0.0158,h3f1,h3f1,h3f1,h3f1,101.0,0.0158,0.0055,True,club,0,bishop,False,False,True,False,middlegame,False
2r5/1p2kpp1/p3p3/4n2r/1P6/P6P/4BPP1/3RR1K1 b - - 1 26,52,L52yn6JS,h5h4,0,5,h5h6,0.0329,0.0285,0.0274,0.0346,h5g5,h5g5,h5g5,h5g5,347.0,0.0346,0.0017,True,club,4,rook,False,False,True,False,endgame,False
rn2kb1r/ppq1pppp/2p2n2/8/3PP1b1/1QN5/PP1B1PPP/2R1KBNR b Kkq - 4 8,16,WRwHBw5z,c7b6,-138,28,b8d7,0.0058,0.0064,0.0099,0.0188,e7e6,e7e6,e7e6,e7e6,112.0,0.0188,0.013,True,club,1,queen,False,False,True,False,opening,False
2k4b/1p1qp3/1nP1p3/4Prpp/3P4/1Q2B3/5PPP/2R2RK1 b - - 0 26,52,WRwHBw5z,d7c6,-917,27,b7c6,0.0281,0.0253,0.0198,0.0149,b7c6,b7c6,b7c6,b7c6,1064.0,0.0281,-0.0132,True,club,3,queen,True,False,False,False,middlegame,False
r3r3/1q1b1p1k/2n3pp/pp1p4/2pP4/P1P1R3/1PBQ1PPP/4RNK1 b - - 4 26,52,0gIHpaVU,b7c7,-84,1,b7c7,0.0351,0.0331,0.03,0.0235,e8e3,e8e3,e8e3,e8e3,117.0,0.0351,-0.0116,True,club,1,queen,False,False,True,False,middlegame,True
6k1/1pp2pp1/p3p2p/8/1PP5/P3QPPK/1q5P/8 b - - 2 26,52,TJU8NdbY,b2b1,288,114,b2b1,0.0439,0.0464,0.0455,0.0398,b2f6,b2f6,b2f6,b2f6,141.0,0.0464,-0.0041,True,club,5,queen,False,False,True,False,endgame,True
r2k1r2/1bp5/pb5p/1p2pB2/4P1n1/2P5/PP1N1PP1/R1B2RK1 b - - 1 18,36,xVf5Epea,f8f5,40,30,f8f5,0.015,0.0197,0.023,0.0212,g4f6,g4f6,g4f6,g4f6,173.0,0.023,0.0062,True,club,4,rook,True,False,False,False,middlegame,True
6r1/2p1k3/pB5p/1p2pP2/6n1/2P2b2/PP3PP1/R4RK1 b - - 0 22,44,xVf5Epea,g4f6,274,254,c7b6,0.023,0.01,0.005,0.0047,c7b6,c7b6,c7b6,c7b6,263.0,0.023,-0.0183,True,club,5,knight,False,False,True,False,endgame,False
6r1/8/pp1R3p/1p3k2/5p2/2P5/PP3P2/7K b - - 1 28,56,xVf5Epea,f5e4,401,174,g8g6,0.0225,0.0111,0.0041,0.0026,g8g6,g8g6,g8g6,g8g6,187.0,0.0225,-0.0199,True,club,5,king,False,False,True,False,endgame,False
6k1/2p1rpp1/p2p1q2/1p3PP1/5p2/P2Q3P/1b3P1K/1B1R4 b - - 0 32,64,D8Y4uWpP,f6c3,229,43,f6e5,0.0239,0.0233,0.0251,0.0347,f6g5,f6g5,f6g5,f6g5,529.0,0.0347,0.0108,True,club,5,queen,False,False,True,False,endgame,False
4rrk1/pp3pp1/8/3Bn1R1/8/P1K4b/1P3P1P/3R4 b - - 0 24,48,8p8x6lrS,e8e7,441,14,h3e6,0.0124,0.0135,0.0166,0.0242,h3e6,h3e6,h3e6,h3e6,430.0,0.0242,0.0118,True,club,7,rook,False,False,True,False,middlegame,False
1r6/p1p1rpk1/1p1p2p1/1P5p/n1P1P2P/5PPB/P4R2/3R2K1 b - - 5 26,52,PtpQax3w,b8a8,53,5,b8e8,0.0071,0.0075,0.0074,0.0099,a4c3,a4c3,a4c3,a4c3,170.0,0.0099,0.0028,True,club,4,rook,False,False,True,False,endgame,False
r2q1rk1/5ppp/2p2n2/ppp5/P2pPP1P/1B1P1P2/1PPQ4/2KR3R b - - 0 16,32,99AKoaGp,g8h8,-48,5,f6d7,0.0007,0.0011,0.0019,0.0035,b5a4,b5a4,b5a4,c5c4,151.0,0.0035,0.0028,True,club,0,king,False,False,True,False,middlegame,False
r1bqk2r/pp3pp1/2n5/2b1p1N1/2B3p1/3P4/PPP2PP1/RNBQ1RK1 b kq - 1 10,20,0ufgwGXi,f7f5,-142,67,d8f6,0.0128,0.0133,0.0128,0.0108,f7f6,d8f6,d8f6,d8f6,165.0,0.0133,-0.002,True,club,2,pawn,False,False,True,True,opening,False
r5k1/pp3ppp/2p3q1/8/1P6/P1Q1R2P/1B4PK/3r4 b - - 4 30,60,nWc9dnbU,d1d5,469,19,a8d8,0.0115,0.0148,0.0204,0.0229,g6d6,g6d6,a8d8,a8d8,147.0,0.0229,0.0114,True,club,5,rook,False,False,True,False,endgame,False
3r4/2pr1p1k/pb3q1p/1p2p3/4P2p/1PP2N1P/1P2QPP1/3R1RK1 b - - 9 22,44,Ohhe4t5B,b6f2,169,187,f6f4,0.0022,0.0011,0.0005,0.0003,d7d1,d7d1,d7d1,d8g8,685.0,0.0022,-0.0019,True,club,4,bishop,True,True,False,False,middlegame,False
r3kb1r/pp1b1ppN/1q2p2n/3pP3/3n4/3B4/PP3PPP/RNBQ1RK1 b kq - 0 10,20,nuf5sLYR,h8h7,82,18,e8c8,0.0403,0.0269,0.0139,0.0062,h6f5,h6f5,h6f5,d4f5,160.0,0.0403,-0.0341,True,club,1,rook,True,False,False,False,opening,False
1k1r3r/pp1N1p2/3bp2p/3p4/3Q4/2N5/Pq3PPP/2R2RK1 b - - 0 18,36,nuf5sLYR,b8a8,-546,318,d8d7,0.0357,0.0315,0.0333,0.0363,d8d7,d8d7,d8d7,d8d7,1451.0,0.0363,0.0006,True,club,2,king,False,False,True,False,middlegame,False
rnbqk2r/1p2bppp/p2ppn2/6B1/2PNP3/2NB4/PP3PPP/R2QK2R b KQkq - 3 8,16,rQ8mdYxh,f6e4,71,112,b8c6,0.0082,0.0166,0.0203,0.0227,e8g8,e8g8,e8g8,e8g8,121.0,0.0227,0.0145,True,club,1,knight,True,False,False,False,opening,False
2b1rrk1/5p1p/p2p2p1/2pP4/2P5/1P1B1QR1/Pq4PP/5R1K b - - 5 24,48,rQ8mdYxh,b2d4,74,26,b2a2,0.0154,0.0204,0.0267,0.0314,b2a2,b2a2,b2a2,b2a2,135.0,0.0314,0.016,True,club,0,queen,False,False,True,False,middlegame,False
1br3rk/5p1p/p4p2/1p1R4/1QP1p3/1P2P2q/P4PP1/R3N1K1 b - - 0 26,52,4wvffJg0,g8g2,487,310,g8g2,0.03,0.0276,0.0305,0.0379,h3h2,h3h2,h3h2,h3h2,296.0,0.0379,0.0079,True,club,5,rook,True,True,False,False,middlegame,True
2br4/5kb1/1Q1p1q1p/2pPpp2/p1N1P1p1/P2P4/4BPPP/1R4K1 b - - 1 26,52,djt49k3Y,f7g8,-224,12,g7f8,0.0181,0.0264,0.0282,0.026,f5e4,f5f4,f5f4,f5f4,109.0,0.0282,0.0079,True,club,6,king,False,False,True,False,middlegame,False
2br4/R3bk2/1Q1p1q1p/2pPp3/p1N1P1p1/P2P1p2/5PPP/5BK1 b - - 3 30,60,djt49k3Y,g4g3,-315,3,f3g2,0.0252,0.0143,0.0099,0.0072,f3g2,f3g2,f3g2,f3g2,363.0,0.0252,-0.018,True,club,6,pawn,False,False,True,True,middlegame,False
r2q1r2/2p2p1k/1p1p1bp1/p1nPp1Bn/2P1P2P/2N2Q2/PP3P2/2KR3R b - - 4 20,40,KlCLwedW,f8h8,401,5,f6g5,0.0141,0.0162,0.0181,0.016,f6g5,f6g5,f6g5,f6g5,119.0,0.0181,0.0019,True,club,7,rook,False,False,True,False,middlegame,False
r6k/5q2/3pB1p1/2pPp2p/2PpP2P/P2QbrP1/1RR3K1/8 b - - 3 34,68,sSEjLSb0,f3g3,511,299,f3g3,0.0134,0.0106,0.008,0.0059,f7f6,f7f6,f7f6,f7f6,268.0,0.0134,-0.0075,True,club,5,rook,True,True,False,False,middlegame,True
r4qk1/1p2n2p/p2p4/3PbpB1/3N4/7P/PP1Q2P1/R6K b - - 3 24,48,BHdtFaxa,a8e8,-89,10,e5d4,0.0089,0.0117,0.0134,0.0212,e7d5,e7d5,e7d5,e7d5,258.0,0.0212,0.0123,True,club,4,rook,False,False,True,False,middlegame,False
r1b2rk1/ppp1qppp/3b4/3p4/4n3/1PP1P2P/PB1N1PP1/R2QKB1R b KQ - 4 12,24,8fgsm3DB,e4g3,252,85,e7g5,0.0164,0.0189,0.0228,0.0245,e7f6,e7f6,e7f6,e4f2,294.0,0.0245,0.0081,True,club,0,knight,False,False,True,False,middlegame,False
rr6/7p/5ppk/8/4pP1P/8/PBR5/1K4R1 b - - 0 34,68,8fgsm3DB,a8a6,-245,1,b8b6,0.0181,0.023,0.0263,0.0258,f6f5,f6f5,f6f5,f6f5,241.0,0.0263,0.0077,True,club,2,rook,False,False,True,False,endgame,False
r2qk1nr/pp2b1pp/2n1pp2/2ppPb2/5P2/2NP1N2/PPP1B1PP/R1BQ1RK1 b kq - 5 8,16,RPcrrPQH,f5g6,45,2,g8h6,0.0037,0.0066,0.0133,0.0233,f6e5,f6e5,f6e5,f6e5,120.0,0.0233,0.0196,True,club,1,bishop,False,False,True,False,opening,False
3q1rk1/5pp1/rp1p3p/8/P1Q1b3/5N1P/5PP1/R4RK1 b - - 0 22,44,XRCZuUB5,d8a8,118,46,d8a8,0.0269,0.0258,0.0278,0.0449,e4f3,e4f3,e4f3,e4f3,137.0,0.0449,0.018,True,club,5,queen,False,False,True,False,middlegame,True
2r1r1k1/pp1q1ppp/3b4/5b2/3P4/1PB2Q1P/P2K1PP1/R6R b - - 2 20,40,SsRdlpbU,d6b4,1991,1170,d6a3,0.0168,0.0169,0.0171,0.0164,f5e4,f5e4,f5e4,f5e4,1127.0,0.0171,-0.0004,True,club,7,bishop,False,False,True,False,middlegame,False
2r1r1k1/pp1q1ppp/6b1/8/3P2P1/bPB2Q1P/P2K1P2/4R2R b - - 0 22,44,SsRdlpbU,a3b4,771,114,b7b5,0.0466,0.0463,0.045,0.0399,e8e1,e8e1,e8e1,e8e1,198.0,0.0466,-0.0067,True,club,7,bishop,False,False,True,False,middlegame,False
r4r1k/2pb1ppp/1p1p4/3Pp3/p1P1Pq2/P2R3P/1PB1QPP1/5RK1 b - - 3 24,48,Rl0fBuS7,f7f6,47,0,f4h6,0.0051,0.0047,0.0042,0.0041,f4g5,f4g5,f4g5,f7f5,119.0,0.0051,-0.001,True,club,0,pawn,False,False,True,True,middlegame,False
2bqkb1r/Q2n1ppp/1pp1pn2/2Pp4/1P1P1B2/2N5/4PPPP/4KBNR b Kk - 2 10,20,8SxcdQNQ,e6e5,31,89,b6c5,0.0227,0.0145,0.0124,0.0233,b6c5,b6c5,b6c5,b6c5,327.0,0.0233,0.0006,True,club,1,pawn,False,False,True,True,opening,False
r2qk2r/1b1pbppp/p1n1p3/3nP3/3P4/2PQ1N1P/2B2PP1/RNB2RK1 b kq - 4 14,28,iFDXiv5U,a8c8,-45,2,d8b6,0.0121,0.0204,0.0368,0.0467,e8g8,a6a5,g7g6,g7g6,133.0,0.0467,0.0346,True,club,1,rook,False,False,True,False,middlegame,False
r3k2r/1b1p1ppp/pqn1p3/3nP1N1/3P4/2PQ3P/2B2PP1/RN3RK1 b kq - 0 16,32,iFDXiv5U,f7f5,-96,32,d5f4,0.016,0.0181,0.0192,0.0169,g7g6,g7g6,g7g6,h7h6,147.0,0.0192,0.0009,True,club,1,pawn,False,False,True,True,middlegame,False
8/3p4/R2Np2Q/3kP3/1r1n4/7P/5P2/5K2 b - - 0 32,64,iFDXiv5U,d4b5,-832,95,b4b1,0.0021,0.0013,0.0008,0.0006,b4b1,b4b1,b4b1,b4b1,276.0,0.0021,-0.0015,True,club,3,knight,False,False,True,False,endgame,False
r5k1/2q3p1/2p1prbp/1p1n4/pPpP4/P1P2BN1/3Q1PPP/R3R1K1 b - - 1 24,48,aBdZ4a4J,f6f3,117,69,a8f8,0.0105,0.0067,0.0033,0.0017,a8f8,a8f8,a8f8,a8f8,220.0,0.0105,-0.0088,True,club,0,rook,True,False,False,False,middlegame,False
6k1/2q2bp1/2p4p/1p1nRN2/pPpP4/P2r4/4QP1P/R5K1 b - - 3 30,60,aBdZ4a4J,c7d8,199,105,f7g6,0.0111,0.0152,0.0204,0.0297,d5f4,d5f4,d5f4,d5f4,307.0,0.0297,0.0186,True,club,5,queen,False,False,True,False,middlegame,False
8/2q3pk/2p3Np/1p1nR3/pPpP4/P2r4/4QP1P/R5K1 b - - 0 32,64,aBdZ4a4J,c7f7,-332,17,h7g6,0.0307,0.0304,0.0278,0.0275,h7g6,h7g6,h7g6,h7g6,118.0,0.0307,-0.0032,True,club,2,queen,False,False,True,False,middlegame,False
2r3k1/4npp1/4p2p/4P3/P4PP1/1q3QK1/1r1B4/R2R4 b - - 1 34,68,KR9Vhl2R,b3b8,196,24,b3b8,0.0221,0.022,0.0199,0.0169,b3f3,b3f3,b3f3,b3c2,196.0,0.0221,-0.0052,True,club,5,queen,False,False,True,False,middlegame,True
8/1b4bk/p1q1p1p1/6Qp/2p2P1B/2PrR3/PP4PP/4R2K b - - 0 30,60,VuVCid7x,g7f6,311,368,g7f6,0.0018,0.001,0.0008,0.0009,d3e3,d3e3,d3e3,d3e3,371.0,0.0018,-0.0009,True,club,5,bishop,False,False,True,False,middlegame,True
5r2/6kp/p1bq4/1p1p2p1/2pP1rB1/P1Q4P/2P2PP1/4RRK1 b - - 5 28,56,R10ueRL8,f8e8,-103,0,f8f6,0.0214,0.0138,0.01,0.0092,d6f6,d6f6,d6f6,d6f6,247.0,0.0214,-0.0122,True,club,4,rook,False,False,True,False,middlegame,False
2bq1rk1/Q3ppbp/2r3p1/nBP4n/4P3/2N1BN2/PP3PPP/1R2K2R b K - 2 16,32,E1DnWcHr,c8g4,-417,2,c6e6,0.0059,0.0061,0.0072,0.0087,c6c7,c6c7,c6c7,c6c7,132.0,0.0087,0.0028,True,club,6,bishop,False,False,True,False,middlegame,False
2kr2nr/pp4pp/2p1p3/4P3/1P2NBb1/8/P1P2PPP/R3K2R b - - 0 14,28,pN5zwQvu,c8b8,-256,13,g4f5,0.0055,0.0062,0.0039,0.002,d8d4,g4f5,g8e7,d8d4,138.0,0.0062,-0.0035,True,club,4,king,False,False,True,False,middlegame,False
1r1q1rk1/3B1p2/3p2p1/1ppPb3/p6P/P1N1P3/1PPQ4/2K3RR b - - 0 20,40,yzfXg6K5,b5b4,-41,67,d8d7,0.0098,0.0091,0.0124,0.0202,d8d7,d8d7,d8d7,d8d7,102.0,0.0202,0.0104,True,club,0,pawn,False,False,True,True,middlegame,False
4k3/p2r1prp/1p2p1p1/2n1P3/q1pNP3/2P5/PP3QPP/R4RK1 b - - 1 24,48,oUEtLFHP,a4a5,-78,81,e8f8,0.0033,0.004,0.0049,0.0067,c5e4,c5e4,c5e4,c5e4,387.0,0.0067,0.0034,True,club,4,queen,False,False,True,False,middlegame,False
6k1/p2r1prp/1p2p1p1/2n1P3/q1pN3Q/1PP5/P5PP/R4RK1 b - - 0 28,56,oUEtLFHP,a4a6,37,64,a4a6,0.038,0.0282,0.0201,0.0186,c4b3,c4b3,c4b3,c4b3,553.0,0.038,-0.0194,True,club,4,queen,False,False,True,False,middlegame,True
r3k2r/1p1b1pb1/p7/2pP3p/8/2N2R1P/PPP1B1P1/3R3K b kq - 2 18,36,Gzo7L9Bp,g7d4,-165,3,f7f5,0.023,0.0229,0.0293,0.0402,e8c8,e8c8,e8c8,e8c8,132.0,0.0402,0.0172,True,club,4,bishop,False,False,True,False,middlegame,False
5rk1/1p1b2b1/p7/2pPrp1p/8/3B1RPP/PPP1N3/5R1K b - - 2 22,44,Gzo7L9Bp,c5c4,-67,38,b7b5,0.0145,0.0117,0.0113,0.0138,e5d5,e5d5,e5d5,e5d5,471.0,0.0145,-0.0007,True,club,4,pawn,False,False,True,True,middlegame,False
2krr3/p7/2NP1p2/1p1nP1pp/8/2P1BP2/PPBQKP1q/R7 b - - 0 22,44,TdkxmpjB,e8e5,-509,77,e8e5,0.0227,0.0157,0.0128,0.0114,d8d7,d8d7,d5e3,d5e3,161.0,0.0227,-0.0113,True,club,3,rook,True,False,False,False,middlegame,True
3r2k1/pQ3r1p/3P4/4qpp1/8/1B6/P4PPP/3R2K1 b - - 0 34,68,18h89uIa,e5e8,-503,156,e5f6,0.0141,0.013,0.0134,0.0152,d8d7,d8d7,d8d7,d8d7,1484.0,0.0152,0.0011,True,club,6,queen,False,False,True,False,endgame,False
r2q3k/2p3p1/p2p1n1p/1p1Pp3/4NrPb/1Q1P1P1P/PP2B3/2K2R1R b - - 2 24,48,PdknttYI,a6a5,147,18,f6e4,0.0205,0.0183,0.0187,0.0216,f6e4,f6e4,f6e4,f6e4,127.0,0.0216,0.0011,True,club,0,pawn,False,False,True,True,middlegame,False
5rk1/p2b3n/Qpp5/3P3p/3P2p1/1P2q3/PB4BP/5R1K b - - 3 30,60,WpYCPp3x,b6b5,161,136,c6c5,0.0003,0.0001,0.0001,0.0001,f8f1,f8f1,f8f1,f8f1,171.0,0.0003,-0.0002,True,club,5,pawn,False,False,True,True,middlegame,False
r1bq1rk1/ppp2ppp/1b1p1n2/1P6/3nP3/P1NP1N2/2PB1PPP/R2QKB1R b KQ - 1 10,20,G5n9xii3,f6g4,211,151,c8g4,0.0445,0.0295,0.0191,0.0144,c8g4,c8g4,c8g4,c8g4,206.0,0.0445,-0.0301,True,club,1,knight,False,False,True,False,opening,False
r1bq1rk1/1p2b1pp/p2p1n2/P2P4/2N1P3/3Q2P1/1PP1BB2/R3K2R b KQ - 2 20,40,Bb13fVqm,d8e8,-232,51,f6g4,0.0259,0.028,0.0288,0.0313,c8g4,c8g4,c8g4,c8g4,132.0,0.0313,0.0054,True,club,6,queen,False,False,True,False,middlegame,False
2r1k2r/Q3bp2/4p1p1/1q1pPnNp/N1p2P2/BP5P/P5P1/2R4K b k - 0 22,44,1vzGbjEq,b5b8,367,9,e7a3,0.0152,0.0169,0.0182,0.0221,e7a3,e7a3,e7a3,e7a3,2365.0,0.0221,0.0069,True,club,0,queen,False,False,True,False,middlegame,False
1r5k/p6p/2p2nq1/2Pp2N1/3P1Q2/1P4PP/P7/5RK1 b - - 2 30,60,gIwIUqIo,f6d7,-433,65,b8f8,0.0269,0.0224,0.0221,0.0237,b8f8,b8f8,b8f8,b8f8,133.0,0.0269,-0.0032,True,club,6,knight,False,False,True,False,endgame,False
2r2r2/pp3pk1/4p1p1/3p3q/3Pn3/2P1QN1P/PP3P1K/R5R1 b - - 5 26,52,xfHTNMCw,h5f5,117,80,f8h8,0.0238,0.0189,0.0148,0.0134,f8h8,f8h8,f8h8,f8h8,101.0,0.0238,-0.0104,True,club,0,queen,False,False,True,False,middlegame,False
2r3k1/3q2b1/pnrpp1pp/1p3p2/3P3P/1PPQ2B1/P2N1PP1/2R1R1K1 b - - 1 24,48,KXooTXIy,e6e5,107,46,b6d5,0.0376,0.0213,0.0158,0.0149,b6d5,b6d5,b6d5,b6d5,104.0,0.0376,-0.0227,True,club,0,pawn,False,False,True,True,middlegame,False
rn1qk2r/ppp1bppp/4p1b1/3p4/3PnB2/3BPN1P/PPPN1PP1/R2Q1RK1 b kq - 4 8,16,9e1xWR3k,e4d2,-44,3,f7f5,0.047,0.0323,0.0269,0.0151,b8d7,b8d7,b8d7,f7f5,115.0,0.047,-0.0319,True,club,1,knight,True,False,False,False,opening,False
2kr3r/ppp1q2p/5ppQ/2b1pb2/2Bp4/P6P/1PP1R1P1/RNB4K b - - 0 16,32,LINDD5mv,e7d7,127,3,a7a6,0.014,0.0152,0.0192,0.0276,d4d3,d4d3,d4d3,d4d3,203.0,0.0276,0.0136,True,club,2,queen,False,False,True,False,middlegame,False
2kr3r/bpp1q2p/p4ppQ/4pb2/1PBp4/P6P/1BP1R1P1/RN5K b - - 2 18,36,LINDD5mv,e7d6,83,1,c7c5,0.0128,0.018,0.0232,0.0233,d4d3,d4d3,d4d3,d4d3,152.0,0.0233,0.0105,True,club,2,queen,False,False,True,False,middlegame,False
2kr3r/bp5p/p4ppQ/2q1pb2/2Bp4/P6P/1BPNR1P1/R6K b - - 1 20,40,LINDD5mv,e5e4,161,62,e5e4,0.0263,0.0192,0.0183,0.0194,f5c2,f5c2,f5c2,f5c2,317.0,0.0263,-0.0069,True,club,2,pawn,False,False,True,True,middlegame,True
2kr3r/bp5p/p4ppQ/2q2b2/3p4/PB2pN1P/1BP1R1P1/R6K b - - 1 22,44,LINDD5mv,h8e8,130,15,d8d7,0.0237,0.0212,0.0218,0.0329,d4d3,d4d3,d4d3,d4d3,427.0,0.0329,0.0092,True,club,2,rook,False,False,True,False,middlegame,False
r4rk1/2q1bppp/1nb5/p2pP3/P1pP4/1pP2BP1/1P1NR1QP/R1B3K1 b - - 1 20,40,NKLzw4Cn,a8a6,46,3,c7d7,0.001,0.001,0.0008,0.0008,b6a4,b6a4,b6a4,b6a4,132.0,0.001,-0.0002,True,club,0,rook,False,False,True,False,middlegame,False
r2q2k1/1p1b1pp1/p6p/3p4/3N1Q2/2P5/PP3PPP/4R1K1 b - - 0 20,40,xCeaCGPv,d8f8,-61,22,d8b6,0.0352,0.0409,0.042,0.0364,d8b6,d8b6,d8b6,d8b6,165.0,0.042,0.0012,True,club,4,queen,False,False,True,False,endgame,False
r1b1k2r/2qpbppp/p1p1p1n1/2p1P3/2P5/1PN2N2/P2P1PPP/R1BQR1K1 b kq - 0 10,20,wHh64Eo0,f7f6,21,108,e8g8,0.0152,0.0157,0.0136,0.013,e8g8,e8g8,e8g8,e8g8,121.0,0.0157,-0.0022,True,club,1,pawn,False,False,True,True,opening,False
r4rk1/7p/p1pq2p1/2p2b2/N1Ppp3/BP4P1/P2PQ1PP/4R1K1 b - - 2 26,52,wHh64Eo0,d6f6,122,112,d4d3,0.0046,0.0037,0.0026,0.0014,d4d3,d4d3,d4d3,d4d3,174.0,0.0046,-0.0032,True,club,0,queen,False,False,True,False,middlegame,False
2kr4/ppp2Qpp/2n5/8/4r3/P3P3/1P3PqP/R1B1KR2 b Q - 0 16,32,chGdVlGg,c8b8,677,63,c6e5,0.0039,0.0052,0.0059,0.0068,g2h2,g2h2,c6e5,c6e5,152.0,0.0068,0.0029,True,club,7,king,False,False,True,False,middlegame,False
3qk2r/pp3p1p/7b/2rPpQ2/4B3/P7/1P3PPP/R3K2R b KQk - 0 18,36,LXhZFsXz,d8g5,-135,114,c5c1,0.0338,0.037,0.0375,0.0344,d8a5,d8a5,d8a5,d8a5,521.0,0.0375,0.0006,True,club,6,queen,False,False,True,False,middlegame,False
7r/pp3k1p/5b2/3P4/4BRP1/P5K1/1q5P/8 b - - 4 26,52,LXhZFsXz,f7e8,808,37,b2a3,0.0005,0.0004,0.0004,0.0003,b2a3,b2e5,b2e5,b2e5,146.0,0.0005,-0.0002,True,club,7,king,False,False,True,False,endgame,False
1r1q2k1/3b2p1/4pP1p/1p1p1p2/pn1P3P/6Q1/PP3PP1/R2B1RK1 b - - 0 24,48,LYtEBZEc,d8f8,-478,82,d8f6,0.0027,0.0012,0.0009,0.0008,d8f6,d8f6,d8f6,d8f6,100.0,0.0027,-0.0019,True,club,6,queen,False,False,True,False,middlegame,False
r3k2r/2p2ppp/p3b3/3PN3/5QPq/1PNP3P/1PP2P2/R3K2R b KQkq - 0 20,40,QAGeDo1p,h4f6,-760,22,g7g5,0.0292,0.026,0.0208,0.0175,e6d5,e6d7,e6d7,g7g5,132.0,0.0292,-0.0117,True,club,3,queen,False,False,True,False,middlegame,False
r3kr2/2p2p1p/p3PQ2/4N1p1/6Pq/1PNP3P/1PP2P2/R3K2R b KQq - 0 22,44,QAGeDo1p,h4f2,-1003,993,f7e6,0.0056,0.0062,0.0092,0.0109,f7e6,f7e6,f7e6,f7e6,995.0,0.0109,0.0053,True,club,3,queen,True,True,False,False,middlegame,False
6k1/6p1/4b3/1P4R1/2P1PpP1/2PP4/1r6/5BK1 b - - 0 34,68,NHnmdIfw,g8h7,-427,19,f4f3,0.0134,0.0108,0.0075,0.0057,f4f3,f4f3,f4f3,b2c2,172.0,0.0134,-0.0077,True,club,3,king,False,False,True,False,endgame,False
r1q5/p6k/P1p2Brp/3pP3/2nP3R/2P5/2Q1KPP1/R7 b - - 4 26,52,GRaXV8Hr,c8f8,-658,901,c8e6,0.0225,0.0199,0.0174,0.0149,c8g8,c8g8,c8e6,c8e6,1338.0,0.0225,-0.0076,True,club,3,queen,False,False,True,False,middlegame,False
6k1/1pp2pqp/4p1p1/2r5/P7/QPPn1P2/5PPP/2R2RK1 b - - 4 24,48,KNLkXgKz,g7e5,-207,33,c5c3,0.0126,0.0118,0.0114,0.0122,d3c1,d3c1,d3c1,d3c1,203.0,0.0126,-0.0004,True,club,5,queen,False,False,True,False,endgame,False
1r3rk1/2pq1pp1/p3bB1p/2ppP2Q/3P1R2/1P6/P1P3PP/R6K b - - 1 18,36,hCxpxyCF,b8b6,-368,26,g7f6,0.0023,0.0023,0.0021,0.002,g7f6,c5d4,c5d4,g8h7,415.0,0.0023,-0.0003,True,club,6,rook,False,False,True,False,middlegame,False
3r2k1/1bp2P2/pn2p1p1/1p4N1/4P3/P7/1PP4P/5RK1 b - - 0 30,60,YqXj4KjD,g8h8,-693,134,g8h8,0.0226,0.0198,0.0152,0.0116,g8f8,g8f8,g8f8,g8f8,125.0,0.0226,-0.011,True,club,6,king,False,False,True,False,endgame,True
r1q1k2r/3bppbp/3p2p1/p1nN4/4P3/4BN1P/PP2QPP1/2R2RK1 b kq - 1 16,32,7vACvRFZ,d7c6,-170,5,a8b8,0.0121,0.0079,0.0049,0.0022,e8g8,c8a6,c8a6,c8a6,510.0,0.0121,-0.0099,True,club,1,bishop,False,False,True,False,middlegame,False
1k6/p1pB2pp/1b2r3/1P6/1P1nP1P1/8/8/2R1KN2 b - - 4 34,68,KLIwQznW,d4f3,473,88,d4f3,0.0167,0.0106,0.0073,0.0059,e6e4,e6e4,e6e4,e6e4,118.0,0.0167,-0.0108,True,club,5,knight,False,True,False,False,endgame,True
rn3rk1/pbp2ppp/1p1ppq2/2P5/3P4/4PN2/P1Q1BPPP/R2R2K1 b - - 0 14,28,zuGz5bZe,b8c6,97,9,b8c6,0.0415,0.0382,0.037,0.0309,d6c5,d6c5,b8d7,b8d7,541.0,0.0415,-0.0106,True,club,0,knight,False,False,True,False,middlegame,True
r5k1/1Q3pp1/7p/3p2q1/8/4P1P1/P4P2/3R2K1 b - - 4 28,56,zuGz5bZe,a8a5,-49,14,a8a2,0.0079,0.0066,0.006,0.0061,a8a2,a8a2,a8a2,a8a2,525.0,0.0079,-0.0018,True,club,4,rook,False,False,True,False,endgame,False
rn1q1rk1/ppp2pp1/4b2p/3pP2Q/8/1BP5/P4PPP/R1B1R1K1 b - - 0 14,28,O4HdPOhH,d8e8,-193,47,c7c5,0.002,0.0018,0.002,0.0023,b8c6,b8c6,b8d7,c7c5,173.0,0.0023,0.0003,True,club,1,queen,False,False,True,False,middlegame,False
r4rk1/pp2qpp1/7p/2p1P2Q/2b3P1/1BPp3P/P7/R1B1R1K1 b - - 1 22,44,O4HdPOhH,c4e6,-151,59,e7e6,0.0287,0.0267,0.0199,0.0122,c4b3,c4b3,b7b5,b7b5,131.0,0.0287,-0.0165,True,club,2,bishop,False,False,True,False,middlegame,False
3r1rk1/1p1b1ppp/p1n2q2/8/Q2p3N/6P1/PP1RPPBP/3R2K1 b - - 1 18,36,IDVAi1SI,h7h6,-19,1,f8e8,0.0235,0.0198,0.0179,0.0185,c6e5,c6e5,c6e5,c6e5,301.0,0.0235,-0.005,True,club,4,pawn,False,False,True,True,middlegame,False
1q4k1/1P3rp1/Q1p1p3/2Pp1p2/P2Pp3/2r5/7P/1R1K1R2 b - - 5 34,68,FZGqCeWT,f7f8,170,86,c3d3,0.0294,0.0221,0.0176,0.0156,c3d3,c3d3,c3d3,c3d3,170.0,0.0294,-0.0138,True,club,5,rook,False,False,True,False,endgame,False
5rk1/1b3pbn/pp2p3/2p4Q/2Pr1q2/P2P3P/1P2NPP1/3RRBK1 b - - 6 24,48,qZLPT0hp,f4c7,318,34,f4g5,0.0139,0.0078,0.0054,0.0053,f4g5,f4g5,f4g5,f4g5,110.0,0.0139,-0.0086,True,club,7,queen,False,False,True,False,middlegame,False
r4k1r/1p2RNpp/pq1P4/5p2/2p2n2/2Nn1Q1P/PP3PP1/R5K1 b - - 2 18,36,OM2qHjrb,g7g5,-437,44,h8g8,0.0132,0.0119,0.0125,0.0159,b6b2,b6b2,h8g8,h8g8,163.0,0.0159,0.0027,True,club,6,pawn,False,False,True,True,middlegame,False
6r1/2R2Nkp/p2P4/5pp1/2pq1n2/2Nn1Q1P/PP3PP1/R5K1 b - - 2 22,44,OM2qHjrb,h7h5,-600,8,g5g4,0.0115,0.0124,0.0148,0.0201,g5g4,g5g4,g7f6,g7f6,138.0,0.0201,0.0086,True,club,3,pawn,False,False,True,True,middlegame,False
r4rk1/pp2q1b1/2bp2pp/4pp2/8/2P1BN2/PP1Q1PPP/3RR1K1 b - - 3 18,36,0g9lTXH6,g6g5,143,26,f8c8,0.0271,0.0221,0.0177,0.0134,a8d8,a8d8,a8d8,a8d8,123.0,0.0271,-0.0137,True,club,0,pawn,False,False,True,True,middlegame,False
r1b1k2r/1p1p2pp/2qBp3/p3PnN1/3P1Q2/8/P5PP/R4RK1 b kq - 4 20,40,Pi96Pipq,h7h5,-326,41,f5d6,0.0056,0.0063,0.0072,0.0082,h7h6,h7h6,h7h6,h7h6,108.0,0.0082,0.0026,True,club,6,pawn,False,False,True,True,middlegame,False
r3qrk1/pb5p/4pb1Q/1p1nNpp1/2pPp3/P1P1P2P/1P3PPB/1B2RRK1 b - - 7 20,40,TaHL3yIB,f6d8,21,108,f6e5,0.0011,0.001,0.001,0.0008,f6g7,f6g7,f6g7,f6g7,205.0,0.0011,-0.0003,True,club,0,bishop,False,False,True,False,middlegame,False
r3r1k1/ppqn1ppp/2pb1n2/6B1/2BP4/5N2/PPQ2PPP/4RRK1 b - - 2 14,28,O1eoiKWa,f6d5,-37,16,d6f4,0.0115,0.0228,0.0472,0.0439,e8e1,h7h6,h7h6,h7h6,181.0,0.0472,0.0324,True,club,1,knight,False,False,True,False,middlegame,False
r2qkb1r/pbp2ppp/2pn4/4N3/3N4/P2P4/1PP2PPP/R1BQK2R b KQkq - 0 10,20,MAIk18Zx,d6b5,-210,12,c6c5,0.0361,0.0237,0.0182,0.0152,c6c5,d8e7,d8e7,d8e7,206.0,0.0361,-0.0209,True,club,1,knight,False,False,True,False,opening,False
3q1rk1/1pb2pp1/4p2p/2P5/3PP3/rb1B1N1P/3Q2P1/1R3R1K b - - 2 26,52,1TOowowk,d8a8,-37,56,a3a2,0.0194,0.0213,0.0268,0.0404,c7a5,c7a5,c7a5,c7a5,255.0,0.0404,0.021,True,club,0,queen,False,False,True,False,middlegame,False
r7/1b4kp/pp2p1p1/2p1K3/2Pr2R1/P4P2/1PR3PP/8 b - - 4 30,60,9MXxoxBD,d4d1,492,7,d4g4,0.0335,0.0205,0.0151,0.0163,d4g4,d4g4,d4g4,d4g4,143.0,0.0335,-0.0172,True,club,7,rook,False,False,True,False,endgame,False
3r3r/2qk1p2/1p2p1p1/pRb1P3/P1Pp1P1p/3BnQ1P/2PB2P1/4R2K b - - 3 24,48,e1,d7e8,14,124,d7e7,0.024,0.0258,0.0264,0.0246,e3f5,e3f5,e3f5,e3f5,138.0,0.0264,0.0006,True,elite,0,king,False,False,True,False,middlegame,False
r3k2r/1pbnn1pp/p1p2p2/P3p3/2N1P3/3NB3/1PP1KPPP/R6R b kq - 0 14,28,e3,h7h5,-111,5,e8c8,0.0057,0.0051,0.0043,0.0049,e8g8,e8g8,e8g8,e8g8,113.0,0.0057,-0.0008,True,elite,1,pawn,False,False,True,True,middlegame,False
rq3r2/3bppk1/p2p1np1/1pn3Qp/3NP3/1BN2P2/PPP3PP/1K1RR3 b - - 1 16,32,e4,e7e6,-34,83,b5b4,0.0101,0.0092,0.0087,0.0114,c5b3,c5b3,c5b3,a6a5,186.0,0.0114,0.0013,True,elite,1,pawn,False,False,True,True,middlegame,False
r1bqk2r/1p2ppbp/p1np1np1/2p5/4P3/2PPB1PP/PP1Q1PB1/R2NK1NR b KQkq - 0 10,20,e5,a6a5,-52,4,e8g8,0.0021,0.0025,0.0024,0.0016,e8g8,e8g8,b7b5,b7b5,216.0,0.0025,-0.0005,True,elite,1,pawn,False,False,True,True,opening,False
2kr3r/pp1bn1p1/4p1P1/3p1pBp/2q2N1P/b1NQ3B/2P1KP2/3RR3 b - - 3 22,44,e6,a3b4,-268,41,c4d3,0.043,0.0477,0.0492,0.0437,c4c5,c4c7,c4c7,c4c7,184.0,0.0492,0.0007,True,elite,2,bishop,False,False,True,False,middlegame,False
r4rk1/4b2p/3p1npP/3Pp3/ppq1N2R/3RB3/PPP2PQ1/1K6 b - - 3 24,48,e8,g8h8,4,86,g8h8,0.0012,0.0018,0.0026,0.0053,b4b3,f6e4,f6e4,f6e4,194.0,0.0053,0.0041,True,elite,0,king,False,False,True,False,middlegame,True
2k4r/1ppq4/p1Rb2pp/Q2Pp3/4P2P/4Pr2/PP6/1KR5 b - - 1 26,52,e9,h8f8,469,22,b7c6,0.0142,0.0136,0.0168,0.0228,b7c6,b7c6,f3e3,f3e3,108.0,0.0228,0.0086,True,elite,7,rook,False,False,True,False,middlegame,False
r4rk1/1p2bpp1/p1n1b2p/qp1p3P/3P4/PQ3NB1/1P3PP1/1B2RK1R b - - 2 18,36,e11,a5a4,-91,182,f8e8,0.0424,0.0372,0.0322,0.0277,b5b4,e7f6,e7f6,e7f6,293.0,0.0424,-0.0147,True,elite,1,queen,False,False,True,False,middlegame,False
4r1k1/1p4p1/p6p/1p1pBB1P/3P1P2/b7/1q4PK/5Q1R b - - 0 28,56,e11,b2b3,-524,8,a3e7,0.03,0.0287,0.0256,0.0181,b5b4,b5b4,b5b4,b5b4,141.0,0.03,-0.0119,True,elite,3,queen,False,False,True,False,middlegame,False
r1q4r/p2k2bp/p2np1p1/4N3/2PPQ3/3P4/5P2/1R3K1R b - - 7 34,68,e14,d7e8,215,22,g7e5,0.0281,0.0244,0.0256,0.0346,g7e5,g7e5,g7e5,g7e5,117.0,0.0346,0.0065,True,elite,6,king,False,False,True,False,middlegame,False
2r2rk1/p7/bpp1q3/3p1p1p/4n1p1/1P2P1P1/P4PBP/BQRR2K1 b - - 1 24,48,e15,g8h7,112,7,g8h7,0.0168,0.0234,0.0245,0.0225,a6e2,a6e2,a6e2,a6e2,504.0,0.0245,0.0057,True,elite,0,king,False,False,True,False,middlegame,True
r3q1rk/1bnnb1p1/3p1pPp/p1pPpP1Q/P1P1P2P/3B4/7N/R1B1KNR1 b Q - 3 22,44,e23,e8g6,-818,204,e7f8,0.0021,0.0013,0.0008,0.0004,c7a6,c7a6,c7a6,d7f8,1178.0,0.0021,-0.0017,True,elite,3,queen,True,False,False,False,middlegame,False
8/1pQb1r1k/p4qpp/3P1p2/2Pp4/3P2P1/PP2R1BP/7K b - - 0 26,52,e24,h7g7,-246,38,g6g5,0.0129,0.0129,0.0133,0.0133,d7a4,d7a4,d7a4,d7a4,119.0,0.0133,0.0004,True,elite,6,king,False,False,True,False,endgame,False
8/1p1b2rk/1q1P1Q1p/p2B1pp1/2Pp4/3P2P1/PP2R2P/7K b - - 3 30,60,e24,b6b2,-795,54,a5a4,0.0248,0.0143,0.0092,0.0072,a5a4,a5a4,a5a4,a5a4,1201.0,0.0248,-0.0176,True,elite,3,queen,True,False,False,False,endgame,False
b2rq1k1/p5p1/1p3p1p/2nP4/6Q1/4N1PP/P4PB1/2R3K1 b - - 5 32,64,e29,h6h5,-95,27,c5d3,0.0453,0.0368,0.0266,0.025,c5d3,c5d3,e8e5,e8e5,185.0,0.0453,-0.0203,True,elite,4,pawn,False,False,True,True,middlegame,False
1r1q1rk1/1b2bppp/4p3/p3P3/3B2R1/1P3N2/P4PPP/2RQ2K1 b - - 2 20,40,e30,h7h5,26,42,d8d5,0.0196,0.0187,0.0187,0.0386,b7f3,b7f3,b7f3,b7f3,109.0,0.0386,0.019,True,elite,0,pawn,False,False,True,True,middlegame,False
2r2rk1/5ppp/4p3/p2bP3/6R1/bP2BN1P/P4PP1/3R2K1 b - - 2 24,48,e30,h7h5,-22,37,f8d8,0.0372,0.0321,0.0269,0.0358,c8c2,c8c2,c8c2,c8c2,243.0,0.0372,-0.0014,True,elite,4,pawn,False,False,True,True,middlegame,False
6k1/5p1N/4pBp1/p2bP3/6R1/bP5P/P4PPK/2r5 b - - 1 30,60,e30,a3b2,-148,16,a3b2,0.0017,0.0011,0.0011,0.0018,g8h7,g8h7,g8h7,g8h7,1850.0,0.0018,0.0001,True,elite,6,bishop,False,False,True,False,endgame,True
3R4/pr3pkp/4p1pN/2r3Pn/5P2/1Pp5/P1P5/1K2R3 b - - 1 32,64,e33,h5f6,-186,400,h5f6,0.0178,0.0284,0.0345,0.0411,h5f4,h5f4,f7f6,f7f6,1813.0,0.0411,0.0233,True,elite,4,knight,False,False,True,False,endgame,True
1rb2k2/3p1pb1/pq1Np1rp/3PPp1Q/P1B2P2/2P3R1/6PP/5R1K b - - 2 28,56,e36,b6d6,-596,74,e6d5,0.0031,0.0029,0.0031,0.0033,g6g3,g6g3,g6g3,g6g3,1403.0,0.0033,0.0002,True,elite,6,queen,True,False,False,False,middlegame,False
3r2k1/rp1n2p1/pNn1pp1p/P2p1b2/3P4/R3PN1P/1P2BPP1/2R3K1 b - - 1 20,40,e41,f5g6,-96,71,g8f7,0.0022,0.0019,0.0012,0.0008,d7b6,d7b6,d7b6,d7b6,111.0,0.0022,-0.0014,True,elite,4,bishop,False,False,True,False,middlegame,False
2rn4/1p2k3/1P2pp1p/2Np2pB/3P4/r3P2P/5PP1/1RR3K1 b - - 5 34,68,e41,a3a8,-512,35,c8b8,0.0405,0.0407,0.04,0.0414,e7d6,e7d6,e7d6,e7d6,338.0,0.0414,0.0009,True,elite,3,rook,False,False,True,False,middlegame,False
r1bq1rk1/4ppbp/3p1np1/nppP4/1P2P3/P5P1/3NNPBP/R1BQ1RK1 b - - 0 12,24,e44,f6d7,17,5,a5b7,0.001,0.0013,0.0016,0.0037,c5b4,c5b4,c5b4,c5b4,282.0,0.0037,0.0027,True,elite,1,knight,False,False,True,False,middlegame,False
rn1q1rk1/pp3ppp/2pb4/3p1b2/2PPn3/1Q1B1N2/PP3PPP/RNB1R1K1 b - - 3 10,20,e45,b8a6,-50,2,b8a6,0.0319,0.0204,0.0168,0.0248,b7b6,b7b6,b7b6,d5c4,118.0,0.0319,-0.0071,True,elite,1,knight,False,False,True,False,opening,True
r4rk1/pp3ppp/1q1bb3/6B1/1n1PN3/Q4N2/PP3PPP/R3R1K1 b - - 2 16,32,e45,f8e8,-40,11,f7f6,0.002,0.0012,0.0005,0.0003,b4c2,b4c2,b4c2,b4c2,269.0,0.002,-0.0017,True,elite,0,rook,False,False,True,False,middlegame,False
3rr1k1/pp4pp/5p2/Q2b4/3P1q2/4R3/PP3PPP/R3N1K1 b - - 6 22,44,e45,d5c6,-42,6,d5c6,0.0118,0.0137,0.0159,0.0171,e8e3,e8e3,e8e3,e8e3,534.0,0.0171,0.0053,True,elite,4,bishop,False,False,True,False,middlegame,True
3r2k1/pp4pp/2b2p2/Q7/3P1q2/4P3/PPN3PP/R5K1 b - - 0 24,48,e45,f4d6,-44,16,f4d6,0.0367,0.0321,0.0297,0.032,f4e4,f4e4,f4e4,f4e4,512.0,0.0367,-0.0047,True,elite,4,queen,False,False,True,False,endgame,True
r1r3k1/p4ppp/8/3P4/2N2Q2/1P3PP1/P1n3KP/8 b - - 2 24,48,e47,h7h6,-434,1,c2b4,0.0183,0.0142,0.0117,0.0118,c2e1,c2b4,c2b4,c2b4,153.0,0.0183,-0.0065,True,elite,6,pawn,False,False,True,True,endgame,False
3r4/4p1bk/1pp1brpp/p1pqB3/P7/1P1P3P/2P2PPN/R1Q1R1K1 b - - 1 20,40,e51,f6f2,71,293,f6f2,0.0303,0.0273,0.0298,0.0382,f6f5,f6f5,f6f7,f6f7,331.0,0.0382,0.0079,True,elite,6,rook,True,False,False,False,middlegame,True
8/4pk2/1pp1brpp/p1p1R1P1/P7/1P1PKN1P/2P5/8 b - - 0 28,56,e51,f6f3,-98,208,f6f5,0.0199,0.0211,0.0216,0.0323,h6g5,h6g5,h6g5,h6g5,396.0,0.0323,0.0124,True,elite,4,rook,True,True,False,False,endgame,False
8/4p3/1pp3Nk/p1pb1K2/P7/1P1P3P/2P5/8 b - - 1 34,68,e51,d5f3,-270,91,d5g2,0.0245,0.0218,0.0223,0.0295,e7e6,e7e6,e7e6,e7e6,203.0,0.0295,0.005,True,elite,4,bishop,False,False,True,False,endgame,False
r6k/7p/6p1/p2BP1N1/1p1P4/qPp3P1/2Qn3P/1R4K1 b - - 0 30,60,e53,a5a4,-330,67,a5a4,0.0124,0.0092,0.0067,0.0063,d2b1,d2b1,d2b1,d2b1,153.0,0.0124,-0.0061,True,elite,3,pawn,False,False,True,True,middlegame,True
8/pp1b2k1/5p1p/2pBr2P/P3P3/1P6/6P1/R4RK1 b - - 0 30,60,e56,d7g4,-539,8,b7b6,0.0331,0.0275,0.0238,0.0259,e5h5,b7b6,b7b6,b7b6,132.0,0.0331,-0.0072,True,elite,3,bishop,False,False,True,False,endgame,False
2kr3r/Qp1b1n2/3p1q2/3P4/5ppP/1PP5/P2PB1P1/2K1R2R b - - 0 24,48,e60,d8e8,121,26,d8e8,0.0295,0.0261,0.0221,0.0227,f4f3,f4f3,c8c7,f7e5,121.0,0.0295,-0.0068,True,elite,6,rook,False,False,True,False,middlegame,True
1kb1r3/1p2qn2/1Q1p4/1B1P4/3P2pP/1PP5/PK2p1P1/4R3 b - - 1 34,68,e60,e7h4,393,269,e7h4,0.0456,0.0364,0.0298,0.0298,c8d7,c8d7,c8d7,c8d7,393.0,0.0456,-0.0158,True,elite,6,queen,True,False,False,False,middlegame,True
5rk1/p1p2pp1/1p3b1p/3B4/3P1B2/2P3Q1/Pnq2PPP/4RK2 b - - 0 26,52,orph_586,c7c5,-13,2,c2d3,0.0117,0.0135,0.0139,0.0188,b2d3,b2d3,b2d3,b2d3,440.0,0.0188,0.0071,True,elite,4,pawn,False,False,True,True,middlegame,False
8/r2p2kp/P3npp1/2p5/3qN3/7P/5PP1/R3Q1K1 b - - 6 32,64,e77,d4e5,132,109,c5c4,0.0344,0.0443,0.0495,0.0452,f6f5,e6c7,d7d5,d7d5,251.0,0.0495,0.0108,True,elite,5,queen,False,False,True,False,endgame,False
r1b1qrk1/1p2bppp/p2pp3/2n3PQ/3BP3/1BN3R1/PPP2P1P/R3K3 b Q - 0 14,28,e78,f7f5,-357,5,c5b3,0.0065,0.0086,0.011,0.0159,c5b3,c5b3,c5b3,c5b3,1629.0,0.0159,0.0094,True,elite,1,pawn,False,False,True,True,middlegame,False
r1b1k2r/p4ppp/1qp2n2/3p4/1b6/4B1P1/P1Q1PPBP/RN3RK1 b kq - 1 12,24,e80,b6a6,21,38,b6a6,0.0421,0.0384,0.0369,0.0442,c6c5,b6c7,b6c7,c6c5,111.0,0.0442,0.0021,True,elite,1,queen,False,False,True,False,middlegame,True
r1bq1rk1/pp4b1/2n4p/3p1pp1/8/1N2PBB1/P4PPP/2RQ1RK1 b - - 1 18,36,e82,g8h8,1,4,f5f4,0.0022,0.0041,0.0033,0.0012,c8e6,c8e6,c8e6,c8e6,133.0,0.0041,-0.001,True,elite,0,king,False,False,True,False,middlegame,False
7k/p7/1p6/2bR2p1/P3Np2/5B1P/5PPK/2r5 b - - 6 34,68,e82,a7a5,-491,43,c1c2,0.0269,0.0198,0.0154,0.0133,c1c4,c1c4,c1c2,c5e7,188.0,0.0269,-0.0136,True,elite,3,pawn,False,False,True,True,endgame,False
r6r/pb3qk1/1p1pBp2/2pP4/2PbR2B/8/PP1Q2PP/5R1K b - - 6 24,48,e85,f7e6,-648,57,f7h5,0.0043,0.0035,0.0026,0.002,f7g6,f7g6,f7g6,f7g6,116.0,0.0043,-0.0023,True,elite,3,queen,True,False,False,False,middlegame,False
2rqk1r1/1p2bp2/4b3/p2nPp1p/P1BP2pP/3N2B1/1P3QPK/2RR4 b - - 2 28,56,e87,c8c4,233,518,c8c4,0.0386,0.0329,0.03,0.0314,f5f4,e8f8,e8f8,e8f8,575.0,0.0386,-0.0072,True,elite,0,rook,True,False,False,False,middlegame,True
r3r1k1/1p2bppb/1qp1pn1p/p2p4/P3P3/1PPQ1NPP/1B1N1PB1/2R1R1K1 b - - 0 16,32,e88,f6e4,44,3,d5e4,0.0471,0.0443,0.0393,0.0304,d5e4,d5e4,d5e4,a8d8,190.0,0.0471,-0.0167,True,elite,2,knight,True,False,False,False,middlegame,False
5qk1/1p4p1/2p4p/Q7/2P1B3/6PP/p2N1P2/1b4K1 b - - 1 34,68,e88,b7b6,0,0,b1e4,0.0462,0.0312,0.0223,0.019,b1e4,b1e4,b1e4,b1e4,235.0,0.0462,-0.0272,True,elite,2,pawn,False,False,True,True,endgame,False
2rr2k1/4bppp/5n2/p2P4/qp2PB2/1RpN1P2/2Q3PP/1R4K1 b - - 1 30,60,e91,f6d5,438,24,e7f8,0.003,0.0024,0.002,0.0014,a4b5,a4b5,a4b5,a4b5,137.0,0.003,-0.0016,True,elite,7,knight,True,False,False,False,middlegame,False
4r1k1/4Rpb1/2qp2p1/3N4/7p/7P/1r3PPB/3Q1BK1 b - - 0 32,64,e94,e8c8,-345,11,e8b8,0.0142,0.0144,0.015,0.0164,e8e7,e8e7,e8e7,e8e7,445.0,0.0164,0.0022,True,elite,2,rook,False,False,True,False,middlegame,False
r1b1r1k1/1pqn1pbp/p2p1np1/3P4/P1p1PB2/2N2PN1/1P2B1PP/R2Q1R1K b - - 1 14,28,e95,h7h5,-7,1,a8b8,0.0194,0.0149,0.0122,0.0238,d7e5,d7e5,d7e5,d7e5,103.0,0.0238,0.0044,True,elite,1,pawn,False,False,True,True,middlegame,False
1k1r4/p3b1p1/7p/3p4/B3n3/P7/1P1p2PP/R4R1K b - - 1 34,68,e104,b8c7,153,6,e7f6,0.0097,0.0068,0.0042,0.0038,e7c5,e7c5,e7c5,e7c5,111.0,0.0097,-0.0059,True,elite,5,king,False,False,True,False,endgame,False
Q7/p6p/3p2pk/4p3/P1N1n3/2P4P/1P2rq2/1K1R4 b - - 0 26,52,e107,d6d5,534,277,d6d5,0.0147,0.0124,0.0137,0.018,e4c3,e4c3,e4c3,e4c3,534.0,0.018,0.0033,True,elite,5,pawn,False,False,True,True,endgame,True
5rk1/3q1rb1/1pp3np/p1p1pbp1/P4P2/1P1PNNP1/2P2Q1P/2B1R1RK b - - 3 30,60,e110,f5e6,285,19,e5f4,0.0181,0.013,0.0094,0.0088,e5f4,e5f4,e5f4,e5f4,108.0,0.0181,-0.0093,True,elite,0,bishop,False,False,True,False,middlegame,False
8/4p1bp/6p1/1n1k1p2/3P4/1NBK2P1/1P5P/8 b - - 4 34,68,e112,g7h8,125,16,h7h5,0.0005,0.0004,0.0004,0.0007,e7e5,e7e5,e7e5,e7e5,125.0,0.0007,0.0002,True,elite,4,bishop,False,False,True,False,endgame,False
1r3rk1/1ppq2p1/3ppn1p/p7/P2PP3/4R2P/1PQN1PP1/R5K1 b - - 2 18,36,e113,f8f7,-30,3,f8f7,0.0161,0.0186,0.0236,0.0289,d6d5,d6d5,c7c6,e6e5,119.0,0.0289,0.0128,True,elite,4,rook,False,False,True,False,middlegame,True
2b5/2q1bpk1/4p1p1/3r2P1/1p3P2/pP1BB1P1/P1PQ4/1K1R4 b - - 0 28,56,e116,e7f8,-15,2,c8a6,0.0062,0.0075,0.0088,0.01,c8a6,c8a6,c8a6,c8a6,250.0,0.01,0.0038,True,elite,0,bishop,False,False,True,False,middlegame,False
r1b1rbk1/1p3p2/1npp1qp1/3Pp2p/p3P3/P1P1NN2/BP1Q1PPP/3RR1K1 b - - 1 18,36,e118,e8d8,53,5,e8d8,0.0292,0.023,0.014,0.0084,f8h6,f8h6,f8h6,f8h6,213.0,0.0292,-0.0208,True,elite,0,rook,False,False,True,False,middlegame,True
r1b2b1r/p1p1k2p/2pp1p2/2q1p3/2P4P/1R3Q2/PP1N1PP1/R3KB2 b Q - 7 18,36,e120,f6f5,147,95,f6f5,0.0494,0.0377,0.0382,0.0461,f8h6,c8e6,c8e6,c8e6,240.0,0.0494,-0.0033,True,elite,0,pawn,False,False,True,True,middlegame,True
r6r/pRp1k2p/2ppbb2/2q1pp2/2P4P/6Q1/PP1N1PP1/1K1R1B2 b - - 7 22,44,e120,c5d4,115,100,e7d7,0.0085,0.0048,0.0024,0.0015,e7d7,e7d7,e7d7,e7d7,564.0,0.0085,-0.007,True,elite,5,queen,False,False,True,False,middlegame,False
5k2/3brp1p/1p3bp1/3P4/2B5/B6P/1r3PP1/4R1K1 b - - 3 26,52,e122,b6b5,509,4,b2c2,0.0281,0.0289,0.0314,0.0333,b2c2,b2c2,b2c2,b2b4,822.0,0.0333,0.0052,True,elite,7,pawn,False,False,True,True,middlegame,False
r1b2k1r/pp2qp2/3p4/2pP1Pb1/2P2Nnp/1QN3P1/PP3PB1/R3R1K1 b - - 2 18,36,e123,e7d8,-25,32,e7d8,0.029,0.0325,0.0319,0.0305,e7f6,e7f6,e7f6,e7f6,181.0,0.0325,0.0015,True,elite,0,queen,False,False,True,False,middlegame,True
r4rk1/3nQppp/8/4p1PN/3pPB2/pPqB1P2/b1P4P/N1KR2R1 b - - 1 22,44,e124,a2b3,0,205,a2b3,0.0144,0.0102,0.0083,0.0066,c3b2,c3b2,c3b2,c3b2,463.0,0.0144,-0.0078,True,elite,2,bishop,True,False,False,False,middlegame,True
4rr1k/4Qp1p/3R1P2/8/4P3/1n3q2/2N4P/1B2KR2 b - - 2 34,68,e124,f3h3,290,42,f3h3,0.0418,0.0319,0.0278,0.0241,f3c3,f3c3,f3c3,f3c3,124.0,0.0418,-0.0177,True,elite,5,queen,False,False,True,False,middlegame,True
1rb2rk1/2ppqpb1/2n3pp/2p1P2P/p1P5/P1B2NPB/1P2QP2/2KRR3 b - - 0 20,40,e127,d7d5,-61,81,g6g5,0.005,0.0039,0.0028,0.0022,g6g5,g6g5,g6g5,g6g5,114.0,0.005,-0.0028,True,elite,1,pawn,False,False,True,True,middlegame,False
4rrk1/ppp5/3p2q1/2PPn2p/1P2Npp1/P1Q2P2/4R1PP/3R3K b - - 1 30,60,e130,b7b6,-57,3,f8f7,0.0073,0.0045,0.003,0.0026,g4f3,g4f3,g4f3,g4f3,279.0,0.0073,-0.0047,True,elite,4,pawn,False,False,True,True,middlegame,False
r1bqk2r/1p1nppb1/2pp2p1/p5Pp/PnPPPP1P/2N1BN2/1P2B3/R2QK2R b KQkq - 2 12,24,e131,d6d5,-31,15,c6c5,0.0307,0.021,0.0152,0.011,b7b6,b7b6,b7b6,e7e5,144.0,0.0307,-0.0197,True,elite,1,pawn,False,False,True,True,middlegame,False
r2r2k1/5p2/3q1b1p/8/4p2P/pPp1B3/P3Q1R1/1K2R3 b - - 1 34,68,e132,g8h8,271,187,g8h7,0.0264,0.0237,0.0235,0.0337,g8f8,g8f8,g8f8,g8h7,212.0,0.0337,0.0073,True,elite,5,king,False,False,True,False,middlegame,False
r4rk1/pb1qb3/1p2p1p1/3pBp2/3P2n1/2PB1NQ1/PP3PP1/2KR3R b - - 0 20,40,e135,a8c8,-402,31,e7f6,0.0157,0.0103,0.0082,0.0078,g8f7,g8f7,e7f6,e7f6,135.0,0.0157,-0.0079,True,elite,6,rook,False,False,True,False,middlegame,False
r3r1k1/1p1q1pp1/2pp1n1p/p4b2/P1PBnN2/1P3B2/2P2PPP/R2QR1K1 b - - 0 16,32,e137,f5h7,-46,11,a8d8,0.0068,0.014,0.0222,0.0283,c6c5,c6c5,c6c5,c6c5,114.0,0.0283,0.0215,True,elite,1,bishop,False,False,True,False,middlegame,False
r3r1k1/1p1q1pp1/2pp1n1p/p4b2/P1PBnN2/1P3B2/2P2PPP/R2QR1K1 b - - 4 18,36,e137,f5h7,-44,7,a8d8,0.0068,0.014,0.0222,0.0283,c6c5,c6c5,c6c5,c6c5,115.0,0.0283,0.0215,True,elite,1,bishop,False,False,True,False,middlegame,False
4r2k/1pp1rqpb/pb1p1p1p/3P3N/3PPQPP/5B2/PP5K/3RR3 b - - 0 32,64,e141,c7c6,137,87,c7c6,0.0307,0.0232,0.0163,0.0101,h7g6,h7g6,h7g6,h7g6,133.0,0.0307,-0.0206,True,elite,0,pawn,False,False,True,True,middlegame,True
2bq1r1k/Q3b1pp/3p4/p2N2Pn/1p2PP2/8/PPP4P/1K1R1R2 b - - 1 22,44,e144,c8h3,-259,15,f8e8,0.0392,0.031,0.023,0.0275,f8e8,f8e8,f8e8,e7g5,258.0,0.0392,-0.0117,True,elite,6,bishop,False,False,True,False,middlegame,False
2b2r1k/4q1pp/3R4/Q3P1Pn/1p3P2/8/PPP4P/1K3R2 b - - 0 28,56,e144,e7g5,-363,31,c8h3,0.0055,0.0054,0.0054,0.0056,h5f4,h5f4,h5f4,h5f4,108.0,0.0056,0.0001,True,elite,6,queen,True,False,False,False,middlegame,False
2rqkb1r/1b1n1ppp/pn1p4/Np2pPP1/4P2P/P1N1B3/1PP5/R2QKB1R b KQk - 3 14,28,e145,c8c3,187,258,b7a8,0.0094,0.0073,0.0066,0.0064,b7a8,b7a8,b7a8,b7a8,255.0,0.0094,-0.003,True,elite,1,rook,True,False,False,False,middlegame,False
6r1/3kn2p/R2b1p2/2pp1p2/5P2/PP1PPN2/1BP2K1P/8 b - - 0 32,64,e146,g8f8,-399,5,c5c4,0.0299,0.0338,0.0333,0.037,e7c6,d7e6,d7e6,d7e6,147.0,0.037,0.0071,True,elite,6,rook,False,False,True,False,endgame,False
3q1rk1/N2nbpp1/3p4/4pb1p/2B5/4QP2/1PP3PP/R3K2R b KQ - 0 20,40,e149,e7h4,-11,1,e7h4,0.0451,0.0444,0.0483,0.0467,f5c2,f5c2,f5c2,f5c2,196.0,0.0483,0.0016,True,elite,5,bishop,False,True,False,False,middlegame,True
5rk1/Nq1n1pp1/R2p4/4pbbp/2B5/1Q3PP1/1PP4P/4K2R b K - 6 24,48,e149,d7b6,-8,106,d7b6,0.0022,0.0016,0.0017,0.0019,b7b3,b7b3,b7b3,b7b3,184.0,0.0022,-0.0003,True,elite,5,knight,False,False,True,False,middlegame,True
3rr1k1/bp3pp1/p1n5/3N3p/2P5/B3N2P/P4KP1/2RR4 b - - 0 30,60,e150,d8d5,29,329,d8d5,0.0084,0.0097,0.0148,0.0226,c6e5,c6e5,c6e5,c6e5,411.0,0.0226,0.0142,True,elite,2,rook,True,False,False,False,middlegame,True
r5r1/3qbk2/pPp1bp2/1p2p2p/1PPnP1pN/3PB1PP/1Q3P1K/R2R4 b - - 0 28,56,e152,c6c5,238,27,c6c5,0.021,0.0168,0.0148,0.0166,g4h3,g4h3,g4h3,g4h3,126.0,0.021,-0.0044,True,elite,0,pawn,False,False,True,True,middlegame,True
r2r3k/2pPNp1p/5Pp1/1pq5/4Q3/4R3/6PP/5RK1 b - - 2 34,68,e156,d8f8,-554,14,c7c6,0.001,0.0012,0.0014,0.0017,d8d7,d8d7,a8a4,a8a4,537.0,0.0017,0.0007,True,elite,3,rook,False,False,True,False,middlegame,False
3rr2k/1b4q1/p4p2/1pppbBpp/4P3/2PR2PP/PPQ1NPK1/3R4 b - - 1 26,52,e159,g7f7,-8,2,h5h4,0.0285,0.0292,0.0295,0.0321,d5d4,d5d4,d5d4,d5d4,279.0,0.0321,0.0036,True,elite,0,queen,False,False,True,False,middlegame,False
2r1nr1k/p4p1P/1n2p1pP/1p1pP1B1/3N4/q1P1QP2/P1P5/3K1R1R b - - 3 22,44,e162,h8h7,83,35,a3c3,0.0295,0.0361,0.0285,0.0256,c8c3,c8c3,c8c3,c8c3,113.0,0.0361,-0.0039,True,elite,0,king,True,False,False,False,middlegame,False
2b4k/5p1p/3p2p1/p7/P4P2/5B2/2rr2PP/R3RK2 b - - 3 26,52,e163,c8h3,365,80,c8e6,0.0189,0.0152,0.0134,0.0136,d2f2,d2f2,d2f2,d2f2,152.0,0.0189,-0.0053,True,elite,5,bishop,False,False,True,False,endgame,False
R7/5pkp/3p2p1/p7/P4P2/1b3B2/3r2PP/5K2 b - - 3 30,60,e163,d2d4,288,231,b3a4,0.0348,0.0337,0.0367,0.0453,b3a4,b3a4,b3a4,b3a4,238.0,0.0453,0.0105,True,elite,5,rook,False,False,True,False,endgame,False
2q4r/ppk1b2p/2n2p2/2p5/5Q2/2NP2PP/PP3P2/R4RK1 b - - 0 20,40,e165,c7d8,-470,16,e7d6,0.0364,0.0237,0.0195,0.02,e7d6,e7d6,e7d6,e7d6,144.0,0.0364,-0.0164,True,elite,3,king,False,False,True,False,middlegame,False
5rk1/p2q1p1p/Q3bb2/5P2/3pp3/1N4P1/PPr1P2P/3R1RK1 b - - 0 22,44,e169,d7c8,465,211,e6b3,0.0016,0.0009,0.0005,0.0003,e6b3,e6b3,e6b3,e6b3,425.0,0.0016,-0.0013,True,elite,5,queen,False,False,True,False,middlegame,False
5r1k/p4p1p/2q2P2/6Q1/3Rp3/6P1/bPr1P2P/5RK1 b - - 0 26,52,e169,c6f6,-1224,773,f8g8,0.0083,0.0047,0.0027,0.0018,f8g8,f8g8,f8g8,f8g8,773.0,0.0083,-0.0065,True,elite,6,queen,True,False,False,False,middlegame,False
6k1/r4pp1/Pr1qp2p/2ppn3/R1p2Q1P/6P1/RP2PPB1/6K1 b - - 0 34,68,e172,f7f6,288,29,f7f5,0.0421,0.0356,0.0346,0.047,b6a6,b6a6,b6a6,b6a6,541.0,0.047,0.0049,True,elite,5,pawn,False,False,True,True,middlegame,False
r3rbk1/p4pp1/2p2nnp/qp1ppQ2/4P3/P1PP2PP/1PBB1P1N/3R1RK1 b - - 0 22,44,e173,e8e6,-87,9,a8d8,0.0061,0.0057,0.0054,0.0047,d5e4,a5c7,a5c7,a5b6,133.0,0.0061,-0.0014,True,elite,1,rook,False,False,True,False,middlegame,False
5k1n/p1q1rpb1/2p1PN1p/1p3Q2/3p4/PB4PP/1P3P2/4R1K1 b - - 4 34,68,e173,c7d6,-501,29,f7e6,0.027,0.0316,0.0347,0.0386,g7f6,g7f6,g7f6,g7f6,359.0,0.0386,0.0116,True,elite,6,queen,False,False,True,False,middlegame,False
r2qr1k1/pppn1p1p/3p1bp1/3P1b2/2PB4/1PN5/P2QNPPP/R3R1K1 b - - 6 16,32,e175,a7a6,-56,1,d7c5,0.0178,0.0203,0.021,0.0373,f6d4,f6d4,d7e5,d7e5,100.0,0.0373,0.0195,True,elite,1,pawn,False,False,True,True,middlegame,False
r3r1k1/1pq1bp2/p2p1np1/7p/2PN1Q2/3B1P2/PP4PP/1K1RR3 b - - 2 22,44,e183,e7d8,-65,36,e7d8,0.0109,0.0071,0.0043,0.0027,b7b5,g8g7,g8g7,g8g7,171.0,0.0109,-0.0082,True,elite,0,bishop,False,False,True,False,middlegame,True
2b2rk1/3n1ppp/r1p2n2/p3P1B1/2pP4/q5PP/2Q1N1BK/3R1R2 b - - 0 22,44,e189,a3b3,-34,106,a3b3,0.0097,0.0078,0.0059,0.0048,f6d5,f6d5,f6d5,f6d5,117.0,0.0097,-0.0049,True,elite,1,queen,False,False,True,False,middlegame,True
1r4k1/3r1pp1/4b3/7p/p2PB3/B5PP/1pR4K/3R4 b - - 1 34,68,e189,f7f5,-155,95,f7f5,0.0206,0.0168,0.0149,0.016,b2b1q,b2b1q,b2b1q,b2b1q,150.0,0.0206,-0.0046,True,elite,2,pawn,False,False,True,True,middlegame,True
r1b1k2r/1p1nbppp/pq2p3/3pP3/3N1P2/P1N3P1/1PP3BP/R2QK2R b KQkq - 2 12,24,e190,d7b8,50,7,e8g8,0.0019,0.0018,0.0015,0.0015,b6b2,b6b2,b6b2,b6b2,422.0,0.0019,-0.0004,True,elite,1,knight,False,False,True,False,middlegame,False
1rr3k1/3b1ppp/4p3/3pP3/p2q1P2/1P4P1/2P3BP/1K1Q1R2 b - - 1 32,64,e190,d4a7,903,81,d4c5,0.0132,0.0136,0.0128,0.01,d4c3,d4c3,d4c3,d4c3,159.0,0.0136,-0.0032,True,elite,7,queen,False,False,True,False,middlegame,False
1r6/R3pp2/3p1kp1/2p5/4PPP1/1PR1K2p/1rB3bP/8 b - - 0 32,64,e192,b2c2,124,47,b8b4,0.0023,0.0023,0.0025,0.0029,g6g5,g6g5,b8b4,b8b4,124.0,0.0029,0.0006,True,elite,5,rook,True,False,False,False,endgame,False
