fen,ply,game_id,engine_best,best_cp,engine_margin,played_move,p_engine_move_1100,p_engine_move_1400,p_engine_move_1700,p_engine_move_2000,human_top_1100,human_top_1400,human_top_1700,human_top_2000,human_cost_cp,p_max,p_slope,machine_unique,source,batch,white_elo,black_elo,mover_elo,real_found,hard_core,family,piece,capture,check,quiet,phase,advance,retreat,pawn_move,king_move,toward_own_king
r4rk1/1p1bq1p1/p1n2n1p/2Ppp3/7N/P1PB4/1P1N1PPP/2RQR1K1 b - - 1 16,32,5hd19YaA,f6g4,127,83,e5e4,0.0467,0.0403,0.0327,0.029,e5e4,e5e4,e5e4,e5e4,270.0,0.0467,-0.0177,True,club,03_disagreements,1952,1979,1979,False,True,2,knight,False,False,True,middlegame,True,False,False,False,False
r1bq1rk1/ppp2p2/2n1p2R/3p4/1bPP2p1/2NBPNP1/PP3PP1/2RQK3 b - - 0 12,24,ZmIK0RUK,d5c4,-247,10,g4f3,0.0107,0.0069,0.0094,0.022,g4f3,g4f3,g4f3,g4f3,129.0,0.022,0.0113,True,club,03_disagreements,2951,2616,2616,False,True,6,pawn,True,False,False,opening,True,False,True,False,False
r4rk1/5p2/5qp1/7p/1p2R2P/3Q1P2/1PP2bR1/1NK5 b - - 1 26,52,6SE2GH52,f8d8,434,33,f2h4,0.0088,0.0074,0.0081,0.0113,f2h4,f2h4,f2h4,f2h4,269.0,0.0113,0.0025,True,club,03_disagreements,2123,2061,2061,False,True,0,rook,False,False,True,middlegame,False,False,False,False,False
2k3rr/p1qn1p2/4p3/2p1P1Pp/2PpR3/P6Q/2PB2PP/1R5K b - - 0 24,48,dJVtH2o5,h5h4,-269,34,c7c6,0.0332,0.0216,0.015,0.0146,d7e5,d7e5,d7e5,d7e5,313.0,0.0332,-0.0186,True,club,03_disagreements,2157,2101,2101,False,True,6,pawn,False,False,True,middlegame,True,False,True,False,False
2kr3r/1pp2ppp/2n1p3/8/1b2N3/1BPPP1PP/1P6/2KR3R b - - 0 20,40,DbNLygqd,b4f8,-114,0,b4e7,0.0073,0.0057,0.004,0.0042,b4a5,b4a5,b4a5,b4e7,130.0,0.0073,-0.0031,True,club,03_disagreements,1940,1954,1954,False,True,2,bishop,False,False,True,middlegame,False,True,False,False,False
1k1r3r/1pp1bppp/2n1p3/8/3PN3/1BP1P1PP/RPK5/7R b - - 4 24,48,DbNLygqd,b7b5,-105,39,b7b6,0.0112,0.0058,0.0036,0.0024,f7f5,f7f5,f7f5,f7f5,248.0,0.0112,-0.0088,True,club,03_disagreements,1940,1954,1954,False,True,2,pawn,False,False,True,middlegame,True,False,True,False,False
3r3r/1kp3pp/1pn1p3/5pb1/1P1P4/2P1PBPP/R1KN4/R7 b - - 2 30,60,DbNLygqd,d8d5,-537,52,d8d5,0.0082,0.0063,0.0049,0.0041,g5e3,g5e3,g5e3,g5e3,1460.0,0.0082,-0.0041,True,club,03_disagreements,1940,1954,1954,True,False,1,rook,False,False,True,middlegame,True,False,False,False,False
r2q1rk1/p4p1p/6pQ/1ppnPb2/3p1P2/1P1P2PP/P1P5/R1B2RK1 b - - 0 20,40,qN5vDDhz,f8e8,375,12,d5e7,0.0142,0.0143,0.0135,0.0181,d5e3,d5e3,d8d7,d8d7,140.0,0.0181,0.0039,True,club,03_disagreements,1986,2075,2075,False,True,4,rook,False,False,True,middlegame,False,False,False,False,False
3r2k1/5p2/1R4np/2p3pq/4P3/4QPR1/1P3P1P/7K b - - 0 32,64,OMBhQLoH,c5c4,-296,6,d8d1,0.0292,0.017,0.0128,0.0135,d8d1,d8d1,g6f4,g6f4,413.0,0.0292,-0.0157,True,club,03_disagreements,2044,2077,2077,False,True,5,pawn,False,False,True,endgame,True,False,True,False,False
2r1kr2/pp4pp/2n1P1n1/2b5/Bqp5/2N5/PP2Q1PP/1RB2R1K b - - 8 22,44,ovr0cZUd,c5d4,-280,75,f8f1,0.0481,0.0319,0.0219,0.0177,f8f1,f8f1,f8f1,f8f1,237.0,0.0481,-0.0304,True,club,03_disagreements,1892,1889,1889,False,True,6,bishop,False,False,True,middlegame,True,False,False,False,False
r2qkb1r/4pp1p/2n3p1/pp1p1b2/2pPN3/2P2N1P/PPB2PP1/R1B1QRK1 b kq - 0 12,24,EzT4EPp1,f8g7,-164,116,f8g7,0.0239,0.0209,0.0164,0.0167,d5e4,d5e4,d5e4,d5e4,113.0,0.0239,-0.0072,True,club,03_disagreements,1921,2235,2235,True,False,2,bishop,False,False,True,opening,True,False,False,False,False
8/p5p1/1p3k1p/8/P2RPP1P/6P1/4r3/6K1 b - - 0 34,68,KMD4FowC,h6h5,-129,60,e2e3,0.0174,0.0204,0.0305,0.0497,e2e3,e2e3,e2e3,e2e3,183.0,0.0497,0.0323,True,club,03_disagreements,2260,2002,2002,False,True,5,pawn,False,False,True,endgame,True,False,True,False,False
8/6pk/2p5/P2b4/1P4q1/2Q5/6PK/6R1 b - - 1 34,68,XUYNlcpO,h7g8,-398,120,h7g8,0.0072,0.0064,0.0092,0.0188,g4h4,g4h4,g4h4,g4h4,216.0,0.0188,0.0116,True,club,03_disagreements,2107,2173,2173,True,False,5,king,False,False,True,endgame,False,True,False,True,False
r2q1r1k/pp1b3p/1n2pb2/4B3/2PP1N2/1P2Q2P/P1R5/4KNR1 b - - 2 24,48,Hkk7cbBb,d7e8,-511,127,d8e7,0.0179,0.0174,0.0171,0.017,f6e5,f6e5,f6e5,f6e5,1475.0,0.0179,-0.0009,True,club,03_disagreements,1996,2031,2031,False,True,6,bishop,False,False,True,middlegame,False,True,False,False,False
1r6/1p1q1pk1/pR1p2pp/3Ppn2/2P1n3/5N2/PQ3PPP/1R4K1 b - - 3 26,52,KEezw1Yx,d7e7,-195,38,e4c5,0.0143,0.0106,0.0084,0.0092,e4c5,e4c5,e4c5,e4c5,244.0,0.0143,-0.0051,True,club,03_disagreements,2097,2095,2095,False,True,2,queen,False,False,True,middlegame,False,False,False,False,False
rn1q4/pp1b1kp1/2pP1p2/4Q1B1/7N/2P5/PPP3PP/R4RK1 b - - 0 24,48,3Y7KRrw3,d7e8,-817,18,d8b6,0.0037,0.0039,0.0046,0.0045,d8b6,d8b6,d8b6,d7e6,250.0,0.0046,0.0008,True,club,03_disagreements,1827,1907,1907,False,True,1,bishop,False,False,True,middlegame,False,True,False,False,False
r3r1k1/1ppq4/pb1pN2p/3P2p1/3Pn3/1Q3N1P/P2B1PP1/R5K1 b - - 1 20,40,wGhEsRRL,d7b5,204,86,d7f7,0.0192,0.0215,0.0256,0.0307,e4d2,e4d2,e4d2,e4d2,239.0,0.0307,0.0115,True,club,03_disagreements,2028,1946,1946,False,True,2,queen,False,False,True,middlegame,True,False,False,False,False
rr4k1/2pq1ppp/2pbp3/5b2/pn2N3/2PP1Q1P/PP3PP1/R1BBR1K1 b - - 1 16,32,wcfP6j8O,b4d3,228,183,b4d3,0.0401,0.0375,0.0388,0.0374,b4d5,b4d5,b4d5,b4d5,247.0,0.0401,-0.0027,True,club,03_disagreements,1890,1863,1863,True,False,2,knight,True,False,False,middlegame,True,False,False,False,False
2r1k2r/pR1nNpp1/4p1p1/6P1/3P4/5Q1P/P1q2P2/2B1R1K1 b k - 0 20,40,KMkj8gty,c8c3,-417,72,e8e7,0.0479,0.036,0.0256,0.0224,e8e7,e8e7,e8e7,e8e7,655.0,0.0479,-0.0255,True,club,03_disagreements,2166,2106,2106,False,True,6,rook,False,False,True,middlegame,True,False,False,False,False
rn3r2/pp2p1kp/2p3p1/3pPq2/3P3P/3Q1P2/PPP1K3/RN5R b - - 2 16,32,TNsrzgx8,c6c5,146,24,f5d3,0.0126,0.0106,0.013,0.0145,f5d3,f5d3,f5d3,f5f4,112.0,0.0145,0.0019,True,club,03_disagreements,1919,1937,1937,False,True,0,pawn,False,False,True,middlegame,True,False,True,False,False
r1b4r/pp3kp1/2p5/1n1pBP2/6P1/3P2K1/PPP5/RN6 b - - 4 26,52,ss7tWtvS,c8f5,413,59,h8h1,0.0091,0.0064,0.0049,0.0045,h8h1,c8d7,c8d7,c8d7,103.0,0.0091,-0.0046,True,club,03_disagreements,1876,1863,1863,False,True,4,bishop,True,False,False,middlegame,True,False,False,False,False
2kr4/ppb2R2/8/2p4p/1q4pP/2N1P3/PP1R1PP1/3Q2K1 b - - 0 34,68,4X0qke7z,c7h2,-812,13,g4g3,0.0059,0.0047,0.0036,0.0029,d8d2,d8d2,d8d2,d8d2,152.0,0.0059,-0.003,True,club,03_disagreements,1982,1878,1878,False,True,1,bishop,False,True,False,middlegame,True,False,False,False,False
2rq1rk1/1b3p2/1p2p3/p1b1P1p1/P5p1/1P1PN1P1/1QN2P1P/3RR1K1 b - - 4 26,52,ZQiinlSb,g8g7,46,54,g8g7,0.0362,0.0464,0.0459,0.0354,b7f3,b7f3,b7f3,b7f3,166.0,0.0464,-0.0008,True,club,03_disagreements,2116,2123,2123,True,False,2,king,False,False,True,middlegame,True,False,False,True,False
r1b1k2r/ppp2ppp/2n1p3/2Np4/8/3B4/PPPN2PP/R4K1R b kq - 1 14,28,WfaSyiJE,e8e7,-23,12,e8g8,0.0017,0.0027,0.0074,0.0343,b7b6,b7b6,b7b6,b7b6,102.0,0.0343,0.0326,True,club,03_disagreements,2161,2032,2032,False,True,7,king,False,False,True,middlegame,True,False,False,True,False
r1b2rk1/5ppp/2p5/p3P3/Pp3N1Q/1B2q2P/1PP3P1/5R1K b - - 2 24,48,jkthL8ab,a8a7,149,51,c8a6,0.005,0.0062,0.0065,0.0076,e3e5,e3e5,e3e5,e3e5,199.0,0.0076,0.0026,True,club,03_disagreements,1874,1962,1962,False,True,0,rook,False,False,True,middlegame,True,False,False,False,False
r4rk1/5ppp/b1p1P3/p7/Pp3N1Q/1B5P/1PPq2P1/4R2K b - - 0 26,52,jkthL8ab,a8a7,-465,32,g7g6,0.0099,0.016,0.0205,0.0245,f7e6,f7e6,f7e6,f7e6,520.0,0.0245,0.0146,True,club,03_disagreements,1874,1962,1962,False,True,6,rook,False,False,True,middlegame,True,False,False,False,False
1r1r4/p5bk/8/2p3qp/2NpPpP1/1PPR4/P4Q1P/3R2K1 b - - 0 30,60,bKScTyX2,d4c3,263,90,h5g4,0.0033,0.0018,0.0016,0.0026,g5g4,g5g4,g5g4,g5g4,228.0,0.0033,-0.0007,True,club,03_disagreements,1970,1963,1963,False,True,0,pawn,True,False,False,middlegame,True,False,True,False,False
2r3k1/pp1qRppp/n7/Q2b2B1/3P4/6P1/PP3P1P/6K1 b - - 1 22,44,U67JkNqw,d7e7,558,107,d7c6,0.0133,0.0084,0.0051,0.0045,d7c6,d7c6,d7c6,d7c6,109.0,0.0133,-0.0088,True,club,03_disagreements,1912,1898,1898,False,True,4,queen,True,False,False,middlegame,False,False,False,False,False
r1b1kbnr/ppQp2pp/3n4/4qP2/4p3/8/PPPPNPPP/RNB2RK1 b kq - 0 10,20,50ivql8o,b7b6,308,18,g8f6,0.0046,0.0059,0.0064,0.005,d6f5,d6f5,d6f5,d6f5,918.0,0.0064,0.0004,True,club,03_disagreements,1895,1879,1879,False,True,4,pawn,False,False,True,opening,True,False,True,False,False
r1b1k1n1/pppp1p2/8/3P4/5pp1/2P5/PP4P1/RNB1K3 b Qq - 0 16,32,SRiomDPO,g8e7,255,93,f4f3,0.0088,0.0083,0.0057,0.0044,f4f3,f4f3,f4f3,f4f3,137.0,0.0088,-0.0044,True,club,03_disagreements,1802,1878,1878,False,True,0,knight,False,False,True,endgame,True,False,False,False,False
2kr4/ppp2p2/3p1n2/3P2K1/2P3b1/8/PP6/RNB5 b - - 4 22,44,SRiomDPO,f6d5,-54,97,d8e8,0.0033,0.0029,0.0031,0.0033,f6e4,f6e4,f6e4,f6e4,216.0,0.0033,0.0,True,club,03_disagreements,1802,1878,1878,False,True,0,knight,True,False,False,endgame,True,False,False,False,False
8/1QR2pbk/6p1/1P1Np2p/P2nP2P/8/5PPK/4q3 b - - 6 34,68,wQo6NXYY,d4e2,1987,1987,e1f2,0.0484,0.0334,0.0232,0.0209,e1f2,e1f2,e1f2,e1f2,1987.0,0.0484,-0.0275,True,club,03_disagreements,1876,1873,1873,False,True,6,knight,False,False,True,endgame,True,False,False,False,False
r4rk1/1b1p1p2/3N2p1/4N1Qp/4P2P/P7/1P3qP1/1K5R b - - 0 22,44,NoOt7opT,f8b8,406,130,a8b8,0.0073,0.0062,0.006,0.0076,b7e4,b7e4,b7e4,b7e4,714.0,0.0076,0.0003,True,club,03_disagreements,1974,1982,1982,False,True,0,rook,False,False,True,middlegame,False,False,False,False,False
r4qk1/2p1b1p1/1pN2p1p/pP1r4/2QP4/P3P2P/5PP1/R4RK1 b - - 3 26,52,eeFGKExL,g8h7,-540,2,a8d8,0.0258,0.0198,0.016,0.015,f8f7,f8f7,f8f7,f8f7,293.0,0.0258,-0.0108,True,club,03_disagreements,1875,1876,1876,False,True,1,king,False,False,True,middlegame,True,False,False,True,False
r1r1b1k1/pp2qpp1/4p2p/2n1N3/2RN1P2/1P4Q1/P5PP/4R1K1 b - - 0 24,48,9EFUuGbC,c5a6,186,102,b7b5,0.0409,0.0399,0.0418,0.0384,c5d7,c5d7,c5d7,b7b5,128.0,0.0418,-0.0025,True,club,03_disagreements,1823,1938,1938,False,True,0,knight,False,False,True,middlegame,False,True,False,False,False
4r1k1/3Q2pp/4ppb1/p7/3P4/1P2PP1K/r6P/6R1 b - - 5 34,68,8SZ2oxr5,g6f7,-247,82,a2b2,0.0194,0.0236,0.0243,0.0219,g6f5,g6f5,g6f5,a2e2,395.0,0.0243,0.0025,True,club,03_disagreements,2059,2194,2194,False,True,5,bishop,False,False,True,endgame,False,True,False,False,False
rn2k2r/ppp1nppp/5q2/3P4/2B4b/2N4b/PPPPQ2N/R1B3RK b kq - 6 12,24,dJcUkGAg,f6f2,38,110,b8d7,0.0462,0.0286,0.0184,0.0123,e8g8,e8g8,e8g8,e8g8,115.0,0.0462,-0.0339,True,club,03_disagreements,1993,1942,1942,False,True,2,queen,False,False,True,opening,True,False,False,False,False
r3kbnr/pp1b1ppp/2n1p3/3pP3/R2P4/2PBB3/1q3PPP/1N1QK1NR b Kkq - 4 10,20,tai9Te7y,a7a6,0,25,a7a6,0.0135,0.0118,0.0091,0.0068,c6e5,c6e5,c6e5,c6e5,331.0,0.0135,-0.0067,True,club,03_disagreements,2108,2123,2123,True,False,3,pawn,False,False,True,opening,True,False,True,False,False
r2r2k1/1p4bp/2pNpnp1/p1P5/2NpP3/P6P/1P3PP1/R3K2R b KQ - 1 20,40,n0Sg3gMb,a5a4,0,0,b7b5,0.0384,0.0294,0.0232,0.0213,g7f8,g7f8,g7f8,g7f8,202.0,0.0384,-0.0171,True,club,03_disagreements,2228,2102,2102,False,True,2,pawn,False,False,True,middlegame,True,False,True,False,False
2r3k1/1r5p/1P2p1p1/2b1N3/2Np1PPn/P6P/1P6/1K1R3R b - - 4 30,60,n0Sg3gMb,c8a8,-377,18,c5b6,0.0078,0.0065,0.0046,0.0038,h4g2,c5b6,c5b6,c5b6,106.0,0.0078,-0.004,True,club,03_disagreements,2228,2102,2102,False,True,1,rook,False,False,True,middlegame,False,False,False,False,False
5qk1/1p1Q3p/p2br1p1/3p4/P5R1/2PB3P/5PP1/6K1 b - - 2 30,60,LwGqOM2R,e6e7,638,638,e6e1,0.0208,0.0149,0.0128,0.0109,e6e1,e6e1,e6e1,e6e1,644.0,0.0208,-0.0099,True,club,03_disagreements,2034,2033,2033,False,True,0,rook,False,False,True,endgame,False,True,False,False,False
r2qr1k1/1pp2pbp/p1n1bnp1/3p4/3P1B2/P1N1PN1P/1P2BPP1/2RQ1RK1 b - - 0 12,24,tokLHJ8O,g7f8,-99,0,d8d7,0.0048,0.0051,0.0047,0.0051,b7b5,b7b5,d8d7,d8d7,105.0,0.0051,0.0003,True,club,03_disagreements,1824,1841,1841,False,True,3,bishop,False,False,True,opening,False,True,False,False,False
r3r1k1/pp3ppp/5q2/2b5/P4Nnn/3B3R/1PPB4/R2Q1K2 b - - 3 22,44,zADakUT5,f6d4,941,133,g4e3,0.0222,0.0197,0.0189,0.0239,g4e3,g4e3,g4e3,g4e3,261.0,0.0239,0.0017,True,club,03_disagreements,1949,1898,1898,False,True,4,queen,False,False,True,middlegame,True,False,False,False,False
8/1R6/p5pb/k2N4/4r1P1/8/PPP5/1K1R4 b - - 0 32,64,quD2llwO,h6f8,-765,28,e4g4,0.0119,0.0131,0.0135,0.017,e4g4,e4g4,e4g4,e4g4,205.0,0.017,0.0051,True,club,03_disagreements,1961,1880,1880,False,True,1,bishop,False,False,True,endgame,False,True,False,False,False
r1r5/1p1k1pp1/2q1p2p/P2pP3/5P2/8/3N2PP/QR5K b - - 0 24,48,owOZ8uBD,a8a5,535,141,c8c7,0.0113,0.0114,0.0113,0.0102,b7b6,c6c3,c6c3,c6c3,129.0,0.0114,-0.0011,True,club,03_disagreements,1873,1948,1948,False,True,4,rook,True,False,False,endgame,True,False,False,False,False
r1b1k2r/p4ppp/2pqp3/1p5Q/2p1P2P/P1Nn2P1/1P3PB1/3R1RK1 b kq - 1 18,36,GFBX5Vxo,e6e5,285,54,e8g8,0.0423,0.0458,0.0454,0.0467,g7g6,e8g8,d6e5,d6e5,130.0,0.0467,0.0044,True,club,03_disagreements,2013,1981,1981,False,True,0,pawn,False,False,True,middlegame,True,False,True,False,False
kr6/5p1p/4bp2/2p2P2/3pR1P1/qP1P3P/1NP5/1K1R4 b - - 0 30,60,8FPn7lBJ,b8b3,536,104,e6d5,0.0041,0.0037,0.0038,0.0049,e6b3,e6b3,e6b3,e6b3,155.0,0.0049,0.0008,True,club,03_disagreements,2026,2050,2050,False,True,4,rook,True,False,False,endgame,True,False,False,False,False
2r1kb1r/Nppn1ppp/4p3/4P3/1PB3b1/3PQ1P1/P1PB3q/R3K1R1 b Qk - 0 18,36,kMr4oeWP,d7e5,424,159,c8a8,0.0097,0.004,0.0025,0.0021,c8a8,c8a8,c8a8,c8a8,190.0,0.0097,-0.0076,True,club,03_disagreements,1870,2001,2001,False,True,0,knight,True,False,False,middlegame,True,False,False,False,False
2r1kb1r/Nppn1ppp/4p3/4P3/1PB3b1/3PQ1P1/P1PB3q/R3K1R1 b Qk - 4 20,40,kMr4oeWP,d7e5,410,131,c8d8,0.0097,0.004,0.0025,0.0021,c8a8,c8a8,c8a8,c8a8,171.0,0.0097,-0.0076,True,club,03_disagreements,1870,2001,2001,False,True,0,knight,True,False,False,middlegame,True,False,False,False,False
r2q1rk1/p3b3/1p2R1bp/3p1pp1/3P4/1QP3N1/PP1B1PPP/R5K1 b - - 1 22,44,1HMEsCjM,d8d7,-92,36,g6f7,0.0102,0.005,0.0031,0.0028,f8f6,f8f6,g8g7,g8g7,202.0,0.0102,-0.0074,True,club,03_disagreements,1857,1847,1847,False,True,6,queen,False,False,True,middlegame,True,False,False,False,False
r4rk1/p3qb2/1p5R/3p2p1/3P1p2/1QP5/PP1B1PPP/4R1K1 b - - 1 26,52,1HMEsCjM,e7e1,-476,117,e7d7,0.0493,0.0343,0.0272,0.022,e7d7,e7d7,e7d7,e7d7,317.0,0.0493,-0.0273,True,club,03_disagreements,1857,1847,1847,False,True,6,queen,True,True,False,middlegame,True,False,False,False,False
8/1bp1nk2/1q2pp2/1P1p2p1/3P3p/r1PNPN1P/2Q2PP1/5RK1 b - - 8 24,48,7KZFSaU8,f7g7,-212,44,b6b5,0.0005,0.0007,0.0011,0.0018,b6b5,b6b5,b6b5,b6b5,158.0,0.0018,0.0013,True,club,03_disagreements,1916,1863,1863,False,True,6,king,False,False,True,middlegame,False,False,False,True,False
8/1bp1nk2/q3pp2/2Np2p1/3P3p/r1P1PN1P/2Q2PP1/1R4K1 b - - 3 26,52,7KZFSaU8,e7f5,-504,65,a3a2,0.0007,0.0004,0.0002,0.0001,a6c6,a6a7,a6a7,a6a7,1488.0,0.0007,-0.0006,True,club,03_disagreements,1916,1863,1863,False,True,1,knight,False,False,True,middlegame,True,False,False,False,False
r1b3k1/1p1p1r1p/pq2n2Q/5p2/2B2P1P/8/PB3RP1/3R2K1 b - - 1 22,44,2nJ3npPd,a6a5,-742,8,b6c7,0.035,0.026,0.02,0.0169,b6b2,b6c5,b6c5,b6c5,1254.0,0.035,-0.0181,True,club,03_disagreements,1891,1990,1990,False,True,1,pawn,False,False,True,middlegame,True,False,True,False,False
8/pppk4/4pp1p/3r4/8/K1Pn3R/5PPP/5R2 b - - 4 26,52,0mmS2wIJ,d3e5,-16,6,h6h5,0.0216,0.023,0.0237,0.0197,h6h5,h6h5,h6h5,h6h5,226.0,0.0237,-0.0019,True,club,03_disagreements,2193,2188,2188,False,True,0,knight,False,False,True,endgame,False,True,False,False,False
7r/p2Nnpk1/1qp1p1p1/4P1B1/2p3P1/2Pb4/P2Q1PK1/R7 b - - 0 28,56,OJiE9v1e,e7d5,-575,40,b6d8,0.0248,0.023,0.0265,0.034,b6b7,b6b7,b6b7,b6b7,605.0,0.034,0.0092,True,club,03_disagreements,1837,1824,1824,False,True,6,knight,False,False,True,middlegame,True,False,False,False,False
3q2kB/p2Nnp2/2p1p1p1/4P3/2p3P1/2Pb4/P2Q1PK1/R7 b - - 0 30,60,OJiE9v1e,d3e4,-877,135,d8d7,0.025,0.0177,0.0105,0.0062,g8h8,g8h8,g8h8,g8h8,1121.0,0.025,-0.0188,True,club,03_disagreements,1837,1824,1824,False,True,1,bishop,False,True,False,middlegame,False,True,False,False,False
r1b2rk1/ppp2ppp/2n5/2b1P3/5P2/5N2/PPP1K1PP/R1B2B1R b - - 4 10,20,8YNV2CAi,c6b4,0,64,c8g4,0.0295,0.0232,0.0259,0.0432,c8g4,c8g4,c8g4,c8g4,115.0,0.0432,0.0137,True,club,03_disagreements,1870,1911,1911,False,True,3,knight,False,False,True,opening,True,False,False,False,False
r3k2r/1b2b2p/p1nqNn2/8/Pp6/7Q/BPP2PPP/R1B1R1K1 b - - 4 20,40,oF60vL8I,h8g8,-477,69,a8d8,0.0497,0.0386,0.038,0.035,b7c8,b7c8,b7c8,b7c8,134.0,0.0497,-0.0147,True,club,03_disagreements,1962,1965,1965,False,True,6,rook,False,False,True,middlegame,False,False,False,False,False
3rk2r/1b2b2p/p2qNn2/4B3/Pp6/7Q/BPP2PPP/R3R1K1 b - - 0 22,44,oF60vL8I,f6e4,-821,9,d6c6,0.0016,0.0012,0.0009,0.0007,d6d2,d6d2,d6c6,d6c6,125.0,0.0016,-0.0009,True,club,03_disagreements,1962,1965,1965,False,True,1,knight,False,False,True,middlegame,True,False,False,False,False
5k1r/1b1Qb2p/p7/6q1/Pp6/6P1/BPP2P1P/3RR1K1 b - - 0 30,60,oF60vL8I,b7h1,-1044,41,b7f3,0.0025,0.0045,0.0066,0.0081,b7f3,b7f3,b7f3,b7f3,944.0,0.0081,0.0056,True,club,03_disagreements,1962,1965,1965,False,True,1,bishop,False,False,True,middlegame,True,False,False,False,False
3rk2r/ppq1bpp1/1n2pn1p/2pP4/2P4P/2BQ1NN1/PP3PP1/1K1RR3 b k - 0 16,32,Q0T226Ot,f6g4,-221,2,e6d5,0.0404,0.0241,0.0127,0.0054,e6d5,e6d5,e6d5,e6d5,288.0,0.0404,-0.035,True,club,03_disagreements,1840,1829,1829,False,True,6,knight,False,False,True,middlegame,True,False,False,False,False
3rk2r/ppq1bpp1/1n3n1p/2p2N2/2p4P/2B2N2/PP2QPP1/1K1RR3 b k - 1 18,36,Q0T226Ot,f6g8,-477,1,b6d5,0.0071,0.0054,0.004,0.0035,d8d1,d8d1,d8d1,b6d5,119.0,0.0071,-0.0036,True,club,03_disagreements,1840,1829,1829,False,True,6,knight,False,False,True,middlegame,False,True,False,False,False
8/ppq1NkB1/5p1p/2pr4/2p3nP/5N2/PP2QPP1/1K2R3 b - - 0 24,48,Q0T226Ot,c7d6,-799,3,d5h5,0.0157,0.0142,0.0136,0.0147,f7g7,f7g7,f7g7,f7g7,237.0,0.0157,-0.001,True,club,03_disagreements,1840,1829,1829,False,True,1,queen,False,False,True,middlegame,True,False,False,False,False
r4rk1/6b1/3p1NR1/2pPq3/1pP5/pP2B3/P2N4/1QK4R b - - 0 28,56,pL2KZ01P,e5f6,-811,59,f8f6,0.0152,0.0107,0.0077,0.0056,f8f6,f8f6,f8f6,f8f6,366.0,0.0152,-0.0096,True,club,03_disagreements,2000,1972,1972,False,True,1,queen,True,False,False,middlegame,False,True,False,False,False
1rb2rk1/1p1p1ppp/p2N4/4b3/1PP5/4PB2/P4P1P/1R1R2K1 b - - 1 22,44,NpBkJhog,g7g6,-215,19,e5d6,0.0218,0.0213,0.0246,0.0483,e5d6,e5d6,b7b5,b7b5,116.0,0.0483,0.0265,True,club,03_disagreements,2061,2120,2120,False,True,5,pawn,False,False,True,middlegame,True,False,True,False,False
r3kb1r/5p2/3p3p/1p2p1p1/p2P4/2P1Pq2/BPQ5/R2R2K1 b kq - 0 26,52,u9Ht2Q8H,f8g7,275,33,f3e3,0.0041,0.0041,0.005,0.0089,f3e3,f3e3,f3e3,f3e3,221.0,0.0089,0.0048,True,club,03_disagreements,1962,2037,2037,False,True,0,bishop,False,False,True,middlegame,True,False,False,False,False
r3r1k1/pp3ppp/3p4/n1p1pNq1/4P3/2PP1Q2/PPB1KP2/6RR b - - 1 20,40,XPd7mHZC,g5g6,-861,1,g5f6,0.0034,0.0019,0.0011,0.0007,g5f6,g5f6,g5f6,g5f6,165.0,0.0034,-0.0027,True,club,03_disagreements,1882,1852,1852,False,True,1,queen,False,False,True,middlegame,False,True,False,False,False
r2qkb1r/1p4pp/p2p1p1n/2p1n3/8/1PN1P2N/PBP2PP1/R2QK2R b KQkq - 1 12,24,5Nk2VPjJ,d8e7,-168,4,f8e7,0.012,0.014,0.0151,0.0108,f8e7,f8e7,f8e7,f8e7,120.0,0.0151,-0.0012,True,club,03_disagreements,1826,1811,1811,False,True,2,queen,False,False,True,opening,True,False,False,False,False
r2r2k1/pQp1qpbp/6p1/8/1PP5/P2b1B2/R4PPP/2BR2K1 b - - 2 18,36,UGZv44oL,d3e4,375,390,d3c4,0.0148,0.0105,0.0076,0.007,d3c4,d3c4,d3c4,d3c4,446.0,0.0148,-0.0078,True,club,03_disagreements,2054,2181,2181,False,True,0,bishop,False,False,True,middlegame,False,True,False,False,False
3q2k1/pQp2p1p/6pB/8/1Pb5/P1b2B2/5PPP/6K1 b - - 1 22,44,UGZv44oL,c3d2,-10,8,a7a5,0.0208,0.0205,0.0182,0.0162,c3g7,c3g7,c3g7,c3g7,175.0,0.0208,-0.0046,True,club,03_disagreements,2054,2181,2181,False,True,5,bishop,False,False,True,endgame,True,False,False,False,False
2k3rr/pp3pp1/2q1p3/2ppP2p/3P1P1Q/2P5/PP1BN3/R5K1 b - - 0 22,44,oolVGWz8,c5c4,19,0,c5d4,0.0396,0.031,0.026,0.0206,g7g5,g7g5,g7g5,g7g5,129.0,0.0396,-0.019,True,club,03_disagreements,1979,1961,1961,False,True,7,pawn,False,False,True,middlegame,True,False,True,False,False
r1b1r1k1/2qn1p2/2p4Q/pp2p3/4N2b/PB5P/1PP2PP1/3R1RK1 b - - 0 20,40,kTEvY7pu,d7f6,-512,44,c7d8,0.0058,0.0044,0.0031,0.0012,h4e7,h4e7,h4e7,h4e7,1480.0,0.0058,-0.0046,True,club,03_disagreements,1829,1822,1822,False,True,6,knight,False,False,True,middlegame,True,False,False,False,False
r1br2k1/5p2/2p1nQ2/1p2p3/p7/P6P/BPP2PP1/4R1K1 b - - 1 26,52,kTEvY7pu,b5b4,-621,26,c6c5,0.0102,0.0047,0.0027,0.0023,d8d2,d8d2,d8d2,d8d2,165.0,0.0102,-0.0079,True,club,03_disagreements,1829,1822,1822,False,True,1,pawn,False,False,True,middlegame,True,False,True,False,False
2r5/5ppk/7p/3PPp2/3q3P/1p6/1Pb2RQP/6K1 b - - 5 34,68,8F9PUpX6,c2d3,1988,1151,d4e5,0.0034,0.0023,0.0016,0.0014,d4e5,c2e4,c2e4,c2e4,937.0,0.0034,-0.002,True,club,03_disagreements,1897,1835,1835,False,True,4,bishop,False,False,True,endgame,False,True,False,False,False
2r5/5ppp/4k3/4p3/8/1KB2P2/1P4PP/2N5 b - - 2 26,52,y2nrDib7,h7h5,-188,11,e6d5,0.008,0.0093,0.0125,0.0172,c8b8,e6d5,f7f5,f7f5,109.0,0.0172,0.0092,True,club,03_disagreements,2043,1966,1966,False,True,7,pawn,False,False,True,endgame,True,False,True,False,False
2kr3r/p1p3pp/1np1b3/4p3/1bP1Pp2/1P3P2/P1KNNBPP/R2R4 b - - 3 16,32,VHHDCEEk,b4a3,-80,6,d8d7,0.0112,0.0084,0.0051,0.003,d8d7,d8d7,d8d7,d8d7,102.0,0.0112,-0.0082,True,club,03_disagreements,2078,2123,2123,False,True,2,bishop,False,False,True,middlegame,True,False,False,False,False
r4r1k/pp1qp2p/2n1b3/3pPp2/5N2/8/PP4PP/R1BQ1RK1 b - - 2 18,36,FxQQNTxi,d5d4,40,30,f8g8,0.0403,0.0247,0.0195,0.0251,c6e5,c6e5,c6e5,c6e5,526.0,0.0403,-0.0152,True,club,03_disagreements_b2,2027,2036,2036,False,True,2,pawn,False,False,True,middlegame,True,False,True,False,False
7k/pp5p/2n1p3/3qPpB1/3p4/5R1P/PP4K1/4R3 b - - 1 28,56,FxQQNTxi,h8g7,392,6,h8g7,0.0151,0.0215,0.0281,0.0371,c6e5,c6e5,c6e5,c6e5,560.0,0.0371,0.022,True,club,03_disagreements_b2,2027,2036,2036,True,False,4,king,False,False,True,endgame,True,False,False,True,False
1b3rk1/1p2n3/p2qb3/4p1pp/2Pp2P1/1B2NP2/PP2Q1KP/3R1R2 b - - 0 28,56,reurrcYS,e5e4,128,128,d6c6,0.0366,0.0313,0.0262,0.0225,h5g4,h5g4,h5g4,h5g4,292.0,0.0366,-0.0141,True,club,03_disagreements_b2,2049,2020,2020,False,True,0,pawn,False,False,True,middlegame,True,False,True,False,False
3Q4/1r5r/k1q1p2p/PpPp1Pp1/3B4/8/P5PP/3RR2K b - - 6 32,64,lRjkJLbh,b7e7,-721,8,a6a7,0.0066,0.0055,0.0045,0.0038,e6f5,e6f5,e6f5,e6f5,1272.0,0.0066,-0.0028,True,club,03_disagreements_b2,1872,1861,1861,False,True,1,rook,False,False,True,middlegame,False,False,False,False,False
r1r3k1/5p2/5qnp/1p2p1bR/3pP1P1/1P1P1PK1/4N1N1/1Q5R b - - 0 34,68,dW2TqdCT,a8a6,380,19,a8a6,0.0102,0.0126,0.0167,0.0265,g6f4,g8g7,g8g7,g8g7,103.0,0.0265,0.0163,True,club,03_disagreements_b2,2168,2331,2331,True,False,0,rook,False,False,True,middlegame,True,False,False,False,False
r1r3k1/4pp1p/p2pqnpQ/1p6/3BP3/2P4P/PP3PP1/R3R1K1 b - - 3 18,36,u8bu4tZk,f6e8,-125,22,c8c4,0.0079,0.0079,0.0138,0.0457,c8c4,c8c4,c8c4,c8c4,106.0,0.0457,0.0378,True,club,03_disagreements_b2,1978,1955,1955,False,True,2,knight,False,False,True,middlegame,False,True,False,False,False
r1bq1rk1/5ppp/p1n1pn2/1pb5/4N3/2PB1N1P/PP2QPP1/R1B2RK1 b - - 0 12,24,lZZTgk7H,f6d7,-211,89,c5e7,0.0015,0.0008,0.0004,0.0003,f6e4,f6e4,f6e4,f6e4,213.0,0.0015,-0.0012,True,club,03_disagreements_b2,2074,2094,2094,False,True,3,knight,False,False,True,opening,False,True,False,False,False
5rk1/p1r4p/bp2N1P1/2p1qp2/8/P1n1Q3/2B2PP1/R3K2R b KQ - 1 24,48,LbdNUX8G,c3e4,94,444,c3e4,0.0275,0.0164,0.0121,0.0122,e5e3,e5e3,e5e3,e5e3,421.0,0.0275,-0.0153,True,club,03_disagreements_b2,2012,1982,1982,True,False,6,knight,False,False,True,middlegame,False,True,False,False,False
r1r3k1/1p3ppp/2p1Pn2/1p6/4P3/1BP4P/P4PP1/R3R1K1 b - - 0 22,44,d1nWp79K,g8f8,-268,81,f7e6,0.0071,0.008,0.0105,0.0155,f7e6,f7e6,f7e6,f7e6,210.0,0.0155,0.0084,True,club,03_disagreements_b2,1967,1825,1825,False,True,5,king,False,False,True,endgame,False,False,False,True,False
r5k1/3q1ppp/2pb1n2/p2P4/P1P5/N5Pb/1P3P1P/R1B1QRK1 b - - 0 16,32,m2bgZklz,d7f5,273,64,d6a3,0.0084,0.0065,0.0061,0.009,h3f1,h3f1,h3f1,h3f1,341.0,0.009,0.0006,True,club,03_disagreements_b2,1986,1995,1995,False,True,0,queen,False,False,True,middlegame,True,False,False,False,False
rn3rk1/2qb2pp/pp2N3/2P3N1/8/4QP2/P4K1P/2R4R b - - 2 22,44,qRIl7qu2,f8f3,-534,37,d7e6,0.0128,0.0126,0.0105,0.0085,d7e6,d7e6,d7e6,d7e6,108.0,0.0128,-0.0043,True,club,03_disagreements_b2,2071,2168,2168,False,True,6,rook,True,True,False,middlegame,True,False,False,False,False
5rk1/pp2b1pp/8/4p3/4N3/PP1Pp1PP/1P6/4R1K1 b - - 2 24,48,uILNQowt,e7d8,0,5,f8c8,0.008,0.0071,0.0054,0.0045,f8f3,f8f3,f8f3,f8f3,110.0,0.008,-0.0035,True,club,03_disagreements_b2,1839,1854,1854,False,True,5,bishop,False,False,True,endgame,False,True,False,False,False
4b3/5p1N/2k5/1pP4P/1K3p2/P7/5PP1/8 b - - 0 34,68,4VkMOjQc,c6c7,-766,25,f7f5,0.0254,0.0223,0.0199,0.0228,c6d5,c6d5,c6d5,c6d5,169.0,0.0254,-0.0026,True,club,03_disagreements_b2,1923,1866,1866,False,True,1,king,False,False,True,endgame,False,True,False,True,False
r1b2rk1/2b2ppp/p3pn2/1P1pn3/1P6/2N3QP/2P1N1P1/R3KB1R b KQ - 0 18,36,NBLusDr8,c7d6,-290,15,a8a7,0.0236,0.0251,0.0221,0.0244,e5d3,e5d3,e5d3,e5d3,213.0,0.0251,0.0008,True,club,03_disagreements_b2,1983,1961,1961,False,True,7,bishop,False,False,True,middlegame,True,False,False,False,False
1r1q1r1k/p1pbb1pn/Q1np3p/8/3PB3/5N1P/PP3PP1/RNB1R1K1 b - - 2 16,32,96k4QOHe,d6d5,76,213,b8b6,0.0136,0.0069,0.0042,0.0039,b8b6,b8b6,b8b6,c6b4,217.0,0.0136,-0.0097,True,club,03_disagreements_b2,2142,2040,2040,False,True,2,pawn,False,False,True,middlegame,True,False,True,False,False
4r2k/1ppb2qp/p6p/3P4/4B3/3Q2RP/PP4P1/6K1 b - - 5 28,56,2mnGPS7t,g7f6,-114,130,g7e7,0.0272,0.026,0.0211,0.0178,g7e7,g7e7,g7e7,g7e7,132.0,0.0272,-0.0094,True,club,03_disagreements_b2,1850,1850,1850,False,True,5,queen,False,False,True,endgame,True,False,False,False,False
3k3r/3brp2/1q3b1p/1p1Q1Pp1/3P2P1/PR5P/6K1/1B1N1R2 b - - 0 28,56,mZpxsPpE,b6c6,215,141,d8c7,0.0494,0.0466,0.0408,0.04,f6d4,f6d4,f6d4,f6d4,343.0,0.0494,-0.0094,True,club,03_disagreements_b2,1887,1920,1920,False,True,0,queen,False,False,True,middlegame,False,False,False,False,False
rnb1k2r/pp2nppp/2p2b2/q2P4/2BN1B2/2N5/PPP2PPP/R2Q1RK1 b kq - 0 10,20,oFogTQoA,a5c5,-172,8,c6d5,0.0168,0.0129,0.0094,0.0081,c6d5,c6d5,c6d5,c6d5,102.0,0.0168,-0.0087,True,club,03_disagreements_b2,1954,1834,1834,False,True,6,queen,False,False,True,opening,False,False,False,False,False
q3kb1r/3bnpp1/3p1n1p/4p3/2B1P3/5N2/1P1N1PPP/2BQ1RK1 b k - 0 16,32,pLlA59fC,a8b8,-11,1,f6e4,0.0014,0.001,0.0007,0.0005,f6e4,f6e4,f6e4,f6e4,305.0,0.0014,-0.0009,True,club,03_disagreements_b2,1902,1829,1829,False,True,2,queen,False,False,True,middlegame,False,False,False,False,False
4kb1r/3bnpp1/3p3p/4p3/2B1q3/1Q3N2/1P3PPP/2B2RK1 b k - 1 18,36,pLlA59fC,e4f5,-199,61,d6d5,0.0158,0.0175,0.0163,0.0127,d6d5,d6d5,d6d5,d6d5,300.0,0.0175,-0.0031,True,club,03_disagreements_b2,1902,1829,1829,False,True,6,queen,False,False,True,middlegame,False,True,False,False,False
1Qn1kb1r/3b1pp1/7p/1B1pp3/4q3/5N2/1P3PPP/2B2RK1 b k - 3 20,40,pLlA59fC,e8d8,-519,1,e4f5,0.0129,0.0093,0.0075,0.0069,f8d6,f8d6,f8d6,f8d6,1477.0,0.0129,-0.006,True,club,03_disagreements_b2,1902,1829,1829,False,True,6,king,False,False,True,middlegame,False,False,False,True,False
3b1k1r/2q2pp1/b1pNp3/2PnP3/8/B5P1/1P3PB1/3QR1K1 b - - 4 26,52,ddkf3KbK,g7g5,-298,36,c7e7,0.02,0.0174,0.0165,0.0171,c7a5,d8e7,d8g5,d8g5,184.0,0.02,-0.0029,True,club,03_disagreements_b2,2058,2035,2035,False,True,6,pawn,False,False,True,middlegame,True,False,True,False,False
5k1r/1Qb1qp2/2PNp1p1/3nP3/8/B2b2P1/1P3PB1/4R1K1 b - - 0 30,60,ddkf3KbK,f8g8,-517,43,f8g8,0.0243,0.0255,0.0233,0.0245,f8g7,f8g7,f8g7,f8g7,124.0,0.0255,0.0002,True,club,03_disagreements_b2,2058,2035,2035,True,False,1,king,False,False,True,middlegame,False,False,False,True,False
r2r2k1/RpQ3pp/5p2/3P1n2/2P5/7P/2bB2P1/6K1 b - - 0 28,56,2LfMlX64,h7h5,-365,8,a8c8,0.0019,0.0015,0.0016,0.0026,a8a7,a8a7,a8a7,a8a7,422.0,0.0026,0.0007,True,club,03_disagreements_b2,2033,1933,1933,False,True,6,pawn,False,False,True,middlegame,True,False,True,False,False
6k1/1p3pp1/pQ1N2np/3P4/8/3K2Bq/PP1R1Pn1/2r5 b - - 1 32,64,kiKZ7Ith,g6e5,863,218,g6e5,0.0193,0.015,0.0144,0.0154,g2e1,g2f4,g2f4,g2f4,471.0,0.0193,-0.0039,True,club,03_disagreements_b2,2082,2206,2206,True,False,4,knight,False,True,False,middlegame,True,False,False,False,False
4k1r1/pp2np1Q/4pp2/7p/3P3P/2r3P1/Pq3PB1/RR2K3 b - - 5 22,44,FJIKm6JU,c3e3,468,454,b2a3,0.0209,0.0216,0.0244,0.0281,b2a3,b2a3,b2a3,b2a3,461.0,0.0281,0.0072,True,club,03_disagreements_b2,1991,1995,1995,False,True,0,rook,False,True,False,middlegame,False,False,False,False,False
3q1rk1/1ppbbppp/3p1n2/r7/p2PP1P1/P1N2Q1P/1BP2PB1/R4RK1 b - - 0 16,32,6ddnhthl,h7h5,72,113,d8c8,0.0099,0.0108,0.0142,0.038,d7c6,d7c6,d7c6,d7c6,188.0,0.038,0.0281,True,club,03_disagreements_b2,1802,1821,1821,False,True,2,pawn,False,False,True,middlegame,True,False,True,False,False
4rr1k/2q4p/p2b2pN/1pp1np2/3P1B2/3P2QP/PP3RP1/2R3K1 b - - 0 30,60,S8IRhbd6,e5c4,-298,25,e5f7,0.0102,0.0101,0.0113,0.0146,e5d3,e5d3,e5d3,e5d3,191.0,0.0146,0.0044,True,club,03_disagreements_b2,1860,1869,1869,False,True,6,knight,False,False,True,middlegame,True,False,False,False,False
3r1rk1/1b3pb1/ppB2n1p/2p1N1p1/2N5/2P3P1/PP4PP/R3R1K1 b - - 1 18,36,MYYX6V2f,d8b8,-33,120,b7c6,0.0272,0.0313,0.0335,0.0234,b7c6,b7c6,b7c6,b7c6,198.0,0.0335,-0.0038,True,club,03_disagreements_b2,2048,2158,2158,False,True,2,rook,False,False,True,middlegame,False,False,False,False,False
3r4/8/R4nk1/2p4p/2N3pN/2b3PP/P3r1P1/5RK1 b - - 1 34,68,MYYX6V2f,g6h7,-34,35,g6f7,0.0049,0.0063,0.0076,0.009,g6g5,g6g5,g6g5,g6g5,157.0,0.009,0.0041,True,club,03_disagreements_b2,2048,2158,2158,False,True,5,king,False,False,True,middlegame,False,True,False,True,False
2r1r1k1/p4pp1/1q3b1p/3p1P2/3pn1N1/3Q4/PP4PP/R1B2R1K b - - 2 24,48,KbcAaLyv,f6e5,315,13,h6h5,0.0437,0.0401,0.0342,0.0265,f6g5,f6g5,f6g5,f6g5,120.0,0.0437,-0.0172,True,club,03_disagreements_b2,1912,1890,1890,False,True,0,bishop,False,False,True,middlegame,True,False,False,False,False
6k1/p4pp1/1q6/3p1P1p/3p2nB/1P5Q/P1r1r1PP/R5RK b - - 4 30,60,KbcAaLyv,c2c3,672,4,g4e3,0.0319,0.0272,0.0223,0.02,d4d3,d4d3,d4d3,d4d3,274.0,0.0319,-0.0119,True,club,03_disagreements_b2,1912,1890,1890,False,True,4,rook,False,False,True,middlegame,False,True,False,False,False
6k1/p1q2pp1/5P2/3p3p/3p4/1P2n1BQ/P1r1r1PP/R5RK b - - 2 32,64,KbcAaLyv,c7c8,314,76,c7c6,0.0208,0.024,0.025,0.0258,c7c3,c7c3,c7c3,c7c3,101.0,0.0258,0.005,True,club,03_disagreements_b2,1912,1890,1890,False,True,0,queen,False,False,True,middlegame,False,True,False,False,False
5rk1/5ppp/3Q4/8/1P1PpPb1/2N1P1P1/1B1q2P1/R5K1 b - - 2 30,60,KwwzPjCa,g4f3,561,304,d2b2,0.002,0.0009,0.0004,0.0002,d2b2,d2b2,d2b2,d2b2,268.0,0.002,-0.0018,True,club,03_disagreements_b2,1841,1884,1884,False,True,7,bishop,False,False,True,middlegame,True,False,False,False,False
6k1/Q4p1p/3Np1p1/3n4/3P4/7P/5PPK/1rr5 b - - 1 28,56,aIr3ukrN,d5c7,-61,460,c1c7,0.0086,0.0085,0.0068,0.0054,c1h1,c1h1,c1c7,c1c7,592.0,0.0086,-0.0032,True,club,03_disagreements_b2,1826,1899,1899,False,True,5,knight,False,False,True,endgame,False,True,False,False,False
r1b2rk1/p1p2ppp/1nppq3/4P3/2P5/1P1B1N2/P2Q1PPP/R3K2R b KQ - 1 14,28,98ulg688,e6e7,-16,1,h7h6,0.0021,0.0015,0.0011,0.001,d6e5,d6e5,d6e5,d6e5,149.0,0.0021,-0.0011,True,club,03_disagreements_b2,2457,2499,2499,False,True,3,queen,False,False,True,middlegame,False,True,False,False,False
2kr4/pp1r1p2/1q1b4/2p2Q1p/7P/1PP3P1/P3PP2/RN2K2R b KQ - 0 18,36,2d8BEu6p,b6c7,-124,25,b6c6,0.0409,0.0366,0.03,0.0271,c5c4,c5c4,b6c6,c5c4,205.0,0.0409,-0.0138,True,club,03_disagreements_b2,1841,1824,1824,False,True,5,queen,False,False,True,middlegame,False,True,False,False,False
7r/pp1r1p2/2k5/2p5/6QP/1PN1P3/P4P2/R4RK1 b - - 0 26,52,2d8BEu6p,h8h6,-741,40,d7d8,0.0269,0.0312,0.0389,0.0435,f7f5,f7f5,f7f5,f7f5,256.0,0.0435,0.0166,True,club,03_disagreements_b2,1841,1824,1824,False,True,1,rook,False,False,True,endgame,True,False,False,False,False
rn1q1rk1/1p1bnppp/Pb2p3/3pP3/P4B2/2PB1N2/5PPP/RN1QK2R b KQ - 0 12,24,C7RCmAI9,e7g6,-65,4,b8a6,0.0005,0.0009,0.0015,0.0014,b8a6,b8a6,b8a6,b8a6,123.0,0.0015,0.0009,True,club,03_disagreements_b2,1859,1876,1876,False,True,3,knight,False,False,True,opening,True,False,False,False,False
1r2kb1r/p1p1pppp/1q6/8/5B2/2P2Q1P/PP3PP1/RN3RK1 b k - 0 14,28,MyxzEAko,e7e5,-516,11,b6b2,0.0286,0.0175,0.0137,0.0167,b6b2,b6b2,b6b2,b6b2,1481.0,0.0286,-0.0119,True,club,03_disagreements_b2,1895,1836,1836,False,True,1,pawn,False,False,True,middlegame,True,False,True,False,False
2rr1bk1/6pp/2np4/1p1Npp2/8/1P2P3/PB1RKPPP/2R5 b - - 3 22,44,PE1YjHbJ,c6b8,-107,53,c6e7,0.004,0.0038,0.0045,0.0064,c6e7,c6e7,c6e7,g8f7,314.0,0.0064,0.0024,True,club,03_disagreements_b2,2193,2195,2195,False,True,5,knight,False,False,True,middlegame,False,True,False,False,False
3r2k1/4qp2/pp5Q/3pn1p1/P1p5/2P1PrP1/1P1RNPK1/R7 b - - 0 30,60,VT6M1PEO,f3f2,596,131,f3f2,0.0025,0.0025,0.0026,0.0032,d8d6,e7f6,e7f6,e7f6,620.0,0.0032,0.0007,True,club,03_disagreements_b2,2184,2114,2114,True,False,0,rook,True,True,False,middlegame,True,False,False,False,False
2r2r2/1pqn1k2/p3p3/3p1PQ1/3Pb3/PBP4P/1P4P1/4RRK1 b - - 0 22,44,ksbz2UkN,c7d6,-541,8,f8g8,0.0034,0.0027,0.0029,0.0042,f7e8,f7e8,f8g8,f8g8,1446.0,0.0042,0.0008,True,club,03_disagreements_b2,1852,1850,1850,False,True,6,queen,False,False,True,middlegame,True,False,False,False,False
rn1q1rk1/p1p3pp/1p1p4/3b1p2/3Nn3/2P1P1P1/PQ3PBP/R1B2RK1 b - - 3 14,28,jnuTUcZ1,d8e8,156,4,d8e8,0.0099,0.0068,0.0049,0.0062,c7c5,c7c5,c7c5,c7c5,107.0,0.0099,-0.0037,True,club,03_disagreements_b2,1814,1817,1817,True,False,2,queen,False,False,True,middlegame,False,False,False,False,False
rnbqr1k1/p1p2pp1/1p1b1n1p/3PN3/2PP1p2/2N5/PP2B1PP/R1BQ1RK1 b - - 1 10,20,3FQi7QTZ,g7g5,-81,117,d6e5,0.0468,0.0279,0.0213,0.0195,d6e5,d6e5,d6e5,d6e5,208.0,0.0468,-0.0273,True,club,03_disagreements_b2,2108,2020,2020,False,True,3,pawn,False,False,True,opening,True,False,True,False,False
8/6p1/p1n1p1kp/1pBp1p2/1P1P3P/PR2PKP1/r4P2/8 b - - 4 34,68,YWzTSfDP,c6b8,34,12,g6h5,0.012,0.0135,0.0149,0.0186,h6h5,h6h5,h6h5,h6h5,122.0,0.0186,0.0066,True,club,03_disagreements_b2,1890,1841,1841,False,True,0,knight,False,False,True,endgame,False,True,False,False,False
r1bqk2r/ppp3pp/1n1ppn2/6B1/3P1N2/3Q4/PPP1PPB1/2KR3R b kq - 4 12,24,JAhZNZdU,d8d7,-321,45,c7c6,0.03,0.0255,0.0229,0.0174,h7h6,c8d7,c8d7,c8d7,132.0,0.03,-0.0126,True,club,03_disagreements_b2,1902,1963,1963,False,True,6,queen,False,False,True,opening,True,False,False,False,False
8/ppkb2Q1/2ppp3/8/1qn5/8/PPP2PB1/2K4R b - - 3 26,52,JAhZNZdU,e6e5,334,300,a7a5,0.0373,0.0303,0.031,0.032,b4d2,b4d2,b4d2,b4d2,295.0,0.0373,-0.0053,True,club,03_disagreements_b2,1902,1963,1963,False,True,0,pawn,False,False,True,endgame,True,False,True,False,False
r4k2/ppp2p2/2n3p1/2R5/6N1/2B2P2/PP3KPP/3r4 b - - 12 26,52,l6JkO8RR,f7f5,227,8,a8d8,0.0491,0.0389,0.0379,0.0415,d1c1,d1c1,d1c1,d1c1,224.0,0.0491,-0.0076,True,club,03_disagreements_b2,1928,1816,1816,False,True,0,pawn,False,False,True,endgame,True,False,True,False,False
2r3k1/pp1bbpp1/1q2p2p/3pPn2/2rP1B2/P1NQ1N1P/1P3PP1/1R1R2K1 b - - 4 18,36,IyUSUvwP,e7a3,85,5,a7a5,0.0422,0.0391,0.04,0.0455,d7b5,d7b5,b6b3,b6b3,271.0,0.0455,0.0033,True,club,03_disagreements_b2,2218,2215,2215,False,True,2,bishop,True,False,False,middlegame,True,False,False,False,False
rn5Q/p3kp2/1p1rb1qB/2p5/2B5/8/PPP3PP/4R2K b - - 7 30,60,bKmPWZev,b8d7,447,27,d6d8,0.0144,0.0153,0.0183,0.02,g6c2,g6c2,g6c2,g6c2,894.0,0.02,0.0056,True,club,03_disagreements_b2,2038,1983,1983,False,True,6,knight,False,False,True,middlegame,True,False,False,False,False
1nq2rk1/QR4pp/2p1p1b1/8/2N1pp2/2P1P3/P4PPP/R5K1 b - - 0 20,40,zPCxZkut,g8h8,-545,9,f4e3,0.0052,0.004,0.0031,0.003,f4e3,f4e3,f8f7,f8f7,111.0,0.0052,-0.0022,True,club,03_disagreements_b2,1967,1970,1970,False,True,1,king,False,False,True,middlegame,False,False,False,True,False
2r3k1/p4p1p/1p2p1pQ/8/P2P4/7P/1q3PP1/3R2K1 b - - 0 30,60,EgHAeJLD,b2a3,385,6,b2b4,0.027,0.0284,0.0243,0.0181,b2c2,b2c2,b2c2,b2e2,146.0,0.0284,-0.0089,True,club,03_disagreements_b2,1919,1938,1938,False,True,4,queen,False,False,True,endgame,False,True,False,False,False
3r2k1/7p/1pP3p1/2p2p2/4p3/PP5P/2R2KP1/3R4 b - - 0 32,64,GEBRqzeZ,d8c8,-514,15,d8d1,0.0197,0.0084,0.0035,0.0018,d8d1,d8d1,d8d1,d8d1,153.0,0.0197,-0.0179,True,club,03_disagreements_b2,1957,2103,2103,False,True,5,rook,False,False,True,endgame,False,False,False,False,False
r1k4r/1p3Rpp/pq4n1/3pP3/P2P4/6RP/1P1B2P1/4Q1K1 b - - 0 22,44,hAdZLTQ6,c8b8,-506,10,b6d4,0.0213,0.0298,0.029,0.0243,b6d4,b6d4,b6d4,b6d4,135.0,0.0298,0.003,True,club,03_disagreements_b2,1817,1953,1953,False,True,1,king,False,False,True,middlegame,False,False,False,True,False
6k1/5ppp/p1q2b2/1p6/2r1p3/PNP4P/1P4P1/3Q1R1K b - - 1 28,56,dUHFQzzR,c6e8,229,2,e4e3,0.0075,0.0094,0.0095,0.01,e4e3,e4e3,h7h6,h7h6,301.0,0.01,0.0025,True,club,03_disagreements_b2,2050,2068,2068,False,True,0,queen,False,False,True,endgame,False,True,False,False,False
r6k/1Q4pp/p2p4/2b5/7q/3p1P1P/PP3P2/R4RK1 b - - 0 22,44,7TZSIWlZ,h4g3,308,233,a8f8,0.0299,0.0282,0.0215,0.0191,a8f8,a8f8,a8f8,a8f8,239.0,0.0299,-0.0108,True,club,03_disagreements_b2,1898,1950,1950,False,True,0,queen,False,True,False,endgame,True,False,False,False,False
7k/6p1/p2p3p/2b2r2/8/3p1PQ1/4qPK1/3RR3 b - - 7 32,64,7TZSIWlZ,e2a2,134,10,e2c2,0.0399,0.0293,0.0215,0.0216,f5g5,f5g5,f5g5,f5g5,133.0,0.0399,-0.0183,True,club,03_disagreements_b2,1898,1950,1950,False,True,0,queen,False,False,True,endgame,False,False,False,False,False
r4rk1/pp1q1ppp/1n3b2/3B4/8/2N2Q1P/PP3PP1/2RR2K1 b - - 0 18,36,YOyuPCPa,d7e7,-143,24,b6d5,0.0091,0.0085,0.0126,0.0198,b6d5,b6d5,b6d5,b6d5,261.0,0.0198,0.0107,True,club,03_disagreements_b2,2244,2251,2251,False,True,5,queen,False,False,True,middlegame,False,False,False,False,False
1k4r1/ppp5/3p4/1P2nBr1/P4KP1/8/6P1/2R5 b - - 0 34,68,EJppShLe,g5g4,565,43,g5g4,0.0362,0.0393,0.0427,0.0472,e5g4,e5g4,e5g4,e5g4,111.0,0.0472,0.011,True,club,03_disagreements_b2,1831,1900,1900,True,False,4,rook,True,True,False,endgame,True,False,False,False,False
r1b2q1k/bp2n1p1/p4p1p/3p3P/PP1P1B1N/8/2Q2PP1/R3R1K1 b - - 3 28,56,0j3Fv3Cv,c8f5,-557,2,c8g4,0.0138,0.0067,0.0029,0.0014,a7d4,a7d4,a7d4,a7d4,184.0,0.0138,-0.0124,True,club,03_disagreements_b2,2265,2152,2152,False,True,1,bishop,False,False,True,middlegame,True,False,False,False,False
r1bqr1k1/ppp2ppp/2n5/3p4/3Pn3/1B1Q1N2/PB3PPP/R3R1K1 b - - 3 14,28,GxSKeh0D,c6a5,254,24,c8f5,0.0043,0.006,0.0105,0.0184,c8f5,c8f5,c8f5,c8f5,101.0,0.0184,0.0141,True,club,03_disagreements_b2,1830,1872,1872,False,True,0,knight,False,False,True,middlegame,True,False,False,False,False
1r1qr1k1/ppp2ppp/2n5/1Q1B1b2/3Pn3/5N2/PB3PPP/R3R1K1 b - - 0 16,32,GxSKeh0D,f5g6,61,8,e4d6,0.0031,0.0041,0.005,0.0052,a7a6,a7a6,a7a6,a7a6,417.0,0.0052,0.0021,True,club,03_disagreements_b2,1830,1872,1872,False,True,2,bishop,False,False,True,middlegame,False,True,False,False,False
4r1k1/p4ppp/1q6/3R4/3Q4/5P2/PP2bKPP/2r2B1R b - - 3 22,44,uam9VKbo,b6b8,169,38,c1c2,0.0015,0.0015,0.0015,0.0017,b6d4,b6d4,b6d4,b6d4,169.0,0.0017,0.0002,True,club,03_disagreements_b2,1841,1828,1828,False,True,0,queen,False,False,True,middlegame,False,True,False,False,False
r2q1rk1/pp2bpp1/2np1n1p/4p3/1PB1P1b1/P1N1QN2/5PPP/R1BR2K1 b - - 2 12,24,zaCd3KRk,a8c8,146,5,a8c8,0.0274,0.0207,0.0225,0.0332,c6d4,a7a6,a7a6,g4f3,154.0,0.0332,0.0058,True,club,03_disagreements_b2,1815,1808,1808,True,False,2,rook,False,False,True,opening,False,False,False,False,False
r1b1kn1r/ppq1bpp1/2p2n1p/4p3/4P3/1BN1BN1P/PPP1QPP1/R2R2K1 b kq - 6 12,24,73nBAVJH,f8e6,-45,33,f8g6,0.0069,0.0059,0.0074,0.0078,g7g5,g7g5,g7g5,g7g5,198.0,0.0078,0.0009,True,club,03_disagreements_b2,2135,2106,2106,False,True,3,knight,False,False,True,opening,True,False,False,False,False
r5k1/p4pp1/1p1Bqbnp/4p3/2r1P3/Q6P/1PPR1PP1/3RN1K1 b - - 4 28,56,73nBAVJH,f6g5,129,56,c4e4,0.0237,0.0198,0.0158,0.0133,c4e4,c4e4,c4e4,c4e4,306.0,0.0237,-0.0104,True,club,03_disagreements_b2,2135,2106,2106,False,True,0,bishop,False,False,True,middlegame,True,False,False,False,False
5k1r/QBp5/5pp1/1b6/3PP3/P1K2N1n/1P3qP1/R3R3 b - - 5 32,64,L07w87Bo,c7c6,-518,43,f2g2,0.0035,0.0029,0.0026,0.0029,h3f4,h3f4,h3f4,h3f4,185.0,0.0035,-0.0006,True,club,03_disagreements_b2,1854,1930,1930,False,True,1,pawn,False,False,True,middlegame,True,False,True,False,False
1k5r/p1r5/q1PN1p2/1p1pp1p1/bQ3P1p/2P1P2P/1K4PB/R7 b - - 1 34,68,DbYc1h1I,g5f4,350,90,a6c6,0.042,0.0283,0.0234,0.023,a6c6,a6c6,a6c6,a6c6,167.0,0.042,-0.019,True,club,03_disagreements_b2,1876,1963,1963,False,True,0,pawn,True,False,False,middlegame,True,False,True,False,False
r1b2rk1/2q1bppp/p1nppn2/1p6/3PP3/P1NBBN1P/1P3PP1/2RQ1RK1 b - - 1 12,24,hly3EFB7,b5b4,-133,8,c8b7,0.0204,0.0099,0.005,0.0023,c8b7,c8b7,c8b7,c8b7,118.0,0.0204,-0.0181,True,club,03_disagreements_b2,1947,1891,1891,False,True,3,pawn,False,False,True,opening,True,False,True,False,False
2rbr1k1/1b1q1ppp/p1np1n2/1p1NP3/1P2PPP1/P2QB2P/7N/1BR2RK1 b - - 0 20,40,hly3EFB7,c6e5,-306,43,d6e5,0.0173,0.016,0.0126,0.0097,d6e5,d6e5,d6e5,d6e5,358.0,0.0173,-0.0076,True,club,03_disagreements_b2,1947,1891,1891,False,True,6,knight,True,False,False,middlegame,True,False,False,False,False
1rb1nrk1/p4pp1/1p1q3p/2pPp2B/P1P1P3/2P3BP/1RQ2PP1/6RK b - - 2 24,48,Uo4SifHY,a7a5,-178,5,e8f6,0.0272,0.0193,0.0162,0.0125,e8f6,e8f6,e8f6,f7f5,133.0,0.0272,-0.0147,True,club,03_disagreements_b2,1840,1867,1867,False,True,2,pawn,False,False,True,middlegame,True,False,True,False,False
5rk1/3b2p1/1R1n2qp/p1pPp3/2P1Pp2/2PQ1B1P/5PPB/7K b - - 0 34,68,Uo4SifHY,d6e4,267,254,f8a8,0.0025,0.0019,0.0013,0.0007,a5a4,a5a4,a5a4,a5a4,278.0,0.0025,-0.0018,True,club,03_disagreements_b2,1840,1867,1867,False,True,2,knight,True,False,False,middlegame,True,False,False,False,False
2r5/pp2k1N1/2n1b2p/3pPp2/3P1P2/P3KNP1/1P6/2R5 b - - 1 28,56,LXAvbt8Y,c6e5,-149,160,e6d7,0.0074,0.0044,0.0033,0.0028,c8g8,c8g8,c8g8,c8g8,161.0,0.0074,-0.0046,True,club,03_disagreements_b2,1953,1850,1850,False,True,5,knight,True,False,False,endgame,True,False,False,False,False
r5k1/pp1r2p1/7p/3bPp2/3P4/BP1RN2P/P5P1/6K1 b - - 8 28,56,hOXRdMar,g8f7,173,65,d5e4,0.0035,0.0025,0.0018,0.002,d5e4,d5e4,d5e4,d5e4,104.0,0.0035,-0.0015,True,club,03_disagreements_b2,2081,1970,1970,False,True,5,king,False,False,True,endgame,True,False,False,True,False
2k1r2r/1Rp2pp1/p5b1/2bp4/7p/2NP1PqP/2PB2P1/1R3Q1K b - - 0 28,56,Wawnp3vR,g3f2,-123,41,c5b6,0.01,0.0119,0.0134,0.0145,c8d7,c8d7,c5b6,c5b6,194.0,0.0145,0.0045,True,club,03_disagreements_b2,2082,2028,2028,False,True,6,queen,False,False,True,middlegame,True,False,False,False,False
5r2/1pkr2q1/2nb1p2/1QpBp3/2P4p/P1BP4/5RPP/5RK1 b - - 1 30,60,KWbLArvl,c7d8,-299,74,c6d4,0.0248,0.0297,0.034,0.0381,h4h3,h4h3,h4h3,h4h3,244.0,0.0381,0.0133,True,club,03_disagreements_b2,2369,2352,2352,False,True,6,king,False,False,True,middlegame,False,True,False,True,False
r4rk1/1Qp2ppp/p7/4P3/8/7P/qPP3P1/2KR1R2 b - - 0 20,40,Q0uDy45N,a8d8,552,129,a2a1,0.02,0.0124,0.0077,0.0076,a2a1,a2a1,a8b8,a8b8,103.0,0.02,-0.0124,True,club,03_disagreements_b2,1889,2222,2222,False,True,0,rook,False,False,True,endgame,False,False,False,False,False
3r2k1/pp4pp/3p2r1/5b2/3p4/N2P3P/PP3PP1/3RRK2 b - - 9 22,44,EBKZKQ1B,g6g5,-118,26,f5d7,0.021,0.016,0.0094,0.0063,d6d5,a7a6,a7a6,a7a6,101.0,0.021,-0.0147,True,club,03_disagreements_b2,2301,1808,1808,False,True,5,rook,False,False,True,endgame,True,False,False,False,False
5rk1/4bppp/q3p2B/p2pPP1P/b2N1QP1/Pp1P4/1Pr5/1K1R3R b - - 4 24,48,udaIpNyp,a6c8,-160,47,g7h6,0.0037,0.003,0.0024,0.0022,e7a3,e7a3,e7a3,e7a3,270.0,0.0037,-0.0015,True,club,03_disagreements_b2,2918,2727,2727,False,True,6,queen,False,False,True,middlegame,False,True,False,False,False
r2q2k1/pbpn2r1/1p1p4/7Q/2PP2B1/2P1P3/5PPP/1RB2RK1 b - - 0 20,40,9rkhf8Yq,d8e7,-288,86,d7f6,0.004,0.0039,0.0035,0.0035,d7f6,d7f6,d7f6,d7f6,160.0,0.004,-0.0005,True,club,03_disagreements_b2,1952,1988,1988,False,True,6,queen,False,False,True,middlegame,True,False,False,False,False
r4kBQ/pbp3r1/1p1p1q2/8/2PP4/2P1P1P1/5P1P/1RB2RK1 b - - 0 24,48,9rkhf8Yq,f8e7,-316,139,f8e7,0.0167,0.0158,0.0144,0.0133,g7g8,g7g8,g7g8,g7g8,810.0,0.0167,-0.0034,True,club,03_disagreements_b2,1952,1988,1988,True,False,7,king,False,False,True,middlegame,True,False,False,True,False
r6r/pbp1k3/1p1pP3/8/2P5/2P1P1P1/5P1P/1RB2RK1 b - - 0 28,56,9rkhf8Yq,h8h2,-3,24,e7e6,0.0018,0.0028,0.0073,0.0213,e7e6,e7e6,e7e6,e7e6,186.0,0.0213,0.0195,True,club,03_disagreements_b2,1952,1988,1988,False,True,5,rook,True,False,False,endgame,True,False,False,False,False
7r/2p5/1p1pk3/p7/2r1P2P/2P2bP1/1B3P1K/R3R3 b - - 0 34,68,9rkhf8Yq,h8f8,35,22,h8h5,0.0155,0.0172,0.0236,0.0382,c4e4,c4e4,c4e4,c4e4,136.0,0.0382,0.0227,True,club,03_disagreements_b2,1952,1988,1988,False,True,5,rook,False,False,True,endgame,False,False,False,False,False
r4r2/1pp3pk/3p1p1p/1Pn2P2/2B1PK2/2PP4/8/R4R2 b - - 1 30,60,9qXAghd3,a8a4,-32,4,c5d7,0.0155,0.0208,0.025,0.0272,a8a1,a8a1,b7b6,b7b6,116.0,0.0272,0.0117,True,club,03_disagreements_b2,1837,1847,1847,False,True,5,rook,False,False,True,endgame,True,False,False,False,False
4rrk1/bppb1ppp/p1n5/4P3/1q1P4/1N1BB3/P4QPP/4RRK1 b - - 1 20,40,c1LfGk0G,f7f5,35,10,d7e6,0.0097,0.0103,0.0111,0.0136,d7e6,d7e6,d7e6,d7e6,115.0,0.0136,0.0039,True,club,03_disagreements_b2,2129,2085,2085,False,True,2,pawn,False,False,True,middlegame,True,False,True,False,False
N1b3nr/pp1pkppp/4p3/8/Pn3B2/3pPK2/q1P2PPP/3Q1BNR b - - 1 12,24,rmZUXXo2,d7d6,244,8,d3c2,0.0041,0.0039,0.0043,0.007,d3c2,d3c2,d3c2,d3c2,2235.0,0.007,0.0029,True,club,03_disagreements_b2,2039,2035,2035,False,True,7,pawn,False,False,True,opening,True,False,True,False,False
r4rk1/pp2qpp1/1np1p1b1/4B2B/7P/3P2Q1/PPP3P1/R4R1K b - - 0 20,40,YaYqEzP1,a8d8,-293,7,b6d7,0.0361,0.0259,0.0199,0.0167,g6h5,g6h5,b6d7,b6d7,148.0,0.0361,-0.0194,True,club,03_disagreements_b2,1861,1858,1858,False,True,6,rook,False,False,True,middlegame,False,False,False,False,False
2r1k3/3n1p2/2p1p3/1qPpP3/1p1P4/pP6/P1KN2Q1/3R4 b - - 2 32,64,NCPppfa5,d7e5,69,175,d7e5,0.0189,0.0151,0.0129,0.0108,e8e7,e8e7,e8e7,e8e7,444.0,0.0189,-0.0081,True,club,03_disagreements_b2,1957,1959,1959,True,False,5,knight,True,False,False,endgame,True,False,False,False,False
r1bqk2r/pp1p2pp/2n2p2/2b1pn2/8/2N1PNB1/PPP2PPP/R2QKB1R b KQkq - 2 8,16,bOMDZnK2,c5b4,43,9,f5g3,0.0196,0.0172,0.0181,0.031,f5g3,f5g3,f5g3,f5g3,104.0,0.031,0.0114,True,club,03_disagreements_b2,1894,1888,1888,False,True,3,bishop,False,False,True,opening,True,False,False,False,False
2rr4/p4pkp/5np1/8/3N1R2/6P1/PP3P1P/R5K1 b - - 2 24,48,9WcOnERm,d8d7,-30,3,d8d5,0.0131,0.0102,0.0095,0.0103,c8c4,c8c4,c8c4,c8c4,456.0,0.0131,-0.0028,True,club,03_disagreements_b2,2918,2781,2781,False,True,5,rook,False,False,True,endgame,True,False,False,False,False
8/p4pk1/5np1/7p/R7/1N1r2PP/PPr2P2/1R4K1 b - - 2 28,56,9WcOnERm,f6d7,-26,8,a7a5,0.0204,0.0139,0.0101,0.0107,d3f3,d3f3,d3f3,d3f3,341.0,0.0204,-0.0097,True,club,03_disagreements_b2,2918,2781,2781,False,True,5,knight,False,False,True,endgame,False,True,False,False,False
2R3k1/pq3np1/1p2Np1p/1P1p4/3P4/2Q1PP2/P5PP/6K1 b - - 0 34,68,M5sJG9UE,f7d8,-944,1048,g8h7,0.0185,0.008,0.0052,0.0051,g8h7,g8h7,g8h7,g8h7,1048.0,0.0185,-0.0134,True,club,03_disagreements_b2,1839,1851,1851,False,True,1,knight,False,False,True,endgame,False,True,False,False,False
r6k/ppp1r2p/3p1p2/2b1pP1Q/2Bn3P/3P4/PPPK1P1N/6R1 b - - 7 22,44,bsQlKSk2,d6d5,-508,76,c7c6,0.0318,0.0304,0.031,0.0339,e7g7,e7g7,c7c6,c7c6,293.0,0.0339,0.0021,True,club,03_disagreements_b2,1834,1819,1819,False,True,1,pawn,False,False,True,middlegame,True,False,True,False,False
6rk/p5rp/4Pp1N/1pp2P1Q/3bK2P/8/PP2R3/8 b - - 7 34,68,bsQlKSk2,a7a6,-851,83,g8e8,0.0022,0.0011,0.0007,0.0004,g8f8,g8f8,g8d8,g8d8,1141.0,0.0022,-0.0018,True,club,03_disagreements_b2,1834,1819,1819,False,True,1,pawn,False,False,True,endgame,True,False,True,False,False
3r2k1/4R1pp/1p6/3p4/1P1Pp3/4PP2/1r4PP/5RK1 b - - 0 26,52,lTqRAlYx,d8c8,-97,29,g8f8,0.0066,0.0042,0.0038,0.0055,b2b4,b2b4,b2b4,b2b4,199.0,0.0066,-0.0011,True,club,03_disagreements_b2,1981,1978,1978,False,True,5,rook,False,False,True,endgame,False,False,False,False,False
r2qkb1r/pp3ppp/2p1p3/3n2P1/3PN3/6QP/PPP5/2KR1B1R b kq - 2 14,28,OzHxYSgZ,d8b8,107,10,g7g6,0.0035,0.0055,0.0098,0.0159,f8e7,f8e7,f8e7,f8e7,176.0,0.0159,0.0124,True,club,03_disagreements_b2,2155,2025,2025,False,True,2,queen,False,False,True,middlegame,False,False,False,False,False
r6r/pp1qk1b1/2p1p1pP/3n4/3PN3/P5Q1/1PP1B3/2KR3R b - - 0 22,44,OzHxYSgZ,g7f6,-447,51,g7h6,0.024,0.0219,0.0181,0.0154,h8h6,h8h6,h8h6,h8h6,140.0,0.024,-0.0086,True,club,03_disagreements_b2,2155,2025,2025,False,True,6,bishop,False,False,True,middlegame,True,False,False,False,False
r2qr1k1/pp1nbppp/4bn2/3p2B1/5P2/1N1B3P/PPP1N1P1/R2Q1RK1 b - - 0 12,24,HW0MlOOH,d7b6,33,25,d7c5,0.0216,0.0243,0.0224,0.0159,h7h6,h7h6,h7h6,f6e4,349.0,0.0243,-0.0057,True,club,03_disagreements_b2,1945,1988,1988,False,True,2,knight,False,False,True,opening,True,False,False,False,False
1R6/pp3kp1/7p/3p2qN/8/3B3P/PbP3P1/7K b - - 2 28,56,HW0MlOOH,g5c1,831,255,g5c1,0.0374,0.0336,0.031,0.0308,g5h5,g5h5,g5h5,g5h5,496.0,0.0374,-0.0066,True,club,03_disagreements_b2,1945,1988,1988,True,False,4,queen,False,True,False,endgame,True,False,False,False,False
r1bq1rk1/pp3pb1/3p1npp/4p3/2Pn4/P1NBB2P/1P3PP1/R2QK1NR b KQ - 1 12,24,JGuAYGJA,b7b5,314,13,f8e8,0.002,0.0012,0.0006,0.0004,d4c6,d4c6,d4f5,c8e6,118.0,0.002,-0.0016,True,club,03_disagreements_b2,1887,1931,1931,False,True,0,pawn,False,False,True,opening,True,False,True,False,False
r1bqr1k1/pp1n1pb1/3p2pp/4p3/1PPn4/P1NBB2P/4NPP1/R2QK2R b KQ - 0 14,28,JGuAYGJA,d7b6,210,35,a7a5,0.0323,0.0309,0.0292,0.0249,d4e2,d4e2,d4e2,f7f5,110.0,0.0323,-0.0074,True,club,03_disagreements_b2,1887,1931,1931,False,True,2,knight,False,False,True,middlegame,True,False,False,False,False
4r3/1p3pbk/1N4pp/2P2b2/3p3q/7P/5PP1/2QR1BK1 b - - 0 26,52,JGuAYGJA,e8e5,239,65,d4d3,0.0433,0.0401,0.0363,0.0321,d4d3,d4d3,e8d8,e8d8,101.0,0.0433,-0.0112,True,club,03_disagreements_b2,1887,1931,1931,False,True,0,rook,False,False,True,middlegame,True,False,False,False,False
8/1p4k1/1N4pp/2P2b2/3b3q/3p3P/5PP1/3RQBK1 b - - 2 30,60,JGuAYGJA,h6h5,-544,13,h4f4,0.0141,0.011,0.0103,0.0135,d4c5,d4c5,d4c5,d4c5,145.0,0.0141,-0.0006,True,club,03_disagreements_b2,1887,1931,1931,False,True,1,pawn,False,False,True,middlegame,True,False,True,False,False
2r5/1q1n1pbk/4b2p/Bp2pNpP/1P1pP3/3P1Q2/4NPP1/3B2K1 b - - 1 34,68,0sOdf8BC,c8a8,315,0,g7f8,0.0105,0.0068,0.0054,0.0073,e6f5,e6f5,e6f5,e6f5,112.0,0.0105,-0.0032,True,club,03_disagreements_b2,2236,2384,2384,False,True,4,rook,False,False,True,middlegame,False,False,False,False,False
rnb1k2r/ppp1ppbp/6p1/3NP2n/5B2/8/PPP2PPP/3RKBNR b Kkq - 2 8,16,i6MJs4rw,c8d7,-98,6,e8g8,0.0008,0.0004,0.0003,0.0003,h5f4,h5f4,h5f4,h5f4,1900.0,0.0008,-0.0005,True,club,03_disagreements_b2,1883,1893,1893,False,True,3,bishop,False,False,True,opening,True,False,False,False,False
1r4k1/p4pbp/2p5/2Nn3p/8/2P5/PP3PPP/2B1R1K1 b - - 4 24,48,i6MJs4rw,f7f5,-297,19,g8f8,0.0498,0.037,0.0264,0.0223,b8b5,b8b5,b8b5,b8b5,1699.0,0.0498,-0.0275,True,club,03_disagreements_b2,1883,1893,1893,False,True,5,pawn,False,False,True,endgame,True,False,True,False,False
3r1r2/p3bp1k/1qpp2p1/4p2N/4P1QP/1P1R4/P1P2PP1/3R2K1 b - - 0 22,44,X9KylSoM,b6c7,-181,9,f8h8,0.0044,0.0038,0.0027,0.0022,g6h5,g6h5,g6h5,g6h5,1815.0,0.0044,-0.0022,True,club,03_disagreements_b2,1878,1945,1945,False,True,6,queen,False,False,True,middlegame,False,True,False,False,False
3r3r/p5k1/1qpp1pp1/4p3/4P1Q1/1P1R2N1/P1P2PP1/3R2K1 b - - 1 26,52,X9KylSoM,b6c7,-647,33,b6c7,0.0393,0.0403,0.0411,0.0401,h8h6,h8h6,h8h6,h8h6,317.0,0.0411,0.0008,True,club,03_disagreements_b2,1878,1945,1945,True,False,1,queen,False,False,True,middlegame,False,True,False,False,False
3r2k1/p1q1bppp/2p2n2/4p3/1p2P3/1B1P1QB1/PP1r1PPP/R3R1K1 b - - 0 18,36,lStAso5K,e7c5,102,23,d8d3,0.009,0.005,0.0037,0.0037,d2d3,d2d3,d2d3,d2d3,126.0,0.009,-0.0053,True,club,03_disagreements_b2,2174,2007,2007,False,True,2,bishop,False,False,True,middlegame,True,False,False,False,False
4rr1k/1p4p1/p1p2n1p/3n3Q/3P4/2BB2P1/PP3P1P/R3R1K1 b - - 0 32,64,MpNfo5hH,e8e1,-287,176,f6h5,0.0499,0.0325,0.0272,0.0242,f6h5,f6h5,f6h5,f6h5,188.0,0.0499,-0.0257,True,club,03_disagreements_b2,1813,1825,1825,False,True,5,rook,True,True,False,middlegame,True,False,False,False,False
4rbk1/1p3p1p/5rp1/Pp1Pp3/1Pp1P1P1/6PP/2B3K1/1R1R4 b - - 0 28,56,oSbn6Apj,f6a6,182,25,f8d6,0.0198,0.0237,0.0267,0.033,f8d6,f8d6,f8d6,f8d6,627.0,0.033,0.0132,True,club,03_disagreements_b2,2218,2202,2202,False,True,0,rook,False,False,True,endgame,False,False,False,False,False
6k1/p1p2qp1/1p1p1n1p/5Q2/2PN4/2PP3P/P4PPK/8 b - - 0 26,52,2L9bz0T7,d6d5,-107,32,f6d7,0.0411,0.0317,0.0245,0.0198,g7g6,c7c5,c7c5,f7d7,117.0,0.0411,-0.0213,True,club,03_disagreements_b2,2028,1951,1951,False,True,5,pawn,False,False,True,endgame,True,False,True,False,False
1kr4r/pN2bp2/2n2p2/4pq2/Q7/2RP1NP1/PP2P1KP/2R5 b - - 0 20,40,JRiOqq5T,f5d7,-469,29,f5h3,0.0093,0.0069,0.005,0.0042,b8b7,b8b7,b8b7,b8b7,191.0,0.0093,-0.0051,True,club,03_disagreements_b2,1912,2063,2063,False,True,6,queen,False,False,True,middlegame,False,True,False,False,False
3rr1k1/2q1b1pp/p4p2/1p1bNn2/8/P1P4P/1P3QP1/2BNRR1K b - - 0 24,48,zzCDHA7k,d5e6,463,92,g7g6,0.0239,0.0236,0.0234,0.0226,f6e5,f6e5,f6e5,f6e5,348.0,0.0239,-0.0013,True,club,03_disagreements_b2,2203,2005,2005,False,True,0,bishop,False,False,True,middlegame,False,True,False,False,False
4r1k1/4rpb1/1q1p2pp/2p5/1pP2BP1/pP3QNP/P6K/3R1R2 b - - 0 32,64,kmVFISeM,d6d5,-287,44,g7e5,0.009,0.0065,0.0059,0.0075,g7e5,g7e5,g7e5,g7e5,141.0,0.009,-0.0015,True,club,03_disagreements_b2,1981,2020,2020,False,True,7,pawn,False,False,True,middlegame,True,False,True,False,False
r3kbnr/pppbqp1p/2np4/6p1/P1BPPp2/2N2N2/1PP3PP/R1BQ1RK1 b kq - 0 8,16,DersPekk,h7h6,-95,49,e8c8,0.0201,0.023,0.0274,0.05,e8c8,e8c8,e8c8,e8c8,204.0,0.05,0.0299,True,club,03_disagreements_b2,1896,1849,1849,False,True,3,pawn,False,False,True,opening,True,False,True,False,False
2krq1nr/1ppb1pbp/p1np4/P2N2N1/2BPPp2/2P5/1P4PP/R1BQ1RK1 b - - 0 12,24,DersPekk,g8h6,-355,33,h7h6,0.0388,0.0302,0.0237,0.041,h7h6,h7h6,h7h6,h7h6,135.0,0.041,0.0022,True,club,03_disagreements_b2,1896,1849,1849,False,True,6,knight,False,False,True,opening,True,False,False,False,False
7N/ppkn2Q1/4p3/2bp4/6p1/6P1/P2q4/2R2R1K b - - 2 28,56,fClHcVgc,d2b4,-425,15,b7b6,0.0184,0.0183,0.0142,0.0115,b7b6,b7b6,b7b6,c7d6,111.0,0.0184,-0.0069,True,club,03_disagreements_b2,1876,1848,1848,False,True,7,queen,False,False,True,middlegame,False,True,False,False,False
6k1/1pp3pp/1p6/1P2p3/P7/5P2/1r1r2PP/R5RK b - - 2 26,52,a6miTqye,b2c2,192,5,b2a2,0.0308,0.0276,0.0253,0.0241,b2a2,b2a2,b2a2,b2a2,145.0,0.0308,-0.0067,True,club,03_disagreements_b2,1887,1841,1841,False,True,0,rook,False,False,True,endgame,False,False,False,False,False
3r4/5kpp/5p2/3N2P1/1P5r/3RB3/1K3P2/8 b - - 0 32,64,i4654ujN,h4e4,-257,6,h4g4,0.0272,0.03,0.0339,0.0423,f6g5,f6g5,f6g5,f6g5,146.0,0.0423,0.0151,True,club,03_disagreements_b2,1840,1879,1879,False,True,7,rook,False,False,True,endgame,False,False,False,False,False
r6r/ppk4p/n2p2q1/1BpP1p2/7Q/5N2/PPP2PP1/2KR4 b - - 0 22,44,8QHM6Uda,a8g8,-16,19,a8d8,0.005,0.0056,0.0082,0.0137,a6b4,a6b4,a6b4,a6b4,225.0,0.0137,0.0087,True,club,03_disagreements_b2,1924,1925,1925,False,True,5,rook,False,False,True,middlegame,False,False,False,False,False
r1r5/7k/4Qp2/p2p4/Pp1P1P1N/8/1Pq3P1/R5K1 b - - 0 32,64,AMRnMZPI,c8c7,-30,25,c2e4,0.0101,0.0121,0.0128,0.0145,c2b2,c2b2,c2e4,c2e4,734.0,0.0145,0.0044,True,club,03_disagreements_b2,1910,1844,1844,False,True,5,rook,False,False,True,endgame,True,False,False,False,False
3r1r2/1p2bpk1/3p4/pNpPn1p1/2P1N3/PP3PP1/4R1K1/R7 b - - 0 28,56,Av8qu2b4,a5a4,-52,32,f8h8,0.0084,0.0048,0.0039,0.0049,f8h8,f8h8,f7f5,f7f5,125.0,0.0084,-0.0035,True,club,03_disagreements_b2,1801,1888,1888,False,True,5,pawn,False,False,True,middlegame,True,False,True,False,False
1br1r1k1/1p1q1pp1/p5p1/P2pn2n/5N2/1P1PB1PP/2PQ2BK/R4R2 b - - 8 26,52,KBQtHhA3,h5g3,350,103,h5f4,0.0169,0.0158,0.0151,0.0143,h5f4,h5f4,h5f4,h5f4,335.0,0.0169,-0.0026,True,club,03_disagreements_b2,2157,2105,2105,False,True,2,knight,True,False,False,middlegame,True,False,False,False,False
1k1rb3/1pp5/p1n4p/2bN2p1/8/5NBP/PPP2PP1/2KR4 b - - 0 24,48,5P3eoSzH,b8c8,-213,12,e8f7,0.0083,0.0073,0.0081,0.0098,c5d6,c5d6,c5d6,e8f7,301.0,0.0098,0.0015,True,club,03_disagreements_b2,1879,1995,1995,False,True,5,king,False,False,True,middlegame,False,False,False,True,False
1r1r1k2/3bppb1/B2p2pp/1p6/8/P1P1B2P/1P3PP1/1R1R2K1 b - - 0 20,40,72I1IWr3,g6g5,135,12,d7c6,0.0202,0.0143,0.0124,0.0144,d7f5,d7f5,d7f5,b8a8,129.0,0.0202,-0.0058,True,club,03_disagreements_b2,2023,2038,2038,False,True,0,pawn,False,False,True,middlegame,True,False,True,False,False
r1b1r1k1/1p3ppp/p7/4q3/3p4/1Q6/P1PB1PPP/R4RK1 b - - 1 20,40,6uC5DRxS,e5c5,130,4,c8e6,0.0044,0.0045,0.0044,0.0043,b7b5,b7b5,b7b5,b7b5,552.0,0.0045,-0.0001,True,club,03_disagreements_b2,1902,1866,1866,False,True,0,queen,False,False,True,middlegame,False,False,False,False,False
1r1q1rk1/3bb1p1/3p2Pp/1ppPp3/2P1P3/2N2N2/1P1Q2P1/2KR3R b - - 1 20,40,J4p07yJX,f8f3,508,132,f8f3,0.0021,0.0019,0.0019,0.0028,b5c4,b5c4,b5c4,b5c4,179.0,0.0028,0.0007,True,club,03_disagreements_b2,1957,2051,2051,True,False,0,rook,True,False,False,middlegame,True,False,False,False,False
2kr3r/pbq2ppp/2n1pn2/1B4B1/1b6/2NP1N2/PPPQ1PPP/R3K2R b KQ - 3 10,20,47ZgDixI,c6e5,56,53,c6d4,0.0397,0.0437,0.0444,0.0491,h7h6,c6d4,c6d4,c6d4,139.0,0.0491,0.0094,True,club,03_disagreements_b2,1903,2008,2008,False,True,2,knight,False,False,True,opening,True,False,False,False,False
3r4/pk3p1p/4pp2/8/1b1r1q2/2NPQ1R1/PPPK1P2/6R1 b - - 3 20,40,47ZgDixI,b4c5,-52,47,d4e4,0.0091,0.0069,0.0059,0.0045,f4e3,f4e3,f4f5,f4f5,278.0,0.0091,-0.0046,True,club,03_disagreements_b2,1903,2008,2008,False,True,5,bishop,False,False,True,middlegame,False,True,False,False,False
3r3r/p1k3p1/Pnb1p1qp/3pPp2/3P4/3BP1P1/3NQKP1/1R5R b - - 2 24,48,DsXvbfaW,d8c8,-251,13,d8b8,0.0149,0.0145,0.0148,0.0153,d8b8,d8b8,d8b8,d8b8,133.0,0.0153,0.0004,True,club,03_disagreements_b2,1812,1820,1820,False,True,6,rook,False,False,True,middlegame,False,False,False,False,False
2rr4/pb1N1ppk/1pn1pn2/8/5B2/P1qR4/P3QPPP/4R1K1 b - - 1 18,36,kvXsdoPF,c3e1,290,107,c3a5,0.0075,0.0094,0.0108,0.0099,c3c4,c3c4,c3c4,c3c4,810.0,0.0108,0.0024,True,club,03_disagreements_b2,2038,2065,2065,False,True,6,queen,True,True,False,middlegame,True,False,False,False,False
rnb3k1/pp4pp/2p5/3p4/7q/1P1PPB2/PBPKNn1b/R3Q2R b - - 4 16,32,5jIJ8Y6l,b8d7,-382,34,h4g3,0.0286,0.0287,0.0294,0.0274,f2h1,f2h1,f2h1,f2h1,494.0,0.0294,-0.0012,True,club,03_disagreements_b2,1905,2095,2095,False,True,6,knight,False,False,True,middlegame,True,False,False,False,False
rnb3k1/pp4pp/2p5/3p4/8/1P1PPBb1/PBPKQn2/R6R b - - 1 18,36,5jIJ8Y6l,b8d7,-677,12,f2h1,0.0083,0.0076,0.0075,0.0066,f2h1,f2h1,f2h1,f2h1,209.0,0.0083,-0.0017,True,club,03_disagreements_b2,1905,2095,2095,False,True,1,knight,False,False,True,middlegame,True,False,False,False,False
rnb3k1/pp5p/2pb2p1/8/4Q3/1P1P1B2/PBPK4/6R1 b - - 0 22,44,5jIJ8Y6l,g8f7,-918,236,c6c5,0.0285,0.0255,0.0252,0.0431,c8f5,c8f5,c8f5,c8f5,1070.0,0.0431,0.0146,True,club,03_disagreements_b2,1905,2095,2095,False,True,1,king,False,False,True,middlegame,True,False,False,True,False
3r2k1/pp1P1p1p/5b2/6p1/2P2p1q/B2Q1B2/6PP/3R3K b - - 2 30,60,CmkeptU5,g8g7,-593,23,b7b6,0.0431,0.0317,0.0217,0.0203,g5g4,g5g4,g5g4,g5g4,176.0,0.0431,-0.0228,True,club,03_disagreements_b2,2197,2070,2070,False,True,1,king,False,False,True,middlegame,True,False,False,True,False
2rqk2r/1b1nbppp/p1n1p3/1pppP3/5B2/2PP1N2/PPQ1BPPP/RN3RK1 b k - 4 12,24,DEGZPuGF,g7g5,232,57,e8g8,0.0155,0.0159,0.0221,0.0491,e8g8,e8g8,e8g8,e8g8,141.0,0.0491,0.0336,True,club,03_disagreements_b2,1861,1928,1928,False,True,2,pawn,False,False,True,opening,True,False,True,False,False
r4rk1/p1p1b1p1/1p1ppn1p/7q/3PbP2/2P1PNQ1/PP1B2PP/R4RK1 b - - 3 20,40,P9d0RKhf,e4f5,608,22,f6g4,0.0257,0.0296,0.0291,0.0243,f6g4,f6g4,f6g4,f6g4,109.0,0.0296,-0.0014,True,club,03_disagreements_b2,1892,1888,1888,False,True,4,bishop,False,False,True,middlegame,False,True,False,False,False
r4rk1/pp3ppp/8/3n4/3R4/PP5P/5PP1/1N3RK1 b - - 0 24,48,0xcZ7TaM,d5c7,-13,14,d5c7,0.021,0.0156,0.0108,0.0071,a8d8,a8d8,d5f6,f8d8,495.0,0.021,-0.0139,True,club,03_disagreements_b2,1857,2025,2025,True,False,5,knight,False,False,True,endgame,False,True,False,False,False
3r1rk1/ppp1qpb1/2n1b2p/2n1p1p1/4P1B1/3P1NBP/PPQN1PP1/1K4RR b - - 8 20,40,Yci3yFej,e6a2,516,26,c6b4,0.0119,0.0136,0.0154,0.0206,c5d3,c5d3,c5d3,c5d3,267.0,0.0206,0.0087,True,club,03_disagreements_b2,2060,2046,2046,False,True,4,bishop,True,True,False,middlegame,True,False,False,False,False
r3kbnr/1ppqpp2/p1n4p/3pBbp1/3P4/3BPN1P/PPP2PP1/RN1Q1RK1 b kq - 1 8,16,Iy9peOrb,f5d3,-60,41,f7f6,0.009,0.0052,0.004,0.0041,f7f6,f7f6,f7f6,f7f6,167.0,0.009,-0.0049,True,club,03_disagreements_b2,1836,1903,1903,False,True,3,bishop,True,False,False,opening,True,False,False,False,False
2r1kbnr/1pB1p1q1/p1n2p2/3N1Q2/3P3p/4P3/PPP2PPN/R4RK1 b k - 2 16,32,Iy9peOrb,c6a7,-352,105,c8a8,0.0229,0.0234,0.0254,0.0296,c8c7,c8c7,c8c7,c8c7,230.0,0.0296,0.0067,True,club,03_disagreements_b2,1836,1903,1903,False,True,6,knight,False,False,True,middlegame,False,True,False,False,False
r5k1/1pp2ppp/1r4b1/p1Q5/4N3/qN1P3P/2P2PP1/1K1R1B1R b - - 7 24,48,ItjNIvun,b6b4,-119,174,a3a4,0.0093,0.0079,0.0075,0.0078,b6b3,b6b3,b6b3,b6b3,245.0,0.0093,-0.0015,True,club,03_disagreements_b2,2136,2147,2147,False,True,7,rook,False,False,True,middlegame,True,False,False,False,False
r5k1/1pQ2ppp/6b1/p7/qr6/1N1P3P/2P2PP1/2KR1B1R b - - 2 28,56,ItjNIvun,g6f5,0,76,a4a2,0.0068,0.0047,0.0039,0.0035,a4a3,b4b3,b4b3,b4b3,191.0,0.0068,-0.0033,True,club,03_disagreements_b2,2136,2147,2147,False,True,7,bishop,False,False,True,middlegame,True,False,False,False,False
r4rk1/p2pbpp1/bqp1pn1p/8/3P3B/1N3N2/PPP2PPP/R2QR1K1 b - - 1 12,24,iGhBOhHF,d7d6,26,10,f8e8,0.0185,0.0275,0.0374,0.0403,a6c4,a6c4,d7d5,d7d5,141.0,0.0403,0.0218,True,club,03_disagreements_b2,1825,1867,1867,False,True,2,pawn,False,False,True,opening,True,False,True,False,False
r1br2k1/p4pq1/1p1p1n1B/2pP4/7Q/2P4P/P1B3P1/R5K1 b - - 0 26,52,YhVbTjDO,g7h6,-777,10,g7h8,0.0325,0.0289,0.0285,0.024,g7h8,g7h8,g7h8,g7h8,1221.0,0.0325,-0.0085,True,club,03_disagreements_b2,1885,1996,1996,False,True,6,queen,True,False,False,middlegame,True,False,False,False,False
r3k2r/pppq1pb1/7p/4p1p1/4N3/P1P1P1P1/1P3PP1/R2QK2R b KQkq - 1 16,32,LhsnDHcf,f7f5,-28,41,d7c6,0.021,0.0209,0.0293,0.035,d7d1,d7d1,e8c8,e8c8,116.0,0.035,0.014,True,club,03_disagreements_b2,1994,2235,2235,False,True,5,pawn,False,False,True,middlegame,True,False,True,False,False
r1bqk2r/pp2ppbp/2np1np1/8/3NP1P1/2N1B3/PPP1BP1P/R2QK2R b KQkq - 0 8,16,a9cmFKUZ,f6g4,128,16,c8d7,0.0337,0.0399,0.0404,0.0199,e8g8,e8g8,e8g8,e8g8,156.0,0.0404,-0.0138,True,club,03_disagreements_b2,1885,1969,1969,False,True,3,knight,True,False,False,opening,True,False,False,False,False
r1b2k1r/ppp1nppp/8/1B1PNq2/1PNb4/P7/4Q1PP/R1BK3R b - - 5 16,32,GPlWMTDU,f7f6,-108,151,d4a1,0.0129,0.0111,0.0097,0.0104,d4a1,d4a1,d4a1,d4a1,325.0,0.0129,-0.0025,True,club,03_disagreements_b2,1908,1937,1937,False,True,7,pawn,False,False,True,middlegame,True,False,True,False,False
4r1k1/p2n2pp/1ppq2p1/3p4/P2P2P1/1QN1Pr2/1P1R1P2/2K4R b - - 0 20,40,mLTZEfMY,d6e6,337,49,d7f6,0.0312,0.0265,0.0268,0.0334,e8f8,e8f8,e8f8,e8f8,119.0,0.0334,0.0022,True,club,03_disagreements_b2,1867,1812,1812,False,True,0,queen,False,False,True,middlegame,False,False,False,False,False
r5k1/6p1/p3qpB1/1pp1p3/7R/2B4P/PP4P1/3R2K1 b - - 1 30,60,yWhGfTFj,c5c4,-320,14,b5b4,0.0375,0.0278,0.0212,0.0185,b5b4,g8f8,f6f5,f6f5,113.0,0.0375,-0.019,True,club,03_disagreements_b2,2095,1984,1984,False,True,7,pawn,False,False,True,endgame,True,False,True,False,False
r5k1/6p1/4qp2/p1p1p3/1p5R/3B3P/PP4P1/3RB1K1 b - - 1 32,64,yWhGfTFj,e5e4,-455,105,a8d8,0.0161,0.0145,0.015,0.0141,e6a2,e6a2,e6a2,e6a2,141.0,0.0161,-0.002,True,club,03_disagreements_b2,2095,1984,1984,False,True,7,pawn,False,False,True,endgame,True,False,True,False,False
r2q3r/pb3kbp/2p1pnp1/3p2B1/8/1QN5/PPP1BPPP/R3K2R b KQ - 1 14,28,PKgFMUsV,b7c8,32,10,a8b8,0.0119,0.0078,0.0048,0.0047,a8b8,a8b8,a8b8,a8b8,119.0,0.0119,-0.0072,True,club,03_disagreements_b2,2074,2002,2002,False,True,2,bishop,False,False,True,middlegame,False,True,False,False,False
2b1r1k1/3r3p/p2q2p1/1ppp1p2/7R/P1Q1P3/1P3PPP/1B2R1K1 b - - 1 34,68,o78bLTK5,d6e7,323,103,b5b4,0.0152,0.0172,0.0163,0.0139,d5d4,d5d4,d5d4,d5d4,132.0,0.0172,-0.0013,True,club,03_disagreements_b2,1837,1879,1879,False,True,0,queen,False,False,True,middlegame,False,True,False,False,False
2r1r3/2p3pp/3q4/5pk1/5p2/3P3Q/PPP3PP/R4RK1 b - - 3 24,48,A0AkWlZP,c8b8,-21,14,e8e3,0.0093,0.0067,0.0063,0.0066,e8e3,e8e3,e8e3,e8e3,191.0,0.0093,-0.0027,True,club,03_disagreements_b2,1905,1943,1943,False,True,5,rook,False,False,True,endgame,False,False,False,False,False
rnb1r3/pp3Npk/1qp4p/2p1Pp1Q/2BP4/8/P1P3PP/R4RK1 b - - 3 20,40,kzzmh7G8,b6d8,-846,1136,c5d4,0.0015,0.0012,0.0009,0.0008,c5d4,c5d4,c5d4,c5d4,1152.0,0.0015,-0.0007,True,club,03_disagreements_b2,2234,2072,2072,False,True,1,queen,False,False,True,middlegame,False,True,False,False,False
rk4r1/ppp1n1q1/4QN2/4p3/3p3p/6P1/PPP2P1P/R1B1R1K1 b - - 5 20,40,41amNhN0,a7a5,-617,12,g8h8,0.0106,0.0075,0.0055,0.0059,h4g3,h4g3,h4g3,h4g3,149.0,0.0106,-0.0047,True,club,03_disagreements_b2,1987,1916,1916,False,True,1,pawn,False,False,True,middlegame,True,False,True,False,False
2r2nk1/pp2bppp/1q2p3/3pP3/5P2/1P1Q1N2/PBr3PP/1R3R1K b - - 7 18,36,eHoycNUB,b6b4,181,11,h7h5,0.0117,0.011,0.0111,0.011,f8g6,f8g6,f8g6,f8g6,154.0,0.0117,-0.0007,True,club,03_disagreements_b2,1813,1819,1819,False,True,0,queen,False,False,True,middlegame,True,False,False,False,False
r5k1/3b1pp1/2pR4/1p5p/p3rqP1/2P4P/PPQ1BP2/4RNK1 b - - 0 26,52,sewygrgc,e4e2,0,388,e4e2,0.0004,0.0002,0.0001,0.0001,f4d6,f4d6,f4d6,f4d6,402.0,0.0004,-0.0003,True,club,03_disagreements_b2,1869,1940,1940,True,False,7,rook,True,False,False,middlegame,True,False,False,False,False
r2qnrk1/1p1b1p1p/p1pp1bpB/5P2/4P3/2N3Q1/PPP1B1PP/R4R1K b - - 2 16,32,lWEDHQzo,f6e5,-129,31,f6g7,0.0135,0.013,0.0187,0.0298,f6g7,f6g7,f6g7,f6g7,135.0,0.0298,0.0163,True,club,03_disagreements_b2,1884,1957,1957,False,True,2,bishop,False,False,True,middlegame,True,False,False,False,False
8/p2kn2p/1p3Q2/3p4/3P4/1P4K1/PB4P1/3q2b1 b - - 1 30,60,P3HfXYCR,d1h5,735,118,d1d3,0.0072,0.0055,0.0045,0.0053,d1d3,d1d3,d1d3,d1d3,161.0,0.0072,-0.0019,True,club,03_disagreements_b2,1841,1833,1833,False,True,4,queen,False,False,True,endgame,False,True,False,False,False
8/4P3/1q3kpp/1p3p2/1p1r4/1P2Q3/P5PP/5R1K b - - 0 32,64,naMVHzky,d4c4,-945,82,d4f4,0.0025,0.0022,0.0019,0.0018,d4d1,d4d1,d4d1,d4e4,1040.0,0.0025,-0.0007,True,club,03_disagreements_b2,1803,1818,1818,False,True,1,rook,False,False,True,endgame,False,False,False,False,False
1k6/1p1R1Bp1/1p3b2/p1r4P/7P/5p2/P4P2/6K1 b - - 0 34,68,l3Dt2Iz3,f6e5,285,176,f6h4,0.0122,0.0077,0.0054,0.0048,f6h4,f6h4,f6h4,f6h4,259.0,0.0122,-0.0074,True,club,03_disagreements_b2,1876,1886,1886,False,True,0,bishop,False,False,True,endgame,True,False,False,False,False
r1bqr1k1/pp3ppn/7p/2p1P3/3P4/2P2Q1P/P3NBP1/R4RK1 b - - 2 20,40,sg2UuKHO,c8e6,-43,13,h7g5,0.0214,0.0251,0.0287,0.0412,c5d4,c5d4,c5d4,c5d4,106.0,0.0412,0.0198,True,club,03_disagreements_b2,1995,2082,2082,False,True,2,bishop,False,False,True,middlegame,True,False,False,False,False
r4r1k/p2qbpp1/3pb2p/Q1n1p3/2N1Pn2/2PP1N1P/PPB2PP1/R1B2RK1 b - - 8 16,32,Paj5UPCq,f4g2,244,95,f4h3,0.026,0.0272,0.0302,0.0329,f4e2,e6h3,e6h3,e6h3,262.0,0.0329,0.0069,True,club,03_disagreements_b2,1927,1901,1901,False,True,2,knight,True,False,False,middlegame,True,False,False,False,False
r3kbnr/ppp1qppp/2np2b1/1B2P3/4P1P1/5N1P/PPP2P2/RNBQ1RK1 b kq - 0 8,16,zQKy0Byz,h7h5,-125,81,g6e4,0.0029,0.0026,0.0023,0.0019,g6e4,g6e4,e8c8,e8c8,103.0,0.0029,-0.001,True,club,03_disagreements_b2,1916,1886,1886,False,True,3,pawn,False,False,True,opening,True,False,True,False,False
1k1r1bnr/p1p1qppp/2Q5/4R3/5BP1/7P/PPP2P2/RN4K1 b - - 0 14,28,zQKy0Byz,e7e5,-682,47,d8d1,0.0098,0.0082,0.0083,0.0122,d8d1,d8d1,d8d1,d8d1,126.0,0.0122,0.0024,True,club,03_disagreements_b2,1916,1886,1886,False,True,1,queen,True,False,False,middlegame,True,False,False,False,False
5rk1/np2bpp1/1q2p2p/R2pN3/1PrP4/2PQ2N1/5PPP/4R1K1 b - - 4 22,44,w7hLNpw7,c4c3,87,140,c4c7,0.0065,0.0033,0.0019,0.0013,c4c7,c4c7,c4c7,c4c7,249.0,0.0065,-0.0052,True,club,03_disagreements_b2,1813,1809,1809,False,True,2,rook,True,False,False,middlegame,True,False,False,False,False
2k1r1r1/ppp2p2/7p/P2p4/1P6/2P5/3B1KB1/R7 b - - 0 26,52,NsTpajtq,g8g2,403,400,g8g2,0.0073,0.0079,0.0076,0.0063,h6h5,h6h5,c7c6,c7c6,456.0,0.0079,-0.001,True,club,03_disagreements_b2,1932,1969,1969,True,False,7,rook,True,True,False,endgame,True,False,False,False,False
5r2/pp3p2/2p2k2/5N2/7p/3r4/PP3R2/4R1K1 b - - 1 30,60,wmnT0YUo,f8d8,-314,4,f6g5,0.0136,0.0088,0.0076,0.0102,f8g8,f8g8,f8g8,f8g8,104.0,0.0136,-0.0034,True,club,03_disagreements_b2,3011,2816,2816,False,True,7,rook,False,False,True,endgame,False,False,False,False,False
7r/pp3p2/2p5/6k1/7p/3rN3/PP3R1K/4R3 b - - 5 32,64,wmnT0YUo,g5h5,-374,64,g5h5,0.0117,0.0098,0.0068,0.0048,h8e8,h8e8,h8e8,h8e8,649.0,0.0117,-0.0069,True,club,03_disagreements_b2,3011,2816,2816,True,False,7,king,False,False,True,endgame,False,False,False,True,False
rn1q3r/pbpkp1b1/1p1p1BB1/8/8/2N5/PPP2PPP/R2QR1K1 b - - 0 14,28,oRcbL31I,d7c8,-597,36,g7f6,0.0002,0.0001,0.0001,0.0002,g7f6,g7f6,g7f6,g7f6,1399.0,0.0002,0.0,True,club,03_disagreements_b2,1856,1832,1832,False,True,6,king,False,False,True,middlegame,False,True,False,True,False
r1b2rk1/p1pp1ppp/1p6/2bPn3/Q3p1q1/P3P3/1P1P1PBP/R1B2KNR b - - 2 14,28,2XEmWd4e,c8a6,933,331,a7a5,0.0428,0.0325,0.0282,0.0324,e5d3,e5d3,e5d3,a7a5,293.0,0.0428,-0.0104,True,club,03_disagreements_b2,1819,1818,1818,False,True,4,bishop,False,True,False,middlegame,True,False,False,False,False
8/p4k2/2p1p1p1/P2p4/3K4/5R2/4r3/4B3 b - - 7 34,68,sJ8wz6wA,f7e8,6,36,f7e7,0.0098,0.0114,0.0117,0.0135,f7e7,f7e7,f7e7,f7e7,434.0,0.0135,0.0037,True,club,03_disagreements_b2,2048,1959,1959,False,True,7,king,False,False,True,endgame,False,True,False,True,False
6k1/3r1ppp/3Bp1n1/1p1bP3/pP1P4/P1r4P/6P1/R4RKN b - - 5 34,68,HnGq0lLa,h7h6,314,3,d5c4,0.0263,0.0351,0.0397,0.0316,c3d3,c3d3,g6h4,g6h4,225.0,0.0397,0.0053,True,club,03_disagreements_b2,1894,1880,1880,False,True,4,pawn,False,False,True,middlegame,True,False,True,False,False
4r1k1/4qppp/1P6/8/3P4/1Q1PnR1P/6P1/5BK1 b - - 0 32,64,oAZIO8vY,g7g6,-157,3,e3f1,0.0093,0.0079,0.0067,0.0101,e3f1,e3f1,e3f1,e3f1,155.0,0.0101,0.0008,True,club,03_disagreements_b2,1967,1811,1811,False,True,5,pawn,False,False,True,endgame,True,False,True,False,False
r4rk1/1p3ppp/p7/2q3b1/2P1p3/1P4Q1/PB3PPP/2R2R1K b - - 3 20,40,IFBvykbl,a8d8,-5,11,g7g6,0.0357,0.0255,0.0219,0.0231,g5c1,g5c1,g5c1,g5c1,1994.0,0.0357,-0.0126,True,club,03_disagreements_b2,1838,1894,1894,False,True,5,rook,False,False,True,middlegame,False,False,False,False,False
3r1rk1/1p3p1p/p5p1/2q3b1/2P1p2P/1P4Q1/PB3PP1/3R1R1K b - - 0 22,44,IFBvykbl,g5d2,20,28,g5h6,0.048,0.0318,0.0197,0.0125,g5h6,g5h6,g5h6,g5h6,606.0,0.048,-0.0355,True,club,03_disagreements_b2,1838,1894,1894,False,True,5,bishop,False,False,True,middlegame,True,False,False,False,False
r4rk1/pp1nbppp/1q2pn2/3pNP2/3P4/2NQ4/PPP3PP/R1B2R1K b - - 2 12,24,nXQcjEgA,e7b4,6,5,e7d6,0.0266,0.0209,0.0158,0.0094,d7e5,e6f5,e6f5,e6f5,226.0,0.0266,-0.0172,True,club,03_disagreements_b2,2096,1975,1975,False,True,2,bishop,False,False,True,opening,True,False,False,False,False
8/5pkp/6p1/1PpBq3/2P5/4Q1Pn/3P2K1/8 b - - 1 30,60,blVVxLI1,e5c7,-578,26,e5h5,0.0064,0.0059,0.0061,0.0074,e5h5,e5h5,e5h5,e5h5,149.0,0.0074,0.001,True,club,03_disagreements_b2,2015,1970,1970,False,True,1,queen,False,False,True,endgame,False,True,False,False,False
2q5/5pkp/1P4p1/2pQ4/2P5/5BPn/3P2K1/8 b - - 0 34,68,blVVxLI1,c8e8,-631,10,h7h6,0.012,0.0087,0.007,0.0066,h3g5,h3g5,h3g5,h3g5,146.0,0.012,-0.0054,True,club,03_disagreements_b2,2015,1970,1970,False,True,1,queen,False,False,True,endgame,False,False,False,False,False
1rbr2k1/2p2p1p/p2Rp1pB/8/2Q5/1P5P/P1P2PP1/2K5 b - - 0 20,40,PtoTeGO7,c8d7,-1020,60,c7d6,0.0019,0.0011,0.0008,0.0007,c7d6,c7d6,c7d6,c7d6,976.0,0.0019,-0.0012,True,club,03_disagreements_b2,1824,1872,1872,False,True,1,bishop,False,False,True,endgame,True,False,False,False,False
r2q3r/ppp2pk1/2n1bn2/6B1/3PN3/1BP2Q2/PP3PPb/R4K2 b - - 1 18,36,gL3HT8IC,f6e4,721,471,f6e4,0.0473,0.0419,0.0438,0.0481,h2e5,h2e5,h2e5,h2e5,383.0,0.0481,0.0008,True,club,03_disagreements_b2,2034,1936,1936,True,False,6,knight,True,False,False,middlegame,True,False,False,False,False
4r1k1/pp2rppb/2p2n1p/3p4/3Pnb2/2P1NN1P/PP2BPP1/2BRRK2 b - - 4 20,40,r0AzjsZC,e4f2,172,103,e4f2,0.0196,0.0196,0.0238,0.0359,f4e3,f4e3,f4e3,f4e3,151.0,0.0359,0.0163,True,club,03_disagreements_b2,1889,1899,1899,True,False,2,knight,True,False,False,middlegame,True,False,False,False,False
r3kb1r/pp2n1pp/2p2p2/2Nb4/5qBN/2P5/P5PP/R2QR2K b kq - 5 22,44,YF7sxHKK,g7g6,-204,34,f4c7,0.0177,0.0183,0.0195,0.0225,g7g5,g7g5,g7g5,f4c7,290.0,0.0225,0.0048,True,club,03_disagreements_b2,1879,1928,1928,False,True,6,pawn,False,False,True,middlegame,True,False,True,False,False
r4b1r/ppq2k1p/2p1Bpp1/2Nn4/6QN/8/P5PP/4R2K b - - 1 28,56,YF7sxHKK,f7e8,-700,187,f7g7,0.0258,0.0157,0.0099,0.0076,f7g7,f7g7,f7g7,f7g7,1299.0,0.0258,-0.0182,True,club,03_disagreements_b2,1879,1928,1928,False,True,6,king,False,False,True,middlegame,False,True,False,True,False
2r2rk1/Bp3qp1/3bb2p/3pp3/8/1B6/PP1Q1PPP/R3R1K1 b - - 0 20,40,HedlJWUj,c8c6,97,15,d5d4,0.0209,0.0241,0.029,0.0355,e5e4,d5d4,d5d4,d5d4,115.0,0.0355,0.0146,True,club,03_disagreements_b2,1841,1977,1977,False,True,0,rook,False,False,True,middlegame,True,False,False,False,False
r4b1k/3q2pp/6n1/3p1p1Q/p2BbPP1/1P5P/BP6/4RRK1 b - - 0 26,52,ZvSxdh6Q,f8b4,-5,3,a4a3,0.0456,0.0358,0.0299,0.0372,a4b3,a4b3,a4b3,a4b3,100.0,0.0456,-0.0084,True,club,03_disagreements_b2,2010,2024,2024,False,True,0,bishop,False,False,True,middlegame,True,False,False,False,False
rnb3k1/pp1n2p1/3b1pB1/3p3R/3P1PP1/4r3/PPP3P1/2K4R b - - 1 20,40,rCsHXlFS,e3e1,366,8,e3e1,0.0141,0.0128,0.0118,0.0111,g8f8,g8f8,g8f8,g8f8,2364.0,0.0141,-0.003,True,club,03_disagreements_b2,1978,1890,1890,True,False,6,rook,False,True,False,middlegame,True,False,False,False,False
r5k1/5pp1/4pn1p/3p4/8/qP4P1/P1RQPPBP/6K1 b - - 2 26,52,SlovoILs,h6h5,-211,5,a3a5,0.0065,0.006,0.007,0.0081,f6e4,f6e4,f6d7,f6d7,111.0,0.0081,0.0016,True,club,03_disagreements_b2,1960,1924,1924,False,True,5,pawn,False,False,True,endgame,True,False,True,False,False
rnb1k1nr/pp1p3p/2p3q1/4Q3/1b6/2N5/PPP1BPPP/R1B1K2R b KQkq - 1 10,20,BTTMA1FT,e8f8,-443,74,g6e6,0.0433,0.0309,0.0311,0.0482,g8e7,g6e6,g6e6,g6e6,105.0,0.0482,0.0049,True,club,03_disagreements_b2,1954,1952,1952,False,True,6,king,False,False,True,opening,False,False,False,True,False
rn4n1/pp1bk3/2p1p3/6P1/1b2N3/P7/1PP2PP1/2KR3R b - - 0 20,40,BTTMA1FT,a7a5,-494,2,b4a5,0.0024,0.0019,0.0016,0.0023,b4a5,b4a5,b4a5,b4a5,112.0,0.0024,-0.0001,True,club,03_disagreements_b2,1954,1952,1952,False,True,6,pawn,False,False,True,middlegame,True,False,True,False,False
5k2/1p3p1p/7q/p7/PnPB4/NP1p1Q2/3P1PPP/5K2 b - - 0 26,52,PaltU4Ci,h6g6,-537,6,h6d2,0.0022,0.0019,0.0016,0.0018,h6d2,h6d2,h6d2,h6d2,154.0,0.0022,-0.0004,True,club,03_disagreements_b2,2186,2072,2072,False,True,1,queen,False,False,True,endgame,False,False,False,False,False
r3qkn1/1p4pQ/3B1p2/pP1p4/P1pP2P1/2n2P2/6P1/RB4K1 b - - 1 26,52,3CKErfbk,e8e7,-779,32,f8f7,0.0052,0.0043,0.0042,0.0036,f8f7,f8f7,f8f7,f8f7,696.0,0.0052,-0.0016,True,club,03_disagreements_b2,1905,1988,1988,False,True,6,queen,False,False,True,middlegame,True,False,False,False,False
r1b1k3/ppq2p2/4p3/3p2n1/3P2Q1/P1N1K1br/BP5P/R4R2 b q - 1 24,48,Wq1gXdTd,e6e5,628,58,g3h4,0.024,0.0191,0.0158,0.0156,g3h2,g3h2,g3h2,g3h2,112.0,0.024,-0.0084,True,club,03_disagreements_b2,1846,1863,1863,False,True,4,pawn,False,False,True,middlegame,True,False,True,False,False
r1b4Q/pp2kp2/8/3Bp3/3P3b/P2r4/KP1nq3/R1R5 b - - 3 34,68,Wq1gXdTd,d3a3,1991,1557,d3a3,0.0145,0.0154,0.0167,0.0181,d3d4,d3d4,h4f6,h4f6,1679.0,0.0181,0.0036,True,club,03_disagreements_b2,1846,1863,1863,True,False,4,rook,True,True,False,middlegame,False,False,False,False,False
r3k2r/p2qnp1p/4p1p1/3p4/3Q1P2/2N5/PPP3PP/R3K2R b KQkq - 0 14,28,Zyj5IPnk,e8c8,9,54,e8g8,0.0451,0.0245,0.0089,0.0028,e8g8,e8g8,e8g8,e8g8,163.0,0.0451,-0.0423,True,club,03_disagreements_b2,1877,1839,1839,False,True,0,king,False,False,True,middlegame,False,False,False,True,False
r4rk1/p2q1p1p/4p1p1/3p1n2/5P2/2N5/PPP2QPP/2KR3R b - - 4 16,32,Zyj5IPnk,h7h5,157,23,a8b8,0.0126,0.0076,0.0042,0.0048,d5d4,a7a5,a7a5,a7a5,111.0,0.0126,-0.0078,True,club,03_disagreements_b2,1877,1839,1839,False,True,0,pawn,False,False,True,middlegame,True,False,True,False,False
r2r2k1/6pp/p7/1p1Np1b1/3nP1b1/N2R4/PPP3PP/1K3B1R b - - 2 18,36,qM8wguQQ,g4h5,-21,13,a8c8,0.0098,0.0109,0.011,0.0086,b5b4,a8c8,a8c8,a8c8,126.0,0.011,-0.0012,True,club,03_disagreements_b2,2030,2114,2114,False,True,2,bishop,False,False,True,middlegame,False,True,False,False,False
2r3k1/6pp/8/pp1Pp1b1/4b3/2PR2P1/PPK4P/5BR1 b - - 2 24,48,qM8wguQQ,c8f8,84,284,g5e3,0.0192,0.0226,0.0319,0.0442,b5b4,b5b4,b5b4,b5b4,303.0,0.0442,0.025,True,club,03_disagreements_b2,2030,2114,2114,False,True,0,rook,False,False,True,endgame,False,False,False,False,False
4r1k1/2B1b1pp/1Np1pp2/2Pp3q/1P2nP2/3QPR1P/6P1/6K1 b - - 0 24,48,ismR8YtA,h5f7,154,82,h5f7,0.0233,0.0308,0.0417,0.0465,e6e5,h5h4,h5h4,e6e5,271.0,0.0465,0.0232,True,club,03_disagreements_b2,1915,1889,1889,True,False,0,queen,False,False,True,middlegame,False,True,False,False,False
rnb2rk1/qp2bppp/8/p1PnP3/3p4/1R1B1N2/3BQ1PP/1N3RK1 b - - 2 16,32,eGwoUHMg,g7g6,170,8,c8e6,0.0005,0.0003,0.0002,0.0005,e7c5,e7c5,e7c5,e7c5,597.0,0.0005,0.0,True,club,03_disagreements_b2,1920,1922,1922,False,True,2,pawn,False,False,True,middlegame,True,False,True,False,False
6k1/3n1r2/4N1p1/p3qnNp/8/7Q/3p2PP/5R1K b - - 1 34,68,eGwoUHMg,f5g3,1996,5,e5e1,0.0335,0.0364,0.0345,0.0334,e5e1,e5e1,f7e7,f7e7,1672.0,0.0364,-0.0001,True,club,03_disagreements_b2,1920,1922,1922,False,True,4,knight,False,True,False,middlegame,True,False,False,False,False
r3k2r/ppp1bppp/2n2n2/1B5q/3P1Bb1/2N2N2/PPP1Q1PP/R4RK1 b kq - 4 12,24,enAeY4PL,g4e6,-176,17,f6d5,0.0019,0.0019,0.0016,0.0008,e8g8,e8g8,e8g8,e8g8,267.0,0.0019,-0.0011,True,club,03_disagreements_b2,1813,1819,1819,False,True,3,bishop,False,False,True,opening,False,True,False,False,False
r1bqr1n1/pp1n1pbk/2pp2pP/8/3PP2P/3BBPN1/PP1Q4/RN2K2R b KQ - 0 14,28,5PSvl8w2,g7f6,-235,28,g7h6,0.0124,0.0113,0.012,0.0142,g8h6,g8h6,g8h6,g8h6,129.0,0.0142,0.0018,True,club,03_disagreements_b2,1917,1904,1904,False,True,6,bishop,False,False,True,middlegame,True,False,False,False,False
r1b4k/pp3p2/2p4n/4r1pP/3q4/2NBn1N1/PP3Q2/R4RK1 b - - 5 24,48,5PSvl8w2,h6g4,596,140,d4d3,0.0396,0.0273,0.0222,0.0233,d4d3,d4d3,d4d3,d4d3,513.0,0.0396,-0.0163,True,club,03_disagreements_b2,1917,1904,1904,False,True,4,knight,False,False,True,middlegame,True,False,False,False,False
r7/pp3p1k/2p2R1n/3b2QP/8/3q2N1/PP2N3/5K2 b - - 8 32,64,5PSvl8w2,h6g4,-513,12,h6g8,0.0161,0.0095,0.0079,0.0095,d3d1,d3d1,d3d1,d3d1,146.0,0.0161,-0.0066,True,club,03_disagreements_b2,1917,1904,1904,False,True,0,knight,False,False,True,middlegame,True,False,False,False,False
r5n1/pp3p1k/2p2R2/3b1NQP/8/5q2/PP2N3/4K3 b - - 12 34,68,5PSvl8w2,f3f5,-966,1029,f3h1,0.003,0.0028,0.0032,0.0049,f3h1,f3h1,f3h1,f3h1,1030.0,0.0049,0.0019,True,club,03_disagreements_b2,1917,1904,1904,False,True,6,queen,True,False,False,middlegame,False,True,False,False,False
r1b1r1k1/2p2ppp/p2b4/1p6/3P2nq/1BP1BQ1P/PP3PP1/RN2R1K1 b - - 4 16,32,FfwV0ZEv,c8d7,-342,19,d6h2,0.0145,0.0127,0.0115,0.0115,d6h2,c8e6,c8e6,c8e6,168.0,0.0145,-0.003,True,club,03_disagreements_b2,1918,1918,1918,False,True,6,bishop,False,False,True,middlegame,True,False,False,False,False
r3r1k1/2p2ppp/p3B3/1p6/3P2nq/2P1BQ1P/PP3PPb/RN2R2K b - - 0 18,36,FfwV0ZEv,g4h6,-559,6,f7e6,0.0003,0.0002,0.0001,0.0001,e8e6,e8e6,e8e6,e8e6,1438.0,0.0003,-0.0002,True,club,03_disagreements_b2,1918,1918,1918,False,True,1,knight,False,False,True,middlegame,False,True,False,False,False
rbb1r1k1/pp3pp1/2p4p/q1P1p3/3P4/1Q1B1N2/PP3PPP/R3R1K1 b - - 2 16,32,zGwEPRKO,b7b6,-117,45,c8g4,0.0415,0.0404,0.0253,0.0092,a5c7,a5c7,a5c7,a5c7,112.0,0.0415,-0.0323,True,club,03_disagreements_b2,1991,2037,2037,False,True,5,pawn,False,False,True,middlegame,True,False,True,False,False
r1b1k2r/ppqn1pp1/2pbp2p/3pN3/3PnB1P/2PBPN2/PP3PP1/R2QK2R b KQkq - 0 10,20,HI5PFv9Q,c6c5,-78,3,b7b6,0.0182,0.0164,0.0199,0.0221,f7f6,f7f6,f7f6,f7f6,197.0,0.0221,0.0039,True,club,03_disagreements_b2,1928,2079,2079,False,True,3,pawn,False,False,True,opening,True,False,True,False,False
6k1/2q2ppp/1np5/p3N3/Pr1Pb3/2Q4P/5PP1/2R2BK1 b - - 3 30,60,RhlSnWg6,c7d6,-11,16,b6a4,0.0192,0.0262,0.0288,0.0314,b6a4,b6a4,b6a4,b6a4,279.0,0.0314,0.0122,True,club,03_disagreements_b2,1993,1933,1933,False,True,5,queen,False,False,True,middlegame,True,False,False,False,False
2rqr1k1/3n2p1/1p2b1np/p1ppP3/3P4/1P2QNP1/P2B2BP/R3R1K1 b - - 0 24,48,Yhg2wUMT,e6f5,29,15,d8e7,0.0138,0.0148,0.0166,0.0196,c5d4,c5d4,c5d4,c5d4,152.0,0.0196,0.0058,True,club,03_disagreements_b2,1871,1865,1865,False,True,2,bishop,False,False,True,middlegame,True,False,False,False,False
3r2k1/1bb2ppp/1p4q1/2p5/4pP2/P1BrP1NP/1PQR2PK/4R3 b - - 9 28,56,F0PTGNCP,c7f4,794,607,h7h5,0.0201,0.0171,0.0112,0.006,d3d2,d3d2,h7h5,h7h5,622.0,0.0201,-0.0141,True,club,03_disagreements_b2,2238,1920,1920,False,True,0,bishop,True,False,False,middlegame,True,False,False,False,False
r2qr1k1/1pp1ppbp/3p1np1/p2Pn3/2P1P3/2N1B3/PP2BPPP/2RQ1RK1 b - - 4 12,24,SfnTgVlN,e5d7,-131,3,e7e6,0.0292,0.0429,0.049,0.0419,d8d7,d8d7,d8d7,f6d7,290.0,0.049,0.0127,True,club,03_disagreements_b2,2100,2060,2060,False,True,3,knight,False,False,True,opening,False,True,False,False,False
r7/1p4k1/2p3p1/2P4n/p2pQ3/4qP2/PP2B1PP/3R3K b - - 0 32,64,SfnTgVlN,h5g3,804,745,h5g3,0.0255,0.0266,0.0256,0.0218,e3e4,e3e4,a8e8,a8e8,841.0,0.0266,-0.0037,True,club,03_disagreements_b2,2100,2060,2060,True,False,5,knight,False,True,False,endgame,True,False,False,False,False
3r3r/p3kpbp/1pb1p1p1/2p5/2P1PN2/4P1P1/PP4BP/2KR1R2 b - - 5 18,36,dR87RTgs,d8b8,226,6,d8d1,0.0033,0.0027,0.0015,0.0008,d8d1,d8d1,d8d1,g7e5,124.0,0.0033,-0.0025,True,club,03_disagreements_b2,1856,1870,1870,False,True,0,rook,False,False,True,middlegame,False,False,False,False,False
r1b1k2r/pp2nppp/1q2p3/b1NpP3/1P6/P2B1Q2/5PPP/R1B2RK1 b kq - 0 14,28,X45G8Ukg,b6c6,-176,25,a5b4,0.0169,0.0102,0.005,0.0025,a5b4,a5b4,a5b4,a5b4,306.0,0.0169,-0.0144,True,club,03_disagreements_b2,2111,2149,2149,False,True,6,queen,False,False,True,middlegame,False,False,False,False,False
r3k2r/p2b1ppp/2pBp3/3pP3/7q/3N1Q2/5PPP/R4RK1 b kq - 1 20,40,X45G8Ukg,f7f5,-515,11,f7f6,0.0426,0.0308,0.0273,0.024,h4d4,h4d4,h4d4,h4d4,199.0,0.0426,-0.0186,True,club,03_disagreements_b2,2111,2149,2149,False,True,1,pawn,False,False,True,middlegame,True,False,True,False,False
r5r1/p1k5/R1p2pq1/3pp2p/7P/5QB1/5PP1/2R3K1 b - - 5 34,68,X45G8Ukg,c7d8,-753,15,g6e8,0.0324,0.0295,0.0226,0.0176,c7b7,c7b7,c7b7,c7d7,436.0,0.0324,-0.0148,True,club,03_disagreements_b2,2111,2149,2149,False,True,1,king,False,False,True,middlegame,False,True,False,True,False
8/5Qbk/p2q2pp/5p2/1p1N4/4P2P/P4PP1/6K1 b - - 1 32,64,QOrFkA4i,d6b8,-73,8,d6f6,0.0015,0.0009,0.0006,0.0006,a6a5,a6a5,a6a5,a6a5,469.0,0.0015,-0.0009,True,club,03_disagreements_b2,1879,1872,1872,False,True,5,queen,False,False,True,endgame,False,True,False,False,False
r2q1rk1/1b2npbp/pp2p1p1/2p3B1/P2nP3/3P1N1P/BP1N1PP1/1R1Q1RK1 b - - 3 14,28,9F9QDRJ6,d4c6,90,6,d8d7,0.0137,0.0165,0.0185,0.0144,b6b5,d8d7,d8d7,d8d7,176.0,0.0185,0.0007,True,club,03_disagreements_b2,1962,1845,1845,False,True,2,knight,False,False,True,middlegame,False,True,False,False,False
1r1r2k1/1b3pbp/p2qp1p1/Q1p5/P1B1P3/3P1N1P/1P3PP1/1R1R2K1 b - - 6 22,44,9F9QDRJ6,b7c6,-8,65,g7d4,0.0269,0.026,0.0272,0.0342,b8a8,b8a8,g7d4,g7d4,163.0,0.0342,0.0073,True,club,03_disagreements_b2,1962,1845,1845,False,True,2,bishop,False,False,True,middlegame,True,False,False,False,False
2rq1rk1/1p2nppp/pbn1p3/3pP3/3P1PPB/P4N1P/1P2B3/2RQ1RK1 b - - 2 18,36,X27H7gYN,c6d4,100,172,d8d7,0.0472,0.0183,0.0076,0.004,d8d7,d8d7,d8d7,d8d7,181.0,0.0472,-0.0432,True,club,03_disagreements_b2,2017,1987,1987,False,True,2,knight,True,False,False,middlegame,True,False,False,False,False
2r2rk1/1p1q1ppp/pbn1p1n1/3pP3/3P1PP1/P2Q1NBP/1P2B3/2R2RK1 b - - 6 20,40,X27H7gYN,c6d4,14,74,c8c7,0.0228,0.0138,0.0096,0.0084,b6a7,b6a7,b6a7,c6a5,106.0,0.0228,-0.0144,True,club,03_disagreements_b2,2017,1987,1987,False,True,2,knight,True,False,False,middlegame,True,False,False,False,False
r5k1/p3qppp/2pr4/2b2b2/Q3p3/4P1NP/PP3PP1/R1B2RK1 b - - 5 16,32,j6iAHnQo,f5h3,57,11,f5g6,0.0295,0.0343,0.0221,0.0083,f5g6,f5g6,f5g6,f5g6,102.0,0.0343,-0.0212,True,club,03_disagreements_b2,2187,2230,2230,False,True,0,bishop,True,False,False,middlegame,True,False,False,False,False
r3k2r/ppp2p2/2p1qp1p/8/3QP3/2P5/2P2PPP/3R1RK1 b kq - 3 16,32,n2ELxpvr,a7a5,101,35,e8e7,0.0066,0.0089,0.0091,0.0097,e8g8,e8g8,e8g8,e8e7,286.0,0.0097,0.0031,True,club,03_disagreements_b2,1823,1855,1855,False,True,0,pawn,False,False,True,endgame,True,False,True,False,False
1r4k1/p4pp1/4pq1p/4N3/5n2/5Q2/P4PPP/4R1K1 b - - 3 22,44,t2cC9knQ,f6e5,520,356,f6e5,0.008,0.0056,0.0042,0.0042,b8b2,b8b2,b8b2,f4d5,383.0,0.008,-0.0038,True,club,03_disagreements_b2,2066,2162,2162,True,False,0,queen,True,False,False,endgame,True,False,False,False,False
r2q1r1k/1b1p2pp/4p3/1N2Pp2/p4P1n/2P1Q2P/PPB3P1/R5RK b - - 0 28,56,rv9OgJLU,a8b8,69,15,f8g8,0.0302,0.0338,0.035,0.0443,a8a5,a8a5,b7c6,b7c6,108.0,0.0443,0.0141,True,club,03_disagreements_b2,1930,2055,2055,False,True,2,rook,False,False,True,middlegame,False,False,False,False,False
8/p2b3p/1p3k2/1Pp2p2/2P1p2P/P1K3P1/4BP2/8 b - - 0 30,60,B6HrxGuF,f5f4,327,211,f6g7,0.0041,0.0023,0.0017,0.0021,f6e5,f6e5,f6e5,f6e5,245.0,0.0041,-0.002,True,club,03_disagreements_b2,1829,1866,1866,False,True,0,pawn,False,False,True,endgame,True,False,True,False,False
3r1k2/R3n2p/6p1/pB1Pp3/4P3/P1r5/3K3P/1R6 b - - 5 34,68,yXBQVkce,c3f3,-230,38,c3a3,0.0222,0.015,0.0113,0.01,c3a3,c3a3,c3a3,c3a3,194.0,0.0222,-0.0122,True,club,03_disagreements_b2,1956,1952,1952,False,True,5,rook,False,False,True,endgame,False,False,False,False,False
r1bqk2r/ppp1bpp1/1n1p1n1p/3Pp3/2P1P2B/2NB4/PP3PPP/R2QK1NR b KQkq - 1 8,16,IRuM2Uo8,f6e4,164,35,c8g4,0.0087,0.0214,0.0371,0.0437,g7g5,g7g5,e8g8,e8g8,156.0,0.0437,0.035,True,club,03_disagreements_b2,1876,1865,1865,False,True,3,knight,True,False,False,opening,True,False,False,False,False
r3r1k1/1p3ppp/p4q2/2pPpb2/2P5/1P2Q1BP/P4PP1/4RRK1 b - - 1 20,40,gYco2Kza,f6g6,-74,123,f6g6,0.0304,0.0321,0.0344,0.0328,e5e4,e5e4,e5e4,e5e4,195.0,0.0344,0.0024,True,club,03_disagreements_b2,2110,2064,2064,True,False,5,queen,False,False,True,middlegame,False,False,False,False,False
3rr3/1p6/1pp2k2/6p1/1P2P1K1/8/P7/3R1R2 b - - 1 34,68,sppe3y42,f6e6,178,72,f6g6,0.0102,0.008,0.0072,0.0083,f6g6,f6g6,f6g6,f6g6,154.0,0.0102,-0.0019,True,club,03_disagreements_b2,1919,1947,1947,False,True,0,king,False,False,True,endgame,False,False,False,True,False
2r3k1/5ppp/4p3/2Bpn3/2qP4/6P1/2BQ1PKP/1R6 b - - 4 28,56,cNHxdFK1,h7h6,-412,9,e5d7,0.0275,0.0244,0.0197,0.0173,e5g4,e5g4,e5d7,e5d7,149.0,0.0275,-0.0102,True,club,03_disagreements_b2,2067,2107,2107,False,True,1,pawn,False,False,True,middlegame,True,False,True,False,False
1r4k1/4pp2/6p1/R1n1Pb1p/2r4P/P1N2P2/1PP1N1P1/1K1R4 b - - 4 28,56,7G1LxMeM,g6g5,-403,13,c5b3,0.0062,0.0018,0.0007,0.0005,c5b3,c5b3,c4h4,c4h4,115.0,0.0062,-0.0057,True,club,03_disagreements_b2,2045,2133,2133,False,True,6,pawn,False,False,True,middlegame,True,False,True,False,False
rb3rk1/1pqn1pp1/p3b2p/3p4/1P1P2B1/P1N1B2P/2P3P1/2RQ1RK1 b - - 0 20,40,Nl5zcapy,f7f5,483,22,c7c3,0.0047,0.0045,0.0043,0.0031,c7h2,c7h2,c7h2,c7h2,143.0,0.0047,-0.0016,True,club,03_disagreements_b2,2130,2035,2035,False,True,4,pawn,False,False,True,middlegame,True,False,True,False,False
4r1k1/5pp1/7p/ppbp4/3N4/2P1RPP1/PP3KP1/8 b - - 1 32,64,z3IFpDLC,c5d4,-4,2,e8e3,0.0395,0.0358,0.0316,0.0231,e8e3,e8e3,e8e3,e8e3,204.0,0.0395,-0.0164,True,club,03_disagreements_b2,2002,1988,1988,False,True,5,bishop,True,False,False,endgame,True,False,False,False,False
r2qkb1r/pp2nppp/2n1p3/1BPpP3/6b1/2P1BN2/PP3PPP/RN1QK2R b KQkq - 3 8,16,ceu607iQ,d8a5,-48,23,e7f5,0.0136,0.0144,0.0156,0.0133,e7f5,e7f5,e7f5,e7f5,144.0,0.0156,-0.0003,True,club,03_disagreements_b2,2150,2102,2102,False,True,3,queen,False,False,True,opening,True,False,False,False,False
2k3rr/p1q2p1p/2p1pQ2/3pP3/8/2P1bN2/PP1N2PP/2KR3R b - - 3 16,32,ceu607iQ,c8b8,-428,1,h7h5,0.0032,0.0042,0.0047,0.006,g8g2,g8g2,g8g2,g8g2,200.0,0.006,0.0028,True,club,03_disagreements_b2,2150,2102,2102,False,True,1,king,False,False,True,middlegame,False,False,False,True,False
5Q2/pkq2p2/2p1p3/3pP2p/8/1N5P/rP4P1/2KR3R b - - 3 24,48,ceu607iQ,c6c5,-659,20,a7a5,0.044,0.033,0.029,0.0299,c7e5,c7e5,c7e5,c7e5,500.0,0.044,-0.0141,True,club,03_disagreements_b2,2150,2102,2102,False,True,1,pawn,False,False,True,endgame,True,False,True,False,False
r3k2r/ppq1bppp/2n1bn2/2p1p3/P1NpP3/3P2P1/1PPN1PBP/R1BQ1RK1 b kq - 4 10,20,vksrdlR3,g7g5,80,40,h7h5,0.0047,0.0057,0.0077,0.016,e8g8,e8g8,e8g8,e8g8,103.0,0.016,0.0113,True,club,03_disagreements_b2,2271,2346,2346,False,True,3,pawn,False,False,True,opening,True,False,True,False,False
rnb2rk1/pppp1ppp/8/8/1b5q/5N2/PPPPN1PP/R1BQ1BKR b - - 4 8,16,Yz3VqAx5,h4d8,-391,28,h4f6,0.0129,0.0104,0.0116,0.0127,b4c5,b4c5,b4c5,b4c5,163.0,0.0129,-0.0002,True,club,03_disagreements_b2,2131,2042,2042,False,True,7,queen,False,False,True,opening,False,True,False,False,False
r2q3k/pp5p/2p1QRb1/8/3Pp3/4P3/PP4PP/5RK1 b - - 4 22,44,rpMvmypD,a7a5,-634,29,d8d5,0.0202,0.0256,0.0267,0.0243,h8g7,d8d5,d8d5,d8d5,341.0,0.0267,0.0041,True,club,03_disagreements_b2,1945,1944,1944,False,True,1,pawn,False,False,True,endgame,True,False,True,False,False
8/R7/2p3bp/1p5k/P2Pp3/4P2P/1P4P1/6K1 b - - 0 34,68,rpMvmypD,g6f5,-714,10,b5a4,0.023,0.019,0.0151,0.0146,b5a4,b5a4,b5a4,b5a4,231.0,0.023,-0.0084,True,club,03_disagreements_b2,1945,1944,1944,False,True,1,bishop,False,False,True,endgame,True,False,False,False,False
1r1q1rk1/ppp2pp1/1b1pbn1p/8/N7/Q5P1/PP2PPBP/R1B1R1K1 b - - 5 14,28,Bfkd6PLe,b6f2,168,64,f8e8,0.0136,0.0221,0.0379,0.0493,b6a5,b6a5,b6a5,b6a5,147.0,0.0493,0.0357,True,club,03_disagreements_b2,1865,1804,1804,False,True,2,bishop,True,True,False,middlegame,True,False,False,False,False
1r1q1rk1/2pbbppp/3p4/1p1B2N1/p2nPB2/P2P3P/1PPQ2P1/R3K2R b KQ - 2 16,32,maccGUuk,d4c2,147,31,c7c6,0.0037,0.0026,0.0024,0.0027,e7g5,c7c6,c7c6,c7c6,147.0,0.0037,-0.001,True,club,03_disagreements_b2,1872,1876,1876,False,True,2,knight,True,True,False,middlegame,True,False,False,False,False
5rk1/1p4p1/1q5p/5p2/1p2pP2/PPb5/2P1Q1PP/1R3R1K b - - 0 22,44,r0KDFmrm,e4e3,-27,36,f8c8,0.0264,0.0193,0.0132,0.0076,b4a3,b4a3,b4a3,b4a3,292.0,0.0264,-0.0188,True,club,03_disagreements_b2,2022,2009,2009,False,True,0,pawn,False,False,True,endgame,True,False,True,False,False
8/2q1r1pk/7p/1Q3R2/4pP2/1Pb3P1/2P4P/3R3K b - - 0 30,60,r0KDFmrm,c7c8,-351,34,e4e3,0.0114,0.009,0.0066,0.0057,e4e3,e4e3,e4e3,e4e3,180.0,0.0114,-0.0057,True,club,03_disagreements_b2,2022,2009,2009,False,True,5,queen,False,False,True,endgame,False,True,False,False,False
r4rk1/p1p2qpp/2Qp4/5p2/2bPpP2/2P1B1P1/P3PK1P/R4R2 b - - 1 18,36,JHquPDMt,a7a6,245,20,d6d5,0.019,0.0207,0.0229,0.021,f7h5,f7h5,f7h5,f7h5,633.0,0.0229,0.002,True,club,03_disagreements_b2,2258,2321,2321,False,True,0,pawn,False,False,True,middlegame,True,False,True,False,False
r4rk1/p1p3pp/2Q5/3p1p2/2bPpPP1/2P1B3/Pq5P/R3R1K1 b - - 0 22,44,JHquPDMt,b2b6,318,37,f5g4,0.0092,0.0111,0.014,0.0182,b2c3,b2c3,b2c3,b2c3,111.0,0.0182,0.009,True,club,03_disagreements_b2,2258,2321,2321,False,True,0,queen,False,False,True,middlegame,False,True,False,False,False
r4rk1/p4pp1/1n6/1N1pP1qp/2pP4/4PRPP/1PQ5/R5K1 b - - 1 24,48,K3DcsTsi,f7f6,-73,40,a7a5,0.0328,0.0299,0.0274,0.0232,h5h4,h5h4,h5h4,h5h4,127.0,0.0328,-0.0096,True,club,03_disagreements_b2,2090,1981,1981,False,True,5,pawn,False,False,True,middlegame,True,False,True,False,False
8/1pp2kp1/1p2pn1p/4p2P/3qP3/3P2Q1/2P2RPK/8 b - - 0 30,60,UJJHMGZE,f7f8,-215,9,f7e8,0.0189,0.0214,0.0259,0.0378,b6b5,b6b5,b6b5,b6b5,284.0,0.0378,0.0189,True,club,03_disagreements_b2,1939,1924,1924,False,True,0,king,False,False,True,endgame,False,True,False,True,False
2rq1rk1/pp2bp1p/5p2/3p4/3P1PP1/1Q1N1N1P/PPn5/2R2RK1 b - - 3 20,40,uai0h4MN,d8b6,-245,151,c2e3,0.0038,0.0035,0.0038,0.0036,c2e3,c2e3,c2e3,c2e3,136.0,0.0038,-0.0002,True,club,03_disagreements_b2,2138,2193,2193,False,True,5,queen,False,False,True,middlegame,True,False,False,False,False
5rk1/pp2b2p/4qp2/3p4/2NP1PP1/4Q2P/PP6/2R3K1 b - - 1 26,52,uai0h4MN,e6d7,-104,27,e6d7,0.0497,0.0423,0.0451,0.0494,e6e3,e6e3,e6e3,e6e3,185.0,0.0497,-0.0003,True,club,03_disagreements_b2,2138,2193,2193,True,False,5,queen,False,False,True,endgame,False,True,False,False,False
4q1k1/pp3ppp/1r3p2/3B1N2/6P1/7P/PP3P2/2R3K1 b - - 0 28,56,8jeaAC7B,g8f8,377,77,h7h6,0.0044,0.0054,0.0056,0.0059,b6b2,g7g6,g7g6,g7g6,256.0,0.0059,0.0015,True,club,03_disagreements_b2,2269,2245,2245,False,True,0,king,False,False,True,endgame,False,False,False,True,False
2rq2k1/pp3pbp/2nnr1p1/2p2P2/2Pp4/P2P2NP/BP4P1/R1BQ1RK1 b - - 0 18,36,Amx4Ek5r,e6e3,193,57,e6e8,0.0057,0.0042,0.004,0.0051,d6f5,d6f5,d6f5,d6f5,133.0,0.0057,-0.0006,True,club,03_disagreements_b2,1917,1932,1932,False,True,2,rook,False,False,True,middlegame,True,False,False,False,False
r2qkr2/1pp4Q/3p2p1/p2Ppb2/2P1n1P1/8/PP2BP2/R3K1NR b KQ - 0 18,36,zPNUB90Q,e4f6,-177,55,e4g5,0.0466,0.0322,0.0214,0.0182,f5d7,f5d7,f5d7,f5d7,427.0,0.0466,-0.0284,True,club,03_disagreements_b2,2035,2084,2084,False,True,6,knight,False,False,True,middlegame,False,True,False,False,False
r2qkr2/1pp3Q1/3p2p1/p2Pp1n1/2P1b1P1/5P2/PP2B3/R3K1NR b KQ - 0 20,40,zPNUB90Q,d8e7,-306,44,e4c2,0.0209,0.0175,0.0154,0.0172,g5f3,g5f3,g5f3,g5f3,207.0,0.0209,-0.0037,True,club,03_disagreements_b2,2035,2084,2084,False,True,6,queen,False,False,True,middlegame,True,False,False,False,False
rn5Q/ppp1p1r1/5kp1/5p2/5P2/B1PP4/P1P1q1PP/4RRK1 b - - 10 20,40,FyrzPjqr,b8c6,-799,63,e2c2,0.002,0.0015,0.0015,0.0015,e2c2,e2c2,e2c2,e2c2,1199.0,0.002,-0.0005,True,club,03_disagreements_b2,1925,1924,1924,False,True,1,knight,False,False,True,middlegame,True,False,False,False,False
r2q1rk1/3b2p1/p2bp1Pp/1p1p1p1Q/3P3P/7B/PPPB1P2/1K2R2R b - - 1 20,40,xM3d1PVP,a8a7,0,25,a8c8,0.0023,0.0019,0.0015,0.0016,d8f6,d8f6,d8f6,d8f6,348.0,0.0023,-0.0007,True,club,03_disagreements_b2,2006,1949,1949,False,True,2,rook,False,False,True,middlegame,True,False,False,False,False
r1b1k2r/p5pp/1qp2n2/2b3N1/N2pp3/4B3/PPP2PPP/R2QR1K1 b kq - 1 14,28,5ru0JOpW,d4e3,-55,181,b6b4,0.0085,0.0063,0.0055,0.0044,b6b4,b6b5,b6b5,b6a5,313.0,0.0085,-0.0041,True,club,03_disagreements_b2,1831,1826,1826,False,True,6,pawn,True,False,False,middlegame,True,False,True,False,False
2rqr1k1/pQ3ppp/5n2/3p1b2/P2Pn3/3BPN2/5PPP/R1B2RK1 b - - 0 16,32,oAirrjeJ,c8b8,0,18,c8c7,0.0382,0.0349,0.0291,0.0264,c8c7,c8c7,c8c7,c8c7,106.0,0.0382,-0.0118,True,club,03_disagreements_b2,1906,1856,1856,False,True,2,rook,False,False,True,middlegame,False,False,False,False,False
6k1/p4ppp/4rn2/3p4/P2B4/Q3PP2/2q3PP/5RK1 b - - 3 32,64,oAirrjeJ,f6e8,-45,48,a7a6,0.0102,0.0075,0.0071,0.0099,a7a6,a7a6,a7a6,a7a6,116.0,0.0102,-0.0003,True,club,03_disagreements_b2,1906,1856,1856,False,True,5,knight,False,False,True,endgame,False,True,False,False,False
r4rk1/ppq2p2/4bp1p/3p4/2pP4/2P2BP1/PP1N4/R2QR2K b - - 0 18,36,JBZtTTzw,g8h7,-366,20,c7g3,0.0118,0.0134,0.0112,0.0048,c7g3,c7g3,c7g3,c7g3,151.0,0.0134,-0.007,True,club,03_disagreements_b2,1955,1984,1984,False,True,7,king,False,False,True,middlegame,True,False,False,True,False
6r1/pp3pk1/4bp1p/3p4/2pP1QB1/2P5/PP1N4/7K b - - 4 26,52,JBZtTTzw,g8e8,-582,19,b7b5,0.0088,0.0086,0.0116,0.0193,e6g4,e6g4,g7f8,g7f8,208.0,0.0193,0.0105,True,club,03_disagreements_b2,1955,1984,1984,False,True,1,rook,False,False,True,endgame,False,False,False,False,False
8/7Q/4pprp/3p1k2/1ppP3N/2P5/PP6/7K b - - 1 32,64,JBZtTTzw,f5f4,-789,6,f5f4,0.0239,0.0266,0.0306,0.0412,f5g5,f5g5,f5g5,f5g5,1198.0,0.0412,0.0173,True,club,03_disagreements_b2,1955,1984,1984,True,False,1,king,False,False,True,endgame,True,False,False,True,False
1nkr3r/Qpp1q3/p2p1p1p/4n3/8/P1B5/1PP1B1PP/2K1R3 b - - 3 22,44,xzKh9OLu,f6f5,392,21,f6f5,0.0151,0.0098,0.0077,0.0082,e5c6,e5c6,e5c6,e5c6,162.0,0.0151,-0.0069,True,club,03_disagreements_b2,1938,1863,1863,True,False,4,pawn,False,False,True,middlegame,True,False,True,False,False
8/ppp3kp/4r1p1/4R1Q1/8/5P2/PP3P1P/6K1 b - - 1 26,52,s85GI732,g7f7,-821,1,e6f6,0.0183,0.0176,0.0195,0.023,e6e5,e6e5,e6e5,e6d6,1173.0,0.023,0.0047,True,club,03_disagreements_b2,1961,1973,1973,False,True,1,king,False,False,True,endgame,False,False,False,True,False
6k1/1q3p1p/1P1ppbp1/BQ1n4/3P4/5N1P/5PP1/6K1 b - - 4 32,64,AtyzwkhP,g8f8,0,0,g8f8,0.0172,0.0225,0.0329,0.0496,f6d8,f6d8,f6d8,f6d8,545.0,0.0496,0.0324,True,club,03_disagreements_b2,1841,2121,2121,True,False,5,king,False,False,True,endgame,False,False,False,True,False
3rr1k1/npp1qppn/p6p/3Pp3/1PP5/P4N1P/2B1QPP1/3RR1K1 b - - 0 22,44,I975x4Wa,e5e4,-268,14,h7g5,0.0296,0.0186,0.0123,0.0083,f7f6,f7f6,f7f6,f7f6,143.0,0.0296,-0.0213,True,club,03_disagreements_b2,2228,1828,1828,False,True,6,pawn,False,False,True,middlegame,True,False,True,False,False
2k3rr/pp1bbp2/4p3/3pPnpp/1Ppq4/2Q3PP/P3BP1N/RNB2RK1 b - - 1 18,36,w5v0nO20,f5g3,276,106,d4b6,0.0295,0.0286,0.0285,0.0292,d4c3,d4b6,d4b6,d4b6,157.0,0.0295,-0.0003,True,club,03_disagreements_b2,2185,2171,2171,False,True,7,knight,True,False,False,middlegame,True,False,False,False,False
r2qr1k1/3bN1pn/p4p1p/1ppP4/8/2P4P/PPQ3P1/1B2RRK1 b - - 3 26,52,15Wkba1A,d8e7,-861,27,e8e7,0.0144,0.0085,0.0081,0.009,e8e7,e8e7,e8e7,e8e7,1128.0,0.0144,-0.0054,True,club,03_disagreements_b2,1982,1910,1910,False,True,6,queen,True,False,False,middlegame,True,False,False,False,False
r2qnrk1/pb1n1p2/1p1p3p/2p1pN2/2PPPP1p/2PB4/P2Q2PP/R4RK1 b - - 0 16,32,I4Ar14tc,c5d4,114,21,d8f6,0.0419,0.0231,0.0132,0.0081,g8h7,g8h7,g8h7,g8h7,183.0,0.0419,-0.0338,True,club,03_disagreements_b2,2313,2375,2375,False,True,6,pawn,True,False,False,middlegame,True,False,True,False,False
r2qnrk1/pb1n1p2/1p1P3p/2p2N2/2PPP2p/2PB4/P2Q2PP/R4RK1 b - - 0 18,36,I4Ar14tc,e8d6,-583,52,e8d6,0.0332,0.0136,0.0047,0.0017,d8g5,d8g5,d8g5,d8g5,217.0,0.0332,-0.0315,True,club,03_disagreements_b2,2313,2375,2375,True,False,6,knight,True,False,False,middlegame,True,False,False,False,False
2rqkbnr/5ppp/p3p3/1p6/2nN2PP/2N1BQ2/PP2KP2/R6R b k - 5 16,32,rrYpPTnF,f8d6,141,42,c4b2,0.0049,0.0055,0.0062,0.0071,c4b2,c4b2,c4e3,c4e3,142.0,0.0071,0.0022,True,club,03_disagreements_b2,2022,2060,2060,False,True,2,bishop,False,False,True,middlegame,True,False,False,False,False
2rqkbnr/5ppp/p3p3/1p6/2nNN1PP/4BQ2/P3KP2/3R3R b k - 3 18,36,rrYpPTnF,d8d5,129,8,d8c7,0.0125,0.0106,0.0105,0.0156,d8a5,d8a5,d8a5,c4e3,203.0,0.0156,0.0031,True,club,03_disagreements_b2,2022,2060,2060,False,True,2,queen,False,False,True,middlegame,True,False,False,False,False
3Rn3/4pk1p/3p2p1/p1n5/2NrP2P/5P2/4KP2/2R5 b - - 3 26,52,9TI8Fxe5,c5e6,-79,9,a5a4,0.0383,0.0392,0.0373,0.0422,a5a4,a5a4,a5a4,a5a4,121.0,0.0422,0.0039,True,club,03_disagreements_b2,1967,1924,1924,False,True,5,knight,False,False,True,endgame,False,True,False,False,False
2kr1b1r/pp1q1pp1/4p1p1/3n4/3P2P1/P5BP/1KP1QPB1/3R3R b - - 0 18,36,T7iSzK3x,f8a3,146,146,d7a4,0.0483,0.0346,0.0241,0.0183,d7a4,d7a4,d7a4,d7a4,156.0,0.0483,-0.03,True,club,03_disagreements_b2,1915,1903,1903,False,True,2,bishop,True,True,False,middlegame,True,False,False,False,False
2kr4/ppp2ppp/r6b/2P5/1P6/P7/R2N1PPP/3R1K2 b - - 2 26,52,Fje4arnx,d8d2,308,21,d8d3,0.0069,0.0063,0.0062,0.0058,a6e6,a6e6,a6e6,a6e6,156.0,0.0069,-0.0011,True,club,03_disagreements_b2,1882,1886,1886,False,True,0,rook,True,False,False,endgame,True,False,False,False,False
r2q1rk1/pp1nbppp/4pn2/3p4/3P1Bb1/1Q2PN2/PP1NBPPP/R4RK1 b - - 1 10,20,1pX40Aiz,f6e4,22,29,b7b6,0.024,0.0151,0.0105,0.0075,b7b6,b7b6,b7b6,b7b6,173.0,0.024,-0.0165,True,club,03_disagreements_b2,1949,1839,1839,False,True,3,knight,False,False,True,opening,True,False,False,False,False
r1bq1rk1/3n1ppp/2pp1n2/ppb1p1B1/P3PP2/1BNP4/1PPQ2PP/2KR2NR b - - 0 10,20,J4AQjgj9,c5b4,136,5,d8b6,0.0328,0.0345,0.0342,0.0378,b5b4,b5b4,b5b4,b5b4,138.0,0.0378,0.005,True,club,03_disagreements_b2,2056,1963,1963,False,True,2,bishop,False,False,True,opening,True,False,False,False,False
r1b2rk1/3n1ppp/1qp2n2/ppb1p1B1/P3P3/1BNP1N2/1PPQ2PP/2KR3R b - - 1 12,24,J4AQjgj9,b6c7,51,0,h7h6,0.0018,0.0022,0.003,0.0053,b5a4,b5a4,b5a4,b5a4,133.0,0.0053,0.0035,True,club,03_disagreements_b2,2056,1963,1963,False,True,2,queen,False,False,True,opening,False,True,False,False,False
r4rk1/1pp2pp1/p2p3p/8/P1B1Pq1n/2PPRnNP/1P2QP2/R4K2 b - - 6 20,40,5JDjS7vS,g8h8,178,89,f3e5,0.0033,0.0093,0.0198,0.0295,f3h2,f3h2,f3h2,f3h2,106.0,0.0295,0.0262,True,club,03_disagreements_b2,1913,1940,1940,False,True,0,king,False,False,True,middlegame,False,False,False,True,False
r4rk1/1p2bpp1/pq2b2p/3pPp2/N1nP1P2/P3BN2/1P4PP/2RQ1RK1 b - - 4 18,36,tzgrCE8T,b6c6,129,33,b6a5,0.049,0.0486,0.0453,0.0408,b6b5,b6b5,b6b5,c4e3,312.0,0.049,-0.0082,True,club,03_disagreements_b2,1957,1956,1956,False,True,2,queen,False,False,True,middlegame,False,False,False,False,False
2q5/Q1nk4/1B1pn1p1/3Np1P1/4P3/8/7P/4K3 b - - 10 34,68,MLSgxZxH,c8a6,-1,0,d7d8,0.044,0.0289,0.0256,0.0363,d7c6,d7c6,d7c6,d7c6,796.0,0.044,-0.0077,True,club,03_disagreements_b2,2305,2153,2153,False,True,5,queen,False,False,True,endgame,True,False,False,False,False
r2kr3/1p2p3/p2p1n1p/5qp1/1BN5/2P2P2/4Q1PP/R3R2K b - - 5 24,48,3dI38cFT,d8c7,-524,39,f6d5,0.0326,0.0355,0.0409,0.045,f6d5,f6d5,f6d5,f6d5,207.0,0.045,0.0124,True,club,03_disagreements_b2,1812,1860,1860,False,True,1,king,False,False,True,middlegame,True,False,False,True,False
rnbqk2r/pppn1ppp/1b2p3/3pP3/1P1P4/P1N1BP2/2P3PP/R2QKBNR b KQkq - 2 8,16,oYXFF3p7,d7e5,76,81,c7c6,0.0113,0.0127,0.0231,0.0314,e8g8,e8g8,e8g8,a7a5,154.0,0.0314,0.0201,True,club,03_disagreements_b2,1997,1915,1915,False,True,3,knight,True,False,False,opening,True,False,False,False,False
2kr3r/p1p1b3/1p1p1p2/n3qQp1/1P1N4/2P5/P5PP/R1BR2K1 b - - 2 22,44,sYNmuiPC,d8d7,-170,52,e5f5,0.0377,0.0162,0.0068,0.004,e5f5,e5f5,e5f5,e5f5,156.0,0.0377,-0.0337,True,club,03_disagreements_b2,1901,1872,1872,False,True,5,rook,False,False,True,middlegame,True,False,False,False,False
1k1r3r/p1p1N3/1p1p1p2/nP4p1/2P5/8/P5PP/R1BR2K1 b - - 0 26,52,sYNmuiPC,h8h6,-395,0,a5c4,0.009,0.0103,0.0123,0.0118,a5c4,a5c4,a5c4,a5c4,121.0,0.0123,0.0028,True,club,03_disagreements_b2,1901,1872,1872,False,True,7,rook,False,False,True,middlegame,True,False,False,False,False
2q2rk1/p4p1p/bp1b2p1/2p4n/2NP4/3Q2P1/PPB1RP1P/4R1K1 b - - 0 22,44,TKuFHqMJ,h5f4,0,189,d6b8,0.0089,0.0068,0.005,0.0036,c5d4,c5d4,c5d4,c5d4,468.0,0.0089,-0.0053,True,club,03_disagreements_b2,1802,1867,1867,False,True,2,knight,False,False,True,middlegame,True,False,False,False,False
1b3rk1/p3Rp1p/b4Qp1/1pp5/2NP4/1P4Pq/P1B2P1P/4R1K1 b - - 0 26,52,TKuFHqMJ,h3h6,-678,36,a6c8,0.0205,0.0196,0.0143,0.0105,b5c4,b5c4,b5c4,b5c4,1313.0,0.0205,-0.01,True,club,03_disagreements_b2,1802,1867,1867,False,True,1,queen,False,False,True,middlegame,False,True,False,False,False
r4r1k/pp2Q1p1/8/3p3p/2pP4/2P3NP/PPq5/4R2K b - - 1 32,64,KULfAAWN,f8e8,487,2,a8e8,0.0212,0.0103,0.0049,0.003,f8f2,f8f2,f8f2,c2f2,169.0,0.0212,-0.0182,True,club,03_disagreements_b2,2177,2134,2134,False,True,4,rook,False,False,True,endgame,False,False,False,False,False
r2q3k/1b1pnrbp/p1n1ppp1/1p6/4PB2/2N2N2/PP1Q1PPP/1BRR2K1 b - - 7 16,32,57yJXhaD,g6g5,57,74,e7c8,0.0466,0.0407,0.0325,0.0222,d7d5,d7d5,d7d5,d7d5,101.0,0.0466,-0.0244,True,club,03_disagreements_b2,1907,1986,1986,False,True,2,pawn,False,False,True,middlegame,True,False,True,False,False
r2r1nk1/pb1qppbp/1pn3p1/2pNP3/2P1BP2/P3BN2/1P2Q1PP/R4RK1 b - - 4 18,36,cFYXMMyM,f7f5,-85,32,f8e6,0.0344,0.0181,0.0088,0.0055,e7e6,f8e6,f8e6,f8e6,103.0,0.0344,-0.0289,True,club,03_disagreements_b2,2080,2119,2119,False,True,2,pawn,False,False,True,middlegame,True,False,True,False,False
1rb2rk1/4qpp1/2p4p/ppn1p3/4Pn2/P1N1QN1P/1PP2PP1/2RR1BK1 b - - 3 18,36,V4F3bAnv,f4g6,-37,0,b5b4,0.0091,0.0118,0.0131,0.0108,b5b4,b5b4,b5b4,c5e6,132.0,0.0131,0.0017,True,club,03_disagreements_b2,2035,1955,1955,False,True,2,knight,False,False,True,middlegame,False,True,False,False,False
r1bqr1k1/pp2b2p/1n2p1pB/4P3/2PpN3/5NQ1/PP4P1/R4RK1 b - - 1 18,36,liAHHVEZ,b6d7,-504,58,b6c4,0.01,0.012,0.0154,0.0192,b6c4,b6c4,b6c4,b6c4,180.0,0.0192,0.0092,True,club,03_disagreements_b2,1801,1804,1804,False,True,6,knight,False,False,True,middlegame,False,True,False,False,False
r1bqr1k1/pp2b2p/4p1p1/4P3/3pN3/4BNQ1/PP4P1/3R1RK1 b - - 0 20,40,liAHHVEZ,c8d7,-552,17,d4e3,0.0278,0.0214,0.0161,0.0139,d8b6,d8b6,d8b6,d8b6,112.0,0.0278,-0.0139,True,club,03_disagreements_b2,1801,1804,1804,False,True,1,bishop,False,False,True,middlegame,True,False,False,False,False
6k1/pp5p/4p1p1/1b6/8/4Q3/PP4PK/5r2 b - - 3 34,68,liAHHVEZ,a7a6,-20,41,b5c6,0.0207,0.016,0.0118,0.0098,f1f6,f1f6,f1f6,f1f6,208.0,0.0207,-0.0109,True,club,03_disagreements_b2,1801,1804,1804,False,True,5,pawn,False,False,True,endgame,True,False,True,False,False
7k/6p1/4n1p1/3PP2p/2q1N3/7P/5PP1/3Q2K1 b - - 0 32,64,byeY73yB,e6c7,-481,2,e6f4,0.0454,0.0281,0.0169,0.0143,c4e4,c4e4,c4e4,c4e4,363.0,0.0454,-0.0311,True,club,03_disagreements_b2,2023,1917,1917,False,True,5,knight,False,False,True,endgame,False,True,False,False,False
4rkr1/pQ1bb3/2p2p2/5p2/3P4/2P2NBq/P4PP1/R3R1K1 b - - 1 26,52,fjYifssl,d7c8,-372,113,g8g3,0.044,0.039,0.0371,0.0381,g8g3,g8g3,g8g3,g8g3,267.0,0.044,-0.0059,True,club,03_disagreements_b2,1967,1881,1881,False,True,6,bishop,False,False,True,middlegame,False,True,False,False,False
4rrk1/1R5p/1Rq2np1/4ppQ1/3p4/5P2/P4BPP/6K1 b - - 3 34,68,ZAI4ipF1,c6c5,16,16,c6d5,0.0373,0.0324,0.0293,0.0304,c6c1,c6c1,c6c1,c6c2,348.0,0.0373,-0.0069,True,club,03_disagreements_b2,1934,2061,2061,False,True,5,queen,False,False,True,middlegame,True,False,False,False,False
r1q3k1/1b1np3/pp1pN3/2pP3p/P1Pbp1p1/2N5/1PQB2PP/5R1K b - - 2 24,48,Fg55hUTj,d7f8,-255,167,d7f6,0.0249,0.0234,0.0186,0.02,d7f6,d7f6,d7f6,d7f6,241.0,0.0249,-0.0049,True,club,03_disagreements_b2,1926,1888,1888,False,True,6,knight,False,False,True,middlegame,False,True,False,False,False
r1q3k1/1b2p3/pp1pN3/2pP3p/P1PbQ1p1/8/1P1B2PP/5R1K b - - 0 26,52,Fg55hUTj,g8h8,-823,197,d4f6,0.0199,0.02,0.0199,0.0211,c8e8,c8e8,d4f6,d4f6,1173.0,0.0211,0.0012,True,club,03_disagreements_b2,1926,1888,1888,False,True,1,king,False,False,True,middlegame,False,False,False,True,False
rn3bnr/2q1k2p/1NpNPpp1/p7/P3P3/8/1PP2PPP/R1BQ1RK1 b - - 0 14,28,HSvXwDMM,b8a6,-703,46,a8a6,0.0136,0.0102,0.0085,0.0092,c7b6,c7b6,c7b6,c7b6,161.0,0.0136,-0.0044,True,club,03_disagreements_b2,2208,2066,2066,False,True,1,knight,False,False,True,middlegame,True,False,False,False,False
r6r/pp3k2/2n1q1p1/3R1nBp/7P/P2Q4/1P2NP2/5RK1 b - - 2 26,52,Nre4rxJN,f5d4,-401,5,h8e8,0.0032,0.0015,0.0008,0.0006,c6e5,c6e5,c6e5,h8e8,103.0,0.0032,-0.0026,True,club,03_disagreements_b2,2084,2063,2063,False,True,6,knight,False,False,True,middlegame,True,False,False,False,False
r2qkb1r/1p1b1pp1/p1nppn1p/8/4P3/1P2QN1P/P1P1BPP1/RNB1K2R b KQkq - 1 10,20,aaUyuNaG,d6d5,170,92,f8e7,0.043,0.0257,0.0166,0.0299,f8e7,f8e7,f8e7,f8e7,137.0,0.043,-0.0131,True,club,03_disagreements_b2,1961,1962,1962,False,True,3,pawn,False,False,True,opening,True,False,True,False,False
3qnrk1/1p1b1pp1/4p2p/3pP1b1/8/1PBBNN1P/5PP1/2Q3K1 b - - 3 24,48,aaUyuNaG,d5d4,227,77,b7b5,0.0095,0.0059,0.004,0.0036,g5e3,g5e3,g5e3,g5e3,109.0,0.0095,-0.0059,True,club,03_disagreements_b2,1961,1962,1962,False,True,0,pawn,False,False,True,middlegame,True,False,True,False,False
4rrk1/pp4pp/2p5/2Npp1q1/3P4/P2P2Pb/BP3P2/R2Q1RK1 b - - 0 20,40,OTNObjYR,g8h8,361,152,h3f1,0.0013,0.0013,0.0016,0.0028,h3f1,h3f1,h3f1,h3f1,236.0,0.0028,0.0015,True,club,03_disagreements_b2,1836,1873,1873,False,True,7,king,False,False,True,middlegame,False,False,False,True,False
1k5r/pppB1ppp/8/8/Qb1q4/4rPK1/PP4PP/R6R b - - 3 18,36,ZWMr0aVH,g7g5,772,77,b4d6,0.0057,0.0048,0.0047,0.0058,b4d6,b4d6,b4d6,b4d6,218.0,0.0058,0.0001,True,club,03_disagreements_b2,1848,1858,1858,False,True,4,pawn,False,False,True,middlegame,True,False,True,False,False
1k5r/pppB1ppp/3b4/1Q2q3/8/4rP1K/PP4PP/R6R b - - 7 20,40,ZWMr0aVH,c7c5,671,89,e5f6,0.0053,0.0043,0.0045,0.0058,e5b5,e5b5,e5f4,e5f4,179.0,0.0058,0.0005,True,club,03_disagreements_b2,1848,1858,1858,False,True,4,pawn,False,False,True,middlegame,True,False,True,False,False
r1bq1r2/ppp1npkp/3p1np1/3Pp3/4P3/2N2P2/PPPQN1PP/R3KB1R b KQ - 2 10,20,VbGYxADT,h7h5,10,2,f6g8,0.0087,0.006,0.0082,0.0139,c7c6,c7c6,c7c6,f6h5,164.0,0.0139,0.0052,True,club,03_disagreements_b2,2001,1995,1995,False,True,3,pawn,False,False,True,opening,True,False,True,False,False
r4r1k/pppb3p/3p4/3Pp3/4P2Q/2Nq2N1/PP3n2/K4RR1 b - - 1 26,52,VbGYxADT,a8e8,-252,69,d3e3,0.0094,0.0091,0.0104,0.0139,f8f4,f8f4,f8f4,f8f4,200.0,0.0139,0.0045,True,club,03_disagreements_b2,2001,1995,1995,False,True,6,rook,False,False,True,middlegame,False,False,False,False,False
r4rk1/1pp2pb1/3p1qpp/p1n5/b1QPP3/P5P1/4NPBP/RN3RK1 b - - 1 16,32,J0sDnOhC,f6e6,289,30,b7b5,0.0173,0.0147,0.012,0.0102,a4b3,a4b3,b7b5,a4b3,188.0,0.0173,-0.0071,True,club,03_disagreements_b2,2005,1965,1965,False,True,0,queen,False,False,True,middlegame,False,False,False,False,False
r1bq1rk1/pp1pbppp/2p5/P2nP2Q/1P1PN3/2P3P1/1B4BP/R4RK1 b - - 2 20,40,jgV7B9d4,f7f5,-205,48,d7d6,0.0049,0.0085,0.02,0.0378,d5e3,d5e3,d5e3,d5e3,300.0,0.0378,0.0329,True,club,03_disagreements_b2,2015,2130,2130,False,True,2,pawn,False,False,True,middlegame,True,False,True,False,False
1r3rk1/q4pbp/3p2pn/1ppN1P2/6P1/1PP4P/P2Q4/2KR2BR b - - 0 22,44,5eu2HVAd,f7f6,-165,65,b8a8,0.0137,0.0133,0.0111,0.009,a7a3,a7a3,a7a3,a7a3,141.0,0.0137,-0.0047,True,club,03_disagreements_b2,1910,1907,1907,False,True,6,pawn,False,False,True,middlegame,True,False,True,False,False
r4rk1/5pbp/3p1Ppn/1ppN4/6P1/qPP4P/P2Q4/1K1R2BR b - - 2 24,48,5eu2HVAd,f8e8,-445,26,c5c4,0.0179,0.0115,0.0105,0.0126,g7h8,g7h8,g7h8,g7h8,1554.0,0.0179,-0.0053,True,club,03_disagreements_b2,1910,1907,1907,False,True,6,rook,False,False,True,middlegame,False,False,False,False,False
r2q1r1k/pp4b1/2pp2pp/4pp2/3nP1P1/P1PPB2P/BP3P2/R2QK2R b KQ - 1 18,36,Xkmlak8m,f5e4,108,163,f5e4,0.0354,0.0353,0.0363,0.0365,d4b5,d4b5,d4b5,d4b5,324.0,0.0365,0.0011,True,club,03_disagreements_b2,2096,2049,2049,True,False,2,pawn,True,False,False,middlegame,True,False,True,False,False
r4b1r/pp1k1ppp/2p1b3/8/4BB2/8/PPP2PPP/R3R1K1 b - - 1 14,28,7Sb47dxb,g7g6,-18,18,a8d8,0.0368,0.0362,0.0334,0.0284,a8d8,a8d8,f8d6,f8d6,510.0,0.0368,-0.0084,True,club,03_disagreements_b2,1804,1833,1833,False,True,3,pawn,False,False,True,middlegame,True,False,True,False,False
r3kb1r/ppqn1ppp/2p1pn2/4Nb2/3P1P2/2N5/PPPBB1PP/R2Q1RK1 b kq - 3 10,20,W7xFtGyZ,c7b6,34,32,c6c5,0.0124,0.0119,0.0113,0.0155,f8d6,f8d6,f8d6,f8e7,179.0,0.0155,0.0031,True,club,03_disagreements_b2,1985,2045,2045,False,True,3,queen,False,False,True,opening,True,False,False,False,False
r1b1kb1r/ppp1qpp1/2np1n1p/8/2BPP3/1Q3N2/PP3PPP/RNB2RK1 b kq - 0 8,16,5qNXu8jA,f6d7,-171,41,a8b8,0.0005,0.0019,0.0064,0.012,c8e6,c6a5,c6a5,c6a5,288.0,0.012,0.0115,True,club,03_disagreements_b2,2043,1935,1935,False,True,3,knight,False,False,True,opening,False,True,False,False,False
2br2k1/p1q1bppp/2p2n2/1p2pPB1/4P3/1NPr3P/PP2Q1PN/R4RK1 b - - 4 18,36,ytHVOUtt,f6e4,249,86,a7a5,0.0128,0.0088,0.0062,0.0033,c7b6,a7a5,a7a5,a7a5,167.0,0.0128,-0.0095,True,club,03_disagreements_b2,1990,2045,2045,False,True,2,knight,True,False,False,middlegame,True,False,False,False,False
2br2k1/2q1bppp/2p2n2/p3pPB1/Pp2P3/1NPr3P/1P2Q1PN/3R1RK1 b - - 1 20,40,ytHVOUtt,c7a7,470,7,d3d1,0.0028,0.0019,0.0013,0.0009,d3d1,d3d1,c8a6,c8a6,145.0,0.0028,-0.0019,True,club,03_disagreements_b2,1990,2045,2045,False,True,0,queen,False,True,False,middlegame,False,False,False,False,False
2b3k1/2q1bppp/2p2n2/p3pPB1/Pp2P3/1NP4P/1P4PN/3Q2K1 b - - 0 22,44,ytHVOUtt,c7a7,448,17,f6e4,0.0074,0.0041,0.002,0.0015,b4c3,b4c3,f6e4,f6e4,237.0,0.0074,-0.0059,True,club,03_disagreements_b2,1990,2045,2045,False,True,0,queen,False,True,False,middlegame,False,False,False,False,False
2b3k1/4qppp/2p5/p3pP2/PP2n3/1N5P/1P4PN/3Q2K1 b - - 0 24,48,ytHVOUtt,e7a7,315,203,a5b4,0.0213,0.0186,0.0159,0.0189,a5b4,a5b4,a5b4,a5b4,203.0,0.0213,-0.0024,True,club,03_disagreements_b2,1990,2045,2045,False,True,0,queen,False,True,False,endgame,False,False,False,False,False
6k1/5ppp/b1p5/4pP2/Pp2n3/1N3Q1P/1P4P1/4KNq1 b - - 7 28,56,ytHVOUtt,h7h5,434,60,a6f1,0.0005,0.0002,0.0002,0.0003,a6f1,a6f1,a6f1,a6f1,235.0,0.0005,-0.0002,True,club,03_disagreements_b2,1990,2045,2045,False,True,0,pawn,False,False,True,endgame,True,False,True,False,False
r1bqr1k1/ppp1bppp/2n2n2/6B1/3PN3/3B1N2/PP2QPPP/R4RK1 b - - 0 12,24,VT0eRSlP,c8f5,61,2,f6e4,0.0318,0.0213,0.0134,0.0098,f6e4,f6e4,f6e4,c6d4,101.0,0.0318,-0.022,True,club,03_disagreements_b2,1926,1990,1990,False,True,3,bishop,False,False,True,opening,True,False,False,False,False
4R3/6pk/2pB3p/5p2/2PPn3/1P3P1P/6PK/4r3 b - - 0 30,60,YhCa9KbV,g7g5,-522,33,e4d6,0.0381,0.0271,0.0221,0.0218,e4d6,e4d6,e4d6,e4d6,122.0,0.0381,-0.0163,True,club,03_disagreements_b2,1985,1972,1972,False,True,1,pawn,False,False,True,endgame,True,False,True,False,False
2kr1bnr/pppb1ppp/8/8/2qn3N/2N3P1/PP1PPPBP/R1BQ1RK1 b - - 10 12,24,Z23gTZIV,c4a6,-198,9,f8c5,0.0058,0.0066,0.0058,0.0052,f8b4,f8b4,g7g5,g7g5,146.0,0.0066,-0.0006,True,club,03_disagreements_b2,1831,1877,1877,False,True,3,queen,False,False,True,opening,False,True,False,False,False
r1b2rk1/p3b1pp/4pn2/q2pNp2/2pP1B2/2P1P3/P1Q1BPPP/R3K2R b KQ - 0 14,28,zxjApN2H,a5a3,21,1,f6e4,0.0236,0.0172,0.0126,0.0141,f6e4,f6e4,f6e4,f6e4,103.0,0.0236,-0.0095,True,club,03_disagreements_b2,1855,1841,1841,False,True,2,queen,False,False,True,middlegame,True,False,False,False,False
r3r1k1/8/p3p2p/1bBpN3/2pP1p2/8/PbB2PPP/5RK1 b - - 5 28,56,zxjApN2H,e8c8,330,21,a8c8,0.0111,0.0098,0.0092,0.009,c4c3,c4c3,c4c3,c4c3,143.0,0.0111,-0.0021,True,club,03_disagreements_b2,1855,1841,1841,False,True,0,rook,False,False,True,middlegame,False,False,False,False,False
3r2k1/pq4p1/1p2pp1p/3b4/3P1QN1/P1R3P1/1P3P1P/6K1 b - - 1 24,48,MtkFrgQO,d8d7,65,16,d5h1,0.0207,0.0318,0.0426,0.0493,d5h1,d5h1,d5h1,d5h1,301.0,0.0493,0.0286,True,club,03_disagreements_b2,1869,1849,1849,False,True,0,rook,False,False,True,endgame,True,False,False,False,False
r5k1/pb3p1p/1pnq1p1B/1B3N2/3Pr3/P7/1P3PPP/R2Q2K1 b - - 5 18,36,Gbkn9tba,d6c7,-393,40,d6d5,0.0287,0.0285,0.0233,0.0156,d6d5,d6d5,d6d5,d6d5,273.0,0.0287,-0.0131,True,club,03_disagreements_b2,1838,1852,1852,False,True,6,queen,False,False,True,middlegame,False,True,False,False,False
r3kb1r/ppp2n2/2n5/3pp3/8/3B3q/PPPP1PQ1/RNB2RK1 b kq - 1 12,24,wNPRPuSY,f7g5,595,78,h3h4,0.0079,0.0044,0.0028,0.0021,h3g2,h3g2,h3g2,h3g2,191.0,0.0079,-0.0058,True,club,03_disagreements_b2,2113,2122,2122,False,True,4,knight,False,False,True,opening,True,False,False,False,False
r5k1/pb1qp2p/1p4p1/3p1r2/4N3/7Q/PPP2PPP/3R1RK1 b - - 9 20,40,iaF4Q0R8,d7b5,21,14,d7b5,0.0476,0.0423,0.0376,0.0332,f5h5,d7e6,d7e6,d7e6,385.0,0.0476,-0.0144,True,club,03_disagreements_b2,1852,1806,1806,True,False,5,queen,False,False,True,middlegame,True,False,False,False,False
r2qr1k1/1bp2pbp/pp1p1np1/4n3/2PNP1PP/2N1BP2/PP1QB3/1K1R3R b - - 0 14,28,uAIJeZoG,e5g4,39,121,h7h5,0.0151,0.0211,0.0246,0.0146,b6b5,c7c5,c7c5,h7h5,253.0,0.0246,-0.0005,True,club,03_disagreements_b2,2069,2202,2202,False,True,3,knight,True,False,False,middlegame,True,False,False,False,False
r2qr1k1/1bp2pb1/p2p1np1/1p2n1BP/2PNP2P/2N2P2/PP1QB3/1K1R3R b - - 0 16,32,uAIJeZoG,c7c5,-212,80,g6h5,0.008,0.0114,0.0162,0.0177,g6h5,g6h5,e5c4,b5c4,118.0,0.0177,0.0097,True,club,03_disagreements_b2,2069,2202,2202,False,True,6,pawn,False,False,True,middlegame,True,False,True,False,False
r5kb/2p5/p2p4/3P3B/2p4P/5P2/PP2r3/1K1R4 b - - 0 28,56,uAIJeZoG,a8b8,883,250,e2b2,0.0369,0.0323,0.0377,0.0411,e2b2,e2b2,e2b2,e2b2,214.0,0.0411,0.0042,True,club,03_disagreements_b2,2069,2202,2202,False,True,4,rook,False,False,True,endgame,False,False,False,False,False
4r3/pk2q3/1pprp2p/3n1ppQ/3P4/P1P4P/1P1BRPP1/4R1K1 b - - 1 26,52,cblJFIbG,d5c7,-173,36,e7f8,0.0184,0.0171,0.0152,0.0174,f5f4,e7f6,e7f6,e7f6,343.0,0.0184,-0.001,True,club,03_disagreements_b2,1935,1830,1830,False,True,5,knight,False,False,True,middlegame,False,True,False,False,False
8/2q1bkpp/pNP1p3/Pp3p2/3rp3/3r3P/5PP1/1RR1Q1K1 b - - 0 30,60,rQOAxhk2,d4d8,282,45,d3d2,0.0154,0.0177,0.0196,0.0195,d4d6,d4d6,d4d6,d4d6,394.0,0.0196,0.0041,True,club,03_disagreements_b2,2111,1973,1973,False,True,0,rook,False,False,True,middlegame,False,True,False,False,False
r3nrk1/1pq1bppp/2p5/p2p1PPP/6Q1/2N2P2/PPP1B3/2KR3R b - - 1 18,36,F0j5hMdz,e7c5,7,60,c7e5,0.0066,0.0051,0.0046,0.0037,b7b5,b7b5,b7b5,b7b5,224.0,0.0066,-0.0029,True,club,03_disagreements_b2,1868,1812,1812,False,True,2,bishop,False,False,True,middlegame,True,False,False,False,False
r3nQ2/1p3ppk/2p2b1p/p2p3P/5q2/2N2P2/PPP5/1K4RR b - - 0 26,52,F0j5hMdz,f4b4,130,5,f4c7,0.0056,0.0052,0.0056,0.0061,e8d6,e8d6,e8d6,e8d6,360.0,0.0061,0.0005,True,club,03_disagreements_b2,1868,1812,1812,False,True,0,queen,False,False,True,middlegame,False,False,False,False,False
3rnQ2/1pq2ppk/2p2b1p/p2p3P/6R1/2N2P2/PPP5/1K4R1 b - - 4 28,56,F0j5hMdz,f6g5,219,146,b7b5,0.028,0.0217,0.0143,0.0094,c7e7,c7e7,c7e7,c7e7,771.0,0.028,-0.0186,True,club,03_disagreements_b2,1868,1812,1812,False,True,0,bishop,False,False,True,middlegame,True,False,False,False,False
r1b1kbnr/ppp2ppp/8/4Pq2/3Q4/8/PPPBB1PP/RN2K2R b KQkq - 2 10,20,ngFFD484,g8e7,-15,135,c8e6,0.04,0.0441,0.0469,0.0481,f5c2,f5c2,f5c2,f5c2,216.0,0.0481,0.0081,True,club,03_disagreements_b2,1947,1918,1918,False,True,3,knight,False,False,True,opening,True,False,False,False,False
r4k2/1b3p1p/1ppr2pP/P7/2B5/R3P3/1P2KPP1/7R b - - 0 26,52,rWfwebq3,c6c5,-97,3,b6b5,0.0169,0.0095,0.0052,0.0029,b6a5,b6a5,a8a5,a8a5,136.0,0.0169,-0.014,True,club,03_disagreements_b2,2153,2162,2162,False,True,5,pawn,False,False,True,endgame,True,False,True,False,False
3r4/4k2p/b1p3pP/Pp3p2/1P6/3RP3/4KPP1/3B4 b - - 2 32,64,rWfwebq3,d8e8,-348,23,d8d3,0.0096,0.0106,0.0132,0.0158,d8d3,d8d3,d8d3,d8d3,222.0,0.0158,0.0062,True,club,03_disagreements_b2,2153,2162,2162,False,True,5,rook,False,False,True,endgame,False,False,False,False,False
r5k1/pprbppbp/3p1np1/q3n3/4P3/1PN1B1PP/P1PQNPB1/1R3RK1 b - - 2 14,28,VmC5FNuX,d7h3,217,212,a8c8,0.0029,0.0019,0.001,0.0004,a8c8,a8c8,a8c8,a8c8,233.0,0.0029,-0.0025,True,club,03_disagreements_b2,2212,2192,2192,False,True,2,bishop,True,False,False,middlegame,True,False,False,False,False
2r3k1/pprbppbp/q2p1np1/4n3/1P2P3/2N1B1PP/P1PQNPB1/1R1R2K1 b - - 2 16,32,VmC5FNuX,d7h3,277,111,e5c4,0.002,0.0013,0.001,0.0009,e5c4,e5c4,e5c4,e5c4,103.0,0.002,-0.0011,True,club,03_disagreements_b2,2212,2192,2192,False,True,2,bishop,True,False,False,middlegame,True,False,False,False,False
r1b1k2r/pp1p2bp/6p1/3Np3/1q2P3/4B3/PPP3PP/R2Q1RK1 b - - 3 14,28,aFwK7So9,b4c4,-769,23,b4e4,0.0193,0.0214,0.0223,0.0263,b4e4,b4e4,b4e4,b4e4,505.0,0.0263,0.007,True,club,03_disagreements_b2,2044,2038,2038,False,True,1,queen,False,False,True,middlegame,False,False,False,False,False
1Q6/2p1kppp/p1b1p3/8/1npq4/6P1/1P3P1P/R4RK1 b - - 3 22,44,gF9Qs385,d4b6,0,40,d4d5,0.0112,0.0162,0.0201,0.0214,d4e4,d4e4,d4e4,d4e4,516.0,0.0214,0.0102,True,club,03_disagreements_b2,1834,1844,1844,False,True,0,queen,False,False,True,endgame,False,True,False,False,False
r1bqr1k1/pp1n1pbp/5np1/4p3/2NpP3/1P1P1N2/PB2BPPP/R2Q1RK1 b - - 1 12,24,4iZ9muqn,g7f8,28,34,g7f8,0.028,0.0203,0.0155,0.0122,b7b5,b7b5,b7b5,b7b5,122.0,0.028,-0.0158,True,club,03_disagreements_b2,2018,2055,2055,True,False,3,bishop,False,False,True,opening,False,True,False,False,False
2r5/1r3q1k/1p1R2p1/p3Bp1p/b1p1pP2/2P1Q3/1P3RPP/6K1 b - - 3 32,64,873IuBfD,f7e7,-104,0,c8c6,0.0264,0.0171,0.0106,0.0091,b6b5,b6b5,c8c6,c8c6,408.0,0.0264,-0.0173,True,club,03_disagreements_b2,1889,1890,1890,False,True,5,queen,False,False,True,middlegame,False,False,False,False,False
r3k3/ppp1nb2/2n2p2/2Pp4/3P4/4RN1q/PP1N1P2/R2Q2K1 b q - 1 20,40,TxNTbfyp,h3h6,171,31,e8c8,0.0047,0.003,0.0015,0.0008,e8c8,e8c8,e8c8,e8c8,171.0,0.0047,-0.0039,True,club,03_disagreements_b2,1839,1930,1930,False,True,0,queen,False,False,True,middlegame,False,True,False,False,False
r3kb1r/pp2pppp/1qn2n2/3p3b/3P1B2/1P1B1P2/P1P1N1PP/RN1Q1R1K b kq - 2 10,20,4LSqEVks,c6b4,-27,14,h5g6,0.0234,0.0133,0.011,0.0078,c6d4,c6d4,c6d4,c6d4,406.0,0.0234,-0.0156,True,club,03_disagreements_b2,1808,1889,1889,False,True,3,knight,False,False,True,opening,True,False,False,False,False
2kbRN1r/pp3p2/2p5/8/8/2P5/PP3PKP/8 b - - 7 26,52,T9wQ7A4X,h8h5,0,0,c8c7,0.0275,0.0233,0.022,0.0294,h8g8,h8g8,h8g8,c8c7,576.0,0.0294,0.0019,True,club,03_disagreements_b2,1869,1856,1856,False,True,0,rook,False,False,True,endgame,True,False,False,False,False
rq3rk1/1b1p1ppp/p1nPp3/1pp1n1N1/5P2/1P6/PBPPB1PP/R2Q1RK1 b - - 0 14,28,KNoDpvPI,f7f6,-116,119,e5g6,0.0445,0.0279,0.0189,0.0124,e5g6,e5g6,e5g6,e5g6,134.0,0.0445,-0.0321,True,club,03_disagreements_b2,1844,1846,1846,False,True,2,pawn,False,False,True,middlegame,True,False,True,False,False
5rk1/3p1rp1/p2np2p/1p6/3q1P2/1PR3P1/P2PQ2P/5R1K b - - 6 30,60,KNoDpvPI,b5b4,520,12,d4b4,0.0413,0.0272,0.0218,0.0211,d6e4,d6e4,d6e4,d6e4,276.0,0.0413,-0.0202,True,club,03_disagreements_b2,1844,1846,1846,False,True,4,pawn,False,False,True,middlegame,True,False,True,False,False
2r1k2r/1n3pp1/7p/pp1pP3/3PbP2/B1P1RN1P/P5P1/2R3K1 b k - 0 24,48,GsBSNrfF,h6h5,-129,26,e8d7,0.0093,0.0071,0.0069,0.0088,b5b4,b5b4,b5b4,b5b4,109.0,0.0093,-0.0005,True,club,03_disagreements_b2,1862,1849,1849,False,True,5,pawn,False,False,True,middlegame,True,False,True,False,False
4r1k1/1p2P2b/p1nQ1R1p/b1p5/2P5/PPq3PP/6BK/8 b - - 0 30,60,Bh5PkiEZ,g8g7,443,60,c6e7,0.02,0.0155,0.0139,0.0135,c6e7,c6e7,c6e7,c3e5,1525.0,0.02,-0.0065,True,club,03_disagreements_b2,1814,1863,1863,False,True,6,king,False,False,True,middlegame,True,False,False,True,False
4r1k1/1p2n2b/p6R/b1p4Q/2P5/PP4PP/3q2BK/8 b - - 6 34,68,Bh5PkiEZ,h7g6,0,1,h7g6,0.0329,0.0318,0.0359,0.0487,h7e4,h7e4,h7e4,h7e4,1997.0,0.0487,0.0158,True,club,03_disagreements_b2,1814,1863,1863,True,False,6,bishop,False,False,True,middlegame,True,False,False,False,False
4r1k1/2b2p1p/2p5/pp4K1/3P4/P1PQ2P1/1P1N1Pq1/4R3 b - - 0 28,56,slvkifBU,h7h6,764,83,e8e1,0.0214,0.0208,0.0256,0.0352,g2d5,g2d5,g2d5,g2d5,174.0,0.0352,0.0138,True,club,03_disagreements_b2,1983,2138,2138,False,True,4,pawn,False,True,False,endgame,True,False,True,False,False
2Q5/pp3p1k/7p/6pK/8/1P3P2/P1R2P1P/5qr1 b - - 1 28,56,ApMfLSvL,f1d3,1995,1283,f1d3,0.0249,0.0233,0.0238,0.0269,f1h3,f1h3,f1h3,f1h3,3978.0,0.0269,0.002,True,club,03_disagreements_b2,2067,1976,1976,True,False,0,queen,False,False,True,endgame,False,True,False,False,False
rn1q4/1b4kp/p7/6b1/1p1P2QP/8/PP3PP1/R3R1K1 b - - 0 20,40,HTYvGIvQ,b8d7,-336,13,h7h5,0.0235,0.0207,0.0191,0.02,h7h6,h7h6,h7h6,h7h6,247.0,0.0235,-0.0035,True,club,03_disagreements_b2,1987,2035,2035,False,True,6,knight,False,False,True,middlegame,True,False,False,False,False
2r1r2k/2q1b1pp/5p2/5P2/5N2/P4Q1P/2p3P1/2R2RK1 b - - 3 30,60,yFK8jZPi,c7a7,426,39,c7c5,0.0202,0.0209,0.019,0.0189,e7a3,e7a3,e7a3,e7a3,628.0,0.0209,-0.0013,True,club,03_disagreements_b2,1979,1993,1993,False,True,0,queen,False,True,False,middlegame,False,False,False,False,False
2r1r2k/4b1pp/5p2/5P1Q/5N2/q6P/2p3PK/2R2R2 b - - 1 32,64,yFK8jZPi,a3c5,363,4,e7d6,0.0014,0.001,0.0009,0.001,e7d6,e7d6,e7d6,e7d6,284.0,0.0014,-0.0004,True,club,03_disagreements_b2,1979,1993,1993,False,True,0,queen,False,False,True,middlegame,False,True,False,False,False
2N3k1/5pp1/p3pn1p/2Nn4/1P1Pb3/P7/5RPP/7K b - - 4 32,64,H2AnAoBF,e4h7,-406,1,f6g4,0.004,0.0042,0.0041,0.0042,f6g4,d5c7,d5c7,d5c7,114.0,0.0042,0.0002,True,club,03_disagreements_b2,1901,1884,1884,False,True,1,bishop,False,False,True,endgame,False,True,False,False,False
6k1/R4bp1/1r3p1p/4p3/4P2b/P4PN1/6PP/3R3K b - - 1 34,68,jFWnhy8B,g7g6,-436,31,f7e6,0.0122,0.0112,0.0129,0.0184,h4g3,h4g3,h4g3,f7b3,222.0,0.0184,0.0062,True,club,03_disagreements_b2,1985,1975,1975,False,True,1,pawn,False,False,True,endgame,True,False,True,False,False
3r3r/1k1nb1pp/1pp2p2/4p3/1P2P3/2P1B3/2KN1PPP/R2R4 b - - 3 20,40,JfiyWDre,e7d6,-135,60,b6b5,0.005,0.0044,0.0035,0.0022,d8a8,d8a8,d8a8,d8a8,144.0,0.005,-0.0028,True,club,03_disagreements_b2,2182,2191,2191,False,True,5,bishop,False,False,True,middlegame,True,False,False,False,False
3r3r/2k3pp/1npb1p2/Np2p3/1P2P3/1KP1B3/3R1PPP/R7 b - - 7 24,48,JfiyWDre,d6e7,-49,7,d8d7,0.0215,0.0218,0.0219,0.0275,b6c4,d8a8,d8a8,d8a8,521.0,0.0275,0.006,True,club,03_disagreements_b2,2182,2191,2191,False,True,5,bishop,False,False,True,middlegame,False,True,False,False,False
2rq1r2/p4pkp/4pnp1/3pP3/1pPP4/3Q4/PP1N1PPP/R4RK1 b - - 0 20,40,kseLFk2a,f6g8,-217,17,f6d7,0.0065,0.0089,0.0116,0.0154,d5c4,d5c4,d5c4,d5c4,233.0,0.0154,0.0089,True,club,03_disagreements_b2,1888,1911,1911,False,True,5,knight,False,False,True,middlegame,False,True,False,False,False
2r1r1k1/1b1q1pp1/3p1b1p/pP2p3/3pP3/1B1P1PP1/1PP1QNKP/R3R3 b - - 0 20,40,oGNJWAKo,f6d8,-71,20,c8a8,0.0101,0.0093,0.0089,0.0199,d7b5,d7b5,d7b5,d7b5,124.0,0.0199,0.0098,True,club,03_disagreements_b2,1926,1911,1911,False,True,2,bishop,False,False,True,middlegame,False,True,False,False,False
r1bq1bkr/pp4pp/2npN3/3Q4/8/8/PPP2PPP/RNB1K2R b KQ - 0 12,24,gwcdlcjb,d8e8,445,4,d8a5,0.047,0.0315,0.023,0.0258,c8e6,c8e6,c8e6,c8e6,2444.0,0.047,-0.0212,True,club,03_disagreements_b2,1877,2058,2058,False,True,3,queen,False,False,True,opening,False,False,False,False,False
r1b2k1r/p5pp/3p4/np6/5B2/8/PPP2PPP/RN3RK1 b - - 1 16,32,gwcdlcjb,f8f7,-255,41,d6d5,0.0231,0.0266,0.0218,0.0133,d6d5,d6d5,d6d5,d6d5,130.0,0.0266,-0.0098,True,club,03_disagreements_b2,1877,2058,2058,False,True,5,king,False,False,True,middlegame,True,False,False,True,False
3rr1k1/pRp2p2/q7/6pp/2NPB3/P1PQPPPb/5K2/8 b - - 3 26,52,DtfdMN8v,e8e4,323,133,h5h4,0.0109,0.019,0.0303,0.0427,h3e6,h3e6,h3e6,h3e6,228.0,0.0427,0.0318,True,club,03_disagreements_b2,2042,2029,2029,False,True,0,rook,True,False,False,middlegame,True,False,False,False,False
3rr1k1/p4p2/8/2R3p1/2NPB3/P1PQPP1b/3K4/6q1 b - - 8 32,64,DtfdMN8v,h3e6,130,15,h3f1,0.0103,0.0096,0.0116,0.0158,h3f1,h3f1,h3f1,h3f1,101.0,0.0158,0.0055,True,club,03_disagreements_b2,2042,2029,2029,False,True,0,bishop,False,False,True,middlegame,False,True,False,False,False
2r5/1p2kpp1/p3p3/4n2r/1P6/P6P/4BPP1/3RR1K1 b - - 1 26,52,L52yn6JS,h5h4,0,5,h5h6,0.0329,0.0285,0.0274,0.0346,h5g5,h5g5,h5g5,h5g5,347.0,0.0346,0.0017,True,club,03_disagreements_b2,1869,1919,1919,False,True,5,rook,False,False,True,endgame,True,False,False,False,False
rn2kb1r/ppq1pppp/2p2n2/8/3PP1b1/1QN5/PP1B1PPP/2R1KBNR b Kkq - 4 8,16,WRwHBw5z,c7b6,-138,28,b8d7,0.0058,0.0064,0.0099,0.0188,e7e6,e7e6,e7e6,e7e6,112.0,0.0188,0.013,True,club,03_disagreements_b2,1830,1813,1813,False,True,3,queen,False,False,True,opening,True,False,False,False,False
2k4b/1p1qp3/1nP1p3/4Prpp/3P4/1Q2B3/5PPP/2R2RK1 b - - 0 26,52,WRwHBw5z,d7c6,-917,27,b7c6,0.0281,0.0253,0.0198,0.0149,b7c6,b7c6,b7c6,b7c6,1064.0,0.0281,-0.0132,True,club,03_disagreements_b2,1830,1813,1813,False,True,1,queen,True,False,False,middlegame,True,False,False,False,False
r3r3/1q1b1p1k/2n3pp/pp1p4/2pP4/P1P1R3/1PBQ1PPP/4RNK1 b - - 4 26,52,0gIHpaVU,b7c7,-84,1,b7c7,0.0351,0.0331,0.03,0.0235,e8e3,e8e3,e8e3,e8e3,117.0,0.0351,-0.0116,True,club,03_disagreements_b2,2047,2055,2055,True,False,2,queen,False,False,True,middlegame,False,False,False,False,False
6k1/1pp2pp1/p3p2p/8/1PP5/P3QPPK/1q5P/8 b - - 2 26,52,TJU8NdbY,b2b1,288,114,b2b1,0.0439,0.0464,0.0455,0.0398,b2f6,b2f6,b2f6,b2f6,141.0,0.0464,-0.0041,True,club,03_disagreements_b2,2214,2276,2276,True,False,0,queen,False,False,True,endgame,True,False,False,False,False
r2k1r2/1bp5/pb5p/1p2pB2/4P1n1/2P5/PP1N1PP1/R1B2RK1 b - - 1 18,36,xVf5Epea,f8f5,40,30,f8f5,0.015,0.0197,0.023,0.0212,g4f6,g4f6,g4f6,g4f6,173.0,0.023,0.0062,True,club,03_disagreements_b2,1992,2149,2149,True,False,5,rook,True,False,False,middlegame,True,False,False,False,False
6r1/2p1k3/pB5p/1p2pP2/6n1/2P2b2/PP3PP1/R4RK1 b - - 0 22,44,xVf5Epea,g4f6,274,254,c7b6,0.023,0.01,0.005,0.0047,c7b6,c7b6,c7b6,c7b6,263.0,0.023,-0.0183,True,club,03_disagreements_b2,1992,2149,2149,False,True,0,knight,False,False,True,endgame,False,True,False,False,False
6r1/8/pp1R3p/1p3k2/5p2/2P5/PP3P2/7K b - - 1 28,56,xVf5Epea,f5e4,401,174,g8g6,0.0225,0.0111,0.0041,0.0026,g8g6,g8g6,g8g6,g8g6,187.0,0.0225,-0.0199,True,club,03_disagreements_b2,1992,2149,2149,False,True,0,king,False,False,True,endgame,True,False,False,True,False
6k1/2p1rpp1/p2p1q2/1p3PP1/5p2/P2Q3P/1b3P1K/1B1R4 b - - 0 32,64,D8Y4uWpP,f6c3,229,43,f6e5,0.0239,0.0233,0.0251,0.0347,f6g5,f6g5,f6g5,f6g5,529.0,0.0347,0.0108,True,club,03_disagreements_b2,2023,2171,2171,False,True,0,queen,False,False,True,endgame,True,False,False,False,False
4rrk1/pp3pp1/8/3Bn1R1/8/P1K4b/1P3P1P/3R4 b - - 0 24,48,8p8x6lrS,e8e7,441,14,h3e6,0.0124,0.0135,0.0166,0.0242,h3e6,h3e6,h3e6,h3e6,430.0,0.0242,0.0118,True,club,03_disagreements_b2,1915,1914,1914,False,True,4,rook,False,False,True,middlegame,True,False,False,False,False
1r6/p1p1rpk1/1p1p2p1/1P5p/n1P1P2P/5PPB/P4R2/3R2K1 b - - 5 26,52,PtpQax3w,b8a8,53,5,b8e8,0.0071,0.0075,0.0074,0.0099,a4c3,a4c3,a4c3,a4c3,170.0,0.0099,0.0028,True,club,03_disagreements_b2,1974,1952,1952,False,True,2,rook,False,False,True,endgame,False,False,False,False,False
r2q1rk1/5ppp/2p2n2/ppp5/P2pPP1P/1B1P1P2/1PPQ4/2KR3R b - - 0 16,32,99AKoaGp,g8h8,-48,5,f6d7,0.0007,0.0011,0.0019,0.0035,b5a4,b5a4,b5a4,c5c4,151.0,0.0035,0.0028,True,club,03_disagreements_b2,2089,2199,2199,False,True,2,king,False,False,True,middlegame,False,False,False,True,False
r1bqk2r/pp3pp1/2n5/2b1p1N1/2B3p1/3P4/PPP2PP1/RNBQ1RK1 b kq - 1 10,20,0ufgwGXi,f7f5,-142,67,d8f6,0.0128,0.0133,0.0128,0.0108,f7f6,d8f6,d8f6,d8f6,165.0,0.0133,-0.002,True,club,03_disagreements_b2,1983,2044,2044,False,True,7,pawn,False,False,True,opening,True,False,True,False,False
r5k1/pp3ppp/2p3q1/8/1P6/P1Q1R2P/1B4PK/3r4 b - - 4 30,60,nWc9dnbU,d1d5,469,19,a8d8,0.0115,0.0148,0.0204,0.0229,g6d6,g6d6,a8d8,a8d8,147.0,0.0229,0.0114,True,club,03_disagreements_b2,1921,1881,1881,False,True,0,rook,False,False,True,endgame,False,True,False,False,False
3r4/2pr1p1k/pb3q1p/1p2p3/4P2p/1PP2N1P/1P2QPP1/3R1RK1 b - - 9 22,44,Ohhe4t5B,b6f2,169,187,f6f4,0.0022,0.0011,0.0005,0.0003,d7d1,d7d1,d7d1,d8g8,685.0,0.0022,-0.0019,True,club,03_disagreements_b2,2100,2134,2134,False,True,5,bishop,True,True,False,middlegame,True,False,False,False,False
r3kb1r/pp1b1ppN/1q2p2n/3pP3/3n4/3B4/PP3PPP/RNBQ1RK1 b kq - 0 10,20,nuf5sLYR,h8h7,82,18,e8c8,0.0403,0.0269,0.0139,0.0062,h6f5,h6f5,h6f5,d4f5,160.0,0.0403,-0.0341,True,club,03_disagreements_b2,2002,1969,1969,False,True,3,rook,True,False,False,opening,True,False,False,False,False
1k1r3r/pp1N1p2/3bp2p/3p4/3Q4/2N5/Pq3PPP/2R2RK1 b - - 0 18,36,nuf5sLYR,b8a8,-546,318,d8d7,0.0357,0.0315,0.0333,0.0363,d8d7,d8d7,d8d7,d8d7,1451.0,0.0363,0.0006,True,club,03_disagreements_b2,2002,1969,1969,False,True,7,king,False,False,True,middlegame,False,False,False,True,False
rnbqk2r/1p2bppp/p2ppn2/6B1/2PNP3/2NB4/PP3PPP/R2QK2R b KQkq - 3 8,16,rQ8mdYxh,f6e4,71,112,b8c6,0.0082,0.0166,0.0203,0.0227,e8g8,e8g8,e8g8,e8g8,121.0,0.0227,0.0145,True,club,03_disagreements_b2,2033,2087,2087,False,True,3,knight,True,False,False,opening,True,False,False,False,False
2b1rrk1/5p1p/p2p2p1/2pP4/2P5/1P1B1QR1/Pq4PP/5R1K b - - 5 24,48,rQ8mdYxh,b2d4,74,26,b2a2,0.0154,0.0204,0.0267,0.0314,b2a2,b2a2,b2a2,b2a2,135.0,0.0314,0.016,True,club,03_disagreements_b2,2033,2087,2087,False,True,0,queen,False,False,True,middlegame,False,True,False,False,False
1br3rk/5p1p/p4p2/1p1R4/1QP1p3/1P2P2q/P4PP1/R3N1K1 b - - 0 26,52,4wvffJg0,g8g2,487,310,g8g2,0.03,0.0276,0.0305,0.0379,h3h2,h3h2,h3h2,h3h2,296.0,0.0379,0.0079,True,club,03_disagreements_b2,1832,2020,2020,True,False,0,rook,True,True,False,middlegame,True,False,False,False,False
2br4/5kb1/1Q1p1q1p/2pPpp2/p1N1P1p1/P2P4/4BPPP/1R4K1 b - - 1 26,52,djt49k3Y,f7g8,-224,12,g7f8,0.0181,0.0264,0.0282,0.026,f5e4,f5f4,f5f4,f5f4,109.0,0.0282,0.0079,True,club,03_disagreements_b2,2446,2625,2625,False,True,6,king,False,False,True,middlegame,False,True,False,True,False
2br4/R3bk2/1Q1p1q1p/2pPp3/p1N1P1p1/P2P1p2/5PPP/5BK1 b - - 3 30,60,djt49k3Y,g4g3,-315,3,f3g2,0.0252,0.0143,0.0099,0.0072,f3g2,f3g2,f3g2,f3g2,363.0,0.0252,-0.018,True,club,03_disagreements_b2,2446,2625,2625,False,True,6,pawn,False,False,True,middlegame,True,False,True,False,False
r2q1r2/2p2p1k/1p1p1bp1/p1nPp1Bn/2P1P2P/2N2Q2/PP3P2/2KR3R b - - 4 20,40,KlCLwedW,f8h8,401,5,f6g5,0.0141,0.0162,0.0181,0.016,f6g5,f6g5,f6g5,f6g5,119.0,0.0181,0.0019,True,club,03_disagreements_b2,1900,1999,1999,False,True,4,rook,False,False,True,middlegame,False,False,False,False,False
r6k/5q2/3pB1p1/2pPp2p/2PpP2P/P2QbrP1/1RR3K1/8 b - - 3 34,68,sSEjLSb0,f3g3,511,299,f3g3,0.0134,0.0106,0.008,0.0059,f7f6,f7f6,f7f6,f7f6,268.0,0.0134,-0.0075,True,club,03_disagreements_b2,2334,2225,2225,True,False,0,rook,True,True,False,middlegame,False,False,False,False,False
r4qk1/1p2n2p/p2p4/3PbpB1/3N4/7P/PP1Q2P1/R6K b - - 3 24,48,BHdtFaxa,a8e8,-89,10,e5d4,0.0089,0.0117,0.0134,0.0212,e7d5,e7d5,e7d5,e7d5,258.0,0.0212,0.0123,True,club,03_disagreements_b2,1894,2026,2026,False,True,5,rook,False,False,True,middlegame,False,False,False,False,False
r1b2rk1/ppp1qppp/3b4/3p4/4n3/1PP1P2P/PB1N1PP1/R2QKB1R b KQ - 4 12,24,8fgsm3DB,e4g3,252,85,e7g5,0.0164,0.0189,0.0228,0.0245,e7f6,e7f6,e7f6,e4f2,294.0,0.0245,0.0081,True,club,03_disagreements_b2,1875,1876,1876,False,True,3,knight,False,False,True,opening,True,False,False,False,False
rr6/7p/5ppk/8/4pP1P/8/PBR5/1K4R1 b - - 0 34,68,8fgsm3DB,a8a6,-245,1,b8b6,0.0181,0.023,0.0263,0.0258,f6f5,f6f5,f6f5,f6f5,241.0,0.0263,0.0077,True,club,03_disagreements_b2,1875,1876,1876,False,True,7,rook,False,False,True,endgame,True,False,False,False,False
r2qk1nr/pp2b1pp/2n1pp2/2ppPb2/5P2/2NP1N2/PPP1B1PP/R1BQ1RK1 b kq - 5 8,16,RPcrrPQH,f5g6,45,2,g8h6,0.0037,0.0066,0.0133,0.0233,f6e5,f6e5,f6e5,f6e5,120.0,0.0233,0.0196,True,club,03_disagreements_b2,1986,1913,1913,False,True,3,bishop,False,False,True,opening,False,True,False,False,False
3q1rk1/5pp1/rp1p3p/8/P1Q1b3/5N1P/5PP1/R4RK1 b - - 0 22,44,XRCZuUB5,d8a8,118,46,d8a8,0.0269,0.0258,0.0278,0.0449,e4f3,e4f3,e4f3,e4f3,137.0,0.0449,0.018,True,club,03_disagreements_b2,2162,2227,2227,True,False,0,queen,False,False,True,middlegame,False,False,False,False,False
2r1r1k1/pp1q1ppp/3b4/5b2/3P4/1PB2Q1P/P2K1PP1/R6R b - - 2 20,40,SsRdlpbU,d6b4,1991,1170,d6a3,0.0168,0.0169,0.0171,0.0164,f5e4,f5e4,f5e4,f5e4,1127.0,0.0171,-0.0004,True,club,03_disagreements_b2,1967,1914,1914,False,True,4,bishop,False,False,True,middlegame,True,False,False,False,False
2r1r1k1/pp1q1ppp/6b1/8/3P2P1/bPB2Q1P/P2K1P2/4R2R b - - 0 22,44,SsRdlpbU,a3b4,771,114,b7b5,0.0466,0.0463,0.045,0.0399,e8e1,e8e1,e8e1,e8e1,198.0,0.0466,-0.0067,True,club,03_disagreements_b2,1967,1914,1914,False,True,4,bishop,False,False,True,middlegame,False,True,False,False,False
r4r1k/2pb1ppp/1p1p4/3Pp3/p1P1Pq2/P2R3P/1PB1QPP1/5RK1 b - - 3 24,48,Rl0fBuS7,f7f6,47,0,f4h6,0.0051,0.0047,0.0042,0.0041,f4g5,f4g5,f4g5,f7f5,119.0,0.0051,-0.001,True,club,03_disagreements_b2,2286,2264,2264,False,True,2,pawn,False,False,True,middlegame,True,False,True,False,False
2bqkb1r/Q2n1ppp/1pp1pn2/2Pp4/1P1P1B2/2N5/4PPPP/4KBNR b Kk - 2 10,20,8SxcdQNQ,e6e5,31,89,b6c5,0.0227,0.0145,0.0124,0.0233,b6c5,b6c5,b6c5,b6c5,327.0,0.0233,0.0006,True,club,03_disagreements_b2,1957,1922,1922,False,True,3,pawn,False,False,True,opening,True,False,True,False,False
r2qk2r/1b1pbppp/p1n1p3/3nP3/3P4/2PQ1N1P/2B2PP1/RNB2RK1 b kq - 4 14,28,iFDXiv5U,a8c8,-45,2,d8b6,0.0121,0.0204,0.0368,0.0467,e8g8,a6a5,g7g6,g7g6,133.0,0.0467,0.0346,True,club,03_disagreements_b2,1902,1829,1829,False,True,2,rook,False,False,True,middlegame,False,False,False,False,False
r3k2r/1b1p1ppp/pqn1p3/3nP1N1/3P4/2PQ3P/2B2PP1/RN3RK1 b kq - 0 16,32,iFDXiv5U,f7f5,-96,32,d5f4,0.016,0.0181,0.0192,0.0169,g7g6,g7g6,g7g6,h7h6,147.0,0.0192,0.0009,True,club,03_disagreements_b2,1902,1829,1829,False,True,6,pawn,False,False,True,middlegame,True,False,True,False,False
8/3p4/R2Np2Q/3kP3/1r1n4/7P/5P2/5K2 b - - 0 32,64,iFDXiv5U,d4b5,-832,95,b4b1,0.0021,0.0013,0.0008,0.0006,b4b1,b4b1,b4b1,b4b1,276.0,0.0021,-0.0015,True,club,03_disagreements_b2,1902,1829,1829,False,True,1,knight,False,False,True,endgame,False,True,False,False,False
r5k1/2q3p1/2p1prbp/1p1n4/pPpP4/P1P2BN1/3Q1PPP/R3R1K1 b - - 1 24,48,aBdZ4a4J,f6f3,117,69,a8f8,0.0105,0.0067,0.0033,0.0017,a8f8,a8f8,a8f8,a8f8,220.0,0.0105,-0.0088,True,club,03_disagreements_b2,1960,1936,1936,False,True,2,rook,True,False,False,middlegame,True,False,False,False,False
6k1/2q2bp1/2p4p/1p1nRN2/pPpP4/P2r4/4QP1P/R5K1 b - - 3 30,60,aBdZ4a4J,c7d8,199,105,f7g6,0.0111,0.0152,0.0204,0.0297,d5f4,d5f4,d5f4,d5f4,307.0,0.0297,0.0186,True,club,03_disagreements_b2,1960,1936,1936,False,True,0,queen,False,False,True,middlegame,False,True,False,False,False
8/2q3pk/2p3Np/1p1nR3/pPpP4/P2r4/4QP1P/R5K1 b - - 0 32,64,aBdZ4a4J,c7f7,-332,17,h7g6,0.0307,0.0304,0.0278,0.0275,h7g6,h7g6,h7g6,h7g6,118.0,0.0307,-0.0032,True,club,03_disagreements_b2,1960,1936,1936,False,True,7,queen,False,False,True,middlegame,False,False,False,False,False
2r3k1/4npp1/4p2p/4P3/P4PP1/1q3QK1/1r1B4/R2R4 b - - 1 34,68,KR9Vhl2R,b3b8,196,24,b3b8,0.0221,0.022,0.0199,0.0169,b3f3,b3f3,b3f3,b3c2,196.0,0.0221,-0.0052,True,club,03_disagreements_b2,1867,1979,1979,True,False,0,queen,False,False,True,middlegame,False,True,False,False,False
8/1b4bk/p1q1p1p1/6Qp/2p2P1B/2PrR3/PP4PP/4R2K b - - 0 30,60,VuVCid7x,g7f6,311,368,g7f6,0.0018,0.001,0.0008,0.0009,d3e3,d3e3,d3e3,d3e3,371.0,0.0018,-0.0009,True,club,03_disagreements_b2,2105,2073,2073,True,False,5,bishop,False,False,True,middlegame,True,False,False,False,False
5r2/6kp/p1bq4/1p1p2p1/2pP1rB1/P1Q4P/2P2PP1/4RRK1 b - - 5 28,56,R10ueRL8,f8e8,-103,0,f8f6,0.0214,0.0138,0.01,0.0092,d6f6,d6f6,d6f6,d6f6,247.0,0.0214,-0.0122,True,club,03_disagreements_b2,2001,1971,1971,False,True,5,rook,False,False,True,middlegame,False,False,False,False,False
2bq1rk1/Q3ppbp/2r3p1/nBP4n/4P3/2N1BN2/PP3PPP/1R2K2R b K - 2 16,32,E1DnWcHr,c8g4,-417,2,c6e6,0.0059,0.0061,0.0072,0.0087,c6c7,c6c7,c6c7,c6c7,132.0,0.0087,0.0028,True,club,03_disagreements_b2,1986,1916,1916,False,True,6,bishop,False,False,True,middlegame,True,False,False,False,False
2kr2nr/pp4pp/2p1p3/4P3/1P2NBb1/8/P1P2PPP/R3K2R b - - 0 14,28,pN5zwQvu,c8b8,-256,13,g4f5,0.0055,0.0062,0.0039,0.002,d8d4,g4f5,g8e7,d8d4,138.0,0.0062,-0.0035,True,club,03_disagreements_b2,1919,1858,1858,False,True,5,king,False,False,True,middlegame,False,False,False,True,False
1r1q1rk1/3B1p2/3p2p1/1ppPb3/p6P/P1N1P3/1PPQ4/2K3RR b - - 0 20,40,yzfXg6K5,b5b4,-41,67,d8d7,0.0098,0.0091,0.0124,0.0202,d8d7,d8d7,d8d7,d8d7,102.0,0.0202,0.0104,True,club,03_disagreements_b2,2044,1960,1960,False,True,2,pawn,False,False,True,middlegame,True,False,True,False,False
4k3/p2r1prp/1p2p1p1/2n1P3/q1pNP3/2P5/PP3QPP/R4RK1 b - - 1 24,48,oUEtLFHP,a4a5,-78,81,e8f8,0.0033,0.004,0.0049,0.0067,c5e4,c5e4,c5e4,c5e4,387.0,0.0067,0.0034,True,club,03_disagreements_b2,1894,2045,2045,False,True,5,queen,False,False,True,middlegame,False,True,False,False,False
6k1/p2r1prp/1p2p1p1/2n1P3/q1pN3Q/1PP5/P5PP/R4RK1 b - - 0 28,56,oUEtLFHP,a4a6,37,64,a4a6,0.038,0.0282,0.0201,0.0186,c4b3,c4b3,c4b3,c4b3,553.0,0.038,-0.0194,True,club,03_disagreements_b2,1894,2045,2045,True,False,5,queen,False,False,True,middlegame,False,True,False,False,False
r3k2r/1p1b1pb1/p7/2pP3p/8/2N2R1P/PPP1B1P1/3R3K b kq - 2 18,36,Gzo7L9Bp,g7d4,-165,3,f7f5,0.023,0.0229,0.0293,0.0402,e8c8,e8c8,e8c8,e8c8,132.0,0.0402,0.0172,True,club,03_disagreements_b2,1904,1889,1889,False,True,5,bishop,False,False,True,middlegame,True,False,False,False,False
5rk1/1p1b2b1/p7/2pPrp1p/8/3B1RPP/PPP1N3/5R1K b - - 2 22,44,Gzo7L9Bp,c5c4,-67,38,b7b5,0.0145,0.0117,0.0113,0.0138,e5d5,e5d5,e5d5,e5d5,471.0,0.0145,-0.0007,True,club,03_disagreements_b2,1904,1889,1889,False,True,5,pawn,False,False,True,middlegame,True,False,True,False,False
2krr3/p7/2NP1p2/1p1nP1pp/8/2P1BP2/PPBQKP1q/R7 b - - 0 22,44,TdkxmpjB,e8e5,-509,77,e8e5,0.0227,0.0157,0.0128,0.0114,d8d7,d8d7,d5e3,d5e3,161.0,0.0227,-0.0113,True,club,03_disagreements_b2,1945,1909,1909,True,False,1,rook,True,False,False,middlegame,True,False,False,False,False
3r2k1/pQ3r1p/3P4/4qpp1/8/1B6/P4PPP/3R2K1 b - - 0 34,68,18h89uIa,e5e8,-503,156,e5f6,0.0141,0.013,0.0134,0.0152,d8d7,d8d7,d8d7,d8d7,1484.0,0.0152,0.0011,True,club,03_disagreements_b2,1886,1914,1914,False,True,6,queen,False,False,True,endgame,False,True,False,False,False
r2q3k/2p3p1/p2p1n1p/1p1Pp3/4NrPb/1Q1P1P1P/PP2B3/2K2R1R b - - 2 24,48,PdknttYI,a6a5,147,18,f6e4,0.0205,0.0183,0.0187,0.0216,f6e4,f6e4,f6e4,f6e4,127.0,0.0216,0.0011,True,club,03_disagreements_b2,2039,2004,2004,False,True,2,pawn,False,False,True,middlegame,True,False,True,False,False
5rk1/p2b3n/Qpp5/3P3p/3P2p1/1P2q3/PB4BP/5R1K b - - 3 30,60,WpYCPp3x,b6b5,161,136,c6c5,0.0003,0.0001,0.0001,0.0001,f8f1,f8f1,f8f1,f8f1,171.0,0.0003,-0.0002,True,club,03_disagreements_b2,2085,2036,2036,False,True,0,pawn,False,False,True,middlegame,True,False,True,False,False
r1bq1rk1/ppp2ppp/1b1p1n2/1P6/3nP3/P1NP1N2/2PB1PPP/R2QKB1R b KQ - 1 10,20,G5n9xii3,f6g4,211,151,c8g4,0.0445,0.0295,0.0191,0.0144,c8g4,c8g4,c8g4,c8g4,206.0,0.0445,-0.0301,True,club,03_disagreements_b2,1867,1943,1943,False,True,3,knight,False,False,True,opening,True,False,False,False,False
r1bq1rk1/1p2b1pp/p2p1n2/P2P4/2N1P3/3Q2P1/1PP1BB2/R3K2R b KQ - 2 20,40,Bb13fVqm,d8e8,-232,51,f6g4,0.0259,0.028,0.0288,0.0313,c8g4,c8g4,c8g4,c8g4,132.0,0.0313,0.0054,True,club,03_disagreements_b2,2416,2211,2211,False,True,6,queen,False,False,True,middlegame,False,False,False,False,False
2r1k2r/Q3bp2/4p1p1/1q1pPnNp/N1p2P2/BP5P/P5P1/2R4K b k - 0 22,44,1vzGbjEq,b5b8,367,9,e7a3,0.0152,0.0169,0.0182,0.0221,e7a3,e7a3,e7a3,e7a3,2365.0,0.0221,0.0069,True,club,03_disagreements_b2,1859,1826,1826,False,True,0,queen,False,False,True,middlegame,False,True,False,False,False
1r5k/p6p/2p2nq1/2Pp2N1/3P1Q2/1P4PP/P7/5RK1 b - - 2 30,60,gIwIUqIo,f6d7,-433,65,b8f8,0.0269,0.0224,0.0221,0.0237,b8f8,b8f8,b8f8,b8f8,133.0,0.0269,-0.0032,True,club,03_disagreements_b2,1961,1991,1991,False,True,1,knight,False,False,True,endgame,False,True,False,False,False
2r2r2/pp3pk1/4p1p1/3p3q/3Pn3/2P1QN1P/PP3P1K/R5R1 b - - 5 26,52,xfHTNMCw,h5f5,117,80,f8h8,0.0238,0.0189,0.0148,0.0134,f8h8,f8h8,f8h8,f8h8,101.0,0.0238,-0.0104,True,club,03_disagreements_b2,1813,1890,1890,False,True,0,queen,False,False,True,middlegame,False,False,False,False,False
2r3k1/3q2b1/pnrpp1pp/1p3p2/3P3P/1PPQ2B1/P2N1PP1/2R1R1K1 b - - 1 24,48,KXooTXIy,e6e5,107,46,b6d5,0.0376,0.0213,0.0158,0.0149,b6d5,b6d5,b6d5,b6d5,104.0,0.0376,-0.0227,True,club,03_disagreements_b2,1905,1974,1974,False,True,2,pawn,False,False,True,middlegame,True,False,True,False,False
rn1qk2r/ppp1bppp/4p1b1/3p4/3PnB2/3BPN1P/PPPN1PP1/R2Q1RK1 b kq - 4 8,16,9e1xWR3k,e4d2,-44,3,f7f5,0.047,0.0323,0.0269,0.0151,b8d7,b8d7,b8d7,f7f5,115.0,0.047,-0.0319,True,club,03_disagreements_b2,1996,1966,1966,False,True,3,knight,True,False,False,opening,True,False,False,False,False
2kr3r/ppp1q2p/5ppQ/2b1pb2/2Bp4/P6P/1PP1R1P1/RNB4K b - - 0 16,32,LINDD5mv,e7d7,127,3,a7a6,0.014,0.0152,0.0192,0.0276,d4d3,d4d3,d4d3,d4d3,203.0,0.0276,0.0136,True,club,03_disagreements_b2,1817,1809,1809,False,True,7,queen,False,False,True,middlegame,False,False,False,False,False
2kr3r/bpp1q2p/p4ppQ/4pb2/1PBp4/P6P/1BP1R1P1/RN5K b - - 2 18,36,LINDD5mv,e7d6,83,1,c7c5,0.0128,0.018,0.0232,0.0233,d4d3,d4d3,d4d3,d4d3,152.0,0.0233,0.0105,True,club,03_disagreements_b2,1817,1809,1809,False,True,7,queen,False,False,True,middlegame,True,False,False,False,False
2kr3r/bp5p/p4ppQ/2q1pb2/2Bp4/P6P/1BPNR1P1/R6K b - - 1 20,40,LINDD5mv,e5e4,161,62,e5e4,0.0263,0.0192,0.0183,0.0194,f5c2,f5c2,f5c2,f5c2,317.0,0.0263,-0.0069,True,club,03_disagreements_b2,1817,1809,1809,True,False,7,pawn,False,False,True,middlegame,True,False,True,False,False
2kr3r/bp5p/p4ppQ/2q2b2/3p4/PB2pN1P/1BP1R1P1/R6K b - - 1 22,44,LINDD5mv,h8e8,130,15,d8d7,0.0237,0.0212,0.0218,0.0329,d4d3,d4d3,d4d3,d4d3,427.0,0.0329,0.0092,True,club,03_disagreements_b2,1817,1809,1809,False,True,7,rook,False,False,True,middlegame,False,False,False,False,False
r4rk1/2q1bppp/1nb5/p2pP3/P1pP4/1pP2BP1/1P1NR1QP/R1B3K1 b - - 1 20,40,NKLzw4Cn,a8a6,46,3,c7d7,0.001,0.001,0.0008,0.0008,b6a4,b6a4,b6a4,b6a4,132.0,0.001,-0.0002,True,club,03_disagreements_b2,1936,2016,2016,False,True,2,rook,False,False,True,middlegame,True,False,False,False,False
r2q2k1/1p1b1pp1/p6p/3p4/3N1Q2/2P5/PP3PPP/4R1K1 b - - 0 20,40,xCeaCGPv,d8f8,-61,22,d8b6,0.0352,0.0409,0.042,0.0364,d8b6,d8b6,d8b6,d8b6,165.0,0.042,0.0012,True,club,03_disagreements_b2,2040,2021,2021,False,True,5,queen,False,False,True,endgame,False,False,False,False,False
r1b1k2r/2qpbppp/p1p1p1n1/2p1P3/2P5/1PN2N2/P2P1PPP/R1BQR1K1 b kq - 0 10,20,wHh64Eo0,f7f6,21,108,e8g8,0.0152,0.0157,0.0136,0.013,e8g8,e8g8,e8g8,e8g8,121.0,0.0157,-0.0022,True,club,03_disagreements_b2,1841,1844,1844,False,True,3,pawn,False,False,True,opening,True,False,True,False,False
r4rk1/7p/p1pq2p1/2p2b2/N1Ppp3/BP4P1/P2PQ1PP/4R1K1 b - - 2 26,52,wHh64Eo0,d6f6,122,112,d4d3,0.0046,0.0037,0.0026,0.0014,d4d3,d4d3,d4d3,d4d3,174.0,0.0046,-0.0032,True,club,03_disagreements_b2,1841,1844,1844,False,True,2,queen,False,False,True,middlegame,False,False,False,False,False
2kr4/ppp2Qpp/2n5/8/4r3/P3P3/1P3PqP/R1B1KR2 b Q - 0 16,32,chGdVlGg,c8b8,677,63,c6e5,0.0039,0.0052,0.0059,0.0068,g2h2,g2h2,c6e5,c6e5,152.0,0.0068,0.0029,True,club,03_disagreements_b2,1923,1937,1937,False,True,4,king,False,False,True,middlegame,False,False,False,True,False
3qk2r/pp3p1p/7b/2rPpQ2/4B3/P7/1P3PPP/R3K2R b KQk - 0 18,36,LXhZFsXz,d8g5,-135,114,c5c1,0.0338,0.037,0.0375,0.0344,d8a5,d8a5,d8a5,d8a5,521.0,0.0375,0.0006,True,club,03_disagreements_b2,1894,1846,1846,False,True,5,queen,False,False,True,middlegame,True,False,False,False,False
7r/pp3k1p/5b2/3P4/4BRP1/P5K1/1q5P/8 b - - 4 26,52,LXhZFsXz,f7e8,808,37,b2a3,0.0005,0.0004,0.0004,0.0003,b2a3,b2e5,b2e5,b2e5,146.0,0.0005,-0.0002,True,club,03_disagreements_b2,1894,1846,1846,False,True,4,king,False,False,True,endgame,False,True,False,True,False
1r1q2k1/3b2p1/4pP1p/1p1p1p2/pn1P3P/6Q1/PP3PP1/R2B1RK1 b - - 0 24,48,LYtEBZEc,d8f8,-478,82,d8f6,0.0027,0.0012,0.0009,0.0008,d8f6,d8f6,d8f6,d8f6,100.0,0.0027,-0.0019,True,club,03_disagreements_b2,1818,1817,1817,False,True,6,queen,False,False,True,middlegame,False,False,False,False,False
r3k2r/2p2ppp/p3b3/3PN3/5QPq/1PNP3P/1PP2P2/R3K2R b KQkq - 0 20,40,QAGeDo1p,h4f6,-760,22,g7g5,0.0292,0.026,0.0208,0.0175,e6d5,e6d7,e6d7,g7g5,132.0,0.0292,-0.0117,True,club,03_disagreements_b2,1967,1901,1901,False,True,1,queen,False,False,True,middlegame,False,True,False,False,False
r3kr2/2p2p1p/p3PQ2/4N1p1/6Pq/1PNP3P/1PP2P2/R3K2R b KQq - 0 22,44,QAGeDo1p,h4f2,-1003,993,f7e6,0.0056,0.0062,0.0092,0.0109,f7e6,f7e6,f7e6,f7e6,995.0,0.0109,0.0053,True,club,03_disagreements_b2,1967,1901,1901,False,True,1,queen,True,True,False,middlegame,True,False,False,False,False
6k1/6p1/4b3/1P4R1/2P1PpP1/2PP4/1r6/5BK1 b - - 0 34,68,NHnmdIfw,g8h7,-427,19,f4f3,0.0134,0.0108,0.0075,0.0057,f4f3,f4f3,f4f3,b2c2,172.0,0.0134,-0.0077,True,club,03_disagreements_b2,1884,1878,1878,False,True,1,king,False,False,True,endgame,True,False,False,True,False
r1q5/p6k/P1p2Brp/3pP3/2nP3R/2P5/2Q1KPP1/R7 b - - 4 26,52,GRaXV8Hr,c8f8,-658,901,c8e6,0.0225,0.0199,0.0174,0.0149,c8g8,c8g8,c8e6,c8e6,1338.0,0.0225,-0.0076,True,club,03_disagreements_b2,1912,1906,1906,False,True,1,queen,False,False,True,middlegame,False,False,False,False,False
6k1/1pp2pqp/4p1p1/2r5/P7/QPPn1P2/5PPP/2R2RK1 b - - 4 24,48,KNLkXgKz,g7e5,-207,33,c5c3,0.0126,0.0118,0.0114,0.0122,d3c1,d3c1,d3c1,d3c1,203.0,0.0126,-0.0004,True,club,03_disagreements_b2,2049,1906,1906,False,True,5,queen,False,False,True,endgame,True,False,False,False,False
1r3rk1/2pq1pp1/p3bB1p/2ppP2Q/3P1R2/1P6/P1P3PP/R6K b - - 1 18,36,hCxpxyCF,b8b6,-368,26,g7f6,0.0023,0.0023,0.0021,0.002,g7f6,c5d4,c5d4,g8h7,415.0,0.0023,-0.0003,True,club,03_disagreements_b2,1988,1914,1914,False,True,6,rook,False,False,True,middlegame,True,False,False,False,False
3r2k1/1bp2P2/pn2p1p1/1p4N1/4P3/P7/1PP4P/5RK1 b - - 0 30,60,YqXj4KjD,g8h8,-693,134,g8h8,0.0226,0.0198,0.0152,0.0116,g8f8,g8f8,g8f8,g8f8,125.0,0.0226,-0.011,True,club,03_disagreements_b2,2279,2178,2178,True,False,6,king,False,False,True,endgame,False,False,False,True,False
r1q1k2r/3bppbp/3p2p1/p1nN4/4P3/4BN1P/PP2QPP1/2R2RK1 b kq - 1 16,32,7vACvRFZ,d7c6,-170,5,a8b8,0.0121,0.0079,0.0049,0.0022,e8g8,c8a6,c8a6,c8a6,510.0,0.0121,-0.0099,True,club,03_disagreements_b2,2075,2146,2146,False,True,6,bishop,False,False,True,middlegame,True,False,False,False,False
1k6/p1pB2pp/1b2r3/1P6/1P1nP1P1/8/8/2R1KN2 b - - 4 34,68,KLIwQznW,d4f3,473,88,d4f3,0.0167,0.0106,0.0073,0.0059,e6e4,e6e4,e6e4,e6e4,118.0,0.0167,-0.0108,True,club,03_disagreements_b2,1800,1879,1879,True,False,0,knight,False,True,False,endgame,True,False,False,False,False
rn3rk1/pbp2ppp/1p1ppq2/2P5/3P4/4PN2/P1Q1BPPP/R2R2K1 b - - 0 14,28,zuGz5bZe,b8c6,97,9,b8c6,0.0415,0.0382,0.037,0.0309,d6c5,d6c5,b8d7,b8d7,541.0,0.0415,-0.0106,True,club,03_disagreements_b2,2146,2162,2162,True,False,2,knight,False,False,True,middlegame,True,False,False,False,False
r5k1/1Q3pp1/7p/3p2q1/8/4P1P1/P4P2/3R2K1 b - - 4 28,56,zuGz5bZe,a8a5,-49,14,a8a2,0.0079,0.0066,0.006,0.0061,a8a2,a8a2,a8a2,a8a2,525.0,0.0079,-0.0018,True,club,03_disagreements_b2,2146,2162,2162,False,True,5,rook,False,False,True,endgame,True,False,False,False,False
rn1q1rk1/ppp2pp1/4b2p/3pP2Q/8/1BP5/P4PPP/R1B1R1K1 b - - 0 14,28,O4HdPOhH,d8e8,-193,47,c7c5,0.002,0.0018,0.002,0.0023,b8c6,b8c6,b8d7,c7c5,173.0,0.0023,0.0003,True,club,03_disagreements_b2,2002,1985,1985,False,True,3,queen,False,False,True,middlegame,False,False,False,False,False
r4rk1/pp2qpp1/7p/2p1P2Q/2b3P1/1BPp3P/P7/R1B1R1K1 b - - 1 22,44,O4HdPOhH,c4e6,-151,59,e7e6,0.0287,0.0267,0.0199,0.0122,c4b3,c4b3,b7b5,b7b5,131.0,0.0287,-0.0165,True,club,03_disagreements_b2,2002,1985,1985,False,True,7,bishop,False,False,True,middlegame,False,True,False,False,False
3r1rk1/1p1b1ppp/p1n2q2/8/Q2p3N/6P1/PP1RPPBP/3R2K1 b - - 1 18,36,IDVAi1SI,h7h6,-19,1,f8e8,0.0235,0.0198,0.0179,0.0185,c6e5,c6e5,c6e5,c6e5,301.0,0.0235,-0.005,True,club,03_disagreements_b2,1946,1835,1835,False,True,2,pawn,False,False,True,middlegame,True,False,True,False,False
1q4k1/1P3rp1/Q1p1p3/2Pp1p2/P2Pp3/2r5/7P/1R1K1R2 b - - 5 34,68,FZGqCeWT,f7f8,170,86,c3d3,0.0294,0.0221,0.0176,0.0156,c3d3,c3d3,c3d3,c3d3,170.0,0.0294,-0.0138,True,club,03_disagreements_b2,1883,1839,1839,False,True,0,rook,False,False,True,endgame,False,True,False,False,False
5rk1/1b3pbn/pp2p3/2p4Q/2Pr1q2/P2P3P/1P2NPP1/3RRBK1 b - - 6 24,48,qZLPT0hp,f4c7,318,34,f4g5,0.0139,0.0078,0.0054,0.0053,f4g5,f4g5,f4g5,f4g5,110.0,0.0139,-0.0086,True,club,03_disagreements_b2,2132,2046,2046,False,True,0,queen,False,False,True,middlegame,False,True,False,False,False
r4k1r/1p2RNpp/pq1P4/5p2/2p2n2/2Nn1Q1P/PP3PP1/R5K1 b - - 2 18,36,OM2qHjrb,g7g5,-437,44,h8g8,0.0132,0.0119,0.0125,0.0159,b6b2,b6b2,h8g8,h8g8,163.0,0.0159,0.0027,True,club,03_disagreements_b2,2063,2056,2056,False,True,6,pawn,False,False,True,middlegame,True,False,True,False,False
6r1/2R2Nkp/p2P4/5pp1/2pq1n2/2Nn1Q1P/PP3PP1/R5K1 b - - 2 22,44,OM2qHjrb,h7h5,-600,8,g5g4,0.0115,0.0124,0.0148,0.0201,g5g4,g5g4,g7f6,g7f6,138.0,0.0201,0.0086,True,club,03_disagreements_b2,2063,2056,2056,False,True,1,pawn,False,False,True,middlegame,True,False,True,False,False
r4rk1/pp2q1b1/2bp2pp/4pp2/8/2P1BN2/PP1Q1PPP/3RR1K1 b - - 3 18,36,0g9lTXH6,g6g5,143,26,f8c8,0.0271,0.0221,0.0177,0.0134,a8d8,a8d8,a8d8,a8d8,123.0,0.0271,-0.0137,True,club,03_disagreements_b2,1950,1875,1875,False,True,0,pawn,False,False,True,middlegame,True,False,True,False,False
r1b1k2r/1p1p2pp/2qBp3/p3PnN1/3P1Q2/8/P5PP/R4RK1 b kq - 4 20,40,Pi96Pipq,h7h5,-326,41,f5d6,0.0056,0.0063,0.0072,0.0082,h7h6,h7h6,h7h6,h7h6,108.0,0.0082,0.0026,True,club,03_disagreements_b2,1849,1820,1820,False,True,6,pawn,False,False,True,middlegame,True,False,True,False,False
r3qrk1/pb5p/4pb1Q/1p1nNpp1/2pPp3/P1P1P2P/1P3PPB/1B2RRK1 b - - 7 20,40,TaHL3yIB,f6d8,21,108,f6e5,0.0011,0.001,0.001,0.0008,f6g7,f6g7,f6g7,f6g7,205.0,0.0011,-0.0003,True,club,03_disagreements_b2,1964,1964,1964,False,True,2,bishop,False,False,True,middlegame,False,True,False,False,False
r3r1k1/ppqn1ppp/2pb1n2/6B1/2BP4/5N2/PPQ2PPP/4RRK1 b - - 2 14,28,O1eoiKWa,f6d5,-37,16,d6f4,0.0115,0.0228,0.0472,0.0439,e8e1,h7h6,h7h6,h7h6,181.0,0.0472,0.0324,True,club,03_disagreements_b2,1847,1867,1867,False,True,3,knight,False,False,True,middlegame,True,False,False,False,False
r2qkb1r/pbp2ppp/2pn4/4N3/3N4/P2P4/1PP2PPP/R1BQK2R b KQkq - 0 10,20,MAIk18Zx,d6b5,-210,12,c6c5,0.0361,0.0237,0.0182,0.0152,c6c5,d8e7,d8e7,d8e7,206.0,0.0361,-0.0209,True,club,03_disagreements_b2,2240,2127,2127,False,True,3,knight,False,False,True,opening,True,False,False,False,False
3q1rk1/1pb2pp1/4p2p/2P5/3PP3/rb1B1N1P/3Q2P1/1R3R1K b - - 2 26,52,1TOowowk,d8a8,-37,56,a3a2,0.0194,0.0213,0.0268,0.0404,c7a5,c7a5,c7a5,c7a5,255.0,0.0404,0.021,True,club,03_disagreements_b2,1854,1838,1838,False,True,5,queen,False,False,True,middlegame,False,False,False,False,False
r7/1b4kp/pp2p1p1/2p1K3/2Pr2R1/P4P2/1PR3PP/8 b - - 4 30,60,9MXxoxBD,d4d1,492,7,d4g4,0.0335,0.0205,0.0151,0.0163,d4g4,d4g4,d4g4,d4g4,143.0,0.0335,-0.0172,True,club,03_disagreements_b2,1961,1994,1994,False,True,4,rook,False,False,True,endgame,True,False,False,False,False
2B1k2r/1p2npb1/pR5p/6p1/4P3/1P6/1PP4P/1K4R1 b k - 0 24,48,C5quZV4A,g7d4,411,133,g7d4,0.0034,0.0031,0.0034,0.0045,e7c8,e7c8,e7c8,e7c8,139.0,0.0045,0.0011,True,club,03_disagreements_b3,2452,2454,2454,True,False,0,bishop,False,False,True,endgame,True,False,False,False,False
2kr1b2/pbpn1p2/1p2p3/q7/3P1N2/3Q4/P1PR1PPP/4KB1R b K - 6 18,36,HthOEeAT,d7c5,334,91,d7e5,0.0405,0.0428,0.0408,0.0384,a5a2,a5a2,a5a2,a5a2,193.0,0.0428,-0.0021,True,club,03_disagreements_b3,1887,1828,1828,False,True,0,knight,False,False,True,middlegame,True,False,False,False,False
r4r1k/4q1pn/2pp3p/4pP2/p3PbNP/P4P2/1PQ5/1K1R1B1R b - - 0 30,60,lyNI9CYl,a8b8,49,14,a8b8,0.0412,0.0264,0.0218,0.028,c6c5,c6c5,c6c5,c6c5,172.0,0.0412,-0.0132,True,club,03_disagreements_b3,1998,1974,1974,True,False,2,rook,False,False,True,middlegame,False,False,False,False,False
1r3bk1/Rbq2p1p/4p1pn/3pP1N1/2pP1PP1/N1P4P/1Q3B2/6K1 b - - 7 30,60,2TSXD8wy,b7a6,0,58,c7c6,0.0081,0.0072,0.0069,0.007,f8a3,f8a3,f8a3,c7c6,126.0,0.0081,-0.0011,True,club,03_disagreements_b3,1884,1909,1909,False,True,2,bishop,False,False,True,middlegame,True,False,False,False,False
rn1q1rk1/5pbp/pN1pp1p1/5b2/1p1NnPP1/4BB2/PPP4P/R2Q1R1K b - - 1 14,28,n6LCfN7J,f5g4,-52,280,d8b6,0.0247,0.0277,0.0298,0.0284,d8b6,d8b6,d8b6,d8b6,282.0,0.0298,0.0037,True,club,03_disagreements_b3,1884,1945,1945,False,True,6,bishop,True,False,False,middlegame,True,False,False,False,False
rq3r1k/2p3pp/3p4/2n5/3QPP2/1p5B/PP4RP/2KR4 b - - 1 26,52,J021OQFn,f8f6,143,27,f8f7,0.0096,0.0104,0.0128,0.0212,b3a2,b3a2,b3a2,b3a2,2142.0,0.0212,0.0116,True,club,03_disagreements_b3,1959,1967,1967,False,True,0,rook,False,False,True,middlegame,True,False,False,False,False
rq5k/4r1pp/3pB3/2p5/4PP2/PpQ5/1P4RP/2K3R1 b - - 1 30,60,J021OQFn,d6d5,-513,53,b8c7,0.0301,0.0169,0.0122,0.0092,b8f8,b8f8,b8f8,b8f8,109.0,0.0301,-0.0209,True,club,03_disagreements_b3,1959,1967,1967,False,True,1,pawn,False,False,True,middlegame,True,False,True,False,False
6k1/6pp/4pn2/1R1b2N1/8/1P3P2/2r3PP/6K1 b - - 0 28,56,ADNyZHJd,g8f8,435,5,f6d7,0.0142,0.0231,0.026,0.0274,h7h6,h7h6,h7h6,h7h6,2432.0,0.0274,0.0132,True,club,03_disagreements_b3,2113,2169,2169,False,True,4,king,False,False,True,endgame,False,False,False,True,False
r7/1qkN1Q2/p1bbp3/1p6/8/2N5/PPB2PPP/2R3K1 b - - 0 30,60,hHCrAnBq,c7d8,-594,44,c6d7,0.0023,0.0015,0.0013,0.0017,c6d7,c6d7,c6d7,c6d7,107.0,0.0023,-0.0006,True,club,03_disagreements_b3,1806,1803,1803,False,True,1,king,False,False,True,middlegame,False,True,False,True,False
1r4k1/p2n1ppp/8/4p3/N2pP1P1/3P1Pq1/PP2K3/2Q2R2 b - - 2 26,52,RA0XpKRM,h7h5,298,3,g3h4,0.0106,0.0116,0.0159,0.0363,g3g2,g3g2,g3g2,g3g2,298.0,0.0363,0.0257,True,club,03_disagreements_b3,1838,1869,1869,False,True,0,pawn,False,False,True,endgame,True,False,True,False,False
r1b2rk1/pp1n2pp/1qn1pb2/2Pp4/8/1NP2N2/PPQ1BPPP/R1B2RK1 b - - 0 12,24,XKVWmbvY,b6d8,-166,47,d7c5,0.0159,0.0118,0.0087,0.0047,d7c5,d7c5,d7c5,d7c5,123.0,0.0159,-0.0112,True,club,03_disagreements_b3,1824,1904,1904,False,True,3,queen,False,False,True,opening,False,True,False,False,False
3q1r1k/Q3n1p1/4bb1p/2Bpp3/2P1B3/5N2/Pr3PPP/3R1RK1 b - - 0 24,48,XKVWmbvY,d8a8,-171,28,d5d4,0.0295,0.0215,0.0158,0.0128,d5d4,d5d4,d5d4,d5d4,207.0,0.0295,-0.0167,True,club,03_disagreements_b3,1824,1904,1904,False,True,6,queen,False,False,True,middlegame,False,False,False,False,False
3q1r1k/Q3b1p1/4b2p/4N3/2PpB3/8/Pr3PPP/3R1RK1 b - - 0 26,52,XKVWmbvY,f8e8,-403,22,f8f4,0.008,0.0071,0.0059,0.0063,e7f6,e7f6,e7f6,e7f6,108.0,0.008,-0.0017,True,club,03_disagreements_b3,1824,1904,1904,False,True,6,rook,False,False,True,middlegame,False,False,False,False,False
r3k2r/pp1nnppp/2p5/8/2P2B2/7P/PP3PP1/R2BR1K1 b kq - 3 16,32,kB6nSqTI,d7f8,-291,4,e8d8,0.0022,0.0038,0.007,0.0192,d7c5,f7f6,f7f6,f7f6,223.0,0.0192,0.017,True,club,03_disagreements_b3,1994,1996,1996,False,True,6,knight,False,False,True,middlegame,False,True,False,False,False
2r2r1k/pp4p1/7p/2N1pp2/3p4/1B1K4/PP4bP/2RR4 b - - 3 30,60,Rt2mwPFh,f8e8,129,54,b7b6,0.0092,0.0085,0.0078,0.0095,b7b6,b7b6,b7b6,b7b6,120.0,0.0095,0.0003,True,club,03_disagreements_b3,2097,2120,2120,False,True,7,rook,False,False,True,middlegame,False,False,False,False,False
8/8/8/p1p1pk1p/2P2P1P/1P3KP1/P7/8 b - - 1 34,68,CgHERqj5,a5a4,-1172,272,e5f4,0.0027,0.002,0.0023,0.004,e5e4,e5e4,e5e4,e5e4,806.0,0.004,0.0013,True,club,03_disagreements_b3,1896,1924,1924,False,True,5,pawn,False,False,True,endgame,True,False,True,False,False
1r1qk2r/Q1p2ppp/3b4/3p4/6b1/1P6/PB1PPP1P/R3K1NR b KQk - 2 12,24,44dAWEEM,c7c5,163,99,e8g8,0.0248,0.0124,0.0056,0.0036,e8g8,e8g8,e8g8,e8g8,264.0,0.0248,-0.0212,True,club,03_disagreements_b3,1813,1816,1816,False,True,0,pawn,False,False,True,opening,True,False,True,False,False
1r4k1/5p2/4p1p1/2QpP1Pp/p1p2q1P/PrP4K/1P1R2R1/8 b - - 1 32,64,C6o0t5uB,b3c3,651,8,f4e5,0.0008,0.0007,0.0007,0.0007,f4e5,f4e5,f4e5,f4e5,294.0,0.0008,-0.0001,True,club,03_disagreements_b3,1877,1851,1851,False,True,0,rook,True,True,False,endgame,False,False,False,False,False
r1bq1rk1/pppp1ppp/3P1n2/8/2Bp4/8/PPPP1PPP/RNBQR1K1 b - - 0 8,16,gXkx6k9e,b7b5,-434,59,c7d6,0.0024,0.0023,0.0032,0.0068,c7d6,c7d6,c7d6,c7d6,138.0,0.0068,0.0044,True,club,03_disagreements_b3,1812,1817,1817,False,True,1,pawn,False,False,True,opening,True,False,True,False,False
r1b1k1nr/1p1q1p2/p1pPp2p/4P1pQ/8/2PB4/PP4PP/R1B2R1K b kq - 3 20,40,bT7Pkulk,g8f6,-724,34,b7b5,0.0034,0.0009,0.0003,0.0001,b7b5,b7b5,b7b5,b7b5,120.0,0.0034,-0.0033,True,club,03_disagreements_b3,2093,2006,2006,False,True,1,knight,False,False,True,middlegame,True,False,False,False,False
r1b1k1nr/5q2/p1pPp1Bp/1p2P1pQ/8/2P5/PP4PP/R1B4K b kq - 1 22,44,bT7Pkulk,h8h7,-635,18,h8h7,0.0164,0.0144,0.0133,0.0118,f7g6,f7g6,f7g6,f7g6,1353.0,0.0164,-0.0046,True,club,03_disagreements_b3,2093,2006,2006,True,False,1,rook,False,False,True,middlegame,True,False,False,False,False
5kn1/8/p1bPp2p/1pB2rPQ/1P6/2P5/P5P1/6K1 b - - 0 34,68,bT7Pkulk,c6d7,-541,86,f5g5,0.0045,0.0064,0.0087,0.0117,f5g5,f5g5,f5g5,f5g5,1447.0,0.0117,0.0072,True,club,03_disagreements_b3,2093,2006,2006,False,True,1,bishop,False,False,True,endgame,False,True,False,False,False
4rrk1/pb2q2p/1pn1N1p1/2n5/2Bp1B2/P7/1P3PPP/R2QR1K1 b - - 2 18,36,AlBMEZ7P,e7f7,-310,112,g8h8,0.0031,0.0023,0.0021,0.0023,c5e6,c5e6,c5e6,c5e6,105.0,0.0031,-0.0008,True,club,03_disagreements_b3,2314,2269,2269,False,True,6,queen,False,False,True,middlegame,False,False,False,False,False
5q1k/pb5p/1pn3p1/2n5/2Bp1B2/P7/1P1Q1PPP/4R1K1 b - - 3 22,44,AlBMEZ7P,g6g5,-603,38,f8f6,0.0124,0.0047,0.0026,0.0022,c6a5,c6a5,c6a5,c6a5,1395.0,0.0124,-0.0102,True,club,03_disagreements_b3,2314,2269,2269,False,True,1,pawn,False,False,True,middlegame,True,False,True,False,False
8/3k1ppp/3bpn2/1p1b4/1P1BP3/5P2/2N2KPP/1B6 b - - 0 30,60,A3ZxFkWS,e6e5,-3,226,d5e4,0.0362,0.0312,0.0283,0.0229,d5c4,d5c4,d5c4,d5c4,431.0,0.0362,-0.0133,True,club,03_disagreements_b3,2065,2083,2083,False,True,5,pawn,False,False,True,endgame,True,False,True,False,False
r4q1k/ppQbb1p1/3p3p/8/8/1P6/P4PPP/3RR1K1 b - - 4 28,56,gPbyoWQ9,d7g4,179,9,d7c6,0.0464,0.0255,0.0157,0.0156,d7c6,d7c6,d7c6,d7c6,608.0,0.0464,-0.0308,True,club,03_disagreements_b3,2054,2095,2095,False,True,0,bishop,False,False,True,middlegame,True,False,False,False,False
1r2r1k1/5pp1/b2q1n1p/N1pp4/P1P1p3/4P2P/1P1Q1PP1/1BR1R1K1 b - - 0 22,44,R5e5d1AX,e8e5,59,50,d5d4,0.0376,0.0368,0.0322,0.0279,d5d4,d5d4,d5d4,d5d4,115.0,0.0376,-0.0097,True,club,03_disagreements_b3,2037,2068,2068,False,True,2,rook,False,False,True,middlegame,True,False,False,False,False
rn2kb1r/pp2pppp/2p5/3p1b2/1P1Pq3/P1Q1B3/2P2PPP/2R1KBNR b Kkq - 7 12,24,CABMFAwF,e4e6,85,15,b8d7,0.0302,0.0303,0.0294,0.0299,e7e6,e7e6,e7e6,e7e6,252.0,0.0303,-0.0003,True,club,03_disagreements_b3,2200,2100,2100,False,True,2,queen,False,False,True,opening,False,True,False,False,False
r3kb1r/pp1nppp1/2p4p/3p1b2/1P1Pq3/P1Q1BN1P/2P2PP1/2R1KB1R b Kkq - 0 14,28,CABMFAwF,a7a6,72,5,e4e6,0.02,0.0216,0.0266,0.0427,e7e6,e7e6,e7e6,e7e6,490.0,0.0427,0.0227,True,club,03_disagreements_b3,2200,2100,2100,False,True,2,pawn,False,False,True,middlegame,True,False,True,False,False
r2k1b1r/ppNbpppp/5n2/Q1npN3/3q4/6B1/PP3PPP/R1K2B1R b - - 1 16,32,RycPZ68f,d8c8,-498,51,b7b6,0.0143,0.0131,0.012,0.0114,b7b6,b7b6,b7b6,b7b6,140.0,0.0143,-0.0029,True,club,03_disagreements_b3,2313,2103,2103,False,True,6,king,False,False,True,middlegame,False,False,False,True,False
2r4r/1k4pp/pp1b1n2/3p4/7B/4P3/PP1Q2PP/RK5R b - - 0 30,60,RycPZ68f,d6e5,-498,15,c8c5,0.0296,0.0277,0.0278,0.0319,f6e4,f6e4,f6e4,f6e4,123.0,0.0319,0.0023,True,club,03_disagreements_b3,2313,2103,2103,False,True,1,bishop,False,False,True,middlegame,True,False,False,False,False
2rq1rk1/1b3p1p/p4bp1/1p1nN3/2pP4/P1P3BR/1PB1Q1PP/5R1K b - - 3 24,48,EGOIXM8F,d8e7,39,24,f6g7,0.0349,0.0378,0.0404,0.0368,f8e8,f8e8,f6g7,f6g7,234.0,0.0404,0.0019,True,club,03_disagreements_b3,2128,2015,2015,False,True,2,queen,False,False,True,middlegame,True,False,False,False,False
2rq1k2/6bQ/p4p2/1p6/2pP4/P1P1n1BR/1P4bP/4R1K1 b - - 1 32,64,EGOIXM8F,d8d5,-152,63,g2h3,0.0153,0.0131,0.0137,0.0198,g2h3,g2h3,g2h3,g2h3,143.0,0.0198,0.0045,True,club,03_disagreements_b3,2128,2015,2015,False,True,6,queen,False,False,True,middlegame,True,False,False,False,False
1r4k1/p4pnp/1n2p1p1/4q3/3N4/5BPP/PP3P2/1Q1R2K1 b - - 5 26,52,vqk7OltM,e5c7,-110,5,b8d8,0.0042,0.0077,0.012,0.0173,b6c4,b6c4,b6c4,b6c4,370.0,0.0173,0.0131,True,club,03_disagreements_b3,1893,1903,1903,False,True,5,queen,False,False,True,middlegame,False,True,False,False,False
2rqk2r/5p2/pn1pb2B/1p2p3/4P2b/1NN2Pn1/PPPQB3/1K1R2R1 b k - 1 18,36,GrgACs3e,c8c3,44,92,b5b4,0.0108,0.0133,0.0168,0.025,g3e2,g3e2,g3e2,b6c4,218.0,0.025,0.0142,True,club,03_disagreements_b3,2279,2414,2414,False,True,2,rook,True,False,False,middlegame,True,False,False,False,False
2r1k2b/5p2/p2Qb3/1q2p3/1p2P3/1N2BP2/PPP1n3/1K1R4 b - - 0 24,48,GrgACs3e,h8g7,282,29,b5c6,0.0232,0.0189,0.0168,0.0157,h8f6,h8f6,h8f6,h8f6,251.0,0.0232,-0.0075,True,club,03_disagreements_b3,2279,2414,2414,False,True,0,bishop,False,False,True,middlegame,True,False,False,False,False
4r2k/pR4pp/5p2/5Q2/3P3P/4P3/5PPK/2q5 b - - 1 26,52,H0sYlYdg,a7a6,-325,110,a7a6,0.0226,0.0207,0.0206,0.0214,c1c6,c1c6,c1c6,c1c6,112.0,0.0226,-0.0012,True,club,03_disagreements_b3,2018,2115,2115,True,False,5,pawn,False,False,True,endgame,True,False,True,False,False
r3kbnr/pppnpppp/8/5b2/3P1B2/5N2/PP2BPPP/RN1R2K1 b kq - 2 8,16,PIV5w7iY,a8c8,-56,4,e8c8,0.015,0.0101,0.0061,0.0057,e8c8,e8c8,e8c8,e8c8,128.0,0.015,-0.0093,True,club,03_disagreements_b3,1995,1987,1987,False,True,3,rook,False,False,True,opening,False,False,False,False,False
2kr1bnr/1ppnpppp/p7/5b2/3P1B2/2N2N2/PP2BPPP/2RR2K1 b - - 1 10,20,PIV5w7iY,d7f6,-216,2,e7e6,0.026,0.0172,0.011,0.0049,e7e6,e7e6,c7c6,c7c6,159.0,0.026,-0.0211,True,club,03_disagreements_b3,1995,1987,1987,False,True,6,knight,False,False,True,opening,True,False,False,False,False
2r3r1/p3qk1p/Qpb1p3/3pPp2/2p2B2/2P2P2/PP3RPP/5RK1 b - - 3 24,48,CzRCmu8H,d5d4,-19,30,e7d7,0.0151,0.007,0.0044,0.0041,e7h4,e7h4,g8g6,g8g6,514.0,0.0151,-0.011,True,club,03_disagreements_b3,1839,1858,1858,False,True,2,pawn,False,False,True,middlegame,True,False,True,False,False
2r2rk1/1p2ppbp/3pbnp1/q7/3BP1PP/pPN2PN1/P2Q1K2/R6R b - - 2 20,40,ncJZgfPp,f6g4,467,183,f6g4,0.0424,0.0427,0.0486,0.0427,d6d5,b7b5,b7b5,h7h5,273.0,0.0486,0.0003,True,club,03_disagreements_b3,1981,2005,2005,True,False,0,knight,True,True,False,middlegame,True,False,False,False,False
r1b1kbnr/pp2pppp/2n5/3q4/3P4/N1P5/5PPP/R1BQKBNR b KQkq - 1 8,16,JUnN0Rgl,d5a5,-48,14,d5e4,0.0328,0.0197,0.0138,0.0114,e7e5,e7e5,e7e5,e7e6,154.0,0.0328,-0.0214,True,club,03_disagreements_b3,1800,1889,1889,False,True,3,queen,False,False,True,opening,False,False,False,False,False
6k1/1p4p1/p1b2p2/3r3q/8/PP3QPp/2P1R2P/4N1K1 b - - 2 34,68,KMLK5dDi,h5g5,98,6,h5f7,0.0272,0.0285,0.032,0.0369,d5d1,d5d1,d5d1,d5d1,811.0,0.0369,0.0097,True,club,03_disagreements_b3,2120,2044,2044,False,True,0,queen,False,False,True,endgame,False,False,False,False,False
2kr2nr/ppp1qppp/2nbb3/8/2P1P3/2NB4/PP2NPPP/R1BQK2R b KQ - 4 8,16,dsUIraul,e7h4,98,50,g8f6,0.0112,0.0128,0.0158,0.0161,g8f6,g8f6,e6c4,e6c4,405.0,0.0161,0.0049,True,club,03_disagreements_b3,1874,1909,1909,False,True,3,queen,False,False,True,opening,True,False,False,False,False
r4rk1/bp1b2pp/p1p2q2/2Ppnp2/1PnN1N2/P3P1PP/2Q2PB1/R1B2RK1 b - - 10 20,40,bbhbF07C,f6f7,0,37,a8e8,0.0082,0.0078,0.0064,0.0045,a8e8,a8e8,a8e8,a8e8,119.0,0.0082,-0.0037,True,club,03_disagreements_b3,1849,1836,1836,False,True,2,queen,False,False,True,middlegame,False,True,False,False,False
1b2rr2/6kp/p1p4p/2P5/1PB5/P5Pn/2Q2PK1/R4R2 b - - 1 32,64,bbhbF07C,h3f4,-586,105,h3g5,0.0255,0.0142,0.009,0.0068,h3g5,h3g5,h3g5,h3g5,198.0,0.0255,-0.0187,True,club,03_disagreements_b3,1849,1836,1836,False,True,1,knight,False,True,False,middlegame,False,True,False,False,False
1b2rr2/7p/p1p3kp/2P3n1/1P6/P1QB2P1/5PK1/R4R2 b - - 5 34,68,bbhbF07C,e8e4,-825,6,g6f7,0.0104,0.0088,0.008,0.0088,g6h5,g6h5,g6h5,g6h5,1172.0,0.0104,-0.0016,True,club,03_disagreements_b3,1849,1836,1836,False,True,1,rook,False,False,True,middlegame,True,False,False,False,False
5rk1/3r1ppp/p2p1P2/1p1Np3/4n3/2P5/PP4PP/R4RK1 b - - 0 22,44,haKnTtqk,g8h8,54,30,g7g6,0.0036,0.0069,0.0093,0.0102,e4f6,g7g6,g7g6,e4f6,390.0,0.0102,0.0066,True,club,03_disagreements_b3,2051,2042,2042,False,True,0,king,False,False,True,endgame,False,False,False,True,False
3r1r2/Q5pk/2p4p/4P3/2P1b3/1PB3qP/P4RP1/5RK1 b - - 2 30,60,cph1jnwf,e4g2,537,219,f8f2,0.031,0.0173,0.0112,0.0085,f8f2,f8f2,f8f2,f8f2,222.0,0.031,-0.0225,True,club,03_disagreements_b3,1925,1950,1950,False,True,0,bishop,True,False,False,middlegame,True,False,False,False,False
rnbq1rk1/ppp2Np1/5n1p/8/1bBP4/2N5/PP3PPP/R1BQK2R b KQ - 0 10,20,tEDjRlB5,b4c3,177,114,f8f7,0.0394,0.0208,0.0108,0.0055,f8f7,f8f7,f8f7,f8f7,118.0,0.0394,-0.0339,True,club,03_disagreements_b3,1864,1830,1830,False,True,3,bishop,True,True,False,opening,True,False,False,False,False
r5k1/3R4/3p2p1/p2P4/2b2p2/4pP2/6P1/6K1 b - - 1 32,64,j9Epvol9,a8e8,985,303,a8e8,0.0246,0.0243,0.0239,0.0275,c4d5,c4d5,c4d5,c4d5,259.0,0.0275,0.0029,True,club,03_disagreements_b3,2130,2089,2089,True,False,4,rook,False,False,True,endgame,False,False,False,False,False
r2r2k1/1pq1bpp1/2p1p1np/2PpP3/1P1P1P2/2NQ3P/6PN/R4RK1 b - - 0 20,40,ApbOJkp6,g6f4,125,13,a8a1,0.0165,0.0083,0.0037,0.002,a8a1,b7b6,b7b6,b7b6,168.0,0.0165,-0.0145,True,club,03_disagreements_b3,1848,1953,1953,False,True,2,knight,True,False,False,middlegame,True,False,False,False,False
5rk1/3q1pp1/2p1p1np/2PpP1bN/3P2NP/5QP1/8/5RK1 b - - 0 32,64,ApbOJkp6,d7d8,-151,7,g5d8,0.0018,0.0018,0.0013,0.0009,g5e7,g5e7,g5e7,g5e7,182.0,0.0018,-0.0009,True,club,03_disagreements_b3,1848,1953,1953,False,True,2,queen,False,False,True,middlegame,False,True,False,False,False
5rk1/pppb1p2/3p2p1/8/4P2R/4qP2/PPP5/1K1R3Q b - - 3 24,48,C1ZaB6yh,f8e8,-375,134,g8g7,0.02,0.0114,0.0072,0.0076,g8g7,g8g7,g8g7,g8g7,136.0,0.02,-0.0124,True,club,03_disagreements_b3,1817,1881,1881,False,True,6,rook,False,False,True,endgame,False,False,False,False,False
k6r/p3bp2/2p1p1p1/4P3/5P2/3pB1p1/P6r/1RR3K1 b - - 5 30,60,beo0UipM,c6c5,598,6,d3d2,0.0409,0.0411,0.0401,0.0464,h2h1,h2h1,h2h1,h2h1,120.0,0.0464,0.0055,True,club,03_disagreements_b3,1848,1828,1828,False,True,4,pawn,False,False,True,endgame,True,False,True,False,False
r5k1/3Rpp1p/pBnp2p1/8/2P1P1n1/2b2P2/P3B1PP/5RK1 b - - 0 20,40,4UoYy3I9,a8b8,-48,256,g4f6,0.0492,0.0233,0.0164,0.0198,g4e5,g4e5,g4e5,g4e5,258.0,0.0492,-0.0294,True,club,03_disagreements_b3,2111,2039,2039,False,True,5,rook,False,False,True,middlegame,False,False,False,False,False
rr4k1/2n1p1bp/1q1pPn2/2p2N2/8/2N5/PP4PP/R1BQ1R1K b - - 0 18,36,AGjvVA8g,b8f8,-304,5,g8f8,0.0047,0.0055,0.0059,0.0068,c7e6,c7e6,c7e6,c7e6,110.0,0.0068,0.0021,True,club,03_disagreements_b3,1804,1921,1921,False,True,6,rook,False,False,True,middlegame,False,False,False,False,False
4k3/p1rrbp1p/R3p3/R1p3p1/2Pp1P2/3P2P1/P2BP1KP/8 b - - 0 32,64,MmdX8Ew4,c7b7,-67,22,g5g4,0.0321,0.0221,0.0157,0.0188,g5f4,g5f4,g5f4,g5f4,160.0,0.0321,-0.0133,True,club,03_disagreements_b3,2225,2161,2161,False,True,5,rook,False,False,True,endgame,False,False,False,False,False
r1bq1rk1/pp1n1pbp/3p1np1/2p5/4P3/N1P1BP2/PP1Q2PP/R3KBNR b KQ - 1 10,20,KCTUx0sa,d6d5,92,15,d7e5,0.0155,0.0117,0.0109,0.0202,d7e5,d7e5,d7e5,d7e5,106.0,0.0202,0.0047,True,club,03_disagreements_b3,1919,1930,1930,False,True,3,pawn,False,False,True,opening,True,False,True,False,False
r1bq1rk1/pp3pbp/5np1/2pPn3/8/N1P1BP2/PP1Q2PP/2KR1BNR b - - 0 12,24,KCTUx0sa,f8e8,56,11,b7b6,0.0359,0.0352,0.0254,0.0209,f6d5,f6d5,c8f5,c8f5,145.0,0.0359,-0.015,True,club,03_disagreements_b3,1919,1930,1930,False,True,2,rook,False,False,True,opening,False,False,False,False,False
r5k1/2P1N1p1/r2ppn1p/nq6/R7/4P1P1/4P2P/Q1R3K1 b - - 1 28,56,MNsRwt9u,g8f8,-29,91,g8f7,0.0482,0.0269,0.019,0.0167,g8h7,g8h7,g8h7,g8h7,335.0,0.0482,-0.0315,True,club,03_disagreements_b3,1934,1935,1935,False,True,6,king,False,False,True,middlegame,False,False,False,True,False
r1bqkb1r/1p1p1ppp/p3pn2/6B1/P2QP3/2N5/1PP2PPP/R3KB1R b KQkq - 2 8,16,OhSvehBH,d8a5,-37,17,f8e7,0.0208,0.0187,0.0153,0.032,f8e7,f8e7,f8e7,f8e7,120.0,0.032,0.0112,True,club,03_disagreements_b3,1968,2079,2079,False,True,3,queen,False,False,True,opening,True,False,False,False,False
6k1/2b1qpp1/2p1p1b1/p3P1Pp/2BN3P/P2P2P1/1rP1Q1K1/R7 b - - 0 34,68,NwkFUCyV,c7b6,209,40,e7c5,0.0392,0.0325,0.0225,0.0156,e7c5,e7c5,e7c5,e7c5,153.0,0.0392,-0.0236,True,club,03_disagreements_b3,2007,2099,2099,False,True,0,bishop,False,False,True,middlegame,True,False,False,False,False
2kr3r/ppp2ppp/8/2B5/2P1P2q/2P2P2/PP2Q2P/R6K b - - 0 18,36,KMpOxqbl,f7f5,283,29,b7b6,0.0283,0.0254,0.0211,0.0157,b7b6,b7b6,b7b6,b7b6,137.0,0.0283,-0.0126,True,club,03_disagreements_b3,2071,2128,2128,False,True,0,pawn,False,False,True,endgame,True,False,True,False,False
r5k1/2q3pp/2p5/p3p3/1bP5/1PN1Rr1P/P2Q1P2/3R2K1 b - - 4 24,48,mZmNFoIy,f3f7,124,100,c7f7,0.0222,0.0196,0.017,0.0138,f3e3,a8f8,a8f8,a8f8,110.0,0.0222,-0.0084,True,club,03_disagreements_b3,1963,2017,2017,False,True,0,rook,False,False,True,middlegame,False,True,False,False,False
r2b1rk1/pR3ppp/q2N4/2pQ2B1/4P1n1/2PP4/5PPP/5RK1 b - - 2 20,40,Ci90SE1C,g4e5,-453,27,d8g5,0.0016,0.002,0.0023,0.0026,d8g5,d8g5,d8g5,d8g5,208.0,0.0026,0.001,True,club,03_disagreements_b3,1938,1923,1923,False,True,6,knight,False,False,True,middlegame,False,True,False,False,False
Q6k/p3n1pp/3q2p1/1p6/3p2Pb/1B1P3P/PP3P2/R4RK1 b - - 0 28,56,iG7ctBOk,e7c8,-916,1081,e7g8,0.038,0.0195,0.0123,0.0116,e7g8,e7g8,e7g8,e7g8,1083.0,0.038,-0.0264,True,club,03_disagreements_b3,1863,1897,1897,False,True,1,knight,False,False,True,middlegame,False,True,False,False,False
r1b1kbnr/1p3ppp/p1npp3/8/3NPPPq/2N5/PPP1K2P/R1BQ1B1R b kq - 2 8,16,LMDEqcMg,e6e5,257,98,h4g4,0.0325,0.0297,0.0289,0.0232,h4g4,h4g4,h4g4,h4g4,126.0,0.0325,-0.0093,True,club,03_disagreements_b3,1822,1816,1816,False,True,3,pawn,False,False,True,opening,True,False,True,False,False
N3k1nr/1p3ppp/p7/2b1p3/4P3/7q/PPP1N2P/R1BQK2R b - - 4 20,40,LMDEqcMg,h3c8,-535,17,h3g2,0.0093,0.0067,0.0056,0.0058,h3h4,h3h4,h3h4,h3h4,111.0,0.0093,-0.0035,True,club,03_disagreements_b3,1822,1816,1816,False,True,7,queen,False,False,True,middlegame,False,True,False,False,False
r4rk1/2pbq3/1p1n2p1/pPpPpP2/2P1P3/P1NBbP2/2Q1N3/1K1R3R b - - 0 22,44,FQiv6A5s,g8g7,-174,53,g6f5,0.0069,0.0063,0.0056,0.0051,g6f5,g6f5,g6f5,g6f5,141.0,0.0069,-0.0018,True,club,03_disagreements_b3,2329,2424,2424,False,True,6,king,False,False,True,middlegame,True,False,False,True,False
3r1rk1/1pp1nppp/p7/4Nb2/2Bq1P2/1Q6/PP4PP/R4R1K b - - 1 16,32,CBMqr3pn,h7h6,-79,74,b7b5,0.0104,0.0028,0.0007,0.0003,b7b5,e7d5,e7d5,e7d5,392.0,0.0104,-0.0101,True,club,03_disagreements_b3,1982,2136,2136,False,True,2,pawn,False,False,True,middlegame,True,False,True,False,False
3r3k/2p1n1pp/p3B3/1p2Nb2/4qP2/1Q6/PP4PP/5R1K b - - 1 20,40,CBMqr3pn,f5g6,-76,282,f5g6,0.0216,0.0303,0.0366,0.036,f5e6,f5e6,f5e6,f5e6,529.0,0.0366,0.0144,True,club,03_disagreements_b3,1982,2136,2136,True,False,5,bishop,False,False,True,middlegame,False,True,False,False,False
r2q2kr/pppn2p1/3b1nBp/3pp1pP/3P2P1/2N1P3/PPPBQP2/2KR3R b - - 1 14,28,8IAxpyQV,a7a6,-282,3,e5e4,0.0069,0.0056,0.0052,0.0066,e5d4,e5e4,e5e4,e5e4,105.0,0.0069,-0.0003,True,club,03_disagreements_b3,2036,2175,2175,False,True,6,pawn,False,False,True,middlegame,True,False,True,False,False
3rr3/1pq1k1p1/5nBp/2P3pP/p1QPpbP1/P3B3/1P3P2/1K1R3R b - - 6 28,56,8IAxpyQV,e7f8,-443,25,f6g4,0.0098,0.008,0.0074,0.0093,e8f8,e8f8,e8f8,e8f8,157.0,0.0098,-0.0005,True,club,03_disagreements_b3,2036,2175,2175,False,True,1,king,False,False,True,middlegame,False,True,False,True,False
r1b2rk1/1p2ppbp/p2p1np1/2q5/1nP5/1PN1PN2/PB1QBPPP/R4RK1 b - - 3 12,24,oKpXxMki,a6a5,-90,7,c8f5,0.0218,0.0258,0.0275,0.0224,c8f5,c8f5,c8f5,c8f5,129.0,0.0275,0.0006,True,club,03_disagreements_b3,2176,2208,2208,False,True,3,pawn,False,False,True,opening,True,False,True,False,False
b1r2r2/2q1bppk/p2pp1np/1p5n/3NP1NP/2P2PP1/PP1BBQK1/2RR4 b - - 2 24,48,SpRaDeDW,c7d7,185,78,f7f5,0.0379,0.0405,0.0377,0.0341,d6d5,d6d5,d6d5,d6d5,310.0,0.0405,-0.0038,True,club,03_disagreements_b3,1891,1884,1884,False,True,2,queen,False,False,True,middlegame,False,False,False,False,False
5rk1/2q2pp1/p1r1p2p/1p1pP3/2nP1PPP/5R2/PP2RQ1K/3N4 b - - 1 26,52,NTmudUlu,f7f6,-58,51,c7a5,0.0466,0.0393,0.0296,0.0209,f8c8,f8c8,f8c8,f8c8,118.0,0.0466,-0.0257,True,club,03_disagreements_b3,1854,1867,1867,False,True,2,pawn,False,False,True,middlegame,True,False,True,False,False
2r3k1/3q1p2/p3pP1p/1p1pP1P1/3P1NP1/nP3R2/P1r1R1QK/8 b - - 0 34,68,NTmudUlu,d7c6,-402,38,h6g5,0.002,0.0012,0.0009,0.0009,c2e2,c2e2,c2e2,h6g5,1591.0,0.002,-0.0011,True,club,03_disagreements_b3,1854,1867,1867,False,True,6,queen,False,False,True,middlegame,True,False,False,False,False
q5k1/3r1pp1/1p5p/8/2QP4/8/1P3PPP/3R2K1 b - - 0 24,48,U4aufAm5,d7d5,-48,47,a8d8,0.0319,0.0316,0.0355,0.0458,a8e4,a8b7,a8e4,a8e4,645.0,0.0458,0.0139,True,club,03_disagreements_b3,2072,1808,1808,False,True,5,rook,False,False,True,endgame,True,False,False,False,False
2kr3r/pp1b1p2/2p1p2p/4P2Q/2P1pP2/4P3/PP1qBKP1/1R5R b - - 2 18,36,o6uFrnOr,h8g8,-154,19,d8f8,0.0259,0.0235,0.0238,0.0218,d7e8,d7e8,d7e8,d7e8,110.0,0.0259,-0.0041,True,club,03_disagreements_b3,2071,1966,1966,False,True,5,rook,False,False,True,middlegame,False,False,False,False,False
8/ppkb3r/2p1pr2/2P4p/1P1RpP2/4P2B/P4KP1/3R4 b - - 0 28,56,o6uFrnOr,a7a5,-292,1,b7b6,0.0015,0.0012,0.0013,0.0026,e6e5,e6e5,e6e5,e6e5,1023.0,0.0026,0.0011,True,club,03_disagreements_b3,2071,1966,1966,False,True,5,pawn,False,False,True,endgame,True,False,True,False,False
2r3k1/4bpp1/p3pnp1/q2pN1B1/3P2P1/pQP4P/P4P2/K1R4R b - - 1 22,44,y4Ve6P4n,e7f8,-392,1,e7d6,0.0067,0.0092,0.0159,0.0316,f6e4,f6e4,f6e4,f6e4,263.0,0.0316,0.0249,True,club,03_disagreements_b3,1820,1817,1817,False,True,1,bishop,False,False,True,middlegame,False,True,False,False,False
r1bq1rk1/pp3ppn/2np1b1p/2p5/4PP2/1PN2N1P/PBPP2Q1/2KR1B1R b - - 4 12,24,hEHEUXlL,g8h8,-249,9,c8e6,0.0058,0.0104,0.0188,0.0251,c6d4,c6d4,c6d4,c6d4,122.0,0.0251,0.0193,True,club,03_disagreements_b3,1981,1937,1937,False,True,6,king,False,False,True,opening,False,False,False,True,False
r1b2rk1/4bp2/3pqnpP/2p3B1/1pB1PQ2/P4P2/2P5/1NKR3R b - - 2 22,44,HZaRciCX,f6h7,-134,76,e6e5,0.0294,0.0382,0.0373,0.0289,e6c4,e6c4,e6c4,e6c4,159.0,0.0382,-0.0005,True,club,03_disagreements_b3,1829,1889,1889,False,True,6,knight,False,False,True,middlegame,False,True,False,False,False
rn1qk1nr/1bp5/1p1pp3/p4p1p/3P2p1/P1BNP1P1/1PP1BP1P/R2QK1R1 b Qkq - 0 12,24,7IS6Uo4v,d8e7,81,5,d6d5,0.0106,0.0112,0.0147,0.0171,h5h4,h5h4,h5h4,h5h4,168.0,0.0171,0.0065,True,club,03_disagreements_b3,2068,2097,2097,False,True,2,queen,False,False,True,opening,True,False,False,False,False
1rr1bk2/4p2Q/p2p2p1/1p1P2P1/8/3B4/PPP5/2K5 b - - 0 28,56,c9Hw9Tq4,a6a5,-429,9,e8f7,0.0136,0.0073,0.0038,0.0028,e8f7,e8f7,e8f7,e8f7,1564.0,0.0136,-0.0108,True,club,03_disagreements_b3,1914,1943,1943,False,True,6,pawn,False,False,True,endgame,True,False,True,False,False
rnbq1b1r/pp1kp1p1/2p3Qn/5pN1/2B1p3/2NP4/PPP2PPP/R1B1K2R b KQ - 0 8,16,8mmBwre4,e7e5,-491,13,e4d3,0.0181,0.0132,0.0126,0.0179,d7c7,d7c7,d7c7,d7c7,163.0,0.0181,-0.0002,True,club,03_disagreements_b3,1971,2048,2048,False,True,6,pawn,False,False,True,opening,True,False,True,False,False
3r2k1/pq1b1pp1/1p3r2/4N2p/3Q4/6PP/P4P1K/2R1R3 b - - 5 28,56,O4ZAtP20,d7e8,214,76,d7e8,0.0036,0.0049,0.0066,0.0107,f6e6,f6e6,f6e6,f6e6,473.0,0.0107,0.0071,True,club,03_disagreements_b3,1931,1938,1938,True,False,0,bishop,False,False,True,middlegame,False,True,False,False,False
q5k1/4br2/2p1QppR/B2p4/1PpP1P2/4P2P/5P1K/8 b - - 2 30,60,1AEdVI5a,e7f8,-325,29,g8g7,0.0495,0.0428,0.0358,0.037,g8g7,g8g7,g8g7,g8g7,180.0,0.0495,-0.0125,True,club,03_disagreements_b3,1814,1824,1824,False,True,6,bishop,False,False,True,endgame,False,True,False,False,False
rnbq1rk1/p3ppbp/5np1/1pp1N3/4P3/2PBN3/PP2QPPP/R1B2RK1 b - - 1 12,24,cvl51e70,f6h5,115,131,c8b7,0.0174,0.0243,0.0307,0.0351,c5c4,c5c4,c5c4,c5c4,141.0,0.0351,0.0177,True,club,03_disagreements_b3,1960,1932,1932,False,True,3,knight,False,False,True,opening,True,False,False,False,False
r1b3k1/pppp1ppp/3b1qn1/2N5/2BP1n2/2P4P/PP3PP1/R1BQN1K1 b - - 0 14,28,Lt3dOWym,d6e7,-17,6,f6g5,0.0043,0.003,0.0023,0.0023,g6h4,f4h3,f4h3,f4h3,317.0,0.0043,-0.002,True,club,03_disagreements_b3,1843,1868,1868,False,True,2,bishop,False,False,True,middlegame,False,True,False,False,False
r2qr1k1/2pbbpnp/2n3pB/p3P3/1pQ5/P4N1P/1PBN1PP1/R3R1K1 b - - 4 20,40,o8O9ylSR,d8c8,-222,9,c6a7,0.007,0.0079,0.0111,0.0137,g7f5,d7e6,d7e6,d7e6,266.0,0.0137,0.0067,True,club,03_disagreements_b3,1973,1966,1966,False,True,6,queen,False,False,True,middlegame,False,False,False,False,False
r3r1k1/n1p1bpnp/6pB/pb2P3/1p2N1P1/P4N2/1PB2PP1/3RR1K1 b - - 0 24,48,o8O9ylSR,a5a4,-127,43,b4a3,0.0318,0.0194,0.0103,0.0062,b4a3,b4a3,g7e6,g7e6,144.0,0.0318,-0.0256,True,club,03_disagreements_b3,1973,1966,1966,False,True,6,pawn,False,False,True,middlegame,True,False,True,False,False
r3r1k1/n1p1bpnp/2b3pB/p3P1N1/4N1P1/P7/2B2PP1/3RR1K1 b - - 2 26,52,o8O9ylSR,a8b8,-181,20,c6e4,0.0151,0.0105,0.0105,0.0144,e7a3,e7a3,e7a3,e7a3,720.0,0.0151,-0.0007,True,club,03_disagreements_b3,1973,1966,1966,False,True,6,rook,False,False,True,middlegame,False,False,False,False,False
6k1/2qn1pp1/2p1pn1p/p1Pp4/P2P4/2N1PN1P/1Q3PP1/6K1 b - - 0 22,44,zq3uUTiW,c7c8,-45,7,c7b8,0.0202,0.019,0.0142,0.0095,c7b8,c7b8,c7b8,c7b8,181.0,0.0202,-0.0107,True,club,03_disagreements_b3,2085,2055,2055,False,True,2,queen,False,False,True,endgame,False,True,False,False,False
5rk1/pb1r1p2/1p2p1pq/2p1Q3/3pP3/1PPP1R2/PB5P/6RK b - - 0 26,52,knEavsaR,d7d5,-183,29,h6g7,0.0049,0.0037,0.0032,0.0041,d4c3,d4c3,d4c3,d4c3,180.0,0.0049,-0.0008,True,club,03_disagreements_b3,2190,2145,2145,False,True,5,rook,False,False,True,middlegame,True,False,False,False,False
7k/pp4rp/5Q2/8/3P4/6qP/P4RP1/6K1 b - - 3 32,64,0Q99wlIy,g3g5,-286,13,g3c3,0.0054,0.004,0.0032,0.0038,g3h3,g3h3,g3h3,g3h3,1699.0,0.0054,-0.0016,True,club,03_disagreements_b3,1818,1869,1869,False,True,5,queen,False,False,True,endgame,False,True,False,False,False
7k/2p3p1/5p1p/P7/8/7P/2r2PP1/R5K1 b - - 1 30,60,q2I3yrcc,c2e2,-402,4,c2d2,0.0174,0.0097,0.0061,0.0057,c2c6,c2c6,c2c6,c2c6,243.0,0.0174,-0.0117,True,club,03_disagreements_b3,2016,2075,2075,False,True,5,rook,False,False,True,endgame,False,False,False,False,False
8/pp2k2r/1b4Rp/3K3B/5P2/1P6/P7/8 b - - 0 34,68,q0sTJe2I,e7f8,-54,2,h7f7,0.0395,0.0383,0.0317,0.0291,b6e3,b6e3,b6e3,b6e3,536.0,0.0395,-0.0104,True,club,03_disagreements_b3,1888,1896,1896,False,True,5,king,False,False,True,endgame,False,True,False,True,False
r1b2rk1/p1p3pp/1pnq4/4ppN1/8/2PP2NP/PPQ2PP1/R3R1K1 b - - 0 16,32,dsszGWrZ,g8h8,71,6,c8a6,0.0009,0.0013,0.0019,0.0033,f5f4,h7h6,h7h6,h7h6,287.0,0.0033,0.0024,True,club,03_disagreements_b3,2060,2002,2002,False,True,2,king,False,False,True,middlegame,False,False,False,True,False
5rk1/1bq3pp/p6r/R2p1p2/2p1n3/2P1PBP1/RPQ1NPP1/6K1 b - - 5 24,48,Ozg3AnjD,c7f7,39,39,f8f6,0.035,0.0383,0.0381,0.0376,f8f6,f8f6,f8f6,f8f6,112.0,0.0383,0.0026,True,club,03_disagreements_b3,2183,2176,2176,False,True,2,queen,False,False,True,middlegame,False,False,False,False,False
6k1/1b1q2pp/p4r1r/R2p1p2/2p1nN2/2P1PBP1/RP3PP1/3Q2K1 b - - 9 26,52,Ozg3AnjD,h6h1,371,367,f6d6,0.0062,0.0052,0.0033,0.0022,f6d6,f6d6,f6d6,f6d6,324.0,0.0062,-0.004,True,club,03_disagreements_b3,2183,2176,2176,False,True,2,rook,False,True,False,middlegame,True,False,False,False,False
2rq1rk1/pb2ppbp/1p1p1np1/2nP4/P1P1P3/2NB1N2/1B3PPP/R2Q1RK1 b - - 0 12,24,m0ONQrwx,f6e4,187,130,a7a6,0.0094,0.0114,0.0147,0.0245,c5d3,c5d3,c5d3,c5d3,207.0,0.0245,0.0151,True,club,03_disagreements_b3,1901,1885,1885,False,True,3,knight,True,False,False,opening,True,False,False,False,False
r5k1/pp1b3n/2n1pr2/1N3p1Q/1bP4P/3B1N2/Pq3PP1/1R3K1R b - - 6 20,40,HI7JbcE1,b2b1,443,133,b2a2,0.005,0.0054,0.007,0.0099,b2a2,b2a2,b2a2,b2a2,133.0,0.0099,0.0049,True,club,03_disagreements_b3,1875,1803,1803,False,True,6,queen,True,True,False,middlegame,True,False,False,False,False
4rbk1/3n1p2/2p2p2/2P4p/1N1PrP1P/1P2B3/1K3P2/3RR3 b - - 0 26,52,WSplDOjo,d7c5,-327,134,f6f5,0.0256,0.023,0.0213,0.0181,d7b8,d7b8,d7b8,d7b8,127.0,0.0256,-0.0075,True,club,03_disagreements_b3,2162,1895,1895,False,True,6,knight,True,False,False,middlegame,True,False,False,False,False
7Q/p4pp1/3k4/7p/5P2/1q2n3/1P3PBP/2R3K1 b - - 0 26,52,fSCK3dD2,b3b6,-826,5,e3g2,0.0014,0.0011,0.001,0.0009,e3g2,e3g2,e3g2,e3g2,1159.0,0.0014,-0.0005,True,club,03_disagreements_b3,1900,1913,1913,False,True,1,queen,False,False,True,endgame,False,True,False,False,False
7Q/p4pp1/3k4/3q3p/5P2/8/1P3P1P/2R3K1 b - - 2 28,56,fSCK3dD2,d6e7,-702,84,d5d2,0.0085,0.0097,0.0117,0.0149,d5d2,d5d2,d5d2,d5d2,1288.0,0.0149,0.0064,True,club,03_disagreements_b3,1900,1913,1913,False,True,1,king,False,False,True,endgame,False,True,False,True,False
2r1r1k1/3R1pp1/pqp4p/1p3P2/PP3P2/1Q2n1P1/6BP/5R1K b - - 4 28,56,dEWPDRSG,e3d5,35,38,e3c4,0.0164,0.019,0.0181,0.017,e3f1,e3f1,e3f1,e3f1,2033.0,0.019,0.0006,True,club,03_disagreements_b3,1849,1852,1852,False,True,0,knight,False,False,True,middlegame,False,True,False,False,False
2r3k1/3R1pp1/pqp2P1p/1p6/PPn2P2/4r1P1/6BP/3Q1R1K b - - 2 30,60,dEWPDRSG,e3e6,-197,29,g7g6,0.0264,0.0256,0.0231,0.021,g7f6,g7f6,g7f6,g7f6,436.0,0.0264,-0.0054,True,club,03_disagreements_b3,1849,1852,1852,False,True,6,rook,False,False,True,middlegame,False,True,False,False,False
1qr3k1/3R1p2/p1p2Ppp/Pp6/1PnQ1P2/4r1P1/6BP/5R1K b - - 2 32,64,dEWPDRSG,c8f8,-137,93,b8a8,0.0188,0.0226,0.0237,0.0241,c8e8,c8e8,c8e8,c8e8,148.0,0.0241,0.0053,True,club,03_disagreements_b3,1849,1852,1852,False,True,5,rook,False,False,True,middlegame,False,False,False,False,False
1r4k1/5pp1/p2N3p/P1P1p3/1n2P3/1r2P3/qP4PP/1QKR3R b - - 0 26,52,f1FvICRW,b3b2,1996,1411,a2a5,0.0387,0.0262,0.0159,0.0119,a2a5,a2a5,a2a5,a2a5,1412.0,0.0387,-0.0268,True,club,03_disagreements_b3,2002,1951,1951,False,True,4,rook,True,False,False,middlegame,True,False,False,False,False
2kq3r/Qp2n1b1/2p5/4p2p/PP3pp1/1NPP4/5PPP/R3R1K1 b - - 0 24,48,i2UgkIr6,d8c7,-461,21,g4g3,0.0293,0.0379,0.0421,0.0392,d8d3,d8d3,d8d3,d8d3,331.0,0.0421,0.0099,True,club,03_disagreements_b3,1898,1840,1840,False,True,1,queen,False,False,True,middlegame,True,False,False,False,False
3q3r/1Q2n1b1/2p1k3/4p2p/PP2Np2/2PP2P1/6PP/R3R1K1 b - - 0 28,56,i2UgkIr6,h5h4,-561,9,f4g3,0.0193,0.0244,0.033,0.0419,f4g3,f4g3,f4g3,f4g3,139.0,0.0419,0.0226,True,club,03_disagreements_b3,1898,1840,1840,False,True,1,pawn,False,False,True,middlegame,True,False,True,False,False
r7/1ppb1kq1/p2p2n1/2PPp1b1/1P2PpP1/2N2B2/P2BK1P1/1R3Q2 b - - 7 28,56,qyAxT4aT,g7f8,-4,55,a8h8,0.015,0.0209,0.0273,0.0432,a8h8,a8h8,a8h8,a8h8,115.0,0.0432,0.0282,True,club,03_disagreements_b3,1942,2008,2008,False,True,2,queen,False,False,True,middlegame,False,True,False,False,False
r1bq1rk1/pp2bppp/2nppn2/6N1/2B1P2P/2N1B3/PP2QPP1/R3K2R b KQ - 4 10,20,Ag0mY8jf,d8a5,170,13,c6e5,0.0106,0.0103,0.0147,0.0323,h7h6,h7h6,h7h6,d6d5,115.0,0.0323,0.0217,True,club,03_disagreements_b3,2175,2243,2243,False,True,3,queen,False,False,True,opening,True,False,False,False,False
r6k/1R4pp/2q1B3/pp4N1/7P/2P5/P2B2P1/R3K3 b Q - 0 26,52,Ag0mY8jf,h7h6,-263,232,c6b7,0.0174,0.0166,0.0148,0.0187,c6b7,c6b7,c6b7,c6b7,437.0,0.0187,0.0013,True,club,03_disagreements_b3,2175,2243,2243,False,True,7,pawn,False,False,True,middlegame,True,False,True,False,False
2r1q1k1/3b2bp/3Bp1p1/1pNpPn2/1P6/P4P2/5P1P/2RQR1K1 b - - 1 26,52,KHzhVP8u,h7h5,-217,34,e8f7,0.0088,0.0079,0.0088,0.0121,f5d6,f5d6,f5d6,f5d6,169.0,0.0121,0.0033,True,club,03_disagreements_b3,1876,1926,1926,False,True,2,pawn,False,False,True,middlegame,True,False,True,False,False
r3r3/pp3ppk/2pq1n1p/4pP2/4B2R/4BQ2/PP4PP/5RK1 b - - 3 26,52,I3ZRN2oC,a7a5,-331,4,d6b4,0.0124,0.0119,0.0098,0.0089,f6e4,f6e4,f6e4,f6e4,114.0,0.0124,-0.0035,True,club,03_disagreements_b3,2074,2107,2107,False,True,7,pawn,False,False,True,middlegame,True,False,True,False,False
r3r3/pp2qppk/2p2n1p/4pP2/4B2R/1P2B2Q/P5PP/5RK1 b - - 2 28,56,I3ZRN2oC,a8d8,-352,55,f6e4,0.0369,0.0165,0.0099,0.006,f6e4,f6g8,f6g8,f6g8,1638.0,0.0369,-0.0309,True,club,03_disagreements_b3,2074,2107,2107,False,True,1,rook,False,False,True,middlegame,False,False,False,False,False
r3r1k1/pp3pp1/2p2q2/4pPp1/6R1/1P2B2Q/P6P/5RK1 b - - 1 32,64,I3ZRN2oC,f6d6,-517,11,f6h6,0.0176,0.0157,0.0162,0.0203,e5e4,g8f8,g8f8,a8d8,170.0,0.0203,0.0027,True,club,03_disagreements_b3,2074,2107,2107,False,True,1,queen,False,False,True,middlegame,False,False,False,False,False
r3k1nr/pbpq1pp1/1pn1p2p/3pP1NQ/3P4/P1PB4/2P2PPP/R1B1K2R b KQkq - 1 10,20,gCHDM3CA,c6d8,-107,118,g7g6,0.0129,0.0142,0.0166,0.0339,e8c8,e8c8,e8c8,e8c8,236.0,0.0339,0.021,True,club,03_disagreements_b3,1873,1864,1864,False,True,2,knight,False,False,True,opening,False,True,False,False,False
2kr3r/pppqbp2/2np3p/1B4p1/3NPPb1/2N3P1/PPPQ2P1/2K1R1R1 b - - 2 16,32,ituJJOBm,d6d5,-283,118,e7f6,0.0182,0.0116,0.007,0.0048,a7a6,a7a6,a7a6,a7a6,139.0,0.0182,-0.0134,True,club,03_disagreements_b3,2042,1977,1977,False,True,6,pawn,False,False,True,middlegame,True,False,True,False,False
2r3k1/p3Rp2/5p1p/8/2pp4/8/PPP2PPP/4R1K1 b - - 0 22,44,8HVH06kT,c8c6,-588,9,d4d3,0.0053,0.0053,0.0069,0.0105,d4d3,d4d3,d4d3,d4d3,205.0,0.0105,0.0052,True,club,03_disagreements_b3,2137,2186,2186,False,True,1,rook,False,False,True,endgame,True,False,False,False,False
r5k1/p4ppp/R1p3r1/8/5n2/PB1P2PP/1PP2P2/4R2K b - - 0 32,64,l8d5iBTF,f4d5,-552,7,f4h3,0.0247,0.0205,0.0192,0.0227,f4h3,f4h3,f4h3,f4h3,117.0,0.0247,-0.002,True,club,03_disagreements_b3,1851,1827,1827,False,True,1,knight,False,False,True,endgame,False,True,False,False,False
1r3k2/p2RNpp1/7p/5Q2/4P3/P6P/4qPP1/6K1 b - - 5 30,60,PPgzzPqc,f7f6,-740,133,e2a2,0.0056,0.0053,0.0045,0.0053,b8b1,b8b1,b8b1,b8b1,1250.0,0.0056,-0.0003,True,club,03_disagreements_b3,1876,1896,1896,False,True,1,pawn,False,False,True,endgame,True,False,True,False,False
r2k1bnr/1p3pp1/pqn1p1b1/3pP3/BP1P1NP1/P1N1B3/7P/R2QK2R b KQ - 2 16,32,SbIOs3iE,c6e5,62,292,g8h6,0.0043,0.0064,0.0124,0.0313,g6h7,g6h7,g6h7,g6h7,348.0,0.0313,0.027,True,club,03_disagreements_b3,1855,1966,1966,False,True,6,knight,True,False,False,middlegame,True,False,False,False,False
r3k2r/2qnbppp/p1b1p3/1pp5/4P3/P1N1QN1P/1PP2PP1/3RRBK1 b kq - 7 16,32,nRmma4ee,d7b6,77,52,c5c4,0.0137,0.0119,0.0099,0.0106,e8g8,e8g8,e8g8,e8g8,112.0,0.0137,-0.0031,True,club,03_disagreements_b3,1887,1918,1918,False,True,2,knight,False,False,True,middlegame,True,False,False,False,False
2r3k1/6rp/2npp1p1/pp2p3/4P3/2PN1PP1/PP1R4/1K5R b - - 2 26,52,4W7EHMZY,c6d8,121,8,g7f7,0.0037,0.0036,0.0032,0.004,b5b4,b5b4,b5b4,b5b4,121.0,0.004,0.0003,True,club,03_disagreements_b3,2025,2006,2006,False,True,0,knight,False,False,True,endgame,False,True,False,False,False
1r2n3/3bq1k1/3p2p1/1p1Pp1Pp/p2pP2P/P2B1N2/1PP2Q2/1K3R2 b - - 2 28,56,YFXChSV4,d7h3,-73,7,b5b4,0.039,0.0227,0.0123,0.0097,e8c7,b5b4,b5b4,b5b4,134.0,0.039,-0.0293,True,club,03_disagreements_b3,1928,2057,2057,False,True,2,bishop,False,False,True,middlegame,True,False,False,False,False
4n3/3bq1k1/3p2p1/3Pp1Pp/pr1pP2P/3B4/1PP2Q2/1K2NR2 b - - 1 30,60,YFXChSV4,d7h3,51,54,a4a3,0.0217,0.0142,0.0095,0.0097,a4a3,a4a3,a4a3,a4a3,198.0,0.0217,-0.012,True,club,03_disagreements_b3,1928,2057,2057,False,True,2,bishop,False,False,True,middlegame,True,False,False,False,False
r1b2rk1/1p2n1pp/3p2q1/p2P1p2/PnP1p2B/1N6/1P2BPPP/R2QR1K1 b - - 2 18,36,dwHky4UU,e7d5,-60,67,g6f7,0.0176,0.0131,0.0123,0.0091,f5f4,f5f4,f5f4,f5f4,245.0,0.0176,-0.0085,True,club,03_disagreements_b3,2077,2103,2103,False,True,2,knight,True,False,False,middlegame,True,False,False,False,False
3r3r/k1q5/1p1pbp2/p7/1QP1Pp1p/R4P1P/P4P2/1K1R1B2 b - - 0 32,64,9AXkZwcs,h8h5,82,16,c7c5,0.0318,0.0237,0.0189,0.0211,a7b7,a7b7,a7b7,a7b7,152.0,0.0318,-0.0107,True,club,03_disagreements_b3,1982,2085,2085,False,True,0,rook,False,False,True,middlegame,True,False,False,False,False
r5k1/p1p3pp/7r/3ppq2/3p1pR1/1P1P1P1P/P1PB1Q1K/R7 b - - 1 24,48,ij7bcoJ6,h6h3,-226,10,a8f8,0.0166,0.0185,0.0207,0.0209,f5h5,f5h5,f5h5,f5h5,109.0,0.0209,0.0043,True,club,03_disagreements_b3,1928,1969,1969,False,True,7,rook,True,True,False,middlegame,True,False,False,False,False
r3r3/5pk1/3b2pp/1NnP4/2P1p2P/ppP1P3/6P1/RB1R2K1 b - - 1 34,68,DvRUZltt,c5b7,396,120,c5b7,0.0139,0.01,0.0065,0.0044,a3a2,a3a2,a3a2,a3a2,353.0,0.0139,-0.0095,True,club,03_disagreements_b3,2081,2005,2005,True,False,0,knight,False,False,True,middlegame,False,True,False,False,False
1rb2rk1/p4pb1/2pp1qp1/4p3/4P3/1BN1P1Q1/PPP3P1/2K2R1R b - - 9 18,36,Vy4nFFT2,f6f1,-544,66,f6e7,0.0014,0.001,0.0008,0.0009,f6e7,f6e7,f6e7,f6e7,1449.0,0.0014,-0.0005,True,club,03_disagreements_b3,1994,2038,2038,False,True,6,queen,True,True,False,middlegame,True,False,False,False,False
r3r1k1/pp4pp/1qp2n2/3pb1B1/1P1P4/P1P4P/4Q1P1/RN3R1K b - - 1 18,36,2LDcoemx,f6e4,480,169,e5f4,0.0193,0.0144,0.0104,0.008,e5d4,e5d4,e5d4,e5d4,276.0,0.0193,-0.0113,True,club,03_disagreements_b3,2038,2066,2066,False,True,0,knight,False,False,True,middlegame,True,False,False,False,False
7r/p5k1/2Qb1pp1/5q2/3P4/P5P1/1B3P2/2R3K1 b - - 0 34,68,kpok5YSI,g6g5,-53,63,d6g3,0.0086,0.004,0.0024,0.0022,f5h3,f5h3,f5h3,f5h3,120.0,0.0086,-0.0064,True,club,03_disagreements_b3,1857,1869,1869,False,True,5,pawn,False,False,True,endgame,True,False,True,False,False
2k1r2r/p1p2ppp/3q4/1p1n4/3P4/PK1B1P2/1P1P2b1/RNBQ2R1 b - - 0 22,44,ddFMmm6O,d6e6,-1,218,g2h3,0.0147,0.0122,0.0105,0.0099,g2h3,g2h3,g2h3,d5f4,275.0,0.0147,-0.0048,True,club,03_disagreements_b3,1855,1903,1903,False,True,7,queen,False,False,True,middlegame,False,False,False,False,False
2k4r/p1p2ppp/4r3/1p3b2/3P4/P1QP4/KP1B4/R2q4 b - - 1 32,64,ddFMmm6O,b5b4,571,64,d1a4,0.0049,0.0028,0.0021,0.002,d1a4,d1a4,d1a4,d1a4,274.0,0.0049,-0.0029,True,club,03_disagreements_b3,1855,1903,1903,False,True,4,pawn,False,False,True,middlegame,True,False,True,False,False
r1b1r1kb/p1q2p1p/6pB/1pnpp1Q1/8/2P1N1PP/PP1NPP2/R2R2K1 b - - 1 18,36,ljdtgrIr,c7c6,260,37,d5d4,0.0262,0.0227,0.0203,0.0182,d5d4,d5d4,d5d4,d5d4,105.0,0.0262,-0.008,True,club,03_disagreements_b3,2143,2121,2121,False,True,2,queen,False,False,True,middlegame,True,False,False,False,False
4r1k1/2q2p1p/6pB/8/1pP1N3/6PP/4QP2/b5K1 b - - 0 30,60,ljdtgrIr,c7e7,511,36,c7e7,0.0184,0.0237,0.0277,0.029,b4b3,b4b3,f7f5,f7f5,907.0,0.029,0.0106,True,club,03_disagreements_b3,2143,2121,2121,True,False,4,queen,False,False,True,endgame,False,False,False,False,False
r6k/pp3Q1p/3qN1p1/8/3P4/8/PP3PPP/R5K1 b - - 0 26,52,SWvsjtQc,d6e6,-950,1041,a8g8,0.0263,0.0147,0.0086,0.007,a8g8,a8g8,a8g8,a8g8,1048.0,0.0263,-0.0193,True,club,03_disagreements_b3,1818,1813,1813,False,True,1,queen,True,False,False,endgame,False,False,False,False,False
6r1/2R5/p7/Ppp1kp2/8/2P1P3/1RPr3P/5K2 b - - 0 32,64,xgwZyPiE,e5e4,606,381,e5e4,0.0225,0.0184,0.0155,0.0141,g8g2,g8g2,g8g2,g8g2,553.0,0.0225,-0.0084,True,club,03_disagreements_b3,2012,2002,2002,True,False,4,king,False,False,True,endgame,True,False,False,True,False
7r/ppp1k1p1/2n5/6pr/2Qp4/6B1/PPP2PPP/RN4K1 b - - 1 18,36,zfJdegTu,g7g6,-693,7,g5g4,0.0051,0.0046,0.0047,0.0039,g5g4,g5g4,e7d7,e7d7,190.0,0.0051,-0.0012,True,club,03_disagreements_b3,2166,2071,2071,False,True,1,pawn,False,False,True,middlegame,True,False,True,False,False
4r1k1/1ppq1ppp/p4B2/2b2N2/3pP3/1P1P4/1PP3PP/R3QRK1 b - - 0 18,36,dJ7uESp1,g7g6,-781,37,g7f6,0.0384,0.0298,0.0198,0.0121,g7f6,g7f6,g7f6,g7f6,1217.0,0.0384,-0.0263,True,club,03_disagreements_b3,1967,1927,1927,False,True,1,pawn,False,False,True,middlegame,True,False,True,False,False
5rk1/Q4ppp/4p3/8/3P1B2/P3P3/1qrN1PbP/3RK1R1 b - - 1 20,40,B3hPrr7k,c2d2,0,235,g2h3,0.0369,0.0361,0.0285,0.0226,g2f3,g2f3,g2f3,g2d5,424.0,0.0369,-0.0143,True,club,03_disagreements_b3,1823,1881,1881,False,True,7,rook,True,False,False,middlegame,False,False,False,False,False
1r2kb1r/p2q4/1p1p1n1p/2p1P3/3p1Pp1/1Q3R1N/PPPB2PP/4R1K1 b - - 0 22,44,EBpWTVP7,f6e4,-104,5,d6e5,0.0167,0.0106,0.0081,0.0076,d6e5,g4f3,g4f3,g4f3,188.0,0.0167,-0.0091,True,club,03_disagreements_b3,1963,2013,2013,False,True,6,knight,False,False,True,middlegame,True,False,False,False,False
1r2k3/p2qb2r/1p3n1p/2p1R3/3p1P2/1QP4p/PP1B2PP/4R1K1 b - - 0 26,52,EBpWTVP7,d7c6,506,62,h3g2,0.0042,0.0035,0.0033,0.0039,h3g2,h3g2,h3g2,h3g2,220.0,0.0042,-0.0003,True,club,03_disagreements_b3,1963,2013,2013,False,True,4,queen,False,False,True,middlegame,True,False,False,False,False
4r2k/1b4b1/ppq3pp/8/P4N2/1B5P/2PQ1RP1/6K1 b - - 1 28,56,kpCT5sDf,c6f6,-2,9,h8h7,0.0134,0.0138,0.0134,0.0142,g7c3,h8h7,h8h7,h8h7,266.0,0.0142,0.0008,True,club,03_disagreements_b3,2212,2321,2321,False,True,0,queen,False,False,True,middlegame,False,False,False,False,False
5rk1/P1p2pp1/1p1p1n1p/8/4q3/1PN1P3/R1P2P2/4KQN1 b - - 2 20,40,cHAZ6XtR,e4h1,-407,18,e4c6,0.0279,0.0165,0.0109,0.0097,e4b4,e4b4,e4b4,e4b4,122.0,0.0279,-0.0182,True,club,03_disagreements_b3,1820,1835,1835,False,True,1,queen,False,False,True,middlegame,True,False,False,False,False
r2q1rk1/pp2bppp/n1p1p3/3pPP2/3P2P1/2PQB3/PP1N3P/R4RK1 b - - 0 14,28,EeSLbpv7,f7f6,-149,14,c6c5,0.0324,0.0387,0.0309,0.0163,e6f5,e6f5,e6f5,e6f5,131.0,0.0387,-0.0161,True,club,03_disagreements_b3,2048,2089,2089,False,True,2,pawn,False,False,True,middlegame,True,False,True,False,False
2r2rk1/pp3ppp/n7/3pPR2/3P2Pq/P2QR2P/1P1N2K1/8 b - - 0 22,44,EeSLbpv7,h4h6,-19,12,c8c1,0.0212,0.0218,0.0179,0.0147,c8c1,c8c1,c8c1,c8c1,368.0,0.0218,-0.0065,True,club,03_disagreements_b3,2048,2089,2089,False,True,2,queen,False,False,True,middlegame,False,True,False,False,False
r3kbnr/pppq1p1p/3p4/n5p1/3PPp2/2PB1Q1P/PP4P1/RNB2RK1 b kq - 0 10,20,9Rujgivv,f8g7,-54,28,g8f6,0.0139,0.0151,0.0179,0.035,e8c8,e8c8,e8c8,e8c8,147.0,0.035,0.0211,True,club,03_disagreements_b3,1890,1961,1961,False,True,2,bishop,False,False,True,opening,True,False,False,False,False
2r5/1b5k/1n1qp3/pp1p1pRB/3P1P2/1P2P3/P4P1P/3Q3K b - - 0 26,52,r9FPi0Hd,d6c7,-547,44,e6e5,0.0199,0.0284,0.0385,0.0463,c8g8,c8g8,c8g8,c8g8,123.0,0.0463,0.0264,True,club,03_disagreements_b3,2346,2187,2187,False,True,6,queen,False,False,True,middlegame,False,True,False,False,False
r3r1k1/p4ppp/2p3n1/2bq4/6Q1/2P5/PP4PP/RNBR3K b - - 4 16,32,H7hj8oGi,g6e5,580,126,d5e6,0.0256,0.017,0.0138,0.0114,d5e5,d5e5,d5e5,d5e5,223.0,0.0256,-0.0142,True,club,03_disagreements_b3,2088,2077,2077,False,True,0,knight,False,False,True,middlegame,True,False,False,False,False
4r1k1/p4ppp/2p1r1n1/8/1P6/2P1b3/P5PP/RN1RB2K b - - 4 20,40,H7hj8oGi,e3c1,418,302,e3b6,0.0127,0.0131,0.0147,0.0181,e3b6,e3b6,e3b6,e3b6,360.0,0.0181,0.0054,True,club,03_disagreements_b3,2088,2077,2077,False,True,0,bishop,False,False,True,middlegame,True,False,False,False,False
1k1r1bnr/pppbqpp1/2p4p/4N3/4PP2/2NPB3/PPP3PP/R2Q1RK1 b - - 2 10,20,cnQiXnp1,d7c8,-236,5,d7e8,0.0246,0.0221,0.0252,0.0377,f7f6,f7f6,f7f6,f7f6,205.0,0.0377,0.0131,True,club,03_disagreements_b3,1945,1947,1947,False,True,2,bishop,False,False,True,opening,False,True,False,False,False
r1q1r1k1/pb1np1bp/1p3pp1/2pNP3/2P2P1Q/4BB2/PP4PP/R4RK1 b - - 1 16,32,pEJVyXfx,b6b5,-204,23,g8h8,0.0054,0.0023,0.0012,0.001,f6e5,f6e5,f6e5,f6e5,116.0,0.0054,-0.0044,True,club,03_disagreements_b3,2443,2557,2557,False,True,2,pawn,False,False,True,middlegame,True,False,True,False,False
r2qk2r/ppp2ppp/2nb4/8/2BPp3/2P2P1P/P1P2P2/R1BQR1K1 b kq - 0 12,24,ZcProtP6,e4e3,-160,80,e8g8,0.0064,0.0036,0.0025,0.0015,e8g8,d8h4,d8h4,d8h4,447.0,0.0064,-0.0049,True,club,03_disagreements_b3,1834,1864,1864,False,True,3,pawn,False,False,True,opening,True,False,True,False,False
r1b1k2r/2p1npp1/p1p2q2/1p2N2p/5P2/2P1PB2/P5PP/R2Q1RK1 b kq - 1 20,40,A6jZFS3t,c8e6,-13,6,c8b7,0.0148,0.0223,0.0313,0.0384,c8g4,c8b7,c8b7,c8b7,525.0,0.0384,0.0236,True,club,03_disagreements_b3,1813,1911,1911,False,True,2,bishop,False,False,True,middlegame,True,False,False,False,False
8/p1p3pp/2n3k1/3r1pP1/1p5P/8/PPPBNR2/2K5 b - - 5 30,60,4WqyBTe9,d5a5,-464,1,a7a5,0.0187,0.018,0.017,0.0192,g6h5,g6h5,g6h5,g6h5,263.0,0.0192,0.0005,True,club,03_disagreements_b3,1994,2045,2045,False,True,1,rook,False,False,True,endgame,False,False,False,False,False
r4kr1/ppqb3p/2p2BP1/8/1P2B3/2P2Q2/P4PPP/3RR1K1 b - - 0 20,40,06DajgrA,d7f5,-1151,63,c7a5,0.0008,0.0009,0.001,0.001,h7g6,h7g6,h7g6,h7g6,832.0,0.001,0.0002,True,club,03_disagreements_b3,1874,1803,1803,False,True,1,bishop,False,False,True,middlegame,True,False,False,False,False
2r2rk1/2qbnp2/p1n1pBp1/1p1pP3/3P4/P1PB1N2/3Q1PPP/R4RK1 b - - 5 20,40,Ohqi3ZSx,c6d4,-1096,230,f8e8,0.003,0.002,0.0015,0.0015,e7f5,e7f5,e7f5,e7f5,896.0,0.003,-0.0015,True,club,03_disagreements_b3,2005,1973,1973,False,True,1,knight,True,False,False,middlegame,True,False,False,False,False
r4rk1/1p4bp/pn1p1qp1/2pPp3/4P3/1PN3Q1/1PP2P2/2KR2R1 b - - 1 22,44,1R0gowxI,f6f3,488,0,f6f4,0.0336,0.0351,0.0389,0.0381,f6f2,f6f2,f6f2,f6f2,131.0,0.0389,0.0045,True,club,03_disagreements_b3,1818,1830,1830,False,True,4,queen,False,False,True,middlegame,True,False,False,False,False
1k2r3/1pp5/p5r1/4B3/1bPP2P1/7P/P7/R4RK1 b - - 4 28,56,DqDtYcFm,b8c8,-344,38,b8c8,0.0198,0.0235,0.0293,0.0393,b4c3,b4c3,b4c3,b4c3,117.0,0.0393,0.0195,True,club,03_disagreements_b3,1868,1871,1871,True,False,5,king,False,False,True,endgame,False,False,False,True,False
r2qkb1r/p7/b3pp1n/2pp2p1/7p/2P1PN1P/PP1N1PPB/R2QK2R b KQkq - 0 14,28,vXXN3cYd,a6d3,106,17,a6d3,0.0212,0.0255,0.0286,0.0327,h6f5,h6f5,h6f5,h6f5,513.0,0.0327,0.0115,True,club,03_disagreements_b3,1901,1874,1874,True,False,2,bishop,False,False,True,middlegame,True,False,False,False,False
r3r2k/ppp1q1p1/2nbb1Qp/3pp2N/8/3P4/PPPB1PPP/2KR2NR b - - 13 14,28,vtfm0eYT,e6g8,243,7,e7f7,0.0105,0.0128,0.0196,0.0338,e6f7,e6f7,e6f7,e6f7,2242.0,0.0338,0.0233,True,club,03_disagreements_b3,1961,1976,1976,False,True,0,bishop,False,False,True,middlegame,False,True,False,False,False
7k/p1p3p1/5r1p/1p1pp3/1P4RP/2PPb3/P2B1r2/2KR4 b - - 10 34,68,vtfm0eYT,f2d2,631,246,e3d2,0.02,0.0234,0.0242,0.0224,e3d2,e3d2,e3d2,e3d2,260.0,0.0242,0.0024,True,club,03_disagreements_b3,1961,1976,1976,False,True,4,rook,True,False,False,endgame,False,False,False,False,False
r4rk1/1pq2ppp/p3p3/3pP3/2P1bP2/P5P1/3BQ2P/2R1R1K1 b - - 0 20,40,uYsuDTne,c7d7,195,73,c7c5,0.0165,0.0266,0.0352,0.0308,c7c5,c7c5,c7c5,c7c5,109.0,0.0352,0.0143,True,club,03_disagreements_b3,1894,1839,1839,False,True,0,queen,False,False,True,middlegame,False,False,False,False,False
2r3k1/r4p1p/4b1p1/8/4B3/1Pp3P1/5P1P/1RR3K1 b - - 1 32,64,iRW3tdAN,a7d7,160,81,a7a3,0.0116,0.0099,0.0083,0.0082,a7a3,a7a3,a7a3,a7a3,133.0,0.0116,-0.0034,True,club,03_disagreements_b3,2007,1965,1965,False,True,0,rook,False,False,True,endgame,False,False,False,False,False
r5k1/1p3p2/1Q2b2p/4R1p1/p1q5/3r1NPP/4R1PK/8 b - - 5 30,60,zDrYpIKI,c4a6,118,64,d3f3,0.0124,0.0127,0.0117,0.0107,a4a3,a4a3,a4a3,a4a3,118.0,0.0127,-0.0017,True,club,03_disagreements_b3,1917,1896,1896,False,True,0,queen,False,False,True,middlegame,False,True,False,False,False
2kr3r/pbpq1p2/1pnbpp2/8/3P3p/2P3P1/PP1N1PBP/R1BQ1RK1 b - - 1 14,28,4Wc6vto7,d8g8,200,22,h4g3,0.0169,0.0192,0.0183,0.0338,h4g3,h4g3,h4g3,h4g3,144.0,0.0338,0.0169,True,club,03_disagreements_b3,2033,2060,2060,False,True,2,rook,False,False,True,middlegame,False,False,False,False,False
r1bq1rk1/pp3p1p/2p1pnp1/6N1/3P3R/2PB4/PP2QPPP/R5K1 b - - 2 16,32,sJwx5Pbm,d8e7,-179,5,f6h5,0.0176,0.0139,0.0083,0.0052,h7h5,h7h5,h7h5,g8g7,121.0,0.0176,-0.0124,True,club,03_disagreements_b3,2044,2079,2079,False,True,2,queen,False,False,True,middlegame,True,False,False,False,False
4r1k1/5pp1/pq3n1p/1p6/2p5/P4BQ1/1PP2PPP/3R2K1 b - - 4 28,56,kh0ZTQLF,b6d4,188,157,b6d4,0.009,0.0076,0.0066,0.0076,b6e6,b6e6,b6e6,b6e6,157.0,0.009,-0.0014,True,club,03_disagreements_b3,1873,1843,1843,True,False,5,queen,False,False,True,endgame,True,False,False,False,False
1brqk2r/pp3pp1/2n1pnbp/1B1p4/3P2PB/2P2N1P/PP3PK1/RN1QR3 b k - 1 14,28,VHCs7h4O,h6h5,141,4,g6e4,0.0204,0.0202,0.0179,0.0138,d8d6,g6e4,g6e4,g6e4,123.0,0.0204,-0.0066,True,club,03_disagreements_b3,1988,1964,1964,False,True,2,pawn,False,False,True,middlegame,True,False,True,False,False
r2qk2r/ppp3p1/2np1p2/2b1pbB1/2P3pN/2NP2P1/PP2PPB1/R2Q1RK1 b kq - 1 12,24,6hVNqiip,f5h7,-172,11,f5d7,0.0047,0.0032,0.0027,0.0031,f6g5,f6g5,f6g5,f6g5,101.0,0.0047,-0.0016,True,club,03_disagreements_b3,1999,1895,1895,False,True,7,bishop,False,False,True,opening,False,True,False,False,False
6k1/p5pp/np1Br3/4P3/8/2p5/PbP3PP/5RK1 b - - 5 24,48,roN2PK5B,h7h5,381,35,h7h6,0.024,0.0195,0.0163,0.0178,e6e8,e6e8,e6e8,e6e8,161.0,0.024,-0.0062,True,club,03_disagreements_b3,1860,1853,1853,False,True,4,pawn,False,False,True,endgame,True,False,True,False,False
r2q1rk1/ppp2p2/1bnp1n1p/4p1pb/2B1P3/1NPP1NBP/PPQ2PP1/R3K2R b KQ - 2 12,24,xa0EA9j7,g8g7,23,3,a7a5,0.0053,0.0101,0.02,0.0382,h5f3,h5f3,h5f3,h5f3,124.0,0.0382,0.0329,True,club,03_disagreements_b3,1854,1857,1857,False,True,2,king,False,False,True,opening,True,False,False,True,False
rnb3nr/p2pqkb1/2p4p/1p4p1/3PPp2/2N2NP1/PPP1Q2P/R1B2RK1 b - - 0 10,20,uCxitH8m,b5b4,251,53,f7e8,0.0431,0.0355,0.0339,0.0381,f4g3,f4g3,f4g3,f4g3,503.0,0.0431,-0.005,True,club,03_disagreements_b3,1891,1874,1874,False,True,2,pawn,False,False,True,opening,True,False,True,False,False
7r/2rq1k2/p1n2bpp/1p1p1n1P/1PpP4/P1P2NN1/2QBRPP1/4R1K1 b - - 0 22,44,FUWCpkgb,f5e7,-482,59,h8g8,0.0093,0.0095,0.0105,0.013,f5g3,f5g3,f5g3,f5g3,1515.0,0.013,0.0037,True,club,03_disagreements_b3,2286,2287,2287,False,True,6,knight,False,False,True,middlegame,False,True,False,False,False
r1b1kb1r/pp1np1pp/4P1n1/q7/8/2N2N2/PP4PP/R1BQKB1R b KQkq - 0 12,24,nyQzmrdF,a7a6,-434,54,d7f6,0.0,0.0,0.0,0.0,d7e5,d7f6,d7f6,d7f6,344.0,0.0,0.0,True,club,03_disagreements_b3,2191,2031,2031,False,True,6,pawn,False,False,True,opening,True,False,True,False,False
1k1r3r/2p1qpb1/Qn2b2p/3pN1p1/3P4/P3B2P/1PP2PP1/2KRR3 b - - 2 18,36,rAghHJCR,e7e8,273,30,e7d6,0.0102,0.0095,0.0084,0.0088,g7e5,g7e5,g7e5,g7e5,113.0,0.0102,-0.0014,True,club,03_disagreements_b3,1974,1988,1988,False,True,2,queen,False,False,True,middlegame,False,True,False,False,False
r1q4r/3nkpp1/p6p/1p1pP3/2p5/P1P2N2/1PQ1BPPP/3R2K1 b - - 1 18,36,9owLwzob,d7c5,10,10,d7b6,0.0461,0.0335,0.0277,0.0246,h8e8,c8c6,d7b6,d7b6,123.0,0.0461,-0.0215,True,club,03_disagreements_b3,1858,1852,1852,False,True,2,knight,False,False,True,middlegame,True,False,False,False,False
5r2/6k1/pn1q2pp/1p1p4/2p5/P1P1RB2/1P3PPP/4Q1K1 b - - 7 28,56,9owLwzob,d6f4,-155,20,f8f7,0.011,0.0077,0.0043,0.0026,f8f7,f8f7,f8f7,f8f7,183.0,0.011,-0.0084,True,club,03_disagreements_b3,1858,1852,1852,False,True,5,queen,False,False,True,endgame,True,False,False,False,False
Q7/ppp2pk1/7p/5b2/2P5/4BN2/PP2BPKP/R3R3 b - - 0 20,40,CoIIljO5,f7f6,-1253,14,a7a6,0.0234,0.0232,0.027,0.0275,f5e4,f5h3,f5h3,f5h3,741.0,0.0275,0.0041,True,club,03_disagreements_b3,1869,1876,1876,False,True,1,pawn,False,False,True,middlegame,True,False,True,False,False
2k4r/1pp5/p1p1bp2/6p1/3PPbP1/1PP2N1r/P1KN4/4R1R1 b - - 0 26,52,esdPh4c9,b7b6,154,8,f4d2,0.0199,0.0179,0.0188,0.023,f4d2,f4d2,f4d2,f4d2,132.0,0.023,0.0031,True,club,03_disagreements_b3,1836,1829,1829,False,True,0,pawn,False,False,True,middlegame,True,False,True,False,False
r1rq2k1/1b2npp1/1pp2n1p/p2pN3/P2P4/1Q1NPP2/1PR1B1PP/2R3K1 b - - 0 24,48,gprYuRNZ,d8c7,-83,10,f6d7,0.0178,0.014,0.0094,0.006,e7f5,f6d7,f6d7,f6d7,134.0,0.0178,-0.0118,True,club,03_disagreements_b3,1884,1910,1910,False,True,2,queen,False,False,True,middlegame,True,False,False,False,False
4rqk1/2p2rpp/8/p1bQ4/2P1p3/6RP/PBP3P1/R6K b - - 1 24,48,Clczr7zZ,c7c6,393,108,c7c6,0.0192,0.0116,0.0085,0.0088,e4e3,e4e3,c5d6,c5d6,673.0,0.0192,-0.0104,True,club,03_disagreements_b3,1978,2122,2122,True,False,0,pawn,False,False,True,middlegame,True,False,True,False,False
r6r/1p2kp2/p1bR1p1p/4p3/4P3/5N2/PPP2PPP/2KR4 b - - 0 16,32,QvK2OdFp,h8c8,-62,40,c6e4,0.0013,0.0016,0.0016,0.0017,c6e4,c6e4,a8d8,a8d8,148.0,0.0017,0.0004,True,club,03_disagreements_b3,1927,1853,1853,False,True,5,rook,False,False,True,endgame,False,False,False,False,False
r2qk1nr/pp3pb1/2bp2p1/2pNp3/2P1P1B1/3P4/PP4PP/R1BQ1RK1 b kq - 1 12,24,ZNqHjmtb,g7h6,-96,19,d8h4,0.0119,0.0101,0.0081,0.0058,d8h4,c6d5,g8f6,g8f6,353.0,0.0119,-0.0061,True,club,03_disagreements_b3,1945,2067,2067,False,True,2,bishop,False,False,True,opening,True,False,False,False,False
1nk2r1r/1p3q2/p2pb1p1/N1p1p1Bp/P1PnP2P/R2P1P2/1P1QB3/4KR2 b - - 6 24,48,rCfjIXJ0,e6d7,162,8,f7c7,0.0161,0.0199,0.0231,0.0234,e6h3,e6h3,e6h3,b8c6,114.0,0.0234,0.0073,True,club,03_disagreements_b3,1884,1827,1827,False,True,2,bishop,False,False,True,middlegame,False,True,False,False,False
r2qnbk1/1b3ppp/8/p4N2/Pp1B2Q1/1P6/1P3PPP/R5K1 b - - 1 22,44,yazZF7oX,a8a6,533,81,g7g6,0.0302,0.0378,0.0429,0.0415,g7g6,g7g6,d8d5,d8d5,158.0,0.0429,0.0113,True,club,03_disagreements_b3,1830,1837,1837,False,True,4,rook,False,False,True,middlegame,True,False,False,False,False
8/3k1ppp/K7/4p3/P7/1r6/R4P2/8 b - - 7 34,68,tuzc8WKi,g7g5,408,13,h7h5,0.0055,0.0034,0.0025,0.0026,d7c7,d7c7,d7c7,d7c7,103.0,0.0055,-0.0029,True,club,03_disagreements_b3,2322,2333,2333,False,True,4,pawn,False,False,True,endgame,True,False,True,False,False
N4bnr/pp1k1ppp/8/4p3/3n4/4B3/PP3PPP/R2K1B1R b - - 1 12,24,KkJV2gn0,g8e7,-402,21,f8d6,0.0069,0.0094,0.0113,0.0132,f8c5,f8c5,f8c5,f8c5,116.0,0.0132,0.0063,True,club,03_disagreements_b3,1975,1984,1984,False,True,7,knight,False,False,True,opening,True,False,False,False,False
6k1/1p1b3p/p2pp1p1/2p1n3/1P1bP2q/P2P3N/B2NQ1PP/7K b - - 2 26,52,dxyiALmD,h4h6,348,28,h4h6,0.0057,0.008,0.0103,0.0123,e5g4,e5g4,e5g4,e5g4,129.0,0.0123,0.0066,True,club,03_disagreements_b3,2113,2111,2111,True,False,0,queen,False,False,True,middlegame,False,True,False,False,False
r4bnr/ppp2Bpp/5k2/4Nbq1/8/2N5/PPP2PPP/R2QR1K1 b - - 3 12,24,1lJmjlcr,g7g6,-752,65,c7c6,0.0034,0.0054,0.0082,0.0118,f5h3,f5h3,f8d6,f8d6,1247.0,0.0118,0.0084,True,club,03_disagreements_b3,1972,1979,1979,False,True,1,pawn,False,False,True,opening,True,False,True,False,False
4rrk1/1b4pp/1p4n1/p1qp1NP1/3Q1PB1/1R6/7P/5RK1 b - - 1 32,64,Ic1MP7L8,b7c8,415,47,c5d4,0.0229,0.0116,0.0056,0.0031,c5d4,c5d4,c5d4,c5d4,157.0,0.0229,-0.0198,True,club,03_disagreements_b3,2187,2194,2194,False,True,0,bishop,False,False,True,middlegame,False,True,False,False,False
2rr2k1/p3ppbp/1qn3p1/1p1nP1B1/3P2b1/5N1P/PPN1B1P1/R2Q1R1K b - - 0 16,32,lEghbZTl,h7h6,65,24,g4f3,0.0206,0.0124,0.0083,0.0056,g4f3,g4f3,g4f3,g4f3,141.0,0.0206,-0.015,True,club,03_disagreements_b3,1889,2033,2033,False,True,2,pawn,False,False,True,middlegame,True,False,True,False,False
6k1/p1pR2p1/1p4Bp/2P5/5b2/2P4P/4K3/r7 b - - 4 34,68,PzTXp595,f4g5,-325,35,g8f8,0.0068,0.0065,0.0074,0.0066,a1a2,a1a2,a1a2,a1a2,114.0,0.0074,-0.0002,True,club,03_disagreements_b3,2019,1865,1865,False,True,5,bishop,False,False,True,endgame,False,True,False,False,False
4r1k1/1R3ppp/1p2bn2/3p2N1/5P2/3B2P1/rP3P1P/6KR b - - 0 20,40,1tr0KDCg,e6c8,263,229,a2b2,0.002,0.001,0.0006,0.0006,a2b2,a2b2,a2b2,a2b2,245.0,0.002,-0.0014,True,club,03_disagreements_b3,1801,2302,2302,False,True,0,bishop,False,False,True,middlegame,False,True,False,False,False
2kr3r/ppp3p1/1n5p/4p3/4P2P/BBPn3R/P4PP1/R4K2 b - - 1 18,36,eFfHLofw,c7c5,-109,58,d3f4,0.0165,0.0166,0.021,0.0384,d3f4,d3f4,d3f4,d3f4,107.0,0.0384,0.0219,True,club,03_disagreements_b3,1871,1890,1890,False,True,5,pawn,False,False,True,middlegame,True,False,True,False,False
1k1r1b1r/1ppq4/P2p3p/n3ppp1/P3P3/2PP1PPP/2BN4/R2QK2R b KQ - 0 18,36,9ZRemvDC,d6d5,37,2,b7a6,0.0029,0.0033,0.004,0.006,b7a6,b7a6,b7a6,b7a6,106.0,0.006,0.0031,True,club,03_disagreements_b3,1818,1848,1848,False,True,2,pawn,False,False,True,middlegame,True,False,True,False,False
1rbqk2r/2pnp1bp/p3p1p1/1p4N1/6n1/1PN3P1/P1P2PBP/R1BQ1RK1 b k - 1 12,24,VcLDiPvA,b8b6,-139,42,d7f6,0.0324,0.0255,0.0217,0.0198,g7c3,g7c3,g7c3,g7c3,269.0,0.0324,-0.0126,True,club,03_disagreements_b3,1865,1934,1934,False,True,6,rook,False,False,True,opening,True,False,False,False,False
4qrk1/1r4b1/p2Rp1pp/1pNn4/8/1PP2NP1/P4P1P/4R1K1 b - - 5 26,52,VcLDiPvA,e8f7,653,94,b7b6,0.0059,0.0061,0.0066,0.0062,b7c7,b7c7,b7e7,b7e7,119.0,0.0066,0.0003,True,club,03_disagreements_b3,1865,1934,1934,False,True,4,queen,False,False,True,middlegame,True,False,False,False,False
r2qkb1r/4pp1p/p5p1/1p1Pn2n/8/1PN1Q2P/P1B3P1/R1B1K2R b KQkq - 1 20,40,UpUiiQKL,a8c8,215,114,f8g7,0.0081,0.0028,0.0013,0.001,f8g7,f8g7,f8g7,f8g7,142.0,0.0081,-0.0071,True,club,03_disagreements_b3,1903,1918,1918,False,True,0,rook,False,False,True,middlegame,False,False,False,False,False
r4rk1/3n1p1p/p2p2p1/3N4/1p4P1/1P2Q1bP/PBq1R1K1/8 b - - 1 30,60,UpUiiQKL,c2e2,36,6,c2c6,0.0093,0.0149,0.0268,0.0414,c2c6,c2c6,c2c6,c2c6,130.0,0.0414,0.0321,True,club,03_disagreements_b3,1903,1918,1918,False,True,6,queen,True,True,False,middlegame,False,False,False,False,False
2r2rk1/1bq2p2/p3p1nQ/1pp5/3pP3/1P1P3N/P1P2RPP/5RK1 b - - 0 26,52,VqBvTRef,f7f6,-478,22,c7e5,0.0244,0.0185,0.0132,0.0116,c5c4,c7e7,c7e7,c7e7,547.0,0.0244,-0.0128,True,club,03_disagreements_b3,2072,2087,2087,False,True,6,pawn,False,False,True,middlegame,True,False,True,False,False
2r2rk1/5p2/p3pRnQ/1pp1q3/3pP3/1P5N/P1P3PP/5RK1 b - - 0 28,56,VqBvTRef,d4d3,-722,41,e5e4,0.04,0.0299,0.025,0.0233,e5e4,e5e4,e5e4,e5e4,150.0,0.04,-0.0167,True,club,03_disagreements_b3,2072,2087,2087,False,True,6,pawn,False,False,True,middlegame,True,False,True,False,False
1r1r1k2/pb2bp1p/1p1pp1p1/nPp3Pn/2P1N2P/P2PPN2/1B3PB1/1R1K2R1 b - - 4 20,40,Rvn6gPcg,a5c4,130,60,b7e4,0.0048,0.0056,0.0062,0.0048,d6d5,d6d5,d6d5,d6d5,131.0,0.0062,0.0,True,club,03_disagreements_b3,1873,1907,1907,False,True,2,knight,True,False,False,middlegame,True,False,False,False,False
2r2rk1/p1q1n1pp/Q3p3/4Pp2/3Pp3/2B3P1/PP5P/R4RK1 b - - 2 22,44,091c40O1,c7c4,239,25,c7d7,0.0216,0.0148,0.011,0.0094,e7d5,e7d5,e7d5,e7d5,300.0,0.0216,-0.0122,True,club,03_disagreements_b3,2265,2288,2288,False,True,0,queen,False,False,True,middlegame,True,False,False,False,False
5r1k/pq2n1pp/2r5/4P2P/6P1/P4p2/QP2pR2/R5K1 b - - 2 32,64,091c40O1,b7c8,1372,92,b7b6,0.0064,0.0052,0.0046,0.0044,b7b6,b7b6,b7b6,b7b6,497.0,0.0064,-0.002,True,club,03_disagreements_b3,2265,2288,2288,False,True,4,queen,False,False,True,middlegame,False,True,False,False,False
5r1k/p3n1pp/1q2P3/7P/6P1/P4p2/QPr1pR2/4R1K1 b - - 2 34,68,091c40O1,b6d4,1989,803,b6b2,0.0436,0.0356,0.0345,0.0424,c2b2,c2b2,c2b2,c2b2,1129.0,0.0436,-0.0012,True,club,03_disagreements_b3,2265,2288,2288,False,True,4,queen,False,False,True,middlegame,True,False,False,False,False
8/r2k4/p3p3/1pRp1pp1/3P4/P3PPP1/1P2K1P1/8 b - - 4 32,64,i8KAVW6F,g5g4,-57,14,a7c7,0.0441,0.0271,0.0156,0.0063,a7c7,a7c7,a7c7,a7c7,408.0,0.0441,-0.0378,True,club,03_disagreements_b3,1943,1816,1816,False,True,5,pawn,False,False,True,endgame,True,False,True,False,False
2r2rk1/pp2R2p/1q1p2p1/3P1b2/2B2BP1/7P/P4PK1/2RQ4 b - - 0 24,48,FNUXk8w7,c8c7,-486,0,f5g4,0.0117,0.0091,0.0073,0.0072,f5e4,f5e4,f5g4,f5g4,259.0,0.0117,-0.0045,True,club,03_disagreements_b3,2164,2157,2157,False,True,1,rook,False,False,True,middlegame,True,False,False,False,False
2Rq2k1/5p2/1p4p1/1B1p2bp/P2Pn3/4P3/1Q4PP/4B1K1 b - - 0 28,56,7ZP6Z97y,g5e3,279,104,g5e3,0.0138,0.0177,0.0212,0.0247,d8c8,d8c8,d8c8,d8c8,104.0,0.0247,0.0109,True,club,03_disagreements_b3,1951,1956,1956,True,False,0,bishop,True,True,False,middlegame,True,False,False,False,False
2q3k1/5p2/1p4p1/3p3p/P2Pn3/3Bb3/1Q4PP/4B2K b - - 1 30,60,7ZP6Z97y,c8c6,353,50,c8c1,0.0315,0.0389,0.0413,0.0408,c8c1,c8c1,c8c1,c8c1,326.0,0.0413,0.0093,True,club,03_disagreements_b3,1951,1956,1956,False,True,0,queen,False,False,True,endgame,True,False,False,False,False
8/p4Rr1/6P1/2kp3p/7n/1P6/P7/5K2 b - - 3 32,64,nttkKuI4,g7f7,646,202,g7f7,0.029,0.0245,0.0219,0.0243,g7g6,g7g6,g7g6,g7g6,197.0,0.029,-0.0047,True,club,03_disagreements_b3,1890,1929,1929,True,False,4,rook,True,True,False,endgame,False,False,False,False,False
8/1p1qBpkn/p2p2r1/P1pPp3/2P1P3/2N3Pr/1P1QBPK1/R7 b - - 0 26,52,R6PfacjL,h3h6,0,0,d7e7,0.0163,0.0154,0.0107,0.0077,d7e7,d7e7,d7e7,d7e7,474.0,0.0163,-0.0086,True,club,03_disagreements_b3,1903,1889,1889,False,True,7,rook,False,False,True,middlegame,False,True,False,False,False
1r5k/Q4n1p/2q1p1p1/4p3/1p2P3/1P3N2/2p2PPP/2Nr1RK1 b - - 5 34,68,3vvdk4Mf,b8f8,576,4,c6b7,0.0318,0.0308,0.0372,0.0409,d1f1,d1f1,d1f1,d1f1,108.0,0.0409,0.0091,True,club,03_disagreements_b3,2062,1922,1922,False,True,4,rook,False,False,True,middlegame,False,False,False,False,False
rn1qkb1r/pp3ppp/2p1pnb1/4P1B1/2PP4/2N5/PP4PP/R2QKBNR b KQkq - 0 8,16,6KHicGH1,d8a5,-138,115,h7h6,0.0135,0.0142,0.0111,0.0041,h7h6,h7h6,h7h6,h7h6,143.0,0.0142,-0.0094,True,club,03_disagreements_b3,1923,2058,2058,False,True,3,queen,False,False,True,opening,True,False,False,False,False
5k1r/3q2bp/3rnp2/p3p2Q/1PB1Pp2/P7/5PPP/R4RK1 b - - 0 28,56,tr3BTQBO,d7e8,134,41,a5a4,0.0017,0.0014,0.0012,0.0012,a5b4,a5b4,a5b4,a5b4,212.0,0.0017,-0.0005,True,club,03_disagreements_b3,1878,1868,1868,False,True,5,queen,False,False,True,middlegame,False,True,False,False,False
r7/pp4p1/2p1P3/8/5kb1/2P5/PP5K/6R1 b - - 0 28,56,9UMKZQpP,g7g5,651,11,g4f3,0.0107,0.0068,0.006,0.0082,g4e6,g4e6,g4e6,g4e6,110.0,0.0107,-0.0025,True,club,03_disagreements_b3,1900,1903,1903,False,True,4,pawn,False,False,True,endgame,True,False,True,False,False
rn4rk/7p/1q2Pp1Q/p1pP4/1pP1P3/1B3N1P/P5P1/R4R1K b - - 0 22,44,xGVkIwIV,b8d7,-714,16,b6d8,0.0301,0.0277,0.028,0.0275,g8g6,g8g6,g8g6,g8g6,201.0,0.0301,-0.0026,True,club,03_disagreements_b3,1980,1992,1992,False,True,1,knight,False,False,True,middlegame,True,False,False,False,False
1n1q3k/7p/1r2Ppr1/p1pPP3/BpP4Q/5N1P/P5P1/3R1R1K b - - 0 26,52,xGVkIwIV,b4b3,-812,50,b8a6,0.038,0.0247,0.0179,0.0158,d8g8,d8g8,d8g8,d8g8,127.0,0.038,-0.0222,True,club,03_disagreements_b3,1980,1992,1992,False,True,1,pawn,False,False,True,middlegame,True,False,True,False,False
5q1k/7p/1r2PPr1/p1p5/BpP3NQ/7P/P5P1/3R1R1K b - - 0 30,60,xGVkIwIV,b4b3,-1148,4,b6e6,0.0086,0.0061,0.0055,0.0054,b6e6,b6e6,b6e6,b6e6,843.0,0.0086,-0.0032,True,club,03_disagreements_b3,1980,1992,1992,False,True,1,pawn,False,False,True,middlegame,True,False,True,False,False
5rk1/1pbb1p2/p7/4r3/P2N1R2/2P1p2P/1PB3P1/4R1K1 b - - 1 26,52,1xgIjDo1,f7f5,-48,5,f8e8,0.0299,0.0299,0.0309,0.0373,e5g5,e5g5,e5g5,e5g5,134.0,0.0373,0.0074,True,club,03_disagreements_b3,2160,2210,2210,False,True,5,pawn,False,False,True,middlegame,True,False,True,False,False
5r2/r3qpkn/2p5/p3pPP1/3p2Q1/5R2/PPPB4/5RK1 b - - 0 28,56,0w6nQ1z8,g7g8,-561,16,f7f6,0.018,0.0243,0.0241,0.0219,f7f6,f7f6,g7h8,f7f6,1420.0,0.0243,0.0039,True,club,03_disagreements_b3,2068,1937,1937,False,True,6,king,False,False,True,middlegame,False,True,False,True,False
r4b1r/pp4p1/7p/2p2kp1/3p2N1/3P2B1/PPP2PPP/2KRR3 b - - 2 20,40,UxJPsqvl,h6h5,-331,151,f5g4,0.022,0.0143,0.0085,0.006,f5g4,f5g4,f5g4,f5g4,154.0,0.022,-0.016,True,club,03_disagreements_b3,1842,1809,1809,False,True,5,pawn,False,False,True,middlegame,True,False,True,False,False
3rk2r/1ppq2pp/b1p2n2/b4p2/P2Pp3/N3P1P1/1BQ2PBP/R2R2K1 b k - 1 18,36,5rtfAeAD,h7h5,121,31,a6d3,0.0191,0.0279,0.0312,0.0196,a6d3,a6d3,a6d3,a6d3,209.0,0.0312,0.0005,True,club,03_disagreements_b3,1922,1866,1866,False,True,2,pawn,False,False,True,middlegame,True,False,True,False,False
r7/pbb2p1k/5Brp/1pqp1Q2/3p1P2/P2P3P/BNP3P1/4RRK1 b - - 4 24,48,ELS9E6lM,c7d6,-340,54,c5c2,0.0081,0.0086,0.0089,0.0094,c5c2,c5c2,c5c2,c5c2,119.0,0.0094,0.0013,True,club,03_disagreements_b3,1811,1833,1833,False,True,7,bishop,False,False,True,middlegame,True,False,False,False,False
r2qr1k1/1p3pBp/p1p3p1/3n1b2/PP1Q4/5NP1/4PPBP/4R1K1 b - - 3 18,36,mPRsVCd0,f5e4,247,31,d5c7,0.0182,0.0227,0.0286,0.0351,e8e4,e8e4,e8e4,e8e4,100.0,0.0351,0.0169,True,club,03_disagreements_b3,1901,1999,1999,False,True,0,bishop,False,False,True,middlegame,True,False,False,False,False
r3r1k1/1p1b1p1p/p1p1nBp1/8/PP2P3/1N4P1/5PBP/4R1K1 b - - 2 22,44,mPRsVCd0,c6c5,287,99,e6g7,0.0397,0.0214,0.0153,0.0139,b7b5,e6g7,e6g7,b7b6,111.0,0.0397,-0.0258,True,club,03_disagreements_b3,1901,1999,1999,False,True,2,pawn,False,False,True,middlegame,True,False,True,False,False
r3k2r/p1p1qp1p/bp1np3/3p4/1nPP2pN/1P2P1P1/P2N1PBP/RQ2K2R b KQkq - 3 14,28,LvxstsZC,c7c5,-87,30,e8c8,0.0274,0.0238,0.0265,0.0443,d5c4,d5c4,d5c4,d5c4,103.0,0.0443,0.0169,True,club,03_disagreements_b3,1857,1811,1811,False,True,2,pawn,False,False,True,middlegame,True,False,True,False,False
r3r1k1/5p1p/b1p1pbp1/p1B5/4B3/1R6/P1P2PPP/1R4K1 b - - 3 20,40,5mp7Gqhd,e8d8,75,25,a6b5,0.0235,0.0147,0.0125,0.0163,a6c4,a6b5,a6b5,a6b5,100.0,0.0235,-0.0072,True,club,03_disagreements_b3,2142,2111,2111,False,True,0,rook,False,False,True,middlegame,False,False,False,False,False
r2qk2r/1b3pbp/p2pp1p1/2pP4/2B5/4BQ1P/PPP2PP1/R4RK1 b kq - 1 14,28,vZV8LIgB,d8h4,34,4,e8g8,0.0011,0.0007,0.0004,0.0003,g7b2,g7b2,g7b2,g7b2,529.0,0.0011,-0.0008,True,club,03_disagreements_b3,1829,1838,1838,False,True,2,queen,False,False,True,middlegame,True,False,False,False,False
1r5k/4B1bp/p3R1p1/1b4Q1/8/7P/P1q2PP1/3BR1K1 b - - 0 30,60,vZV8LIgB,c2f5,-627,42,c2a2,0.0225,0.0258,0.0259,0.0243,c2a2,c2a2,c2a2,c2a2,148.0,0.0259,0.0018,True,club,03_disagreements_b3,1829,1838,1838,False,True,1,queen,False,False,True,middlegame,False,True,False,False,False
2r2r1k/6pp/p4q2/1p1P4/5P2/3p2P1/Pb1Q2BP/1R2R1K1 b - - 1 26,52,9mGe7k9g,f6d4,301,64,c8c2,0.0405,0.0351,0.0355,0.0336,b2d4,c8c2,c8c2,c8c2,459.0,0.0405,-0.0069,True,club,03_disagreements_b3,1864,1943,1943,False,True,0,queen,False,True,False,middlegame,True,False,False,False,False
r2qr1k1/ppp2ppp/1b3n2/P2p4/2bP4/1NP1PN2/1B3PPP/R2QK2R b KQ - 0 14,28,bu7cOKlG,d8d7,-130,3,b6d4,0.0069,0.006,0.0056,0.0074,c4b3,c4b3,c4b3,c4b3,224.0,0.0074,0.0005,True,club,03_disagreements_b3,1968,1900,1900,False,True,2,queen,False,False,True,middlegame,True,False,False,False,False
6rk/4qn1p/1pn1pp2/3p1p2/3P4/1PPN1P2/3B1QPP/4R2K b - - 7 30,60,93u9Apj8,b6b5,-224,10,c6a5,0.037,0.0181,0.0082,0.0047,f7g5,f7g5,f7g5,f7g5,113.0,0.037,-0.0323,True,club,03_disagreements_b3,2445,2316,2316,False,True,5,pawn,False,False,True,middlegame,True,False,True,False,False
r3r1k1/2q2pb1/p1p1b1pp/P2pN3/2pP4/2P2NP1/1P1QRPP1/R5K1 b - - 4 22,44,Eaje4zfQ,e8e7,66,16,a8b8,0.0367,0.039,0.0348,0.029,a8b8,a8b8,c6c5,c6c5,135.0,0.039,-0.0077,True,club,03_disagreements_b3,2133,2197,2197,False,True,2,rook,False,False,True,middlegame,True,False,False,False,False
1r2r1k1/2qb1pb1/p1p3pp/P2pN3/2pP1Q2/2P2NP1/1P2RPP1/4R1K1 b - - 8 24,48,Eaje4zfQ,e8f8,-79,104,f7f5,0.0306,0.0348,0.0357,0.0273,g7e5,g7e5,d7e6,d7e6,135.0,0.0357,-0.0033,True,club,03_disagreements_b3,2133,2197,2197,False,True,2,rook,False,False,True,middlegame,False,False,False,False,False
8/3b1k2/p1pb3p/P2p1p1N/2pP3N/2P2RP1/1r3PP1/6K1 b - - 1 32,64,Eaje4zfQ,d6c7,197,30,b2c2,0.0287,0.036,0.043,0.0456,b2b1,b2a2,b2a2,b2a2,106.0,0.0456,0.0169,True,club,03_disagreements_b3,2133,2197,2197,False,True,0,bishop,False,False,True,endgame,False,True,False,False,False
r1b1k1nr/pp2qpbp/2n3p1/3p4/1PpP4/P1B1P2P/3N1PP1/R2QKBNR b KQkq - 4 10,20,XqkWOk1v,a7a6,136,24,c6d4,0.0232,0.0327,0.0385,0.0274,g8f6,g8f6,c6d4,c6d4,130.0,0.0385,0.0042,True,club,03_disagreements_b3,1945,2038,2038,False,True,3,pawn,False,False,True,opening,True,False,True,False,False
6k1/pp3p1p/3q1np1/6P1/1P6/P3PB2/2p2PP1/5QK1 b - - 0 30,60,XqkWOk1v,f6g4,639,24,d6d2,0.01,0.0076,0.0071,0.0075,f6d7,f6d7,f6d7,f6d7,223.0,0.01,-0.0025,True,club,03_disagreements_b3,1945,2038,2038,False,True,0,knight,False,False,True,endgame,True,False,False,False,False
2k2b1r/pppr2p1/3pN1q1/3P1n2/2P1Np1p/5P1P/PPQ3P1/R3R1K1 b - - 4 22,44,1AWHC09C,d7e7,-287,23,f5e3,0.0333,0.0268,0.0223,0.0213,f5e3,f5e3,f5e3,f5e3,244.0,0.0333,-0.012,True,club,03_disagreements_b3,2141,2112,2112,False,True,6,rook,False,False,True,middlegame,False,False,False,False,False
2k2b1r/p1pr4/1P1pN3/P2P1q2/1P2Nppp/4nP1P/4Q1P1/R3R1K1 b - - 0 28,56,1AWHC09C,f5d5,-545,211,c8b7,0.0257,0.0234,0.0243,0.0308,c7b6,c7b6,c7b6,g4h3,1452.0,0.0308,0.0051,True,club,03_disagreements_b3,2141,2112,2112,False,True,6,queen,True,False,False,middlegame,False,False,False,False,False
3r4/1k6/2p2n2/PpBn1Q2/3P4/2q4P/5PP1/1R1R2K1 b - - 1 32,64,dF3oXRBe,d8a8,-566,61,d8g8,0.0132,0.0112,0.0097,0.0108,c3a5,c3a5,c3a5,c3a5,104.0,0.0132,-0.0024,True,club,03_disagreements_b3,1908,1909,1909,False,True,1,rook,False,False,True,middlegame,False,False,False,False,False
1r4n1/2pb1pbk/3p1npp/2qP4/4P3/P1BB1NNP/3Q1PPK/R7 b - - 0 32,64,zUm3k8u9,f6g4,214,185,g8e7,0.0101,0.0083,0.0077,0.0078,b8b3,b8b3,b8b3,b8b3,497.0,0.0101,-0.0023,True,club,03_disagreements_b3,1932,1920,1920,False,True,2,knight,False,True,False,middlegame,True,False,False,False,False
1k5b/1p1n1p1p/pN1p1npP/q1pP2B1/2P2P2/8/1R2BP2/1Q4K1 b - - 8 32,64,nZSyHNxV,d7f8,-512,63,d7f8,0.0071,0.0078,0.0083,0.0124,d7b6,d7b6,d7b6,d7b6,193.0,0.0124,0.0053,True,club,03_disagreements_b3,2108,2064,2064,True,False,1,knight,False,False,True,middlegame,False,True,False,False,False
8/p7/4pp1p/5k1p/1PPn1P2/3N2PP/P4K2/8 b - - 0 32,64,vMGKVrTf,h5h4,-203,60,e6e5,0.0178,0.014,0.014,0.0135,f5e4,f5e4,f5e4,f5e4,112.0,0.0178,-0.0043,True,club,03_disagreements_b3,1944,1929,1929,False,True,5,pawn,False,False,True,endgame,True,False,True,False,False
r4rk1/1pqb2p1/2p1p1np/p4p1R/3P2PP/1PP2Q2/P1BB1P2/4R1K1 b - - 0 24,48,H9BRfz1G,c6c5,-154,17,c7d8,0.0431,0.035,0.0304,0.0333,f5g4,f5g4,f5g4,f5g4,238.0,0.0431,-0.0098,True,club,03_disagreements_b3,2248,2231,2231,False,True,2,pawn,False,False,True,middlegame,True,False,True,False,False
r2qkb1r/ppp1pppp/2b5/4P3/6n1/5N2/PPPP2PP/RNBQ1RK1 b kq - 1 8,16,qdHzhrvY,g4e5,205,153,c6f3,0.0165,0.0129,0.0111,0.0087,c6f3,e7e6,e7e6,e7e6,186.0,0.0165,-0.0078,True,club,03_disagreements_b3,1973,1982,1982,False,True,3,knight,True,False,False,opening,False,True,False,False,False
rn3k1r/1bq2ppp/pp1b1n2/2pPN3/P1B2B2/2N5/1P2QPPP/R3R1K1 b - - 11 14,28,F8iiLYcW,h8g8,-445,4,b8d7,0.0028,0.0016,0.0007,0.0004,b8d7,b8d7,b8d7,b8d7,268.0,0.0028,-0.0024,True,club,03_disagreements_b3,2055,2005,2005,False,True,6,rook,False,False,True,middlegame,False,False,False,False,False
4r2r/1b1qbpk1/pp3n1p/2pPB1p1/P1B5/2N1RQ2/1P3PPP/4R1K1 b - - 5 22,44,F8iiLYcW,e7d8,-324,141,g5g4,0.0234,0.0293,0.0335,0.0394,b6b5,g7g6,g7g6,g7g6,447.0,0.0394,0.016,True,club,03_disagreements_b3,2055,2005,2005,False,True,6,bishop,False,False,True,middlegame,False,True,False,False,False
r4rk1/pb2bppp/1pp5/8/4qBQ1/P6P/BPP3P1/4RR1K b - - 1 18,36,FZGJUINI,e4e1,-530,28,e4c2,0.0038,0.0039,0.0044,0.0056,e4c2,e4c2,e4c2,e4c2,117.0,0.0056,0.0018,True,club,03_disagreements_b3,1838,1865,1865,False,True,6,queen,True,False,False,middlegame,True,False,False,False,False
1B3rk1/pb2Rppp/1pp5/8/6Q1/P6P/BPq3P1/5R1K b - - 0 20,40,FZGJUINI,c2c5,-941,114,f8b8,0.0116,0.0104,0.0092,0.0088,f8b8,f8b8,f8b8,f8b8,1055.0,0.0116,-0.0028,True,club,03_disagreements_b3,1838,1865,1865,False,True,1,queen,False,False,True,middlegame,False,True,False,False,False
r1q2rk1/1p1bbppp/pBpp2n1/4n2N/4PN2/6PP/PPP2P2/R2QRBK1 b - - 3 18,36,esvvSmt0,f7f5,-34,24,c6c5,0.0088,0.013,0.0233,0.0475,g6f4,g6f4,g6f4,g6f4,252.0,0.0475,0.0387,True,club,03_disagreements_b3,2097,2042,2042,False,True,2,pawn,False,False,True,middlegame,True,False,True,False,False
2k1r2r/ppqn4/2p3p1/3p3p/1P1P2n1/B2B1N2/P2Q1PP1/2R2RK1 b - - 0 22,44,BUB3E0FN,e8f8,-255,119,e8e4,0.0372,0.0311,0.0294,0.0305,h5h4,h5h4,h5h4,h5h4,202.0,0.0372,-0.0067,True,club,03_disagreements_b3,2073,2052,2052,False,True,7,rook,False,False,True,middlegame,False,False,False,False,False
r1b1k2r/3p1p1p/p4p2/1p2p3/P2nP3/2qB4/2PN1PPP/R2Q1RK1 b kq - 0 14,28,Ioj60w0j,h8g8,19,6,c8b7,0.0415,0.0409,0.0325,0.0174,b5b4,b5b4,b5b4,b5b4,113.0,0.0415,-0.0241,True,club,03_disagreements_b3,2104,2050,2050,False,True,2,rook,False,False,True,middlegame,False,False,False,False,False
5rk1/1p2b1pp/pN1pp3/Q3p2q/4P3/4BP2/PPP2PKn/R6R b - - 5 20,40,1ezwGS9J,e7g5,0,92,e7g5,0.0104,0.0046,0.0024,0.0014,h5f3,h5f3,h5f3,h5f3,107.0,0.0104,-0.009,True,club,03_disagreements_b3,2413,2963,2963,True,False,7,bishop,False,False,True,middlegame,True,False,False,False,False
rn2r1k1/pbp1qppp/1p2p3/3n4/2BP4/2N1PN1P/PP3PP1/2RQ1RK1 b - - 1 12,24,xl48CEYN,c7c6,-50,8,b8d7,0.0217,0.0188,0.0196,0.0153,d5c3,b8d7,b8d7,b8d7,179.0,0.0217,-0.0064,True,club,03_disagreements_b3,1998,2001,2001,False,True,3,pawn,False,False,True,opening,True,False,True,False,False
2r5/6pk/1R2p2p/p1rbNp1q/P1P2P1P/4Q1P1/8/2R3K1 b - - 0 30,60,xl48CEYN,c5c4,108,78,d5c4,0.0319,0.0289,0.0282,0.0336,d5c4,d5c4,d5c4,d5c4,100.0,0.0336,0.0017,True,club,03_disagreements_b3,1998,2001,2001,False,True,0,rook,True,False,False,middlegame,True,False,False,False,False
r2q1rk1/3pbppp/2p1p3/8/p3N3/PbP3P1/1P1Q1PBP/R1BR2K1 b - - 2 16,32,jdfkIMv2,f7f5,60,14,b3d1,0.0041,0.0024,0.002,0.0021,b3d1,b3d1,b3d1,b3d1,208.0,0.0041,-0.002,True,club,03_disagreements_b3,1913,1946,1946,False,True,7,pawn,False,False,True,middlegame,True,False,True,False,False
4r1k1/1p2rp1n/1bpn4/p5p1/P2PP1P1/2NN4/1P2RB2/4R1K1 b - - 0 28,56,ARCTM6FI,e8d8,-19,5,e8d8,0.0022,0.0013,0.0008,0.0008,h7f6,d6c4,d6c4,h7f6,231.0,0.0022,-0.0014,True,club,03_disagreements_b3,2921,2882,2882,True,False,2,rook,False,False,True,middlegame,False,False,False,False,False
rnbq2k1/pp3pbp/3p2p1/2pP4/2B1rP2/5N2/PPQ3PP/R1B2RK1 b - - 1 12,24,aovtalvq,e4e7,203,38,d8e7,0.0449,0.0375,0.0303,0.024,c8f5,c8f5,c8f5,c8f5,203.0,0.0449,-0.0209,True,club,03_disagreements_b3,1974,2033,2033,False,True,2,rook,False,False,True,opening,False,True,False,False,False
r2qr1k1/pp1bbpp1/2n1pn1p/3pN3/3P1B2/2PB3P/PPQN1PP1/2KR3R b - - 3 12,24,vJL0WDJ2,c6d4,257,119,a8c8,0.0014,0.001,0.0008,0.0006,c6e5,c6e5,a8c8,a8c8,229.0,0.0014,-0.0008,True,club,03_disagreements_b3,1845,1844,1844,False,True,3,knight,True,False,False,opening,True,False,False,False,False
r2q1rk1/1p3p1p/p1bpN1p1/8/P1Bb2Q1/3Pp3/2P3PP/1R3RK1 b - - 3 20,40,WI192yH1,d8d7,74,62,f7e6,0.0327,0.0181,0.01,0.0063,f7e6,e3e2,e3e2,e3e2,769.0,0.0327,-0.0264,True,club,03_disagreements_b3,2017,2027,2027,False,True,0,queen,False,False,True,middlegame,True,False,False,False,False
2k3r1/1pN1r3/pPpp1n2/P2P4/2n2N1R/5PP1/2P2K1P/R7 b - - 0 34,68,LG4aCCHv,f6d7,-440,40,c6d5,0.0085,0.0094,0.0101,0.0116,c6d5,c6d5,c6d5,c6d5,194.0,0.0116,0.0031,True,club,03_disagreements_b3,1827,1904,1904,False,True,1,knight,False,False,True,middlegame,False,True,False,False,False
4r2k/p1p2Q2/3p2p1/7p/2P3n1/PP2q1NP/2P3P1/b4R1K b - - 0 24,48,X6vS5v8J,h5h4,357,127,h5h4,0.0274,0.0197,0.0145,0.0141,e3g3,e3g3,a1g7,a1g7,210.0,0.0274,-0.0133,True,club,03_disagreements_b3,2316,2358,2358,True,False,0,pawn,False,False,True,middlegame,True,False,True,False,False
r1b1k2r/pp3ppp/2pq1n2/3p4/4P3/2N3P1/PPP2PBP/R2QR1K1 b kq - 0 12,24,OVH6h0UP,d6c7,-411,2,f6d7,0.0034,0.004,0.0032,0.0017,e8g8,e8g8,e8g8,d5d4,162.0,0.004,-0.0017,True,club,03_disagreements_b3,1969,1982,1982,False,True,3,queen,False,False,True,opening,False,True,False,False,False
4r1k1/q4p2/b1pr1Bp1/4P1Q1/8/P7/2P3PP/6RK b - - 0 30,60,5esia5GU,a7f2,464,6,d6f6,0.0398,0.0343,0.0306,0.0306,d6e6,d6e6,d6e6,d6e6,854.0,0.0398,-0.0092,True,club,03_disagreements_b3,2077,2012,2012,False,True,0,queen,False,False,True,middlegame,True,False,False,False,False
2b1r1k1/5p2/2p2PpQ/8/6qP/P7/2P3P1/5R1K b - - 4 34,68,5esia5GU,g4h4,-742,1253,g4h4,0.0457,0.0361,0.0306,0.0275,e8e2,e8e2,g4g2,g4g2,1254.0,0.0457,-0.0182,True,club,03_disagreements_b3,2077,2012,2012,True,False,6,queen,True,True,False,endgame,False,False,False,False,False
r7/7k/p1p1p3/PpPp1rp1/1Pq2nN1/5B1P/6PK/1Q6 b - - 5 34,68,Nm1mV0Ef,f4g6,616,45,a8f8,0.035,0.0364,0.0334,0.0245,a8f8,h7g7,h7g7,h7g7,166.0,0.0364,-0.0105,True,club,03_disagreements_b3,1970,1914,1914,False,True,4,knight,False,False,True,middlegame,False,True,False,False,False
r1q1r1k1/p3ppbp/1p1p1np1/8/2PP4/P4N1P/1PQ2PPB/R2R2K1 b - - 0 18,36,aFx41vVQ,a7a5,4,18,c8c6,0.0241,0.0226,0.0181,0.0156,d6d5,d6d5,d6d5,d6d5,136.0,0.0241,-0.0085,True,club,03_disagreements_b3,2127,2198,2198,False,True,2,pawn,False,False,True,middlegame,True,False,True,False,False
2r1r1k1/2PRppbp/6p1/1N6/8/7P/1nR2PPB/6K1 b - - 2 32,64,aFx41vVQ,c8a8,-376,19,g7f6,0.0122,0.0107,0.0101,0.0102,b2a4,b2a4,b2a4,b2a4,117.0,0.0122,-0.002,True,club,03_disagreements_b3,2127,2198,2198,False,True,6,rook,False,False,True,middlegame,False,False,False,False,False
r3r3/3qpbk1/p4p1p/1p3Pp1/2pP4/2P1RQ2/PPB3PP/5RK1 b - - 9 28,56,vPhtilw1,a8a7,-33,1,a8a7,0.0158,0.0155,0.0131,0.0117,f7d5,f7d5,f7d5,f7d5,132.0,0.0158,-0.0041,True,club,03_disagreements_b3,1979,2007,2007,True,False,2,rook,False,False,True,middlegame,True,False,False,False,False
r2r2k1/5pp1/b3p2p/4P3/2pp4/7P/2P1BPP1/R4RK1 b - - 1 22,44,w7FHAqbb,a6b5,122,108,d4d3,0.0333,0.0291,0.0331,0.0418,d4d3,d4d3,d4d3,d4d3,121.0,0.0418,0.0085,True,club,03_disagreements_b3,1862,1941,1941,False,True,0,bishop,False,False,True,endgame,True,False,False,False,False
1r1q1rk1/pBp2p1p/6p1/4b3/8/2P2Q1P/PP3PP1/1R2K2R b K - 2 16,32,pxEEy5in,b8b7,438,435,c7c5,0.0411,0.0202,0.0104,0.0047,f8e8,f8e8,f8e8,f8e8,493.0,0.0411,-0.0364,True,club,03_disagreements_b3,2040,2042,2042,False,True,0,rook,True,False,False,middlegame,True,False,False,False,False
4r3/2q1p1kp/3pQp2/3P2pP/2P5/rP2R3/5PP1/4R1K1 b - - 1 34,68,oSeA8jj1,c7c8,-391,29,h7h6,0.0093,0.0057,0.0036,0.003,h7h6,h7h6,h7h6,h7h6,172.0,0.0093,-0.0063,True,club,03_disagreements_b3,1898,1867,1867,False,True,6,queen,False,False,True,endgame,False,True,False,False,False
1r2k1nr/p1pp1ppp/1p3q2/3B4/3bP1n1/2P2PP1/PP5P/RNBQK2R b KQk - 0 12,24,5z2kHpZY,d4e3,-68,194,d4f2,0.0286,0.0284,0.0262,0.0243,g4f2,d4f2,d4f2,g4f2,278.0,0.0286,-0.0043,True,club,03_disagreements_b3,1985,1986,1986,False,True,6,bishop,False,False,True,opening,True,False,False,False,False
1r2k3/p1pp1p1q/1p6/3QP3/5Bp1/2P1K1P1/PP1N4/7R b - - 3 26,52,5z2kHpZY,c7c6,-921,5,h7g7,0.0171,0.0125,0.0109,0.0089,h7c2,h7c2,h7c2,h7c2,1076.0,0.0171,-0.0082,True,club,03_disagreements_b3,1985,1986,1986,False,True,1,pawn,False,False,True,endgame,True,False,True,False,False
1r1n1rk1/ppBbqppp/8/2p5/1P6/P3PB2/2Q2PPP/R2R2K1 b - - 0 18,36,hjWbNpP8,d7a4,-201,180,b8c8,0.0059,0.0047,0.0038,0.0034,b8c8,b8c8,b8c8,b8c8,234.0,0.0059,-0.0025,True,club,03_disagreements_b3,2183,2089,2089,False,True,6,bishop,False,False,True,middlegame,True,False,False,False,False
r1b1r1k1/2q2ppp/1p2p1n1/p2pP1B1/8/2P4Q/PPB2PPP/R3R1K1 b - - 0 18,36,zDlT7cyn,d5d4,-126,84,h7h6,0.0306,0.0268,0.0247,0.0225,h7h6,h7h6,h7h6,h7h6,130.0,0.0306,-0.0081,True,club,03_disagreements_b3,1938,1991,1991,False,True,2,pawn,False,False,True,middlegame,True,False,True,False,False
r1b1r1k1/2q2p2/1p2p1nQ/p2pP3/8/2P5/PPB2PPP/R3R1K1 b - - 0 20,40,zDlT7cyn,e8d8,-372,36,c7e7,0.0081,0.0073,0.0062,0.0067,g6e5,c7e7,c7e7,c7e7,155.0,0.0081,-0.0014,True,club,03_disagreements_b3,1938,1991,1991,False,True,6,rook,False,False,True,middlegame,False,False,False,False,False
2r2rk1/pp6/3bp2p/5pp1/1n1Pp3/2P1B1PP/PP3PNK/R2R4 b - - 0 22,44,juJFBi9a,f5f4,291,55,b4c2,0.021,0.0142,0.008,0.0072,b4c2,b4d3,b4d3,b4d3,105.0,0.021,-0.0138,True,club,03_disagreements_b3,1819,1967,1967,False,True,0,pawn,False,False,True,middlegame,True,False,True,False,False
2r5/6rk/4p3/pp3p1p/2PPpP2/6P1/PPR4K/2R5 b - - 0 32,64,juJFBi9a,c8c4,226,47,b5c4,0.0111,0.009,0.0065,0.0048,b5c4,b5c4,g7c7,g7c7,169.0,0.0111,-0.0063,True,club,03_disagreements_b3,1819,1967,1967,False,True,0,rook,True,False,False,endgame,True,False,False,False,False
3r4/6rk/4p3/p4p1p/2RPpP2/6P1/PP5K/3R4 b - - 2 34,68,juJFBi9a,h5h4,239,35,d8g8,0.0488,0.0361,0.024,0.0154,d8g8,d8g8,g7d7,g7d7,140.0,0.0488,-0.0334,True,club,03_disagreements_b3,1819,1967,1967,False,True,0,pawn,False,False,True,endgame,True,False,True,False,False
2k1rb1r/pppn2pp/3q4/3p1b2/4nB2/2N2NP1/PPP1QPBP/2KR3R b - - 1 12,24,bOq1ruZN,d6g6,-51,41,e4c3,0.0348,0.0348,0.0353,0.031,d6c5,d6b6,d6b6,d6b6,158.0,0.0353,-0.0038,True,club,03_disagreements_b3,2032,1923,1923,False,True,2,queen,False,False,True,opening,False,False,False,False,False
5rk1/p2qbrpp/1p6/2p1QP2/1PPp2P1/P2P4/3B3P/1R3RK1 b - - 0 28,56,6rTroU8q,h7h5,-124,4,e7d6,0.0067,0.0053,0.0053,0.0082,e7d6,e7d6,e7d6,e7d6,112.0,0.0082,0.0015,True,club,03_disagreements_b3,2014,2031,2031,False,True,5,pawn,False,False,True,middlegame,True,False,True,False,False
3r2k1/p1q2r1p/1p1bQp1B/2p5/1PPp2P1/P2P4/5R1P/5RK1 b - - 3 34,68,6rTroU8q,c7c8,-143,6,d6e5,0.0013,0.0009,0.0007,0.0006,d6h2,d6e5,d6e5,d6e5,115.0,0.0013,-0.0007,True,club,03_disagreements_b3,2014,2031,2031,False,True,5,queen,False,False,True,middlegame,False,True,False,False,False
rnb2rk1/pp2b1p1/2p1p1N1/q4p1Q/2pP1B2/2P1P3/P4PPP/2R2RK1 b - - 3 16,32,TxswPcIX,a5a3,-195,39,e7a3,0.0117,0.0104,0.0116,0.016,g8f7,g8f7,g8f7,a5d8,1800.0,0.016,0.0043,True,club,03_disagreements_b3,2071,2005,2005,False,True,6,queen,False,False,True,middlegame,True,False,False,False,False
r2q2kr/ppp1b1pp/2n1b3/3ppN2/8/5Q2/PPPPNPPP/R1B2RK1 b - - 9 10,20,xMcihJ11,e7g5,152,8,e5e4,0.0149,0.0131,0.0122,0.0123,e6f5,e6f5,e7f6,d8d7,188.0,0.0149,-0.0026,True,club,03_disagreements_b3,1868,1878,1878,False,True,2,bishop,False,False,True,opening,True,False,False,False,False
5rkr/ppp4p/4b1p1/3p4/2P1pN2/1P3PQ1/Pq1P1P1P/R4RK1 b - - 1 18,36,xMcihJ11,e6d7,-85,28,e6d7,0.0199,0.0193,0.0185,0.0133,b2e5,b2e5,b2e5,f8f4,307.0,0.0199,-0.0066,True,club,03_disagreements_b3,1868,1878,1878,True,False,5,bishop,False,False,True,middlegame,False,True,False,False,False
6kr/pp2Q2p/6p1/3N4/2P1p3/1P3r1b/P2q1P1P/3R1RK1 b - - 3 24,48,xMcihJ11,f3f2,0,471,d2b2,0.0134,0.0087,0.0065,0.0054,d2g5,d2g5,d2g5,d2g5,804.0,0.0134,-0.008,True,club,03_disagreements_b3,1868,1878,1878,False,True,6,rook,True,False,False,middlegame,True,False,False,False,False
3r1k2/5p1p/6p1/4N3/2Pb4/3R3P/5PP1/5K2 b - - 0 32,64,QWphqE1D,d4b6,-258,63,f8e7,0.0112,0.0108,0.0115,0.0116,f8e7,f8e7,f8e7,f8e7,426.0,0.0116,0.0004,True,club,03_disagreements_b3,1979,1926,1926,False,True,5,bishop,False,False,True,endgame,False,True,False,False,False
r3q1k1/2p2p1p/2p1b1p1/1pNpPP2/1PnP2PQ/P1R4P/7K/2B5 b - - 0 32,64,HerOa8oa,e6f5,-537,8,e6c8,0.0231,0.0252,0.0242,0.0198,g6f5,g6f5,g6f5,e6c8,117.0,0.0252,-0.0033,True,club,03_disagreements_b3,2164,1933,1933,False,True,1,bishop,True,False,False,middlegame,True,False,False,False,False
r4r2/ppq2p1k/3p1b1p/2pBpP1Q/2P5/1P1P2PP/P6K/4RR2 b - - 0 22,44,YXYm0Suq,h7g7,-184,49,a7a5,0.0166,0.0204,0.0247,0.0314,f8g8,f8g8,f8g8,f8g8,187.0,0.0314,0.0148,True,club,03_disagreements_b3,2051,2112,2112,False,True,6,king,False,False,True,middlegame,False,False,False,True,False
5r2/1pq2p1k/3p1b1p/2pBpP1Q/2P3R1/1P1P2PP/r7/5R1K b - - 2 26,52,YXYm0Suq,a2a8,-266,206,a2d2,0.0277,0.0247,0.0201,0.0122,f8g8,f8g8,c7e7,c7e7,1719.0,0.0277,-0.0155,True,club,03_disagreements_b3,2051,2112,2112,False,True,6,rook,False,False,True,middlegame,False,True,False,False,False
3r2k1/5pp1/1p1P1n1p/p1p2P2/q1P2Q2/8/P2R2PP/3R2K1 b - - 1 30,60,jV18uQf9,g8h7,-304,54,d8d7,0.0154,0.0144,0.0118,0.0113,b6b5,b6b5,b6b5,b6b5,137.0,0.0154,-0.0041,True,club,03_disagreements_b3,1876,1894,1894,False,True,5,king,False,False,True,endgame,True,False,False,True,False
3rr3/1R3pkp/np1p2p1/1N1P4/1P6/3n4/P1N3PP/R5K1 b - - 0 26,52,AuhG0pvS,d8b8,-65,48,a6b4,0.0293,0.0314,0.0302,0.0258,a6b4,a6b4,a6b4,a6b4,311.0,0.0314,-0.0035,True,club,03_disagreements_b3,2131,2208,2208,False,True,5,rook,False,False,True,middlegame,False,False,False,False,False
r4rk1/4bpp1/pq1p3p/2pQ1P2/1pBn1PP1/4B3/PPP4P/1K1R3R b - - 2 18,36,gfW4IHOl,a8b8,-325,3,e7f6,0.0074,0.0046,0.0026,0.0015,a6a5,a6a5,e7f6,e7f6,207.0,0.0074,-0.0059,True,club,03_disagreements_b3,1918,1937,1937,False,True,6,rook,False,False,True,middlegame,False,False,False,False,False
r5r1/7k/p1p2B2/1p1pP3/3P1N2/P1P2R2/2P2K2/8 b - - 3 32,64,CWfWWldB,g8g7,-669,30,g8g7,0.003,0.0022,0.0019,0.0022,a8f8,g8g4,g8g4,g8g4,134.0,0.003,-0.0008,True,club,03_disagreements_b3,2096,2033,2033,True,False,1,rook,False,False,True,endgame,True,False,False,False,False
8/5kp1/2q1pp1p/n1P5/3P4/2Q3PP/3N1P1K/8 b - - 5 34,68,FyldnbhB,c6a4,-62,83,a5b7,0.0257,0.0191,0.0153,0.0152,a5b7,a5b7,a5b7,a5b7,119.0,0.0257,-0.0105,True,club,03_disagreements_b3,1949,1935,1935,False,True,5,queen,False,False,True,endgame,True,False,False,False,False
5rk1/rp3ppp/1qnpbn2/1B1p4/PP1N4/1Q2P3/1B3PPP/R4RK1 b - - 0 16,32,OcVnLoZE,a7a8,-276,9,a7a8,0.0101,0.0097,0.0117,0.0152,c6d4,c6d4,c6d4,c6d4,217.0,0.0152,0.0051,True,club,03_disagreements_b3,2052,1990,1990,True,False,6,rook,False,False,True,middlegame,False,True,False,False,False
r2k4/ppq2rpp/3b1n2/1N6/6P1/5Q2/PPP5/2KR3R b - - 1 22,44,msFvKBAO,f7d7,-527,22,c7c6,0.0213,0.0238,0.0267,0.0246,c7c6,c7c6,c7c6,c7c6,117.0,0.0267,0.0033,True,club,03_disagreements_b3,1883,1885,1885,False,True,6,rook,False,False,True,middlegame,False,False,False,False,False
2rq1rk1/3b1ppp/4pn2/p7/4P3/Q1P1BP2/P5PP/R3KB1R b KQ - 1 16,32,uz8BZbV4,f6e4,-54,102,d8c7,0.0028,0.0021,0.0029,0.0069,d8c7,d8c7,d8c7,d8c7,147.0,0.0069,0.0041,True,club,03_disagreements_b3,2259,2256,2256,False,True,5,knight,True,False,False,middlegame,True,False,False,False,False
5r1k/2r3pp/2P5/p7/4b3/P1R2B2/5KPP/2R5 b - - 0 32,64,uz8BZbV4,h8g8,-206,36,g7g5,0.0037,0.0047,0.006,0.009,e4f3,e4f3,g7g5,g7g5,134.0,0.009,0.0053,True,club,03_disagreements_b3,2259,2256,2256,False,True,5,king,False,False,True,endgame,False,False,False,True,False
r4r2/5pk1/pp2pR1p/4P1NP/3q2P1/2p5/PP6/2Q4K b - - 2 30,60,UD7lpOwX,d4d2,537,35,d4d2,0.0238,0.0281,0.0296,0.0322,c3b2,c3b2,c3b2,c3b2,537.0,0.0322,0.0084,True,club,03_disagreements_b3,1860,1897,1897,True,False,4,queen,False,False,True,endgame,True,False,False,False,False
4Qr1k/6pp/p7/1p1p4/6K1/5PP1/Pq5r/4R3 b - - 1 34,68,EvZ7nx4x,h7h5,1987,1075,b2f6,0.0279,0.0289,0.0319,0.0484,b2b4,b2b4,b2b4,b2b4,867.0,0.0484,0.0205,True,club,03_disagreements_b3,1999,1914,1914,False,True,4,pawn,False,True,False,endgame,True,False,True,False,False
2rq1rk1/3nb2p/p4n2/1p1p1pp1/1PbPp3/P1N1P1PB/1B1QNP1P/2RR2K1 b - - 1 20,40,tbgDo9qO,d8e8,314,18,f6g4,0.0056,0.004,0.0027,0.0031,g5g4,g5g4,g5g4,g5g4,133.0,0.0056,-0.0025,True,club,03_disagreements_b3,1929,1953,1953,False,True,0,queen,False,False,True,middlegame,False,False,False,False,False
r6r/1p1q1kp1/p1n1pp2/3p2p1/1P1P2P1/P1P1Q1BP/5P2/2K1R2R b - - 1 24,48,JmRmqXG9,c6a7,177,14,h8e8,0.0149,0.0176,0.018,0.0133,a8e8,a8e8,a8e8,a8e8,129.0,0.018,-0.0016,True,club,03_disagreements_b3,1913,1844,1844,False,True,0,knight,False,False,True,middlegame,False,True,False,False,False
4r3/1p1q1kp1/p1n2P2/3pp3/1P1P3R/P1P1Q1B1/5P2/2K5 b - - 0 30,60,JmRmqXG9,f7f6,-232,83,e5d4,0.0349,0.0295,0.0223,0.0193,g7f6,g7f6,g7f6,g7f6,380.0,0.0349,-0.0156,True,club,03_disagreements_b3,1913,1844,1844,False,True,5,king,True,False,False,endgame,True,False,False,True,False
3r2k1/1b3p1p/B3p1p1/p4q2/Pb1Bp3/1P2P2P/4QPP1/2R3K1 b - - 0 26,52,CjC3gzTt,e6e5,17,105,b7d5,0.0125,0.01,0.0094,0.0124,b7a6,b7a6,b7a6,b7a6,111.0,0.0125,-0.0001,True,club,03_disagreements_b3,1857,1887,1887,False,True,5,pawn,False,False,True,middlegame,True,False,True,False,False
r5k1/1b4p1/p3pB1p/2q5/1pP2P2/1P6/P1Q3PP/3R3K b - - 0 24,48,g9UyGbK8,c5f8,-113,56,a8f8,0.0003,0.0002,0.0001,0.0001,g7f6,g7f6,g7f6,g7f6,577.0,0.0003,-0.0002,True,club,03_disagreements_b3,2069,2027,2027,False,True,5,queen,False,False,True,endgame,False,True,False,False,False
r1bqk2r/ppp2pp1/2n2n1p/2b1p3/2BpP2N/3P2N1/PPP2PPP/R1BQK2R b KQkq - 1 8,16,RGIRhuj8,c5b4,21,14,f6e4,0.0133,0.0114,0.0081,0.0085,e8g8,f6e4,f6e4,f6e4,355.0,0.0133,-0.0048,True,club,03_disagreements_b3,1979,1924,1924,False,True,3,bishop,False,True,False,opening,True,False,False,False,False
4r1k1/2R2npp/p2r4/1p2p2P/3nB3/6B1/PP3PP1/4R1K1 b - - 6 28,56,5zOqqC29,g7g6,-148,66,f7g5,0.0379,0.0241,0.0206,0.0284,f7g5,f7g5,f7g5,f7g5,110.0,0.0379,-0.0095,True,club,03_disagreements_b3,2014,1945,1945,False,True,5,pawn,False,False,True,middlegame,True,False,True,False,False
rnb2rk1/pp3ppp/2p2n2/q2p4/3P1B2/P1PQ1N2/2P1BPPP/R3K2R b KQ - 4 10,20,llLr4uQm,c8f5,144,85,f6e4,0.0038,0.0023,0.0018,0.0026,f6e4,f6e4,f6e4,f6e4,145.0,0.0038,-0.0012,True,club,03_disagreements_b3,1852,1860,1860,False,True,3,bishop,False,False,True,opening,True,False,False,False,False
4rk2/pp3ppQ/7p/2qp4/8/P4P1P/2P1nP2/R4R1K b - - 0 30,60,llLr4uQm,c5c8,678,457,c5c3,0.0285,0.0361,0.0393,0.0415,e2f4,e2f4,e2f4,e2f4,942.0,0.0415,0.013,True,club,03_disagreements_b3,1852,1860,1860,False,True,0,queen,False,False,True,endgame,False,True,False,False,False
2r1r1k1/6p1/5p1p/p1Rp4/3P1P2/P5P1/1P5P/5RK1 b - - 0 28,56,fCzrt8x6,a5a4,-108,24,c8c5,0.0159,0.0118,0.0106,0.0111,c8c5,c8c5,c8c5,c8c5,217.0,0.0159,-0.0048,True,club,03_disagreements_b3,1913,1836,1836,False,True,5,pawn,False,False,True,endgame,True,False,True,False,False
1r1q2k1/p1pn1ppp/5b2/2Pp4/3Pr3/QP3NP1/P2RBPP1/5K1R b - - 1 20,40,NEypMSvc,g7g6,-49,58,d8e7,0.0098,0.0069,0.0057,0.007,c7c6,c7c6,c7c6,c7c6,124.0,0.0098,-0.0028,True,club,03_disagreements_b3,1931,2009,2009,False,True,2,pawn,False,False,True,middlegame,True,False,True,False,False
2kr2r1/1b1n1p1p/p4p2/1p1N4/2P1qB2/1P6/1P2R1PP/R2Q2K1 b - - 4 22,44,YP7R4qND,b7d5,-367,64,g8g2,0.0128,0.0167,0.021,0.0284,e4f5,e4g6,e4g6,e4g6,1632.0,0.0284,0.0156,True,club,03_disagreements_b3,2105,2069,2069,False,True,6,bishop,True,False,False,middlegame,True,False,False,False,False
4kbnr/2p1p1pp/pp2Pp2/8/1N6/B1r4P/P4PP1/1R3RK1 b k - 0 22,44,4ZrsG4tD,g7g6,-386,10,c3a3,0.0008,0.0011,0.0015,0.0017,c3a3,c3a3,c3a3,c3a3,696.0,0.0017,0.0009,True,club,03_disagreements_b3,1862,1879,1879,False,True,6,pawn,False,False,True,middlegame,True,False,True,False,False
2bq1rk1/2pn2bp/1p1p2p1/3Ppp1n/1PP1P3/2NBBP2/4N1PP/2Q1K2R b K - 1 14,28,momiDBAy,h5f4,53,92,f5f4,0.0145,0.0118,0.0094,0.0102,f5f4,f5f4,f5f4,f5f4,203.0,0.0145,-0.0043,True,club,03_disagreements_b3,1906,1941,1941,False,True,2,knight,False,False,True,middlegame,True,False,False,False,False
r1q3k1/R1nb2b1/1p1p1n2/1PpPp3/2P1Pp2/2NN1Pp1/2KBB1P1/Q7 b - - 12 34,68,momiDBAy,f6h5,-16,22,a8a7,0.0234,0.0182,0.0146,0.0124,a8a7,a8a7,a8a7,a8a7,159.0,0.0234,-0.011,True,club,03_disagreements_b3,1906,1941,1941,False,True,2,knight,False,False,True,middlegame,True,False,False,False,False
r2q1rk1/pppbppbp/2np1np1/8/3PPB1P/2N2P2/PPPQ2P1/2KR1BNR b - - 0 8,16,ypjsucRA,c6d4,-27,79,h7h5,0.0081,0.0044,0.0022,0.0014,e7e5,e7e5,f6h5,h7h5,147.0,0.0081,-0.0067,True,club,03_disagreements_b3,1944,2013,2013,False,True,3,knight,True,False,False,opening,True,False,False,False,False
3r2k1/pp3pb1/2p1bnp1/6Bp/N2pP2P/5P2/PPP3P1/1K3B1R b - - 1 18,36,ypjsucRA,e6c8,-6,0,d8c8,0.0033,0.0031,0.0027,0.0024,b7b5,b7b6,b7b6,b7b6,320.0,0.0033,-0.0009,True,club,03_disagreements_b3,1944,2013,2013,False,True,2,bishop,False,False,True,middlegame,False,True,False,False,False
2kr3r/5Qpp/1p1b1P2/3R4/4N3/8/PP2pPPP/2KR4 b - - 0 24,48,wuAmBFFX,d6f4,-707,146,d6f4,0.0482,0.0369,0.0322,0.0266,e2d1q,e2d1q,e2d1q,e2d1q,146.0,0.0482,-0.0216,True,club,03_disagreements_b3,1896,1947,1947,True,False,1,bishop,False,True,False,middlegame,True,False,False,False,False
3r1rk1/1pq2ppp/pn3b2/4pP2/3pN3/1B1P1Q1P/PPP3P1/R4R1K b - - 1 18,36,8mknkMuW,b6c8,-70,7,c7e7,0.0041,0.0026,0.0016,0.0011,b6d5,b6d5,b6d5,b6d5,460.0,0.0041,-0.003,True,club,03_disagreements_b3,1894,1900,1900,False,True,2,knight,False,False,True,middlegame,False,True,False,False,False
5r1k/6p1/3q1pPp/1p2pP2/p2pQb1P/1PPPn3/P3R3/3B2RK b - - 0 34,68,8mknkMuW,e3d5,30,58,a4a3,0.0075,0.0073,0.0067,0.0069,a4b3,a4b3,a4b3,a4b3,213.0,0.0075,-0.0006,True,club,03_disagreements_b3,1894,1900,1900,False,True,0,knight,False,False,True,middlegame,False,True,False,False,False
rn3rk1/p3qppp/4p3/1NPpN3/4n3/8/PPQ2PPP/R4RK1 b - - 0 16,32,a7uwkK3j,a7a6,59,37,e4c5,0.0406,0.0363,0.0313,0.0291,e4c5,e7c5,e7c5,e7c5,227.0,0.0406,-0.0115,True,club,03_disagreements_b3,1867,1841,1841,False,True,5,pawn,False,False,True,middlegame,True,False,True,False,False
r4rk1/N2n1ppp/1PN2q2/2npp3/8/8/P1Q2PPP/2R2RK1 b - - 0 22,44,a7uwkK3j,a8a7,181,242,a8a7,0.016,0.0098,0.0069,0.0052,d7b6,d7b6,d7b6,d7b6,633.0,0.016,-0.0108,True,club,03_disagreements_b3,1867,1841,1841,True,False,6,rook,True,False,False,middlegame,True,False,False,False,False
2r2r1k/4q1pp/1p6/pQb2p2/8/3BP1P1/P4PP1/1RR3K1 b - - 2 32,64,yCFNmzgu,h7h5,3,8,f8d8,0.028,0.029,0.0271,0.0265,c5a3,e7g5,f8d8,f8d8,187.0,0.029,-0.0015,True,club,03_disagreements_b3,2013,1867,1867,False,True,5,pawn,False,False,True,middlegame,True,False,True,False,False
2Br3k/5qpp/1p6/pQb5/8/4P1P1/P4PP1/1RR3K1 b - - 0 34,68,yCFNmzgu,d8f8,-489,45,d8c8,0.0079,0.0072,0.0067,0.0072,d8c8,d8c8,d8c8,d8c8,113.0,0.0079,-0.0007,True,club,03_disagreements_b3,2013,1867,1867,False,True,1,rook,False,False,True,middlegame,False,False,False,False,False
rnbq1rk1/1pp2pbp/3p1npB/p2Pp3/4P3/2N2P2/PPPQ2PP/R3KBNR b KQ - 0 8,16,sq4ET0aK,f6e4,240,301,g7h6,0.0005,0.0005,0.0019,0.0085,c7c6,c7c6,b8a6,b8a6,332.0,0.0085,0.008,True,club,03_disagreements_b3,2048,2016,2016,False,True,3,knight,True,False,False,opening,True,False,False,False,False
r1b1r1k1/p1ppq1pp/2p5/4P3/1bP5/8/P1PBQ1PP/3RKB1R b K - 2 16,32,Ltei06QP,d7d5,318,25,b4d2,0.0231,0.014,0.0111,0.0169,b4d2,b4d2,b4d2,e7e5,127.0,0.0231,-0.0062,True,club,03_disagreements_b3,1890,2128,2128,False,True,0,pawn,False,False,True,middlegame,True,False,True,False,False
r1b1r1k1/p1p1q1pp/2pp4/4P3/2P1Q3/8/P1PK2PP/3R1B1R b - - 1 18,36,Ltei06QP,g7g6,206,20,e7e5,0.0012,0.0005,0.0002,0.0001,d6e5,e7e5,e7e5,e7e5,172.0,0.0012,-0.0011,True,club,03_disagreements_b3,1890,2128,2128,False,True,0,pawn,False,False,True,middlegame,True,False,True,False,False
1n3rk1/1p3pp1/pq2p2P/3pPnB1/1P1P4/P2Q1N2/5PK1/2R5 b - - 0 22,44,TkCnrHLx,b8d7,-301,81,g7g6,0.0087,0.0055,0.0046,0.0066,f5h6,f5h6,f5h6,g7h6,100.0,0.0087,-0.0021,True,club,03_disagreements_b3,1852,1862,1862,False,True,6,knight,False,False,True,middlegame,True,False,False,False,False
6r1/1pQ3Bk/p3p1pP/3pPn2/1P1P4/P7/5PK1/3R4 b - - 0 30,60,TkCnrHLx,g6g5,-1129,83,f5h4,0.0225,0.0206,0.0228,0.0289,f5g7,f5g7,f5g7,f5g7,868.0,0.0289,0.0064,True,club,03_disagreements_b3,1852,1862,1862,False,True,1,pawn,False,False,True,endgame,True,False,True,False,False
r4b1r/2qkp1p1/p3pnQp/1p1n4/8/3BPN2/1P3PPP/R1B2RK1 b - - 0 18,36,pdcR3yDD,d7c6,-506,3,a8a7,0.0086,0.0088,0.0077,0.0065,d5b4,d5b4,d5b4,d5b4,102.0,0.0088,-0.0021,True,club,03_disagreements_b3,2078,2047,2047,False,True,1,king,False,False,True,middlegame,True,False,False,True,False
1q3b1r/r2k2p1/p3pnQp/Bp1np3/4P3/3B1N2/1P3PPP/3R1RK1 b - - 0 22,44,pdcR3yDD,d7c6,-588,37,f6e4,0.0131,0.0084,0.0049,0.0028,d5f4,d5f4,d5f4,d5f4,773.0,0.0131,-0.0103,True,club,03_disagreements_b3,2078,2047,2047,False,True,6,king,False,False,True,middlegame,True,False,False,True,False
r3br2/1R3pk1/p5p1/2p1N3/q6P/6Q1/5PP1/4R1K1 b - - 0 26,52,91rRf3zJ,g7g8,-482,103,e8c6,0.0243,0.023,0.0221,0.0192,a4a5,a4a5,a4a5,a4a5,635.0,0.0243,-0.0051,True,club,03_disagreements_b3,1805,1899,1899,False,True,6,king,False,False,True,middlegame,False,True,False,True,False
2kr1b1r/1ppqpn2/p1n2p2/3p4/3P1BP1/2NBQP2/PPP4P/2KR3R b - - 2 14,28,2LQS7X01,e7e6,-223,21,c8b8,0.036,0.032,0.0309,0.0324,f8h6,e7e5,e7e5,e7e5,185.0,0.036,-0.0036,True,club,03_disagreements_b3,2056,2090,2090,False,True,6,pawn,False,False,True,middlegame,True,False,True,False,False
4r1k1/pp1R1p1p/5p2/8/2Q3P1/1P5P/2P3K1/2q5 b - - 6 28,56,7D47lnbW,e8e6,216,107,e8e6,0.0169,0.0159,0.0152,0.0191,e8e2,e8f8,c1e1,c1e1,2214.0,0.0191,0.0022,True,club,03_disagreements_b3,1981,2127,2127,True,False,0,rook,False,False,True,endgame,True,False,False,False,False
rn2k2r/ppp2ppp/3bpn2/q7/3P2b1/2N2N2/PPPBBPPP/R2Q1RK1 b kq - 2 8,16,H37vHbRq,a5f5,-70,29,a5h5,0.0048,0.004,0.0032,0.002,c7c6,c7c6,a5h5,a5h5,123.0,0.0048,-0.0028,True,club,03_disagreements_b3,1803,1819,1819,False,True,3,queen,False,False,True,opening,False,False,False,False,False
4rk1r/ppp3p1/8/2N1b3/2n4P/2P3P1/P1B2P2/4RRK1 b - - 10 30,60,XmF1057O,e8e7,-335,8,c4d2,0.0054,0.0062,0.007,0.0084,e5c3,e5c3,e5c3,e5c3,174.0,0.0084,0.003,True,club,03_disagreements_b3,1967,1984,1984,False,True,6,rook,False,False,True,middlegame,True,False,False,False,False
5k2/ppp1r1p1/6Br/2N4P/8/2b3P1/P2n1PK1/3R1R2 b - - 0 34,68,XmF1057O,h6g6,-53,189,h6g6,0.0018,0.002,0.0026,0.0039,d2f1,d2f1,d2f1,d2f1,1945.0,0.0039,0.0021,True,club,03_disagreements_b3,1967,1984,1984,True,False,6,rook,True,False,False,middlegame,False,False,False,False,False
r2q1rk1/1b3pp1/p2ppn1p/1p6/1n2P3/2N1PN1P/PP4P1/1BRQ1RK1 b - - 7 16,32,LazsNFG2,d8e7,214,1,d8b6,0.0072,0.0093,0.0117,0.0143,d6d5,d8b6,d8b6,d8b6,126.0,0.0143,0.0071,True,club,03_disagreements_b3,1857,1825,1825,False,True,2,queen,False,False,True,middlegame,True,False,False,False,False
4rr2/pp4k1/2p1b1pn/4Pp2/1PP4N/P2B3P/8/2K1R1R1 b - - 3 26,52,o38wZkOm,f8g8,-216,63,e6f7,0.0091,0.0083,0.0061,0.0041,e6f7,e6f7,e6f7,e6f7,131.0,0.0091,-0.005,True,club,03_disagreements_b3,2016,2051,2051,False,True,5,rook,False,False,True,middlegame,False,False,False,False,False
r3r1k1/pp2ppbp/1qn2np1/3p2B1/3P2b1/2PB1N1P/PPQN1PP1/2KR3R b - - 0 12,24,oNSaCiJO,c6b4,155,85,g4f3,0.0007,0.0005,0.0005,0.0005,g4f3,g4f3,g4d7,g4d7,138.0,0.0007,-0.0002,True,club,03_disagreements_b3,1810,1863,1863,False,True,3,knight,False,False,True,opening,True,False,False,False,False
r4r2/ppq2pk1/2p3bp/2n1P3/2P2pP1/2N4P/PP4Q1/2K1RB1R b - - 2 20,40,xvDgDspz,c7a5,395,14,c7d7,0.0169,0.0163,0.0183,0.0231,c5d3,c5d3,c5d3,c5d3,481.0,0.0231,0.0062,True,club,03_disagreements_b3,1873,1907,1907,False,True,0,queen,False,False,True,middlegame,True,False,False,False,False
r4r1k/ppp4p/2n1Bp2/8/1b1qNQ2/5P2/PPP2P1P/R4RK1 b - - 0 18,36,EGpgfDCK,f6f5,105,125,b4d6,0.0453,0.032,0.0237,0.0245,d4b2,b4d6,b4d6,b4d6,174.0,0.0453,-0.0208,True,club,03_disagreements_b3,1919,1978,1978,False,True,5,pawn,False,False,True,middlegame,True,False,True,False,False
r3k2r/pp1bqpb1/2np1n1p/2p1pPp1/2P1P1P1/2NP2NP/PP4BK/R1BQ1R2 b kq - 2 14,28,0PSEEndQ,e7d8,-76,7,e8c8,0.0054,0.0077,0.0099,0.0087,e8c8,e8c8,e8c8,e8c8,138.0,0.0099,0.0033,True,club,03_disagreements_b3,2059,1932,1932,False,True,2,queen,False,False,True,middlegame,False,True,False,False,False
2r1k1nr/1p3ppp/p3p1b1/2qpP3/Q2N2P1/2P4P/PP1N1P2/R4RK1 b k - 4 16,32,Bw7QFCUo,e8d8,-102,4,e8f8,0.02,0.0122,0.0124,0.0238,b7b5,b7b5,b7b5,b7b5,183.0,0.0238,0.0038,True,club,03_disagreements_b3,2172,2028,2028,False,True,2,king,False,False,True,middlegame,False,False,False,True,False
N1qk1r2/pp1n2Qp/3p4/5p1p/5P2/P7/1P6/1K1R4 b - - 3 28,56,1dokkqbd,c8c4,107,129,c8a8,0.0056,0.0038,0.004,0.0057,c8a8,c8a8,c8a8,c8a8,560.0,0.0057,0.0001,True,club,03_disagreements_b3,1928,1930,1930,False,True,0,queen,False,False,True,endgame,True,False,False,False,False
r1bqk2r/pp2pp1p/2n3p1/1BpP4/4P3/2b2N2/P2B1PPP/R2QK2R b KQkq - 1 10,20,i0sResiZ,d8a5,-15,76,c3a1,0.0058,0.0068,0.0096,0.0182,c3a1,c3a1,c3a1,c3a1,362.0,0.0182,0.0124,True,club,03_disagreements_b3,1962,2036,2036,False,True,3,queen,False,False,True,opening,True,False,False,False,False
2B2r1k/1p4p1/8/p1b5/P5P1/5b1P/1P1q1R2/R4QK1 b - - 2 32,64,0EjEshfj,f3c6,1994,1,f8c8,0.0089,0.0138,0.0244,0.0443,c5f2,c5f2,f3e2,f3e2,1375.0,0.0443,0.0354,True,club,03_disagreements_b3,1915,1896,1896,False,True,4,bishop,False,False,True,middlegame,False,True,False,False,False
2r1k2r/2qp1pp1/p3p1n1/1p6/1P2Pb1p/2P2Q1P/PB2BPP1/R4R1K b k - 4 22,44,kWIDz4HB,c7b7,70,4,f4e5,0.0031,0.0022,0.0016,0.0013,g6e5,g6e5,g6e5,g6e5,547.0,0.0031,-0.0018,True,club,03_disagreements_b3,1908,1879,1879,False,True,2,queen,False,False,True,middlegame,False,False,False,False,False
2r2bQR/2qpkp2/4p3/1P6/4P2p/2P4P/1B3PP1/5R1K b - - 0 34,68,kWIDz4HB,c7d6,-772,33,c7c4,0.0167,0.0169,0.0149,0.0162,c7c4,c7c4,c7c4,c7c4,722.0,0.0169,-0.0005,True,club,03_disagreements_b3,1908,1879,1879,False,True,1,queen,False,False,True,middlegame,True,False,False,False,False
r2q1r2/bpp1nppk/p6p/3pPN2/Pn1P4/2N1B3/BP1Q1PPP/2R2RK1 b - - 0 16,32,j4TmPw95,b4a2,-317,151,b4a2,0.0106,0.0052,0.0033,0.0022,e7f5,e7f5,e7f5,e7f5,175.0,0.0106,-0.0084,True,club,03_disagreements_b3,2115,2135,2135,True,False,6,knight,True,False,False,middlegame,True,False,False,False,False
r2q1r2/bpp2ppk/p6p/3NP3/P2P4/2N1B3/1P1Q1PPP/2n2RK1 b - - 0 18,36,j4TmPw95,c1a2,-175,205,c1b3,0.0083,0.0066,0.0055,0.0041,c1b3,c1b3,c1b3,c1b3,261.0,0.0083,-0.0042,True,club,03_disagreements_b3,2115,2135,2135,False,True,6,knight,False,False,True,middlegame,False,True,False,False,False
q1r1nbk1/1R3p2/1Qnp2p1/3P4/1P2PPP1/P3B3/4N3/1N4K1 b - - 0 28,56,2Nr3o376,c6b4,-363,53,c6e7,0.0079,0.0064,0.0062,0.0074,c6d8,c6e7,c6e7,c6d8,168.0,0.0079,-0.0005,True,club,03_disagreements_b3,1847,1855,1855,False,True,6,knight,True,False,False,middlegame,True,False,False,False,False
4r1k1/5pp1/p4n1p/8/P2N4/3K1Q2/1P3P2/RN2q3 b - - 2 28,56,Ob6rCSE6,e1c1,449,98,e1b4,0.0281,0.0294,0.034,0.0409,e1f1,e1f1,e1f1,e1f1,107.0,0.0409,0.0128,True,club,03_disagreements_b3,2028,1927,1927,False,True,7,queen,False,False,True,middlegame,False,False,False,False,False
1r1r2k1/1pp1qppp/p7/2PP1b2/3Q4/P5P1/1R3PBP/3R2K1 b - - 2 22,44,x6xRycZi,h7h5,-154,4,h7h5,0.0042,0.0043,0.0059,0.013,c7c6,c7c6,c7c6,c7c6,115.0,0.013,0.0088,True,club,03_disagreements_b3,2151,2281,2281,True,False,5,pawn,False,False,True,middlegame,True,False,True,False,False
r2q1rk1/pppn1ppp/4pb1B/4P2n/2BP4/1QN2P2/PP3P1P/R3K1R1 b Q - 0 12,24,MIaWLU9C,g8h8,-192,20,f6e5,0.0101,0.0132,0.0161,0.0215,f6h4,d7e5,d7e5,d7e5,118.0,0.0215,0.0114,True,club,03_disagreements_b3,1816,1805,1805,False,True,2,king,False,False,True,opening,False,False,False,True,False
r2q2k1/1pnb2bp/1B1p2p1/3Pp3/pP2Pp2/P1NB1P2/2Q3PP/2R3K1 b - - 2 24,48,TY0ejfwb,d8b8,-181,147,a8c8,0.012,0.0096,0.0072,0.007,a8c8,a8c8,a8c8,a8c8,178.0,0.012,-0.005,True,club,03_disagreements_b3,1813,1864,1864,False,True,6,queen,False,False,True,middlegame,False,False,False,False,False
r1b5/n3r1k1/pp1pPqp1/2pP3p/2P1Q3/P3R3/1P3PPN/1B3RK1 b - - 1 26,52,TkkpONlU,c8e6,-564,10,c8b7,0.0284,0.0173,0.0097,0.0057,c8b7,c8b7,c8b7,c8b7,152.0,0.0284,-0.0227,True,club,03_disagreements_b3,1858,1812,1812,False,True,1,bishop,True,False,False,middlegame,True,False,False,False,False
r7/nb2r1k1/p2pPqp1/1ppP3p/2P5/P4R2/1PQ2PPN/1B3RK1 b - - 1 28,56,TkkpONlU,e7e6,-558,51,f6g5,0.0065,0.0043,0.0036,0.0028,f6g5,f6g5,f6g5,f6g5,479.0,0.0065,-0.0037,True,club,03_disagreements_b3,1858,1812,1812,False,True,1,rook,True,False,False,middlegame,True,False,False,False,False
r1bqk2r/ppp1bppp/4pn2/4n1B1/2B2Q2/2NP4/PPP1NPPP/2KR3R b kq - 6 10,20,s4TKFMEM,f6d5,-46,28,e5g6,0.0023,0.0011,0.0004,0.0002,e5c4,e5c4,e5c4,e5c4,104.0,0.0023,-0.0021,True,club,03_disagreements_b3,2054,1959,1959,False,True,3,knight,False,False,True,opening,True,False,False,False,False
r4rk1/1ppb1ppp/p2p1q2/3npP2/8/3P3P/PPPBB1P1/R2Q1RK1 b - - 1 16,32,S7JRSP8R,d5f4,111,18,d7c6,0.0453,0.0423,0.0392,0.0329,d7f5,d7f5,d7f5,d7f5,111.0,0.0453,-0.0124,True,club,03_disagreements_b3,1865,1871,1871,False,True,2,knight,False,False,True,middlegame,True,False,False,False,False
r4rk1/1pp2pPp/p1b3n1/8/2Ppp1B1/3qB2P/PP4P1/R1Q2RK1 b - - 0 24,48,S7JRSP8R,f8e8,348,99,f8e8,0.0362,0.0288,0.0315,0.0439,g8g7,g8g7,g8g7,g8g7,289.0,0.0439,0.0077,True,club,03_disagreements_b3,1865,1871,1871,True,False,0,rook,False,False,True,middlegame,False,False,False,False,False
r1bqk2r/pp1pnppp/2n5/4p1N1/2B1P3/2P5/P3QPPP/R1B2RK1 b kq - 1 10,20,iPha0VTk,h8f8,-347,70,e8g8,0.0098,0.0037,0.002,0.0036,e8g8,e8g8,e8g8,e8g8,148.0,0.0098,-0.0062,True,club,03_disagreements_b3,2089,2096,2096,False,True,3,rook,False,False,True,opening,False,False,False,False,False
2r2rk1/pp1b1p2/1q1p1pp1/7p/1P2P3/1B3PQ1/P1P2RPP/3R2K1 b - - 3 20,40,SZVo0MDC,d6d5,-52,186,g8g7,0.0057,0.0037,0.0027,0.0024,b6b4,b6b4,b6b4,b6b4,557.0,0.0057,-0.0033,True,club,03_disagreements_b3,2233,2137,2137,False,True,5,pawn,False,False,True,middlegame,True,False,True,False,False
r1bqrbk1/p2p1p1p/2p1pnp1/6B1/4P3/2N5/PPPQBPPP/R4RK1 b - - 5 12,24,QdxVJuKK,e6e5,-130,8,f8e7,0.015,0.0167,0.0251,0.0414,f8g7,f8g7,f8g7,f8g7,283.0,0.0414,0.0264,True,club,03_disagreements_b3,1870,1854,1854,False,True,3,pawn,False,False,True,opening,True,False,True,False,False
4r1k1/pp3p1p/8/8/3Nq3/PP4P1/3QP3/2R3K1 b - - 0 28,56,Tuq1Ip44,h7h6,-488,10,e8e5,0.002,0.0014,0.0009,0.001,e8d8,e8d8,e8d8,e8d8,388.0,0.002,-0.001,True,club,03_disagreements_b3,1812,2005,2005,False,True,1,pawn,False,False,True,endgame,True,False,True,False,False
r1kq3r/1b2RB2/p2P3p/1p6/3Qn1p1/8/PPP2PPP/R5K1 b - - 0 22,44,o0WwJoe6,a6a5,-508,64,a6a5,0.0019,0.0009,0.0006,0.0005,e4d6,e4d6,e4d6,e4d6,211.0,0.0019,-0.0014,True,club,03_disagreements_b3,2370,2288,2288,True,False,6,pawn,False,False,True,middlegame,True,False,True,False,False
r1b2n1k/pp3p1B/1b3p1Q/7N/8/5N1q/PP3P2/3RR1K1 b - - 1 26,52,FUeiQRp2,h3h5,-797,83,h3g4,0.0041,0.0024,0.0019,0.0021,h3g4,h3g4,h3g4,h3g4,170.0,0.0041,-0.002,True,club,03_disagreements_b3,1916,1868,1868,False,True,6,queen,True,False,False,middlegame,False,True,False,False,False
r1q2rk1/pbpn1nbp/1p1p2p1/1B1Np3/4P2B/5N1P/PPPQ1PP1/2KR3R b - - 5 14,28,YPiHZ5zv,g8h8,-34,66,b7d5,0.0258,0.0423,0.0427,0.0482,b7d5,b7d5,b7d5,b7d5,124.0,0.0482,0.0224,True,club,03_disagreements_b3,2038,2061,2061,False,True,2,king,False,False,True,middlegame,False,False,False,True,False
4rrk1/pp4bp/3q2p1/2pNnb2/2P5/1Q1PpN1P/PP2B1P1/3R1RK1 b - - 7 18,36,HBbHdVU3,f5h3,398,23,b7b6,0.0309,0.0268,0.017,0.0109,e5f3,e5f3,b7b6,b7b6,157.0,0.0309,-0.02,True,club,03_disagreements_b3,2180,2074,2074,False,True,0,bishop,True,False,False,middlegame,True,False,False,False,False
6k1/2p3p1/p4p2/2p1qp1Q/2P1nR2/1P2P1PP/P6K/R1Brr3 b - - 0 34,68,ZnkDjfvI,e5b2,1996,2,e1h1,0.0052,0.0051,0.0049,0.0048,e5a1,e5a1,e5a1,e5a1,3994.0,0.0052,-0.0004,True,club,03_disagreements_b3,1927,1891,1891,False,True,4,queen,False,True,False,middlegame,True,False,False,False,False
r4r2/2p1q1kp/3pp1p1/p2b1p2/1p1PnN2/PP2Q2P/1P1N1PP1/2R1R1K1 b - - 3 22,44,RzjIxXeC,e7f7,57,3,g6g5,0.002,0.0022,0.0025,0.0033,e4d2,e4d2,e4d2,d5b7,540.0,0.0033,0.0013,True,club,03_disagreements_b3,1891,1911,1911,False,True,2,queen,False,False,True,middlegame,False,False,False,False,False
rn1qkb1r/ppp2ppp/5n2/4p3/3PP3/2N2B2/PP3PPP/R1BQK2R b KQkq - 0 8,16,nBHlCgVA,b8c6,-54,12,d8d4,0.0442,0.0344,0.023,0.0095,e5d4,e5d4,e5d4,e5d4,151.0,0.0442,-0.0347,True,club,03_disagreements_b3,1929,1915,1915,False,True,3,knight,False,False,True,opening,True,False,False,False,False
rn2k2r/ppp2ppp/5n2/1N6/3pP3/5B2/PP1K1PPP/R6R b kq - 0 12,24,nBHlCgVA,c7c6,-262,48,b8a6,0.0452,0.0168,0.0085,0.0043,b8a6,b8a6,b8a6,b8a6,158.0,0.0452,-0.0409,True,club,03_disagreements_b3,1929,1915,1915,False,True,3,pawn,False,False,True,opening,True,False,True,False,False
5rk1/pp1b2bp/4p1p1/2q5/3p4/1P2N3/P4PPP/1BR1Q1K1 b - - 1 28,56,i3N5mnmx,d4e3,533,410,c5b6,0.0107,0.0093,0.0091,0.0088,c5g5,c5b6,c5b6,c5b6,466.0,0.0107,-0.0019,True,club,03_disagreements_b3,1953,1903,1903,False,True,0,pawn,True,False,False,middlegame,True,False,True,False,False
r2q2k1/1bbn3p/pp2prp1/1P2NpN1/P2PpP2/B3P1P1/4Q2P/R1R3K1 b - - 7 22,44,hepulvhs,c7b8,-333,68,d7f8,0.0068,0.0071,0.0066,0.006,a6b5,c7e5,c7e5,c7e5,123.0,0.0071,-0.0008,True,club,03_disagreements_b3,1940,1938,1938,False,True,6,bishop,False,False,True,middlegame,False,True,False,False,False
r4nk1/1b5p/1p1qprp1/PQ2NpN1/3PpP2/2R1P1P1/7P/R5K1 b - - 0 26,52,hepulvhs,d6d8,-258,2,h7h6,0.0062,0.0044,0.003,0.0024,b7a6,b7a6,b7a6,b7a6,200.0,0.0062,-0.0038,True,club,03_disagreements_b3,1940,1938,1938,False,True,6,queen,False,False,True,middlegame,False,True,False,False,False
2r4k/p1r4p/6p1/4qp2/2PNpn2/1P5P/P1Q2PP1/3RR1K1 b - - 0 30,60,ICHlvFgl,c7g7,-112,6,a7a6,0.0124,0.0132,0.0139,0.0179,f4d3,f4d3,f4d3,f4d3,393.0,0.0179,0.0055,True,club,03_disagreements_b3,1938,1964,1964,False,True,5,rook,False,False,True,middlegame,False,False,False,False,False
2rr2k1/2q1bppp/p3bn2/1p1p4/3B4/PNN1Q2P/1PP2PP1/1R1R2K1 b - - 3 20,40,MDpUjqLc,d8e8,2,2,c7c6,0.039,0.0433,0.0428,0.0375,f6e4,f6e4,b5b4,b5b4,176.0,0.0433,-0.0015,True,club,03_disagreements_b3,2202,2106,2106,False,True,2,rook,False,False,True,middlegame,False,False,False,False,False
rnbqkb1r/ppp3pp/8/3p1pN1/3Pp2P/1B2P3/PPP2PP1/RN1QK2R b KQkq - 1 8,16,HZErEEI9,g7g6,-61,20,f8e7,0.0406,0.0332,0.0292,0.0305,h7h6,h7h6,h7h6,h7h6,431.0,0.0406,-0.0101,True,club,03_disagreements_b3,2151,2039,2039,False,True,3,pawn,False,False,True,opening,True,False,True,False,False
r1r3k1/5pp1/p6P/P1p2q2/1pQ1p2P/4P3/1P6/2KR3R b - - 0 30,60,CH1LjkdO,c8d8,0,10,g7g6,0.0086,0.0079,0.0113,0.0265,g7h6,g7h6,g7h6,g7h6,436.0,0.0265,0.0179,True,club,03_disagreements_b3,1866,1858,1858,False,True,5,rook,False,False,True,endgame,False,False,False,False,False
2rr2k1/1b3pb1/p1nq2p1/2p1p1Qp/2BpP2P/1NP2N2/PP3PP1/3R1RK1 b - - 5 20,40,HJ8IkqJ0,c8c7,33,6,d8d7,0.0354,0.0319,0.0288,0.0318,g7f6,d6f6,d6f6,d6f6,167.0,0.0354,-0.0036,True,club,03_disagreements_b3,1804,1937,1937,False,True,2,rook,False,False,True,middlegame,True,False,False,False,False
r2q1rk1/ppp1ppbp/5np1/3PNb2/1np5/2N1P1P1/PP3PBP/R1BQ1RK1 b - - 2 10,20,OQC22CPO,e7e6,132,7,e7e6,0.0222,0.0157,0.008,0.0048,b4c2,b4c2,b4c2,b4d3,126.0,0.0222,-0.0174,True,club,03_disagreements_b3,2024,2216,2216,True,False,3,pawn,False,False,True,opening,True,False,True,False,False
rn1q1rk1/ppn2ppp/3b4/2pP3b/4N3/3B1N1P/PP3PP1/R1BQ1RK1 b - - 4 12,24,Ul03EcHs,b8a6,-61,6,c7d5,0.0186,0.0174,0.0196,0.0346,c7d5,c7d5,c7d5,c7d5,117.0,0.0346,0.016,True,club,03_disagreements_b3,2299,1885,1885,False,True,3,knight,False,False,True,opening,True,False,False,False,False
rn2nrk1/1p1b1pb1/pq1p2pp/2pP4/4PP2/5N1P/PPP1N1B1/R1BQR1K1 b - - 1 16,32,gJgnj7Kg,a6a5,-189,13,e8f6,0.0124,0.0098,0.009,0.0099,g7b2,g7b2,g7b2,g7b2,255.0,0.0124,-0.0025,True,club,03_disagreements_b3,2029,1889,1889,False,True,2,pawn,False,False,True,middlegame,True,False,True,False,False
r1b5/1pR2n2/pB3kp1/3p3p/5P2/1P3N1P/P1B3P1/6K1 b - - 1 34,68,xLW4CKWp,c8g4,-736,8,f7h6,0.0007,0.0005,0.0005,0.0004,f7d6,f7d6,f7d6,f7d6,1262.0,0.0007,-0.0003,True,club,03_disagreements_b3,1895,1901,1901,False,True,1,bishop,False,False,True,middlegame,True,False,False,False,False
5k2/1p3prp/p1b2p1B/8/8/6P1/PP3K2/3R4 b - - 0 30,60,V4BvWUwo,c6e4,-469,8,f6f5,0.0155,0.0152,0.0182,0.0223,f8g8,f8g8,f8g8,f8g8,1529.0,0.0223,0.0068,True,club,03_disagreements_b3,1965,1950,1950,False,True,5,bishop,False,False,True,endgame,True,False,False,False,False
r1b2rk1/p4ppp/1p1p1n2/q3p1N1/1b1nPP2/2NB3P/P2B2P1/2RQR1K1 b - - 0 14,28,1mx9SMqG,c8e6,255,40,h7h6,0.0203,0.016,0.013,0.0114,c8a6,c8a6,c8a6,c8a6,208.0,0.0203,-0.0089,True,club,03_disagreements_b3,1937,1981,1981,False,True,0,bishop,False,False,True,middlegame,True,False,False,False,False
r4rk1/p4pp1/bp3n2/q3p1B1/1b1nP3/2NB2RP/P5P1/2RQ2K1 b - - 0 18,36,1mx9SMqG,f6e8,246,17,f6h7,0.0101,0.0123,0.0182,0.0303,b4c3,b4c3,b4c3,b4c3,2239.0,0.0303,0.0202,True,club,03_disagreements_b3,1937,1981,1981,False,True,0,knight,False,False,True,middlegame,False,True,False,False,False
r4rk1/p6n/1p6/2bNp1B1/3nP3/2R3QP/q5PK/8 b - - 0 26,52,1mx9SMqG,d4f3,500,7,d4e2,0.0387,0.0374,0.0361,0.0376,d4e2,d4e2,h7g5,h7g5,584.0,0.0387,-0.0011,True,club,03_disagreements_b3,1937,1981,1981,False,True,6,knight,False,True,False,middlegame,True,False,False,False,False
5rk1/1r3pp1/b3pn1p/p1Npb3/2P1P3/PP2QB1P/5PPq/R1B1RK2 b - - 1 22,44,5dT97Wyc,b7b3,418,181,d5e4,0.0403,0.0258,0.0181,0.0155,e5a1,d5c4,d5c4,d5c4,288.0,0.0403,-0.0248,True,club,03_disagreements_b3,1867,1858,1858,False,True,0,rook,True,False,False,middlegame,True,False,False,False,False
2r3k1/1q3pp1/4p2p/p7/5B2/PP1Q3P/4KP2/R7 b - - 2 30,60,5dT97Wyc,e6e5,-274,66,b7b6,0.0361,0.0295,0.0305,0.036,g7g5,b7g2,b7g2,b7g2,137.0,0.0361,-0.0001,True,club,03_disagreements_b3,1867,1858,1858,False,True,7,pawn,False,False,True,endgame,True,False,True,False,False
r1bq1r2/pp1nppbk/3p1np1/2pP2Bp/2P1P2P/2N5/PP1QBPP1/2KR2NR b - - 4 10,20,Q8Bpv1rR,b7b5,140,94,d8a5,0.0032,0.003,0.0037,0.0088,d7e5,d7e5,d7e5,d7e5,148.0,0.0088,0.0056,True,club,03_disagreements_b3,1977,1967,1967,False,True,2,pawn,False,False,True,opening,True,False,True,False,False
r2qkbnr/ppp2pp1/2n1p3/4Pb1p/2BP4/2N1BP2/PP4PP/R2QK1NR b KQkq - 0 8,16,OSTkur9D,c6e5,123,120,c6e5,0.0005,0.0003,0.0005,0.001,f8b4,f8b4,f8b4,f8b4,160.0,0.001,0.0005,True,club,03_disagreements_b3,2200,2316,2316,True,False,3,knight,True,False,False,opening,True,False,False,False,False
4r1k1/1q1nppbp/2Bp1np1/1pp5/3P4/2P1P2P/1PQN1PPB/r2RN1K1 b - - 0 18,36,ECJCjczm,b7a7,256,82,b7a7,0.0118,0.007,0.0041,0.0045,a1d1,a1d1,a1d1,a1d1,211.0,0.0118,-0.0073,True,club,03_disagreements_b3,2241,2367,2367,True,False,2,queen,False,False,True,middlegame,False,False,False,False,False
8/6k1/p4r2/1p2R2p/5P2/6KP/PP6/8 b - - 1 34,68,q2GDLXud,f6c6,-47,3,g7h6,0.0063,0.0071,0.0104,0.0168,g7g6,g7g6,g7g6,g7g6,236.0,0.0168,0.0105,True,club,03_disagreements_b3,2005,2007,2007,False,True,5,rook,False,False,True,endgame,False,False,False,False,False
5Nk1/pp4pp/8/8/8/2P1q1PK/P1Pr3P/5R2 b - - 5 26,52,tNdJ0frF,e3g5,1993,5,e3h6,0.0015,0.001,0.0008,0.0008,e3h6,e3h6,e3h6,e3h6,1076.0,0.0015,-0.0007,True,club,03_disagreements_b3,1805,1850,1850,False,True,4,queen,False,False,True,endgame,False,True,False,False,False
r2q2k1/ppp1brpp/2n5/2P2p2/Q1BPp3/P6P/1P3PP1/R1B1R1K1 b - - 2 18,36,SunjBvoI,d8d7,-312,24,d8d4,0.01,0.0089,0.0061,0.0053,c6d4,c6d4,c6d4,c6d4,131.0,0.01,-0.0047,True,club,03_disagreements_b3,2393,2325,2325,False,True,6,queen,False,False,True,middlegame,True,False,False,False,False
Q7/p1p1b1pp/6k1/2P1np2/3qp3/P6P/1P3PP1/R1B1R1K1 b - - 0 22,44,SunjBvoI,d4a4,-544,34,e5d3,0.0005,0.0002,0.0001,0.0001,e7c5,e7c5,e5d3,e7c5,115.0,0.0005,-0.0004,True,club,03_disagreements_b3,2393,2325,2325,False,True,1,queen,False,False,True,middlegame,False,False,False,False,False
8/p1p1Q1pp/7k/2P2p2/3qp3/P2n3P/1P2RPP1/R5K1 b - - 2 26,52,SunjBvoI,g7g6,-604,30,h6h5,0.0153,0.017,0.0172,0.0169,d3f4,d3f4,d3f4,d3f4,153.0,0.0172,0.0016,True,club,03_disagreements_b3,2393,2325,2325,False,True,1,pawn,False,False,True,endgame,True,False,True,False,False
3rk1r1/ppp1b1qp/2p1b3/4P3/5R2/2PBB3/PP1RQ1PP/6K1 b - - 6 20,40,ABGY12fM,e6g4,-189,40,e6g4,0.0437,0.0409,0.0383,0.0351,e7g5,e7g5,e7g5,g7e5,106.0,0.0437,-0.0086,True,club,03_disagreements_b3,2301,2624,2624,True,False,5,bishop,False,False,True,middlegame,True,False,False,False,False
3rk1r1/ppp1b1qp/2p1b3/4P3/5R2/1PPBB3/P2R1QPP/6K1 b - - 0 22,44,ABGY12fM,d8d5,-159,6,d8d5,0.0227,0.0237,0.0262,0.0361,g7e5,g7e5,g7e5,g7e5,198.0,0.0361,0.0134,True,club,03_disagreements_b3,2301,2624,2624,True,False,5,rook,False,False,True,middlegame,True,False,False,False,False
6r1/pppQb2p/2p3k1/8/2P1q3/1P6/P4BPP/5RK1 b - - 5 34,68,ABGY12fM,e7b4,-132,61,e7b4,0.0161,0.0071,0.0033,0.0022,e7d6,e7d6,e7d6,e7d6,499.0,0.0161,-0.0139,True,club,03_disagreements_b3,2301,2624,2624,True,False,5,bishop,False,False,True,endgame,True,False,False,False,False
rnbq1rk1/pp1n1ppp/4p3/2PpP3/1b3P2/2NB1N2/PPP3PP/R1BQK2R b KQ - 0 8,16,ilUYqD6I,h7h6,-48,22,d7c5,0.0005,0.0004,0.0004,0.0006,d7c5,d7c5,d7c5,d7c5,127.0,0.0006,0.0001,True,club,03_disagreements_b3,1858,1913,1913,False,True,3,pawn,False,False,True,opening,True,False,True,False,False
r3k2r/1b5p/3p1nR1/pNqPp3/8/5N2/PPP1QPP1/2K4R b kq - 0 20,40,Q2TMna2s,h7g6,-227,200,e8f7,0.0469,0.0407,0.0438,0.0435,b7d5,b7d5,f6d5,f6d5,569.0,0.0469,-0.0034,True,club,03_disagreements_b3,2071,2029,2029,False,True,6,pawn,True,False,False,middlegame,True,False,True,False,False
r7/p2nk3/Ppp1pp2/3p3p/3P2r1/4P2R/1PP1Q1P1/6K1 b - - 1 26,52,96thBALU,f6f5,-74,97,f6f5,0.0495,0.034,0.0266,0.0267,a8g8,a8g8,a8g8,a8g8,113.0,0.0495,-0.0228,True,club,03_disagreements_b3,2066,2090,2090,True,False,5,pawn,False,False,True,endgame,True,False,True,False,False
2r3k1/3b3p/p2p2pQ/1p3pN1/1PqN4/P6P/5PP1/5RK1 b - - 1 32,64,6DsVrPwT,c4f7,-999,121,c4d4,0.019,0.0146,0.0091,0.0058,c4d4,c8c7,c8c7,c8c7,988.0,0.019,-0.0132,True,club,03_disagreements_b3,1889,1970,1970,False,True,1,queen,False,False,True,middlegame,False,True,False,False,False
2r2rk1/p1q2ppp/bpN1p3/n5B1/2N3Q1/P5P1/1P4BP/3R2K1 b - - 10 22,44,HGE6EjiU,f7f5,213,9,a5c6,0.0077,0.0118,0.0231,0.0472,a6c4,a5c6,a5c6,a5c6,130.0,0.0472,0.0395,True,club,03_disagreements_b3,2393,2229,2229,False,True,7,pawn,False,False,True,middlegame,True,False,True,False,False
r4q2/1pb3pk/p1p1Bnp1/2Pp2p1/1P1P4/P4PP1/6QP/4RNK1 b - - 3 24,48,tldm0a0b,f6g8,-36,54,f6g8,0.0197,0.0164,0.0137,0.0153,a8e8,a8e8,a8e8,a8e8,167.0,0.0197,-0.0044,True,club,03_disagreements_b3,2206,2017,2017,True,False,2,knight,False,False,True,middlegame,False,True,False,False,False
r4r2/p4ppk/1qp2b1p/2p1p3/4P1Q1/3PB2P/PPP3P1/1R3RK1 b - - 5 16,32,hgieoddz,f6g5,-227,31,a7a5,0.0362,0.0249,0.0126,0.0053,b6a5,a8d8,a8d8,a8d8,353.0,0.0362,-0.0309,True,club,03_disagreements_b3,1982,1943,1943,False,True,5,bishop,False,False,True,middlegame,True,False,False,False,False
1k5r/ppqnn1b1/2p3p1/3p4/4P1P1/1P3N1P/P1QN1PK1/2R2R2 b - - 0 22,44,SjpYK1eQ,d7f8,-160,37,d5d4,0.0036,0.0034,0.0034,0.0035,d5e4,d5e4,d7e5,d7e5,141.0,0.0036,-0.0001,True,club,03_disagreements_b3,2000,1896,1896,False,True,2,knight,False,False,True,middlegame,False,True,False,False,False
r5k1/4pr1p/p2p2p1/q1pRn3/4P3/2N5/PPP4Q/2K2B1R b - - 3 20,40,GLbSryz9,a8e8,-350,11,f7g7,0.0008,0.0008,0.0006,0.0005,a8f8,a8f8,a8f8,a8b8,149.0,0.0008,-0.0003,True,club,03_disagreements_b3,1931,1916,1916,False,True,7,rook,False,False,True,middlegame,False,False,False,False,False
r6k/4p1rp/p5p1/2p1Q3/1qB1P3/1PN5/P1P5/2K4R b - - 0 24,48,GLbSryz9,g6g5,-399,12,a6a5,0.0039,0.0018,0.0011,0.0011,b4a3,b4a3,b4a3,b4a3,506.0,0.0039,-0.0028,True,club,03_disagreements_b3,1931,1916,1916,False,True,1,pawn,False,False,True,middlegame,True,False,True,False,False
5r1r/1ppkn3/3p4/2bPpp1p/1PP1P2P/5NP1/3Q1P2/1R2K2R b K - 0 24,48,s1QDU4iY,c5f2,-509,76,c5b6,0.0162,0.0139,0.0108,0.008,c5b6,c5b6,c5b6,c5b6,108.0,0.0162,-0.0082,True,club,03_disagreements_b3,2069,2121,2121,False,True,1,bishop,True,True,False,middlegame,True,False,False,False,False
7r/2pkn3/2Pp4/4p2p/1P1bN2P/5rP1/2Q2P2/1R2K2R b K - 0 30,60,s1QDU4iY,d7e8,-535,41,e7c6,0.0099,0.0093,0.0089,0.0095,e7c6,e7c6,e7c6,e7c6,152.0,0.0099,-0.0004,True,club,03_disagreements_b3,2069,2121,2121,False,True,1,king,False,False,True,middlegame,False,True,False,True,False
1k1r2r1/ppq2pp1/3b3p/2pP3P/6n1/2B2NP1/PPQ2P2/1K1RR3 b - - 2 22,44,k7DA7u4q,g7g5,-94,24,g7g6,0.04,0.0292,0.018,0.011,g7g6,f7f6,f7f6,f7f6,120.0,0.04,-0.029,True,club,03_disagreements_b3,2089,2287,2287,False,True,2,pawn,False,False,True,middlegame,True,False,True,False,False
r2q1rk1/ppp2ppp/2n5/b2np3/1P2N1b1/P2P1N2/2P1BPPP/R1BQ1RK1 b - - 0 10,20,m26Gzhbm,f7f5,-2,131,a5b6,0.0008,0.0005,0.0007,0.0005,a5b6,a5b6,a5b6,a5b6,139.0,0.0008,-0.0003,True,club,03_disagreements_b3,1952,1947,1947,False,True,3,pawn,False,False,True,opening,True,False,True,False,False
r1bq3r/pp1n1kp1/2pBpn1p/8/2PP4/2NB4/PP4PP/R2Q1RK1 b - - 0 12,24,K69Cp0M8,h6h5,-446,41,d8b6,0.0188,0.0129,0.0076,0.0038,h8e8,h8e8,h8e8,h8e8,196.0,0.0188,-0.015,True,club,03_disagreements_b3,1993,2082,2082,False,True,1,pawn,False,False,True,opening,True,False,True,False,False
5rk1/p4r1p/1qp1b1p1/3pPn2/1P6/P1Q1PB1P/1B4P1/R3R1K1 b - - 1 26,52,o38CHKDM,h7h5,14,84,f5h4,0.0148,0.0111,0.0109,0.02,f5h4,f5h4,f5h4,f5h4,130.0,0.02,0.0052,True,club,03_disagreements_b3,1864,1902,1902,False,True,2,pawn,False,False,True,middlegame,True,False,True,False,False
r4br1/ppp1n1pk/7p/4p2Q/3p3N/3P2R1/qPPB1P1P/3KR3 b - - 1 18,36,nhlit2jv,g7g6,-39,66,a2b2,0.0402,0.0322,0.0248,0.0219,a2b1,a2b1,a2b1,a2b1,113.0,0.0402,-0.0183,True,club,03_disagreements_b3,1891,1962,1962,False,True,6,pawn,False,False,True,middlegame,True,False,True,False,False
r5k1/1p3pbp/pqb1p1p1/3rP3/2RNQP2/3P3P/1P1B2P1/1R4K1 b - - 0 24,48,JMI7NhUd,d5e5,321,121,d5b5,0.0021,0.0018,0.0015,0.0012,a8d8,a8d8,a8d8,a8d8,321.0,0.0021,-0.0009,True,club,03_disagreements_b3,1859,1864,1864,False,True,0,rook,True,False,False,middlegame,False,False,False,False,False
5rk1/p4ppp/2p4r/2Q1b2q/7P/2N3P1/PPP2P2/1R3RK1 b - - 0 22,44,93guioSq,e5c3,-43,102,h6g6,0.0172,0.0131,0.0105,0.0096,h6g6,h6g6,h6g6,h6g6,193.0,0.0172,-0.0076,True,club,03_disagreements_b3,1859,1948,1948,False,True,5,bishop,True,False,False,middlegame,True,False,False,False,False
r2k1r2/ppqn4/2p2p1Q/2Pp1Bp1/3P1P2/P5P1/1P3PP1/4RRK1 b - - 2 22,44,DThZueg9,c7c8,-814,5,f8f7,0.0061,0.0049,0.0043,0.0047,g5f4,g5f4,g5f4,g5f4,108.0,0.0061,-0.0014,True,club,03_disagreements_b3,1860,1860,1860,False,True,1,queen,False,False,True,middlegame,False,True,False,False,False
5r1k/1Q4p1/5q2/5b1p/2B1p3/4R1P1/PP3P1P/R5K1 b - - 0 28,56,n0McfYi2,f5e6,-436,25,f5c8,0.0289,0.0234,0.0166,0.0116,h5h4,h5h4,h5h4,h5h4,131.0,0.0289,-0.0173,True,club,03_disagreements_b3,2102,2064,2064,False,True,1,bishop,False,False,True,middlegame,False,True,False,False,False
r1bq1rk1/pp2b1p1/1n2p2p/2ppP3/3P4/3B1N1Q/PPP1N1PP/2KR1R2 b - - 3 16,32,cG8jqCaM,b6a4,-52,35,c5d4,0.0299,0.0133,0.0074,0.007,c5d4,c5d4,c5d4,c5d4,191.0,0.0299,-0.0229,True,club,03_disagreements_b3,1995,1916,1916,False,True,2,knight,False,False,True,middlegame,True,False,False,False,False
r1bq1rk1/pp4p1/1n2N1Bp/3pP1b1/8/5N1Q/PPP3PP/1K1R1R2 b - - 0 20,40,cG8jqCaM,g5e3,-376,67,d8e7,0.0007,0.0004,0.0003,0.0004,c8e6,c8e6,c8e6,c8e6,192.0,0.0007,-0.0003,True,club,03_disagreements_b3,1995,1916,1916,False,True,6,bishop,False,False,True,middlegame,True,False,False,False,False
1r6/2q1k2p/1rp2p2/p1Npp1p1/3P2B1/2P3P1/PP2QK2/1R6 b - - 5 26,52,1jziXlrp,h7h5,-214,101,b8f8,0.0103,0.0046,0.0027,0.0023,e5e4,e5e4,e5e4,e5e4,123.0,0.0103,-0.008,True,club,03_disagreements_b3,1817,1867,1867,False,True,7,pawn,False,False,True,middlegame,True,False,True,False,False
r7/pp1b3k/2p5/5p2/3P2r1/7K/PPP1R2P/4R3 b - - 3 30,60,9xs3yPxn,a8h8,1996,1192,a8g8,0.0304,0.0295,0.029,0.0305,g4d4,g4g7,g4g7,g4g7,1506.0,0.0305,0.0001,True,club,03_disagreements_b3,2219,2199,2199,False,True,4,rook,False,False,True,endgame,False,False,False,False,False
r1b2r2/pp2qpbk/4pnpp/3pN3/3P1P2/2RBQNP1/P4P1P/2R3K1 b - - 3 22,44,1z73mujg,h7g8,-233,12,c8d7,0.0208,0.0158,0.0149,0.0152,c8d7,f6d7,f6e8,f6e8,219.0,0.0208,-0.0056,True,club,03_disagreements_b3,2001,2025,2025,False,True,2,king,False,False,True,middlegame,False,True,False,True,False
r5k1/5ppp/3Np3/4P1b1/1R1Q4/7P/1P3PPK/2q5 b - - 3 30,60,6pcQgm2b,c1d2,-129,11,h7h6,0.0219,0.025,0.0316,0.0417,g5f4,g5f4,g5f4,g5f4,485.0,0.0417,0.0198,True,club,03_disagreements_b3,2004,1934,1934,False,True,5,queen,False,False,True,endgame,False,True,False,False,False
r5k1/5pp1/3Np2p/4P1b1/1PRQ4/7P/5PPK/5q2 b - - 0 32,64,6pcQgm2b,f1e1,-201,30,a8a1,0.0116,0.0122,0.0111,0.0072,a8a2,a8a1,a8a1,a8a1,226.0,0.0122,-0.0044,True,club,03_disagreements_b3,2004,1934,1934,False,True,5,queen,False,False,True,endgame,False,False,False,False,False
5rk1/1pp3pp/1p6/8/1Qp5/7P/P4qP1/4Rn1K b - - 20 34,68,jF0tyCpj,f2f4,925,4,f1g3,0.0217,0.023,0.0241,0.0254,f1g3,f1g3,f1e3,f1e3,264.0,0.0254,0.0037,True,club,03_disagreements_b3,1894,1871,1871,False,True,4,queen,False,False,True,endgame,False,True,False,False,False
r5k1/1p4pp/p5p1/3p2q1/7b/P1P1Q1PP/1P1P1n1K/RNB5 b - - 1 22,44,Fzfkm7Wp,a8f8,427,28,g5e3,0.0144,0.0097,0.0074,0.0064,h4g3,h4g3,h4g3,h4g3,101.0,0.0144,-0.008,True,club,03_disagreements_b3,1843,1848,1848,False,True,0,rook,False,False,True,middlegame,False,False,False,False,False
r1bq1rk1/1pp1npbp/p1n1p1p1/P3P3/2BP4/2N2N2/1P3PPP/R1BQ1RK1 b - - 0 10,20,anWV9hgG,h7h6,-67,10,f7f6,0.0084,0.0067,0.0071,0.0141,b7b5,e7f5,e7f5,e7f5,110.0,0.0141,0.0057,True,club,03_disagreements_b3,1807,1817,1817,False,True,3,pawn,False,False,True,opening,True,False,True,False,False
1r6/R5bk/p1pN2pp/P2n4/1P1p4/8/3B1PPP/6K1 b - - 6 30,60,anWV9hgG,c6c5,139,150,d5b4,0.0114,0.0063,0.0046,0.0045,d5b4,d5b4,d5b4,d5b4,152.0,0.0114,-0.0069,True,club,03_disagreements_b3,1807,1817,1817,False,True,5,pawn,False,False,True,endgame,True,False,True,False,False
r1b2rk1/p3qpbp/4pnp1/1N1p4/8/1P2P3/PB2BPPP/2RQ1RK1 b - - 3 14,28,op1BGyDV,f8d8,-95,60,f8d8,0.009,0.0101,0.0131,0.016,c8a6,c8a6,c8a6,c8a6,135.0,0.016,0.007,True,club,03_disagreements_b3,2195,2195,2195,True,False,3,rook,False,False,True,middlegame,False,False,False,False,False
1k1r1br1/ppp1np2/2np1q1p/4p3/2BPP3/2P1BN2/PP3PP1/R2Q1RK1 b - - 0 18,36,MZO7ZcZ6,d6d5,124,44,f6g6,0.0443,0.0342,0.029,0.0321,f6g6,f6g6,f6g6,e7g6,169.0,0.0443,-0.0122,True,club,03_disagreements_b3,1933,1976,1976,False,True,2,pawn,False,False,True,middlegame,True,False,True,False,False
r4rk1/3q2pp/1pn1p2n/p2pP1P1/3P2P1/P2QB1N1/1P4K1/2R4R b - - 0 24,48,HrzjOROk,c6d4,-419,9,h6g4,0.0005,0.0004,0.0004,0.0004,h6g4,h6g4,h6g4,h6g4,151.0,0.0005,-0.0001,True,club,03_disagreements_b3,2195,2075,2075,False,True,6,knight,True,False,False,middlegame,True,False,False,False,False
r1b2rk1/pppp1ppp/8/3QP2q/8/1Bb2N2/P1P3PP/1RB2RK1 b - - 5 14,28,VmSsYe8B,a7a5,-457,0,d7d6,0.0061,0.0084,0.0132,0.0193,c7c6,c7c6,c7c6,c7c6,105.0,0.0193,0.0132,True,club,03_disagreements_b3,1890,1888,1888,False,True,1,pawn,False,False,True,middlegame,True,False,True,False,False
3r1rk1/pp3ppp/2b2n2/2n2q2/4pB2/P1N1PP2/1PQ1B1PP/R2R2K1 b - - 0 20,40,QqnsnEBU,a7a5,-46,5,c5d3,0.0071,0.0046,0.0026,0.0021,d8d1,c5d3,c5d3,c5d3,399.0,0.0071,-0.005,True,club,03_disagreements_b3,1928,1886,1886,False,True,2,pawn,False,False,True,middlegame,True,False,True,False,False
r2q1rk1/ppp2ppp/1b3n2/5b2/2PN4/6P1/PB3PBP/RN1Q1RK1 b - - 0 12,24,iNvLUiEl,f5e4,-309,61,b6d4,0.0271,0.0266,0.0282,0.0362,b6d4,b6d4,b6d4,b6d4,134.0,0.0362,0.0091,True,club,03_disagreements_b3,1866,1846,1846,False,True,7,bishop,False,False,True,opening,True,False,False,False,False
6k1/pR3p1p/2p3p1/8/7P/2q3P1/P3rPQ1/5RK1 b - - 0 28,56,iNvLUiEl,h7h5,-481,5,e2a2,0.0091,0.0055,0.0037,0.0046,e2a2,e2a2,e2a2,e2a2,125.0,0.0091,-0.0045,True,club,03_disagreements_b3,1866,1846,1846,False,True,1,pawn,False,False,True,endgame,True,False,True,False,False
r1bqk2r/pp1p1ppp/5n2/4p3/1PBnP3/P1N1B3/5PPP/R2QK2R b KQkq - 1 10,20,H0T7Hd9S,a7a5,-45,23,d8c7,0.003,0.0015,0.0006,0.0001,d4c6,d4c6,d4c6,d4c6,141.0,0.003,-0.0029,True,club,03_disagreements_b3,2031,1918,1918,False,True,3,pawn,False,False,True,opening,True,False,True,False,False
1k1rr3/1p4pp/p2p1p1n/3R4/3P4/2N5/PPP2PPP/R4K2 b - - 1 20,40,MkhphjpE,g7g6,-169,52,b8c7,0.0214,0.0222,0.0242,0.0209,h6g4,h6g4,h6g4,h6g4,151.0,0.0242,-0.0005,True,club,03_disagreements_b3,2280,2191,2191,False,True,5,pawn,False,False,True,endgame,True,False,True,False,False
r2qr1k1/1pp1b1pp/2np1p2/6P1/p3PP1P/P1P2Q2/1P1N4/2KR1B1R b - - 0 18,36,BwuTsqLO,g8h8,-279,7,d8d7,0.0057,0.0085,0.0128,0.0299,f6g5,f6g5,f6g5,f6g5,161.0,0.0299,0.0242,True,club,03_disagreements_b3,1951,1907,1907,False,True,6,king,False,False,True,middlegame,False,False,False,True,False
r4r1k/ppp3pp/2b2q2/3B4/8/PN2P3/5PPK/R2Q1R2 b - - 0 20,40,5Y5rjJ2H,f6d6,126,22,f6e5,0.0386,0.0235,0.0139,0.0089,c6d5,f6h4,f6h4,a8d8,126.0,0.0386,-0.0297,True,club,03_disagreements_b3,1804,1801,1801,False,True,0,queen,False,True,False,middlegame,False,False,False,False,False
r1b1k2N/pppp2pp/8/4p3/2qn4/6P1/PPPP2K1/RNBQ3R b q - 2 12,24,Bbtr6bAL,b7b5,-240,36,c4d5,0.0025,0.0017,0.0016,0.0016,c4d5,c4d5,c4d5,c4d5,154.0,0.0025,-0.0009,True,club,03_disagreements_b3,2011,2012,2012,False,True,7,pawn,False,False,True,opening,True,False,True,False,False
r1bqk2r/pppnbppp/4pn2/6B1/3P4/2NB1N2/PPP3PP/R2Q1RK1 b kq - 3 8,16,GpoXBZx1,c7c5,46,36,e8g8,0.0476,0.041,0.0274,0.029,e8g8,e8g8,e8g8,e8g8,105.0,0.0476,-0.0186,True,club,03_disagreements_b3,2004,2073,2073,False,True,3,pawn,False,False,True,opening,True,False,True,False,False
r2q1rbk/pp6/2p4p/2b3pQ/3nP3/3PB1PN/PP3PBP/R4RK1 b - - 1 20,40,KMpkHV9C,h8g7,-358,104,h8g7,0.029,0.0311,0.0333,0.0457,d8f6,d8f6,d8f6,d8f6,140.0,0.0457,0.0167,True,club,03_disagreements_b3,1932,1960,1960,True,False,6,king,False,False,True,middlegame,True,False,False,True,False
4r1k1/2pq2pp/3p1p2/p2P1N2/6Q1/8/PPP1r1PP/3K1R2 b - - 1 24,48,J7xUEJtB,g8h8,454,70,d7b5,0.0077,0.0122,0.0196,0.0277,e2e4,e2e4,e2e4,e2e4,1059.0,0.0277,0.02,True,club,03_disagreements_b3,1936,2004,2004,False,True,0,king,False,False,True,endgame,False,False,False,True,False
r2qnrk1/2p1n1b1/1p1pP2p/pP2pp2/P1P5/2N5/2B2PPP/R1BQ1RK1 b - - 0 16,32,9gJZwlq4,c7c6,-210,11,d8c8,0.0338,0.0259,0.0147,0.0089,f8f6,f8f6,d8c8,d8c8,124.0,0.0338,-0.0249,True,club,03_disagreements_b3,2127,2189,2189,False,True,2,pawn,False,False,True,middlegame,True,False,True,False,False
r3kbnr/1bp2ppp/p2p4/1p6/3Nq3/1B6/PPP1QPPP/RNB1K2R b KQkq - 1 10,20,d6KXPJiG,c7c5,-188,115,e4e2,0.009,0.0046,0.0052,0.0084,e4e2,e4e2,e4e2,e4e2,138.0,0.009,-0.0006,True,club,03_disagreements_b3,2061,1945,1945,False,True,7,pawn,False,False,True,opening,True,False,True,False,False
r3kbnr/2p2ppp/p2p4/1p6/3N4/1B6/PPP1KPbP/RNB1R3 b kq - 1 12,24,d6KXPJiG,c7c5,-204,101,g8f6,0.0463,0.0294,0.0342,0.0435,e8c8,e8c8,e8c8,e8c8,128.0,0.0463,-0.0028,True,club,03_disagreements_b3,2061,1945,1945,False,True,7,pawn,False,False,True,opening,True,False,True,False,False
5r2/5rpp/p1kp4/1p3n2/1B3P2/P1N5/1PPR1K1P/R7 b - - 2 26,52,d6KXPJiG,a6a5,-395,4,f8e8,0.0076,0.0049,0.0043,0.0052,f5h4,f5h4,f5h4,f5h4,107.0,0.0076,-0.0024,True,club,03_disagreements_b3,2061,1945,1945,False,True,1,pawn,False,False,True,middlegame,True,False,True,False,False
4r1k1/1r4pp/5p2/p2p1P2/3N4/2P1P2P/qP1QRKP1/8 b - - 2 28,56,xFNBJeBY,a2b1,192,39,a5a4,0.0163,0.0193,0.0226,0.0231,e8b8,e8b8,e8b8,e8b8,143.0,0.0231,0.0068,True,club,03_disagreements_b3,1982,2075,2075,False,True,0,queen,False,False,True,endgame,True,False,False,False,False
r2qk1nr/2p3pp/p1pbb3/3pN3/8/2P1P1B1/PP3PPP/RN1QK2R b KQkq - 0 10,20,xpyYP5Hc,d8b8,-151,5,e6d7,0.0115,0.0075,0.0055,0.0048,d6e5,d6e5,d6e5,d6e5,106.0,0.0115,-0.0067,True,club,03_disagreements_b3,1829,1917,1917,False,True,3,queen,False,False,True,opening,False,False,False,False,False
r3kb1r/pQ4p1/2p4q/3p4/4p1p1/2P1PnP1/PP3P1P/R1BR1N1K b kq - 2 20,40,CDoAGftu,h6h2,1998,1091,h6h2,0.0072,0.0052,0.0033,0.0029,f3h2,f3h2,f3h2,f3h2,1025.0,0.0072,-0.0043,True,club,03_disagreements_b3,1935,1990,1990,True,False,4,queen,True,True,False,middlegame,True,False,False,False,False
3r2k1/4q2p/bp2p1N1/p1r2p2/2P2P2/PP3PR1/7P/4Q1RK b - - 0 26,52,eaT5pOur,e7f6,-867,163,h7g6,0.0317,0.0222,0.0123,0.0075,h7g6,h7g6,h7g6,h7g6,177.0,0.0317,-0.0242,True,club,03_disagreements_b3,2055,2075,2075,False,True,1,queen,False,False,True,middlegame,True,False,False,False,False
r2qk1r1/ppp2p2/2npbp1p/2b1p3/2B1P1PB/3P3P/PPP2P2/R2QK1NR b KQq - 0 10,20,S0xxX2hc,d6d5,15,3,g8g6,0.0297,0.014,0.009,0.0085,e6c4,e6c4,e6c4,e6c4,104.0,0.0297,-0.0212,True,club,03_disagreements_b3,1861,1842,1842,False,True,2,pawn,False,False,True,opening,True,False,True,False,False
4r3/pkp2r2/1b3N2/2P1B2p/1P1P4/P6P/6PK/5R2 b - - 0 34,68,bZrxtBgt,h5h4,-496,8,c7c6,0.0313,0.0225,0.0178,0.0162,e8f8,e8e5,e8e5,e8e5,151.0,0.0313,-0.0151,True,club,03_disagreements_b3,1987,1978,1978,False,True,1,pawn,False,False,True,endgame,True,False,True,False,False
1k1r3r/ppq1n1p1/3bppp1/PP1p1n2/Q2P4/2P2N1P/4NPP1/R1B2RK1 b - - 0 18,36,lf2kU2aO,c7d7,0,12,c7c4,0.0416,0.0458,0.0445,0.04,g6g5,g6g5,g6g5,c7c4,111.0,0.0458,-0.0016,True,club,03_disagreements_b3,1956,2104,2104,False,True,2,queen,False,False,True,middlegame,False,False,False,False,False
3B2k1/1p3p2/2bNpP1p/7q/3P1Qp1/8/4B2P/5RK1 b - - 2 32,64,0IzSpajq,c6d5,-807,3,h5h3,0.0094,0.0081,0.0092,0.0127,h5d5,h5d5,h5d5,h5d5,1176.0,0.0127,0.0033,True,club,03_disagreements_b3,1856,1933,1933,False,True,1,bishop,False,False,True,middlegame,True,False,False,False,False
4r2r/bp1k1pp1/p1p5/7p/1P2PP1P/2P1N3/P1B5/R1B2K2 b - - 1 24,48,7DREC9vv,h8h6,-380,16,a7b8,0.0488,0.0355,0.0307,0.0334,a7e3,a7e3,g7g6,a7e3,115.0,0.0488,-0.0154,True,club,03_disagreements_b3,1809,1856,1856,False,True,1,rook,False,False,True,middlegame,True,False,False,False,False
1b2r2r/1k3pp1/pNp5/7p/PP2PP1P/2P1B3/2B5/R4K2 b - - 0 28,56,7DREC9vv,b8f4,-440,44,f7f5,0.0039,0.0027,0.0019,0.0013,b8c7,b8c7,f7f5,f7f5,118.0,0.0039,-0.0026,True,club,03_disagreements_b3,1809,1856,1856,False,True,1,bishop,True,False,False,middlegame,True,False,False,False,False
2kr3r/ppp4p/8/2b3p1/4pp2/1PP3Pb/P3PPNP/R1B1R1K1 b - - 1 18,36,RtpJGagv,d8f8,383,42,d8f8,0.0071,0.0074,0.0094,0.0125,f4g3,f4g3,f4g3,f4g3,294.0,0.0125,0.0054,True,club,03_disagreements_b3,2125,2185,2185,True,False,0,rook,False,False,True,middlegame,False,False,False,False,False
7k/1pq3p1/p2r3p/5Q2/P4P2/7P/1PP2P1K/4R3 b - - 4 32,64,vAEAv2jD,c7c6,-197,102,c7d8,0.0069,0.0063,0.0065,0.0072,d6f6,d6f6,d6f6,d6d8,109.0,0.0072,0.0003,True,club,03_disagreements_b3,1884,1882,1882,False,True,5,queen,False,False,True,endgame,True,False,False,False,False
rk2q1nr/1pp1b1p1/p1n1Q2p/4P2P/8/2N2N2/PP3PP1/R1BR2K1 b - - 0 16,32,My9oGifM,a6a5,-402,0,c6d8,0.0042,0.0016,0.0007,0.0005,b8a7,b8a7,b8a7,b8a7,186.0,0.0042,-0.0037,True,club,03_disagreements_b3,2020,1873,1873,False,True,6,pawn,False,False,True,middlegame,True,False,True,False,False
r6r/1kpQ4/p1p4p/4P1pP/3N4/3RP3/qP4P1/3R2K1 b - - 1 28,56,My9oGifM,a8b8,-955,62,a8c8,0.0022,0.0018,0.0016,0.0019,a2b2,a2b2,a2b2,a2b2,1037.0,0.0022,-0.0003,True,club,03_disagreements_b3,2020,1873,1873,False,True,1,rook,False,False,True,middlegame,False,False,False,False,False
5rk1/pb6/2pb1q2/n3pP2/8/2NP1Q2/PPP2P1P/R3K2R b KQ - 0 18,36,JQczBjX8,f6g6,-426,47,f6f5,0.0004,0.0004,0.0004,0.0004,f6f5,f6f5,f6f5,f6f5,143.0,0.0004,0.0,True,club,03_disagreements_b3,2309,2127,2127,False,True,6,queen,False,False,True,middlegame,False,False,False,False,False
5r2/pb5k/2pb4/n3pq2/8/2NP2Q1/PPP2P1P/R3K1R1 b Q - 3 20,40,JQczBjX8,f5f2,-600,143,f8f7,0.008,0.0062,0.0043,0.0029,f8f7,f8f7,f8f7,f8f7,1398.0,0.008,-0.0051,True,club,03_disagreements_b3,2309,2127,2127,False,True,6,queen,True,True,False,middlegame,True,False,False,False,False
rn1q1rk1/pp2bpp1/2p2n1p/3p1b2/3P4/2N2PP1/PP1NP1BP/R1BQ1RK1 b - - 0 10,20,ihJ8SX65,c6c5,86,13,f8e8,0.0423,0.0242,0.0102,0.0074,b8d7,b8d7,b8d7,b8d7,108.0,0.0423,-0.0349,True,club,03_disagreements_b3,1884,1990,1990,False,True,3,pawn,False,False,True,opening,True,False,True,False,False
3r1b1k/1q4pp/4Q3/8/3BRP2/2P4P/6PK/8 b - - 0 30,60,oUo14ZzZ,d8d7,-409,2,d8a8,0.0247,0.0244,0.0212,0.0175,h7h6,h7h6,h7h6,b7c7,211.0,0.0247,-0.0072,True,club,03_disagreements_b3,2192,2166,2166,False,True,5,rook,False,False,True,endgame,True,False,False,False,False
r2qkbnr/1pp1p1p1/p5pp/3Pp3/2Bn2P1/2N1B2P/PPP2P2/R2QK2R b KQkq - 2 12,24,tEBipJ6K,e7e6,-196,10,c7c5,0.0455,0.0253,0.0125,0.0093,b7b5,b7b5,b7b5,b7b5,158.0,0.0455,-0.0362,True,club,03_disagreements_b3,1870,1874,1874,False,True,6,pawn,False,False,True,opening,True,False,True,False,False
r3kb1r/4p1p1/p4qpp/3Pp3/2Qn2P1/4B2P/PPP2P2/2KR1R2 b kq - 0 20,40,tEBipJ6K,g6g5,-123,68,d4b5,0.0325,0.0271,0.0208,0.0171,d4b5,d4b5,d4b5,d4b5,259.0,0.0325,-0.0154,True,club,03_disagreements_b3,1870,1874,1874,False,True,6,pawn,False,False,True,middlegame,True,False,True,False,False
1R6/2p3kp/2b3p1/2Pp4/5P2/2n1PPKP/8/8 b - - 0 28,56,Eqk7bSjU,d5d4,91,81,g7h6,0.0086,0.0059,0.0049,0.0057,c3e2,c3e2,c3e2,c3d1,142.0,0.0086,-0.0029,True,club,03_disagreements_b3,2063,2031,2031,False,True,5,pawn,False,False,True,endgame,True,False,True,False,False
4rk1r/4bqp1/Q3b2p/1p6/5P2/B1P5/P5PP/RN3R1K b - - 0 24,48,pTYo2tJT,b5b4,228,252,f8g8,0.0333,0.0188,0.0116,0.009,e7a3,e7a3,e7a3,e7a3,398.0,0.0333,-0.0243,True,club,03_disagreements_b3,1967,1827,1827,False,True,5,pawn,False,False,True,middlegame,True,False,True,False,False
4r1k1/4r1p1/7p/5Q2/3R3N/2P3qP/P3b1P1/R6K b - - 6 34,68,pTYo2tJT,e2h5,338,275,e7f7,0.0136,0.0206,0.0222,0.0219,g3c3,g3c3,g3c3,g3c3,338.0,0.0222,0.0083,True,club,03_disagreements_b3,1967,1827,1827,False,True,5,bishop,False,False,True,middlegame,False,True,False,False,False
r2qk1nr/1b4pp/p1nb1p2/1p2pP2/3pN1P1/PQ1P1N2/1P1BP1BP/2R1K2R b Kkq - 2 14,28,fU1Rwbwm,d8d7,-265,31,d6c7,0.0415,0.037,0.0339,0.0354,g8e7,g8e7,g8e7,g8e7,373.0,0.0415,-0.0061,True,club,03_disagreements_b3,1875,1831,1831,False,True,6,queen,False,False,True,middlegame,True,False,False,False,False
1r3r1k/p3n1pp/3b4/8/2BPQ1b1/6Pq/PPP2P1P/R1B1R1K1 b - - 4 20,40,GicASe92,f8f2,546,239,g4f3,0.0179,0.0096,0.0067,0.0072,g4f3,g4f3,g4f3,g4f3,229.0,0.0179,-0.0107,True,club,03_disagreements_b3,1968,2020,2020,False,True,0,rook,True,False,False,middlegame,True,False,False,False,False
1b3r1k/p5pp/2q5/3n3r/3B4/2PB1bP1/PP3P1P/R3RQK1 b - - 1 32,64,GicASe92,h5h2,521,156,c6h6,0.0176,0.02,0.0205,0.0202,c6h6,c6h6,c6h6,c6h6,319.0,0.0205,0.0026,True,club,03_disagreements_b3,1968,2020,2020,False,True,4,rook,True,False,False,middlegame,True,False,False,False,False
r1b1r1k1/ppp2p2/3p1qp1/7p/1nPN2P1/R1Q5/1P2PPP1/4KB1R b K - 3 18,36,CipMfmIs,f6d4,381,32,f6d4,0.0021,0.002,0.002,0.0024,c7c5,c7c5,c7c5,c7c5,275.0,0.0024,0.0003,True,club,03_disagreements_b3,1940,1804,1804,True,False,0,queen,True,False,False,middlegame,True,False,False,False,False
b1r3k1/4Qp1p/p3p1p1/3r4/BB1b4/8/5PPP/3R1RK1 b - - 7 26,52,S8aYciER,h7h6,-691,13,g8g7,0.0024,0.0018,0.0019,0.0027,c8c4,c8d8,c8d8,c8d8,440.0,0.0027,0.0003,True,club,03_disagreements_b3,1966,2075,2075,False,True,1,pawn,False,False,True,middlegame,True,False,True,False,False
r5k1/1bpn1pb1/1p1p2pp/3P4/1PP1P3/2q2N1P/2B2PP1/R1QR2K1 b - - 0 32,64,ni1mMjtN,c3a1,445,94,a8a1,0.015,0.0123,0.0092,0.0073,a8a1,a8a1,a8a1,a8a1,115.0,0.015,-0.0077,True,club,03_disagreements_b3,1861,1909,1909,False,True,0,queen,True,False,False,middlegame,True,False,False,False,False
2k1rr2/3b4/2pq1p2/p2p3p/Pp1P2pP/1B2b3/1PP3P1/1KNR1Q1R b - - 5 28,56,O2LPNC19,c8b8,289,3,c8b7,0.0031,0.0043,0.005,0.0063,f6f5,f6f5,f6f5,e8e4,198.0,0.0063,0.0032,True,club,03_disagreements_b3,2448,2439,2439,False,True,0,king,False,False,True,middlegame,False,False,False,True,False
4rr2/1kq5/2b2p2/p6R/Pp4pP/1B1Qb3/1PP3P1/1K5R b - - 0 34,68,O2LPNC19,e8e7,270,11,e3b6,0.0039,0.0047,0.0061,0.0081,c6g2,c6g2,c6g2,c6g2,251.0,0.0081,0.0042,True,club,03_disagreements_b3,2448,2439,2439,False,True,0,rook,False,False,True,middlegame,True,False,False,False,False
r2qkb1r/pp1b1ppp/5n2/nB1Pp1N1/Q7/2N5/PP3PPP/R1B1K2R b KQkq - 4 10,20,SirYhv3C,a8c8,-88,40,d7b5,0.0135,0.0093,0.0102,0.0181,d7b5,d7b5,d7b5,f8e7,149.0,0.0181,0.0046,True,club,03_disagreements_b3,1880,1807,1807,False,True,3,rook,False,False,True,opening,False,False,False,False,False
r2qkb1r/pp1n1ppp/8/nQ1Pp1N1/1P6/2N5/P4PPP/R1B1K2R b KQkq - 0 12,24,SirYhv3C,d8c8,-56,3,d8c7,0.0025,0.0011,0.0007,0.0008,a7a6,a7a6,a7a6,a7a6,312.0,0.0025,-0.0017,True,club,03_disagreements_b3,1880,1807,1807,False,True,6,queen,False,False,True,opening,False,False,False,False,False
r3k2r/3n1ppp/pq6/3Pp3/Q7/2b5/P2N1PPP/1R3RK1 b kq - 1 20,40,SirYhv3C,b6g6,121,16,b6d6,0.0234,0.0155,0.0101,0.0074,b6d6,b6d6,b6d6,b6d6,154.0,0.0234,-0.016,True,club,03_disagreements_b3,1880,1807,1807,False,True,0,queen,False,False,True,middlegame,False,False,False,False,False
r5kr/1R3Np1/pn2q2p/4p3/3b4/Q7/P4PPP/3R2K1 b - - 0 28,56,SirYhv3C,b6d5,308,26,b6c4,0.0182,0.0181,0.0208,0.031,e6f7,e6f7,e6f7,e6f7,308.0,0.031,0.0128,True,club,03_disagreements_b3,1880,1807,1807,False,True,0,knight,False,False,True,middlegame,True,False,False,False,False
r4r1k/1b2B1p1/p1qp3p/1ppn4/5p1P/P2P1R2/BPP2QP1/4R2K b - - 1 24,48,C6QXwuOr,f8f5,269,4,a8e8,0.0438,0.0342,0.0296,0.0356,d5e7,d5e7,d5e7,d5e7,171.0,0.0438,-0.0082,True,club,03_disagreements_b3,2185,2259,2259,False,True,0,rook,False,False,True,middlegame,True,False,False,False,False
5r1k/1b4p1/p1qp3p/1ppn4/5p1P/P2P1R2/BPP1Q1P1/4R2K b - - 1 26,52,C6QXwuOr,c6c8,-40,56,d5e3,0.0076,0.0052,0.0034,0.0022,d5e3,d5e3,d5e3,d5e3,174.0,0.0076,-0.0054,True,club,03_disagreements_b3,2185,2259,2259,False,True,0,queen,False,False,True,middlegame,False,True,False,False,False
7k/1b4p1/p1qp3p/1pp2r1P/5p2/P2PnR2/BPP1Q1P1/4R1K1 b - - 2 28,56,C6QXwuOr,c5c4,390,114,f5g5,0.0208,0.0133,0.0108,0.0118,f5h5,f5h5,f5h5,f5h5,725.0,0.0208,-0.009,True,club,03_disagreements_b3,2185,2259,2259,False,True,0,pawn,False,False,True,middlegame,True,False,True,False,False
3q2k1/pp3ppp/5n2/1P1p2r1/P1r5/4P1NP/3B1P2/R2Q1RK1 b - - 2 20,40,TsQNYHDh,d8c8,0,0,f6h5,0.0078,0.005,0.0037,0.0036,c4h4,c4h4,c4h4,c4h4,161.0,0.0078,-0.0042,True,club,03_disagreements_b3,1959,2007,2007,False,True,7,queen,False,False,True,middlegame,False,False,False,False,False
r3k2r/pp2b1pp/2p2p2/q7/3Pp3/P3P1B1/1P3PPP/2RQ1RK1 b kq - 2 16,32,OUFjMwrJ,a5d5,-27,97,e8g8,0.0205,0.0282,0.0328,0.049,e8g8,e8g8,e8g8,e8g8,381.0,0.049,0.0285,True,club,03_disagreements_b3,1931,1848,1848,False,True,5,queen,False,False,True,middlegame,False,False,False,False,False
r3rb2/1b3p1k/p3q2p/np2p1PN/4R1P1/2P2Q2/PP3PN1/R1B3K1 b - - 4 26,52,g5WFmMFS,f8e7,27,17,e8e7,0.0209,0.0191,0.019,0.0243,b7e4,b7e4,b7e4,b7e4,320.0,0.0243,0.0034,True,club,03_disagreements_b3,2138,2084,2084,False,True,6,bishop,False,False,True,middlegame,True,False,False,False,False
r4b1k/1b2rp2/p3qN1p/np2p1P1/4R1PN/2P2Q2/PP3P2/R1B3K1 b - - 8 28,56,g5WFmMFS,a8d8,-172,83,a5c4,0.0226,0.016,0.0165,0.0284,b7e4,b7e4,b7e4,b7e4,563.0,0.0284,0.0058,True,club,03_disagreements_b3,2138,2084,2084,False,True,6,rook,False,False,True,middlegame,False,False,False,False,False
2kr1b1r/ppp1pppp/2n1qn2/8/Q7/P1N1BN2/1P2BPPP/R3R1K1 b - - 11 16,32,fSE0dJ8h,e6g4,-570,25,f6g4,0.0119,0.0077,0.0045,0.0021,a7a6,a7a6,a7a6,a7a6,112.0,0.0119,-0.0098,True,club,03_disagreements_b3,2090,2014,2014,False,True,1,queen,False,False,True,middlegame,True,False,False,False,False
r2qk2r/pp1n1ppp/2p1pnb1/3p4/3P4/3BP1B1/PPPN1PPP/R2QK2R b KQkq - 2 10,20,uMfoevQ8,c6c5,7,7,d8e7,0.0166,0.0138,0.0166,0.022,f6e4,f6e4,f6e4,f6e4,111.0,0.022,0.0054,True,club,03_disagreements_b3,1959,1974,1974,False,True,3,pawn,False,False,True,opening,True,False,True,False,False
2kq2rr/pp3p2/2p1pn2/2PpB1pp/1P1Pb3/3BP3/P4PPP/R2Q1RK1 b - - 0 18,36,uMfoevQ8,f6g4,-299,14,g5g4,0.0367,0.0212,0.0156,0.0097,h8h6,h8h6,h8h6,h8h6,118.0,0.0367,-0.027,True,club,03_disagreements_b3,1959,1974,1974,False,True,6,knight,False,False,True,middlegame,True,False,False,False,False
r2q1rk1/5ppp/2ppb3/p1p1n3/N1P1P3/1P3P2/PQ2B1PP/2R2RK1 b - - 2 20,40,JtUDJS8K,g7g5,-63,37,f7f5,0.0073,0.0035,0.0023,0.003,a8b8,a8b8,d8g5,a8b8,255.0,0.0073,-0.0043,True,club,03_disagreements_b3,2014,1956,1956,False,True,2,pawn,False,False,True,middlegame,True,False,True,False,False
4r1k1/6pp/2pRb3/p1p1nr2/N1P4q/1P3PP1/PQ2B2P/5RK1 b - - 0 24,48,JtUDJS8K,f5g5,-110,108,h4h3,0.009,0.0085,0.0071,0.0052,h4h3,h4h3,h4h3,h4h3,154.0,0.009,-0.0038,True,club,03_disagreements_b3,2014,1956,1956,False,True,5,rook,False,False,True,middlegame,False,False,False,False,False
2b3B1/1p1k2bp/2pP2p1/2B1pp2/1P4P1/P4P2/5K1P/8 b - - 1 28,56,zilDhbfx,d7e8,-12,74,h7h5,0.0186,0.0098,0.0065,0.0077,h7h6,h7h6,h7h6,h7h6,204.0,0.0186,-0.0109,True,club,03_disagreements_b3,1801,1813,1813,False,True,5,king,False,False,True,endgame,False,True,False,True,False
2r3k1/2P2ppp/4pbN1/p7/5B2/P6P/5PP1/R5K1 b - - 0 26,52,M4H5ANRp,c8c7,-549,72,h7g6,0.0004,0.0001,0.0,0.0,f6a1,f6a1,f6a1,f6a1,251.0,0.0004,-0.0004,True,club,03_disagreements_b3,1988,1913,1913,False,True,6,rook,True,False,False,endgame,True,False,False,False,False
rnbr2k1/pp3ppp/5q2/2P1p3/8/2PB1N2/PPQ2PPP/R3K2R b KQ - 1 12,24,0a7yUn2z,b8a6,-100,54,c8g4,0.0076,0.0034,0.0018,0.0013,g7g6,g7g6,g7g6,h7h6,120.0,0.0076,-0.0063,True,club,03_disagreements_b3,1915,1937,1937,False,True,3,knight,False,False,True,opening,True,False,False,False,False
r4rk1/5p1p/p3p1p1/1p4Q1/5R2/1P4PK/1P2q3/2R5 b - - 3 26,52,m4MPT3DT,a8d8,525,21,e2b2,0.0186,0.0154,0.0169,0.0214,e2b2,e2h5,e2h5,e2h5,170.0,0.0214,0.0028,True,club,03_disagreements_b3,1844,1914,1914,False,True,4,rook,False,False,True,endgame,False,False,False,False,False
r4r2/5pkp/p3p1p1/1p4Q1/5R2/1P4PK/1q5R/8 b - - 3 28,56,m4MPT3DT,b2a1,489,4,b2c3,0.0044,0.0066,0.0148,0.0329,b2b3,b2b3,b2b3,b2b3,200.0,0.0329,0.0285,True,club,03_disagreements_b3,1844,1914,1914,False,True,4,queen,False,False,True,endgame,True,False,False,False,False
r6r/5pkp/p3p1p1/1p4Q1/7R/1Pq3PK/5R2/8 b - - 7 30,60,m4MPT3DT,a8e8,369,46,f7f5,0.0055,0.0065,0.0066,0.007,c3b3,c3b3,h7h6,h7h6,199.0,0.007,0.0015,True,club,03_disagreements_b3,1844,1914,1914,False,True,0,rook,False,False,True,endgame,False,False,False,False,False
b5k1/p1p1q1pp/4Pp2/5P1N/1rpQ4/1P6/P1P3PP/4R1K1 b - - 0 26,52,6baxvakI,a8c6,-321,17,c4b3,0.0195,0.013,0.0108,0.0119,c4b3,c4b3,c4b3,c4b3,153.0,0.0195,-0.0076,True,club,03_disagreements_b3,1887,1974,1974,False,True,5,bishop,False,False,True,endgame,True,False,False,False,False
r3kb1r/p2nqppp/8/8/Q4B2/5P2/PPP2P1P/2KRR3 b kq - 1 18,36,mAiGkzuY,a8d8,-895,263,e7e1,0.0468,0.0349,0.0277,0.0255,e7e1,e7e1,e7e1,e7e1,1104.0,0.0468,-0.0213,True,club,03_disagreements_b3,2217,2021,2021,False,True,1,rook,False,False,True,middlegame,False,False,False,False,False
r1b2rk1/pp1pppbp/6p1/4P3/4NPn1/2PQ1N1P/q5P1/1R2KB1R b K - 0 14,28,8IElcZsP,g4e3,317,3,g4e3,0.0011,0.0006,0.0003,0.0002,g4h6,g4h6,g4h6,g4h6,117.0,0.0011,-0.0009,True,club,03_disagreements_b3,1991,2025,2025,True,False,0,knight,False,False,True,middlegame,True,False,False,False,False
rn1q2k1/1pp2rpn/pb1p3p/7b/2BP4/2N1BN1P/PP3PP1/R2Q1RK1 b - - 1 14,28,4kDP9D99,b6a5,-251,43,d6d5,0.0054,0.0023,0.0016,0.0016,h5f3,h5f3,h5f3,h5f3,251.0,0.0054,-0.0038,True,club,03_disagreements_b3,1830,1825,1825,False,True,6,bishop,False,False,True,middlegame,True,False,False,False,False
q3kb1r/5ppp/2n5/1pP1p3/6b1/1QPP1N2/3N1PPP/2B2RK1 b k - 1 16,32,7YYmkl33,f8e7,-281,17,a8b7,0.0134,0.0219,0.0281,0.0242,f8c5,f8c5,f8c5,f8c5,112.0,0.0281,0.0108,True,club,03_disagreements_b3,1867,1880,1880,False,True,5,bishop,False,False,True,middlegame,True,False,False,False,False
2q1r3/4kp2/p1r1b2Q/1p6/1P6/P2B4/5PP1/3R1RK1 b - - 0 28,56,f8Xs91KI,c8b8,-333,12,e8h8,0.0017,0.0019,0.0019,0.0018,e8h8,e8h8,e8h8,e8h8,202.0,0.0019,0.0001,True,club,03_disagreements_b3,1885,1810,1810,False,True,5,queen,False,False,True,middlegame,False,False,False,False,False
rn2kbnr/pp3ppp/2p1b3/4p3/4N2q/5B2/PPP1PP1P/R1BQK1NR b KQkq - 3 8,16,QZErEoeO,h4e7,244,21,f8b4,0.0204,0.0257,0.0242,0.0161,e6d5,e6d5,b8d7,b8d7,595.0,0.0257,-0.0043,True,club,03_disagreements_b3,1978,1981,1981,False,True,2,queen,False,False,True,opening,False,True,False,False,False
8/p6p/1p3k2/2b5/7R/2P2P2/P4r1P/R3K3 b - - 1 32,64,QZErEoeO,f6g6,-233,24,f2g2,0.0258,0.0269,0.0295,0.0332,f2f3,f2f3,f2f3,f2f3,127.0,0.0332,0.0074,True,club,03_disagreements_b3,1978,1981,1981,False,True,5,king,False,False,True,endgame,False,False,False,True,False
r5nk/1np1qr1p/p2p1p2/1b1PpP2/1P2P2Q/2N1B2R/P1B2KP1/7R b - - 1 26,52,cNuU67ch,c7c5,-384,6,c7c6,0.0454,0.0359,0.0377,0.0437,b7d8,b7d8,b7d8,b7d8,144.0,0.0454,-0.0017,True,club,03_disagreements_b3,2025,2060,2060,False,True,6,pawn,False,False,True,middlegame,True,False,True,False,False
6k1/p2n3p/1p2p1p1/2bpP3/5PP1/7P/r1NR3K/2B5 b - - 4 34,68,w3JeNXua,g6g5,450,37,b6b5,0.0333,0.0139,0.0067,0.0054,c5e3,c5e3,c5e3,c5e3,659.0,0.0333,-0.0279,True,club,03_disagreements_b3,1856,1885,1885,False,True,4,pawn,False,False,True,endgame,True,False,True,False,False
rn5r/pN2kppp/2p1p3/8/2BP1n2/8/PPP2PPP/2KRR3 b - - 0 16,32,sx8Vnsbr,a7a5,-223,81,g7g6,0.0052,0.0107,0.0193,0.0245,f4g2,f4g2,f4g2,f4g2,115.0,0.0245,0.0193,True,club,03_disagreements_b3,1923,1930,1930,False,True,5,pawn,False,False,True,middlegame,True,False,True,False,False
2r4k/ppr2pb1/4pBp1/4P2p/3PNQ1P/q7/6P1/5RK1 b - - 3 34,68,Uq9X0RHP,h8g8,0,0,a3f8,0.0349,0.0374,0.0343,0.031,c7c1,c7c1,c7c1,c7c1,1998.0,0.0374,-0.0039,True,club,03_disagreements_b3,2107,2063,2063,False,True,0,king,False,False,True,middlegame,False,False,False,True,False
r1b2rk1/pp2qppp/2np4/4n3/2BN1P2/8/PPP3PP/RN1QR1K1 b - - 0 12,24,8JvbRr1y,d6d5,22,24,c6d4,0.0151,0.0096,0.0068,0.0051,c6d4,c6d4,c6d4,c8g4,112.0,0.0151,-0.01,True,club,03_disagreements_b3,1833,1911,1911,False,True,3,pawn,False,False,True,opening,True,False,True,False,False
6k1/2pq1ppp/8/2QPp2b/2B1P3/r4P1P/6P1/3R2K1 b - - 0 30,60,s7DGQ9xo,d7d6,-67,107,a3a8,0.012,0.013,0.0133,0.0143,a3c3,a3c3,a3c3,a3c3,442.0,0.0143,0.0023,True,club,03_disagreements_b3,1818,1854,1854,False,True,5,queen,False,False,True,endgame,True,False,False,False,False
2krr3/pp4p1/2p2p2/1B2qP2/PPQn2PB/7p/1P3P1P/R4R1K b - - 1 22,44,EVcwt1CR,e5f4,-258,47,d4b5,0.0389,0.0385,0.0383,0.0392,e5e4,e5e4,e5e4,e5e4,124.0,0.0392,0.0003,True,club,03_disagreements_b3,2397,2451,2451,False,True,7,queen,False,False,True,middlegame,True,False,False,False,False
r1b1k1nr/pp1n1ppp/1qp5/4P3/4P3/2B1bN2/PPP1Q1PP/RN2KB1R b KQkq - 8 10,20,3OK6vifm,d7f8,-219,50,g8h6,0.01,0.0115,0.0144,0.0258,d7c5,g8e7,g8e7,g8e7,204.0,0.0258,0.0158,True,club,03_disagreements_b3,1897,1895,1895,False,True,3,knight,False,False,True,opening,False,True,False,False,False
r4rk1/ppq2ppp/2pNb2n/4P3/4Pb2/2Q2N1P/PPP3P1/1K1R1B1R b - - 4 18,36,3OK6vifm,g8h8,-266,8,b7b5,0.0025,0.0049,0.0067,0.0077,a8d8,a8d8,a8d8,b7b5,117.0,0.0077,0.0052,True,club,03_disagreements_b3,1897,1895,1895,False,True,6,king,False,False,True,middlegame,False,False,False,True,False
rn2k2r/1pq2pp1/2pbp3/p5Pp/2BPb1P1/2P1BN2/PP3PN1/R2Q1RK1 b kq - 0 16,32,cwPDZ42G,e4f3,507,218,h5g4,0.017,0.0052,0.0017,0.001,h5g4,h5g4,h5g4,h5g4,224.0,0.017,-0.016,True,club,03_disagreements_b3,2048,2054,2054,False,True,7,bishop,True,False,False,middlegame,True,False,False,False,False
3r2k1/pp3pp1/4b2p/2P1Pp2/1Pq5/P1Nr4/5PPP/R1R1Q1K1 b - - 8 24,48,9bfLZga5,g8h7,60,6,c4d4,0.0018,0.0013,0.0008,0.0009,c4b3,c4d4,c4d4,c4d4,112.0,0.0018,-0.0009,True,club,03_disagreements_b3,1840,1801,1801,False,True,0,king,False,False,True,middlegame,True,False,False,True,False
r7/2k2p2/3p4/2p1b1p1/P1PpP1K1/6P1/R3BP2/8 b - - 2 32,64,VnVWpPZZ,a8g8,-19,2,f7f6,0.0267,0.0214,0.0157,0.0153,f7f6,f7f6,f7f6,f7f6,117.0,0.0267,-0.0114,True,club,03_disagreements_b3,2312,2142,2142,False,True,5,rook,False,False,True,endgame,False,False,False,False,False
2r4k/p4p1p/1p5q/2p1pP2/P2pPn2/2PP4/1P3PQ1/R3RK2 b - - 0 30,60,h8j0q4gq,h6h5,1989,1244,f4g2,0.0002,0.0001,0.0001,0.0001,f4g2,f4g2,f4g2,f4g2,1207.0,0.0002,-0.0001,True,club,03_disagreements_b3,2084,2078,2078,False,True,4,queen,False,False,True,endgame,True,False,False,False,False
r3q1k1/ppp1p1b1/7r/n2p1pNP/3P1B2/2P1P1Q1/PP3PP1/2KR3R b - - 2 18,36,knHxDDQc,e8b5,-391,14,e8b5,0.0084,0.0079,0.0081,0.008,h6h5,h6h5,h6h5,h6h5,474.0,0.0084,-0.0004,True,club,03_disagreements_b3,1824,1837,1837,True,False,6,queen,False,False,True,middlegame,True,False,False,False,False
2rb4/3k2p1/p2p1p2/1p1Pn1p1/3P3r/1N2B2P/PP4P1/1K2RR2 b - - 0 32,64,qPPOKPRq,e5g6,232,42,e5g6,0.0231,0.0288,0.029,0.0266,e5d3,e5d3,e5c4,e5c4,196.0,0.029,0.0035,True,club,03_disagreements_b3,2312,2291,2291,True,False,0,knight,False,False,True,middlegame,False,True,False,False,False
8/1p1k1p1p/p3p1p1/8/1PP2P2/3K2P1/P6P/8 b - - 0 32,64,FIEVMUUv,h7h6,-70,65,d7c6,0.0015,0.0014,0.0025,0.0032,d7c6,d7c6,d7c6,d7c6,168.0,0.0032,0.0017,True,club,03_disagreements_b3,1877,1919,1919,False,True,5,pawn,False,False,True,endgame,True,False,True,False,False
r3kb1r/2qn1p2/pp1p1n1p/2p2Pp1/2PPP3/1B2BQ1P/PP1N2P1/2R2RK1 b kq - 1 18,36,xWAfSWua,a8d8,-184,17,a8b8,0.009,0.0104,0.0136,0.0148,c5d4,e8c8,f8g7,f8g7,237.0,0.0148,0.0058,True,club,03_disagreements_b3,1868,1808,1808,False,True,6,rook,False,False,True,middlegame,False,False,False,False,False
8/5pk1/Q4n1p/5Pp1/2P5/1B1r3P/P4BP1/q4NK1 b - - 0 32,64,xWAfSWua,d3b3,201,504,a1e5,0.0273,0.036,0.0398,0.0433,d3d1,f6e4,f6e4,f6e4,522.0,0.0433,0.016,True,club,03_disagreements_b3,1868,1808,1808,False,True,7,rook,True,False,False,middlegame,False,False,False,False,False
rn2kbnr/pp2ppp1/2p3p1/3p4/3P1B2/2P1PN2/Pq3PPP/RN1Q1RK1 b kq - 1 8,16,HxXXSiLn,b8d7,-19,3,b2a1,0.0024,0.0039,0.0093,0.0275,b2a1,b2a1,b2a1,b2a1,181.0,0.0275,0.0251,True,club,03_disagreements_b3,2126,2173,2173,False,True,3,knight,False,False,True,opening,True,False,False,False,False
2r5/1RP3pk/r3ppp1/8/3P1bP1/5N2/2Q2PKP/8 b - - 0 30,60,HxXXSiLn,a6a1,-566,43,h7h6,0.0155,0.0137,0.014,0.0203,a6a8,a6a8,a6d6,a6d6,150.0,0.0203,0.0048,True,club,03_disagreements_b3,2126,2173,2173,False,True,1,rook,False,False,True,endgame,True,False,False,False,False
2r5/1RP3p1/r3p1pk/5P2/3P1b1N/8/2Q2PKP/8 b - - 0 32,64,HxXXSiLn,c8c7,-671,45,g6f5,0.0108,0.0073,0.0048,0.0033,e6f5,e6f5,e6f5,g6f5,160.0,0.0108,-0.0075,True,club,03_disagreements_b3,2126,2173,2173,False,True,1,rook,True,False,False,endgame,True,False,False,False,False
2r2rk1/pb3ppp/1p1qp3/1NP5/2Q2P2/4B3/PPP3PP/R5K1 b - - 1 18,36,J8WPgj0X,d6b8,251,68,d6c6,0.0137,0.0127,0.0126,0.0128,d6c6,d6c6,d6c6,d6c6,127.0,0.0137,-0.0009,True,club,03_disagreements_b3,1823,1828,1828,False,True,0,queen,False,False,True,middlegame,False,True,False,False,False
r3nrk1/pb1n2pp/1p1qp3/3p1p2/2pP4/2P1PB1P/PP1N1PPN/R2QR1K1 b - - 1 14,28,soE8Z69e,d6c7,6,6,e8f6,0.002,0.0013,0.001,0.0008,e8f6,e8f6,e8f6,e8f6,125.0,0.002,-0.0012,True,club,03_disagreements_b3,1903,1862,1862,False,True,2,queen,False,False,True,middlegame,False,True,False,False,False
2krr3/pppq1p2/5b1p/3pPbp1/8/2P1PN1P/PP2BPP1/R2QK2R b KQ - 0 14,28,yUrq5vAk,f6h8,-21,14,f6e5,0.0006,0.0006,0.0007,0.0008,f6e5,f6e5,f6e5,f6e5,100.0,0.0008,0.0002,True,club,03_disagreements_b3,1854,1828,1828,False,True,2,bishop,False,False,True,middlegame,False,True,False,False,False
6nr/1kpq1rb1/ppn1p1bp/1P1pP1p1/P2P4/B1P1N2P/3NQPP1/R4RK1 b - - 0 22,44,EDDuyIX1,c6a7,134,139,c6b8,0.0185,0.0163,0.0139,0.0088,a6b5,a6b5,a6b5,a6b5,364.0,0.0185,-0.0097,True,club,03_disagreements_b3,1931,1871,1871,False,True,6,knight,False,False,True,middlegame,False,True,False,False,False
2n4r/1q3r2/kBp1pPbp/Pp1p2p1/3P4/2P4P/1R2QPP1/R5K1 b - - 0 34,68,EDDuyIX1,b7d7,248,10,b7d7,0.007,0.0095,0.0128,0.0207,c8b6,c8b6,c8b6,c8b6,694.0,0.0207,0.0137,True,club,03_disagreements_b3,1931,1871,1871,True,False,0,queen,False,False,True,middlegame,False,False,False,False,False
5rk1/pp2bpp1/b3p3/4N2Q/P2P4/1Pr4P/5PP1/4R1K1 b - - 0 24,48,Gmnt46dC,b7b6,-298,34,c3b3,0.0055,0.0043,0.0042,0.0057,c3b3,c3b3,c3b3,c3b3,119.0,0.0057,0.0002,True,club,03_disagreements_b3,1813,1842,1842,False,True,5,pawn,False,False,True,middlegame,True,False,True,False,False
2kr3r/ppp2pp1/1bpqbn2/6Bp/4P3/2PP1N1P/PP2BPP1/R2QK2R b KQ - 4 12,24,qpfEn980,f6e4,55,311,d8e8,0.003,0.0024,0.0026,0.0056,d6c5,d8e8,d8e8,d8e8,404.0,0.0056,0.0026,True,club,03_disagreements_b3,1936,1968,1968,False,True,6,knight,True,False,False,opening,True,False,False,False,False
3r2k1/p2b2p1/1p3pnp/3Pq3/2R5/1P2N1NP/P4PP1/2Q3K1 b - - 1 34,68,FTsfIfBv,f6f5,4,194,d7b5,0.0345,0.0279,0.0271,0.0295,g6f4,g6f4,g6f4,g6f4,193.0,0.0345,-0.005,True,club,03_disagreements_b3,1891,1921,1921,False,True,5,pawn,False,False,True,middlegame,True,False,True,False,False
rn2kbnr/2q2pp1/4p1p1/1p1pP1B1/p1pP3N/P1P4P/1PQN1PP1/R4RK1 b kq - 1 14,28,OYzAvJyd,e8d7,-98,8,b8c6,0.0041,0.0043,0.0038,0.0035,f8e7,f8e7,f8e7,f8e7,134.0,0.0043,-0.0006,True,club,03_disagreements_b3,1800,1802,1802,False,True,2,king,False,False,True,middlegame,True,False,False,True,False
r3kbnr/3n1ppp/1Pp1b3/R3P3/2N1P3/1p6/5PPP/2BK1BNR b kq - 0 12,24,5sC8dwJC,a8d8,79,118,a8a5,0.0454,0.0356,0.0261,0.0234,a8a5,a8a5,a8a5,a8a5,120.0,0.0454,-0.022,True,club,03_disagreements_b3,2012,1998,1998,False,True,3,rook,False,False,True,opening,False,False,False,False,False
4r3/ppR2pk1/6p1/7p/2P2K1P/r5P1/8/8 b - - 0 28,56,gYRw85A5,a3e3,1991,1228,e8e3,0.0293,0.0269,0.0267,0.0374,b7b6,b7b6,b7b6,b7b6,1259.0,0.0374,0.0081,True,club,03_disagreements_b3,1872,1899,1899,False,True,4,rook,False,False,True,endgame,False,False,False,False,False
8/pR3pk1/6p1/2P4p/5K1P/r5r1/8/8 b - - 0 30,60,gYRw85A5,a3e3,1995,1328,a3e3,0.0002,0.0001,0.0001,0.0001,g3g4,g3g4,g3g4,g3g4,1338.0,0.0002,-0.0001,True,club,03_disagreements_b3,1872,1899,1899,True,False,4,rook,False,False,True,endgame,False,False,False,False,False
r2qk2r/1pp2pp1/1pnpbn1p/4p3/3PP3/1BN2N2/PPP2PPP/R2Q1RK1 b kq - 0 10,20,GdpZ7NAv,e6g4,68,97,e6b3,0.0228,0.0279,0.0299,0.0324,e5d4,e5d4,e5d4,e5d4,109.0,0.0324,0.0096,True,club,03_disagreements_b3,1841,1866,1866,False,True,3,bishop,False,False,True,opening,True,False,False,False,False
r4r2/1p3pk1/1p2q1p1/2pnP3/4NP2/1P4Q1/PP4PP/R2R2K1 b - - 0 24,48,GdpZ7NAv,f8d8,-316,12,d5e7,0.0397,0.0286,0.0254,0.0481,f8h8,f8h8,f8h8,f8h8,117.0,0.0481,0.0084,True,club,03_disagreements_b3,1841,1866,1866,False,True,6,rook,False,False,True,middlegame,False,False,False,False,False
5r1k/6pp/3RB3/3P4/1p6/r5P1/3P3P/6K1 b - - 0 28,56,oQeBMTRh,a3a8,486,51,f8b8,0.008,0.0077,0.0064,0.0057,b4b3,b4b3,b4b3,b4b3,324.0,0.008,-0.0023,True,club,03_disagreements_b3,1880,1915,1915,False,True,0,rook,False,False,True,endgame,False,True,False,False,False
r1b1qr1k/ppp2p2/2np3p/8/2BPN3/2P5/P4PPP/R2QR1K1 b - - 0 16,32,zCR1A2JL,d6d5,-400,1,e8e7,0.0236,0.0103,0.0064,0.0037,f8g8,e8d8,e8d8,e8d8,342.0,0.0236,-0.0199,True,club,03_disagreements_b3,1830,1886,1886,False,True,6,pawn,False,False,True,middlegame,True,False,True,False,False
r3k1r1/p4p2/1p2pBp1/1b2P3/3p1R2/1N1Pn3/PP4PP/R5K1 b q - 1 26,52,yMXcWWMa,g6g5,-79,54,b5d3,0.0317,0.0241,0.0184,0.0158,b5d3,b5d3,b5d3,b5d3,135.0,0.0317,-0.0159,True,club,03_disagreements_b3,2166,2101,2101,False,True,5,pawn,False,False,True,middlegame,True,False,True,False,False
r2q3r/p3kNp1/1pnbp1Bp/2pb4/5P2/1P6/P1P3PP/R1BQ1RK1 b - - 3 16,32,Oh7r6vo2,d8b8,-455,0,d8d7,0.0183,0.0186,0.0176,0.0166,d8f8,d8f8,d8f8,d8f8,102.0,0.0186,-0.0017,True,club,03_disagreements_b3,1981,1992,1992,False,True,1,queen,False,False,True,middlegame,False,False,False,False,False
5r2/p5R1/kp6/2pb1B1p/6PK/1P6/P1P1n2P/8 b - - 3 34,68,Oh7r6vo2,d5f3,211,6,h5g4,0.0138,0.0108,0.0082,0.0099,h5g4,h5g4,h5g4,h5g4,165.0,0.0138,-0.0039,True,club,03_disagreements_b3,1981,1992,1992,False,True,0,bishop,False,False,True,endgame,True,False,False,False,False
r1b3k1/pp3ppp/8/2qn4/2PN4/P2Br2P/1P3QP1/2KR3R b - - 0 18,36,FJAcynU0,e3e7,-81,83,e3e7,0.0083,0.0084,0.0075,0.0061,c5d4,c5d4,c5d4,e3d3,113.0,0.0084,-0.0022,True,club,03_disagreements_b3,1945,2053,2053,True,False,5,rook,False,False,True,middlegame,False,True,False,False,False
rnb1kbnr/p1p1pppp/1p6/1N2N3/3Pq3/8/P1P1BPPP/1RBQK2R b Kkq - 4 10,20,6D9nTstZ,e4b7,-397,60,b8a6,0.0125,0.0214,0.0222,0.0212,e4g2,b8a6,b8a6,b8a6,240.0,0.0222,0.0087,True,club,03_disagreements_b3,2006,1990,1990,False,True,6,queen,False,False,True,opening,False,True,False,False,False
r2k1b1r/pp2p2p/6p1/2pPq3/Q1P2pB1/8/PP3P1P/R2K1R2 b - - 3 20,40,qrWQyQWU,b7b5,-65,21,e5d6,0.005,0.0032,0.002,0.0019,e5d4,e5d4,e5d4,e5d4,131.0,0.005,-0.0031,True,club,03_disagreements_b3,2037,2030,2030,False,True,5,pawn,False,False,True,middlegame,True,False,True,False,False
r5k1/pb3ppp/3q3r/2p5/2Ppn1P1/1B6/PP3PP1/R2QRNK1 b - - 3 22,44,9LuktQda,e4f2,523,69,d6g6,0.0211,0.0232,0.0248,0.0317,d6f4,d6f4,d6f4,d6f4,175.0,0.0317,0.0106,True,club,03_disagreements_b3,1995,1914,1914,False,True,0,knight,True,False,False,middlegame,True,False,False,False,False
2r1kb1r/ppq1pppp/3p4/3P4/2B5/1P3Q1P/P2B1PP1/R4RK1 b k - 4 16,32,1sMyAFrP,c7d7,-592,1,g7g6,0.0175,0.0144,0.0139,0.0132,g7g6,g7g6,g7g6,g7g6,208.0,0.0175,-0.0043,True,club,03_disagreements_b3,1877,1866,1866,False,True,1,queen,False,False,True,middlegame,False,False,False,False,False
2r3k1/3q1p1p/1p2p3/4P1p1/1P1RQ1Pn/7P/P1P2P2/6K1 b - - 0 24,48,8l5wS62Z,d7d4,739,191,d7d4,0.0058,0.0054,0.0061,0.0074,d7a4,d7a4,d7a4,d7a4,288.0,0.0074,0.0016,True,club,03_disagreements_b3,1998,2026,2026,True,False,4,queen,True,False,False,endgame,True,False,False,False,False
3r4/p1p3p1/b1p1kn2/1rp1P1B1/N7/8/PP3PPP/R3R1K1 b - - 0 18,36,PLbWI5RI,e6f5,-508,36,e6f5,0.0337,0.0263,0.0201,0.0168,c5c4,d8d5,d8d5,d8d5,141.0,0.0337,-0.0169,True,club,03_disagreements_b3,2236,2122,2122,True,False,6,king,False,False,True,middlegame,True,False,False,True,False
8/pp2Qpkp/2p2pp1/8/1P1P4/2q2NPP/5PK1/2b5 b - - 3 28,56,KDgAPdmP,c3c2,340,54,b7b6,0.0082,0.0057,0.0046,0.0047,c1a3,c1a3,c1a3,c1a3,205.0,0.0082,-0.0035,True,club,03_disagreements_b3,1950,1964,1964,False,True,0,queen,False,False,True,endgame,True,False,False,False,False
rnq1r1k1/6bp/5pp1/pR2p3/3PP3/B1P3P1/2Q1NPBP/6K1 b - - 0 22,44,MZZePFc9,g7f8,-18,36,e5d4,0.036,0.03,0.0208,0.0188,e5d4,e5d4,e5d4,e5d4,107.0,0.036,-0.0172,True,club,03_disagreements_b3,1935,1929,1929,False,True,2,bishop,False,False,True,middlegame,False,True,False,False,False
r1b2rk1/ppp2ppn/1b5p/3Pp3/2B1N1q1/PQ4P1/1P3P1P/R1B1R1K1 b - - 2 16,32,mgGZXj1Y,f7f5,352,164,c8f5,0.0163,0.0153,0.0128,0.0084,c8f5,c8f5,c8f5,c8f5,175.0,0.0163,-0.0079,True,club,03_disagreements_b3,1836,1806,1806,False,True,2,pawn,False,False,True,middlegame,True,False,True,False,False
r1bq1rk1/2p1bppp/p3pn2/1p1P4/3P1P1P/2NQ1NP1/PPPB4/2KR3R b - - 0 14,28,XoR8YO1q,b5b4,114,23,f6d5,0.0323,0.0412,0.0455,0.039,e6d5,e6d5,f6d5,f6d5,185.0,0.0455,0.0067,True,club,03_disagreements_b3,1945,1920,1920,False,True,2,pawn,False,False,True,middlegame,True,False,True,False,False
r1bq1rk1/2p1bp1p/p3p1p1/1p1n2N1/3PNP1P/3Q2P1/PPPB4/2KR3R b - - 1 16,32,XoR8YO1q,d5f6,-113,34,f7f5,0.0327,0.0376,0.0326,0.0168,c8b7,c8b7,c8b7,c8b7,183.0,0.0376,-0.0159,True,club,03_disagreements_b3,1945,1920,1920,False,True,2,knight,False,False,True,middlegame,False,True,False,False,False
4k3/pp3R1R/6p1/4rp2/4b3/7P/PP3PP1/6K1 b - - 0 28,56,RDXazwFt,e5c5,-531,45,e4d5,0.0258,0.0305,0.0374,0.0496,e4d5,e4d5,e4d5,e4d5,164.0,0.0496,0.0238,True,club,03_disagreements_b3,1841,1824,1824,False,True,1,rook,False,False,True,endgame,False,False,False,False,False
3r4/6k1/p1R3p1/1pNr1p2/3P3p/2P5/P5PP/3R2K1 b - - 1 28,56,5NM1NuJI,g7f7,-500,7,a6a5,0.0246,0.0189,0.0162,0.0155,a6a5,a6a5,a6a5,a6a5,146.0,0.0246,-0.0091,True,club,03_disagreements_b3,1889,2037,2037,False,True,1,king,False,False,True,endgame,False,False,False,True,False
r3k2r/pp3ppp/8/8/3pP3/7P/PP1KBPP1/R7 b kq - 0 18,36,DaFAvfV9,a8c8,231,55,e8g8,0.0255,0.0195,0.032,0.0465,e8g8,e8g8,e8g8,e8g8,109.0,0.0465,0.021,True,club,03_disagreements_b3,1845,1928,1928,False,True,0,rook,False,False,True,endgame,False,False,False,False,False
r3rb1k/pp3npp/2pq1p2/3p4/P2P1N2/BP4Q1/2P2PPP/R3R1K1 b - - 2 20,40,NaU64yUQ,d6a3,444,34,d6d7,0.0091,0.0072,0.0057,0.0056,d6d7,d6d7,d6d7,d6d7,626.0,0.0091,-0.0035,True,club,03_disagreements_b3,2070,2019,2019,False,True,2,queen,True,False,False,middlegame,True,False,False,False,False
4r1r1/ppQ2nkp/2p2p2/3p4/P2P4/1P5q/2PK1P2/R3R3 b - - 5 34,68,NaU64yUQ,h3f3,435,16,h3h6,0.0123,0.0126,0.0173,0.0295,h3h6,h3h6,h3h6,h3h6,141.0,0.0295,0.0172,True,club,03_disagreements_b3,2070,2019,2019,False,True,4,queen,False,False,True,middlegame,False,False,False,False,False
6r1/3q1pkp/3p4/3P3p/1r6/1pN2Q1P/1P3PP1/4R1K1 b - - 3 32,64,TVVzpEcA,f7f5,41,19,h5h4,0.0157,0.0142,0.015,0.0203,g7h8,g7h8,g7h8,g7h8,352.0,0.0203,0.0046,True,club,03_disagreements_b3,1917,1876,1876,False,True,5,pawn,False,False,True,endgame,True,False,True,False,False
r1b1rbk1/pp1n1p2/1qp1pn2/3pP1B1/2PP4/P1NB4/1P3PPP/R2Q1RK1 b - - 0 14,28,yctKKFku,f8g7,-351,3,d5c4,0.0049,0.0064,0.0088,0.0095,f6h7,f6h7,f6h7,f6h7,336.0,0.0095,0.0046,True,club,03_disagreements_b3,1873,1831,1831,False,True,6,bishop,False,False,True,middlegame,True,False,False,False,False
3r2k1/1p6/p1bq1pp1/3P3p/3Q4/PP2N3/5PPP/R5K1 b - - 0 24,48,oII2t5iu,c6e8,-209,23,c6d5,0.0215,0.0171,0.0132,0.015,c6d5,c6d5,c6d5,c6d5,272.0,0.0215,-0.0065,True,club,03_disagreements_b3,1933,1980,1980,False,True,5,bishop,False,False,True,endgame,False,True,False,False,False
3r2k1/1p6/p4pp1/3N3p/3Q4/qP6/5PPP/3R2K1 b - - 0 26,52,oII2t5iu,d8f8,-691,1,a3b3,0.0036,0.0047,0.0062,0.0075,a3b3,a3b3,a3b3,a3b3,144.0,0.0075,0.0039,True,club,03_disagreements_b3,1933,1980,1980,False,True,1,rook,False,False,True,endgame,False,False,False,False,False
5r2/1p3p1k/p1p1q1pp/8/3B2P1/2P2QP1/P1P5/5BK1 b - - 0 26,52,kPQBdYxG,b7b5,-218,27,f7f5,0.0384,0.0312,0.0258,0.02,e6a2,e6a2,e6a2,e6a2,1776.0,0.0384,-0.0184,True,club,03_disagreements_b3,1910,1861,1861,False,True,7,pawn,False,False,True,endgame,True,False,True,False,False
r4rk1/8/1qp1p1p1/3p1b2/pp1P3R/2P3QP/PP4P1/5R1K b - - 1 30,60,KG0oMQxV,b6b8,295,150,g8g7,0.0036,0.0046,0.0056,0.0075,b4c3,b4c3,b4c3,a8a7,295.0,0.0075,0.0039,True,club,03_disagreements_b3,1903,1974,1974,False,True,0,queen,False,False,True,middlegame,False,True,False,False,False
r2qkb1r/1p2ppp1/p1np3p/3N4/4P1b1/4BN2/PPP1BP1P/R2QK3 b Qkq - 1 12,24,yuTaulqw,a8c8,233,36,a8c8,0.0094,0.0099,0.0158,0.0301,e7e6,e7e6,e7e6,e7e6,356.0,0.0301,0.0207,True,club,03_disagreements_b3,1927,1950,1950,True,False,3,rook,False,False,True,opening,False,False,False,False,False
6k1/1p4p1/1p4pp/3p3r/3n2q1/4Q1P1/PP3K2/R4B2 b - - 3 26,52,bNRB3hDf,g4f5,828,203,h5h2,0.0194,0.0148,0.0127,0.0118,h5f5,h5f5,h5f5,h5f5,179.0,0.0194,-0.0076,True,club,03_disagreements_b3,1818,1801,1801,False,True,4,queen,False,True,False,endgame,False,True,False,False,False
2r4k/pp4b1/6pp/P2R4/6P1/6BP/r4PK1/7R b - - 1 28,56,BCskspb0,c8e8,-40,9,g6g5,0.016,0.021,0.0275,0.0329,c8c2,c8c2,c8c2,c8c2,408.0,0.0329,0.0169,True,club,03_disagreements_b3,2296,2327,2327,False,True,5,rook,False,False,True,endgame,False,False,False,False,False
5rk1/p2b1rpp/1q2p2P/1pppP3/5P2/2QBP3/PPP5/2K3RR b - - 0 20,40,JEl253IV,g7g5,-455,92,g7g6,0.002,0.0013,0.0012,0.0017,g7g6,g7g6,g7g6,g7g6,169.0,0.002,-0.0003,True,club,03_disagreements_b3,2563,2010,2010,False,True,6,pawn,False,False,True,middlegame,True,False,True,False,False
3q1r1k/p2b1r2/4p1RP/1pppP3/5P2/4P1Q1/PPP5/2K4R b - - 4 24,48,JEl253IV,d7c8,-867,74,f7h7,0.0013,0.0011,0.0011,0.0014,f8g8,f8g8,f8g8,d8e7,1121.0,0.0014,0.0001,True,club,03_disagreements_b3,2563,2010,2010,False,True,6,bishop,False,False,True,middlegame,False,True,False,False,False
5k1r/p4ppp/2p5/3pbN2/1Q2n1P1/1P5P/P4PK1/r7 b - - 9 28,56,PTrA5mxL,e5d6,-610,3552,f8g8,0.0465,0.0377,0.0301,0.0243,c6c5,c6c5,c6c5,c6c5,1384.0,0.0465,-0.0222,True,club,03_disagreements_b3,1943,1863,1863,False,True,6,bishop,False,False,True,endgame,False,True,False,False,False
r3r1kb/p2b3p/n1pp1npB/q3P3/1p2PNP1/5P2/PPPQ4/1K1R1BNR b - - 0 16,32,D3c3STWe,f6g4,-363,15,d6e5,0.0048,0.0038,0.0029,0.0024,d6e5,d6e5,d6e5,d6e5,256.0,0.0048,-0.0024,True,club,03_disagreements_b3,1865,1936,1936,False,True,6,knight,True,False,False,middlegame,True,False,False,False,False
r1b1k2r/ppp2ppp/1bnp4/8/3PPq2/2P2N2/PP1NBK1P/R5QR b kq - 2 14,28,ZRYtZiFK,c6d4,503,346,c8g4,0.0403,0.0259,0.0185,0.0161,c8g4,c8g4,c8g4,e8g8,355.0,0.0403,-0.0242,True,club,03_disagreements_b3,1930,1809,1809,False,True,2,knight,True,False,False,middlegame,True,False,False,False,False
2k1rr2/ppp3p1/1bnp4/7p/3PB1bR/2P2NP1/PP1N2K1/7R b - - 2 22,44,ZRYtZiFK,e8e4,499,248,e8e4,0.0239,0.0197,0.0205,0.0253,c6e7,c6e7,c6e7,c6e7,289.0,0.0253,0.0014,True,club,03_disagreements_b3,1930,1809,1809,True,False,0,rook,True,False,False,middlegame,True,False,False,False,False
5rk1/1p3ppp/p1r5/3Q4/Pq6/7P/1P4P1/4RR1K b - - 0 24,48,Hs62bcGf,c6f6,97,8,b4a4,0.0124,0.0121,0.0105,0.0102,b4b2,b4b2,b4b2,b4b2,2094.0,0.0124,-0.0022,True,club,03_disagreements_b3,1995,2152,2152,False,True,0,rook,False,False,True,endgame,False,False,False,False,False
5rk1/pppq2p1/3p1n1p/3P4/2PQ3n/8/P4PPP/R3R1K1 b - - 1 20,40,VSUD0AQl,d7h3,434,97,d7g4,0.0072,0.0058,0.0042,0.0041,h4f5,h4f5,h4f5,h4f5,149.0,0.0072,-0.0031,True,club,03_disagreements_b3,2173,2164,2164,False,True,0,queen,False,False,True,middlegame,True,False,False,False,False
6k1/3Q2p1/5q1p/1p6/2b5/5BBP/r1P3PK/8 b - - 1 30,60,MZKqWkKR,f6f7,122,2,a2c2,0.008,0.0101,0.0113,0.0152,a2c2,a2c2,a2c2,a2c2,113.0,0.0152,0.0072,True,club,03_disagreements_b3,1863,1834,1834,False,True,0,queen,False,False,True,endgame,False,True,False,False,False
r2qk2r/p2nbpp1/1pp1pn1p/2Pp1b2/1P1P4/2N1PN1P/P3BPPB/R2Q1RK1 b kq - 0 12,24,MYkxCzdN,d8c8,-110,11,b6b5,0.0031,0.0032,0.0026,0.0022,b6c5,b6c5,a7a5,a7a5,241.0,0.0032,-0.0009,True,club,03_disagreements_b3,1852,1826,1826,False,True,3,queen,False,False,True,opening,False,False,False,False,False
7r/2p3k1/3q2p1/p2Pp3/Pr6/8/2Q2PPP/2R2RK1 b - - 5 28,56,Txw8PWQl,h8d8,-143,29,b4b7,0.0015,0.0013,0.0013,0.0018,h8c8,h8c8,b4b7,b4b7,151.0,0.0018,0.0003,True,club,03_disagreements_b3,1910,1804,1804,False,True,5,rook,False,False,True,endgame,False,False,False,False,False
r1b1k2r/1pb2pp1/p1nqpn2/3pN3/2PP3p/PP1B3P/1B1N1PP1/R2Q1RK1 b kq - 2 14,28,LXzg7kmm,c6d4,-134,31,h8h5,0.0484,0.0336,0.0264,0.0287,c6e5,c6e5,c6e5,c6e5,333.0,0.0484,-0.0197,True,club,03_disagreements_b3,1898,1895,1895,False,True,3,knight,True,False,False,middlegame,True,False,False,False,False
r1b1k3/1pb2pp1/pq2p3/3pP2r/2PPN2p/PP1B3P/1B4P1/R2Q1R1K b q - 0 18,36,LXzg7kmm,h5f5,-606,76,d5e4,0.0426,0.0242,0.0122,0.0081,d5e4,d5e4,d5e4,d5e4,297.0,0.0426,-0.0345,True,club,03_disagreements_b3,1898,1895,1895,False,True,1,rook,False,False,True,middlegame,False,False,False,False,False
3r2k1/pp2qppp/2b3n1/1Bp5/P3rP2/4BR1P/1PP2QP1/R6K b - - 7 20,40,VKJjH8U8,e7f6,12,1,d8e8,0.0054,0.0049,0.0047,0.0059,g6h4,c6b5,c6b5,g6h4,184.0,0.0059,0.0005,True,club,03_disagreements_b3,1929,1876,1876,False,True,2,queen,False,False,True,middlegame,True,False,False,False,False
r2qr1k1/ppbb1pp1/5n1p/4p3/1PN1Pn2/P4N1P/1B3PP1/1BRQR1K1 b - - 2 18,36,vEzzBlWE,d8b8,-67,8,f4g6,0.0085,0.0126,0.0232,0.0322,d7b5,d7b5,d7b5,d8e7,144.0,0.0322,0.0237,True,club,03_disagreements_b3,1870,1850,1850,False,True,2,queen,False,False,True,middlegame,False,False,False,False,False
2rr2k1/1p2qp2/p3p1p1/2P5/3nP3/1BQ4P/P4RP1/5RK1 b - - 1 28,56,oFkXEMs7,d8d7,163,14,c8c5,0.011,0.0123,0.0107,0.0087,c8c5,c8c5,c8c5,c8c5,162.0,0.0123,-0.0023,True,club,03_disagreements_b3,1834,2300,2300,False,True,0,rook,False,False,True,middlegame,True,False,False,False,False
r5r1/p2kqp1p/1p2p3/3pQ3/5P2/1P2P3/P1bP2PP/R1B2RK1 b - - 0 22,44,ksBi1qh3,g8g2,579,266,c2e4,0.002,0.0025,0.0036,0.0063,c2e4,c2e4,c2e4,c2e4,604.0,0.0063,0.0043,True,club,03_disagreements_b3,2079,2008,2008,False,True,0,rook,True,True,False,middlegame,True,False,False,False,False
3r2k1/pp3ppp/1b6/5b2/1P1n4/Pq2R2P/3B1PP1/RNK1N3 b - - 10 22,44,vue9tOxj,d4e2,1987,1044,d8c8,0.04,0.0304,0.0245,0.0186,b3c4,b3c4,b3c4,b3c4,879.0,0.04,-0.0214,True,club,03_disagreements_b3,1956,2014,2014,False,True,4,knight,False,True,False,middlegame,True,False,False,False,False
1r3rk1/2q1ppbp/R1n2n2/1p1pNp2/2pP1P2/2P1PN1P/1P4P1/2BQ1RK1 b - - 1 18,36,ILuEAZt5,c6a5,78,28,c6e5,0.0354,0.0288,0.028,0.037,c6e5,c6e5,c6e5,c6e5,132.0,0.037,0.0016,True,club,03_disagreements_b3,2115,2122,2122,False,True,2,knight,False,False,True,middlegame,True,False,False,False,False
r1bq1rk1/pp2p1bp/1np1P1p1/8/2P2Bn1/2N2N2/PP2Q1PP/2KR1B1R b - - 0 14,28,7HrdWM5v,b6d5,-36,160,d8e8,0.0182,0.0206,0.0237,0.0178,d8e8,d8e8,d8e8,d8e8,179.0,0.0237,-0.0004,True,club,03_disagreements_b3,2135,2043,2043,False,True,2,knight,False,False,True,middlegame,True,False,False,False,False
5rk1/pR3pbp/q1p3p1/8/P7/1Q6/6PP/1R5K b - - 3 30,60,i6E9ILlW,g7f6,-80,0,c6c5,0.0157,0.0119,0.009,0.0081,a6e2,a6e2,a6e2,a6e2,132.0,0.0157,-0.0076,True,club,03_disagreements_b3,2237,2269,2269,False,True,0,bishop,False,False,True,endgame,True,False,False,False,False
5rk1/pR3pbp/6p1/1Pp5/8/8/6PP/1R5K b - - 0 32,64,i6E9ILlW,g7e5,-240,4,c5c4,0.0098,0.0069,0.0048,0.004,f8a8,f8a8,f8a8,g7d4,124.0,0.0098,-0.0058,True,club,03_disagreements_b3,2237,2269,2269,False,True,5,bishop,False,False,True,endgame,True,False,False,False,False
r6r/p1R5/1p1RB1pk/3Pp2p/3pPp1b/3P1P1P/Pq4P1/3Q3K b - - 0 26,52,KI8KrDsR,h8h7,-131,47,h8h7,0.0262,0.0196,0.0134,0.015,b2f2,b2f2,b2f2,b2f2,238.0,0.0262,-0.0112,True,club,03_disagreements_b3,1995,2130,2130,True,False,5,rook,False,False,True,middlegame,True,False,False,False,False
3r4/p2Pq1k1/1pR1B1p1/4p2p/3pPp1b/1Q1P1P1P/6P1/7K b - - 2 34,68,KI8KrDsR,g7f8,-36,2,h4f6,0.0168,0.0136,0.0112,0.0103,d8d7,h4g3,h4g3,h4g3,137.0,0.0168,-0.0065,True,club,03_disagreements_b3,1995,2130,2130,False,True,5,king,False,False,True,endgame,False,True,False,True,False
8/pp3p1k/4pP1p/1p1pP2P/1P6/4KP1R/P1r5/8 b - - 4 34,68,fmrW4SEg,c2c8,0,0,c2a2,0.0007,0.0004,0.0003,0.0003,c2a2,c2a2,c2a2,c2a2,404.0,0.0007,-0.0004,True,club,03_disagreements_b3,1884,1905,1905,False,True,5,rook,False,False,True,endgame,False,True,False,False,False
6k1/6pp/p1rbRr2/5P2/1pNp2P1/3P3P/P1P5/4R1K1 b - - 0 30,60,XVHQkxSs,d6c7,-342,1,d6g3,0.0017,0.0013,0.001,0.001,f6e6,f6e6,f6e6,f6e6,237.0,0.0017,-0.0007,True,club,03_disagreements_b3,2089,2020,2020,False,True,5,bishop,False,False,True,endgame,False,True,False,False,False
r2q1rk1/1b1p1pp1/pp2p2p/3P2b1/1P2P3/PnNB3P/RB3PP1/3R1QK1 b - - 4 18,36,Eisn7bCE,e6e5,-120,1,e6d5,0.0337,0.0358,0.0308,0.0202,b3d4,b3d2,b3d2,b3d2,200.0,0.0358,-0.0135,True,club,03_disagreements_b3,2086,1900,1900,False,True,2,pawn,False,False,True,middlegame,True,False,True,False,False
5rk1/3pQp2/1p4Bp/3P4/1P6/P4R1P/5PPK/2q5 b - - 0 32,64,Eisn7bCE,c1g5,-947,266,c1c7,0.0217,0.019,0.015,0.0155,c1c7,c1c7,c1c7,c1c7,1034.0,0.0217,-0.0062,True,club,03_disagreements_b3,2086,1900,1900,False,True,1,queen,False,False,True,endgame,False,True,False,False,False
4r2k/p3b1p1/1p5p/2p5/3pNp2/Pq1P3P/1P2QPP1/2R1R2K b - - 5 28,56,np4jNtsH,f4f3,-497,32,e8f8,0.0128,0.014,0.0144,0.0142,b3f7,b3f7,b3f7,b3f7,205.0,0.0144,0.0014,True,club,03_disagreements_b3,1868,1873,1873,False,True,1,pawn,False,False,True,middlegame,True,False,True,False,False
2r3k1/p1r3p1/3p3p/1p1P1p2/1Pn1p3/PN2P2P/5PP1/R4RK1 b - - 0 24,48,GACj9wgX,g7g6,-40,5,c4b6,0.0228,0.0191,0.0157,0.0122,c4e5,c4e5,c4e5,c4e5,138.0,0.0228,-0.0106,True,club,03_disagreements_b3,1882,1970,1970,False,True,5,pawn,False,False,True,endgame,True,False,True,False,False
4r3/2p1k1p1/1p2P3/p1pP2rp/P1P5/1P5R/6P1/5RK1 b - - 4 30,60,D8n72brM,c7c6,-388,50,e8f8,0.0354,0.0165,0.0091,0.0062,e8f8,e8f8,e8f8,e8f8,222.0,0.0354,-0.0292,True,club,03_disagreements_b3,1972,2076,2076,False,True,5,pawn,False,False,True,endgame,True,False,True,False,False
2r5/1pqn1pk1/1r1bp1p1/pP1pN1Pp/3P1P1P/2PQ1R2/P2B4/1R4K1 b - - 2 26,52,RePumEtv,d6e7,0,0,d7f8,0.0206,0.0239,0.0241,0.0252,d7e5,d6e5,d6e5,d7f8,228.0,0.0252,0.0046,True,club,03_disagreements_b3,1985,1952,1952,False,True,2,bishop,False,False,True,middlegame,False,True,False,False,False
3r2k1/5ppp/p3p3/2K4b/5Q2/1P2R3/P1P3q1/8 b - - 9 34,68,nQzx2psN,g2b7,845,177,g2c2,0.0059,0.0059,0.0051,0.0047,g2c2,g2c2,g2c2,g2c2,186.0,0.0059,-0.0012,True,club,03_disagreements_b3,1889,1901,1901,False,True,4,queen,False,False,True,endgame,False,True,False,False,False
r2q1rk1/1b1n3p/p3pnpB/1ppP4/3b4/1BNP1Q1P/PPP3PN/R4R1K b - - 2 16,32,YtISx1bg,f6h5,-40,62,f8f7,0.0085,0.0086,0.0088,0.0067,f8f7,f8f7,f8f7,f8f7,360.0,0.0088,-0.0018,True,club,03_disagreements_b3,1900,1852,1852,False,True,6,knight,False,False,True,middlegame,True,False,False,False,False
r2q2k1/1b1n1r1p/p4npB/1ppN4/3b2N1/1B1P1Q1P/PPP3P1/R4R1K b - - 0 18,36,YtISx1bg,g8h8,-349,47,c5c4,0.0166,0.0209,0.0246,0.029,d4b2,b7d5,b7d5,b7d5,217.0,0.029,0.0124,True,club,03_disagreements_b3,1900,1852,1852,False,True,6,king,False,False,True,middlegame,False,False,False,True,False
4rk2/3n1ppp/1bp2n2/pp1p1P2/5PB1/PN1Pr2P/1PP2B1R/2KR4 b - - 1 28,56,0hR1TnTe,h7h5,206,36,e3e7,0.0124,0.0085,0.0075,0.0118,e3e7,e3e7,e3e7,e3e7,205.0,0.0124,-0.0006,True,club,03_disagreements_b3,2012,1993,1993,False,True,2,pawn,False,False,True,middlegame,True,False,True,False,False
b5r1/1q3p1k/p3p2p/1pr2n2/8/PBPP2B1/3Q1RPP/5RK1 b - - 0 28,56,qDvt2Nmu,b7c6,-13,0,g8g7,0.0279,0.0316,0.0359,0.0437,f5g3,f5g3,f5g3,f5g3,567.0,0.0437,0.0158,True,club,03_disagreements_b3,1896,1852,1852,False,True,2,queen,False,False,True,middlegame,True,False,False,False,False
r3k1nr/p4ppp/1q2p3/2NpP3/8/4BN2/PP3PbP/R2Q2K1 b kq - 1 14,28,Jhz7HU1E,g8e7,-226,12,g2f3,0.0058,0.0047,0.0032,0.0023,g2f3,g2f3,g2f3,g2f3,167.0,0.0058,-0.0035,True,club,03_disagreements_b3,1957,1846,1846,False,True,6,knight,False,False,True,middlegame,True,False,False,False,False
3r1rk1/1bq1bpp1/p1n1pn1p/1pp1P3/8/PBNP1NQP/1PP3P1/2R2RBK b - - 0 18,36,5OZDBGSF,c6d4,80,45,f6h7,0.031,0.0321,0.037,0.0385,f6h5,f6h5,f6h5,f6d5,246.0,0.0385,0.0075,True,club,03_disagreements_b3,2064,2054,2054,False,True,2,knight,False,False,True,middlegame,True,False,False,False,False
5rrk/5p2/p3p1p1/1p2P2p/3PR2P/PB1PbRQK/1P4P1/6q1 b - - 4 32,64,5OZDBGSF,e3d2,-105,6,e3d4,0.0325,0.0251,0.0249,0.0306,g1h1,g1h1,g1h1,g1h1,202.0,0.0325,-0.0019,True,club,03_disagreements_b3,2064,2054,2054,False,True,0,bishop,False,False,True,middlegame,True,False,False,False,False
5k1r/r2q1Ppp/pQ1b4/1p6/3P4/2P3P1/PP1B3P/5RK1 b - - 6 22,44,RCZAoJzi,d7c7,441,149,h7h6,0.0374,0.0391,0.0429,0.0407,a7b7,d6c7,d6c7,d6c7,1119.0,0.0429,0.0033,True,club,03_disagreements_b3,1993,1947,1947,False,True,6,queen,False,False,True,middlegame,False,False,False,False,False
r2qk2r/1b1nn1b1/3p2pp/p1p2P2/1p1PP3/3BBN2/PPPQN3/2KR3R b kq - 0 16,32,4MqEpg3O,c5c4,-177,105,g6g5,0.0071,0.0099,0.0098,0.0075,g6f5,g6f5,g6f5,g6f5,189.0,0.0099,0.0004,True,club,03_disagreements_b3,1900,1915,1915,False,True,6,pawn,False,False,True,middlegame,True,False,True,False,False
r2q1k1r/1b2n1b1/5n1p/1BpPNPp1/1p6/pP2B1N1/P1PQ4/2KR3R b - - 0 22,44,4MqEpg3O,d8d6,-140,47,d8d6,0.0051,0.0072,0.0108,0.0189,f6d5,f6d5,f6d5,f6d5,351.0,0.0189,0.0138,True,club,03_disagreements_b3,1900,1915,1915,True,False,6,queen,False,False,True,middlegame,True,False,False,False,False
5r1k/p2rR1p1/2pp3p/5p2/6b1/2PB4/PPP2PPP/4R1K1 b - - 5 20,40,etyIWFBs,f5f4,-404,42,f8f7,0.0072,0.007,0.007,0.0061,d7e7,d7e7,d7e7,f8d8,139.0,0.0072,-0.0011,True,club,03_disagreements_b3,1944,1930,1930,False,True,1,pawn,False,False,True,endgame,True,False,True,False,False
rn1qk2r/pbpp1p2/1p5p/3Pp1p1/1bP5/2N3P1/PP3PP1/2RQKBNR b Kkq - 0 10,20,Bw6yCVG3,a7a5,36,14,d7d6,0.012,0.0061,0.0032,0.0052,d7d6,d7d6,d7d6,d7d6,380.0,0.012,-0.0068,True,club,03_disagreements_b3,2088,2137,2137,False,True,3,pawn,False,False,True,opening,True,False,True,False,False
r1b1k2r/pp3ppp/1q2p3/1B1pP3/1b1n4/2N1B3/PP1Q1PPP/R3K2R b KQkq - 1 12,24,KMn5aUv4,b6b5,100,228,b6b5,0.0134,0.0136,0.0148,0.0108,c8d7,c8d7,d4b5,d4b5,238.0,0.0148,-0.0026,True,club,03_disagreements_b3,1940,1930,1930,True,False,3,queen,True,False,False,opening,True,False,False,False,False
rn1qk2r/p1ppbppp/1p2pnb1/3P2B1/2P5/2NB1N2/PP3PPP/R2QK2R b KQkq - 3 8,16,Kyy5VGrI,g6h5,80,33,g6d3,0.0296,0.0355,0.0318,0.0163,e6d5,e6d5,e6d5,e6d5,121.0,0.0355,-0.0133,True,club,03_disagreements_b3,2111,2104,2104,False,True,3,bishop,False,False,True,opening,True,False,False,False,False
r1b1Rq1k/1p5B/p1pp2Qp/3n2p1/8/2N5/PPP3PP/7K b - - 9 26,52,NJFQWupL,c8h3,-456,54,c8d7,0.0036,0.005,0.0056,0.0077,f8e8,f8e8,f8e8,c8f5,543.0,0.0077,0.0041,True,club,03_disagreements_b3,1824,1813,1813,False,True,6,bishop,False,False,True,middlegame,True,False,False,False,False
r2qk2r/pppb4/2N4p/3p1pp1/3P4/2PBP1n1/P1Q2PPP/R3K2R b KQkq - 0 14,28,fxCjc7Y8,d8f6,-73,86,d8f6,0.0101,0.0101,0.0153,0.0213,d7c6,d7c6,d7c6,d7c6,111.0,0.0213,0.0112,True,club,03_disagreements_b3,1896,2010,2010,True,False,6,queen,False,False,True,middlegame,True,False,False,False,False
r1b1kbnr/ppppq2p/5p2/4N1B1/2Bp4/8/PPP2PPP/RN1QR1K1 b kq - 0 10,20,oyZNfMhc,h7h5,-740,8,e7e5,0.0005,0.0005,0.001,0.0018,f6e5,f6e5,f6e5,f6e5,135.0,0.0018,0.0013,True,club,03_disagreements_b3,1828,1876,1876,False,True,1,pawn,False,False,True,opening,True,False,True,False,False
1rb1R3/pp3kpp/1q6/8/8/2P2N2/PP3PPP/4R1K1 b - - 4 24,48,nTBNC0mq,b6d6,293,66,b6c7,0.0307,0.0336,0.039,0.0451,b6b2,b6b2,b6b2,b6b2,215.0,0.0451,0.0144,True,club,03_disagreements_b3,1969,1970,1970,False,True,5,queen,False,False,True,endgame,False,False,False,False,False
1k4r1/pp2b2p/4p1r1/2q1Pp1Q/5P2/P1P3P1/2P3KP/3RR3 b - - 0 28,56,DAT0yDeR,g6g4,530,88,c5c3,0.0054,0.0038,0.0031,0.0032,c5c3,c5c3,c5c3,c5c3,108.0,0.0054,-0.0022,True,club,03_disagreements_b3,1826,1827,1827,False,True,4,rook,False,False,True,middlegame,True,False,False,False,False
2kr3r/1pp2p2/3bqn2/7p/2P1p1pP/2NPQ1P1/PP4P1/R3NRK1 b - - 1 20,40,ljbMd8FO,d6e5,61,171,b7b6,0.0121,0.0115,0.0122,0.0169,e6e5,b7b6,e4d3,e6e5,252.0,0.0169,0.0048,True,club,03_disagreements_b3,1943,2017,2017,False,True,2,bishop,False,False,True,middlegame,True,False,False,False,False
rnb1kb1Q/ppppq2p/8/7n/3p4/8/PPP1BPPP/RNB1K1NR b KQq - 0 8,16,j8CJz9Hw,d7d5,-494,6,h5f4,0.028,0.0219,0.0144,0.0151,h5f6,h5f6,h5f6,h5f6,103.0,0.028,-0.0129,True,club,03_disagreements_b3,1892,1808,1808,False,True,1,pawn,False,False,True,opening,True,False,True,False,False
3r2k1/8/N3p3/p4np1/2p1q3/2P3P1/PRP2P1P/5RK1 b - - 1 32,64,heXKOH1l,f5h4,1044,520,d8d2,0.0318,0.0389,0.0405,0.0319,d8d2,d8d2,d8d2,d8d2,528.0,0.0405,0.0001,True,club,03_disagreements_b3,1958,1953,1953,False,True,4,knight,False,False,True,endgame,True,False,False,False,False
6k1/8/4N3/p4np1/2p5/2P2qP1/PRPr1P1P/5RK1 b - - 0 34,68,heXKOH1l,f3c6,335,0,f3g4,0.0032,0.0034,0.0037,0.0049,f5e3,f5e3,f5e3,f5e3,985.0,0.0049,0.0017,True,club,03_disagreements_b3,1958,1953,1953,False,True,4,queen,False,False,True,endgame,False,True,False,False,False
2r2rk1/pp1b3p/3qp1p1/3nRpB1/2Bp3Q/3P4/PPP2PPP/4R1K1 b - - 1 18,36,K0VyRmxL,d5e3,-270,97,d5e3,0.0021,0.0015,0.0012,0.0009,b7b5,b7b5,b7b5,b7b5,268.0,0.0021,-0.0012,True,club,03_disagreements_b3,2169,2107,2107,True,False,6,knight,False,False,True,middlegame,True,False,False,False,False
r3k2r/pp1b1pp1/q2pp3/7p/P2PQN1P/2P1P3/1P1K1PP1/R6R b kq - 0 16,32,xnDtuSUZ,a8c8,-123,3,e8g8,0.0171,0.0173,0.023,0.0407,d7a4,d7c6,d7c6,d7c6,324.0,0.0407,0.0236,True,club,03_disagreements_b3,1847,1848,1848,False,True,5,rook,False,False,True,middlegame,False,False,False,False,False
1r2r1k1/1pq2ppp/p4n2/2b1p3/3N4/1PP2PPb/1P1B1Q1P/R1R3K1 b - - 7 24,48,zVrTXGUl,c5b6,664,8,c7b6,0.0049,0.0037,0.0029,0.0027,e5d4,e5d4,e5d4,e5d4,147.0,0.0049,-0.0022,True,club,03_disagreements_b3,1858,1961,1961,False,True,4,bishop,False,False,True,middlegame,False,True,False,False,False
r1b2k1r/ppq2pp1/8/2b5/2P3p1/3P2P1/PP3P1P/RNBQR1K1 b - - 0 14,28,FtvVDWJ1,c5f2,551,665,c7c6,0.0127,0.0109,0.0116,0.0129,c7c6,c7c6,c7c6,c7c6,745.0,0.0129,0.0002,True,club,03_disagreements_b3,2172,2041,2041,False,True,2,bishop,True,True,False,middlegame,True,False,False,False,False
r1b4r/pp2kpp1/2P5/8/6p1/1Q1PBqP1/PP1K1P2/R3R3 b - - 0 24,48,FtvVDWJ1,e7f6,-327,34,c8e6,0.0029,0.0047,0.0077,0.0107,b7c6,f3c6,f3c6,f3c6,516.0,0.0107,0.0078,True,club,03_disagreements_b3,2172,2041,2041,False,True,6,king,False,False,True,middlegame,True,False,False,True,False
4r2r/pP1Q2pk/8/8/3B2p1/3P1qP1/PP1K1P2/R7 b - - 2 30,60,FtvVDWJ1,h8g8,-502,273,e8e2,0.0366,0.0262,0.0212,0.0252,f3e2,f3e2,f3e2,f3e2,395.0,0.0366,-0.0114,True,club,03_disagreements_b3,2172,2041,2041,False,True,6,rook,False,False,True,endgame,False,False,False,False,False
2kr1b1r/pp2qppp/5nn1/2p5/2P5/P2pP1QP/1P1B1PP1/RN1BK2R b KQ - 5 14,28,lp5gFbTx,e7e6,146,47,f6e4,0.0289,0.0245,0.0201,0.019,f6e4,f6e4,f6e4,f6e4,156.0,0.0289,-0.0099,True,club,03_disagreements_b3,1880,1851,1851,False,True,2,queen,False,False,True,middlegame,True,False,False,False,False
1k1r4/pp2r1pp/8/2bB4/2P1Pp2/PQK2P2/4q3/1R6 b - - 3 34,68,lp5gFbTx,d8d5,1339,509,e2f3,0.0143,0.013,0.0159,0.0243,e2f3,e2f3,e2f3,e2f3,600.0,0.0243,0.01,True,club,03_disagreements_b3,1880,1851,1851,False,True,4,rook,True,False,False,middlegame,True,False,False,False,False
6k1/3p1p2/p2r1p1p/8/R2p4/P2K4/2P2PPP/8 b - - 1 26,52,F7fAQ1S0,d6e6,-113,7,g8f8,0.0479,0.028,0.0175,0.0162,f6f5,g8g7,g8g7,g8f8,163.0,0.0479,-0.0317,True,club,03_disagreements_b3,2230,2004,2004,False,True,5,rook,False,False,True,endgame,False,False,False,False,False
r4rk1/pp1nppbp/1q1p2p1/5P2/4P1b1/2Pp2P1/PP1P2BP/R1B1QRNK b - - 0 14,28,8egdCLCR,e7e6,43,2,g6f5,0.0369,0.0308,0.0196,0.0112,d7e5,d7e5,d7e5,d7e5,121.0,0.0369,-0.0257,True,club,03_disagreements_b3,2163,2197,2197,False,True,2,pawn,False,False,True,middlegame,True,False,True,False,False
r3r1k1/7p/1p1p1p1b/1N2nP2/6P1/1PPp3P/P2P2K1/R1B2R2 b - - 2 26,52,8egdCLCR,e5c6,-148,1,e5f7,0.0363,0.0259,0.0169,0.0113,a8a5,a8a5,h6f8,h6f8,201.0,0.0363,-0.025,True,club,03_disagreements_b3,2163,2197,2197,False,True,5,knight,False,False,True,middlegame,False,True,False,False,False
2r1kb1r/p3qpp1/4p2p/2NnPb2/3P1P2/BP2nN2/P2QB1PP/R1R4K b k - 0 20,40,CdgciEaI,f7f6,-396,19,g7g5,0.0392,0.0279,0.0229,0.0221,e7c7,e7c7,e7d8,e7d8,539.0,0.0392,-0.0171,True,club,03_disagreements_b3,1912,1975,1975,False,True,6,pawn,False,False,True,middlegame,True,False,True,False,False
8/p5bk/6pp/3Q1r2/1P2pq2/2P1NpP1/P4P1P/2R3K1 b - - 0 30,60,L1FSybnR,f4e3,485,614,f4e3,0.0085,0.007,0.0061,0.0056,f5d5,f5d5,f5d5,f5d5,618.0,0.0085,-0.0029,True,club,03_disagreements_b3,2051,2063,2063,True,False,5,queen,True,False,False,endgame,True,False,False,False,False
r1bq1rk1/ppp3pp/2nb1n2/4p1N1/3pP3/6P1/PPPNQPBP/R1B2RK1 b - - 1 10,20,gbl2PWmz,d8e8,105,38,h7h6,0.019,0.0204,0.0268,0.0407,c8g4,h7h6,h7h6,h7h6,248.0,0.0407,0.0217,True,club,03_disagreements_b3,2014,1964,1964,False,True,3,queen,False,False,True,opening,False,False,False,False,False
2kr1b1r/p1p2ppp/4n3/1p2N3/8/8/PPP2PPP/R1B1R1K1 b - - 0 16,32,HC54asBJ,f8c5,-5,65,d8d5,0.0454,0.0457,0.0481,0.0478,e6d4,h8g8,h8g8,h8g8,189.0,0.0481,0.0024,True,club,03_disagreements_b3,1921,1955,1955,False,True,5,bishop,False,False,True,middlegame,True,False,False,False,False
1Q6/5ppk/1pr3qp/p2p1n2/3PbP2/P1P4P/1B3RP1/4R1K1 b - - 5 28,56,3FjHQDiV,c6e6,190,42,f5h4,0.0267,0.0254,0.026,0.0318,f5h4,f5h4,f5h4,f5h4,140.0,0.0318,0.0051,True,club,03_disagreements_b3,2046,2121,2121,False,True,0,rook,False,False,True,middlegame,False,False,False,False,False
r1bq4/p5kp/2pb1rp1/3P1p2/2P2N2/P5P1/5P1P/R1BQR1K1 b - - 0 18,36,6EtW75co,d8b6,-454,30,d6f4,0.0066,0.0058,0.0054,0.0054,c6d5,c6d5,c6d5,c6d5,133.0,0.0066,-0.0012,True,club,03_disagreements_b3,1962,1885,1885,False,True,6,queen,False,False,True,middlegame,True,False,False,False,False
1r6/5rbk/p2p3p/2pPp2q/1PP3p1/P1B1Q1P1/3R1PKP/R7 b - - 0 32,64,NUz07uk7,h5g6,-66,57,f7f3,0.005,0.0042,0.0033,0.0025,h5h3,h5h3,h5h3,h5h3,121.0,0.005,-0.0025,True,club,03_disagreements_b3,1941,1824,1824,False,True,5,queen,False,False,True,middlegame,False,True,False,False,False
3r2k1/r5q1/1pnnpb1p/3p2P1/p2P1P1P/P1PQBR2/1P1N4/5RK1 b - - 0 26,52,wH6Efcc4,d8f8,217,3,d6f5,0.008,0.006,0.0044,0.0042,h6g5,h6g5,h6g5,h6g5,150.0,0.008,-0.0038,True,club,03_disagreements_b3,1904,1940,1940,False,True,2,rook,False,False,True,middlegame,False,False,False,False,False
2r3k1/3R1p2/3Pp2p/3p1p2/3r1P2/5P1P/1R6/6K1 b - - 0 30,60,DJK65wUH,g8g7,257,204,d4f4,0.0138,0.0118,0.0124,0.0151,d4f4,d4f4,d4f4,d4f4,441.0,0.0151,0.0013,True,club,03_disagreements_b3,1846,1811,1811,False,True,0,king,False,False,True,endgame,True,False,False,True,False
5rk1/1RR2p2/3Pp2p/3p1p2/5r2/5P1P/8/6K1 b - - 3 32,64,DJK65wUH,g8g7,303,80,g8g7,0.018,0.0173,0.0203,0.0257,f4f3,f4f3,f4f3,f4f3,828.0,0.0257,0.0077,True,club,03_disagreements_b3,1846,1811,1811,True,False,0,king,False,False,True,endgame,True,False,False,True,False
r2qr1k1/ppp2ppp/3b2b1/8/4n1PP/2P2Q2/PPB2P2/R1B2K1R b - - 0 16,32,0JP9vSUP,e4g3,656,41,h7h6,0.0499,0.0426,0.0396,0.0375,h7h6,h7h6,h7h6,h7h6,103.0,0.0499,-0.0124,True,club,03_disagreements_b3,1926,1863,1863,False,True,4,knight,False,True,False,middlegame,True,False,False,False,False
r2qk2r/2pn1ppb/p1N1pn1p/1p6/2BP1bP1/2N4P/PPP1Q3/1K1R3R b kq - 1 14,28,0xgsKnHE,b5c4,197,170,d8c8,0.029,0.0275,0.0316,0.031,d8c8,d8c8,d8c8,d8c8,173.0,0.0316,0.002,True,club,03_disagreements_b3,1847,1903,1903,False,True,6,pawn,True,False,False,middlegame,True,False,True,False,False
1r1qkb1r/1p3ppp/p1npbn2/4p1B1/P1N1P3/2N5/1PP2PPP/R2QKB1R b KQk - 0 10,20,lIsjHaVi,c6b4,-55,15,f8e7,0.0077,0.005,0.0043,0.007,f8e7,f8e7,f8e7,b7b5,203.0,0.0077,-0.0007,True,club,03_disagreements_b3,2337,2213,2213,False,True,3,knight,False,False,True,opening,True,False,False,False,False
r1b1r1k1/ppqn1pbp/5np1/2pP4/P1P5/3BPN2/1BQ2PPP/1R2R1K1 b - - 0 16,32,1RGGcb4E,f6h5,245,10,b7b6,0.0092,0.0076,0.0066,0.0079,d7e5,d7e5,d7e5,d7e5,127.0,0.0092,-0.0013,True,club,03_disagreements_b3,1941,1811,1811,False,True,2,knight,False,False,True,middlegame,True,False,False,False,False
r4rk1/ppp2ppp/1n6/1PP2b2/7q/3P4/P4PPP/RNBQ1RK1 b - - 0 14,28,tWqunbUY,h4d4,138,104,b6d7,0.0254,0.0263,0.0303,0.0486,b6d5,b6d5,b6d5,b6d5,109.0,0.0486,0.0232,True,club,03_disagreements_b3,2155,2295,2295,False,True,0,queen,False,False,True,middlegame,False,False,False,False,False
3rr1k1/Qpp2ppp/8/1PB2b2/8/N7/P4PPP/q4RK1 b - - 2 20,40,tWqunbUY,a1f1,1998,7,a1f1,0.0385,0.0408,0.0397,0.0395,a1a2,a1a2,a1a2,a1a2,1516.0,0.0408,0.001,True,club,03_disagreements_b3,2155,2295,2295,True,False,4,queen,True,True,False,middlegame,False,False,False,False,False
r2q1rk1/pppn1p1p/4pp1b/1Q3b2/3Pp3/2N4P/PPP2PP1/1K1R1BNR b - - 0 10,20,rTmuhne6,h6g7,43,9,d7b6,0.0077,0.0102,0.0092,0.0074,b7b6,d7b6,d7b6,d7b6,308.0,0.0102,-0.0003,True,club,03_disagreements_b3,2040,1930,1930,False,True,2,bishop,False,False,True,opening,False,True,False,False,False
2r3k1/1pr2pb1/4p3/p2p2QP/3P4/P2B1N2/P7/1K1R4 b - - 0 28,56,rTmuhne6,e6e5,-725,12,c7c3,0.0112,0.006,0.0038,0.0031,c7c3,c7c3,c7c3,c7c3,1267.0,0.0112,-0.0081,True,club,03_disagreements_b3,2040,1930,1930,False,True,1,pawn,False,False,True,middlegame,True,False,True,False,False
r1bq1rk1/ppp2ppp/1n1bp3/4n3/8/1BP4N/PP1PQPPP/RNB2RK1 b - - 2 10,20,gpNmX8Rs,e5d3,117,99,d8h4,0.0015,0.001,0.0009,0.0009,c8d7,c8d7,c8d7,e5g6,121.0,0.0015,-0.0006,True,club,03_disagreements_b3,2236,2026,2026,False,True,2,knight,False,False,True,opening,True,False,False,False,False
rq2k2r/1p1b1ppp/p2Bp3/3p3P/8/P1Nn4/1P2QPP1/2R1R1K1 b kq - 0 18,36,r9hN2SjF,d3c1,268,119,b8d6,0.037,0.0163,0.0116,0.0078,b8d6,b8d6,b8d6,b8d6,104.0,0.037,-0.0292,True,club,03_disagreements_b3,1938,1959,1959,False,True,0,knight,True,False,False,middlegame,True,False,False,False,False
r2qkbnr/5ppp/p3p3/2ppPbB1/3P4/5N2/PP3PPP/RN1Q1RK1 b kq - 1 10,20,UnzAXqts,d8d7,9,23,f8e7,0.0076,0.0046,0.0033,0.0026,f8e7,f8e7,d8b6,d8b6,185.0,0.0076,-0.005,True,club,03_disagreements_b3,1863,1910,1910,False,True,3,queen,False,False,True,opening,True,False,False,False,False
r2r2k1/ppp2pp1/2b1pq1p/4n3/8/2P2P2/PPB1QNPP/2KR3R b - - 12 16,32,A6jaJnkd,e5f3,315,75,e5g6,0.0072,0.0061,0.0059,0.005,d8d1,d8d1,d8d1,a7a6,116.0,0.0072,-0.0022,True,club,03_disagreements_b3,2066,2096,2096,False,True,0,knight,True,False,False,middlegame,True,False,False,False,False
8/8/p1k2pp1/1p2p1b1/8/1Q6/PP1q2PP/3R3K b - - 1 32,64,ECtcZRcy,d2d1,-600,26,d2e3,0.0166,0.0135,0.0106,0.0075,d2e2,d2e2,d2e2,d2e2,1395.0,0.0166,-0.0091,True,club,03_disagreements_b3,2047,2057,2057,False,True,1,queen,True,True,False,endgame,True,False,False,False,False
r1bqkb1r/1p1n1ppp/p3pn2/3p4/3P1B2/4PN2/PP1N1PPP/2RQKB1R b Kkq - 2 8,16,rbwEzuUX,d7b8,-112,23,d8a5,0.0016,0.0012,0.0008,0.0007,f8b4,b7b5,b7b5,b7b5,123.0,0.0016,-0.0009,True,club,03_disagreements_b3,1990,1910,1910,False,True,3,knight,False,False,True,opening,False,True,False,False,False
r4rk1/p3npb1/1p2b2p/4p1BQ/8/2P4P/P1B2PPN/R5K1 b - - 0 20,40,dA6N83WP,e5e4,-564,8,e7f5,0.0077,0.004,0.0021,0.0011,h6g5,h6g5,h6g5,h6g5,1435.0,0.0077,-0.0066,True,club,03_disagreements_b3,2195,2126,2126,False,True,1,pawn,False,False,True,middlegame,True,False,True,False,False
r6r/1p1b1pk1/5b2/p1BBqPp1/3P2P1/5Q2/PP4K1/2R4R b - - 0 28,56,hGtTtF92,e5d5,-216,87,e5f4,0.0058,0.0043,0.0032,0.0024,e5f4,e5f4,e5f4,e5f4,108.0,0.0058,-0.0034,True,club,03_disagreements_b3,2100,2077,2077,False,True,5,queen,True,False,False,middlegame,False,False,False,False,False
r2qr1k1/ppp2pb1/2np2p1/4P2p/5BnP/2PBP3/PPQN1PP1/R3K2R b KQ - 0 12,24,Lab9L6FS,d6d5,-15,2,d6e5,0.0004,0.0002,0.0001,0.0001,d6e5,d6e5,d6e5,d6e5,168.0,0.0004,-0.0003,True,club,03_disagreements_b3,1821,1805,1805,False,True,2,pawn,False,False,True,opening,True,False,True,False,False
r3rk2/ppp2p1B/2n2q2/4p2R/6n1/2P1PN2/PPQ2PP1/R3K3 b Q - 0 18,36,Lab9L6FS,f6g7,-267,7,e5e4,0.0352,0.0273,0.0226,0.0265,e5e4,f8e7,f8e7,f8e7,129.0,0.0352,-0.0087,True,club,03_disagreements_b3,1821,1805,1805,False,True,6,queen,False,False,True,middlegame,False,True,False,False,False
r6k/2q1b1p1/2p1b2p/pp2pr2/8/1P2B2P/1PP1NPPQ/R2R2K1 b - - 1 22,44,H6HWMMSz,f5f6,62,13,e7g5,0.0129,0.0121,0.0073,0.0045,a8f8,a8f8,a8f8,a8f8,107.0,0.0129,-0.0084,True,club,03_disagreements_b3,1839,1846,1846,False,True,2,rook,False,False,True,middlegame,False,True,False,False,False
2r3k1/5pp1/pq2p2p/1p1pN2N/2r5/P2Q4/1P3PPP/R4RK1 b - - 4 22,44,7IRQIush,b6d8,-553,47,c4c2,0.0021,0.0017,0.0013,0.0009,c4d4,c4d4,c4d4,c4d4,232.0,0.0021,-0.0012,True,club,03_disagreements_b3,1970,1968,1968,False,True,1,queen,False,False,True,middlegame,False,True,False,False,False
r3k2r/pbqp1pp1/2p2n1p/1pb5/3pP2B/1BPP4/PP3PPP/RN1QR1K1 b kq - 1 12,24,Tv16cpIe,c7f4,-123,64,g7g5,0.0403,0.0327,0.0284,0.0324,e8c8,e8c8,e8c8,e8c8,150.0,0.0403,-0.0079,True,club,03_disagreements_b3,1995,1980,1980,False,True,3,queen,False,False,True,opening,True,False,False,False,False
3rn1k1/ppb1rppp/6n1/2N1Pq2/2Pp1P2/PP1P3P/6BK/R1BQ1R2 b - - 1 22,44,zkmmA79o,e7e5,-134,36,c7e5,0.002,0.0013,0.001,0.0011,b7b6,b7b6,b7b6,b7b6,133.0,0.002,-0.0009,True,club,03_disagreements_b3,1899,1907,1907,False,True,6,rook,True,False,False,middlegame,True,False,False,False,False
r3k1nr/p1qbppbp/2p3p1/3pP3/3B4/2NQ1N2/PPP2PPP/R4RK1 b kq - 3 12,24,oT52pxfa,d7g4,-108,2,e7e6,0.0412,0.0376,0.0267,0.0139,d7f5,d7f5,d7f5,e7e6,111.0,0.0412,-0.0273,True,club,03_disagreements_b3,2067,2027,2027,False,True,2,bishop,False,False,True,opening,True,False,False,False,False
r3kb1r/1pp2p2/p1b1p1p1/4P2p/4BPnq/1NP4P/PP2Q1P1/R1B2RK1 b kq - 1 16,32,yIsAVdZk,g4e5,-71,127,g4e5,0.0035,0.0017,0.0011,0.0011,c6e4,c6e4,c6e4,c6e4,123.0,0.0035,-0.0024,True,club,03_disagreements_b3,2911,2970,2970,True,False,6,knight,True,False,False,middlegame,False,True,False,False,False
r1b1k2r/1pqnppnp/p5p1/2p1P3/5P2/2N2N2/PPPQ2PP/2KR1B1R b kq - 1 12,24,hnAOEuag,d7b6,-155,58,d7b6,0.0339,0.0253,0.0231,0.034,e8g8,e8g8,e8g8,e8g8,240.0,0.034,0.0001,True,club,03_disagreements_b3,1865,1829,1829,True,False,3,knight,False,False,True,opening,True,False,False,False,False
8/pp2r1k1/5pBp/3Kp2P/P1P3P1/1P3P2/8/8 b - - 0 32,64,ULXMZXra,e5e4,-184,52,g7f8,0.021,0.0117,0.0078,0.0071,e7d7,e7d7,e7d7,e7d7,227.0,0.021,-0.0139,True,club,03_disagreements_b3,1941,1925,1925,False,True,5,pawn,False,False,True,endgame,True,False,True,False,False
2kr2r1/p7/8/3n4/2Nb1p2/P5P1/1P3PK1/1RBR4 b - - 1 26,52,bf0IWXwd,d4f6,-222,47,d4f2,0.0482,0.041,0.0329,0.0355,f4g3,f4g3,f4g3,f4g3,153.0,0.0482,-0.0127,True,club,03_disagreements_b3,2083,2008,2008,False,True,5,bishop,False,False,True,middlegame,False,True,False,False,False
2kr2r1/p7/8/3n4/2N5/P5p1/1P4K1/1RBR4 b - - 1 28,56,bf0IWXwd,g8g7,-365,1,d8f8,0.0187,0.0229,0.027,0.0295,d5f4,d5f4,d5f4,d5f4,251.0,0.0295,0.0108,True,club,03_disagreements_b3,2083,2008,2008,False,True,7,rook,False,False,True,middlegame,True,False,False,False,False
r1b1kbr1/ppppq1pp/8/4P3/4pB2/8/PPP2PPP/RN1QK2R b KQq - 1 8,16,2RoDajIo,e7f7,-13,42,g7g6,0.0152,0.0181,0.0265,0.0403,g7g5,g7g5,g7g5,g7g5,111.0,0.0403,0.0251,True,club,03_disagreements_b3,1935,1906,1906,False,True,3,queen,False,False,True,opening,False,False,False,False,False
2r1rn1k/1b3p1p/p4Ppq/3NpP2/4P1Q1/1PN3RP/P5BK/3R4 b - - 4 28,56,NxY5Apnf,a6a5,-504,24,c8c5,0.0291,0.0219,0.0165,0.0141,f8d7,f8d7,f8d7,f8d7,155.0,0.0291,-0.015,True,club,03_disagreements_b3,2039,2139,2139,False,True,1,pawn,False,False,True,middlegame,True,False,True,False,False
r1b2rk1/p2n1ppp/2p2n2/R3p2q/1PNPP3/6PP/2QN1PB1/1R4K1 b - - 1 18,36,DstXnlRY,f6e8,-398,6,f8e8,0.0059,0.0065,0.0064,0.0056,e5d4,e5d4,e5d4,e5d4,150.0,0.0065,-0.0003,True,club,03_disagreements_b3,2051,2042,2042,False,True,6,knight,False,False,True,middlegame,False,True,False,False,False
r4rk1/ppq2ppp/2pb1nn1/4pb2/4PP2/1P4PP/PBPNN1BK/R2Q1R2 b - - 0 14,28,u1b5epNj,f5g4,-221,55,f5c8,0.0097,0.0079,0.0066,0.0052,f5e6,f5d7,f5d7,f5d7,101.0,0.0097,-0.0045,True,club,03_disagreements_b3,1998,1991,1991,False,True,2,bishop,False,False,True,middlegame,True,False,False,False,False
2Rq1rk1/1b2bppp/p3pn2/1p1pn1B1/1N1P4/P2BP3/1P2QPPP/5RK1 b - - 0 16,32,OTdlnbr2,e5f3,-74,361,b7c8,0.0007,0.0032,0.0115,0.0269,d8c8,d8c8,d8c8,d8c8,332.0,0.0269,0.0262,True,club,03_disagreements_b3,1962,2040,2040,False,True,6,knight,False,True,False,middlegame,True,False,False,False,False
5rk1/3b1ppn/pb2p2p/1p1pP3/5PP1/P2BP3/1P2Q2P/2R4K b - - 0 24,48,OTdlnbr2,b5b4,-426,3,f7f6,0.0041,0.0022,0.0013,0.0009,f8c8,f7f6,f8c8,f8c8,113.0,0.0041,-0.0032,True,club,03_disagreements_b3,1962,2040,2040,False,True,1,pawn,False,False,True,middlegame,True,False,True,False,False
r4k2/pp3Bp1/1qnb1p2/3pP2Q/3P3B/2P2N2/PP3PKP/R4R2 b - - 0 22,44,6UB8e4nA,b6a5,-1071,10,f8e7,0.0006,0.0003,0.0002,0.0002,f6e5,f6e5,f6e5,f6e5,927.0,0.0006,-0.0004,True,club,03_disagreements_b3,1818,1850,1850,False,True,1,queen,False,False,True,middlegame,True,False,False,False,False
k2n4/pp1Q4/5q2/3B4/3P4/2P5/PP3PKP/R7 b - - 1 34,68,6UB8e4nA,a8b8,-794,6,f6b6,0.0138,0.0096,0.0116,0.0262,f6g5,f6g5,f6g5,f6g5,189.0,0.0262,0.0124,True,club,03_disagreements_b3,1818,1850,1850,False,True,1,king,False,False,True,endgame,False,False,False,True,False
r2q1rk1/pp2ppbp/5np1/2pP4/1nP5/2N1PN2/PB1Q1PPP/R3K2R b KQ - 2 12,24,Vapmqykp,b7b5,67,130,f6e4,0.0214,0.0198,0.016,0.0162,e7e6,e7e6,e7e6,e7e6,202.0,0.0214,-0.0052,True,club,03_disagreements_b3,2152,2075,2075,False,True,3,pawn,False,False,True,opening,True,False,True,False,False
r4rk1/2q1ppbp/n5p1/N2P4/2P5/P3PN2/3Q1PPP/1R2K2R b K - 0 18,36,Vapmqykp,a6b8,-132,116,a6c5,0.0174,0.0103,0.0052,0.0032,a6c5,a6c5,a6c5,a6c5,106.0,0.0174,-0.0142,True,club,03_disagreements_b3,2152,2075,2075,False,True,6,knight,False,False,True,middlegame,False,True,False,False,False
r1b2k1r/ppp1q1p1/3b1nQp/8/3pp3/1B6/PPPN1PPP/R1B2RK1 b - - 3 14,28,gyrHDKUq,c8g4,120,20,c8e6,0.0107,0.0113,0.0124,0.0159,c8e6,c8e6,c8e6,c8e6,132.0,0.0159,0.0052,True,club,03_disagreements_b3,1838,1853,1853,False,True,2,bishop,False,False,True,middlegame,True,False,False,False,False
r1b2rk1/ppp2npp/5q2/3Q4/2B5/5N2/PPP2PPP/2KR3R b - - 2 14,28,pYit6NW9,g8h8,-203,51,c7c6,0.0287,0.0466,0.0432,0.0221,c8e6,c7c6,c7c6,c7c6,124.0,0.0466,-0.0066,True,club,03_disagreements_b3,1966,1917,1917,False,True,5,king,False,False,True,middlegame,False,False,False,True,False
r4rk1/p4n1p/3R1p2/1ppB4/8/5P2/PPP2P1P/2K4R b - - 1 20,40,pYit6NW9,f8d8,-159,206,a8d8,0.0334,0.0192,0.0156,0.0125,a8d8,a8d8,a8d8,a8d8,277.0,0.0334,-0.0209,True,club,03_disagreements_b3,1966,1917,1917,False,True,5,rook,False,False,True,endgame,False,False,False,False,False
rn3r2/pp3ppk/2p1b1q1/3pP1p1/3PN3/6P1/PP1Q2BP/4RRK1 b - - 5 18,36,6dx2YzbI,g5g4,-100,53,h7g8,0.0143,0.0118,0.0103,0.0087,d5e4,d5e4,d5e4,d5e4,359.0,0.0143,-0.0056,True,club,03_disagreements_b3,1968,1822,1822,False,True,2,pawn,False,False,True,middlegame,True,False,True,False,False
8/3k2p1/5p1p/3N4/PPP5/3bB2P/5KP1/8 b - - 6 32,64,hBamzBmi,g7g5,-677,6,d7d6,0.0016,0.0008,0.0005,0.0005,d3c4,d3c4,d3c4,d3c4,169.0,0.0016,-0.0011,True,club,03_disagreements_b3,1820,1845,1845,False,True,1,pawn,False,False,True,endgame,True,False,True,False,False
r5k1/2q1rppb/p3p3/2p1P1pP/3p1P2/8/PPPQN3/R3K1R1 b Q - 1 24,48,HTi817Z2,d4d3,179,0,g5f4,0.0188,0.0148,0.0128,0.0121,g5f4,g5f4,g5f4,g5f4,190.0,0.0188,-0.0067,True,club,03_disagreements_b3,1991,1941,1941,False,True,0,pawn,False,False,True,middlegame,True,False,True,False,False
1k5r/1p6/p2p4/N1p1p3/4PbR1/2P5/PP3P1p/3B3K b - - 0 30,60,9KiaX4LM,h8h7,-345,12,f4c1,0.0157,0.0183,0.0224,0.0275,b7b6,b7b6,b8c7,b8c7,239.0,0.0275,0.0118,True,club,03_disagreements_b3,1873,1865,1865,False,True,7,rook,False,False,True,endgame,True,False,False,False,False
5rk1/2qb1ppp/4p3/p2pP3/P1pQ1P2/1rP4P/4B1PK/R2R4 b - - 4 22,44,CtMjH6u7,d7c6,195,16,b3b2,0.0205,0.0183,0.0153,0.0115,b3b2,f8b8,f8b8,f8b8,123.0,0.0205,-0.009,True,club,03_disagreements_b3,1832,1869,1869,False,True,0,bishop,False,False,True,middlegame,True,False,False,False,False
r3k2r/pp2pp2/1qnp1bpp/2p2P1n/4P3/PB1PB2P/1PPN1QP1/R3K2R b KQkq - 0 16,32,dhDL1PGg,c6a5,-137,9,f6b2,0.031,0.0237,0.0203,0.0162,f6b2,f6b2,f6b2,f6b2,190.0,0.031,-0.0148,True,club,03_disagreements_b3,1819,1800,1800,False,True,2,knight,False,False,True,middlegame,True,False,False,False,False
4q3/5pk1/1Q4p1/3B3r/4P1Rb/2P5/PP6/6K1 b - - 0 34,68,8SPaEGUU,e8c8,41,40,e8e5,0.0138,0.0118,0.0117,0.0118,e8e5,e8e5,e8e5,e8e5,194.0,0.0138,-0.002,True,club,03_disagreements_b3,1973,2079,2079,False,True,0,queen,False,False,True,endgame,False,False,False,False,False
r1bq1rk1/p1p1bppp/2p5/3pP3/3N2n1/8/PPP2PPP/RNBQR1K1 b - - 0 10,20,sGZxU89a,e7b4,135,13,e7c5,0.0203,0.0078,0.0032,0.0013,e7c5,e7c5,c6c5,c6c5,374.0,0.0203,-0.019,True,club,03_disagreements_b3,2104,2131,2131,False,True,3,bishop,False,False,True,opening,True,False,False,False,False
r4k2/5ppp/p3p1b1/1pP5/1PpNP3/5P2/1P4PP/R5K1 b - - 4 26,52,AxXxVzPI,a8d8,-262,114,a8d8,0.0436,0.0241,0.0166,0.0128,e6e5,f8e7,f8e7,f8e7,135.0,0.0436,-0.0308,True,club,03_disagreements_b3,2258,2306,2306,True,False,5,rook,False,False,True,endgame,False,False,False,False,False
r3k3/5bp1/p1NRpp1p/1pP1P3/1Pp2P2/8/1P3KPP/8 b - - 0 32,64,AxXxVzPI,e8f8,-412,25,e8f8,0.0483,0.0384,0.0309,0.0292,f6e5,f6e5,f6e5,f6f5,102.0,0.0483,-0.0191,True,club,03_disagreements_b3,2258,2306,2306,True,False,6,king,False,False,True,endgame,False,False,False,True,False
4r1k1/2q1rppp/ppp1n2P/4P3/3P4/4B1P1/1P4QK/2R1R3 b - - 0 32,64,ZITGHicj,e7d7,-27,15,c6c5,0.0058,0.0065,0.0113,0.0175,g7g6,g7g6,g7g6,g7g6,207.0,0.0175,0.0117,True,club,03_disagreements_b3,2091,2083,2083,False,True,5,rook,False,False,True,middlegame,False,False,False,False,False
r1b2rk1/2b2ppp/1pn1p3/pP2P3/N1Pp2q1/P4N2/1B2QPPP/2R1R1K1 b - - 0 18,36,VeGsJy34,c8b7,-165,100,c6e7,0.0074,0.006,0.0059,0.0056,c6e7,c6e7,c6e7,c6e7,123.0,0.0074,-0.0018,True,club,03_disagreements_b3,1956,1992,1992,False,True,6,bishop,False,False,True,middlegame,True,False,False,False,False
7q/1r2k3/pNpp1p2/P1n1p1p1/1QP1P1P1/3PPK2/6P1/1R6 b - - 9 34,68,jDtgqSR5,f6f5,0,51,h8h7,0.0049,0.0026,0.0019,0.0024,c5d3,c5d3,h8b8,h8b8,409.0,0.0049,-0.0025,True,club,03_disagreements_b3,1914,1975,1975,False,True,5,pawn,False,False,True,endgame,True,False,True,False,False
3r2k1/1p3ppp/p4n2/2q1bN2/P2P4/1B1Q1P2/5PKP/4R3 b - - 1 26,52,tM8LaW1q,g7g6,-65,36,c5c7,0.0096,0.0077,0.0068,0.0095,e5d4,e5d4,e5d4,e5d4,280.0,0.0096,-0.0001,True,club,03_disagreements_b3,2275,2374,2374,False,True,5,pawn,False,False,True,middlegame,True,False,True,False,False
1b4k1/4rppp/8/1BPQ4/1P1p1qP1/7P/P4P2/3R1K2 b - - 12 32,64,91kxJDbM,f4c7,-578,51,b8c7,0.0186,0.0171,0.0152,0.0162,f4h2,f4h2,f4h2,f4h2,1420.0,0.0186,-0.0024,True,club,03_disagreements_b3,1888,1887,1887,False,True,6,queen,False,False,True,endgame,False,True,False,False,False
r4n2/2p3kp/5q2/p2P1pp1/2P2p2/1N3Q2/P5PP/4R2K b - - 0 34,68,cTN27tsz,a8b8,32,21,a8a6,0.0105,0.0081,0.0073,0.0079,a5a4,f8g6,f8g6,f8g6,204.0,0.0105,-0.0026,True,club,03_disagreements_b3,1995,1916,1916,False,True,0,rook,False,False,True,endgame,False,False,False,False,False
r4rk1/pb3ppp/4pb2/1p2P3/2p5/2P3B1/PPB2PPP/R2R2K1 b - - 0 16,32,uDW4sj8D,f6d8,13,26,f6g5,0.0165,0.0157,0.015,0.0142,f6g5,f6g5,f6g5,f6e7,448.0,0.0165,-0.0023,True,club,03_disagreements_b3,1991,1891,1891,False,True,5,bishop,False,False,True,middlegame,False,True,False,False,False
2r3k1/p2R1p1p/1b2pP2/1p1b4/2p5/2P5/PPB1KBPP/8 b - - 0 26,52,uDW4sj8D,d5c6,-52,9,b6d8,0.0238,0.0201,0.019,0.0214,b6f2,b6f2,b6f2,b6f2,252.0,0.0238,-0.0024,True,club,03_disagreements_b3,1991,1891,1891,False,True,5,bishop,False,False,True,endgame,False,True,False,False,False
rnq1k2r/pp3pp1/2pb1n1p/3pN3/3P1B2/1Q1B1P2/PP4PP/2R2RK1 b kq - 4 14,28,OfgFAwxA,c8c7,-64,187,e8g8,0.042,0.0413,0.0295,0.0187,e8g8,e8g8,e8g8,e8g8,219.0,0.042,-0.0233,True,club,03_disagreements_b3,1919,1905,1905,False,True,3,queen,False,False,True,middlegame,True,False,False,False,False
8/n1qb1kp1/4p1n1/p2PPp2/1p1P1P2/bB3NP1/3NQB2/7K b - - 0 28,56,RpOW1SKs,f7f8,-350,25,c7c1,0.0006,0.0008,0.001,0.0011,d7b5,d7b5,d7b5,d7b5,201.0,0.0011,0.0005,True,club,03_disagreements_b3,1870,1870,1870,False,True,6,king,False,False,True,middlegame,False,True,False,True,False
rb2k3/pp3pp1/8/2QPp3/2N3Bn/2PP4/PP4r1/R1B2KNq b q - 0 20,40,bIugwcs0,b8d6,-205,43,b8c7,0.0003,0.0004,0.0004,0.0006,g2g4,g2g4,g2g4,g2g4,335.0,0.0006,0.0003,True,club,03_disagreements_b3,2463,2308,2308,False,True,7,bishop,False,False,True,middlegame,True,False,False,False,False
3qk2r/4bppp/3p1n2/4p3/rpb1P1PP/1P2BP2/P1PQ4/1KNR3R b k - 0 18,36,mKdaogKW,f6d7,38,3,d6d5,0.0005,0.0004,0.0004,0.0006,c4b3,c4b3,c4b3,c4b3,314.0,0.0006,0.0001,True,club,03_disagreements_b3,1912,1921,1921,False,True,6,knight,False,False,True,middlegame,False,True,False,False,False
5r1r/ppR4p/4k1p1/2p1N3/n7/6B1/P4PPP/1R4K1 b - - 0 30,60,lnCLAYPy,f8c8,-539,62,a4b6,0.0193,0.0202,0.0202,0.0205,a4c3,a4c3,a4c3,a4c3,150.0,0.0205,0.0012,True,club,03_disagreements_b3,1934,1898,1898,False,True,1,rook,False,False,True,middlegame,False,False,False,False,False
1q5r/3pkppp/2n1p3/3nP3/N1B5/R4N2/1PP2PPP/5RK1 b - - 2 18,36,OUJUdEtq,d5f4,203,30,d5f4,0.0497,0.0289,0.0179,0.0161,c6e5,c6e5,c6e5,c6e5,413.0,0.0497,-0.0336,True,club,03_disagreements_b3,2602,2699,2699,True,False,0,knight,False,False,True,middlegame,True,False,False,False,False
8/1R1pkp2/4p1n1/2q5/7p/1BN4P/1PP2PP1/6K1 b - - 7 30,60,OUJUdEtq,c5g5,473,115,c5g5,0.0185,0.0188,0.0161,0.0156,g6f4,g6f4,g6f4,g6f4,177.0,0.0188,-0.0029,True,club,03_disagreements_b3,2602,2699,2699,True,False,0,queen,False,False,True,endgame,False,False,False,False,False
3r1r2/1pq2pk1/2pp2p1/pP1PpB2/P1Pb2QR/2n3P1/1K4P1/5R2 b - - 1 32,64,butFmuc3,c3e4,542,44,c6d5,0.0432,0.0476,0.044,0.045,c3a4,c3a4,c3a4,c3a4,134.0,0.0476,0.0018,True,club,03_disagreements_b3,1919,2073,2073,False,True,4,knight,False,True,False,middlegame,False,True,False,False,False
r4rk1/pp1b1ppp/1qn1p3/3pP3/PbnP4/2N2NPB/1P2RP1P/2BQ1RK1 b - - 12 14,28,NkOA3BIj,f8d8,6,3,f7f5,0.0019,0.0016,0.0015,0.0023,b4c3,c6a5,b4e7,a8c8,149.0,0.0023,0.0004,True,club,03_disagreements_b3,2292,1814,1814,False,True,2,rook,False,False,True,middlegame,False,False,False,False,False
4r1k1/1pb1qp1p/p1p3pr/2Pp1b2/1P3P1P/P2BP1P1/2QB2K1/4RR2 b - - 6 26,52,dibiqwTa,e7d7,37,11,f5d3,0.0292,0.0241,0.0206,0.0197,f5d3,f5d3,f5e4,f5e4,108.0,0.0292,-0.0095,True,club,03_disagreements_b3,2198,2133,2133,False,True,2,queen,False,False,True,middlegame,False,False,False,False,False
6k1/1pb2p2/p1p3pp/2Pp1r2/1P2rP1P/P1B1PKP1/8/4RR2 b - - 3 32,64,dibiqwTa,c7e5,-15,2,h6h5,0.0018,0.0015,0.0011,0.0011,h6h5,h6h5,h6h5,e4c4,145.0,0.0018,-0.0007,True,club,03_disagreements_b3,2198,2133,2133,False,True,5,bishop,False,False,True,endgame,True,False,False,False,False
2r5/pp2k3/4rqp1/3p3p/PP6/7Q/5PP1/3RRK2 b - - 3 28,56,y6YLUvHW,c8c4,14,14,e6e1,0.0403,0.0276,0.0227,0.02,e6e1,e6e1,e6e1,e6e1,119.0,0.0403,-0.0203,True,club,03_disagreements_b3,1814,1830,1830,False,True,5,rook,False,False,True,endgame,True,False,False,False,False
3r4/ppk1n1pp/2b2p2/4pP2/4P3/2N2B1P/PP1r2P1/1R1R1K2 b - - 6 30,60,6SVzIdlp,d2d4,62,7,d2d1,0.01,0.0126,0.0146,0.0142,d2d1,d2d1,d2c2,e7c8,231.0,0.0146,0.0042,True,club,03_disagreements_b3,2209,2298,2298,False,True,2,rook,False,False,True,middlegame,False,True,False,False,False
r1b5/2q3kp/p1p2bp1/2Np4/3pP3/1P5P/P3Q1PN/5RK1 b - - 0 24,48,gPerkapZ,c7e7,136,68,d5e4,0.0219,0.0213,0.0261,0.0441,d5e4,d5e4,d5e4,d5e4,158.0,0.0441,0.0222,True,club,03_disagreements_b3,1805,1920,1920,False,True,0,queen,False,False,True,middlegame,False,False,False,False,False
r5k1/2q4p/p1p3p1/8/6Q1/1P5P/P5P1/5RK1 b - - 0 30,60,gPerkapZ,c7e5,-86,5,c7c8,0.0081,0.0118,0.0219,0.0404,a8f8,a8f8,a8f8,a8f8,133.0,0.0404,0.0323,True,club,03_disagreements_b3,1805,1920,1920,False,True,5,queen,False,False,True,endgame,True,False,False,False,False
3r1rk1/ppp2ppp/2n5/4p3/2B2nPq/P1PP1Q2/1BP2PN1/R4RK1 b - - 8 18,36,aR2EzRTe,h4f6,-371,31,f4g2,0.0202,0.0184,0.0181,0.0177,f4h3,f4h3,f4h3,f4h3,113.0,0.0202,-0.0025,True,club,03_disagreements_b3,2130,2078,2078,False,True,7,queen,False,False,True,middlegame,False,True,False,False,False
5rk1/pppq2p1/6r1/5pP1/5Q2/P1pB1P2/2P3K1/7R b - - 0 32,64,aR2EzRTe,b7b5,283,83,b7b5,0.022,0.0109,0.0057,0.0046,d7e7,d7e7,d7e7,d7e7,283.0,0.022,-0.0174,True,club,03_disagreements_b3,2130,2078,2078,True,False,0,pawn,False,False,True,endgame,True,False,True,False,False
r1bqk1n1/pppp1p1r/4pP2/5nPp/7P/2N2N2/PPP3B1/R2QK1R1 b Qq - 2 18,36,1lYFCRTU,g8f6,-300,87,c7c6,0.023,0.0262,0.0314,0.0235,f5e3,f5e3,f5e3,c7c6,161.0,0.0314,0.0005,True,club,03_disagreements_b3,1896,1828,1828,False,True,6,knight,True,False,False,middlegame,True,False,False,False,False
r2q1rk1/p4ppp/2n1pn2/1p1pN3/2pP1Pb1/2P5/PP1NPPBP/R2Q2RK b - - 1 12,24,oYvn95JW,c6e7,57,4,c6e7,0.0336,0.0377,0.043,0.0457,c6e5,c6e5,c6e5,c6e5,101.0,0.0457,0.0121,True,club,03_disagreements_b3,1830,1828,1828,True,False,2,knight,False,False,True,opening,False,True,False,False,False
r2q3r/pp6/2p2nkp/6p1/3p4/1Q6/PPPN2PP/R4RK1 b - - 3 18,36,J0Db2Y3u,d4d3,-9,39,f6d5,0.0289,0.0124,0.0047,0.0024,b7b5,b7b5,b7b5,d8b6,988.0,0.0289,-0.0265,True,club,03_disagreements_b3,1838,1912,1912,False,True,5,pawn,False,False,True,middlegame,True,False,True,False,False
r1b1kb2/pp3prp/1qn1pQ2/3pP3/3P4/2NB1N2/PP3PPP/R4RK1 b q - 2 14,28,OUrNyKCy,a7a6,-241,37,c6d4,0.002,0.004,0.0082,0.0182,c6d4,c6d4,c6d4,c6d4,132.0,0.0182,0.0162,True,club,03_disagreements_b3,2074,2164,2164,False,True,6,pawn,False,False,True,middlegame,True,False,True,False,False
3r1rk1/p4p2/1p2pQ2/2p5/2P3q1/6P1/P6P/2R1R2K b - - 0 28,56,qjmGAk17,d8d3,153,16,d8d2,0.0231,0.0176,0.0159,0.0178,d8d2,d8d2,d8d2,d8d2,145.0,0.0231,-0.0053,True,club,03_disagreements_b3,1879,1865,1865,False,True,0,rook,False,False,True,endgame,True,False,False,False,False
5rk1/p4p2/1p2pQ2/2p1R3/2P5/6PK/P2q3P/8 b - - 3 32,64,qjmGAk17,d2c2,-585,0,f8d8,0.0152,0.0138,0.0118,0.0103,d2a2,d2a2,d2d3,d2d3,131.0,0.0152,-0.0049,True,club,03_disagreements_b3,1879,1865,1865,False,True,6,queen,False,False,True,endgame,False,False,False,False,False
r5k1/2r3pp/p7/3b1p2/8/2PPN1K1/P6P/3R4 b - - 1 30,60,9LmbQrXK,f5f4,693,77,f5f4,0.0275,0.0199,0.018,0.0221,d5a2,d5a2,d5a2,d5a2,146.0,0.0275,-0.0054,True,club,03_disagreements_b3,1896,1886,1886,True,False,4,pawn,False,True,False,endgame,True,False,True,False,False
2bR1rk1/p1Q2p1p/1p3np1/8/8/PB5P/1P3PP1/6K1 b - - 4 28,56,jPUiOpdX,c8d7,-756,65,c8e6,0.0093,0.0077,0.0071,0.0071,f8d8,f8d8,f8d8,f8d8,1242.0,0.0093,-0.0022,True,club,03_disagreements_b3,1902,1868,1868,False,True,1,bishop,False,False,True,endgame,True,False,False,False,False
rnbqk2r/1pp2ppp/p3p3/8/2BP4/1Qn2N2/P4PPP/R1B1R1K1 b kq - 1 10,20,ciWHUtp1,b7b5,-237,51,c3d5,0.0397,0.0294,0.0226,0.0102,c3d5,c3d5,c3d5,c3d5,305.0,0.0397,-0.0295,True,club,03_disagreements_b3,1814,1821,1821,False,True,3,pawn,False,False,True,opening,True,False,True,False,False
q1r1r1k1/pp1b1pbp/2nBp1p1/1N1pP3/3P1PP1/PP3N2/5R1P/2R1Q1K1 b - - 0 22,44,AOpwkdaF,c6e5,-129,72,c6e5,0.0185,0.0187,0.0232,0.0257,a7a6,a7a6,a7a6,g7f8,186.0,0.0257,0.0072,True,club,03_disagreements_b3,1876,1841,1841,True,False,6,knight,True,False,False,middlegame,True,False,False,False,False
r1bq1rk1/1pb2pp1/p1n1pn1p/2Pp4/3P4/3BBN1P/PP3PP1/RN1QR1K1 b - - 1 12,24,cS8bK1n8,f6e4,91,82,f8e8,0.0417,0.0383,0.0332,0.043,f8e8,f8e8,f8e8,f8e8,135.0,0.043,0.0013,True,club,03_disagreements_b3,2015,1979,1979,False,True,3,knight,False,False,True,opening,True,False,False,False,False
r2q2k1/2p1bPpp/2n3b1/rp6/5BP1/2Pp1N1P/BP3P2/R2QR1K1 b - - 0 26,52,3rXHfjE8,g8h8,-26,332,g8h8,0.0241,0.0276,0.0306,0.0269,g6f7,g6f7,g6f7,g6f7,353.0,0.0306,0.0028,True,club,03_disagreements_b3,3050,2918,2918,True,False,6,king,False,False,True,middlegame,False,False,False,True,False
r3r2k/pp1bP1pp/3B4/q1p2p2/1n6/PQ2P3/1P1N1PPP/R3KB1R b KQ - 2 18,36,gzYSiBdW,f5f4,-520,31,d7a4,0.0072,0.0038,0.0027,0.0026,d7a4,d7a4,d7a4,d7a4,239.0,0.0072,-0.0046,True,club,03_disagreements_b3,2153,2104,2104,False,True,1,pawn,False,False,True,middlegame,True,False,True,False,False
2kr3r/ppqn1pbp/P2p1np1/2p5/2P2P2/2NBBP2/1PQ4P/R3R1K1 b - - 0 16,32,oBMnGTGn,c8b8,-211,7,b7b6,0.0033,0.002,0.0013,0.0012,b7b6,b7b6,b7b6,b7b6,147.0,0.0033,-0.0021,True,club,03_disagreements_b3,1934,1929,1929,False,True,6,king,False,False,True,middlegame,False,False,False,True,False
3r3r/2kn1pbp/Pp1p2p1/2p4n/QPP2P2/3BBP2/R6P/4R1K1 b - - 2 22,44,oBMnGTGn,f7f5,-584,78,h8e8,0.0107,0.0106,0.0137,0.0206,d8a8,d8a8,d8a8,d8a8,250.0,0.0206,0.0099,True,club,03_disagreements_b3,1934,1929,1929,False,True,1,pawn,False,False,True,middlegame,True,False,True,False,False
r7/P1kn1p1p/1p1p2p1/2p5/QPPbBn2/5P2/R2K3P/2r5 b - - 1 28,56,oBMnGTGn,c1g1,-384,11,c1c3,0.0374,0.0379,0.0389,0.0406,c1c4,c1c4,c1c4,c1c4,207.0,0.0406,0.0032,True,club,03_disagreements_b3,1934,1929,1929,False,True,6,rook,False,False,True,middlegame,False,False,False,False,False
B7/P1kn1p1p/1p1p2p1/2p5/QnPb4/5P2/7P/3K4 b - - 1 34,68,oBMnGTGn,b6b5,-700,8,d7e5,0.0403,0.0372,0.0367,0.0411,d7e5,d7e5,d7e5,d7e5,460.0,0.0411,0.0008,True,club,03_disagreements_b3,1934,1929,1929,False,True,1,pawn,False,False,True,endgame,True,False,True,False,False
r1b1kb1r/ppp1pppp/8/8/3n1P2/2N5/PPP3PP/2KR1BNR b kq - 1 10,20,DvLgJKfo,e7e5,-26,36,c7c5,0.0199,0.0097,0.0053,0.0037,d4c6,d4c6,d4c6,d4c6,341.0,0.0199,-0.0162,True,club,03_disagreements_b3,1834,1837,1837,False,True,3,pawn,False,False,True,opening,True,False,True,False,False
1k6/pp4p1/1n3p1p/5N1P/4N1P1/8/PPK2P2/5r2 b - - 7 32,64,aotNTzS6,b6d7,320,6,f1g1,0.0266,0.0283,0.0303,0.0373,b6d5,f1g1,f1g1,f1g1,145.0,0.0373,0.0107,True,club,03_disagreements_b3,2121,2242,2242,False,True,0,knight,False,False,True,endgame,False,True,False,False,False
2r5/3k1r2/q1p1p1Q1/p2pP3/3P3p/1P2PN1P/P5PK/2R5 b - - 4 34,68,dqoQbvQ0,f7f3,-59,112,f7e7,0.0414,0.0302,0.0252,0.0221,c8f8,c8f8,c8f8,c8f8,139.0,0.0414,-0.0193,True,club,03_disagreements_b3,1870,1919,1919,False,True,5,rook,True,False,False,endgame,True,False,False,False,False
r6r/1pq1bkpp/p3b3/2pnp3/P1P1N3/4B1N1/1PQ2PPP/R4RK1 b - - 0 18,36,wXbD8XIa,d5f4,-103,109,d5f4,0.03,0.0304,0.0343,0.0385,d5e3,d5e3,d5e3,d5e3,146.0,0.0385,0.0085,True,club,03_disagreements_b3,2450,2433,2433,True,False,2,knight,False,False,True,middlegame,True,False,False,False,False
r2q1k2/1p1np3/p2p2r1/2p3Np/2Pb1Pn1/2N5/PP4PP/R1BQ1R1K b - - 3 16,32,zhdHykTO,e7e6,-276,16,g4f2,0.0226,0.0158,0.0113,0.0097,g4f2,g4f2,g4f2,g4f2,209.0,0.0226,-0.0129,True,club,03_disagreements_b3,2152,2034,2034,False,True,6,pawn,False,False,True,middlegame,True,False,True,False,False
2krr3/ppp2pBp/8/8/8/1P1B2bP/P1PP2b1/R2K2R1 b - - 1 18,36,EeuZCWFH,g3f2,497,486,g2f3,0.0126,0.0135,0.0168,0.0178,g2f3,g2f3,g2f3,g2f3,507.0,0.0178,0.0052,True,club,03_disagreements_b3,1901,1884,1884,False,True,0,bishop,False,False,True,middlegame,True,False,False,False,False
3r3r/2qk1p2/1p2p1p1/pRb1P3/P1Pp1P1p/3BnQ1P/2PB2P1/4R2K b - - 3 24,48,?,d7e8,14,124,d7e7,0.024,0.0258,0.0264,0.0246,e3f5,e3f5,e3f5,e3f5,138.0,0.0264,0.0006,True,elite,03_elite,2518,2571,2571,False,True,2,king,False,False,True,middlegame,False,True,False,True,False
r3k2r/1pbnn1pp/p1p2p2/P3p3/2N1P3/3NB3/1PP1KPPP/R6R b kq - 0 14,28,?,h7h5,-111,5,e8c8,0.0057,0.0051,0.0043,0.0049,e8g8,e8g8,e8g8,e8g8,113.0,0.0057,-0.0008,True,elite,03_elite,2616,2597,2597,False,True,2,pawn,False,False,True,middlegame,True,False,True,False,False
rq3r2/3bppk1/p2p1np1/1pn3Qp/3NP3/1BN2P2/PPP3PP/1K1RR3 b - - 1 16,32,?,e7e6,-34,83,b5b4,0.0101,0.0092,0.0087,0.0114,c5b3,c5b3,c5b3,a6a5,186.0,0.0114,0.0013,True,elite,03_elite,2568,2431,2431,False,True,2,pawn,False,False,True,middlegame,True,False,True,False,False
r1bqk2r/1p2ppbp/p1np1np1/2p5/4P3/2PPB1PP/PP1Q1PB1/R2NK1NR b KQkq - 0 10,20,?,a6a5,-52,4,e8g8,0.0021,0.0025,0.0024,0.0016,e8g8,e8g8,b7b5,b7b5,216.0,0.0025,-0.0005,True,elite,03_elite,2322,2504,2504,False,True,3,pawn,False,False,True,opening,True,False,True,False,False
2kr3r/pp1bn1p1/4p1P1/3p1pBp/2q2N1P/b1NQ3B/2P1KP2/3RR3 b - - 3 22,44,?,a3b4,-268,41,c4d3,0.043,0.0477,0.0492,0.0437,c4c5,c4c7,c4c7,c4c7,184.0,0.0492,0.0007,True,elite,03_elite,2696,2625,2625,False,True,7,bishop,False,False,True,middlegame,False,True,False,False,False
r4rk1/4b2p/3p1npP/3Pp3/ppq1N2R/3RB3/PPP2PQ1/1K6 b - - 3 24,48,?,g8h8,4,86,g8h8,0.0012,0.0018,0.0026,0.0053,b4b3,f6e4,f6e4,f6e4,194.0,0.0053,0.0041,True,elite,03_elite,3063,2785,2785,True,False,0,king,False,False,True,middlegame,False,False,False,True,False
2k4r/1ppq4/p1Rb2pp/Q2Pp3/4P2P/4Pr2/PP6/1KR5 b - - 1 26,52,?,h8f8,469,22,b7c6,0.0142,0.0136,0.0168,0.0228,b7c6,b7c6,f3e3,f3e3,108.0,0.0228,0.0086,True,elite,03_elite,2440,2555,2555,False,True,4,rook,False,False,True,middlegame,False,False,False,False,False
r4rk1/1p2bpp1/p1n1b2p/qp1p3P/3P4/PQ3NB1/1P3PP1/1B2RK1R b - - 2 18,36,?,a5a4,-91,182,f8e8,0.0424,0.0372,0.0322,0.0277,b5b4,e7f6,e7f6,e7f6,293.0,0.0424,-0.0147,True,elite,03_elite,2454,2537,2537,False,True,2,queen,False,False,True,middlegame,True,False,False,False,False
4r1k1/1p4p1/p6p/1p1pBB1P/3P1P2/b7/1q4PK/5Q1R b - - 0 28,56,?,b2b3,-524,8,a3e7,0.03,0.0287,0.0256,0.0181,b5b4,b5b4,b5b4,b5b4,141.0,0.03,-0.0119,True,elite,03_elite,2454,2537,2537,False,True,1,queen,False,False,True,middlegame,False,True,False,False,False
r1q4r/p2k2bp/p2np1p1/4N3/2PPQ3/3P4/5P2/1R3K1R b - - 7 34,68,?,d7e8,215,22,g7e5,0.0281,0.0244,0.0256,0.0346,g7e5,g7e5,g7e5,g7e5,117.0,0.0346,0.0065,True,elite,03_elite,2522,2382,2382,False,True,6,king,False,False,True,middlegame,False,True,False,True,False
2r2rk1/p7/bpp1q3/3p1p1p/4n1p1/1P2P1P1/P4PBP/BQRR2K1 b - - 1 24,48,?,g8h7,112,7,g8h7,0.0168,0.0234,0.0245,0.0225,a6e2,a6e2,a6e2,a6e2,504.0,0.0245,0.0057,True,elite,03_elite,2564,2569,2569,True,False,2,king,False,False,True,middlegame,True,False,False,True,False
r3q1rk/1bnnb1p1/3p1pPp/p1pPpP1Q/P1P1P2P/3B4/7N/R1B1KNR1 b Q - 3 22,44,?,e8g6,-818,204,e7f8,0.0021,0.0013,0.0008,0.0004,c7a6,c7a6,c7a6,d7f8,1178.0,0.0021,-0.0017,True,elite,03_elite,2523,2513,2513,False,True,1,queen,True,False,False,middlegame,True,False,False,False,False
8/1pQb1r1k/p4qpp/3P1p2/2Pp4/3P2P1/PP2R1BP/7K b - - 0 26,52,?,h7g7,-246,38,g6g5,0.0129,0.0129,0.0133,0.0133,d7a4,d7a4,d7a4,d7a4,119.0,0.0133,0.0004,True,elite,03_elite,2519,2408,2408,False,True,5,king,False,False,True,endgame,False,False,False,True,False
8/1p1b2rk/1q1P1Q1p/p2B1pp1/2Pp4/3P2P1/PP2R2P/7K b - - 3 30,60,?,b6b2,-795,54,a5a4,0.0248,0.0143,0.0092,0.0072,a5a4,a5a4,a5a4,a5a4,1201.0,0.0248,-0.0176,True,elite,03_elite,2519,2408,2408,False,True,1,queen,True,False,False,endgame,True,False,False,False,False
b2rq1k1/p5p1/1p3p1p/2nP4/6Q1/4N1PP/P4PB1/2R3K1 b - - 5 32,64,?,h6h5,-95,27,c5d3,0.0453,0.0368,0.0266,0.025,c5d3,c5d3,e8e5,e8e5,185.0,0.0453,-0.0203,True,elite,03_elite,2507,2415,2415,False,True,5,pawn,False,False,True,middlegame,True,False,True,False,False
1r1q1rk1/1b2bppp/4p3/p3P3/3B2R1/1P3N2/P4PPP/2RQ2K1 b - - 2 20,40,?,h7h5,26,42,d8d5,0.0196,0.0187,0.0187,0.0386,b7f3,b7f3,b7f3,b7f3,109.0,0.0386,0.019,True,elite,03_elite,2610,2430,2430,False,True,2,pawn,False,False,True,middlegame,True,False,True,False,False
2r2rk1/5ppp/4p3/p2bP3/6R1/bP2BN1P/P4PP1/3R2K1 b - - 2 24,48,?,h7h5,-22,37,f8d8,0.0372,0.0321,0.0269,0.0358,c8c2,c8c2,c8c2,c8c2,243.0,0.0372,-0.0014,True,elite,03_elite,2610,2430,2430,False,True,5,pawn,False,False,True,middlegame,True,False,True,False,False
6k1/5p1N/4pBp1/p2bP3/6R1/bP5P/P4PPK/2r5 b - - 1 30,60,?,a3b2,-148,16,a3b2,0.0017,0.0011,0.0011,0.0018,g8h7,g8h7,g8h7,g8h7,1850.0,0.0018,0.0001,True,elite,03_elite,2610,2430,2430,True,False,5,bishop,False,False,True,endgame,True,False,False,False,False
3R4/pr3pkp/4p1pN/2r3Pn/5P2/1Pp5/P1P5/1K2R3 b - - 1 32,64,?,h5f6,-186,400,h5f6,0.0178,0.0284,0.0345,0.0411,h5f4,h5f4,f7f6,f7f6,1813.0,0.0411,0.0233,True,elite,03_elite,2450,2516,2516,True,False,5,knight,False,False,True,endgame,False,True,False,False,False
1rb2k2/3p1pb1/pq1Np1rp/3PPp1Q/P1B2P2/2P3R1/6PP/5R1K b - - 2 28,56,?,b6d6,-596,74,e6d5,0.0031,0.0029,0.0031,0.0033,g6g3,g6g3,g6g3,g6g3,1403.0,0.0033,0.0002,True,elite,03_elite,2508,2525,2525,False,True,6,queen,True,False,False,middlegame,False,False,False,False,False
3r2k1/rp1n2p1/pNn1pp1p/P2p1b2/3P4/R3PN1P/1P2BPP1/2R3K1 b - - 1 20,40,?,f5g6,-96,71,g8f7,0.0022,0.0019,0.0012,0.0008,d7b6,d7b6,d7b6,d7b6,111.0,0.0022,-0.0014,True,elite,03_elite,2725,2781,2781,False,True,2,bishop,False,False,True,middlegame,False,True,False,False,False
2rn4/1p2k3/1P2pp1p/2Np2pB/3P4/r3P2P/5PP1/1RR3K1 b - - 5 34,68,?,a3a8,-512,35,c8b8,0.0405,0.0407,0.04,0.0414,e7d6,e7d6,e7d6,e7d6,338.0,0.0414,0.0009,True,elite,03_elite,2725,2781,2781,False,True,1,rook,False,False,True,middlegame,False,True,False,False,False
r1bq1rk1/4ppbp/3p1np1/nppP4/1P2P3/P5P1/3NNPBP/R1BQ1RK1 b - - 0 12,24,?,f6d7,17,5,a5b7,0.001,0.0013,0.0016,0.0037,c5b4,c5b4,c5b4,c5b4,282.0,0.0037,0.0027,True,elite,03_elite,2553,2657,2657,False,True,2,knight,False,False,True,opening,False,True,False,False,False
rn1q1rk1/pp3ppp/2pb4/3p1b2/2PPn3/1Q1B1N2/PP3PPP/RNB1R1K1 b - - 3 10,20,?,b8a6,-50,2,b8a6,0.0319,0.0204,0.0168,0.0248,b7b6,b7b6,b7b6,d5c4,118.0,0.0319,-0.0071,True,elite,03_elite,2775,2797,2797,True,False,3,knight,False,False,True,opening,True,False,False,False,False
r4rk1/pp3ppp/1q1bb3/6B1/1n1PN3/Q4N2/PP3PPP/R3R1K1 b - - 2 16,32,?,f8e8,-40,11,f7f6,0.002,0.0012,0.0005,0.0003,b4c2,b4c2,b4c2,b4c2,269.0,0.002,-0.0017,True,elite,03_elite,2775,2797,2797,False,True,2,rook,False,False,True,middlegame,False,False,False,False,False
3rr1k1/pp4pp/5p2/Q2b4/3P1q2/4R3/PP3PPP/R3N1K1 b - - 6 22,44,?,d5c6,-42,6,d5c6,0.0118,0.0137,0.0159,0.0171,e8e3,e8e3,e8e3,e8e3,534.0,0.0171,0.0053,True,elite,03_elite,2775,2797,2797,True,False,5,bishop,False,False,True,middlegame,False,True,False,False,False
3r2k1/pp4pp/2b2p2/Q7/3P1q2/4P3/PPN3PP/R5K1 b - - 0 24,48,?,f4d6,-44,16,f4d6,0.0367,0.0321,0.0297,0.032,f4e4,f4e4,f4e4,f4e4,512.0,0.0367,-0.0047,True,elite,03_elite,2775,2797,2797,True,False,5,queen,False,False,True,endgame,False,True,False,False,False
r1r3k1/p4ppp/8/3P4/2N2Q2/1P3PP1/P1n3KP/8 b - - 2 24,48,?,h7h6,-434,1,c2b4,0.0183,0.0142,0.0117,0.0118,c2e1,c2b4,c2b4,c2b4,153.0,0.0183,-0.0065,True,elite,03_elite,2590,2472,2472,False,True,6,pawn,False,False,True,endgame,True,False,True,False,False
3r4/4p1bk/1pp1brpp/p1pqB3/P7/1P1P3P/2P2PPN/R1Q1R1K1 b - - 1 20,40,?,f6f2,71,293,f6f2,0.0303,0.0273,0.0298,0.0382,f6f5,f6f5,f6f7,f6f7,331.0,0.0382,0.0079,True,elite,03_elite,2542,2536,2536,True,False,6,rook,True,False,False,middlegame,True,False,False,False,False
8/4pk2/1pp1brpp/p1p1R1P1/P7/1P1PKN1P/2P5/8 b - - 0 28,56,?,f6f3,-98,208,f6f5,0.0199,0.0211,0.0216,0.0323,h6g5,h6g5,h6g5,h6g5,396.0,0.0323,0.0124,True,elite,03_elite,2542,2536,2536,False,True,5,rook,True,True,False,endgame,True,False,False,False,False
8/4p3/1pp3Nk/p1pb1K2/P7/1P1P3P/2P5/8 b - - 1 34,68,?,d5f3,-270,91,d5g2,0.0245,0.0218,0.0223,0.0295,e7e6,e7e6,e7e6,e7e6,203.0,0.0295,0.005,True,elite,03_elite,2542,2536,2536,False,True,5,bishop,False,False,True,endgame,True,False,False,False,False
r6k/7p/6p1/p2BP1N1/1p1P4/qPp3P1/2Qn3P/1R4K1 b - - 0 30,60,?,a5a4,-330,67,a5a4,0.0124,0.0092,0.0067,0.0063,d2b1,d2b1,d2b1,d2b1,153.0,0.0124,-0.0061,True,elite,03_elite,2907,2830,2830,True,False,1,pawn,False,False,True,middlegame,True,False,True,False,False
8/pp1b2k1/5p1p/2pBr2P/P3P3/1P6/6P1/R4RK1 b - - 0 30,60,?,d7g4,-539,8,b7b6,0.0331,0.0275,0.0238,0.0259,e5h5,b7b6,b7b6,b7b6,132.0,0.0331,-0.0072,True,elite,03_elite,2444,2616,2616,False,True,1,bishop,False,False,True,endgame,True,False,False,False,False
2kr3r/Qp1b1n2/3p1q2/3P4/5ppP/1PP5/P2PB1P1/2K1R2R b - - 0 24,48,?,d8e8,121,26,d8e8,0.0295,0.0261,0.0221,0.0227,f4f3,f4f3,c8c7,f7e5,121.0,0.0295,-0.0068,True,elite,03_elite,2519,2397,2397,True,False,6,rook,False,False,True,middlegame,False,False,False,False,False
1kb1r3/1p2qn2/1Q1p4/1B1P4/3P2pP/1PP5/PK2p1P1/4R3 b - - 1 34,68,?,e7h4,393,269,e7h4,0.0456,0.0364,0.0298,0.0298,c8d7,c8d7,c8d7,c8d7,393.0,0.0456,-0.0158,True,elite,03_elite,2519,2397,2397,True,False,5,queen,True,False,False,middlegame,True,False,False,False,False
5rk1/p1p2pp1/1p3b1p/3B4/3P1B2/2P3Q1/Pnq2PPP/4RK2 b - - 0 26,52,?,c7c5,-13,2,c2d3,0.0117,0.0135,0.0139,0.0188,b2d3,b2d3,b2d3,b2d3,440.0,0.0188,0.0071,True,elite,03_elite,3001,3046,3046,False,True,5,pawn,False,False,True,middlegame,True,False,True,False,False
8/r2p2kp/P3npp1/2p5/3qN3/7P/5PP1/R3Q1K1 b - - 6 32,64,?,d4e5,132,109,c5c4,0.0344,0.0443,0.0495,0.0452,f6f5,e6c7,d7d5,d7d5,251.0,0.0495,0.0108,True,elite,03_elite,2458,2555,2555,False,True,0,queen,False,False,True,endgame,False,True,False,False,False
r1b1qrk1/1p2bppp/p2pp3/2n3PQ/3BP3/1BN3R1/PPP2P1P/R3K3 b Q - 0 14,28,?,f7f5,-357,5,c5b3,0.0065,0.0086,0.011,0.0159,c5b3,c5b3,c5b3,c5b3,1629.0,0.0159,0.0094,True,elite,03_elite,2682,2608,2608,False,True,6,pawn,False,False,True,middlegame,True,False,True,False,False
r1b1k2r/p4ppp/1qp2n2/3p4/1b6/4B1P1/P1Q1PPBP/RN3RK1 b kq - 1 12,24,?,b6a6,21,38,b6a6,0.0421,0.0384,0.0369,0.0442,c6c5,b6c7,b6c7,c6c5,111.0,0.0442,0.0021,True,elite,03_elite,2492,2599,2599,True,False,3,queen,False,False,True,opening,False,False,False,False,False
r1bq1rk1/pp4b1/2n4p/3p1pp1/8/1N2PBB1/P4PPP/2RQ1RK1 b - - 1 18,36,?,g8h8,1,4,f5f4,0.0022,0.0041,0.0033,0.0012,c8e6,c8e6,c8e6,c8e6,133.0,0.0041,-0.001,True,elite,03_elite,2685,2450,2450,False,True,2,king,False,False,True,middlegame,False,False,False,True,False
7k/p7/1p6/2bR2p1/P3Np2/5B1P/5PPK/2r5 b - - 6 34,68,?,a7a5,-491,43,c1c2,0.0269,0.0198,0.0154,0.0133,c1c4,c1c4,c1c2,c5e7,188.0,0.0269,-0.0136,True,elite,03_elite,2685,2450,2450,False,True,1,pawn,False,False,True,endgame,True,False,True,False,False
r6r/pb3qk1/1p1pBp2/2pP4/2PbR2B/8/PP1Q2PP/5R1K b - - 6 24,48,?,f7e6,-648,57,f7h5,0.0043,0.0035,0.0026,0.002,f7g6,f7g6,f7g6,f7g6,116.0,0.0043,-0.0023,True,elite,03_elite,2592,2447,2447,False,True,1,queen,True,False,False,middlegame,True,False,False,False,False
2rqk1r1/1p2bp2/4b3/p2nPp1p/P1BP2pP/3N2B1/1P3QPK/2RR4 b - - 2 28,56,?,c8c4,233,518,c8c4,0.0386,0.0329,0.03,0.0314,f5f4,e8f8,e8f8,e8f8,575.0,0.0386,-0.0072,True,elite,03_elite,2598,2551,2551,True,False,2,rook,True,False,False,middlegame,True,False,False,False,False
r3r1k1/1p2bppb/1qp1pn1p/p2p4/P3P3/1PPQ1NPP/1B1N1PB1/2R1R1K1 b - - 0 16,32,?,f6e4,44,3,d5e4,0.0471,0.0443,0.0393,0.0304,d5e4,d5e4,d5e4,a8d8,190.0,0.0471,-0.0167,True,elite,03_elite,2612,2560,2560,False,True,7,knight,True,False,False,middlegame,True,False,False,False,False
5qk1/1p4p1/2p4p/Q7/2P1B3/6PP/p2N1P2/1b4K1 b - - 1 34,68,?,b7b6,0,0,b1e4,0.0462,0.0312,0.0223,0.019,b1e4,b1e4,b1e4,b1e4,235.0,0.0462,-0.0272,True,elite,03_elite,2612,2560,2560,False,True,7,pawn,False,False,True,endgame,True,False,True,False,False
2rr2k1/4bppp/5n2/p2P4/qp2PB2/1RpN1P2/2Q3PP/1R4K1 b - - 1 30,60,?,f6d5,438,24,e7f8,0.003,0.0024,0.002,0.0014,a4b5,a4b5,a4b5,a4b5,137.0,0.003,-0.0016,True,elite,03_elite,2312,2543,2543,False,True,4,knight,True,False,False,middlegame,True,False,False,False,False
4r1k1/4Rpb1/2qp2p1/3N4/7p/7P/1r3PPB/3Q1BK1 b - - 0 32,64,?,e8c8,-345,11,e8b8,0.0142,0.0144,0.015,0.0164,e8e7,e8e7,e8e7,e8e7,445.0,0.0164,0.0022,True,elite,03_elite,2523,2497,2497,False,True,7,rook,False,False,True,middlegame,False,False,False,False,False
r1b1r1k1/1pqn1pbp/p2p1np1/3P4/P1p1PB2/2N2PN1/1P2B1PP/R2Q1R1K b - - 1 14,28,?,h7h5,-7,1,a8b8,0.0194,0.0149,0.0122,0.0238,d7e5,d7e5,d7e5,d7e5,103.0,0.0238,0.0044,True,elite,03_elite,2524,2452,2452,False,True,3,pawn,False,False,True,middlegame,True,False,True,False,False
1k1r4/p3b1p1/7p/3p4/B3n3/P7/1P1p2PP/R4R1K b - - 1 34,68,?,b8c7,153,6,e7f6,0.0097,0.0068,0.0042,0.0038,e7c5,e7c5,e7c5,e7c5,111.0,0.0097,-0.0059,True,elite,03_elite,2737,2963,2963,False,True,0,king,False,False,True,endgame,True,False,False,True,False
Q7/p6p/3p2pk/4p3/P1N1n3/2P4P/1P2rq2/1K1R4 b - - 0 26,52,?,d6d5,534,277,d6d5,0.0147,0.0124,0.0137,0.018,e4c3,e4c3,e4c3,e4c3,534.0,0.018,0.0033,True,elite,03_elite,2772,2661,2661,True,False,0,pawn,False,False,True,endgame,True,False,True,False,False
5rk1/3q1rb1/1pp3np/p1p1pbp1/P4P2/1P1PNNP1/2P2Q1P/2B1R1RK b - - 3 30,60,?,f5e6,285,19,e5f4,0.0181,0.013,0.0094,0.0088,e5f4,e5f4,e5f4,e5f4,108.0,0.0181,-0.0093,True,elite,03_elite,2529,2447,2447,False,True,2,bishop,False,False,True,middlegame,False,True,False,False,False
8/4p1bp/6p1/1n1k1p2/3P4/1NBK2P1/1P5P/8 b - - 4 34,68,?,g7h8,125,16,h7h5,0.0005,0.0004,0.0004,0.0007,e7e5,e7e5,e7e5,e7e5,125.0,0.0007,0.0002,True,elite,03_elite,2639,2624,2624,False,True,5,bishop,False,False,True,endgame,False,True,False,False,False
1r3rk1/1ppq2p1/3ppn1p/p7/P2PP3/4R2P/1PQN1PP1/R5K1 b - - 2 18,36,?,f8f7,-30,3,f8f7,0.0161,0.0186,0.0236,0.0289,d6d5,d6d5,c7c6,e6e5,119.0,0.0289,0.0128,True,elite,03_elite,3046,3002,3002,True,False,2,rook,False,False,True,middlegame,True,False,False,False,False
2b5/2q1bpk1/4p1p1/3r2P1/1p3P2/pP1BB1P1/P1PQ4/1K1R4 b - - 0 28,56,?,e7f8,-15,2,c8a6,0.0062,0.0075,0.0088,0.01,c8a6,c8a6,c8a6,c8a6,250.0,0.01,0.0038,True,elite,03_elite,2602,2597,2597,False,True,2,bishop,False,False,True,middlegame,False,True,False,False,False
r1b1rbk1/1p3p2/1npp1qp1/3Pp2p/p3P3/P1P1NN2/BP1Q1PPP/3RR1K1 b - - 1 18,36,?,e8d8,53,5,e8d8,0.0292,0.023,0.014,0.0084,f8h6,f8h6,f8h6,f8h6,213.0,0.0292,-0.0208,True,elite,03_elite,2482,2609,2609,True,False,2,rook,False,False,True,middlegame,False,False,False,False,False
r1b2b1r/p1p1k2p/2pp1p2/2q1p3/2P4P/1R3Q2/PP1N1PP1/R3KB2 b Q - 7 18,36,?,f6f5,147,95,f6f5,0.0494,0.0377,0.0382,0.0461,f8h6,c8e6,c8e6,c8e6,240.0,0.0494,-0.0033,True,elite,03_elite,2384,2529,2529,True,False,2,pawn,False,False,True,middlegame,True,False,True,False,False
r6r/pRp1k2p/2ppbb2/2q1pp2/2P4P/6Q1/PP1N1PP1/1K1R1B2 b - - 7 22,44,?,c5d4,115,100,e7d7,0.0085,0.0048,0.0024,0.0015,e7d7,e7d7,e7d7,e7d7,564.0,0.0085,-0.007,True,elite,03_elite,2384,2529,2529,False,True,0,queen,False,False,True,middlegame,True,False,False,False,False
5k2/3brp1p/1p3bp1/3P4/2B5/B6P/1r3PP1/4R1K1 b - - 3 26,52,?,b6b5,509,4,b2c2,0.0281,0.0289,0.0314,0.0333,b2c2,b2c2,b2c2,b2b4,822.0,0.0333,0.0052,True,elite,03_elite,2466,2557,2557,False,True,0,pawn,False,False,True,middlegame,True,False,True,False,False
r1b2k1r/pp2qp2/3p4/2pP1Pb1/2P2Nnp/1QN3P1/PP3PB1/R3R1K1 b - - 2 18,36,?,e7d8,-25,32,e7d8,0.029,0.0325,0.0319,0.0305,e7f6,e7f6,e7f6,e7f6,181.0,0.0325,0.0015,True,elite,03_elite,2385,2528,2528,True,False,2,queen,False,False,True,middlegame,False,True,False,False,False
r4rk1/3nQppp/8/4p1PN/3pPB2/pPqB1P2/b1P4P/N1KR2R1 b - - 1 22,44,?,a2b3,0,205,a2b3,0.0144,0.0102,0.0083,0.0066,c3b2,c3b2,c3b2,c3b2,463.0,0.0144,-0.0078,True,elite,03_elite,2538,2641,2641,True,False,7,bishop,True,False,False,middlegame,False,True,False,False,False
4rr1k/4Qp1p/3R1P2/8/4P3/1n3q2/2N4P/1B2KR2 b - - 2 34,68,?,f3h3,290,42,f3h3,0.0418,0.0319,0.0278,0.0241,f3c3,f3c3,f3c3,f3c3,124.0,0.0418,-0.0177,True,elite,03_elite,2538,2641,2641,True,False,7,queen,False,False,True,middlegame,False,False,False,False,False
1rb2rk1/2ppqpb1/2n3pp/2p1P2P/p1P5/P1B2NPB/1P2QP2/2KRR3 b - - 0 20,40,?,d7d5,-61,81,g6g5,0.005,0.0039,0.0028,0.0022,g6g5,g6g5,g6g5,g6g5,114.0,0.005,-0.0028,True,elite,03_elite,2690,2629,2629,False,True,2,pawn,False,False,True,middlegame,True,False,True,False,False
4rrk1/ppp5/3p2q1/2PPn2p/1P2Npp1/P1Q2P2/4R1PP/3R3K b - - 1 30,60,?,b7b6,-57,3,f8f7,0.0073,0.0045,0.003,0.0026,g4f3,g4f3,g4f3,g4f3,279.0,0.0073,-0.0047,True,elite,03_elite,2522,2447,2447,False,True,2,pawn,False,False,True,middlegame,True,False,True,False,False
r1bqk2r/1p1nppb1/2pp2p1/p5Pp/PnPPPP1P/2N1BN2/1P2B3/R2QK2R b KQkq - 2 12,24,?,d6d5,-31,15,c6c5,0.0307,0.021,0.0152,0.011,b7b6,b7b6,b7b6,e7e5,144.0,0.0307,-0.0197,True,elite,03_elite,2605,2555,2555,False,True,2,pawn,False,False,True,opening,True,False,True,False,False
r2r2k1/5p2/3q1b1p/8/4p2P/pPp1B3/P3Q1R1/1K2R3 b - - 1 34,68,?,g8h8,271,187,g8h7,0.0264,0.0237,0.0235,0.0337,g8f8,g8f8,g8f8,g8h7,212.0,0.0337,0.0073,True,elite,03_elite,2564,2549,2549,False,True,0,king,False,False,True,middlegame,False,False,False,True,False
r4rk1/pb1qb3/1p2p1p1/3pBp2/3P2n1/2PB1NQ1/PP3PP1/2KR3R b - - 0 20,40,?,a8c8,-402,31,e7f6,0.0157,0.0103,0.0082,0.0078,g8f7,g8f7,e7f6,e7f6,135.0,0.0157,-0.0079,True,elite,03_elite,2596,2587,2587,False,True,6,rook,False,False,True,middlegame,False,False,False,False,False
r3r1k1/1p1q1pp1/2pp1n1p/p4b2/P1PBnN2/1P3B2/2P2PPP/R2QR1K1 b - - 0 16,32,?,f5h7,-46,11,a8d8,0.0068,0.014,0.0222,0.0283,c6c5,c6c5,c6c5,c6c5,114.0,0.0283,0.0215,True,elite,03_elite,2648,2633,2633,False,True,2,bishop,False,False,True,middlegame,False,True,False,False,False
r3r1k1/1p1q1pp1/2pp1n1p/p4b2/P1PBnN2/1P3B2/2P2PPP/R2QR1K1 b - - 4 18,36,?,f5h7,-44,7,a8d8,0.0068,0.014,0.0222,0.0283,c6c5,c6c5,c6c5,c6c5,115.0,0.0283,0.0215,True,elite,03_elite,2648,2633,2633,False,True,2,bishop,False,False,True,middlegame,False,True,False,False,False
4r2k/1pp1rqpb/pb1p1p1p/3P3N/3PPQPP/5B2/PP5K/3RR3 b - - 0 32,64,?,c7c6,137,87,c7c6,0.0307,0.0232,0.0163,0.0101,h7g6,h7g6,h7g6,h7g6,133.0,0.0307,-0.0206,True,elite,03_elite,2512,2513,2513,True,False,2,pawn,False,False,True,middlegame,True,False,True,False,False
2bq1r1k/Q3b1pp/3p4/p2N2Pn/1p2PP2/8/PPP4P/1K1R1R2 b - - 1 22,44,?,c8h3,-259,15,f8e8,0.0392,0.031,0.023,0.0275,f8e8,f8e8,f8e8,e7g5,258.0,0.0392,-0.0117,True,elite,03_elite,2763,2543,2543,False,True,6,bishop,False,False,True,middlegame,True,False,False,False,False
2b2r1k/4q1pp/3R4/Q3P1Pn/1p3P2/8/PPP4P/1K3R2 b - - 0 28,56,?,e7g5,-363,31,c8h3,0.0055,0.0054,0.0054,0.0056,h5f4,h5f4,h5f4,h5f4,108.0,0.0056,0.0001,True,elite,03_elite,2763,2543,2543,False,True,6,queen,True,False,False,middlegame,True,False,False,False,False
2rqkb1r/1b1n1ppp/pn1p4/Np2pPP1/4P2P/P1N1B3/1PP5/R2QKB1R b KQk - 3 14,28,?,c8c3,187,258,b7a8,0.0094,0.0073,0.0066,0.0064,b7a8,b7a8,b7a8,b7a8,255.0,0.0094,-0.003,True,elite,03_elite,2636,2691,2691,False,True,2,rook,True,False,False,middlegame,True,False,False,False,False
6r1/3kn2p/R2b1p2/2pp1p2/5P2/PP1PPN2/1BP2K1P/8 b - - 0 32,64,?,g8f8,-399,5,c5c4,0.0299,0.0338,0.0333,0.037,e7c6,d7e6,d7e6,d7e6,147.0,0.037,0.0071,True,elite,03_elite,2454,2598,2598,False,True,6,rook,False,False,True,endgame,False,False,False,False,False
3q1rk1/N2nbpp1/3p4/4pb1p/2B5/4QP2/1PP3PP/R3K2R b KQ - 0 20,40,?,e7h4,-11,1,e7h4,0.0451,0.0444,0.0483,0.0467,f5c2,f5c2,f5c2,f5c2,196.0,0.0483,0.0016,True,elite,03_elite,3010,3095,3095,True,False,0,bishop,False,True,False,middlegame,True,False,False,False,False
5rk1/Nq1n1pp1/R2p4/4pbbp/2B5/1Q3PP1/1PP4P/4K2R b K - 6 24,48,?,d7b6,-8,106,d7b6,0.0022,0.0016,0.0017,0.0019,b7b3,b7b3,b7b3,b7b3,184.0,0.0022,-0.0003,True,elite,03_elite,3010,3095,3095,True,False,0,knight,False,False,True,middlegame,True,False,False,False,False
3rr1k1/bp3pp1/p1n5/3N3p/2P5/B3N2P/P4KP1/2RR4 b - - 0 30,60,?,d8d5,29,329,d8d5,0.0084,0.0097,0.0148,0.0226,c6e5,c6e5,c6e5,c6e5,411.0,0.0226,0.0142,True,elite,03_elite,2562,2566,2566,True,False,7,rook,True,False,False,middlegame,True,False,False,False,False
r5r1/3qbk2/pPp1bp2/1p2p2p/1PPnP1pN/3PB1PP/1Q3P1K/R2R4 b - - 0 28,56,?,c6c5,238,27,c6c5,0.021,0.0168,0.0148,0.0166,g4h3,g4h3,g4h3,g4h3,126.0,0.021,-0.0044,True,elite,03_elite,2646,2971,2971,True,False,2,pawn,False,False,True,middlegame,True,False,True,False,False
r2r3k/2pPNp1p/5Pp1/1pq5/4Q3/4R3/6PP/5RK1 b - - 2 34,68,?,d8f8,-554,14,c7c6,0.001,0.0012,0.0014,0.0017,d8d7,d8d7,a8a4,a8a4,537.0,0.0017,0.0007,True,elite,03_elite,2655,2458,2458,False,True,1,rook,False,False,True,middlegame,False,False,False,False,False
3rr2k/1b4q1/p4p2/1pppbBpp/4P3/2PR2PP/PPQ1NPK1/3R4 b - - 1 26,52,?,g7f7,-8,2,h5h4,0.0285,0.0292,0.0295,0.0321,d5d4,d5d4,d5d4,d5d4,279.0,0.0321,0.0036,True,elite,03_elite,2706,2570,2570,False,True,2,queen,False,False,True,middlegame,False,False,False,False,False
2r1nr1k/p4p1P/1n2p1pP/1p1pP1B1/3N4/q1P1QP2/P1P5/3K1R1R b - - 3 22,44,?,h8h7,83,35,a3c3,0.0295,0.0361,0.0285,0.0256,c8c3,c8c3,c8c3,c8c3,113.0,0.0361,-0.0039,True,elite,03_elite,2463,2601,2601,False,True,2,king,True,False,False,middlegame,True,False,False,True,False
2b4k/5p1p/3p2p1/p7/P4P2/5B2/2rr2PP/R3RK2 b - - 3 26,52,?,c8h3,365,80,c8e6,0.0189,0.0152,0.0134,0.0136,d2f2,d2f2,d2f2,d2f2,152.0,0.0189,-0.0053,True,elite,03_elite,2589,2576,2576,False,True,0,bishop,False,False,True,endgame,True,False,False,False,False
R7/5pkp/3p2p1/p7/P4P2/1b3B2/3r2PP/5K2 b - - 3 30,60,?,d2d4,288,231,b3a4,0.0348,0.0337,0.0367,0.0453,b3a4,b3a4,b3a4,b3a4,238.0,0.0453,0.0105,True,elite,03_elite,2589,2576,2576,False,True,0,rook,False,False,True,endgame,False,True,False,False,False
2q4r/ppk1b2p/2n2p2/2p5/5Q2/2NP2PP/PP3P2/R4RK1 b - - 0 20,40,?,c7d8,-470,16,e7d6,0.0364,0.0237,0.0195,0.02,e7d6,e7d6,e7d6,e7d6,144.0,0.0364,-0.0164,True,elite,03_elite,2500,2448,2448,False,True,1,king,False,False,True,middlegame,False,True,False,True,False
5rk1/p2q1p1p/Q3bb2/5P2/3pp3/1N4P1/PPr1P2P/3R1RK1 b - - 0 22,44,?,d7c8,465,211,e6b3,0.0016,0.0009,0.0005,0.0003,e6b3,e6b3,e6b3,e6b3,425.0,0.0016,-0.0013,True,elite,03_elite,2542,2687,2687,False,True,0,queen,False,False,True,middlegame,False,True,False,False,False
5r1k/p4p1p/2q2P2/6Q1/3Rp3/6P1/bPr1P2P/5RK1 b - - 0 26,52,?,c6f6,-1224,773,f8g8,0.0083,0.0047,0.0027,0.0018,f8g8,f8g8,f8g8,f8g8,773.0,0.0083,-0.0065,True,elite,03_elite,2542,2687,2687,False,True,6,queen,True,False,False,middlegame,False,False,False,False,False
6k1/r4pp1/Pr1qp2p/2ppn3/R1p2Q1P/6P1/RP2PPB1/6K1 b - - 0 34,68,?,f7f6,288,29,f7f5,0.0421,0.0356,0.0346,0.047,b6a6,b6a6,b6a6,b6a6,541.0,0.047,0.0049,True,elite,03_elite,2375,2965,2965,False,True,0,pawn,False,False,True,middlegame,True,False,True,False,False
r3rbk1/p4pp1/2p2nnp/qp1ppQ2/4P3/P1PP2PP/1PBB1P1N/3R1RK1 b - - 0 22,44,?,e8e6,-87,9,a8d8,0.0061,0.0057,0.0054,0.0047,d5e4,a5c7,a5c7,a5b6,133.0,0.0061,-0.0014,True,elite,03_elite,2446,2562,2562,False,True,2,rook,False,False,True,middlegame,True,False,False,False,False
5k1n/p1q1rpb1/2p1PN1p/1p3Q2/3p4/PB4PP/1P3P2/4R1K1 b - - 4 34,68,?,c7d6,-501,29,f7e6,0.027,0.0316,0.0347,0.0386,g7f6,g7f6,g7f6,g7f6,359.0,0.0386,0.0116,True,elite,03_elite,2446,2562,2562,False,True,6,queen,False,False,True,middlegame,True,False,False,False,False
r2qr1k1/pppn1p1p/3p1bp1/3P1b2/2PB4/1PN5/P2QNPPP/R3R1K1 b - - 6 16,32,?,a7a6,-56,1,d7c5,0.0178,0.0203,0.021,0.0373,f6d4,f6d4,d7e5,d7e5,100.0,0.0373,0.0195,True,elite,03_elite,2541,2462,2462,False,True,2,pawn,False,False,True,middlegame,True,False,True,False,False
r3r1k1/1pq1bp2/p2p1np1/7p/2PN1Q2/3B1P2/PP4PP/1K1RR3 b - - 2 22,44,?,e7d8,-65,36,e7d8,0.0109,0.0071,0.0043,0.0027,b7b5,g8g7,g8g7,g8g7,171.0,0.0109,-0.0082,True,elite,03_elite,2724,2906,2906,True,False,2,bishop,False,False,True,middlegame,False,True,False,False,False
2b2rk1/3n1ppp/r1p2n2/p3P1B1/2pP4/q5PP/2Q1N1BK/3R1R2 b - - 0 22,44,?,a3b3,-34,106,a3b3,0.0097,0.0078,0.0059,0.0048,f6d5,f6d5,f6d5,f6d5,117.0,0.0097,-0.0049,True,elite,03_elite,3001,2804,2804,True,False,2,queen,False,False,True,middlegame,False,False,False,False,False
1r4k1/3r1pp1/4b3/7p/p2PB3/B5PP/1pR4K/3R4 b - - 1 34,68,?,f7f5,-155,95,f7f5,0.0206,0.0168,0.0149,0.016,b2b1q,b2b1q,b2b1q,b2b1q,150.0,0.0206,-0.0046,True,elite,03_elite,3001,2804,2804,True,False,7,pawn,False,False,True,middlegame,True,False,True,False,False
r1b1k2r/1p1nbppp/pq2p3/3pP3/3N1P2/P1N3P1/1PP3BP/R2QK2R b KQkq - 2 12,24,?,d7b8,50,7,e8g8,0.0019,0.0018,0.0015,0.0015,b6b2,b6b2,b6b2,b6b2,422.0,0.0019,-0.0004,True,elite,03_elite,2372,2541,2541,False,True,3,knight,False,False,True,opening,False,True,False,False,False
1rr3k1/3b1ppp/4p3/3pP3/p2q1P2/1P4P1/2P3BP/1K1Q1R2 b - - 1 32,64,?,d4a7,903,81,d4c5,0.0132,0.0136,0.0128,0.01,d4c3,d4c3,d4c3,d4c3,159.0,0.0136,-0.0032,True,elite,03_elite,2372,2541,2541,False,True,4,queen,False,False,True,middlegame,False,True,False,False,False
1r6/R3pp2/3p1kp1/2p5/4PPP1/1PR1K2p/1rB3bP/8 b - - 0 32,64,?,b2c2,124,47,b8b4,0.0023,0.0023,0.0025,0.0029,g6g5,g6g5,b8b4,b8b4,124.0,0.0029,0.0006,True,elite,03_elite,2690,2539,2539,False,True,0,rook,True,False,False,endgame,False,False,False,False,False
3r1rk1/3q2pp/1p2p3/pPp1b2Q/2P1B2P/3P2P1/1P3P2/R1B3K1 b - - 4 24,48,?,g7g5,-141,23,g7g6,0.0004,0.0003,0.0002,0.0002,g7g6,g7g6,g7g6,g7g6,385.0,0.0004,-0.0002,True,elite,03_elite_b2,2566,2421,2421,False,True,6,pawn,False,False,True,middlegame,True,False,True,False,False
r6r/BQ1nkppp/1p1p4/3Pp2q/1P2N3/8/P3bPPP/4R1K1 b - - 3 22,44,?,h5g4,485,102,e2d3,0.0412,0.0365,0.0321,0.0339,e2d3,e2b5,e2b5,e2b5,177.0,0.0412,-0.0073,True,elite,03_elite_b2,2486,2505,2505,False,True,4,queen,False,False,True,middlegame,True,False,False,False,False
6k1/pp1bqpp1/2n1p2p/8/8/4P3/PP1NBPPP/2Q3K1 b - - 2 22,44,?,d7e8,1,7,e7d8,0.0139,0.0185,0.0237,0.0311,c6b4,c6b4,c6b4,c6b4,233.0,0.0311,0.0172,True,elite,03_elite_b2,3009,2895,2895,False,True,5,bishop,False,False,True,endgame,False,True,False,False,False
r4rk1/1bqn1ppp/p2p1b2/3BpP2/1p2P3/2P2N2/PP2N1PP/R2Q1RK1 b - - 0 16,32,?,c7c5,140,19,a6a5,0.0125,0.0068,0.0044,0.0041,b4c3,b7d5,b4c3,b4c3,120.0,0.0125,-0.0084,True,elite,03_elite_b2,2562,2545,2545,False,True,2,queen,False,True,False,middlegame,True,False,False,False,False
1k3rq1/1pp1r3/p1npp1bb/6p1/3PN1Pp/2P2P1P/PP1Q1NB1/K2RR3 b - - 22 32,64,?,e7e8,92,1,e6e5,0.0033,0.0027,0.0025,0.0027,g6e4,g6e4,g6e4,g6e4,179.0,0.0033,-0.0006,True,elite,03_elite_b2,2505,2594,2594,False,True,2,rook,False,False,True,middlegame,False,True,False,False,False
r3kb1r/1p2pppp/p7/q2p4/1n1PbB2/PQ6/1PPRNPPP/2K2B1R b kq - 0 12,24,?,e7e5,-233,33,e7e6,0.0249,0.0237,0.0249,0.0291,b4c6,b4c6,b4c6,b4c6,316.0,0.0291,0.0042,True,elite,03_elite_b2,2444,2505,2505,False,True,6,pawn,False,False,True,opening,True,False,True,False,False
r3kb1r/1p3ppp/p3p1b1/q2p4/1n1P1B2/PQN2P2/1PPR2PP/2K2B1R b kq - 2 14,28,?,a8c8,-188,26,b7b5,0.0261,0.0259,0.0361,0.0473,b4c6,b4c6,b4c6,b4c6,352.0,0.0473,0.0212,True,elite,03_elite_b2,2444,2505,2505,False,True,6,rook,False,False,True,middlegame,False,False,False,False,False
r2qk2r/pp2bpp1/2p1b3/3pPn1p/8/1B5P/PPP1NPP1/R1BQR1K1 b kq - 1 14,28,?,e7c5,141,53,e7c5,0.0417,0.0373,0.0383,0.0325,d8c7,d8c7,d8c7,d8c7,119.0,0.0417,-0.0092,True,elite,03_elite_b2,2510,2528,2528,True,False,2,bishop,False,False,True,middlegame,True,False,False,False,False
r1b2rk1/pp2q1pp/2pb1n2/3pNp2/P2P1P2/1QPBP3/6PP/R1B2RK1 b - - 2 14,28,?,c6c5,-40,5,f6e4,0.0353,0.0174,0.0098,0.0076,f6e4,f6e4,f6e4,f6e4,162.0,0.0353,-0.0277,True,elite,03_elite_b2,2592,2551,2551,False,True,2,pawn,False,False,True,middlegame,True,False,True,False,False
6r1/p6k/2p2r1p/Pp1pN1p1/3PpP2/2P1P1Pb/3K3P/R5R1 b - - 5 26,52,?,g8c8,-95,21,h6h5,0.0058,0.008,0.0117,0.0193,g5f4,g5f4,g5f4,g5f4,230.0,0.0193,0.0135,True,elite,03_elite_b2,2592,2551,2551,False,True,5,rook,False,False,True,endgame,False,False,False,False,False
6r1/p6k/2p2r2/Pp1pN1pp/3PpPb1/1KP1P1P1/7P/R5R1 b - - 3 28,56,?,g4h3,-118,70,g4f3,0.0309,0.0345,0.0372,0.0411,g5f4,g5f4,g5f4,g5f4,255.0,0.0411,0.0102,True,elite,03_elite_b2,2592,2551,2551,False,True,5,bishop,False,False,True,endgame,True,False,False,False,False
r1bq1rk1/p3p1bp/2pp2pn/2p1Pp2/5P2/2NP1N2/PPP3PP/R1B1QRK1 b - - 0 10,20,?,c8e6,-66,2,d6d5,0.0307,0.0256,0.0258,0.0318,d6e5,d6e5,d6e5,d6d5,199.0,0.0318,0.0011,True,elite,03_elite_b2,2548,2435,2435,False,True,2,bishop,False,False,True,opening,True,False,False,False,False
7k/4B1bp/1NQ3p1/p3P3/4Nr2/3rq1PK/P7/8 b - - 0 30,60,?,e3f3,730,59,e3f3,0.0069,0.0044,0.0032,0.0026,f4e4,f4e4,f4e4,f4e4,2728.0,0.0069,-0.0043,True,elite,03_elite_b2,2548,2435,2435,True,False,4,queen,False,False,True,middlegame,False,False,False,False,False
6k1/pp4bp/4q1p1/2Prp1P1/1P1pQ2P/P2P4/1B6/4R1K1 b - - 0 32,64,?,e6d7,-55,10,d5d8,0.0231,0.0319,0.0431,0.0497,e6h3,e6h3,e6h3,e6h3,923.0,0.0497,0.0266,True,elite,03_elite_b2,2518,2388,2388,False,True,5,queen,False,False,True,endgame,False,True,False,False,False
r1b1r1k1/pp3ppp/2p5/3pN3/3PnP2/1BP5/PP3PP1/R3R1K1 b - - 4 18,36,?,e4d6,15,18,e4d6,0.0106,0.0091,0.0088,0.0129,e4d2,f7f6,f7f6,f7f6,213.0,0.0129,0.0023,True,elite,03_elite_b2,2552,2841,2841,True,False,2,knight,False,False,True,middlegame,False,True,False,False,False
2rq1rk1/pb2pp1p/1p4p1/6B1/3b4/2N5/PPP1Q1PP/3R1R1K b - - 1 18,36,?,d8d7,31,113,d8d7,0.0349,0.0314,0.0221,0.0134,f7f6,f7f6,f7f6,f7f6,145.0,0.0349,-0.0215,True,elite,03_elite_b2,3011,3049,3049,True,False,0,queen,False,False,True,middlegame,True,False,False,False,False
1r3r2/4qbnk/1p3ppb/p3p3/PpNpP1QN/1P1P2PB/2P2PK1/R6R b - - 7 24,48,?,f8h8,-86,31,f6f5,0.027,0.0318,0.0284,0.0199,g6g5,f7e6,f7e6,f7e6,1151.0,0.0318,-0.0071,True,elite,03_elite_b2,2511,2487,2487,False,True,2,rook,False,False,True,middlegame,False,False,False,False,False
r4rk1/1p1nqpp1/2p1pn1p/p2p1b2/1bPP4/1PN1QNPP/1B2PPB1/2RR2K1 b - - 1 16,32,?,a5a4,240,63,f8e8,0.0419,0.0274,0.0155,0.0118,f8e8,f8e8,f8e8,f8e8,107.0,0.0419,-0.0301,True,elite,03_elite_b2,2629,2625,2625,False,True,2,pawn,False,False,True,middlegame,True,False,True,False,False
r1bqr1k1/p1p1bppp/2pp1n2/8/2B1PB2/2N2Q1P/PPP2PP1/R3K2R b KQ - 1 10,20,?,f6d7,-31,9,f6d7,0.0046,0.0052,0.0066,0.0062,d6d5,d6d5,d6d5,d6d5,194.0,0.0066,0.0016,True,elite,03_elite_b2,2605,2614,2614,True,False,3,knight,False,False,True,opening,False,True,False,False,False
1rbqr1k1/p1Nn1pp1/3p3p/2p1b3/4P3/1B2BQ1P/PPP2PP1/1R3RK1 b - - 0 16,32,?,b8b3,12,135,b8b3,0.0029,0.0047,0.007,0.0116,d8c7,e8f8,e8f8,e8f8,133.0,0.0116,0.0087,True,elite,03_elite_b2,2605,2614,2614,True,False,2,rook,True,False,False,middlegame,True,False,False,False,False
4q1k1/p2n1pp1/b2p3p/2p1b3/4P3/2P1Q2P/PP3PP1/1R2R1K1 b - - 2 20,40,?,g7g5,77,53,g7g5,0.0377,0.0186,0.0113,0.0127,d7f6,d7f6,d7f6,d7f6,472.0,0.0377,-0.025,True,elite,03_elite_b2,2605,2614,2614,True,False,0,pawn,False,False,True,middlegame,True,False,True,False,False
2b3k1/p3bp2/3pqn1p/2p3p1/4PPP1/1PP1Q2P/P6K/3RR3 b - - 0 26,52,?,f6d7,167,120,f6d7,0.0243,0.0212,0.0179,0.0181,g5f4,g5f4,g5f4,g5f4,154.0,0.0243,-0.0062,True,elite,03_elite_b2,2605,2614,2614,True,False,0,knight,False,False,True,middlegame,False,True,False,False,False
6k1/pb1nbp2/3p1q1p/5Pp1/2P1P1P1/2P2Q1P/P5K1/3RR3 b - - 0 30,60,?,f6e5,180,26,f6e5,0.0358,0.0348,0.0313,0.0326,d7e5,d7e5,d7e5,d7e5,100.0,0.0358,-0.0032,True,elite,03_elite_b2,2605,2614,2614,True,False,0,queen,False,False,True,middlegame,True,False,False,False,False
r1br2k1/1ppq1ppp/5b2/BP6/2P5/R2P1Q2/3N1PPP/5RK1 b - - 8 20,40,?,d7f5,23,2,d7f5,0.0069,0.0078,0.0088,0.0092,b7b6,b7b6,b7b6,b7b6,430.0,0.0092,0.0023,True,elite,03_elite_b2,2737,2825,2825,True,False,0,queen,False,False,True,middlegame,True,False,False,False,False
3r3r/2p1kpp1/1pB1b2p/p1R1P3/P3P3/2P1B3/2P3PP/1R4K1 b - - 0 22,44,?,f7f6,-490,0,b6c5,0.0035,0.0009,0.0003,0.0001,b6c5,b6c5,b6c5,b6c5,311.0,0.0035,-0.0034,True,elite,03_elite_b2,2532,2654,2654,False,True,6,pawn,False,False,True,middlegame,True,False,True,False,False
r1bq1rk1/3nb1pp/2p2n2/p1Pp1p2/3PpPP1/2N1P2P/PBQNB3/2KR3R b - - 0 16,32,?,f6e8,-18,16,a5a4,0.0214,0.025,0.0297,0.0468,f5g4,f5g4,f5g4,f5g4,260.0,0.0468,0.0254,True,elite,03_elite_b2,2656,2721,2721,False,True,2,knight,False,False,True,middlegame,False,True,False,False,False
R7/5pkp/1p1p2p1/3Pp3/3b4/3R1PKP/2r5/8 b - - 0 34,68,?,d4g1,627,244,d4g1,0.0042,0.0027,0.0019,0.0021,d4f2,d4f2,c2c5,c2c5,302.0,0.0042,-0.0021,True,elite,03_elite_b2,2468,2520,2520,True,False,4,bishop,False,False,True,endgame,True,False,False,False,False
r1bq1bk1/1p3p1p/1n3pp1/1NBP4/1P6/PB6/2Q2PPP/4R1K1 b - - 0 24,48,?,c8d7,-243,6,c8f5,0.0167,0.0205,0.0274,0.0457,b6d5,b6d5,b6d5,b6d5,212.0,0.0457,0.029,True,elite,03_elite_b2,2556,2599,2599,False,True,6,bishop,False,False,True,middlegame,True,False,False,False,False
1r6/1r2ppkp/3p2p1/8/b1PqP3/2RB1P2/P3Q1PP/K1R5 b - - 8 28,56,?,e7e5,231,12,a4c6,0.0273,0.0216,0.0186,0.0174,b7b2,b7b2,b7b2,b7b2,134.0,0.0273,-0.0099,True,elite,03_elite_b2,2505,2467,2467,False,True,0,pawn,False,False,True,middlegame,True,False,True,False,False
1r6/4ppkp/2bp2p1/4q3/r1P1P3/2RQ1P2/P3B1PP/KR6 b - - 16 32,64,?,a4a3,595,274,b8a8,0.009,0.0053,0.0036,0.0031,b8b1,b8a8,b8a8,b8a8,460.0,0.009,-0.0059,True,elite,03_elite_b2,2505,2467,2467,False,True,0,rook,False,False,True,middlegame,True,False,False,False,False
r4rk1/ppp3b1/3p2p1/2nP1q2/2P5/2N3BP/PPQ2P2/2KRR3 b - - 1 22,44,?,g7c3,-10,35,g7c3,0.0318,0.0303,0.0249,0.0183,f5c2,g7h6,g7h6,g7h6,126.0,0.0318,-0.0135,True,elite,03_elite_b2,2845,2995,2995,True,False,5,bishop,True,False,False,middlegame,True,False,False,False,False
3q1k1r/3n2pp/r2b1n2/p1pP4/1pN2P2/3B1Q2/1P4PP/R1B2RK1 b - - 6 20,40,?,d8a8,-383,12,d8c7,0.0372,0.0305,0.0235,0.0227,a6a8,a6a8,a6a8,a6a8,176.0,0.0372,-0.0145,True,elite,03_elite_b2,2478,2521,2521,False,True,6,queen,False,False,True,middlegame,False,False,False,False,False
1r1k1b2/p1Nq1p2/5p2/Q2p1b2/1n1P3P/4p3/PP2PPBP/K1R4R b - - 1 20,40,?,f8e7,-505,14,b4c6,0.0007,0.0006,0.0006,0.0006,b4c2,b4c2,b4c2,b4c2,127.0,0.0007,-0.0001,True,elite,03_elite_b2,2567,2652,2652,False,True,6,bishop,False,False,True,middlegame,True,False,False,False,False
1q1r1rk1/1b1n1ppp/8/p1pPp1b1/Pp2P3/1P1BP1NP/2Q2RPN/5R1K b - - 2 24,48,?,g5h4,-30,45,g5e3,0.0235,0.0171,0.0122,0.0091,g5e3,g5e3,g5e3,g5e3,125.0,0.0235,-0.0144,True,elite,03_elite_b2,2550,2454,2454,False,True,2,bishop,False,False,True,middlegame,True,False,False,False,False
1q1r1rk1/1b1n1ppp/8/p1pPpN2/Pp1bP3/1P1B1R1P/2Q3PN/5R1K b - - 3 26,52,?,g8h8,-174,148,f7f6,0.0103,0.0197,0.0285,0.0412,d7f6,d7f6,d7f6,d7f6,208.0,0.0412,0.0309,True,elite,03_elite_b2,2550,2454,2454,False,True,6,king,False,False,True,middlegame,False,False,False,True,False
4rr1k/1bq4p/5n1N/pBpPp3/Pp2P3/1P2Q1R1/6PN/5R1K b - - 0 34,68,?,c7e7,-638,15,e8d8,0.0183,0.0163,0.0171,0.021,e8e7,e8e7,e8e7,e8e7,1354.0,0.021,0.0027,True,elite,03_elite_b2,2550,2454,2454,False,True,1,queen,False,False,True,middlegame,False,False,False,False,False
5k2/1p3p2/p1p2n2/2Pp1P1p/1P1P3P/4KB2/1P6/8 b - - 2 34,68,?,f6g8,-63,85,f8g7,0.0052,0.0036,0.0043,0.0082,f8g7,f8g7,f8g7,f8g7,103.0,0.0082,0.003,True,elite,03_elite_b2,2490,2506,2506,False,True,5,knight,False,False,True,endgame,False,True,False,False,False
3r4/pp1rpk2/n1p2p2/7N/2P2p1P/1PB5/P3KP2/7R b - - 0 28,56,?,f4f3,584,7,e7e5,0.0377,0.0326,0.0314,0.0289,e7e5,e7e5,e7e5,e7e5,110.0,0.0377,-0.0088,True,elite,03_elite_b2,2597,2662,2662,False,True,4,pawn,False,True,False,endgame,True,False,True,False,False
rnb1kb1r/p1q4p/5p2/2pNpp2/2B5/5N2/PPQ3PP/3R1RK1 b kq - 1 20,40,?,c7d8,-547,93,c7d8,0.0367,0.0317,0.0267,0.0253,c7c6,c7c6,c7g7,c7g7,349.0,0.0367,-0.0114,True,elite,03_elite_b2,2513,2515,2515,True,False,1,queen,False,False,True,middlegame,False,True,False,False,False
rnb1kb1r/p3q2p/5p2/2pNpp2/2B5/5N2/PPQ3PP/3R1RK1 b kq - 5 22,44,?,e7d8,-636,9,e7d8,0.0494,0.0422,0.0369,0.0361,e7g7,e7g7,e7g7,e7g7,263.0,0.0494,-0.0133,True,elite,03_elite_b2,2513,2515,2515,True,False,1,queen,False,False,True,middlegame,False,True,False,False,False
r1bqkb1r/7p/p4p2/4p3/2Bp1N2/8/PP2Q1PP/3RR1K1 b kq - 1 28,56,?,d8d6,-266,71,h7h5,0.0093,0.0114,0.0154,0.0217,f8c5,f8c5,f8c5,f8c5,210.0,0.0217,0.0124,True,elite,03_elite_b2,2513,2515,2515,False,True,6,queen,False,False,True,middlegame,True,False,False,False,False
r2k3r/1b2q3/pb6/4p3/2BpN3/1Q6/PP4PP/3RR2K b - - 4 34,68,?,d8c7,-175,67,d8c7,0.0206,0.0239,0.0267,0.0257,e7h4,e7h4,e7h4,e7h4,1809.0,0.0267,0.0051,True,elite,03_elite_b2,2513,2515,2515,True,False,6,king,False,False,True,middlegame,True,False,False,True,False
r4rk1/1pn1Bp1p/1q1p2p1/p1bp4/7R/3B1Q2/PPP2PPP/R5K1 b - - 5 20,40,?,c5d4,-72,3,c5d4,0.0058,0.0056,0.0061,0.0064,f8e8,f8e8,f8e8,f8e8,371.0,0.0064,0.0006,True,elite,03_elite_b2,2993,2688,2688,True,False,2,bishop,False,False,True,middlegame,True,False,False,False,False
3r2k1/p4p2/1p2r1pp/PR1p3n/2pP4/B1P1PP1q/5P1P/3Q2RK b - - 1 28,56,?,g8h7,180,2,g8h7,0.0139,0.0216,0.0238,0.0259,e6f6,e6f6,e6f6,e6f6,139.0,0.0259,0.012,True,elite,03_elite_b2,2372,2538,2538,True,False,0,king,False,False,True,middlegame,True,False,False,True,False
3r4/p4p1k/1p3rpp/P2p3n/1RpP1P2/B1P1P2q/5P1P/3Q2RK b - - 0 30,60,?,h3f5,181,18,b6a5,0.0119,0.0166,0.0187,0.0173,b6a5,b6a5,b6a5,h5g7,153.0,0.0187,0.0054,True,elite,03_elite_b2,2372,2538,2538,False,True,0,queen,False,False,True,middlegame,False,True,False,False,False
r1b3q1/p1bknp2/1p2pB1r/3PP1N1/5P2/1P1Q1p2/7P/R5K1 b - - 0 26,52,?,d7e8,352,5,e6d5,0.0133,0.0101,0.0064,0.0048,e7d5,e7d5,e7d5,e7d5,2351.0,0.0133,-0.0085,True,elite,03_elite_b2,2656,2561,2561,False,True,6,king,False,False,True,middlegame,False,True,False,True,False
3r1nk1/1bqr2np/pp2pP2/2p2p2/2P5/3P1NP1/PB2QPB1/2RR2K1 b - - 0 24,48,?,b7f3,-304,18,g7e8,0.0188,0.0271,0.0301,0.0231,g7h5,g7h5,g7h5,g7h5,156.0,0.0301,0.0043,True,elite,03_elite_b2,2643,2526,2526,False,True,6,bishop,True,False,False,middlegame,True,False,False,False,False
1r3rk1/7p/1BRP2pP/1B2p3/p4pP1/8/PP6/2n2K2 b - - 0 34,68,?,g8f7,-303,150,e5e4,0.0021,0.0013,0.0009,0.0012,c1a2,c1a2,c1a2,c1a2,399.0,0.0021,-0.0009,True,elite,03_elite_b2,2496,2516,2516,False,True,6,king,False,False,True,endgame,True,False,False,True,False
r3r1k1/p3bpp1/2pq3p/4pP1Q/1p2P3/3P1P1P/PP1B4/3R1R1K b - - 2 22,44,?,g8f8,-15,98,e8f8,0.0084,0.0097,0.0098,0.0074,d6d3,d6d3,d6d3,d6d3,633.0,0.0098,-0.001,True,elite,03_elite_b2,2435,2532,2532,False,True,2,king,False,False,True,middlegame,False,False,False,True,False
rn4k1/p3qpp1/1pp4p/8/8/3Q2P1/PP2rPBP/3R1RK1 b - - 3 18,36,?,e7e8,-114,23,a7a5,0.0102,0.0132,0.0152,0.0178,e2b2,e2b2,e2b2,e2b2,145.0,0.0178,0.0076,True,elite,03_elite_b2,2511,2348,2348,False,True,5,queen,False,False,True,middlegame,False,True,False,False,False
rnQ4R/4qpp1/1pp1r1kp/p7/7P/5BP1/PP3P2/5RK1 b - - 0 24,48,?,a5a4,-494,14,e7f6,0.0147,0.0136,0.0139,0.0149,e6e1,e6e1,e7a7,e7a7,120.0,0.0149,0.0002,True,elite,03_elite_b2,2511,2348,2348,False,True,6,pawn,False,False,True,middlegame,True,False,True,False,False
rn5R/1Q3pp1/1pp1r1kp/p7/7P/6P1/Pq3P2/3B1RK1 b - - 1 26,52,?,b8d7,-558,68,b8d7,0.0056,0.0062,0.0061,0.0048,a8a6,a8a6,a8a6,a8a6,375.0,0.0062,-0.0008,True,elite,03_elite_b2,2511,2348,2348,True,False,1,knight,False,False,True,middlegame,True,False,False,False,False
6QR/5pp1/1pp1r1kp/p3n3/7P/6P1/Pq3P2/3B1RK1 b - - 2 28,56,?,b2d2,-528,41,e5d3,0.0183,0.0204,0.0222,0.0263,b2a2,b2a2,b2a2,b2a2,276.0,0.0263,0.008,True,elite,03_elite_b2,2511,2348,2348,False,True,1,queen,False,False,True,middlegame,False,False,False,False,False
7R/5pp1/1pp1rk1p/p7/7P/3Q2P1/Pq3P2/3B1RK1 b - - 0 30,60,?,b2b4,-758,16,b2a2,0.0174,0.0271,0.0367,0.045,b2a2,b2a2,b2a2,b2a2,1227.0,0.045,0.0276,True,elite,03_elite_b2,2511,2348,2348,False,True,1,queen,False,False,True,endgame,False,True,False,False,False
2k2r2/rq2bN2/2nBP2p/1pQ3p1/3p4/6P1/PP3P1P/R3R1K1 b - - 0 24,48,?,f8g8,-739,15,a7a6,0.0047,0.0039,0.0034,0.0036,e7d6,e7d6,e7d6,e7d6,208.0,0.0047,-0.0011,True,elite,03_elite_b2,2521,2521,2521,False,True,1,rook,False,False,True,middlegame,False,False,False,False,False
5r2/2k2N2/Q1n1P2p/6p1/1q1p4/6P1/PP3P1P/2R1R1K1 b - - 2 28,56,?,b4e1,-985,11,c7b8,0.0202,0.0208,0.0211,0.0174,b4b6,b4b6,b4b6,b4b6,1004.0,0.0211,-0.0028,True,elite,03_elite_b2,2521,2521,2521,False,True,1,queen,True,True,False,middlegame,True,False,False,False,False
r1b2rk1/2qpb1pp/p1n1p3/1p2nP2/8/1NNBB1Q1/PPP3PP/R4RK1 b - - 2 16,32,?,d7d5,-3,38,d7d5,0.0133,0.0105,0.0078,0.0078,e5d3,e5d3,e5d3,e5d3,515.0,0.0133,-0.0055,True,elite,03_elite_b2,2799,2825,2825,True,False,2,pawn,False,False,True,middlegame,True,False,True,False,False
3q1rk1/p5b1/2Q4n/2NPpb2/2Pp1p2/7P/P5P1/R1B2RK1 b - - 2 22,44,?,d8b6,-94,25,d8h4,0.0068,0.0058,0.0053,0.0049,d8g5,d8g5,d8g5,d8g5,179.0,0.0068,-0.0019,True,elite,03_elite_b2,2562,2485,2485,False,True,0,queen,False,False,True,middlegame,True,False,False,False,False
5rk1/p5b1/2QP3n/2N1p3/2Pp1p1q/7P/P7/R1B2RK1 b - - 0 24,48,?,f4f3,0,293,h4g3,0.02,0.014,0.0117,0.0132,h4g3,h4g3,h4g3,h4g3,461.0,0.02,-0.0068,True,elite,03_elite_b2,2562,2485,2485,False,True,7,pawn,False,False,True,middlegame,True,False,True,False,False
rn3rk1/pp2bp1p/2p3p1/8/3qB3/6PQ/PPP2P2/R1B1R1K1 b - - 1 14,28,?,b8a6,30,29,e7f6,0.0352,0.0275,0.0227,0.0197,e7c5,e7c5,e7c5,e7c5,127.0,0.0352,-0.0155,True,elite,03_elite_b2,2482,2647,2647,False,True,2,knight,False,False,True,middlegame,True,False,False,False,False
6N1/5pbp/p3b1p1/7k/2q5/6Q1/5PPP/4R1K1 b - - 10 28,56,?,c4c3,-92,132,g6g5,0.0281,0.0316,0.0343,0.0341,c4b4,c4b4,c4b4,c4b4,196.0,0.0343,0.006,True,elite,03_elite_b2,2470,2505,2505,False,True,0,queen,False,False,True,endgame,True,False,False,False,False
4r1k1/rp3p2/2p3p1/3p2q1/pQ1Pb2p/P3P2P/1P3PP1/2R1RBK1 b - - 3 30,60,?,e8e7,0,0,e4f5,0.0117,0.0145,0.0219,0.0341,e4f5,e4f5,e4f5,e8e6,151.0,0.0341,0.0224,True,elite,03_elite_b2,2560,2836,2836,False,True,2,rook,False,False,True,middlegame,True,False,False,False,False
rn1qr1k1/5pp1/1p1b1np1/2pNN3/3P2P1/4BQ1P/PP3P2/R3R1K1 b - - 0 18,36,?,a8a4,-146,7,d6e5,0.0085,0.0037,0.002,0.0017,f6d5,d6e5,d6e5,d6e5,131.0,0.0085,-0.0068,True,elite,03_elite_b2,2591,2490,2490,False,True,6,rook,False,False,True,middlegame,True,False,False,False,False
rnb2rk1/ppNpppbp/5np1/8/3Nq3/2P1B3/PP3PPP/R2QKB1R b KQ - 1 10,20,?,b7b6,-113,21,e7e5,0.0421,0.0461,0.0477,0.0328,f6g4,f6g4,f6g4,f6g4,137.0,0.0477,-0.0093,True,elite,03_elite_b2,2607,2514,2514,False,True,3,pawn,False,False,True,opening,True,False,True,False,False
1r5r/1b1n1ppp/p2kp3/2p5/q1Pp1PQ1/1N1P4/PB4PP/1R3RK1 b - - 3 24,48,?,b7a8,112,16,g7g6,0.0009,0.0011,0.0012,0.0016,g7g6,g7g6,g7g6,g7g6,207.0,0.0016,0.0007,True,elite,03_elite_b2,2515,2349,2349,False,True,2,bishop,False,False,True,middlegame,False,True,False,False,False
8/1r2pp2/RP1p4/3P2kp/N2bP3/5K1P/1P3P2/8 b - - 1 34,68,?,b7b8,-173,2,g5h4,0.019,0.014,0.0115,0.0164,g5h4,g5h4,g5h4,g5h4,109.0,0.019,-0.0026,True,elite,03_elite_b2,2567,2547,2547,False,True,5,rook,False,False,True,endgame,False,True,False,False,False
r3k1nr/pp1b1ppp/2n5/8/Q2N3q/4PPP1/P2B3P/2R1KB1R b Kkq - 0 16,32,?,c6d4,-39,146,c6d4,0.0238,0.0184,0.0136,0.0092,h4f6,h4f6,h4f6,h4f6,200.0,0.0238,-0.0146,True,elite,03_elite_b2,2897,2733,2733,True,False,3,knight,True,False,False,middlegame,True,False,False,False,False
r2qkb1r/1p3pp1/1np1p2p/4Nb2/p2P4/2P3P1/P3PPBP/R1BQR1K1 b kq - 0 14,28,?,f5h7,-122,9,f8d6,0.006,0.0084,0.0103,0.0121,b6d5,b6d5,b6d5,f8e7,151.0,0.0121,0.0061,True,elite,03_elite_b2,2504,2468,2468,False,True,3,bishop,False,False,True,middlegame,False,True,False,False,False
1rb2rk1/p1q2pbp/1p2p1p1/2n1PP2/2PB2PN/8/P3Q1BP/2R2RK1 b - - 0 20,40,?,f8d8,115,40,f8d8,0.0285,0.0246,0.0271,0.0438,e6f5,e6f5,e6f5,e6f5,135.0,0.0438,0.0153,True,elite,03_elite_b2,2717,2703,2703,True,False,2,rook,False,False,True,middlegame,False,False,False,False,False
5k2/5p2/2p1rP1p/3p2P1/5P1P/3R4/5K2/8 b - - 0 30,60,?,f8g8,-225,40,h6g5,0.0328,0.0335,0.0317,0.0446,h6g5,h6g5,h6g5,h6g5,115.0,0.0446,0.0118,True,elite,03_elite_b2,2500,2329,2329,False,True,5,king,False,False,True,endgame,False,False,False,True,False
r5k1/1q3pp1/5n1p/pP1pr3/P1pR4/2B3P1/2R1PP1P/3Q2K1 b - - 6 34,68,?,e5g5,-129,2,e5f5,0.0351,0.0408,0.0374,0.0262,f6e4,f6e4,e5e6,e5e6,141.0,0.0408,-0.0089,True,elite,03_elite_b2,2967,2707,2707,False,True,5,rook,False,False,True,middlegame,False,False,False,False,False
3r2k1/7p/p3p1q1/2Rr1ppN/6P1/1P2QP2/P3P1KP/5R2 b - - 0 26,52,?,d5d7,-547,35,d5c5,0.0034,0.0042,0.0051,0.007,f5g4,f5f4,f5f4,f5f4,106.0,0.007,0.0036,True,elite,03_elite_b2,2545,2560,2560,False,True,1,rook,False,False,True,middlegame,False,True,False,False,False
6k1/4Q2p/p3p3/5qp1/4N3/1P3P2/P5KP/8 b - - 6 34,68,?,f5f7,-621,265,g8h8,0.0202,0.0207,0.0183,0.0195,g5g4,g5g4,g5g4,g5g4,1364.0,0.0207,-0.0007,True,elite,03_elite_b2,2545,2560,2560,False,True,1,queen,False,False,True,endgame,False,True,False,False,False
3r1b1r/1kpq2p1/2n2pn1/1p2p2p/1P2P2P/1QBP1NP1/5P2/R3KB1R b KQ - 0 18,36,?,f8e7,-223,89,f8e7,0.0139,0.0145,0.0144,0.0126,d8a8,d8a8,d8a8,d8a8,205.0,0.0145,-0.0013,True,elite,03_elite_b2,2524,2503,2503,True,False,6,bishop,False,False,True,middlegame,True,False,False,False,False
r2r4/1kp1b1p1/1q3p2/1p2n2p/1P1RPP1P/1QB3P1/6B1/3R2K1 b - - 2 26,52,?,c7c5,-19,123,d8d6,0.0161,0.0112,0.0077,0.0075,e5c6,e5c6,e5c6,e5c6,330.0,0.0161,-0.0086,True,elite,03_elite_b2,2524,2503,2503,False,True,6,pawn,False,False,True,middlegame,True,False,True,False,False
r1r3k1/p4pbp/2pBp1p1/2P1n3/1PqNP3/5P1P/1PQ3P1/R2R2K1 b - - 0 24,48,?,e5f3,-130,70,e5f3,0.0335,0.0307,0.0311,0.0355,c4b4,c4b4,c4b4,c4b4,138.0,0.0355,0.002,True,elite,03_elite_b2,2653,2574,2574,True,False,5,knight,True,True,False,middlegame,True,False,False,False,False
r1r2k2/p4p1p/R1pPp1p1/8/1P6/3R3P/1bN3P1/7K b - - 3 32,64,?,c8b8,154,3,e6e5,0.0071,0.0049,0.0038,0.0029,f8e8,f8e8,f8e8,f8e8,693.0,0.0071,-0.0042,True,elite,03_elite_b2,2653,2574,2574,False,True,0,rook,False,False,True,endgame,False,False,False,False,False
7r/2p3k1/1p2q1pp/2rR4/p3PQn1/P5N1/1P4P1/1K3R2 b - - 3 32,64,?,c5c4,41,7,c5c6,0.0205,0.0136,0.0093,0.0076,c5d5,c5d5,c5d5,c5d5,227.0,0.0205,-0.0129,True,elite,03_elite_b2,2565,2527,2527,False,True,5,rook,False,False,True,middlegame,True,False,False,False,False
4r1k1/3n1ppp/2p1q2r/2P1p3/1P2P3/P1N2PP1/4Q2P/3R1RK1 b - - 0 28,56,?,h6g6,-279,17,d7f6,0.0153,0.0145,0.0115,0.0089,d7f6,d7f6,d7f6,d7f6,111.0,0.0153,-0.0064,True,elite,03_elite_b2,2698,2554,2554,False,True,6,rook,False,False,True,middlegame,False,False,False,False,False
2Q1bbk1/pp3p1p/n5p1/4N3/4pB2/P7/1q3PPP/3R2K1 b - - 1 24,48,?,g6g5,-462,10,b2b3,0.0018,0.0008,0.0005,0.0005,e8a4,e8a4,e8a4,e8a4,798.0,0.0018,-0.0013,True,elite,03_elite_b2,2822,2551,2551,False,True,6,pawn,False,False,True,middlegame,True,False,True,False,False
2Q2bk1/pp1N1p1p/n5pB/8/4p3/q2b4/5PPP/1R4K1 b - - 3 28,56,?,d3b5,-1057,48,d3b1,0.0024,0.002,0.0016,0.0014,d3b1,d3b1,d3b1,d3b1,931.0,0.0024,-0.001,True,elite,03_elite_b2,2822,2551,2551,False,True,6,bishop,False,False,True,middlegame,False,True,False,False,False
r5k1/r5p1/1n3pq1/2N1p3/pPP3b1/P1BP2Q1/5P1K/R4R2 b - - 1 32,64,?,b6d7,-11,90,g8f7,0.0132,0.0097,0.0088,0.0111,g6h5,g6h5,g6h5,g6h5,178.0,0.0132,-0.0021,True,elite,03_elite_b2,2510,2502,2502,False,True,5,knight,False,False,True,middlegame,False,True,False,False,False
rn1q1rk1/pp3ppp/2pb4/3p1b2/2PPn3/1Q1B1N2/PP3PPP/RNB1R1K1 b - - 1 10,20,?,b8a6,-60,4,b8a6,0.0319,0.0204,0.0168,0.0248,b7b6,b7b6,b7b6,d5c4,122.0,0.0319,-0.0071,True,elite,03_elite_b2,2825,2798,2798,True,False,3,knight,False,False,True,opening,True,False,False,False,False
7r/pp1Rb3/2pBr1k1/5p2/6P1/5P2/PPP5/3R2K1 b - - 2 24,48,?,e7f6,-24,63,e7f6,0.0394,0.0322,0.032,0.0438,e7d6,e7d6,e7d6,e7d6,114.0,0.0438,0.0044,True,elite,03_elite_b2,2998,3002,3002,True,False,5,bishop,False,False,True,endgame,True,False,False,False,False
2r1nrk1/pp1qb1pp/1n2b3/2p1Pp2/5P2/1NPNBB1P/PP4P1/R2Q1RK1 b - - 2 18,36,?,d7b5,-170,46,b6c4,0.0132,0.0141,0.0162,0.0164,c5c4,c5c4,c5c4,c5c4,275.0,0.0164,0.0032,True,elite,03_elite_b2,2629,2647,2647,False,True,6,queen,False,False,True,middlegame,True,False,False,False,False
rn2k2r/pp3ppp/2pb4/3p4/8/2PBB3/PPP2PPP/2KR3R b kq - 1 14,28,?,b7b5,-106,25,e8g8,0.0112,0.0119,0.0089,0.0078,e8g8,e8g8,e8g8,e8g8,115.0,0.0119,-0.0034,True,elite,03_elite_b2,2592,2429,2429,False,True,3,pawn,False,False,True,middlegame,True,False,True,False,False
r2qr1k1/1bp2ppp/p2p1bn1/1p1P1N2/4NP2/7P/PPP3P1/R1BQR1K1 b - - 0 16,32,?,g6h4,1,19,g8h8,0.0431,0.042,0.0369,0.0326,f6h4,f6h4,f6h4,e8e4,143.0,0.0431,-0.0105,True,elite,03_elite_b2,2605,2817,2817,False,True,2,knight,False,False,True,middlegame,True,False,False,False,False
6k1/p4pp1/4b2p/1q6/3R1QP1/7P/P1rB2BK/4R3 b - - 6 34,68,?,b5e8,-618,21,b5b2,0.0092,0.0093,0.0074,0.0049,c2a2,c2a2,c2a2,c2a2,1376.0,0.0093,-0.0043,True,elite,03_elite_b2,2508,2546,2546,False,True,1,queen,False,False,True,middlegame,False,True,False,False,False
6k1/p4pp1/2q4p/3n4/7P/1P3PB1/P2Q2PK/8 b - - 6 34,68,?,c6b5,-219,7,c6e6,0.0167,0.0217,0.0254,0.0257,d5f6,d5f6,d5f6,d5f6,104.0,0.0257,0.009,True,elite,03_elite_b2,2506,2546,2546,False,True,5,queen,False,False,True,endgame,True,False,False,False,False
r1bqk2r/5ppp/p1pbpn2/3p4/4P3/2NB1Q2/PPP2PPP/R1B1R1K1 b kq - 3 10,20,?,d6e7,-71,46,d8c7,0.0025,0.0052,0.0087,0.0076,e8g8,e8g8,e8g8,e6e5,167.0,0.0087,0.0051,True,elite,03_elite_b2,2616,2459,2459,False,True,3,bishop,False,False,True,opening,False,True,False,False,False
r1b4r/5pkp/p2p2p1/N1PPp3/N1P3n1/1R1B4/5P1q/1R2QK2 b - - 3 24,48,?,h7h5,-177,7,e5e4,0.0029,0.0032,0.0053,0.0162,h2h1,h2h1,h2h1,h2h1,104.0,0.0162,0.0133,True,elite,03_elite_b2,2462,2519,2519,False,True,7,pawn,False,False,True,middlegame,True,False,True,False,False
5rk1/p1p1qp1p/1bB5/4B1p1/4Q3/2P3Pb/Pr2PP1P/R3R1K1 b - - 3 18,36,?,f8d8,-27,3,f8d8,0.0178,0.0105,0.008,0.0085,f7f6,f7f6,f7f6,f7f5,397.0,0.0178,-0.0093,True,elite,03_elite_b2,2648,2635,2635,True,False,5,rook,False,False,True,middlegame,False,False,False,False,False
6k1/p1p1qp1p/1bB5/4B1p1/4Q3/2P3Pb/Pr2PP1P/3R2K1 b - - 0 20,40,?,b6c5,-127,101,f7f6,0.0094,0.0081,0.0064,0.0058,b2a2,b2a2,f7f6,f7f5,346.0,0.0094,-0.0036,True,elite,03_elite_b2,2648,2635,2635,False,True,5,bishop,False,False,True,middlegame,True,False,False,False,False
r3k2r/1R2bppp/p2pbn2/6B1/2BQP3/q1N5/P1P3PP/4K2R b Kkq - 2 14,28,?,h7h6,-38,32,a8c8,0.032,0.0252,0.0194,0.0202,e6c4,e6c4,e6c4,e6c4,230.0,0.032,-0.0118,True,elite,03_elite_b2,2998,3010,3010,False,True,6,pawn,False,False,True,middlegame,True,False,True,False,False
4k2r/1R2bppp/p2p4/3P4/8/8/P3K1PP/2B5 b k - 0 22,44,?,h7h5,-41,59,h7h5,0.0129,0.0108,0.0092,0.0087,e8g8,e7d8,f7f6,f7f6,100.0,0.0129,-0.0042,True,elite,03_elite_b2,2998,3010,3010,True,False,5,pawn,False,False,True,endgame,True,False,True,False,False
rnb2rk1/bp2qpp1/p4n1p/2NpN3/1P3B2/6P1/P2QPPBP/2R2RK1 b - - 0 16,32,?,g7g5,67,110,f8d8,0.034,0.0272,0.0327,0.0442,a7c5,a7c5,a7c5,a7c5,181.0,0.0442,0.0102,True,elite,03_elite_b2,2529,2371,2371,False,True,2,pawn,False,False,True,middlegame,True,False,True,False,False
r3r1k1/6pp/1q2pn2/p2p1P2/1b1P4/1PpQ2P1/P1N1R1BP/4R1K1 b - - 0 26,52,?,a8c8,-134,7,e6e5,0.0288,0.0254,0.023,0.0175,e6f5,e6f5,e6f5,e6f5,245.0,0.0288,-0.0113,True,elite,03_elite_b2,2478,2518,2518,False,True,5,rook,False,False,True,middlegame,False,False,False,False,False
r4rk1/p4ppp/1pn1pn2/1Q6/3P1B2/P3P3/q2N1PPP/1R2KR2 b - - 2 16,32,?,f6d5,191,111,c6a5,0.011,0.0106,0.0112,0.0097,c6a5,c6a5,c6a5,c6a5,159.0,0.0112,-0.0013,True,elite,03_elite_b2,2431,2552,2552,False,True,0,knight,False,False,True,middlegame,True,False,False,False,False
2r3k1/p4ppp/1p2pn2/3q4/2rPPB2/P4P2/1Q3KPP/1RR5 b - - 0 22,44,?,d5d8,-3,12,d5c6,0.0061,0.005,0.0046,0.0043,d5d4,d5d4,d5d4,d5d4,689.0,0.0061,-0.0018,True,elite,03_elite_b2,2431,2552,2552,False,True,5,queen,False,False,True,middlegame,False,True,False,False,False
r1b1r1k1/5ppp/pp1p4/3Pnq2/P3R3/4P2P/1PB1QPP1/R3B1K1 b - - 0 22,44,?,f5d7,-324,113,c8d7,0.0233,0.0221,0.0205,0.0176,f5g5,f5g5,f5g5,f5g5,196.0,0.0233,-0.0057,True,elite,03_elite_b2,2555,2612,2612,False,True,6,queen,False,False,True,middlegame,False,True,False,False,False
1rb2rk1/4bppp/p1n1p3/Ppn5/4P3/3qNNP1/1PQB1PBP/2R2RK1 b - - 3 18,36,?,c8b7,214,130,c8b7,0.0183,0.0212,0.0257,0.0323,d3c2,d3c2,d3c2,d3c2,239.0,0.0323,0.014,True,elite,03_elite_b2,2556,2612,2612,True,False,2,bishop,False,False,True,middlegame,True,False,False,False,False
1qr2rk1/1b1nbppp/1p2pn2/8/1PNNP3/1Q4P1/1B3PBP/R2R2K1 b - - 2 22,44,?,c8d8,-96,9,f8d8,0.0029,0.0014,0.0005,0.0002,b7e4,b7e4,b7e4,b7e4,199.0,0.0029,-0.0027,True,elite,03_elite_b2,3063,2782,2782,False,True,2,rook,False,False,True,middlegame,False,False,False,False,False
q1r4k/3Q2p1/7p/1p6/1P6/6P1/5P1P/3R2K1 b - - 3 34,68,?,a8a6,-212,21,a8a6,0.0051,0.0051,0.0045,0.0043,c8b8,c8b8,c8f8,c8f8,128.0,0.0051,-0.0008,True,elite,03_elite_b2,3063,2782,2782,True,False,5,queen,False,False,True,endgame,True,False,False,False,False
4r3/3n1qk1/pR1Q2p1/4p3/P1P5/1PN2PP1/6K1/8 b - - 1 34,68,?,e8f8,159,176,d7b6,0.0287,0.0326,0.0363,0.0494,d7b6,d7b6,d7b6,d7b6,202.0,0.0494,0.0207,True,elite,03_elite_b2,2572,2539,2539,False,True,5,rook,False,False,True,endgame,False,False,False,False,False
1R6/1p1bbpk1/1P1p2p1/3Pp1Pp/4P3/1r2B2P/5PK1/5B2 b - - 13 34,68,?,d7h3,-237,33,e7g5,0.0236,0.025,0.0248,0.0229,d7b5,d7b5,d7b5,d7b5,226.0,0.025,-0.0007,True,elite,03_elite_b2,2433,2550,2550,False,True,6,bishop,True,True,False,endgame,True,False,False,False,False
r4r1k/4bppP/3pp3/7P/3Nq3/1p2B3/1PPQ4/1K3R1R b - - 1 26,52,?,a8a1,489,294,a8a1,0.0072,0.006,0.0046,0.0048,b3c2,b3c2,b3c2,b3c2,526.0,0.0072,-0.0024,True,elite,03_elite_b2,2604,2562,2562,True,False,7,rook,False,True,False,middlegame,True,False,False,False,False
r1q1r1k1/1b1R1pbp/p1n3p1/1pQ5/2p2B2/2P1PN2/PP2BPPP/3R2K1 b - - 4 20,40,?,c6d4,-86,186,g7f8,0.0013,0.0014,0.0014,0.0014,g7f8,g7f8,g7f8,g7f8,225.0,0.0014,0.0001,True,elite,03_elite_b2,2645,2641,2641,False,True,6,knight,False,False,True,middlegame,True,False,False,False,False
r3r3/1pqb1nkn/p2p1pp1/2pP4/P3PP1p/R1N4P/1P1QBNP1/2R3K1 b - - 4 24,48,?,c7a5,-65,27,a8b8,0.0337,0.026,0.0249,0.0282,g6g5,g6g5,g6g5,g6g5,120.0,0.0337,-0.0055,True,elite,03_elite_b2,2547,2476,2476,False,True,2,queen,False,False,True,middlegame,True,False,False,False,False
1rbqkb1r/5ppp/p1n1p3/3n4/Np3P2/8/PPPB1QPP/1K1R1BNR b k - 1 12,24,?,d5c3,410,265,f8e7,0.035,0.0213,0.0115,0.0079,c8d7,c8d7,d8a5,d8a5,276.0,0.035,-0.0271,True,elite,03_elite_b2,2418,2528,2528,False,True,2,knight,False,True,False,opening,True,False,False,False,False
1rb1k2r/5ppp/p3p3/q3N3/1n3P2/bPp1B3/P1P2QPP/1K1R1B1R b k - 5 18,36,?,a3c1,-171,109,e8g8,0.0084,0.0061,0.0051,0.0057,a3b2,a3b2,a3b2,a3b2,163.0,0.0084,-0.0027,True,elite,03_elite_b2,2418,2528,2528,False,True,6,bishop,False,False,True,middlegame,True,False,False,False,False
3r2k1/ppq2bp1/5p2/2b5/PnN1R3/1Q1P2PP/1B5K/5B2 b - - 4 28,56,?,c5g1,349,204,f7d5,0.0041,0.0046,0.0051,0.0056,f7g6,f7g6,f7d5,f7d5,201.0,0.0056,0.0015,True,elite,03_elite_b2,2659,2627,2627,False,True,0,bishop,False,True,False,middlegame,True,False,False,False,False
r3r1k1/1p3pbp/2p5/pP6/3PBP2/2R2KP1/P6P/4R3 b - - 0 30,60,?,f7f5,46,155,f7f5,0.0223,0.0247,0.0281,0.0308,c6b5,g7d4,g7d4,g7d4,187.0,0.0308,0.0085,True,elite,03_elite_b2,2430,2553,2553,True,False,5,pawn,False,False,True,endgame,True,False,True,False,False
1nk3rr/3q1pp1/1p2p2p/p2pPn1P/b1pP1PRN/P1P1B3/2PQB1P1/R3K3 b Q - 4 20,40,?,a4c2,114,55,f5e3,0.0023,0.0025,0.0031,0.0051,f5h4,f5h4,f5h4,f5h4,135.0,0.0051,0.0028,True,elite,03_elite_b2,2473,2552,2552,False,True,2,bishop,True,False,False,middlegame,True,False,False,False,False
r2qr1k1/1b2ppbp/p1pp1np1/3P2P1/1n2P3/2N1BN1P/1PPQBP2/2KR3R b - - 0 14,28,?,d8a5,450,6,f6d7,0.0245,0.0176,0.0139,0.0115,f6d7,f6d7,f6d7,f6d7,257.0,0.0245,-0.013,True,elite,03_elite_b2,2475,2546,2546,False,True,2,queen,False,False,True,middlegame,True,False,False,False,False
r1b2rk1/p1p1q1pp/n1P2n2/P3pp2/1p1p4/1N1Q1PP1/1PP1PBBP/R4RK1 b - - 2 18,36,?,e7e6,-95,30,a6c5,0.0259,0.0202,0.0142,0.0104,a6c5,a6c5,a6c5,a6c5,126.0,0.0259,-0.0155,True,elite,03_elite_b2,2554,2429,2429,False,True,2,queen,False,False,True,middlegame,True,False,False,False,False
r4rk1/p3nbb1/3p2pp/q1PP1p2/3B1P2/2P4N/P2Q2BP/2KR3R b - - 2 20,40,?,f8b8,599,10,a5a3,0.0035,0.0029,0.0026,0.0033,d6c5,d6c5,d6c5,d6c5,376.0,0.0035,-0.0002,True,elite,03_elite_b2,2543,2693,2693,False,True,0,rook,False,False,True,middlegame,False,False,False,False,False
r1r3k1/3Q1pbp/6p1/3N4/P2Nn3/3pP2P/1B3qP1/R2R3K b - - 1 28,56,?,c8e8,0,0,e4g3,0.0086,0.0101,0.0107,0.0111,f2b2,f2b2,f2b2,f2b2,393.0,0.0111,0.0025,True,elite,03_elite_b2,2718,2742,2742,False,True,7,rook,False,False,True,middlegame,False,False,False,False,False
2kr3r/1p4p1/1P6/5b1p/3B1n1P/2P2Pp1/PP4B1/R3R1K1 b - - 0 24,48,?,f4g6,-256,10,h8e8,0.0066,0.0067,0.0066,0.0065,f4g2,f4g2,f4g2,f4g2,183.0,0.0067,-0.0001,True,elite,03_elite_b2,2415,2577,2577,False,True,5,knight,False,False,True,middlegame,False,True,False,False,False
2krr3/1p4p1/1P6/5b1p/7P/2PnBPp1/PP2R1B1/R5K1 b - - 4 26,52,?,e8e7,145,8,d3f4,0.0197,0.0159,0.0132,0.0127,d3f4,d3f4,d3f4,d3f4,145.0,0.0197,-0.007,True,elite,03_elite_b2,2415,2577,2577,False,True,5,rook,False,False,True,middlegame,True,False,False,False,False
2krr3/1p4p1/1P6/5b1p/7P/2PnBPp1/PP2R1B1/R5K1 b - - 8 28,56,?,e8e6,133,2,d3b2,0.0286,0.0291,0.0301,0.0322,d3f4,d3f4,d3f4,d3f4,127.0,0.0322,0.0036,True,elite,03_elite_b2,2415,2577,2577,False,True,5,rook,False,False,True,middlegame,True,False,False,False,False
2r2bk1/1p1q1pp1/2b2n1p/r2p4/p6B/2N1PN1P/PPR2PP1/2RQ2K1 b - - 23 28,56,?,d7d6,-54,2,f6e8,0.0246,0.0253,0.0189,0.0126,a4a3,f6e4,f6e4,f6e4,328.0,0.0253,-0.012,True,elite,03_elite_b2,2834,2706,2706,False,True,2,queen,False,False,True,middlegame,True,False,False,False,False
r3k3/pb3p2/4p2b/2P1P3/1pp1N1P1/5K2/PP6/R2R4 b q - 0 28,56,?,a8c8,-38,4,c4c3,0.0347,0.0317,0.0311,0.0314,f7f5,e8e7,e8e7,e8e7,201.0,0.0347,-0.0033,True,elite,03_elite_b2,3008,2930,2930,False,True,5,rook,False,False,True,endgame,False,False,False,False,False
1b2B1k1/p3rpp1/7p/3p4/6Q1/qPB3P1/P4P2/3R1bK1 b - - 1 26,52,?,d5d4,-292,140,f7f5,0.0116,0.014,0.016,0.0184,f1e2,b8e5,b8e5,b8e5,150.0,0.0184,0.0068,True,elite,03_elite_b2,2545,2612,2612,False,True,6,pawn,False,False,True,middlegame,True,False,True,False,False
r3r3/pp2q1pk/2p1bp2/5n2/P3NQR1/3R4/1PP2PPP/6K1 b - - 1 24,48,?,e8d8,403,2,f5h6,0.015,0.006,0.004,0.0058,f5h6,f5h6,f5h6,f5h6,141.0,0.015,-0.0092,True,elite,03_elite_b2,2429,2500,2500,False,True,0,rook,False,False,True,middlegame,False,False,False,False,False
6r1/1p1bkr2/p3p3/P2pB3/3N1P2/3B1K2/2P3P1/7R b - - 6 34,68,?,g8g5,-516,80,g8c8,0.0236,0.0223,0.0214,0.0205,d7a4,d7a4,d7a4,d7a4,111.0,0.0236,-0.0031,True,elite,03_elite_b2,2387,2533,2533,False,True,1,rook,False,False,True,middlegame,True,False,False,False,False
r4kr1/1p3q2/p2bRBp1/2pQ1n1p/5P2/1P4P1/P1PP3P/5RK1 b - - 2 22,44,?,f7c7,-179,156,g8g7,0.0062,0.0073,0.0092,0.0106,a8e8,a8e8,a8e8,a8e8,204.0,0.0106,0.0044,True,elite,03_elite_b2,2516,2556,2556,False,True,6,queen,False,False,True,middlegame,False,False,False,False,False
3q1rk1/p2nbpp1/1p2pn1p/3p4/3P4/2NQ2P1/Pr1BPPBP/R2R2K1 b - - 1 18,36,?,b6b5,-2,14,b6b5,0.0133,0.008,0.0041,0.0025,e7b4,e7b4,e7b4,e7b4,181.0,0.0133,-0.0108,True,elite,03_elite_b2,2950,2964,2964,True,False,2,pawn,False,False,True,middlegame,True,False,True,False,False
r3rnk1/3q1pb1/6pp/p1R1pn2/2P5/PQB3PP/3N1PK1/2N1R3 b - - 0 30,60,?,f5h4,116,27,f8e6,0.0019,0.0013,0.0007,0.0004,f8e6,f5d4,f5d4,f5d4,116.0,0.0019,-0.0015,True,elite,03_elite_b2,2534,2542,2542,False,True,2,knight,False,True,False,middlegame,True,False,False,False,False
4rbk1/p1p3p1/2Nq3p/3p4/1P1Nr1b1/P2Q4/5PPP/2R2RK1 b - - 1 22,44,?,a7a6,11,22,a7a6,0.0119,0.0086,0.0088,0.0118,g4e2,g4e2,g4e2,g4e2,219.0,0.0119,-0.0001,True,elite,03_elite_b2,2692,2998,2998,True,False,2,pawn,False,False,True,middlegame,True,False,True,False,False
5bk1/N3q1p1/4r3/Q2p4/1P5P/P4P1b/6RP/5RK1 b - - 2 34,68,?,e7f7,251,117,e7f7,0.0019,0.0014,0.0013,0.0016,h3g2,h3g2,h3g2,h3g2,107.0,0.0019,-0.0003,True,elite,03_elite_b2,2692,2998,2998,True,False,0,queen,False,False,True,middlegame,False,False,False,False,False
r1bb1rk1/ppq2ppp/2p5/2N5/1PBP1Bn1/8/P2Q1PPP/R3R1K1 b - - 2 20,40,?,d8g5,-185,320,d8g5,0.0079,0.0025,0.001,0.0003,c7b6,c7b6,c7b6,c7b6,354.0,0.0079,-0.0076,True,elite,03_elite_b2,2989,2696,2696,True,False,6,bishop,False,False,True,middlegame,True,False,False,False,False
r4rk1/p5pp/1pp1p3/6B1/1P1P1Pn1/3N3q/P3Q3/R2KR3 b - - 2 28,56,?,e6e5,-227,41,e6e5,0.0229,0.0189,0.0171,0.0174,a8e8,a8e8,a8e8,a8e8,100.0,0.0229,-0.0055,True,elite,03_elite_b2,2989,2696,2696,True,False,7,pawn,False,False,True,middlegame,True,False,True,False,False
r2r2k1/3qbppp/2p1p3/1p2P2N/2nP4/P1Q5/1P3PPP/2BR1RK1 b - - 11 26,52,?,c4e5,-102,2,g7g6,0.0048,0.0033,0.0021,0.0012,g7g6,d7d5,d7d5,d7d5,316.0,0.0048,-0.0036,True,elite,03_elite_b2,2548,2678,2678,False,True,2,knight,True,False,False,middlegame,False,True,False,False,False
3q1r1k/1p2bb1p/2p1Bnp1/p1P1Q3/P2B1N1P/1P2P3/8/5R1K b - - 4 32,64,?,f7e8,-479,29,b7b6,0.0351,0.037,0.0341,0.0305,f7e6,f7e6,f7e6,h8g7,207.0,0.037,-0.0046,True,elite,03_elite_b2,2550,2457,2457,False,True,6,bishop,False,False,True,middlegame,False,True,False,False,False
3q3k/4br1p/1pp1Nnp1/p1P1Q3/P2B3P/1P2P3/8/5R1K b - - 1 34,68,?,d8c8,-413,130,d8c8,0.0161,0.0145,0.0133,0.0136,d8d5,d8d5,d8d5,d8d5,255.0,0.0161,-0.0025,True,elite,03_elite_b2,2550,2457,2457,True,False,6,queen,False,False,True,middlegame,False,False,False,False,False
4rr1k/1pb3p1/1nb3Pp/p5R1/P1PR1p2/1P5Q/1B3P1P/2K5 b - - 5 28,56,?,c6g2,-540,42,h8g8,0.0006,0.0005,0.0003,0.0002,e8e1,e8e1,e8e1,e8e1,578.0,0.0006,-0.0004,True,elite,03_elite_b2,2525,2562,2562,False,True,1,bishop,False,False,True,middlegame,True,False,False,False,False
3r2k1/1pp1Rpb1/7p/p4bp1/3p4/3P2P1/1PPQ1PBP/q3N1K1 b - - 3 22,44,?,g7f6,213,2,d8d7,0.0457,0.0266,0.0171,0.0174,a1b2,a1b2,a1b2,a1b2,234.0,0.0457,-0.0283,True,elite,03_elite_b2,2525,2656,2656,False,True,0,bishop,False,False,True,middlegame,True,False,False,False,False
4R3/1Bpr1pbk/7p/p4bp1/3p4/3P2P1/1PPQ1P1P/q3N1K1 b - - 0 24,48,?,d7d6,-18,9,a1b2,0.0136,0.0107,0.0092,0.0104,a1b2,a1b2,a1b2,a1b2,140.0,0.0136,-0.0032,True,elite,03_elite_b2,2525,2656,2656,False,True,5,rook,False,False,True,middlegame,True,False,False,False,False
2krr3/1p2p3/2p1b2p/p3Pp2/P1P2npP/1P6/1RPN1PP1/3RNK2 b - - 1 20,40,?,e6f7,57,1,f4g6,0.0268,0.0235,0.0209,0.0249,f4g6,f4g6,f4g6,f4g6,116.0,0.0268,-0.0019,True,elite,03_elite_b2,2451,2515,2515,False,True,2,bishop,False,False,True,middlegame,False,True,False,False,False
r3rb1k/2q4n/3p1P2/3n2PQ/p2B3P/1Pp4R/P1P1NN2/2R1K3 b - - 2 28,56,?,e8e5,-511,16,e8e2,0.0038,0.0044,0.0056,0.0074,d5f4,d5f4,d5f4,d5f4,388.0,0.0074,0.0036,True,elite,03_elite_b2,2522,2358,2358,False,True,6,rook,False,False,True,middlegame,True,False,False,False,False
r2r2k1/2b2npp/p1q2p2/8/P4P2/2B4P/1P1N1QP1/4RR1K b - - 3 26,52,?,d8e8,-79,14,c6a4,0.0494,0.0376,0.0287,0.0254,c6a4,c6a4,c6a4,c6a4,210.0,0.0494,-0.024,True,elite,03_elite_b2,2626,2572,2572,False,True,5,rook,False,False,True,middlegame,False,False,False,False,False
r3r1k1/2b2npp/p4p2/8/q3NP2/2B2Q1P/1P4P1/4RR1K b - - 3 28,56,?,a4d7,-245,46,a8d8,0.0201,0.0247,0.0236,0.019,f6f5,f7d6,f7d6,f7d6,293.0,0.0247,-0.0011,True,elite,03_elite_b2,2626,2572,2572,False,True,5,queen,False,False,True,middlegame,False,True,False,False,False
3rr1k1/2b2n1p/p4B2/8/q4P2/5Q1P/1P4P1/4RR1K b - - 0 30,60,?,a4c2,-215,153,a4c2,0.0028,0.0021,0.0019,0.0022,e8e1,e8e1,e8e1,e8e1,526.0,0.0028,-0.0006,True,elite,03_elite_b2,2626,2572,2572,True,False,6,queen,False,False,True,middlegame,True,False,False,False,False
3r2k1/1pp2ppp/2p1r3/p1P1P3/N6q/P3B2b/1PQ1BP2/R2R2K1 b - - 4 24,48,?,d8d5,85,127,d8d1,0.0162,0.0138,0.0132,0.0182,e6g6,e6g6,e6g6,e6g6,125.0,0.0182,0.002,True,elite,03_elite_b2,2650,2556,2556,False,True,7,rook,False,False,True,middlegame,True,False,False,False,False
3R2k1/1pp2qp1/2p1bP2/p1P5/4N2B/P4p2/1P3P2/6K1 b - - 1 34,68,?,f7f8,-544,80,f7f8,0.0222,0.0103,0.0064,0.0053,g8h7,g8h7,g8h7,g8h7,103.0,0.0222,-0.0169,True,elite,03_elite_b2,2650,2556,2556,True,False,5,queen,False,False,True,endgame,False,True,False,False,False
1k1r3r/3pq1p1/1pbNp3/pN5p/1bP1B1n1/1P5P/4QPP1/R2R2K1 b - - 0 24,48,?,e7h4,34,16,d8f8,0.0113,0.0099,0.01,0.0139,c6e4,c6e4,c6e4,c6e4,1507.0,0.0139,0.0026,True,elite,03_elite_b2,2556,2532,2532,False,True,2,queen,False,False,True,middlegame,True,False,False,False,False
1k3r1r/3p2p1/1p1qp3/p1b4p/2PNQ1n1/1P3B1P/5PP1/R2R2K1 b - - 4 28,56,?,f8f3,381,297,f8f3,0.0314,0.0293,0.0302,0.0299,d6h2,d6h2,d6h2,d6h2,381.0,0.0314,-0.0015,True,elite,03_elite_b2,2556,2532,2532,True,False,6,rook,True,False,False,middlegame,True,False,False,False,False
6k1/p3rpp1/4r2p/2pq4/3P2b1/2P1RNB1/P1P1QPK1/R7 b - - 0 22,44,?,e6f6,47,60,e6f6,0.0204,0.0174,0.0152,0.0138,e6e3,e6e3,e6e3,e6e3,130.0,0.0204,-0.0066,True,elite,03_elite_b2,2540,2643,2643,True,False,7,rook,False,False,True,middlegame,False,False,False,False,False
6k1/p3rpp1/7p/2pqBr2/3P2b1/2P1RN2/P1P1QPK1/1R6 b - - 4 24,48,?,c5c4,65,6,d5c6,0.0111,0.0072,0.006,0.0054,c5d4,c5d4,c5d4,c5d4,283.0,0.0111,-0.0057,True,elite,03_elite_b2,2540,2643,2643,False,True,7,pawn,False,False,True,middlegame,True,False,True,False,False
6k1/p4pp1/2q1r3/4Br1p/2pP2b1/2P1RN2/P1P2PK1/1R1Q4 b - - 3 28,56,?,g4f3,463,129,c6d5,0.0327,0.0193,0.0105,0.0068,e6g6,e6g6,e6g6,e6g6,150.0,0.0327,-0.0259,True,elite,03_elite_b2,2540,2643,2643,False,True,7,bishop,True,True,False,middlegame,True,False,False,False,False
6k1/p2rbp2/b3p2B/2p1P3/2P3Pp/R2BK3/P6P/8 b - - 7 30,60,?,a6b5,-98,1,a6c8,0.0005,0.0004,0.0003,0.0003,a6b7,a6b7,a6b7,a6b7,122.0,0.0005,-0.0002,True,elite,03_elite_b2,2990,2705,2705,False,True,5,bishop,False,False,True,endgame,True,False,False,False,False
r2qr1k1/1p1n1ppp/3Nb2b/p1pnP3/P2p4/1P1Q1N2/1BP2PPP/R3RBK1 b - - 3 20,40,?,d7e5,90,181,d5b4,0.0068,0.004,0.0026,0.0019,e8e7,e8e7,e8e7,e8e7,199.0,0.0068,-0.0049,True,elite,03_elite_b2,2584,2649,2649,False,True,2,knight,True,False,False,middlegame,True,False,False,False,False
2kr2r1/bppq1p2/p2p1pb1/n2PpN2/4P1P1/1BN2Q2/PPP2P2/R4R1K b - - 2 20,40,?,a7d4,184,23,a7d4,0.0041,0.0035,0.0037,0.0049,g8h8,g8h8,g8h8,g8h8,160.0,0.0049,0.0008,True,elite,03_elite_b2,2434,2602,2602,True,False,2,bishop,False,False,True,middlegame,True,False,False,False,False
2kr4/1pp2p2/p2p1p2/n2P4/8/1BN1p1QR/PPP4K/5q2 b - - 2 30,60,?,d8e8,236,40,d8e8,0.0361,0.0296,0.0286,0.0348,e3e2,e3e2,e3e2,e3e2,228.0,0.0361,-0.0013,True,elite,03_elite_b2,2434,2602,2602,True,False,7,rook,False,False,True,middlegame,False,False,False,False,False
r1b1k2r/2qn1ppp/p2ppb2/1B6/3NPPP1/2N2Q2/PPP4P/2KR3R b kq - 0 12,24,?,a8b8,-80,86,a8b8,0.0014,0.0005,0.0003,0.0002,a6b5,a6b5,a6b5,a6b5,216.0,0.0014,-0.0012,True,elite,03_elite_b2,2971,2647,2647,True,False,2,rook,False,False,True,opening,False,False,False,False,False
r1b3q1/5k2/2p1pp1p/1p6/1Q1P1b2/8/2B2PPP/1R2R1K1 b - - 0 34,68,?,g8f8,-311,16,g8f8,0.0067,0.0063,0.0049,0.0039,a8a2,c8d7,c8d7,c8d7,109.0,0.0067,-0.0028,True,elite,03_elite_b2,2965,2376,2376,True,False,5,queen,False,False,True,middlegame,False,False,False,False,False
2bq1rk1/1pp1b2p/3p1np1/2nP2N1/2P5/P4BP1/PBQ4P/4RRK1 b - - 1 18,36,?,f6d7,-335,98,c8f5,0.0253,0.0192,0.0114,0.0068,c8f5,c8f5,c8f5,c8f5,138.0,0.0253,-0.0185,True,elite,03_elite_b2,2541,2663,2663,False,True,6,knight,False,False,True,middlegame,False,True,False,False,False
5bk1/qpp4p/3p1Bp1/3P4/2P5/P2n1BPK/P3Q2P/4RR2 b - - 0 24,48,?,d3e5,-935,395,d3e1,0.027,0.0245,0.0222,0.0223,d3e1,d3e1,d3e1,d3e1,1064.0,0.027,-0.0047,True,elite,03_elite_b2,2541,2663,2663,False,True,1,knight,False,False,True,middlegame,False,True,False,False,False
r2q1rk1/1pp2ppn/p1n1b2p/3p2P1/3P1N1P/2NB1P2/PPPQ4/2KR3R b - - 2 14,28,?,c6b4,-319,36,g8h8,0.0112,0.0085,0.0101,0.0135,h6g5,h6g5,h6g5,h6g5,489.0,0.0135,0.0023,True,elite,03_elite_b2,2585,2403,2403,False,True,6,knight,False,False,True,middlegame,True,False,False,False,False
1b3rk1/5p2/1p2p2p/p2p2q1/3P3p/1Q2RNP1/PP1r2P1/5RK1 b - - 6 28,56,?,d2b2,33,33,d2g2,0.0035,0.0036,0.0033,0.0031,g5g3,g5g3,g5g3,g5g3,331.0,0.0036,-0.0004,True,elite,03_elite_b2,2702,2562,2562,False,True,0,rook,True,False,False,middlegame,False,False,False,False,False
3r4/P2Pk1pp/5p2/8/2p2P2/8/1KP3PP/3R4 b - - 2 28,56,?,h7h6,-738,6,d8a8,0.0212,0.0212,0.0226,0.0263,d8a8,d8a8,d8a8,d8a8,126.0,0.0263,0.0051,True,elite,03_elite_b2,2587,2572,2572,False,True,1,pawn,False,False,True,endgame,True,False,True,False,False
8/pppk1p2/1b3B2/nP1b4/2p4P/2Pp3R/P3Nr2/RN4K1 b - - 1 22,44,?,d3e2,1994,1320,f2e2,0.014,0.0095,0.0081,0.0088,f2f6,f2f6,f2f6,f2f6,1424.0,0.014,-0.0052,True,elite,03_elite_b2,2541,2545,2545,False,True,4,pawn,True,False,False,middlegame,True,False,True,False,False
r2r4/pp2kpp1/2pRp1bp/4P3/2P1P3/P1B2P1P/6P1/3R2K1 b - - 4 24,48,?,c6c5,-133,34,c6c5,0.0338,0.0284,0.0269,0.0303,d8d6,d8d6,d8d6,d8d6,144.0,0.0338,-0.0035,True,elite,03_elite_b2,2685,2702,2702,True,False,5,pawn,False,False,True,endgame,True,False,True,False,False
r2r4/pp2kppb/3Rp2p/2p1P3/2P1PPP1/P1B1K2P/8/3R4 b - - 0 28,56,?,e7e8,-166,38,d8d6,0.0095,0.006,0.004,0.004,d8d6,d8d6,d8d6,d8d6,118.0,0.0095,-0.0055,True,elite,03_elite_b2,2685,2702,2702,False,True,5,king,False,False,True,endgame,False,True,False,True,False
r3k2r/pbppq1pp/np6/3P1p2/2P1n3/P4N2/1PQ1PP1P/R1B1KBR1 b Qkq - 0 12,24,?,c7c6,-73,46,e7f6,0.0285,0.0099,0.0047,0.003,e8c8,e8c8,e8c8,a6c5,235.0,0.0285,-0.0255,True,elite,03_elite_b2,2453,2562,2562,False,True,2,pawn,False,False,True,opening,True,False,True,False,False
r1bqk2r/pp1nppbp/2p3p1/3n2B1/3PP3/5N2/PP1N1PPP/R2QKB1R b KQkq - 0 8,16,?,h7h6,-13,56,d5b6,0.0127,0.0069,0.0053,0.0053,d5f6,d5b6,d5b6,d5b6,109.0,0.0127,-0.0074,True,elite,03_elite_b2,2644,2581,2581,False,True,3,pawn,False,False,True,opening,True,False,True,False,False
rn1qkb1r/pp3ppp/2p1pn2/5b2/8/1PN2N1P/PBPPQ1P1/R3KB1R b KQkq - 0 8,16,?,h7h5,96,15,f8e7,0.009,0.006,0.0045,0.0059,f8d6,f5c2,f5c2,f5c2,207.0,0.009,-0.0031,True,elite,03_elite_b2,2536,2477,2477,False,True,3,pawn,False,False,True,opening,True,False,True,False,False
r1b1k2r/4bppp/pnn1p3/q2pP3/1ppP1P1P/1P2BN2/P1PQ2P1/1K1NRB1R b kq - 0 14,28,?,c6a7,180,27,c6a7,0.0007,0.001,0.0012,0.0014,c4c3,c4c3,c4c3,c4c3,227.0,0.0014,0.0007,True,elite,03_elite_b2,2591,3028,3028,True,False,2,knight,False,False,True,middlegame,False,True,False,False,False
r1b1k2r/4bppp/pn2p3/qn1pP2P/1ppP1PP1/1P2BN2/P1PQ4/1K1NRB1R b kq - 0 16,32,?,b6a4,250,40,b6a4,0.0035,0.003,0.0036,0.0053,c4c3,c4c3,c4c3,c4c3,222.0,0.0053,0.0018,True,elite,03_elite_b2,2591,3028,3028,True,False,2,knight,False,False,True,middlegame,True,False,False,False,False
6k1/5p2/Q3p1p1/3pP2p/p2P3P/6K1/1q2NPP1/2b5 b - - 0 30,60,?,c1h6,483,79,a4a3,0.0209,0.0256,0.0276,0.0388,a4a3,a4a3,a4a3,a4a3,278.0,0.0388,0.0179,True,elite,03_elite_b2,2511,2456,2456,False,True,4,bishop,False,False,True,endgame,False,True,False,False,False
2r3k1/5pp1/p3p3/3nP2p/2qP3P/P3B1P1/2pQ1P2/2R3K1 b - - 1 28,56,?,d5e7,313,51,c4b3,0.0195,0.0186,0.0158,0.0143,c4b3,c4b3,c4b3,c4b3,109.0,0.0195,-0.0052,True,elite,03_elite_b2,2334,2586,2586,False,True,0,knight,False,False,True,endgame,False,True,False,False,False
r2r2k1/5p2/1pp1n1p1/p3P1Pp/PnPB1P1q/4P3/3R2QN/3R2K1 b - - 5 34,68,?,b4a6,-79,22,c6c5,0.0057,0.0038,0.0026,0.0024,c6c5,c6c5,c6c5,c6c5,165.0,0.0057,-0.0033,True,elite,03_elite_b2,2646,2626,2626,False,True,2,knight,False,False,True,middlegame,False,True,False,False,False
r1bqkb1r/1p1n1ppp/p2ppn2/8/P1BNP3/2N5/1PP2PPP/R1BQ1RK1 b kq - 2 8,16,?,d7c5,-58,13,d7c5,0.0375,0.0377,0.0364,0.0368,f8e7,f8e7,f8e7,f8e7,177.0,0.0377,-0.0007,True,elite,03_elite_b2,2594,2556,2556,True,False,3,knight,False,False,True,opening,True,False,False,False,False
r1bqk2r/1p2bppp/p2p4/2pPn3/2P5/8/PPB1QPPP/RNB1R1K1 b kq - 1 12,24,?,f7f5,-44,51,e8g8,0.0021,0.0015,0.0017,0.0025,e8g8,e8g8,e8g8,e8g8,235.0,0.0025,0.0004,True,elite,03_elite_b2,2404,2529,2529,False,True,3,pawn,False,False,True,opening,True,False,True,False,False
r4rk1/p3ppbp/1qb3p1/3pN3/3Pn3/2N4P/PP3PP1/R1BQ1RK1 b - - 1 14,28,?,f8d8,57,20,g7e5,0.0257,0.0247,0.0266,0.0363,e4c3,e4c3,e4c3,c6b7,214.0,0.0363,0.0106,True,elite,03_elite_b2,2506,2440,2440,False,True,3,rook,False,False,True,middlegame,False,False,False,False,False
2r2rk1/pp2bppp/1nnp4/5q2/2PP4/1Q3NBP/P2N1PP1/1R2R1K1 b - - 0 20,40,?,f5a5,-153,14,f8e8,0.0061,0.0049,0.0045,0.0046,c6a5,c6a5,e7f6,e7f6,121.0,0.0061,-0.0015,True,elite,03_elite_b2,2692,2453,2453,False,True,2,queen,False,False,True,middlegame,False,False,False,False,False
5k2/3q1p1p/pB1P1bp1/1p1Q4/8/7P/P4PP1/6K1 b - - 1 34,68,?,h7h5,-87,6,f8g7,0.047,0.0365,0.034,0.0421,f8g7,f8g7,f8g7,f8e8,272.0,0.047,-0.0049,True,elite,03_elite_b2,2692,2453,2453,False,True,5,pawn,False,False,True,endgame,True,False,True,False,False
4r1k1/1p3pP1/3p3p/p2N2bn/P5R1/1BP2R2/KP5P/4r3 b - - 2 28,56,?,e8e4,-147,20,e8e6,0.046,0.0348,0.0267,0.0259,h5g7,h5g7,h5g7,h5g7,310.0,0.046,-0.0201,True,elite,03_elite_b2,2506,2430,2430,False,True,5,rook,False,False,True,middlegame,True,False,False,False,False
5rk1/pp1rbppp/4q3/2p5/2P1p3/1PBnP2P/P1Q2PP1/1N1R1RK1 b - - 3 20,40,?,f7f5,168,45,f8d8,0.015,0.0197,0.0255,0.0356,f8d8,f8d8,f8d8,f8d8,106.0,0.0356,0.0206,True,elite,03_elite_b2,2606,2598,2598,False,True,2,pawn,False,False,True,middlegame,True,False,True,False,False
5rk1/1p1R1pp1/2p4p/p3q3/Pn1QP3/4P1PP/1P2N2K/8 b - - 3 32,64,?,e5e8,19,18,e5e6,0.0424,0.0366,0.0281,0.0223,e5d4,e5d4,e5d4,e5e6,150.0,0.0424,-0.0201,True,elite,03_elite_b2,2651,2620,2620,False,True,0,queen,False,False,True,endgame,False,True,False,False,False
6k1/1b1qnp2/p3p1p1/1p1pPnNp/3P3P/1P4PB/P3NP2/2Q3K1 b - - 0 26,52,?,a6a5,-133,19,d7c6,0.0449,0.0287,0.0181,0.0139,e7c6,e7c6,e7c6,e7c6,179.0,0.0449,-0.031,True,elite,03_elite_b2,2531,2413,2413,False,True,2,pawn,False,False,True,middlegame,True,False,True,False,False
8/1p6/2p2kp1/1n5p/2K1Pp1P/5r2/8/5R1R b - - 1 34,68,?,b5a3,443,22,f3f1,0.0112,0.0055,0.0037,0.0033,f3f1,f3f1,f3f1,f3f1,406.0,0.0112,-0.0079,True,elite,03_elite_b2,2569,2648,2648,False,True,0,knight,False,True,False,endgame,True,False,False,False,False
2r4k/1p2q1p1/5p1p/1RnQ4/2B5/4PP2/5PKP/8 b - - 1 34,68,?,g7g6,-77,33,e7e5,0.0097,0.0071,0.006,0.0092,c5a4,c5a4,c5a4,c8d8,457.0,0.0097,-0.0005,True,elite,03_elite_b2,2524,2510,2510,False,True,5,pawn,False,False,True,endgame,True,False,True,False,False
2bq1rnk/2n1p1bp/pr1pP1p1/2pP1p2/2P2PP1/2N1B2P/RPQNB3/5RK1 b - - 0 22,44,?,c8e6,-212,21,f5g4,0.0057,0.0033,0.0019,0.0011,f5g4,f5g4,f5g4,g8h6,126.0,0.0057,-0.0046,True,elite,03_elite_b2,2413,2588,2588,False,True,6,bishop,True,False,False,middlegame,True,False,False,False,False
3q1rnk/1bn1p1bp/pr1pP1p1/2pP4/2P2PP1/2N1BB2/RPQN4/5RK1 b - - 2 24,48,?,d8c8,-243,73,d8b8,0.0125,0.0122,0.013,0.0115,g8f6,g8f6,g8f6,c7e8,141.0,0.013,-0.001,True,elite,03_elite_b2,2413,2588,2588,False,True,6,queen,False,False,True,middlegame,False,False,False,False,False
r1br1bk1/2q2p1p/p2pp1p1/1pn1P1P1/3R4/1BN1B2Q/PPP2P1P/2K3R1 b - - 3 18,36,?,d6d5,2,2,d6d5,0.0393,0.0304,0.0271,0.0415,c5b3,c5b3,c5b3,c5b3,193.0,0.0415,0.0022,True,elite,03_elite_b2,2539,2551,2551,True,False,2,pawn,False,False,True,middlegame,True,False,True,False,False
r2q1k1r/2p2p1p/p1Qb1n2/3p1N2/4n3/1P1B4/PB1P1PPP/R4RK1 b - - 0 20,40,?,a8b8,-500,19,h8g8,0.0231,0.0184,0.016,0.0171,e4d2,h8g8,h8g8,d6h2,174.0,0.0231,-0.006,True,elite,03_elite_b2,2583,2557,2557,False,True,1,rook,False,False,True,middlegame,False,False,False,False,False
r2q1kr1/2p2p1p/p1Qb1B2/2np1N2/8/1P1B1P2/P2P2PP/R4RK1 b - - 0 22,44,?,d8b8,-534,133,d8f6,0.0091,0.0077,0.0081,0.0092,d8f6,d8f6,d6h2,d6h2,340.0,0.0092,0.0001,True,elite,03_elite_b2,2583,2557,2557,False,True,1,queen,False,False,True,middlegame,False,False,False,False,False
r4rk1/pbq1bppp/1pnp4/2pP4/4N3/2PBPN2/P4PPP/1R1Q1RK1 b - - 0 14,28,?,c6b8,-75,9,c6a5,0.0337,0.0293,0.0283,0.0484,c6e5,c6e5,c6e5,c6e5,235.0,0.0484,0.0147,True,elite,03_elite_b2,2464,2615,2615,False,True,2,knight,False,False,True,middlegame,False,True,False,False,False
r1b1kb1r/pp2pppp/2n5/4P3/3P4/3B1N2/Pq1B2PP/R2QK2R b KQkq - 3 12,24,?,g7g6,-152,23,c8g4,0.0032,0.0026,0.0041,0.0125,c6d4,c6d4,c6d4,c6d4,183.0,0.0125,0.0093,True,elite,03_elite_b2,2692,2554,2554,False,True,3,pawn,False,False,True,opening,True,False,True,False,False
Q4b1r/p3kppp/8/4q3/3n4/3B4/P2B1KPP/7R b - - 0 18,36,?,d4e6,-329,121,d4e6,0.0131,0.0135,0.0186,0.0235,e5f6,e5f6,e5f6,e7f6,227.0,0.0235,0.0104,True,elite,03_elite_b2,2692,2554,2554,True,False,5,knight,False,False,True,middlegame,False,True,False,False,False
7r/Q3b1kp/3q1pp1/8/8/3BB3/P5PP/2R3K1 b - - 2 26,52,?,h8f8,-559,9,h8f8,0.0072,0.0084,0.0071,0.0077,d6d3,d6d3,d6d3,d6d3,1438.0,0.0084,0.0005,True,elite,03_elite_b2,2692,2554,2554,True,False,1,rook,False,False,True,middlegame,False,False,False,False,False
8/Q1R1brkp/3q1pp1/8/2B5/4B3/P5PP/6K1 b - - 6 28,56,?,d6b4,-525,31,d6b4,0.0092,0.0058,0.0037,0.0032,d6d1,d6d1,d6d1,d6d1,102.0,0.0092,-0.006,True,elite,03_elite_b2,2692,2554,2554,True,False,1,queen,False,False,True,middlegame,True,False,False,False,False
r1b1kb1r/pp1q1ppp/4pn2/8/2BN4/8/PPP2PPP/R1BQ1RK1 b kq - 0 10,20,?,d7c7,-45,1,a7a6,0.0154,0.0176,0.0164,0.0142,f8c5,f8c5,f8c5,f8c5,478.0,0.0176,-0.0012,True,elite,03_elite_b2,2507,2557,2557,False,True,3,queen,False,False,True,opening,False,False,False,False,False
6k1/pp6/2pb2p1/3p2P1/3P1p2/2P2Q1B/PP1q1PK1/8 b - - 0 30,60,?,d2e1,-16,45,d2e1,0.0165,0.0144,0.0163,0.0191,d2b2,d2b2,d2b2,d2b2,680.0,0.0191,0.0026,True,elite,03_elite_b2,2507,2493,2493,True,False,5,queen,False,False,True,endgame,True,False,False,False,False
r1bq1rk1/p1p1n1b1/Pp1p1n2/3Pp1pp/1P2Pp2/2N2P2/4BBPP/2RQNRK1 b - - 1 18,36,?,g7h6,73,16,e7g6,0.0121,0.0115,0.0096,0.009,g5g4,g5g4,g5g4,g5g4,153.0,0.0121,-0.0031,True,elite,03_elite_b2,2545,2545,2545,False,True,2,bishop,False,False,True,middlegame,True,False,False,False,False
1q2r3/5pkn/3p1n2/3Pp1p1/1pN3P1/1P2R2Q/2P2PB1/6K1 b - - 1 32,64,?,h7f8,-22,5,h7f8,0.0214,0.0169,0.0163,0.0194,e8h8,e8h8,e8h8,b8a7,336.0,0.0214,-0.002,True,elite,03_elite_b2,2464,2540,2540,True,False,0,knight,False,False,True,middlegame,False,True,False,False,False
r2qk3/ppp2p1Q/2np4/1N2b3/3pP1p1/6P1/PPP2P2/R3K1N1 b Qq - 3 18,36,?,e8f8,206,34,a7a6,0.0016,0.001,0.0009,0.0016,a7a6,a7a6,a7a6,a7a6,116.0,0.0016,0.0,True,elite,03_elite_b2,2533,2402,2402,False,True,0,king,False,False,True,middlegame,False,False,False,True,False
2rqk2r/1p2npp1/p1n1p1b1/b2p2Pp/3P1N1P/P1N1BP2/1PPQ4/1K1R1B1R b k - 4 16,32,?,a5c3,248,21,c6a7,0.0195,0.0209,0.0213,0.0213,e7f5,e7f5,e7f5,e7f5,107.0,0.0213,0.0018,True,elite,03_elite_b2,2535,2446,2446,False,True,2,bishop,True,False,False,middlegame,True,False,False,False,False
2r1k2r/npbqn1p1/p3ppP1/3p3p/1P1P3P/P1NBBP2/1KPQ4/4R2R b k - 3 22,44,?,d7c6,-47,28,c7d6,0.0145,0.0146,0.0123,0.0082,f6f5,a7b5,a7b5,a7b5,213.0,0.0146,-0.0063,True,elite,03_elite_b2,2535,2446,2446,False,True,2,queen,False,False,True,middlegame,True,False,False,False,False
r4k1r/2q3pp/p2pPn2/3Pp1Q1/1p6/3R4/PPP3PP/2K2R2 b - - 1 20,40,?,f8e8,190,104,c7e7,0.0326,0.0313,0.0252,0.0171,a8c8,c7e7,c7e7,c7e7,103.0,0.0326,-0.0155,True,elite,03_elite_b2,2538,2378,2378,False,True,6,king,False,False,True,middlegame,False,False,False,True,False
r3r1k1/pR6/2n1b2p/2q2pp1/3p4/2PQ1PN1/2B3PP/5R1K b - - 0 24,48,?,a8b8,56,4,c5c3,0.0399,0.032,0.0284,0.0309,d4c3,d4c3,e8e7,e8e7,189.0,0.0399,-0.009,True,elite,03_elite_b2,2539,2580,2580,False,True,0,rook,False,False,True,middlegame,False,False,False,False,False
r3r1k1/pR6/2n4p/5Np1/2bp4/2q2P2/2B3PP/3Q1R1K b - - 0 26,52,?,g8h8,6,6,e8e6,0.004,0.0064,0.0089,0.0144,c4f1,c4f1,c4f1,c4f1,2004.0,0.0144,0.0104,True,elite,03_elite_b2,2539,2580,2580,False,True,0,king,False,False,True,middlegame,False,False,False,True,False
8/1b1n4/1pn1kr1p/4pp2/6P1/1N1PN2B/5P2/R5K1 b - - 0 30,60,?,f6g6,-2,1,f5g4,0.0422,0.0349,0.0263,0.0216,f5g4,f5g4,f5f4,f5f4,397.0,0.0422,-0.0206,True,elite,03_elite_b2,2408,2570,2570,False,True,5,rook,False,False,True,middlegame,False,False,False,False,False
3q2k1/1p3p1p/p5p1/3r4/3bQ3/1P2P2P/P4PP1/3R2K1 b - - 0 30,60,?,d8a5,-80,52,d8a5,0.0121,0.0084,0.0057,0.0045,f7f5,f7f5,f7f5,f7f5,140.0,0.0121,-0.0076,True,elite,03_elite_b2,2588,2553,2553,True,False,5,queen,False,False,True,endgame,True,False,False,False,False
r4q1r/ppk5/3p1pP1/2pP3p/2P2PbQ/2P5/P2B4/R3KB2 b Q - 0 20,40,?,f8e8,546,80,f8e8,0.0347,0.018,0.0077,0.0045,a8e8,a8e8,a8e8,a8e8,106.0,0.0347,-0.0302,True,elite,03_elite_b2,2562,2502,2502,True,False,4,queen,False,True,False,middlegame,False,False,False,False,False
r1bqkb1r/pp4pp/5n2/4p3/2P1Pp2/2Np1N2/PPnK1PPP/R1BQ1B1R b kq - 3 14,28,?,f6e4,583,297,c2a1,0.0354,0.0364,0.0329,0.0246,c2a1,c2a1,c2a1,c2a1,323.0,0.0364,-0.0108,True,elite,03_elite_b2,2653,2650,2650,False,True,4,knight,True,True,False,middlegame,True,False,False,False,False
5rk1/1p4pp/1q6/pP1Pp3/2Pr1p2/3B1P1P/PQ2K3/5R2 b - - 0 28,56,?,d4d3,772,365,d4d3,0.0091,0.0082,0.008,0.0112,b6h6,b6h6,b6h6,b6h6,500.0,0.0112,0.0021,True,elite,03_elite_b2,2653,2650,2650,True,False,4,rook,True,False,False,endgame,True,False,False,False,False
2rrb3/pp3pk1/4p1p1/n3q1N1/7Q/3B4/P4PP1/R2R2K1 b - - 3 24,48,?,d8d3,332,181,d8d3,0.0424,0.0397,0.0392,0.0439,g7f8,g7f8,g7f8,d8d4,504.0,0.0439,0.0015,True,elite,03_elite_b2,2631,2889,2889,True,False,0,rook,True,False,False,middlegame,True,False,False,False,False
6k1/5ppp/R3b3/4p3/nP6/P2BKPP1/7r/4N3 b - - 3 34,68,?,g8f8,-445,4,f7f5,0.0014,0.0017,0.002,0.0025,a4c3,a4c3,a4c3,a4b2,1553.0,0.0025,0.0011,True,elite,03_elite_b2,2555,2437,2437,False,True,5,king,False,False,True,endgame,False,False,False,True,False
6r1/ppp2kr1/2n1pp2/3p1n2/3P1NPp/2P2N1P/PP3P2/R4RK1 b - - 0 20,40,?,g7g4,6,105,f5d6,0.0236,0.0225,0.0209,0.0197,f5h6,f5h6,f5h6,f5h6,260.0,0.0236,-0.0039,True,elite,03_elite_b2,2474,2550,2550,False,True,2,rook,True,True,False,middlegame,True,False,False,False,False
8/ppp1r3/2nk1Nr1/3ppR2/3P2Pp/2P4P/PP5K/4R3 b - - 5 30,60,?,b7b5,-114,6,e7e6,0.0076,0.0034,0.0017,0.0014,e5d4,e5d4,e5d4,e5d4,1885.0,0.0076,-0.0062,True,elite,03_elite_b2,2474,2550,2550,False,True,5,pawn,False,False,True,endgame,True,False,True,False,False
r1br1bk1/5p1p/p5p1/1p1N2P1/3p4/1P6/1PP2PQP/2K3R1 b - - 0 24,48,?,c8f5,-29,146,c8e6,0.0371,0.0374,0.0362,0.0334,c8b7,c8b7,c8b7,c8b7,469.0,0.0374,-0.0037,True,elite,03_elite_b2,2539,2551,2551,False,True,5,bishop,False,False,True,middlegame,True,False,False,False,False
r2r1b2/5pkp/p3bNp1/1p4P1/3pQ3/1P6/1PP2P1P/2K3R1 b - - 4 26,52,?,h7h6,-169,32,f8e7,0.0262,0.0176,0.0154,0.0195,a8c8,a8c8,a8c8,a8c8,118.0,0.0262,-0.0067,True,elite,03_elite_b2,2539,2551,2551,False,True,6,pawn,False,False,True,middlegame,True,False,True,False,False
6rk/5p1p/p3bPpQ/1p1r4/1P1p4/8/1PP2P1P/2KR4 b - - 0 32,64,?,d5d6,-135,17,e6f5,0.0097,0.0073,0.0056,0.0056,d5h5,d5h5,d5h5,d5h5,118.0,0.0097,-0.0041,True,elite,03_elite_b2,2539,2551,2551,False,True,5,rook,False,False,True,endgame,False,True,False,False,False
r7/2p5/1p4pp/pP1Pk3/2P1p2P/P1K3Pb/4Br2/3RR3 b - - 6 30,60,?,f2e2,107,12,a8f8,0.0013,0.0012,0.0009,0.0007,f2g2,a8f8,a8f8,a8f8,107.0,0.0013,-0.0006,True,elite,03_elite_b2,2547,2627,2627,False,True,0,rook,True,False,False,endgame,False,False,False,False,False
4r1k1/1p3nBp/p2p2p1/2pP4/2P1q3/8/PP2B1PP/2RQ2K1 b - - 0 24,48,?,e4e3,203,3,g8g7,0.0252,0.0149,0.0096,0.0076,g8g7,g8g7,e4e2,e4e2,203.0,0.0252,-0.0176,True,elite,03_elite_b2,2509,2555,2555,False,True,0,queen,False,True,False,middlegame,True,False,False,False,False
2r3k1/1p1r1ppp/p7/2bNq3/2P1P3/1P3N1P/P5P1/2R2RBK b - - 2 22,44,?,e5e8,214,1,e5e4,0.0119,0.0136,0.014,0.0154,e5e4,e5e4,e5e4,e5e4,486.0,0.0154,0.0035,True,elite,03_elite_b2,2493,2572,2572,False,True,0,queen,False,False,True,middlegame,False,True,False,False,False
1r1r4/1p2qpk1/2pRp1pn/PnP1P2p/5PP1/P6P/3Q1BK1/3B3R b - - 0 30,60,?,g7h7,-299,23,h5h4,0.002,0.0023,0.0025,0.0024,b5a3,b5d6,b5d6,h5g4,220.0,0.0025,0.0004,True,elite,03_elite_b2,2585,2494,2494,False,True,6,king,False,False,True,middlegame,False,False,False,True,False
1r1r4/1p2qpk1/2pPp1pn/P1P5/P4PPp/7P/3Q1BK1/3B3R b - - 0 32,64,?,g7h7,-404,9,e7d7,0.0024,0.0021,0.0024,0.003,e7f6,e7f6,e7f6,e7f6,253.0,0.003,0.0006,True,elite,03_elite_b2,2585,2494,2494,False,True,6,king,False,False,True,middlegame,False,False,False,True,False
1rbr2k1/4bppp/p1ppp3/q3n3/P3PB2/2N3QP/1PP1BPP1/1R1R2K1 b - - 8 16,32,?,g8h8,-44,1,b8b4,0.017,0.0307,0.0358,0.032,e5g6,e5g6,e5g6,e5g6,228.0,0.0358,0.015,True,elite,03_elite_b2,2602,2448,2448,False,True,2,king,False,False,True,middlegame,False,False,False,True,False
3r2k1/1bq2p1p/3pp1p1/p1n1b2P/2B1P2Q/1P2B3/5PP1/2RR2K1 b - - 1 28,56,?,d8f8,-269,11,d8b8,0.0118,0.0153,0.0166,0.014,c5e4,c5e4,b7e4,b7e4,177.0,0.0166,0.0022,True,elite,03_elite_b2,2602,2448,2448,False,True,6,rook,False,False,True,middlegame,False,False,False,False,False
1r4k1/1b3pbp/3pp1p1/p1n1P2P/4qP2/1P2B2Q/6P1/2RR1BK1 b - - 4 32,64,?,a5a4,-297,31,e4b4,0.0015,0.0006,0.0003,0.0002,c5b3,c5b3,c5b3,c5b3,127.0,0.0015,-0.0013,True,elite,03_elite_b2,2602,2448,2448,False,True,6,pawn,False,False,True,middlegame,True,False,True,False,False
rnb1qr1k/pp2b1pp/2p2n2/3P4/3Pp1P1/1QN1N3/PP2BP1P/R1B1K2R b KQ - 0 12,24,?,b8a6,42,27,f6d5,0.0105,0.0095,0.0111,0.0226,c6d5,c6d5,c6d5,c6d5,141.0,0.0226,0.0121,True,elite,03_elite_b2,2533,2439,2439,False,True,2,knight,False,False,True,opening,True,False,False,False,False
rnb1r1k1/pp2bpp1/5n1p/2P5/3q3B/2NB1N2/PPQ2PPP/R3K2R b KQ - 1 12,24,?,e7d8,12,5,d4c5,0.0065,0.0051,0.0044,0.0047,e7c5,e7c5,e7c5,e7c5,120.0,0.0065,-0.0018,True,elite,03_elite_b2,2641,2596,2596,False,True,3,bishop,False,True,False,opening,False,True,False,False,False
1q1r1rk1/p3b1p1/Q6p/5p2/2BnN3/PbN4P/1P3PP1/2R1R1K1 b - - 1 26,52,?,g8h7,230,13,g8h7,0.0154,0.0065,0.0041,0.0049,b3c4,b3c4,b3c4,b3c4,259.0,0.0154,-0.0105,True,elite,03_elite_b2,2641,2596,2596,True,False,0,king,False,False,True,middlegame,True,False,False,True,False
1q3r2/p5pk/1b1r3p/4Qp2/2Bn4/PbN4P/1P1N1PP1/2R1R1K1 b - - 9 30,60,?,d4c6,7,105,b6c7,0.0473,0.0427,0.0364,0.0297,b3c4,b3c4,b3c4,b3c4,163.0,0.0473,-0.0176,True,elite,03_elite_b2,2641,2596,2596,False,True,2,knight,False,False,True,middlegame,False,True,False,False,False
r3nbk1/ppp2r1p/3p1qp1/P1PPp2n/1PN1P3/2N1QPP1/5BK1/2R4R b - - 0 24,48,?,f8h6,108,130,a7a6,0.0299,0.0247,0.0189,0.0161,e8g7,e8g7,e8g7,e8g7,321.0,0.0299,-0.0138,True,elite,03_elite_b2,2620,2461,2461,False,True,2,bishop,False,False,True,middlegame,True,False,False,False,False
r3nbk1/2p2r1p/p1Pp1qp1/P3p2n/1PN1P3/2N1QPP1/5BK1/2R4R b - - 0 26,52,?,f8h6,-39,167,f6e6,0.0177,0.0118,0.0074,0.0054,e8g7,e8g7,e8g7,h5g7,307.0,0.0177,-0.0123,True,elite,03_elite_b2,2620,2461,2461,False,True,2,bishop,False,False,True,middlegame,True,False,False,False,False
5rk1/2p4p/Q1Ppq1p1/P2Np3/1P2P3/4N1n1/5r1R/2R3K1 b - - 1 34,68,?,e6f7,-253,25,e6f7,0.0107,0.0116,0.0145,0.0196,g3e2,g3e2,g3e2,g3e2,198.0,0.0196,0.0089,True,elite,03_elite_b2,2620,2461,2461,True,False,7,queen,False,False,True,middlegame,False,True,False,False,False
r4rk1/p4ppp/1qn1bbn1/2N5/3p4/PN4BP/1PP2PP1/R2QRBK1 b - - 2 22,44,?,f6e5,-227,14,f8e8,0.0261,0.0147,0.0057,0.0017,e6b3,e6b3,e6b3,e6b3,155.0,0.0261,-0.0244,True,elite,03_elite_b2,2628,2700,2700,False,True,6,bishop,False,False,True,middlegame,True,False,False,False,False
r1br2k1/p4ppp/2pq1n2/4p3/4P3/2PB4/P3QPPP/R1BR2K1 b - - 3 14,28,?,c8a6,388,408,c8a6,0.0354,0.026,0.0178,0.0149,c8g4,c8g4,c8g4,c8g4,426.0,0.0354,-0.0205,True,elite,03_elite_b2,2607,2546,2546,True,False,2,bishop,False,False,True,middlegame,True,False,False,False,False
2rr4/1b6/1q1kpnN1/p2p4/1n6/1P2P2P/1Q2NPP1/R1R3K1 b - - 2 30,60,?,d5d4,-107,17,f6d7,0.0128,0.0112,0.013,0.0158,b4d3,b4d3,b4d3,b4d3,404.0,0.0158,0.003,True,elite,03_elite_b2,2587,2559,2559,False,True,6,pawn,False,False,True,middlegame,True,False,True,False,False
2b1r3/3n2Q1/1qnkp1N1/p2p4/3N4/1P2P2P/5PP1/2R3K1 b - - 3 34,68,?,d7c5,-227,80,c6d4,0.0148,0.0129,0.012,0.0126,c6d4,c6d4,c6d4,c6d4,203.0,0.0148,-0.0022,True,elite,03_elite_b2,2587,2559,2559,False,True,6,knight,False,False,True,middlegame,True,False,False,False,False
1rbq1rk1/1p2ppbp/p1np1np1/P1p5/2N1P3/5N2/1PPP1PPP/R1BQRBK1 b - - 7 12,24,?,f6e4,69,30,c8e6,0.0064,0.0059,0.0048,0.0062,b7b5,b7b5,b7b5,b7b5,107.0,0.0064,-0.0002,True,elite,03_elite_b2,2591,2521,2521,False,True,3,knight,True,False,False,opening,True,False,False,False,False
rnb1kb1r/pp1p1ppp/3q4/2pNp3/2B1n3/8/PPP1QPPP/R1B1K1NR b KQkq - 1 8,16,?,b7b5,127,95,e4f6,0.0225,0.0167,0.0147,0.0131,e4f6,e4f6,e4f6,e4f6,109.0,0.0225,-0.0094,True,elite,03_elite_b2,2553,2576,2576,False,True,3,pawn,False,False,True,opening,True,False,True,False,False
r1b1kb1r/pp1p1ppp/2nq1n2/2pNp3/2B2B2/8/PPP1QPPP/2KR2NR b kq - 5 10,20,?,b7b5,187,84,f6d5,0.0034,0.0022,0.0015,0.0009,f6d5,f6d5,f6d5,f6d5,128.0,0.0034,-0.0025,True,elite,03_elite_b2,2553,2576,2576,False,True,3,pawn,False,False,True,opening,True,False,True,False,False
r5k1/pp3pp1/2p5/3p1b1p/N2P4/4P3/3N2PP/R5K1 b - - 1 22,44,?,a7a5,-54,1,f7f6,0.0164,0.0134,0.0086,0.0055,a8e8,a8e8,a8e8,b7b6,183.0,0.0164,-0.0109,True,elite,03_elite_b2,2812,2744,2744,False,True,7,pawn,False,False,True,endgame,True,False,True,False,False
8/8/rpp1kpb1/p2p2p1/N2P3p/2N1P3/3K2PP/5R2 b - - 7 32,64,?,e6e7,-77,2,e6f7,0.0206,0.0238,0.0273,0.0387,b6b5,b6b5,b6b5,a6a8,177.0,0.0387,0.0181,True,elite,03_elite_b2,2812,2744,2744,False,True,7,king,False,False,True,endgame,False,True,False,True,False
8/4k3/rpp2pb1/p2p2p1/N2P3p/4P3/3K1NPP/5R2 b - - 11 34,68,?,g6f5,-77,15,g6f5,0.03,0.0346,0.0361,0.035,b6b5,b6b5,b6b5,e7d6,259.0,0.0361,0.005,True,elite,03_elite_b2,2812,2744,2744,True,False,7,bishop,False,False,True,endgame,True,False,False,False,False
r5k1/2pbnp2/1b1p3p/1p2q3/1P1NP1pN/2P3P1/2Q1BPP1/5RK1 b - - 1 22,44,?,c7c6,36,12,c7c6,0.0313,0.0296,0.0313,0.0389,b6d4,b6d4,b6d4,b6d4,185.0,0.0389,0.0076,True,elite,03_elite_b2,2697,2990,2990,True,False,2,pawn,False,False,True,middlegame,True,False,True,False,False
3r1rk1/1bp3b1/1p1q3p/4p1p1/pPPB2N1/P2B1PP1/7Q/1K2R2R b - - 0 30,60,?,f8f3,210,210,d6d4,0.005,0.0038,0.0035,0.0045,d6d4,d6d4,d6d4,d6d4,718.0,0.005,-0.0005,True,elite,03_elite_b2,2525,2554,2554,False,True,7,rook,True,False,False,middlegame,True,False,False,False,False
2kr3r/1ppb2pp/2n1pp2/p1Rn4/P2P4/4PNPB/P2B1P1P/2R3K1 b - - 0 18,36,?,d5b6,-70,3,g7g5,0.0216,0.0276,0.0336,0.0409,b7b6,b7b6,b7b6,b7b6,384.0,0.0409,0.0193,True,elite,03_elite_b2,3010,2860,2860,False,True,2,knight,False,False,True,middlegame,False,True,False,False,False
3rrn1k/pp2q2P/2p2b2/2PN4/3P4/4B3/PPB2Q1K/3R2R1 b - - 0 32,64,?,f8h7,-818,45,d8d5,0.0145,0.0051,0.0018,0.0005,c6d5,c6d5,c6d5,d8d5,1181.0,0.0145,-0.014,True,elite,03_elite_b2,2604,2454,2454,False,True,6,knight,True,False,False,middlegame,True,False,False,False,False
2rr1nk1/2q2p1p/4p1p1/p2p2P1/1pB2Q2/1P1R3R/P1P1NP1P/2K5 b - - 1 28,56,?,e6e5,231,147,c7f4,0.0309,0.0158,0.0094,0.0081,d5c4,d5c4,d5c4,d5c4,288.0,0.0309,-0.0228,True,elite,03_elite_b2,2528,2562,2562,False,True,7,pawn,False,False,True,middlegame,True,False,True,False,False
2rr1nk1/5p1p/4p1p1/p5P1/1pP2N2/3R3R/P1P2P1P/2K5 b - - 0 30,60,?,d8d7,186,77,f8d7,0.0166,0.016,0.0165,0.0217,c8c4,c8c4,c8c4,c8c4,565.0,0.0217,0.0051,True,elite,03_elite_b2,2528,2562,2562,False,True,0,rook,False,False,True,endgame,True,False,False,False,False
2r2rk1/p2nqppp/bp2pn2/3p4/3P4/1PN2NP1/P1RQPPBP/2R3K1 b - - 5 14,28,?,f8d8,-30,4,f8d8,0.0242,0.028,0.0301,0.0304,c8c7,c8c7,c8c7,c8c7,316.0,0.0304,0.0062,True,elite,03_elite_b2,2713,2845,2845,True,False,2,rook,False,False,True,middlegame,False,False,False,False,False
rn1qk2r/p3bp1p/4p1p1/1p1bP1N1/2pP2Q1/2P2B2/5PPP/R1B1K2R b KQkq - 5 14,28,?,a7a5,101,3,b8c6,0.0189,0.026,0.0302,0.0355,d5f3,d5f3,d5f3,d5f3,346.0,0.0355,0.0166,True,elite,03_elite_b2,2688,2611,2611,False,True,2,pawn,False,False,True,middlegame,True,False,True,False,False
4k3/pp1r2r1/2pBbp1p/2P1p1pP/P3PnP1/2P2P2/1RK5/1R3B2 b - - 0 26,52,?,a7a5,0,74,d7f7,0.0419,0.0361,0.0302,0.0269,e8d8,e8d8,e8d8,e8d8,245.0,0.0419,-0.015,True,elite,03_elite_b2,2516,2447,2447,False,True,2,pawn,False,False,True,middlegame,True,False,True,False,False
8/6R1/2pk1p1p/P3p1pP/2B1PnP1/2P2P2/2K5/8 b - - 0 34,68,?,f6f5,-956,4,d6c5,0.0039,0.0031,0.0043,0.0085,d6c5,d6c5,d6c5,d6c5,208.0,0.0085,0.0046,True,elite,03_elite_b2,2516,2447,2447,False,True,1,pawn,False,False,True,endgame,True,False,True,False,False
4r3/pp3kp1/7p/3p3Q/P7/1P2q2P/6PK/8 b - - 1 34,68,?,f7f6,819,118,f7g8,0.0184,0.0178,0.0174,0.017,g7g6,f7g8,f7g8,f7f8,120.0,0.0184,-0.0014,True,elite,03_elite_b2,2525,2544,2544,False,True,4,king,False,False,True,endgame,True,False,False,True,False
r1rb4/1p5k/3p1np1/pB2q2p/P2Np2P/6P1/1PPQ4/1K2RR2 b - - 1 28,56,?,e5e7,-187,11,h7g7,0.0009,0.0009,0.0008,0.0008,e5g3,d8b6,d8b6,d8b6,124.0,0.0009,-0.0001,True,elite,03_elite_b2,2781,2591,2591,False,True,2,queen,False,False,True,middlegame,False,True,False,False,False
8/R4pk1/1p2pp1p/8/1P6/P1n1PBP1/3r1P1P/6K1 b - - 0 28,56,?,g7g6,-116,125,d2a2,0.0372,0.0213,0.0135,0.0144,d2a2,d2a2,d2a2,d2a2,241.0,0.0372,-0.0228,True,elite,03_elite_b2,2547,2701,2701,False,True,5,king,False,False,True,endgame,True,False,False,True,False
r6k/p4Q1p/2p1pp2/1p1q1np1/3P4/P1P2P2/P2n1BP1/R6K b - - 0 30,60,?,d2c4,400,14,f5d6,0.0312,0.0328,0.0312,0.0266,d2f3,d5d8,d5d8,d5d8,137.0,0.0328,-0.0046,True,elite,03_elite_b2,2351,2536,2536,False,True,4,knight,False,False,True,middlegame,False,True,False,False,False
5rk1/ppR1pp1p/5bp1/n2P4/5PbN/6P1/P5BP/1R5K b - - 3 26,52,?,e7e5,-189,34,a7a6,0.0285,0.0172,0.0111,0.0117,f6h4,f6h4,f6h4,f6h4,143.0,0.0285,-0.0168,True,elite,03_elite_b2,2395,2531,2531,False,True,5,pawn,False,False,True,middlegame,True,False,True,False,False
5rk1/1p4p1/p3p2p/P2pP1p1/R1Nn2P1/2P4P/5PK1/8 b - - 0 32,64,?,d4f3,277,23,d4c6,0.0392,0.0276,0.0212,0.02,d4b5,d4b5,d4b5,d4b5,188.0,0.0392,-0.0192,True,elite,03_elite_b2,2475,2527,2527,False,True,0,knight,False,False,True,endgame,True,False,False,False,False
2b1k3/3p2p1/pp3nNp/8/2P4P/2PQn3/P3Kbq1/2R2R2 b - - 8 28,56,?,f2g3,1991,915,f2g1,0.0208,0.0234,0.0262,0.0337,e3f1,e3f1,e3f1,e3f1,1362.0,0.0337,0.0129,True,elite,03_elite_b2,2607,2520,2520,False,True,4,bishop,False,True,False,middlegame,False,True,False,False,False
3r1rk1/1pp1qpb1/p1nnb2p/P1N1p1p1/1P2P3/2P1N1B1/2Q1BPPP/R4RK1 b - - 4 20,40,?,e7f6,-182,23,g8h8,0.0212,0.0154,0.0044,0.0008,e6c8,e6c8,e6c8,e6c8,168.0,0.0212,-0.0204,True,elite,03_elite_b2,2692,2630,2630,False,True,2,queen,False,False,True,middlegame,True,False,False,False,False
r1bq1rk1/1p3pb1/pn1pp2p/5np1/3P4/1BP2NB1/PP1NQPPP/R3R1K1 b - - 2 14,28,?,g5g4,248,248,c8d7,0.0141,0.0089,0.0074,0.0069,f5g3,f5g3,f5g3,f5g3,315.0,0.0141,-0.0072,True,elite,03_elite_b2,2556,2539,2539,False,True,2,pawn,False,False,True,middlegame,True,False,True,False,False
r2q1rk1/1p3pb1/pnbpp2p/5np1/3P4/2P2NB1/PPBNQPPP/3RR1K1 b - - 6 16,32,?,g5g4,275,275,g5g4,0.0121,0.0069,0.0049,0.0035,f5g3,f5g3,f5g3,f5g3,317.0,0.0121,-0.0086,True,elite,03_elite_b2,2556,2539,2539,True,False,2,pawn,False,False,True,middlegame,True,False,True,False,False
r4rk1/1pq2pb1/pn1p3p/5Q2/3PR3/2P3B1/PP3PPP/3R2K1 b - - 0 22,44,?,c7c8,214,9,c7d7,0.0065,0.0091,0.0114,0.01,b6c4,a8e8,c7d7,c7d7,120.0,0.0114,0.0035,True,elite,03_elite_b2,2556,2539,2539,False,True,5,queen,False,False,True,middlegame,False,True,False,False,False
r4k2/1p1n1p2/p6p/8/3PR3/2P2P2/PP4PP/6K1 b - - 0 28,56,?,a8c8,76,24,b7b5,0.0083,0.0061,0.0056,0.0075,a8e8,a8e8,a8e8,a8e8,148.0,0.0083,-0.0008,True,elite,03_elite_b2,2556,2539,2539,False,True,5,rook,False,False,True,endgame,False,False,False,False,False
r1bq1rk1/2p2ppp/pbnp1n2/1p2p3/3PP3/1BP1BN1P/PP3PP1/RN1Q1RK1 b - - 2 10,20,?,c6a5,-31,3,h7h6,0.0337,0.0442,0.0425,0.0345,e5d4,e5d4,e5d4,f6e4,278.0,0.0442,0.0008,True,elite,03_elite_b2,2691,2662,2662,False,True,3,knight,False,False,True,opening,True,False,False,False,False
8/pp1r1kp1/6p1/8/2r1R3/5P1P/P4PK1/4R3 b - - 2 32,64,?,b7b5,-5,8,c4c2,0.0167,0.0154,0.0204,0.027,c4e4,c4e4,c4c2,c4c2,1992.0,0.027,0.0103,True,elite,03_elite_b2,2342,2521,2521,False,True,5,pawn,False,False,True,endgame,True,False,True,False,False
3r1rk1/1bqnpp1p/1p4p1/pP2P3/N1P5/4Q3/P3B1PP/2R2RK1 b - - 4 20,40,?,f7f5,-99,4,f7f5,0.0043,0.0021,0.001,0.0008,d7e5,c7e5,c7e5,c7e5,183.0,0.0043,-0.0035,True,elite,03_elite_b2,2964,2950,2950,True,False,5,pawn,False,False,True,middlegame,True,False,True,False,False
5rk1/1b5p/5pp1/pPR5/8/8/P2rBRPP/6K1 b - - 2 26,52,?,d2d4,-97,31,d2d4,0.0005,0.0002,0.0001,0.0001,d2a2,d2a2,d2a2,d2a2,479.0,0.0005,-0.0004,True,elite,03_elite_b2,2964,2950,2950,True,False,5,rook,False,False,True,endgame,False,True,False,False,False
r5k1/1p3pbp/8/2P1pp2/1nq1p3/2P1P3/1BQN1PPP/5RK1 b - - 1 20,40,?,c4f1,546,412,c4c5,0.0088,0.0181,0.0252,0.0287,b4c2,b4c2,b4c2,b4c2,614.0,0.0287,0.0199,True,elite,03_elite_b2,2556,2556,2556,False,True,0,queen,True,True,False,middlegame,True,False,False,False,False
r3k3/pp2b1p1/3qBrpp/8/1n1p4/P2P2PP/1P2QP2/2R1R1K1 b q - 0 24,48,?,b4d3,364,108,b4c6,0.0191,0.0144,0.0104,0.0064,b4c6,b4c6,b4c6,b4c6,101.0,0.0191,-0.0127,True,elite,03_elite_b2,2470,2526,2526,False,True,0,knight,True,False,False,middlegame,True,False,False,False,False
r4k2/1p2b1p1/p1nqBrp1/2R4p/1P1p4/P2P2PP/4QP2/4R1K1 b - - 1 28,56,?,f6e6,532,14,a8e8,0.0401,0.0257,0.0193,0.0151,c6d8,c6d8,b7b6,b7b6,337.0,0.0401,-0.025,True,elite,03_elite_b2,2470,2526,2526,False,True,0,rook,True,False,False,middlegame,False,False,False,False,False
1q2rk2/1p1Bb1p1/p1n2rp1/3R3p/1P1p4/P2P2PP/4QP2/4R1K1 b - - 5 30,60,?,b8c7,92,32,f6f7,0.0276,0.0272,0.0265,0.0272,e8d8,e8d8,e8d8,e8d8,153.0,0.0276,-0.0004,True,elite,03_elite_b2,2470,2526,2526,False,True,6,queen,False,False,True,middlegame,True,False,False,False,False
6k1/7p/r1p3pB/p1Pp1p2/P3pNnP/4P1P1/2Q2PK1/4q3 b - - 5 34,68,?,a6a7,478,120,g4h6,0.0211,0.0202,0.0239,0.0429,g4h6,g4h6,g4h6,g4h6,297.0,0.0429,0.0218,True,elite,03_elite_b2,2542,2499,2499,False,True,4,rook,False,False,True,endgame,False,True,False,False,False
5rk1/pp5p/3N2p1/5q2/3Q4/P1P5/1P3n2/K2R4 b - - 1 28,56,?,f5e6,99,99,f5e6,0.0299,0.0325,0.035,0.0371,f2d1,f2d1,f2d1,f2d1,471.0,0.0371,0.0072,True,elite,03_elite_b2,2550,2514,2514,True,False,0,queen,False,False,True,endgame,False,True,False,False,False
5r2/5pk1/3pbNp1/2p1p1P1/1BP1P3/1r1P4/7K/R1R5 b - - 0 28,56,?,f8h8,216,216,c5b4,0.0194,0.0157,0.0105,0.0097,b3b4,b3b4,b3b4,b3b4,224.0,0.0194,-0.0097,True,elite,03_elite_b2,2541,2647,2647,False,True,0,rook,False,True,False,middlegame,False,False,False,False,False
5r2/5pk1/3pbNp1/4p1P1/1pP1P3/3P2K1/1r6/R2R4 b - - 3 30,60,?,f8c8,-249,16,f8h8,0.0103,0.0099,0.0131,0.022,f8h8,f8h8,f8h8,f8h8,315.0,0.022,0.0117,True,elite,03_elite_b2,2541,2647,2647,False,True,0,rook,False,False,True,endgame,False,False,False,False,False
r1bqr1k1/1pp2ppp/5n2/p3n3/2P5/P3BP1P/1PQ2KP1/4RBNR b - - 2 14,28,?,f6h5,357,142,b7b6,0.0458,0.0465,0.0472,0.0395,g7g6,c8e6,c8e6,c8e6,329.0,0.0472,-0.0063,True,elite,03_elite_b2,2459,2565,2565,False,True,0,knight,False,False,True,middlegame,True,False,False,False,False
r1b1kb1r/pp2pp1p/1qn2np1/3p4/2pP1B2/2P1PP2/PPQN2PP/R3KBNR b KQkq - 0 8,16,?,e7e5,224,132,f6h5,0.0046,0.0018,0.0008,0.0003,c8f5,c8f5,c8f5,c8f5,312.0,0.0046,-0.0043,True,elite,03_elite_b2,2523,2572,2572,False,True,3,pawn,False,False,True,opening,True,False,True,False,False
r1b1r1k1/ppp2pp1/5q2/3p3Q/8/5R2/P1P2PPP/2B2RK1 b - - 4 16,32,?,e8e5,149,174,f6g6,0.0285,0.0152,0.0074,0.0052,f6g6,f6g6,f6g6,f6g6,169.0,0.0285,-0.0233,True,elite,03_elite_b2,2535,2549,2549,False,True,0,rook,False,False,True,middlegame,True,False,False,False,False
r1b1r1k1/pp3pp1/2p3q1/2Q5/8/5R2/P1P2PPP/2B2RK1 b - - 1 18,36,?,f7f6,-44,28,b7b6,0.0185,0.0146,0.0073,0.0057,c8g4,c8g4,c8g4,c8g4,333.0,0.0185,-0.0128,True,elite,03_elite_b2,2535,2549,2549,False,True,5,pawn,False,False,True,middlegame,True,False,True,False,False
5r2/1b1q1pkp/p5p1/1p1n4/2rPN3/P6P/1P2NPP1/R2QR1K1 b - - 1 20,40,?,d5e3,-90,4,d5e3,0.0185,0.018,0.0208,0.0238,f8e8,d7f5,d7f5,d7f5,281.0,0.0238,0.0053,True,elite,03_elite_b2,2491,2620,2620,True,False,2,knight,False,False,True,middlegame,True,False,False,False,False
r1n1rnk1/N1Pq1pp1/4p2p/pN1p4/P7/1P2QP1P/2R3P1/2R3K1 b - - 8 32,64,?,d5d4,-122,158,e6e5,0.0383,0.0326,0.0336,0.0389,c8a7,c8a7,c8a7,c8a7,187.0,0.0389,0.0006,True,elite,03_elite_b2,2649,2474,2474,False,True,6,pawn,False,False,True,middlegame,True,False,True,False,False
r2qkb1r/pp1npppp/2p2n2/5b2/8/1PN2N1P/PBPPQ1P1/R3KB1R b KQkq - 0 8,16,?,h7h5,93,10,e7e6,0.0086,0.0054,0.0042,0.0057,e7e6,f5c2,f5c2,f5c2,207.0,0.0086,-0.0029,True,elite,03_elite_b2,2534,2593,2593,False,True,3,pawn,False,False,True,opening,True,False,True,False,False
r4rk1/p2nbpp1/2p1p1p1/qp5P/Pn2N1P1/1P6/2PPQ3/BK1R1B1R b - - 0 18,36,?,d7e5,-309,29,b5a4,0.0032,0.0014,0.0006,0.0003,b5a4,b5a4,b5a4,b5a4,110.0,0.0032,-0.0029,True,elite,03_elite_b2,2534,2593,2593,False,True,6,knight,False,False,True,middlegame,True,False,False,False,False
4rr1k/4q2p/2p1nb2/p3p2Q/Pp2P2P/1B2BN2/1PP2P2/1K5R b - - 2 26,52,?,e7f7,-198,43,e6d4,0.0371,0.0346,0.033,0.0489,e6g7,e6g7,e6f4,e6f4,275.0,0.0489,0.0118,True,elite,03_elite_b2,2513,2465,2465,False,True,6,queen,False,False,True,middlegame,False,False,False,False,False
r1b1r1k1/5ppp/pnpq1n2/1p1p4/3P1QPP/P4P2/1PP1N3/2KR1BNR b - - 2 14,28,?,d6f8,71,17,d6e7,0.0046,0.0051,0.0067,0.0099,d6f4,d6f4,d6f4,d6f4,104.0,0.0099,0.0053,True,elite,03_elite_b2,2563,2545,2545,False,True,2,queen,False,False,True,middlegame,False,True,False,False,False
r1b1r1k1/4qppp/pnp2n2/3p4/1P1P1QPP/5PN1/1PP5/2KR1BNR b - - 0 16,32,?,a6a5,291,154,e7b4,0.0244,0.0187,0.0119,0.0091,e7b4,e7b4,e7b4,e7b4,161.0,0.0244,-0.0153,True,elite,03_elite_b2,2563,2545,2545,False,True,2,pawn,False,False,True,middlegame,True,False,True,False,False
r1b1r1k1/5ppp/p7/3p4/q1p3PP/2Q2PN1/1PP1N3/2K4R b - - 1 22,44,?,e8e2,543,175,a8b8,0.0153,0.0106,0.0085,0.0087,a4a1,a4a1,a4a1,a4a1,289.0,0.0153,-0.0066,True,elite,03_elite_b2,2563,2545,2545,False,True,0,rook,True,False,False,middlegame,True,False,False,False,False
r2q1rk1/1p1nbpp1/p3pn1p/3p1b2/1P6/P1N1PN2/1B1P1PPP/R2QRBK1 b - - 1 12,24,?,f5g4,23,13,a8c8,0.0139,0.0148,0.0116,0.0083,b7b5,b7b5,b7b5,b7b5,104.0,0.0148,-0.0056,True,elite,03_elite_b2,2603,2548,2548,False,True,3,bishop,False,False,True,opening,True,False,False,False,False
5r2/bp1b2k1/p1n1pr1p/3p2p1/3P2P1/P2R1NN1/1P3PP1/1B2R1K1 b - - 4 26,52,?,f6f7,62,18,d7e8,0.0086,0.0082,0.0066,0.0049,f6f4,f6f4,f6f4,f6f4,236.0,0.0086,-0.0037,True,elite,03_elite_b2,2505,2536,2536,False,True,2,rook,False,False,True,middlegame,False,True,False,False,False
r2qr1k1/5p1p/1n1p2pb/B1p1p3/P1PnP3/1P2N1PP/3Q1PB1/1R2R1K1 b - - 0 22,44,?,b6c4,17,112,b6c4,0.0218,0.0162,0.0119,0.0099,h6e3,h6e3,d8b8,d8b8,160.0,0.0218,-0.0119,True,elite,03_elite_b2,2414,2558,2558,True,False,2,knight,True,False,False,middlegame,True,False,False,False,False
8/1R3pk1/1p2r1pp/p1p5/P3N2P/1P1B2P1/2PK1P2/6r1 b - - 0 34,68,?,g7f8,-411,22,g7f8,0.0375,0.033,0.0323,0.0325,g1g2,g1g2,g1g2,g1g2,112.0,0.0375,-0.005,True,elite,03_elite_b2,2516,2344,2344,True,False,1,king,False,False,True,endgame,False,True,False,True,False
2r3k1/1R3p1p/1p2pp2/8/1n3P2/4PRP1/3r3P/5BK1 b - - 3 26,52,?,f6f5,146,33,d2d6,0.0036,0.0018,0.0009,0.0006,b4d5,b4d5,b4d5,b4d5,101.0,0.0036,-0.003,True,elite,03_elite_b2,2600,2553,2553,False,True,0,pawn,False,False,True,endgame,True,False,True,False,False
5r2/1R4pp/4kp2/8/P7/1P4PP/5PK1/8 b - - 0 34,68,?,h7h5,-563,4,g7g5,0.0079,0.0074,0.0062,0.0063,f8f7,f8f7,f8f7,f8f7,253.0,0.0079,-0.0016,True,elite,03_elite_b2,2592,2533,2533,False,True,1,pawn,False,False,True,endgame,True,False,True,False,False
r2q1rk1/1p1b1pP1/p2p1np1/8/3pP1p1/2N2P2/PPPQ4/1K1R1B1R b - - 0 16,32,?,f6d5,-958,1033,f6h5,0.0,0.0,0.0,0.0,g8g7,g8g7,g8g7,g8g7,1040.0,0.0,0.0,True,elite,03_elite_b2,2556,2483,2483,False,True,6,knight,False,False,True,middlegame,True,False,False,False,False
2kr1b1r/Bp3pp1/4pn2/3n3P/P7/qP3B2/2P1N3/1K1R2QR b - - 0 26,52,?,d8d7,-254,25,f8b4,0.0139,0.0198,0.0244,0.025,d5c3,f8b4,f8b4,f8b4,128.0,0.025,0.0111,True,elite,03_elite_b2,2542,2407,2407,False,True,6,rook,False,False,True,middlegame,True,False,False,False,False
r5k1/1b3qp1/4p3/1pn4p/2pQ4/2P2N1P/1PB2PPb/2B1RK2 b - - 1 24,48,?,c5b3,-39,94,c5b3,0.0287,0.015,0.0098,0.0108,b7f3,b7f3,b7f3,b7f3,108.0,0.0287,-0.0179,True,elite,03_elite_b2,2759,2543,2543,True,False,5,knight,False,False,True,middlegame,True,False,False,False,False
1q1b2k1/3n1ppp/1Pb1p3/P2pP3/2rP3P/2B2PP1/1Q2N3/1R4K1 b - - 4 34,68,?,h7h6,138,7,h7h6,0.0297,0.0277,0.0216,0.0188,c4a4,c4a4,c4a4,c4a4,145.0,0.0297,-0.0109,True,elite,03_elite_b2,2543,2577,2577,True,False,2,pawn,False,False,True,middlegame,True,False,True,False,False
r4rk1/5pp1/p1npb2p/qp1Np3/4P3/2P1Q1P1/PP1RB2P/1K1R4 b - - 4 24,48,?,f8b8,85,1,a8b8,0.0102,0.0122,0.014,0.0179,b5b4,b5b4,b5b4,b5b4,121.0,0.0179,0.0077,True,elite,03_elite_b2,2509,2415,2415,False,True,2,rook,False,False,True,middlegame,False,False,False,False,False
4r1k1/1pp1r1p1/3p3p/pB1P1p2/3B2bR/2N3P1/PPP2K2/8 b - - 1 28,56,?,e8b8,-119,0,e8c8,0.0158,0.0215,0.0242,0.0212,e8f8,e8f8,e8f8,e7e1,213.0,0.0242,0.0054,True,elite,03_elite_b2,2990,2697,2697,False,True,7,rook,False,False,True,middlegame,False,False,False,False,False
r2qr1k1/1p2ppb1/p4n1p/3P2pb/2B3P1/2N1QN1P/PP3P2/3RR1K1 b - - 0 18,36,?,d8c8,-93,130,h5g6,0.0002,0.0002,0.0002,0.0002,h5g6,h5g6,h5g6,h5g6,121.0,0.0002,0.0,True,elite,03_elite_b2,2561,2597,2597,False,True,2,queen,False,False,True,middlegame,False,False,False,False,False
8/p3rk2/1p2p1Rb/4Pn2/3P3q/1P3Q2/PB5P/6RK b - - 4 34,68,?,e7d7,-708,32,f7e8,0.024,0.0218,0.0194,0.0175,h6f4,h6f4,h6f4,h6f4,1278.0,0.024,-0.0065,True,elite,03_elite_b2,2545,2528,2528,False,True,1,rook,False,False,True,middlegame,False,False,False,False,False
q4rk1/5ppp/3Q4/1p1RP3/1Bp5/6Pb/1P3P1P/6K1 b - - 4 24,48,?,f8e8,232,128,f8e8,0.0126,0.016,0.019,0.0261,a8a1,a8a1,a8a1,a8a1,622.0,0.0261,0.0135,True,elite,03_elite_b2,2433,2587,2587,True,False,0,rook,False,False,True,endgame,False,False,False,False,False
3qk2r/4bp1p/p2pp3/1p2rP1R/8/6Q1/PPP3PP/1K3B1R b k - 2 20,40,?,d8b6,-65,32,e7f6,0.0063,0.007,0.008,0.0087,e5f5,e5f5,e5f5,e5f5,120.0,0.0087,0.0024,True,elite,03_elite_b2,2595,2652,2652,False,True,5,queen,False,False,True,middlegame,True,False,False,False,False
8/5k2/3ppb2/7P/8/3B4/1pP5/1K6 b - - 0 34,68,?,f6c3,511,260,f7g7,0.0081,0.0094,0.0135,0.0225,f7g7,f7g7,f7g7,f7g7,289.0,0.0225,0.0144,True,elite,03_elite_b2,2595,2652,2652,False,True,0,bishop,False,False,True,endgame,True,False,False,False,False
b2r1nk1/2r2pp1/p4q1p/1pp5/4PP1P/1P1P1NQB/P2R3K/6R1 b - - 10 34,68,?,f6g6,-106,22,g7g6,0.014,0.0127,0.0079,0.004,f8e6,a8e4,a8e4,a8e4,297.0,0.014,-0.01,True,elite,03_elite_b2,2546,2495,2495,False,True,2,queen,False,False,True,middlegame,False,False,False,False,False
2r2rk1/2qb2p1/p2pp1Q1/1p2b3/2nNP3/2N4P/PPP3B1/3R1R1K b - - 0 24,48,?,e5d4,277,57,f8f1,0.0331,0.0257,0.0224,0.0212,c4e3,c4e3,c4e3,c4e3,196.0,0.0331,-0.0119,True,elite,03_elite_b2,2422,2507,2507,False,True,0,bishop,True,False,False,middlegame,True,False,False,False,False
8/5kp1/Q2p4/1p2q3/P1n1P3/2P4P/2P3B1/7K b - - 0 32,64,?,e5g5,-35,3,e5f4,0.001,0.0006,0.0004,0.0004,c4e3,c4e3,c4e3,c4e3,279.0,0.001,-0.0006,True,elite,03_elite_b2,2422,2507,2507,False,True,5,queen,False,False,True,endgame,False,False,False,False,False
N1bq1k1r/pp1n1p1p/3P2p1/8/2P3n1/1P2PN2/Pb3PPP/R2QKB1R b KQ - 0 12,24,?,d8a5,0,14,d8a5,0.019,0.0193,0.0214,0.0259,b2a1,b2a1,b2a1,b2a1,429.0,0.0259,0.0069,True,elite,03_elite_b2,2719,2625,2625,True,False,2,queen,False,True,False,opening,True,False,False,False,False
6r1/1pp1b1rk/4b1pp/3qPp2/PpNp1P1P/1P1P1NQ1/2P2K2/4R2R b - - 3 26,52,?,g8a8,4,2,g8a8,0.0013,0.001,0.001,0.0012,b7b5,d5d8,d5d8,d5d8,114.0,0.0013,-0.0001,True,elite,03_elite_b2,2365,2532,2532,True,False,2,rook,False,False,True,middlegame,False,False,False,False,False
r3k2r/6pp/1qppP3/p7/1p6/3QR3/PP3PPP/R5K1 b - - 0 24,48,?,b6c5,-424,18,d6d5,0.0326,0.0296,0.028,0.0345,d6d5,d6d5,d6d5,d6d5,130.0,0.0345,0.0019,True,elite,03_elite_b2,2603,2471,2471,False,True,6,queen,False,False,True,endgame,True,False,False,False,False
4r1k1/2q2ppp/8/2bp4/3N4/2P1PQP1/1P5P/5RK1 b - - 2 24,48,?,g7g6,-21,19,g7g6,0.0326,0.0207,0.0139,0.0128,c5d4,c5d4,c5d4,c7e5,314.0,0.0326,-0.0198,True,elite,03_elite_b2,2369,2857,2857,True,False,5,pawn,False,False,True,endgame,True,False,True,False,False
r2q1rk1/2n2pb1/3p2p1/3p1b1p/1ppP1B1P/P3PB2/1P3PP1/RN1QR1K1 b - - 1 20,40,?,a8a6,138,8,f5e4,0.0021,0.0022,0.0028,0.0052,b4b3,b4b3,b4b3,b4a3,168.0,0.0052,0.0031,True,elite,03_elite_b2,2623,2591,2591,False,True,2,rook,False,False,True,middlegame,True,False,False,False,False
3r2k1/5pb1/4n3/3p2q1/N2Pp3/4P1Bp/Q4PP1/4R1K1 b - - 1 32,64,?,g5f5,173,74,g5g4,0.0044,0.0033,0.0028,0.0036,h3g2,h3g2,h3g2,h3g2,103.0,0.0044,-0.0008,True,elite,03_elite_b2,2623,2591,2591,False,True,0,queen,False,False,True,middlegame,False,False,False,False,False
4rrk1/2qnb3/pPb1p1p1/2p1Pp1p/2N2P1P/1PBP2P1/3NQ3/4RRK1 b - - 0 22,44,?,c7d8,-131,6,c7c8,0.0019,0.0009,0.0004,0.0002,d7b6,d7b6,d7b6,d7b6,172.0,0.0019,-0.0017,True,elite,03_elite_b2,2556,2556,2556,False,True,2,queen,False,False,True,middlegame,False,True,False,False,False
6k1/ppR3pp/2b2p2/2B1pP2/1P2P3/3r1NP1/6K1/8 b - - 1 28,56,?,g7g6,-52,10,g7g6,0.0105,0.008,0.006,0.0054,c6e4,c6e4,c6e4,c6e4,1945.0,0.0105,-0.0051,True,elite,03_elite_b2,2628,2712,2712,True,False,7,pawn,False,False,True,endgame,True,False,True,False,False
r2q1rk1/4bppp/p2pb1n1/1p4P1/4P3/1NN1B2P/PPPQ4/1K3RR1 b - - 0 18,36,?,f7f6,-88,24,f7f6,0.0181,0.0134,0.0066,0.0029,e6h3,e6h3,e6h3,e6h3,128.0,0.0181,-0.0152,True,elite,03_elite_b2,3068,2781,2781,True,False,2,pawn,False,False,True,middlegame,True,False,True,False,False
4rnk1/6pp/pB6/3Nb1P1/pP2P1q1/3Q4/2P5/1K3R2 b - - 6 32,64,?,f8g6,-120,2,f8g6,0.0215,0.0202,0.0212,0.0276,g4g5,g4g5,g4g5,g4g5,453.0,0.0276,0.0061,True,elite,03_elite_b2,3068,2781,2781,True,False,5,knight,False,False,True,middlegame,True,False,False,False,False
2kr3r/ppbbq1pp/2n5/2pBp3/1PN1Pp2/P1P5/1BQ2PPP/R4RK1 b - - 10 16,32,?,e7h4,45,4,f4f3,0.0112,0.0071,0.0051,0.0038,c5b4,c5b4,c5b4,c5b4,301.0,0.0112,-0.0074,True,elite,03_elite_b2,2639,2519,2519,False,True,2,queen,False,False,True,middlegame,True,False,False,False,False
2k2r1r/ppbb2p1/2n5/1PBBp3/4P2p/P1P1NpPq/2QR1P1P/R5K1 b - - 2 24,48,?,c6a5,-35,55,c6d8,0.0452,0.0354,0.0231,0.0176,h4g3,h4g3,h4g3,h4g3,148.0,0.0452,-0.0276,True,elite,03_elite_b2,2639,2519,2519,False,True,6,knight,False,False,True,middlegame,True,False,False,False,False
r3k3/pp3p2/4q3/8/3Q4/4r3/PP4PP/3R1RK1 b - - 2 26,52,?,a8c8,-370,87,a8c8,0.0322,0.0322,0.0314,0.0332,e3e4,e3e4,e3e4,e3e4,409.0,0.0332,0.001,True,elite,03_elite_b2,2518,2369,2369,True,False,5,rook,False,False,True,endgame,False,False,False,False,False
2r1k3/pp3p2/5R2/8/2q5/4r3/PP3QPP/3R2K1 b - - 10 30,60,?,c4e2,-169,157,c4e2,0.0111,0.0086,0.0077,0.0071,e3e7,e3e7,e3e7,e3e7,427.0,0.0111,-0.004,True,elite,03_elite_b2,2518,2369,2369,True,False,5,queen,False,False,True,endgame,True,False,False,False,False
5rk1/pbq1b1pp/1p2p3/2npPr2/3B3P/P1N4R/1PPQB1P1/1K1R4 b - - 8 18,36,?,b7c6,-55,29,f5e5,0.0135,0.0161,0.0216,0.036,c5e4,c5e4,c5e4,c5d7,216.0,0.036,0.0225,True,elite,03_elite_b2,2515,2546,2546,False,True,2,bishop,False,False,True,middlegame,True,False,False,False,False
r3r1k1/1b1n1pbp/p2q1np1/8/Np1P3B/3B4/PP2NPPP/2RQ1RK1 b - - 5 16,32,?,g7h6,82,68,d6d5,0.0119,0.0103,0.0103,0.0137,d6d5,d6d5,f6g4,f6g4,279.0,0.0137,0.0018,True,elite,03_elite_b2,2657,2589,2589,False,True,2,bishop,False,False,True,middlegame,True,False,False,False,False
3r3k/pp4p1/2p2q1r/4n3/2PR4/4P1R1/P1B1Q1PP/6K1 b - - 6 30,60,?,f6e7,-200,2,d8e8,0.0038,0.0035,0.0037,0.004,d8d4,d8d4,d8d4,d8d4,105.0,0.004,0.0002,True,elite,03_elite_b2,2500,2414,2414,False,True,5,queen,False,False,True,middlegame,False,True,False,False,False
4r2k/pp4p1/5q1r/2p1n3/2P2R2/4P1RP/P1B1Q1P1/6K1 b - - 1 32,64,?,f6d8,-247,13,f6d6,0.0333,0.0264,0.021,0.0188,f6e6,f6e6,f6e6,f6e6,101.0,0.0333,-0.0145,True,elite,03_elite_b2,2500,2414,2414,False,True,5,queen,False,False,True,middlegame,False,True,False,False,False
4r2k/pp4p1/3q3r/2p5/2P2R2/3BP1RP/P4QP1/6K1 b - - 0 34,68,?,a7a6,-503,35,d6d3,0.0064,0.0049,0.0036,0.0031,d6d3,d6d3,d6d3,d6d3,1494.0,0.0064,-0.0033,True,elite,03_elite_b2,2500,2414,2414,False,True,1,pawn,False,False,True,middlegame,True,False,True,False,False
rr3k2/1bqn1pbn/pp1p3p/2pPpNpP/PPP1P1P1/3NBP2/3Q2K1/1R1B3R b - - 0 30,60,?,a6a5,-188,125,b7c8,0.0439,0.0286,0.022,0.0158,b7c8,b7c8,b7c8,b7c8,115.0,0.0439,-0.0281,True,elite,03_elite_b2,2472,2513,2513,False,True,2,pawn,False,False,True,middlegame,True,False,True,False,False
r1b2k2/1rqn1pbn/pp1p3p/2pPpNpP/PPP1P1P1/3NBP2/1R1QB1K1/7R b - - 4 32,64,?,a6a5,-213,11,a8b8,0.0345,0.0294,0.0272,0.0197,d7f6,d7f6,d7f6,f7f6,142.0,0.0345,-0.0148,True,elite,03_elite_b2,2472,2513,2513,False,True,2,pawn,False,False,True,middlegame,True,False,True,False,False
2r1r1k1/p4qbp/2pPb1p1/2P1p3/4Qp2/B3P3/P3BPPP/3R1RK1 b - - 0 22,44,?,h7h5,-306,13,e6d5,0.0015,0.0006,0.0003,0.0002,e6d5,e6d5,e6d5,e6d5,135.0,0.0015,-0.0013,True,elite,03_elite_b2,2584,2653,2653,False,True,6,pawn,False,False,True,middlegame,True,False,True,False,False
rn3rk1/p3p1bp/4P1p1/1p1q1pN1/5P2/2P5/1P2Q1PP/R1B2RK1 b - - 2 18,36,?,b5b4,0,21,h7h6,0.0313,0.0201,0.014,0.0107,b8c6,b8c6,b8c6,b8c6,105.0,0.0313,-0.0206,True,elite,03_elite_b2,2446,2585,2585,False,True,2,pawn,False,False,True,middlegame,True,False,True,False,False
r3k2r/3nppb1/1qpp1np1/7p/pp1PP2P/4BP2/PPPQN1P1/1K1R1B1R b kq - 2 14,28,?,a8b8,42,8,c6c5,0.0157,0.0142,0.0137,0.0136,b4b3,b4b3,b4b3,b4b3,124.0,0.0157,-0.0021,True,elite,03_elite_b2,2628,2529,2529,False,True,2,rook,False,False,True,middlegame,False,False,False,False,False
2r3k1/3n1pb1/1q1pp1p1/6Pp/1p2P2P/pPpP1P2/P1K1Q1N1/3R3R b - - 1 28,56,?,d7b8,199,71,d7e5,0.0112,0.0182,0.0269,0.0325,b6d4,b6d4,b6d4,b6d4,124.0,0.0325,0.0213,True,elite,03_elite_b2,2628,2529,2529,False,True,0,knight,False,False,True,middlegame,False,True,False,False,False
r1br2k1/pp2ppbp/2n2np1/7q/2B5/1P2PN1P/PB1NQPP1/2R2RK1 b - - 2 14,28,?,f6d7,-57,1,e7e5,0.01,0.0074,0.0045,0.0027,c8h3,c8h3,c8h3,c8h3,166.0,0.01,-0.0073,True,elite,03_elite_b2,2716,2760,2760,False,True,3,knight,False,False,True,middlegame,False,True,False,False,False
3r2k1/p3b2p/2p3p1/5p2/2P5/3N1P2/P1K3PP/3R4 b - - 5 30,60,?,g8f8,-13,4,d8d4,0.0023,0.0029,0.0048,0.0083,e7f6,e7f6,e7f6,g8f7,138.0,0.0083,0.006,True,elite,03_elite_b2,2502,2515,2515,False,True,5,king,False,False,True,endgame,False,False,False,True,False
6k1/Rp3p1p/1n1n2p1/1P1pp3/8/3PPNP1/4BPKP/1r6 b - - 1 30,60,?,b1b2,102,7,f7f6,0.0373,0.0336,0.0274,0.0231,b1b5,b1b5,b1b5,b1b5,118.0,0.0373,-0.0142,True,elite,03_elite_b2,2646,2525,2525,False,True,0,rook,False,False,True,endgame,False,True,False,False,False
