fen,ply,game_id,engine_best,best_cp,engine_margin,played_move,p_engine_move_1100,p_engine_move_1400,p_engine_move_1700,p_engine_move_2000,human_top_1100,human_top_1400,human_top_1700,human_top_2000,human_cost_cp,p_max,p_slope,machine_unique,source,batch,white_elo,black_elo,mover_elo,real_found,hard_core,family,sim,margin
rnbb2k1/pp2n1p1/1q2p2p/3pPr2/1P1P4/P2Q1N2/4NP1P/RBB3RK b - - 5 20,40,tz1iopky,g8f7,-418,3,b8d7,0.0143,0.0181,0.0152,0.0104,b8c6,b8c6,g8h8,g8h8,191.0,0.0181,-0.0039,True,club,03_bands_club,2008,2140,2140,False,True,6,0.7432,0.0269
5n1r/p3r1k1/3p1p2/1R3P1p/4P1p1/2b1B1P1/B5KP/5R2 b - - 0 32,64,GF5vtBlD,f8h7,0,3,h5h4,0.0241,0.0289,0.0332,0.041,e7e4,e7e4,e7e4,e7e4,698.0,0.041,0.0169,True,club,03_bands_club,2073,2049,2049,False,True,5,0.5108,0.0816
rn3rk1/pb4pp/3q4/1p1Ppp2/4p3/PQ2P3/BP1N1PPP/2R1K2R b K - 3 16,32,Sodns02o,d6b6,-100,5,a7a6,0.0023,0.0013,0.0007,0.0004,a7a6,a7a6,a7a6,a7a6,131.0,0.0023,-0.0019,True,club,03_bands_club,2013,2008,2008,False,True,5,0.6219,0.0171
r1bqk2r/pp2nppp/2n1p3/2bpP3/3p3P/3B1N2/PPP2PP1/RNBQR1K1 b kq - 0 8,16,T4nwWbUI,f7f6,69,7,c8d7,0.0092,0.0048,0.0015,0.0006,e8g8,e8g8,e8g8,e7g6,119.0,0.0092,-0.0086,True,club,03_bands_club,2059,2062,2062,False,True,3,0.7548,0.1198
2r4r/1R1nbk2/p2p4/Q2Pp1B1/6p1/3N2P1/P1q1P2P/5RK1 b - - 2 28,56,plgryZ5x,f7g8,-430,45,f7e8,0.0073,0.007,0.0067,0.0079,f7e8,f7e8,f7e8,f7e8,176.0,0.0079,0.0006,True,club,03_bands_club,2163,2092,2092,False,True,6,0.663,0.1725
rn2kb1r/pp4pp/1q2bp2/1Np1p3/1P2Pn2/P4NP1/1B1P1P1P/R2QKB1R b KQkq - 0 12,24,3aB1dfSc,f4g2,72,94,f4g2,0.0026,0.0013,0.0009,0.0007,f4g6,f4g6,f4g6,f4g6,102.0,0.0026,-0.0019,True,club,03_bands_club,2068,2004,2004,True,False,3,0.6461,0.0105
1r6/p1pk1p1p/4p1pb/3pP3/3P1P2/1N1K2P1/P6P/1R6 b - - 0 24,48,MIzinMiu,b8b6,203,50,b8b6,0.0169,0.0173,0.0148,0.0094,h6f8,h6f8,h6f8,h6f8,689.0,0.0173,-0.0075,True,club,03_bands_club,2143,2132,2132,True,False,0,0.5506,0.1308
r2q1r2/2p1npkp/3p2p1/1bnPp3/p3P1PP/P4N2/1PBQNP2/1K1R3R b - - 0 20,40,R3UMS70h,f7f6,-36,11,h7h6,0.0117,0.0121,0.015,0.0221,c5b3,c5b3,c5b3,c5b3,194.0,0.0221,0.0104,True,club,03_bands_club,2051,2156,2156,False,True,2,0.6246,0.182
r6k/2p2r2/3p1qQP/1bnPpP2/p7/P7/1PB2P2/1K4RR b - - 2 32,64,R3UMS70h,a8d8,0,387,b5d3,0.0011,0.0011,0.0011,0.0013,f6g6,f6g6,f6g6,b5d3,457.0,0.0013,0.0002,True,club,03_bands_club,2051,2156,2156,False,True,0,0.474,0.0107
rn2r2k/2pbP1bp/q4pp1/ppB1p3/4P2N/1BN4P/PPP2QP1/2KR3R b - - 2 18,36,IGzjdpUG,d7e6,-539,53,b5b4,0.0332,0.0335,0.0381,0.0488,a5a4,a5a4,a5a4,a5a4,1458.0,0.0488,0.0156,True,club,03_bands_club,2040,2183,2183,False,True,1,0.8153,0.1812
2r5/1r1nppk1/6pp/1p6/1RN1PP2/4K1PP/8/1R6 b - - 1 34,68,6MvoTGWB,b7a7,334,15,b7b8,0.0072,0.0064,0.0062,0.0064,c8c4,c8c4,c8c5,c8c5,227.0,0.0072,-0.0008,True,club,03_bands_club,2064,2081,2081,False,True,0,0.5565,0.2351
r3kbnr/p3q3/Qnpp1p2/4p1pp/4P3/1PN1BN2/1PP2PPP/R3R1K1 b kq - 0 14,28,oSlFawPh,a8b8,-253,137,a8d8,0.0165,0.0075,0.0051,0.0044,e7c7,e7c7,e7c7,e7c7,328.0,0.0165,-0.0121,True,club,03_bands_club,2181,2008,2008,False,True,6,0.6651,0.0846
8/8/2p2pk1/2Q1p3/1P2P3/6N1/1Pq2PK1/8 b - - 1 34,68,oSlFawPh,c2a4,-648,2,c2b2,0.0117,0.0102,0.0089,0.0075,c2b2,c2b2,c2b2,c2b2,1345.0,0.0117,-0.0042,True,club,03_bands_club,2181,2008,2008,False,True,1,0.8202,0.4963
1r3qk1/1bR2pbp/p3p1p1/3p4/3Pn3/5NP1/PPQ1PPBP/5RK1 b - - 3 18,36,NeJZKODk,f8d8,-372,7,a6a5,0.0165,0.0154,0.0148,0.0165,f8d6,f8b4,f8b4,f8b4,170.0,0.0165,0.0,True,club,03_bands_club,2138,2125,2125,False,True,1,0.6637,0.0282
q4b2/1RR2pk1/4p1pp/3p4/r1nP4/4PNP1/P1Q2PKP/8 b - - 3 34,68,NeJZKODk,c4e3,-612,1,a4a2,0.0146,0.0127,0.0107,0.0086,c4d6,c4d6,c4d6,c4d6,263.0,0.0146,-0.006,True,club,03_bands_club,2138,2125,2125,False,True,1,0.6924,0.0336
r4rk1/p4pp1/7p/2qB4/8/2n2Q1P/R1P2PP1/3R2K1 b - - 0 24,48,8T6hEcEm,a8e8,325,111,c3a2,0.0045,0.0028,0.0021,0.0023,c3d1,c3d1,c3d1,c3a2,329.0,0.0045,-0.0022,True,club,03_bands_club,2126,2019,2019,False,True,0,0.522,0.182
rr6/3nbRpk/3p4/4p2P/4q3/Pp2B3/1P1Q4/K1N5 b - - 3 28,56,sS6iZeQ7,a8a3,799,183,a8a3,0.0414,0.0439,0.041,0.041,b8e8,b8e8,b8e8,b8e8,390.0,0.0439,-0.0004,True,club,03_bands_club,2298,2222,2222,True,False,4,0.8788,0.4264
r2qk2r/1bpn1pb1/pp1pp1p1/7p/3P4/2PBPNP1/PP1NQPP1/3RR1K1 b kq - 1 14,28,UL9eF1zz,e8g8,19,5,h5h4,0.0143,0.0066,0.0061,0.0238,h5h4,h5h4,g6g5,h5h4,182.0,0.0238,0.0095,True,club,03_bands_club,2104,2065,2065,False,True,3,0.6558,0.0032
7r/1bp1k1b1/p2ppn1q/3P4/2P1p1p1/6P1/P1B2PQ1/3RRNK1 b - - 0 30,60,UL9eF1zz,f6h7,-114,21,e6d5,0.0033,0.004,0.0049,0.0057,e6d5,e6d5,e6d5,e6e5,107.0,0.0057,0.0024,True,club,03_bands_club,2104,2065,2065,False,True,2,0.5369,0.0682
7r/1bp1k3/p6q/3Rp3/6p1/6P1/P1B2PQ1/5NK1 b - - 0 34,68,UL9eF1zz,h6h1,-333,92,b7d5,0.0211,0.0287,0.0354,0.0328,b7d5,b7d5,b7d5,b7d5,142.0,0.0354,0.0117,True,club,03_bands_club,2104,2065,2065,False,True,7,0.5837,0.2278
1rbq1rk1/8/2n1pbP1/1pn3NQ/p1p1NP2/2Pp4/PP1P4/RBB3RK b - - 1 24,48,Wc7RHEvl,f8f7,-1033,248,b8b7,0.0211,0.0184,0.0141,0.0087,f6g5,f6g5,d8e7,d8e7,961.0,0.0211,-0.0124,True,club,03_bands_club,2069,2027,2027,False,True,6,0.6373,0.231
1rr3k1/p2b1pp1/1q2p2p/4Q3/1b6/3pP2N/P2P2PP/R1B1K2R b KQ - 1 22,44,BYa3bz8h,f7f5,512,21,b4e7,0.0007,0.0003,0.0002,0.0002,c8c5,c8c5,c8c5,c8c5,106.0,0.0007,-0.0005,True,club,03_bands_club,2035,2077,2077,False,True,4,0.848,0.2494
1r4k1/p4p2/7p/1q4r1/5Q2/3pP2P/P2P3P/R1B1K3 b - - 4 30,60,BYa3bz8h,b8b6,717,24,b8b6,0.0019,0.0021,0.0032,0.0058,g5g1,g5g1,g5g1,g5g1,158.0,0.0058,0.0039,True,club,03_bands_club,2035,2077,2077,True,False,4,0.8874,0.4213
6k1/p4p2/1r5p/3q2r1/P3PQ2/3p3P/3P3P/R1B1K3 b - - 0 32,64,BYa3bz8h,b6e6,1991,1089,d5d4,0.0248,0.0252,0.0274,0.0276,g5g1,g5g1,g5g1,g5g1,1063.0,0.0276,0.0028,True,club,03_bands_club,2035,2077,2077,False,True,4,0.9087,0.526
r1q2rk1/2p1b1pn/p1N1P1np/1p3p2/4pB2/7P/PPB2PPK/R2QRN2 b - - 5 20,40,JDwomDgU,e7f6,-400,23,c8e6,0.005,0.0043,0.0041,0.0034,c8e6,c8e6,g6f4,c8e6,229.0,0.005,-0.0016,True,club,03_bands_club,2103,2105,2105,False,True,7,0.6871,0.1033
4r1k1/2R2p1p/1p4p1/3q4/2Q5/4P1P1/1P3P1P/6K1 b - - 1 24,48,u6pv82Vv,d5f5,-160,52,d5f3,0.0278,0.0314,0.0337,0.0386,d5d1,d5d1,d5d1,d5d1,101.0,0.0386,0.0108,True,club,03_bands_club,2174,2048,2048,False,True,5,0.5555,0.2731
5rk1/pp3ppp/2b1p3/8/2N2n2/1PR1KP2/P2r2PP/3B3R b - - 8 24,48,7mCeZayN,d2d1,0,126,d2d1,0.032,0.024,0.0168,0.0127,d2a2,d2a2,d2a2,d2a2,117.0,0.032,-0.0193,True,club,03_bands_club,2061,2040,2040,True,False,0,0.5168,0.146
r3k2r/1pqbbp2/p3p3/1P1p3p/P2N1Pp1/2P5/2QN3P/R4RK1 b kq - 0 20,40,gIA1FK8w,a8c8,350,11,a6b5,0.0144,0.017,0.0278,0.0446,a6b5,e7c5,e7c5,e7c5,107.0,0.0446,0.0302,True,club,03_bands_club,2036,2100,2100,False,True,4,0.7369,0.1093
2b3k1/5rp1/p2r3p/1p1pp2q/1P2p3/1NP1B2P/1P2QPPK/3RR3 b - - 11 30,60,6wWmvpKB,f7f3,296,440,h5g6,0.0084,0.0073,0.0057,0.0049,h5g6,h5g6,h5g6,h5g6,599.0,0.0084,-0.0035,True,club,03_bands_club,2111,2102,2102,False,True,7,0.7212,0.274
1r1r1bk1/5p1p/1q4p1/p1p1PP2/Pn1pB3/7P/1P1B1QP1/3R1R1K b - - 0 30,60,HBqDaEuS,b6c7,-326,26,c5c4,0.0219,0.0276,0.0302,0.0308,d4d3,b4d5,b4d5,b4d5,242.0,0.0308,0.0089,True,club,03_bands_club,2137,2096,2096,False,True,6,0.7453,0.1662
r4rk1/ppqnppbp/2p2np1/3p1b2/2P5/1P1P1NP1/PB1NPPBP/2RQ1RK1 b - - 4 10,20,Ip7L2BB9,f5g4,-83,4,d5c4,0.0098,0.0099,0.0087,0.004,d5c4,d5c4,d5c4,e7e5,218.0,0.0099,-0.0058,True,club,03_bands_club,2130,2053,2053,False,True,3,0.7474,0.1409
3r2k1/q4pb1/2p1p1p1/2Nr1n1p/3P1B1P/pPP2QP1/P4P2/R3R1K1 b - - 0 28,56,TPMiI0zU,g7d4,-38,20,a7b6,0.036,0.0296,0.0255,0.0209,a7a5,a7a5,g7f8,g7f8,175.0,0.036,-0.0151,True,club,03_bands_club,2007,2016,2016,False,True,2,0.5941,0.0435
6k1/5pp1/R4n2/b2r2N1/5P2/2p5/2P3PP/4BK2 b - - 2 34,68,NquMvyrA,f6e8,-267,16,g7g6,0.0078,0.0094,0.0122,0.018,d5d1,g7g6,g7g6,g7g6,241.0,0.018,0.0102,True,club,03_bands_club,2210,2285,2285,False,True,5,0.6676,0.1775
8/pbp2k2/1p1p2r1/8/2P2B2/1P2PP2/P4K2/7R b - - 1 30,60,taSdBojc,f7e8,-133,14,f7g7,0.0059,0.0071,0.0059,0.0042,f7e6,f7e6,f7e6,f7e6,361.0,0.0071,-0.0017,True,club,03_bands_club,2035,2057,2057,False,True,5,0.5537,0.2026
r3r1kb/4pp1p/p4npB/1p1bR1N1/1P3QPP/3B4/q1P2P2/4R1K1 b - - 0 26,52,gdHxPYiS,f6g4,80,54,h8g7,0.0353,0.0248,0.0149,0.0082,e7e6,e7e6,e7e6,e7e6,340.0,0.0353,-0.0271,True,club,03_bands_club,2055,2051,2051,False,True,2,0.5881,0.0455
r3r1n1/4ppk1/p5pp/1p1bR1PP/1P3Q2/3B3N/q1P2P2/4R1K1 b - - 0 30,60,gdHxPYiS,a8d8,-423,25,g6h5,0.0455,0.0406,0.0341,0.0343,h6g5,h6g5,h6g5,d5e6,227.0,0.0455,-0.0112,True,club,03_bands_club,2055,2051,2051,False,True,6,0.7861,0.2308
7r/pp3pk1/1q2bnp1/5pQ1/5P2/2N4P/PP1R2P1/5R1K b - - 3 30,60,JzafXp3I,f6g4,389,389,b6c6,0.0334,0.0373,0.043,0.0447,h8h5,h8h5,h8h5,b6e3,417.0,0.0447,0.0113,True,club,03_bands_club,2208,2310,2310,False,True,0,0.5343,0.131
2r2rk1/3bppbp/pqnp2p1/1p2N3/2P2P2/2P1N1nP/PP3QB1/R1B2RK1 b - - 1 18,36,TbYdBSKL,d6e5,328,2,d6e5,0.0363,0.0294,0.0323,0.0427,g3f1,g3f1,g3f1,g3f1,204.0,0.0427,0.0064,True,club,03_bands_club,2128,2078,2078,True,False,0,0.5543,0.0113
r1b2rk1/p1q2ppp/3b1n2/1pp1N1Q1/3B4/1B6/PPP3PP/RN3RK1 b - - 1 16,32,hLSNDtw8,h7h6,257,313,c5d4,0.0172,0.0088,0.0041,0.0017,c5d4,c5d4,c5d4,c5d4,414.0,0.0172,-0.0155,True,club,03_bands_club,2047,2030,2030,False,True,7,0.6623,0.1536
r3kb1r/1pq2ppp/p1n1bn2/P2pp3/4P3/N1B2P2/1Q4PP/R3KBNR b KQkq - 3 16,32,0WkOuwhF,f8c5,559,43,f8c5,0.0403,0.0306,0.0255,0.0464,d5d4,d5d4,d5d4,d5d4,150.0,0.0464,0.0061,True,club,03_bands_club,2225,2310,2310,True,False,4,0.8676,0.379
2k1r2r/pp1n2p1/4pp2/P1pp4/3P2q1/2P1PN2/1Q1NKR1b/1R6 b - - 2 26,52,NyHt8d3p,c8d8,156,41,b7b6,0.0149,0.0054,0.0017,0.0006,h2c7,h2c7,h2c7,h2c7,258.0,0.0149,-0.0143,True,club,03_bands_club,2067,2063,2063,False,True,0,0.5949,0.1095
2k1r2r/3n2p1/1p2pp2/1Qpp4/3P2q1/2P1PN2/3NKR1b/1R6 b - - 1 28,56,NyHt8d3p,e6e5,239,32,c5c4,0.0425,0.0249,0.0182,0.0193,h2g3,h2g3,h2c7,h2c7,346.0,0.0425,-0.0232,True,club,03_bands_club,2067,2063,2063,False,True,0,0.6165,0.1421
4r1k1/1p1npp2/3p2p1/1qnP2Pp/p2Q1P1P/P7/1PP1R3/2K1R3 b - - 0 26,52,wOkFWvF5,d7f8,247,4,d7b6,0.0085,0.0087,0.0103,0.0191,e7e6,g8f8,g8f8,g8f8,2246.0,0.0191,0.0106,True,club,03_bands_club,2238,2251,2251,False,True,0,0.5448,0.1239
6k1/1p2Rp2/1n1p2p1/1qnP2Pp/p2Q1P1P/P7/1PP5/2K5 b - - 0 28,56,wOkFWvF5,b6d5,334,164,b5f1,0.0015,0.0005,0.0003,0.0003,b5f1,b5f1,b5f1,b5f1,126.0,0.0015,-0.0012,True,club,03_bands_club,2238,2251,2251,False,True,0,0.4486,0.0873
5k2/1p3p2/1n1p2p1/2nP2Pp/p2Q1P1P/P7/1PPKR3/5q2 b - - 4 30,60,wOkFWvF5,f1e2,-524,155,f1e2,0.0045,0.0036,0.0033,0.0028,f1h3,f1h3,f1f3,f8g8,1474.0,0.0045,-0.0017,True,club,03_bands_club,2238,2251,2251,True,False,6,0.404,0.0392
1r1k2r1/1p6/pN1p2q1/P1pPp2p/2P1Rp1b/5P1P/1P5Q/R4K2 b - - 2 32,64,1A3tnriw,g6f5,339,23,g6g3,0.0178,0.0174,0.0199,0.0313,h4g3,h4g3,h4g3,h4g3,134.0,0.0313,0.0135,True,club,03_bands_club,2086,2173,2173,False,True,0,0.5419,0.017
1n6/4kppp/p3p3/4n3/P3N3/8/5PPP/2B3K1 b - - 0 26,52,2HK8BJvt,e5c4,253,87,e5d3,0.0354,0.0313,0.0281,0.0269,b8c6,b8c6,b8c6,b8c6,186.0,0.0354,-0.0085,True,club,03_bands_club,2202,2274,2274,False,True,0,0.441,0.1129
r6k/pp2n1pp/5q1r/3b1p2/2N1pP2/1B2NRP1/PP5P/R2Q2K1 b - - 0 22,44,egF5wtgg,d5c4,187,415,e4f3,0.0227,0.0212,0.0245,0.03,e4f3,e4f3,e4f3,e4f3,412.0,0.03,0.0073,True,club,03_bands_club,2147,2114,2114,False,True,7,0.5826,0.149
3r3k/pp4pp/7r/5p2/2Nq1P2/1B3QP1/PP5P/R6K b - - 2 26,52,egF5wtgg,h6e6,-456,15,b7b5,0.0393,0.0388,0.0319,0.0249,b7b5,b7b5,b7b5,b7b5,128.0,0.0393,-0.0144,True,club,03_bands_club,2147,2114,2114,False,True,7,0.5989,0.1118
3r2k1/pp3p1p/6n1/2pP3N/8/8/PP4P1/2K4R b - - 0 26,52,lLVtBWMu,g6e5,112,8,h7h6,0.0208,0.021,0.025,0.0275,d8d5,d8d5,d8d5,d8d5,640.0,0.0275,0.0067,True,club,03_bands_club,2061,2082,2082,False,True,0,0.5257,0.0333
r1b5/ppqp2p1/3Bp1k1/4nr2/2P1Np1Q/P1R5/1P3PPP/5RK1 b - - 5 20,40,O12YPdAA,c7c4,-603,54,c7c6,0.0209,0.0127,0.0096,0.009,c7c6,c7c6,c7c6,c7c6,112.0,0.0209,-0.0119,True,club,03_bands_club,2026,2029,2029,False,True,1,0.8131,0.1188
r1b5/pp1p1np1/2q1p1k1/5r2/2P1NB1Q/P1R5/1P3PPP/4R1K1 b - - 0 22,44,O12YPdAA,c6e4,-894,41,f5h5,0.0066,0.0045,0.0035,0.0029,f5h5,f5h5,f5h5,f5h5,1095.0,0.0066,-0.0037,True,club,03_bands_club,2026,2029,2029,False,True,1,0.8768,0.2534
2r1r1k1/b4pp1/B3p1p1/p2p4/3P3P/BRn3P1/P4P2/4R1K1 b - - 3 30,60,0rUok99i,a5a4,221,106,c8c6,0.0047,0.0029,0.0019,0.0015,c8c7,c8c7,c8c7,c8c7,110.0,0.0047,-0.0032,True,club,03_bands_club,2334,2224,2224,False,True,0,0.5363,0.1296
r3n1k1/2p3p1/2p2pp1/2Pp2P1/1Pb4P/2P5/3B1R2/4N1K1 b - - 2 28,56,LdL7YIf7,d5d4,0,0,a8a1,0.0018,0.001,0.0006,0.0005,f6f5,f6f5,f6f5,f6f5,141.0,0.0018,-0.0013,True,club,03_bands_club,2054,2053,2053,False,True,5,0.4498,0.0411
4n1k1/2p1r1p1/2p2pp1/1bPp2P1/1P1N3P/2P3K1/3B1R2/8 b - - 14 34,68,LdL7YIf7,g8f8,-32,6,e7e5,0.002,0.0016,0.0013,0.0016,f6g5,f6f5,f6f5,f6f5,166.0,0.002,-0.0004,True,club,03_bands_club,2054,2053,2053,False,True,5,0.4706,0.1097
r3k2r/pp2q1b1/2n2np1/2pbp1Np/P3N2P/2PP1P2/1P2B3/R1BQK2R b KQkq - 2 16,32,iB1gL2t6,b7b6,30,20,e8c8,0.0292,0.0289,0.0266,0.023,e8c8,e8c8,e8c8,e8c8,108.0,0.0292,-0.0062,True,club,03_bands_club,2056,2033,2033,False,True,2,0.6713,0.0885
2kn1r1r/ppp1qN2/3p4/2b1p2n/2N1P1QP/2PP2P1/PP4P1/2KR1R2 b - - 2 18,36,U40VXCPd,e7e6,-78,123,c8b8,0.0382,0.0335,0.0338,0.0393,d8e6,d8e6,d8e6,d8e6,220.0,0.0393,0.0011,True,club,03_bands_club,2010,2060,2060,False,True,6,0.6314,0.1584
3q3r/k1p2R1P/pb1pn1n1/1p2pRP1/4P3/2PP2Q1/PP1N2P1/3K4 b - - 2 34,68,U40VXCPd,d8e8,-113,78,d8e8,0.0319,0.0284,0.0284,0.0374,e6f4,e6f4,e6f4,e6f4,198.0,0.0374,0.0055,True,club,03_bands_club,2010,2060,2060,True,False,6,0.5737,0.1505
1rb2rk1/q5pp/pnpb4/2p1pP2/2Pp3N/BP1P3P/PN1Q1PP1/R4RK1 b - - 0 18,36,zqcWYIYn,a7e7,96,119,c8f5,0.022,0.017,0.0214,0.0406,c8f5,c8f5,c8f5,c8f5,124.0,0.0406,0.0186,True,club,03_bands_club,2005,2033,2033,False,True,2,0.6843,0.1983
r1bqrbk1/pp3ppp/2ppnn2/4p3/1PP1N3/P1NQP1P1/3P1PBP/R1B1K2R b KQ - 0 12,24,qZRnTfnD,f6d7,93,10,g7g6,0.0054,0.0057,0.0058,0.0073,d6d5,f6e4,f6e4,d6d5,112.0,0.0073,0.0019,True,club,03_bands_club,2089,2105,2105,False,True,2,0.6646,0.0669
rn2R2N/p5kp/2p5/1p1q1pb1/2pP4/8/PP3PPP/R2Q2K1 b - - 2 18,36,qxF2zoL1,b8d7,-650,44,c6c5,0.0116,0.0081,0.0063,0.0041,c6c5,g5f6,g5f6,g5f6,103.0,0.0116,-0.0075,True,club,03_bands_club,2049,2051,2051,False,True,6,0.6483,0.0195
2b5/1p3Nnk/2p1pR1p/r5p1/p2Pp1P1/P1P1P1qP/1P6/1KQ5 b - - 4 26,52,PPRxsfTh,g7f5,183,84,g3h3,0.0199,0.0239,0.032,0.0413,g3h3,g3h3,g3h3,g3h3,266.0,0.0413,0.0214,True,club,03_bands_club,2135,2178,2178,False,True,6,0.5311,0.0595
1r3q1k/7n/p5Q1/1pp5/3bP1P1/7P/P3RP2/3R2K1 b - - 0 34,68,AfPUZYEj,f8f4,260,190,f8f4,0.0253,0.0258,0.0269,0.0309,f8f3,f8f3,f8f3,f8f3,228.0,0.0309,0.0056,True,club,03_bands_club,2052,2147,2147,True,False,0,0.5441,0.1399
4r2r/6p1/4ppkn/1R5p/1bpPP3/P1Nn1NBP/3K1PP1/R7 b - - 0 28,56,CG1pAwvC,e8a8,-192,120,e8a8,0.0256,0.0259,0.0322,0.0477,b4c3,b4c3,b4c3,b4c3,141.0,0.0477,0.0221,True,club,03_bands_club,2070,2028,2028,True,False,6,0.6429,0.0467
r2r2k1/ppq1pp1p/n1P3p1/3P1b2/2Q2P2/2P2N2/P5PP/R2K1B1R b - - 2 16,32,cnAQHeLu,d8d5,418,38,e7e6,0.0068,0.005,0.005,0.0062,b7c6,b7c6,b7c6,b7c6,258.0,0.0068,-0.0006,True,club,03_bands_club,2030,2040,2040,False,True,0,0.6605,0.1096
r6k/p1n3b1/1pp2q2/5r2/QPP2p2/P5P1/6P1/3RRBK1 b - - 0 32,64,SnYUq4nc,f6d4,1996,1102,f4g3,0.0045,0.003,0.0024,0.0036,f4g3,f4g3,f4g3,f4g3,989.0,0.0045,-0.0009,True,club,03_bands_club,2011,2118,2118,False,True,4,0.8897,0.4105
r1b1r1k1/ppqn1pb1/2pp3p/4N1pn/3P4/1QP1P1B1/PP1NBPPP/2R2RK1 b - - 0 14,28,FtKUbsgw,d7f6,-119,134,h5g3,0.0045,0.0021,0.001,0.0005,h5g3,h5g3,h5g3,h5g3,686.0,0.0045,-0.004,True,club,03_bands_club,2035,2069,2069,False,True,6,0.584,0.0424
r7/1p2qk2/2p3p1/p3Bp1n/2PP1N2/1P3Q2/PK3P2/8 b - - 1 26,52,kxN2VztW,e7g5,205,72,h5f4,0.0258,0.024,0.0208,0.0185,h5f4,h5f4,h5f4,h5f4,126.0,0.0258,-0.0073,True,club,03_bands_club,2070,2010,2010,False,True,0,0.4622,0.0884
8/1p3rk1/p6p/P2pR3/2bP4/2N4P/1P4P1/6K1 b - - 2 32,64,bAmPpDFC,f7f4,-184,2,f7d7,0.0495,0.0477,0.0448,0.0432,f7f1,f7f1,f7d7,f7d7,122.0,0.0495,-0.0063,True,club,03_bands_club,2258,2277,2277,False,True,5,0.6377,0.2703
1r3rk1/1ppq1ppp/p1np1b2/4p3/2P3b1/1P3NP1/PBQPPPBP/R3R1K1 b - - 1 12,24,NtLRD964,e5e4,222,184,c6b4,0.0113,0.0125,0.013,0.0141,f8e8,g4h3,g4h3,f8e8,205.0,0.0141,0.0028,True,club,03_bands_club,2181,2145,2145,False,True,2,0.6247,0.0298
4r1k1/2p1rp2/5b2/1p1P2Pp/1P1p2q1/P2P1NP1/1QR2PK1/2R5 b - - 0 28,56,NtLRD964,h5h4,-148,147,f6g5,0.0183,0.0132,0.0115,0.0148,f6g5,f6g5,f6g5,f6g5,131.0,0.0183,-0.0035,True,club,03_bands_club,2181,2145,2145,False,True,6,0.561,0.0513
r1b1rb1k/2q2ppB/2p4p/ppn1p1N1/7P/2P1P1B1/PPQ2PP1/2KR3R b - - 4 18,36,lxPd8gAD,e8e7,-2,85,a5a4,0.0079,0.0077,0.0076,0.0073,g7g6,g7g6,b5b4,b5b4,380.0,0.0079,-0.0006,True,club,03_bands_club,2018,2024,2024,False,True,2,0.6368,0.1019
r1bq1rk1/ppp2pp1/1bnp1n1p/8/1PBPP3/P4N1P/1B3PP1/RN1QR1K1 b - - 1 12,24,wNpjKC4g,f6e4,-68,23,f8e8,0.0083,0.0036,0.0025,0.0043,f8e8,f8e8,a7a6,f8e8,137.0,0.0083,-0.004,True,club,03_bands_club,2075,2116,2116,False,True,3,0.775,0.1655
4r1k1/1p2q1p1/p3bp1p/2Ppn3/1P1Q4/P6P/1BB2PP1/4R1K1 b - - 3 28,56,wNpjKC4g,e7d7,-64,35,e7f7,0.019,0.0212,0.0221,0.0211,e5c6,e5c6,e5c6,e6h3,207.0,0.0221,0.0021,True,club,03_bands_club,2075,2116,2116,False,True,5,0.5281,0.0005
3r4/p1N2k2/2n3pp/1p3p2/1P6/1PP3P1/2K4P/4R3 b - - 2 34,68,8EqMiShh,c6b4,39,161,c6b4,0.0012,0.0008,0.0006,0.0005,a7a6,d8d7,d8d7,d8d7,236.0,0.0012,-0.0007,True,club,03_bands_club,2230,2236,2236,True,False,5,0.5769,0.1925
4r1k1/pp2qp2/6pQ/3P4/2P4P/2PnP1P1/P7/R5K1 b - - 0 28,56,j0ElVzPn,e7c5,661,154,e7e3,0.0116,0.0098,0.0085,0.0094,e7e3,e7e3,e7e3,e7e3,275.0,0.0116,-0.0022,True,club,03_bands_club,2286,2283,2283,False,True,4,0.8706,0.3735
2kr3r/ppp2ppp/5n2/q2Pp3/1bPn4/2N2B2/PP1B1PPP/R2Q1RK1 b - - 4 12,24,KzzPArkG,a5a6,-27,34,h8e8,0.0039,0.0039,0.005,0.0066,h8e8,h8e8,h8e8,h8e8,108.0,0.0066,0.0027,True,club,03_bands_club,2142,2119,2119,False,True,3,0.6429,0.0388
2krr3/ppp2ppp/5n2/2qPp3/1bPn4/1PN2B2/P2B1PPP/R2QR1K1 b - - 0 14,28,KzzPArkG,c8b8,42,25,c7c6,0.0064,0.0102,0.0137,0.0229,e5e4,e5e4,e5e4,e5e4,221.0,0.0229,0.0165,True,club,03_bands_club,2142,2119,2119,False,True,2,0.638,0.063
r2q1rk1/pp4pp/3bb3/4n3/Q1P1B3/2Pp3P/PP1N1PP1/R1B1K2R b KQ - 0 16,32,OrDpuQtb,f8f2,464,188,d8f6,0.004,0.0057,0.0084,0.0102,d8f6,d8f6,d8f6,d8f6,373.0,0.0102,0.0062,True,club,03_bands_club,2060,2042,2042,False,True,0,0.603,0.1107
r1b2r2/1p3pk1/p3p1pn/2qpP2P/5P1Q/2NB1R1P/PPP5/R6K b - - 0 22,44,BUht9PsD,f7f5,-554,32,f7f5,0.0185,0.0133,0.0106,0.0108,h6f5,h6f5,h6f5,h6f5,144.0,0.0185,-0.0077,True,club,03_bands_club,2042,2005,2005,True,False,6,0.7958,0.1242
6k1/1R4p1/1pp5/3bBn1p/r2P4/P2N1P1P/1P4P1/6K1 b - - 0 30,60,o7J80gfW,a4c4,-285,143,b6b5,0.0476,0.033,0.0264,0.0281,b6b5,b6b5,b6b5,b6b5,144.0,0.0476,-0.0195,True,club,03_bands_club,2067,2037,2037,False,True,5,0.629,0.0258
r2qk2r/p1p2p2/1pbp3p/3N2p1/2P1P3/3B2BP/Pb3PP1/R2Q1RK1 b kq - 1 14,28,voHHg5Bs,c6d5,-472,55,b2a1,0.024,0.0211,0.019,0.0142,b2a1,b2a1,b2a1,b2a1,106.0,0.024,-0.0098,True,club,03_bands_club,2354,2320,2320,False,True,1,0.7022,0.1341
r3r1k1/2pb1p2/2nb1q1p/p3p1p1/1p2P3/2P2NBP/PPQ1BPP1/3R1RK1 b - - 1 18,36,nhEwaXvc,e8b8,-22,8,a8d8,0.008,0.0095,0.0127,0.0166,b4c3,b4c3,b4c3,d7e6,180.0,0.0166,0.0086,True,club,03_bands_club,2133,2089,2089,False,True,2,0.7358,0.1342
3rr3/2pb1pk1/2nb2q1/p3p1pp/1pB1P3/2P2PBP/PPQR2PN/5RK1 b - - 1 22,44,nhEwaXvc,g6f6,21,3,d7e6,0.0049,0.0039,0.0033,0.0031,h5h4,h5h4,h5h4,h5h4,122.0,0.0049,-0.0018,True,club,03_bands_club,2133,2089,2089,False,True,2,0.681,0.1845
2kr2nr/p1p5/Pp2qp2/2nNp3/4P2p/1PP4P/2Q1BRP1/R5K1 b - - 0 22,44,3QebND49,e6e8,-327,3,c8b8,0.0003,0.0002,0.0002,0.0002,g8e7,g8e7,g8e7,g8e7,118.0,0.0003,-0.0001,True,club,03_bands_club,2019,2010,2010,False,True,6,0.7324,0.1803
2b5/3pN1bk/5rp1/1P5p/4P2P/5pNP/P2q1Q2/R5K1 b - - 3 28,56,JM5f6prw,d2d3,376,82,d2c3,0.0265,0.02,0.0171,0.0169,d2f2,d2f2,d2f2,d2f2,394.0,0.0265,-0.0096,True,club,03_bands_club,2024,2012,2012,False,True,0,0.6054,0.2524
5rk1/p4ppp/P1N5/2bp3b/1P6/2P4P/5PP1/2R2K2 b - - 0 28,56,exoAx7R7,f8c8,376,168,c5b6,0.0337,0.0156,0.0065,0.0041,c5b6,c5b6,c5b6,c5b6,284.0,0.0337,-0.0296,True,club,03_bands_club,2127,2086,2086,False,True,5,0.4154,0.0275
rn1qkb1r/p4ppp/2p1pn2/1p3b2/P1pP4/5NP1/1P1NPPBP/R1BQ1RK1 b kq - 0 8,16,pkMmjhKd,a7a5,-122,63,f6e4,0.019,0.0158,0.0136,0.01,f8b4,f8b4,b8d7,b8d7,152.0,0.019,-0.009,True,club,03_bands_club,2269,2200,2200,False,True,3,0.7155,0.3027
r2q1r1k/pb2b1pp/1pn1B1n1/2Pp4/8/4BN1P/PP3PP1/RN1Q1RK1 b - - 0 14,28,50cI3x3S,e7f6,133,26,f8f3,0.0066,0.006,0.0057,0.0073,b6c5,e7c5,e7c5,e7c5,184.0,0.0073,0.0007,True,club,03_bands_club,2083,2083,2083,False,True,2,0.5829,0.0502
r6k/pb4pp/1pn1Bqn1/2b5/3p1PQ1/7P/PP1B1P2/RN3RK1 b - - 2 18,36,50cI3x3S,c6e5,593,287,c6e7,0.0358,0.0313,0.0283,0.025,a8e8,a8e8,a8f8,a8f8,425.0,0.0358,-0.0108,True,club,03_bands_club,2083,2083,2083,False,True,0,0.6409,0.1844
2rqk1r1/3bb3/1p2p3/pN1p1p2/3B1Np1/2PB1nP1/2Q4P/1R3R1K b - - 2 24,48,LKZnKCbS,e8f7,-296,15,e7f6,0.0127,0.0162,0.0244,0.039,f3d4,f3d4,f3d4,f3d4,210.0,0.039,0.0263,True,club,03_bands_club,2000,2039,2039,False,True,7,0.6551,0.1267
r4rk1/1p1bnp1p/1q2p1p1/pP1pP3/3P3Q/P1NBbN2/6PP/R4R1K b - - 1 18,36,hWqPOlEN,b6c7,-208,54,b6d8,0.0365,0.036,0.0232,0.0127,e7f5,e7f5,e7f5,e7f5,217.0,0.0365,-0.0238,True,club,03_bands_club,2303,2217,2217,False,True,2,0.5833,0.0281
8/8/4RNkp/pP2Ppp1/r7/7P/6P1/7K b - - 0 34,68,hWqPOlEN,f5f4,-435,32,a4b4,0.0498,0.0436,0.0401,0.0422,a4b4,a4b4,a4b4,a4b4,255.0,0.0498,-0.0076,True,club,03_bands_club,2303,2217,2217,False,True,1,0.8225,0.3989
1r5r/1q2kp2/4p2b/p1ppPp2/2p2P1P/N1P5/PP1Q2R1/1K4R1 b - - 1 28,56,juzfBsw2,h8d8,210,58,a5a4,0.0347,0.03,0.027,0.0265,a5a4,a5a4,a5a4,a5a4,173.0,0.0347,-0.0082,True,club,03_bands_club,2119,2060,2060,False,True,0,0.5561,0.0943
2r3k1/pb2q1r1/1p1nN2Q/3pR3/8/3B4/P4PPP/6K1 b - - 10 32,64,0xvCaXeS,c8c3,131,37,d6e4,0.0431,0.0357,0.036,0.0404,d6f7,d6f7,d6f7,d6f7,2130.0,0.0431,-0.0027,True,club,03_bands_club,2169,2071,2071,False,True,6,0.5783,0.1919
r2r4/1R3pkp/8/2N1n3/p5P1/3p1P2/P4KP1/3R4 b - - 1 26,52,XlOD3jpi,g7g6,0,0,g7g8,0.0326,0.0244,0.0147,0.0106,d3d2,d3d2,d3d2,a8a5,486.0,0.0326,-0.022,True,club,03_bands_club,2148,2015,2015,False,True,5,0.4783,0.0473
6k1/1b3pp1/1p1q3p/pPr5/P2Np1Q1/4P2P/5PP1/3R2K1 b - - 1 30,60,HKzwmHe6,h6h5,-23,9,b7c8,0.0281,0.0156,0.0111,0.0138,c5g5,c5g5,c5g5,c5g5,135.0,0.0281,-0.0143,True,club,03_bands_club,2027,2047,2047,False,True,5,0.5879,0.1182
6k1/1b1n3p/2qPp1p1/2p2r2/P2p4/R4PB1/1P5P/3QR1K1 b - - 0 28,56,yLWv9Abb,c5c4,0,0,e6e5,0.0156,0.0123,0.0121,0.013,f5f3,f5f3,f5f3,f5f3,465.0,0.0156,-0.0026,True,club,03_bands_club,2143,2168,2168,False,True,0,0.5473,0.0403
r2qkbnr/5ppp/p1pp2b1/8/3NP1P1/7P/PP3P2/RNBQ1RK1 b kq - 0 12,24,09lgB3XE,h7h5,-103,12,d8b6,0.0023,0.0018,0.0015,0.0023,g6e4,g6e4,g6e4,g6e4,326.0,0.0023,0.0,True,club,03_bands_club,2066,2064,2064,False,True,3,0.5992,0.0326
1rb2rk1/4ppbp/3p1np1/q7/p2PP1P1/3BB2P/PP1N1P2/R2Q1K1R b - - 4 16,32,HV0jd6Wx,h7h5,29,2,c8a6,0.0053,0.0036,0.0021,0.0023,b8b2,b8b2,b8b2,b8b2,315.0,0.0053,-0.003,True,club,03_bands_club,2114,2052,2052,False,True,2,0.6497,0.1034
1r3rk1/4ppbp/3p1np1/q7/p2PP1P1/3QB2P/PP1N1P2/R4K1R b - - 0 18,36,HV0jd6Wx,f6e8,-24,2,h7h5,0.0006,0.0005,0.0003,0.0002,b8b2,b8b2,b8b2,b8b2,277.0,0.0006,-0.0004,True,club,03_bands_club,2114,2052,2052,False,True,2,0.5664,0.0453
1r3rk1/3nppb1/3p2p1/q5Pp/p2PP2P/3QB3/PP1N1P2/R4K1R b - - 0 20,40,HV0jd6Wx,d6d5,94,21,d6d5,0.0081,0.0049,0.003,0.0022,b8b2,b8b2,b8b2,b8b2,423.0,0.0081,-0.0059,True,club,03_bands_club,2114,2052,2052,True,False,2,0.5848,0.0063
1r4k1/p2q1ppp/Q7/2PB4/P7/6P1/1P2PP1P/R2R2K1 b - - 0 22,44,ClNXsxLP,h7h5,-946,8,d7f5,0.0073,0.0089,0.0114,0.0165,b8b2,b8b2,b8b2,b8b2,1048.0,0.0165,0.0092,True,club,03_bands_club,2145,2085,2085,False,True,1,0.8488,0.4363
4bk2/1p1r2p1/3Pr2p/1RP2p2/4p2P/2K1B1P1/5P2/2R5 b - - 0 34,68,m0q9mn9j,d7d6,-127,20,d7f7,0.0045,0.0035,0.0033,0.0036,f8f7,f8f7,f8f7,f8f7,355.0,0.0045,-0.0009,True,club,03_bands_club,2179,2129,2129,False,True,5,0.5179,0.0742
r1bq1rk1/4bppp/2n2n2/pp1p4/2pP4/P1P1BN1P/1PQNBPP1/R4RK1 b - - 1 12,24,Ncl97fOU,e7d6,63,8,g7g6,0.0363,0.0356,0.0284,0.0242,b5b4,b5b4,b5b4,b5b4,234.0,0.0363,-0.0121,True,club,03_bands_club,2009,2041,2041,False,True,2,0.6867,0.0008
r2q1rk1/4bp1p/2n2np1/pp1p1b2/2pP4/PPP1BN1P/3NBPP1/R2Q1RK1 b - - 0 14,28,Ncl97fOU,e7d6,69,5,f6d7,0.0346,0.0391,0.0427,0.0434,b5b4,b5b4,f6e4,f6e4,110.0,0.0434,0.0088,True,club,03_bands_club,2009,2041,2041,False,True,3,0.6893,0.0224
2kr3r/pppq1p2/1nn1b2p/1B2P1p1/5p2/P1BQ4/1PP1N1PP/R4RK1 b - - 4 16,32,J4sGDRXB,d7e7,414,179,d7d3,0.0417,0.0382,0.0389,0.0409,d7d3,d7d3,d7d3,d7d3,180.0,0.0417,-0.0008,True,club,03_bands_club,2013,2091,2091,False,True,0,0.6742,0.1174
2r1kb1r/p2nnpp1/4p2p/q2pP3/1ppP1P1P/4B1N1/PPP1N1P1/1K1Q1R1R b k - 1 16,32,hvCCegoN,c8c6,177,37,e7c6,0.0139,0.013,0.0129,0.0111,b4b3,d7b6,d7b6,d7b6,108.0,0.0139,-0.0028,True,club,03_bands_club,2050,2155,2155,False,True,2,0.623,0.1715
2rr2k1/pBBn1ppp/3P4/3N3q/3Q2b1/6P1/PP5P/R3R1K1 b - - 2 26,52,q6T55cCD,f7f6,-595,6,g8h8,0.0031,0.0016,0.0011,0.0008,c8c7,c8c7,c8c7,c8c7,197.0,0.0031,-0.0023,True,club,03_bands_club,2021,2098,2098,False,True,1,0.9082,0.3413
3r3k/pB1n1ppp/3P4/3N3q/4Q1b1/6P1/PP5P/R3R1K1 b - - 1 28,56,q6T55cCD,f7f6,-492,40,g4e6,0.0135,0.011,0.0091,0.0091,d7c5,d7f6,g4e6,g4e6,101.0,0.0135,-0.0044,True,club,03_bands_club,2021,2098,2098,False,True,1,0.8777,0.3406
3r4/pBR2pkp/3PRp2/6q1/3Q4/6P1/PP5P/6K1 b - - 0 34,68,q6T55cCD,g5g6,-772,44,g5c1,0.0245,0.0234,0.0226,0.0215,g5f5,g5f5,g5f5,g5f5,524.0,0.0245,-0.003,True,club,03_bands_club,2021,2098,2098,False,True,1,0.8572,0.4417
r1b1k2r/1p1pbpp1/pqn1p3/4Pn1p/2B1NB2/5N1P/PP2QPP1/2RR2K1 b kq - 1 14,28,qOkrZ2J5,b6d8,-238,12,b6a7,0.0275,0.0442,0.0435,0.0418,f5d4,f5d4,f5d4,f5d4,299.0,0.0442,0.0143,True,club,03_bands_club,2172,2047,2047,False,True,6,0.6632,0.0634
rnbqnrk1/pp2ppbp/2p3p1/3pP3/3P4/2NBBN2/PPP2PPP/R2QK2R b KQ - 1 8,16,tgHqO1Y6,c6c5,8,82,c8g4,0.0136,0.01,0.0108,0.0221,f7f6,f7f6,c8g4,c8g4,106.0,0.0221,0.0085,True,club,03_bands_club,2032,2060,2060,False,True,3,0.8066,0.2197
rn1qnrk1/pp2ppbp/2p3p1/3pP3/3P4/2NBBP2/PPPQ1P1P/R3K2R b KQ - 0 10,20,tgHqO1Y6,c6c5,58,166,e7e6,0.0184,0.0157,0.0182,0.0282,e7e6,e7e6,e7e6,e7e6,158.0,0.0282,0.0098,True,club,03_bands_club,2032,2060,2060,False,True,3,0.6855,0.0665
2r2rk1/pp1nq1n1/4p1Q1/2ppP3/3P4/2N2P2/PPP2P2/2K3RR b - - 4 20,40,tgHqO1Y6,d7f6,-770,521,e7f7,0.0212,0.0144,0.0071,0.0035,c5d4,c5d4,c5d4,c5d4,1225.0,0.0212,-0.0177,True,club,03_bands_club,2032,2060,2060,False,True,6,0.75,0.1444
r2q1rk1/p2bppbp/2p3p1/2N1P3/2pP1PnN/8/P1PB2PP/R2Q1RK1 b - - 4 16,32,inCIPt1A,d7e6,-175,8,d7c8,0.0442,0.0367,0.0278,0.0193,e7e6,e7e6,e7e6,e7e6,383.0,0.0442,-0.0249,True,club,03_bands_club,2056,2071,2071,False,True,2,0.6115,0.0191
6k1/3r1p1p/pnp2Pp1/1p1p4/5Q1P/1BPq4/P5P1/5RK1 b - - 0 32,64,DzS32kWR,d7d6,-699,50,d3c3,0.0023,0.0016,0.001,0.0006,d3c3,d7d8,d7d8,d7d8,1287.0,0.0023,-0.0017,True,club,03_bands_club,2006,2033,2033,False,True,6,0.5191,0.0919
r1bk2r1/1q1p1p1p/p2Qp2n/1p2P3/4N1P1/5P2/PP2N2P/1KR2B1R b - - 4 22,44,zuhz73ih,b7b8,-652,58,f7f5,0.0305,0.0339,0.0375,0.0493,h6g4,h6g4,h6g4,h6g4,101.0,0.0493,0.0188,True,club,03_bands_club,2077,2063,2063,False,True,1,0.9063,0.3661
3kr3/3p3p/p3pP2/1p2q3/3NP1P1/nP6/PQ4BP/K1R5 b - - 0 34,68,zuhz73ih,e5g5,-671,84,e5d6,0.0015,0.001,0.0007,0.0006,b5b4,b5b4,b5b4,b5b4,1313.0,0.0015,-0.0009,True,club,03_bands_club,2077,2063,2063,False,True,1,0.9048,0.3735
r1bqkb1r/pp3ppp/2n2B2/4p3/4p3/3B1N2/PPP2PPP/RN1QK2R b KQkq - 0 8,16,5CkpfTtQ,d8a5,229,94,d8a5,0.0077,0.0112,0.0225,0.0404,d8f6,d8f6,d8f6,g7f6,113.0,0.0404,0.0327,True,club,03_bands_club,2013,2053,2053,True,False,3,0.4888,0.0157
r3kb1r/pp3ppp/2n5/q4b2/4N2B/2N1p3/PPQ2PPP/R4RK1 b kq - 1 14,28,5CkpfTtQ,f8b4,-25,11,c6d4,0.0363,0.0301,0.0261,0.025,e3f2,e3f2,e3f2,e3f2,200.0,0.0363,-0.0113,True,club,03_bands_club,2013,2053,2053,False,True,2,0.5746,0.0162
r4rk1/pp3ppp/4nB2/1q6/4N3/6Q1/Pb4PP/1R3R1K b - - 5 24,48,5CkpfTtQ,b5c6,161,256,f8d8,0.0094,0.0114,0.0125,0.0124,b2f6,b5e2,b5e2,g8h8,618.0,0.0125,0.003,True,club,03_bands_club,2013,2053,2053,False,True,6,0.5265,0.0081
4r1k1/5pp1/Q6p/1p2q3/8/P7/6PP/5R1K b - - 0 28,56,RO9WYv4O,e5d5,194,83,e5e2,0.0166,0.0181,0.0194,0.0195,e5e1,e5e1,e5e2,e5e2,109.0,0.0195,0.0029,True,club,03_bands_club,2043,2073,2073,False,True,0,0.4641,0.0798
2rq1rk1/p3bppp/bp2p3/3pP3/1n3P2/1P1P1NP1/PB1R2BP/R2Q2K1 b - - 7 18,36,ZOp6NYI1,d5d4,48,65,d8d7,0.03,0.0183,0.0107,0.0056,e7c5,e7c5,e7c5,e7c5,108.0,0.03,-0.0244,True,club,03_bands_club,2162,2014,2014,False,True,2,0.6627,0.153
r1b2r1k/1p2P3/1np2ppp/p7/P4P1P/2Q3P1/4B1K1/R7 b - - 0 32,64,kURrvKOt,c8d7,-523,5,c8h3,0.026,0.0196,0.015,0.0117,f8e8,f8e8,f8e8,f8e8,1471.0,0.026,-0.0143,True,club,03_bands_club,2054,2010,2010,False,True,1,0.7871,0.1045
2b2rk1/3nbppp/2p1pn2/1pPp4/3P4/r1N2NP1/P2BPPBP/1R3RK1 b - - 7 16,32,4gNmILkJ,e6e5,42,12,h7h6,0.0402,0.0306,0.0284,0.0293,f6e4,c8a6,c8a6,c8a6,103.0,0.0402,-0.0109,True,club,03_bands_club,2028,2053,2053,False,True,2,0.6385,0.0591
3r2k1/4qppp/2p2n2/pp6/3N4/PP2P3/1Q1R1PPP/6K1 b - - 2 24,48,akKm6TyM,e7e8,-23,8,e7d7,0.0142,0.0202,0.0215,0.0219,c6c5,c6c5,c6c5,c6c5,496.0,0.0219,0.0077,True,club,03_bands_club,2194,2180,2180,False,True,5,0.518,0.039
2r3k1/3q1ppp/8/ppp5/3Nn3/PP2PP1P/2R3P1/2Q3K1 b - - 0 28,56,akKm6TyM,c8d8,-5,79,e4g3,0.0009,0.0008,0.0009,0.0013,e4g3,e4g3,e4g3,e4f6,319.0,0.0013,0.0004,True,club,03_bands_club,2194,2180,2180,False,True,5,0.5612,0.1029
r1b1k2r/ppp2ppp/2q4n/2b1P2Q/2B5/3p4/PPPP2PP/RNB2R1K b kq - 1 12,24,EQs7jyO3,c5e7,145,14,e8g8,0.0008,0.0004,0.0002,0.0001,e8g8,e8g8,e8g8,e8g8,148.0,0.0008,-0.0007,True,club,03_bands_club,2111,2106,2106,False,True,2,0.5158,0.034
2kr3r/p2bq1p1/1pn1pp1p/1R1pP3/6PP/2PBQN2/P1P2P2/1R4K1 b - - 1 18,36,VmpRCNwe,d5d4,-316,39,d5d4,0.0138,0.0071,0.0039,0.0022,f6e5,f6e5,f6e5,f6e5,346.0,0.0138,-0.0116,True,club,03_bands_club,2268,2270,2270,True,False,2,0.5508,0.0111
rn3rk1/pp3pp1/4p3/2qpP3/3N1P1p/2PQB1nP/PP4P1/R3K1R1 b Q - 5 16,32,C7MNHl90,c5a5,21,21,c5b6,0.0432,0.0454,0.0453,0.0431,b8c6,b8c6,b8c6,b8c6,228.0,0.0454,-0.0001,True,club,03_bands_club,2013,2069,2069,False,True,2,0.5541,0.0696
N1bk1bnr/pp1p1ppp/2p5/4P3/q2NP3/8/n1PB1PPP/1R1QKB1R b K - 0 12,24,ReXwy9Ec,f8b4,-522,2,a4d4,0.0052,0.003,0.0014,0.0007,a4d4,a4d4,a4d4,a4d4,292.0,0.0052,-0.0045,True,club,03_bands_club,2071,2122,2122,False,True,6,0.5236,0.0702
5r1k/p5pp/2Qp2q1/5p2/4pn2/2N1N3/PPP2PPP/R5K1 b - - 2 20,40,bEaT8v59,f4e6,-359,28,f4h3,0.0286,0.0263,0.0207,0.0134,f4h3,f4h3,f4h3,h7h5,103.0,0.0286,-0.0152,True,club,03_bands_club,2027,2014,2014,False,True,1,0.7075,0.1092
2r2rk1/2B1n2p/1P2ppp1/p2p4/B2b4/6P1/2P2P1P/1R4KR b - - 1 22,44,07rjTCaf,g8f7,-208,2,d4e5,0.0064,0.008,0.0104,0.0181,d4b6,d4b6,d4b6,d4b6,150.0,0.0181,0.0117,True,club,03_bands_club,2023,2004,2004,False,True,5,0.6221,0.0335
r1br2k1/ppp1qppp/4pn2/3n1B2/3P4/1P3N2/PBP2QPP/1K1RR3 b - - 0 16,32,XsOMQVos,b7b5,-52,92,e7b4,0.0181,0.02,0.0223,0.0249,e7b4,e7b4,e7b4,e7b4,189.0,0.0249,0.0068,True,club,03_bands_club,2072,2026,2026,False,True,2,0.6636,0.0515
5rk1/pp2qpp1/2p1p2p/5rn1/3P4/2PB1PQ1/PP4PP/3RR1K1 b - - 1 24,48,6QCAmfoZ,g5f3,285,377,f5a5,0.0164,0.01,0.0058,0.0035,f5a5,f5a5,f5a5,f5a5,483.0,0.0164,-0.0129,True,club,03_bands_club,2044,2061,2061,False,True,2,0.4618,0.0232
5rk1/pp2qppn/2p1p2p/r7/3P1P2/P1PB2Q1/1P4PP/3RR1K1 b - - 0 26,52,6QCAmfoZ,e7d8,-38,6,h7f6,0.0023,0.0028,0.003,0.0026,h7f6,h7f6,h7f6,h7f6,141.0,0.003,0.0003,True,club,03_bands_club,2044,2061,2061,False,True,2,0.5663,0.0579
rnb2rk1/pp3ppp/4p3/q7/2PN1Q2/P1PB1R2/6PP/R5K1 b - - 4 16,32,PYNUY49H,b8c6,53,7,e6e5,0.0209,0.0227,0.0293,0.0442,a5c3,a5c3,a5c3,a5c3,695.0,0.0442,0.0233,True,club,03_bands_club,2267,2244,2244,False,True,2,0.5561,0.0288
4r3/8/p1k2p2/1pbp2p1/4b3/2P3BP/PP1R1PP1/3R1K2 b - - 4 26,52,dkAdtrGt,g5g4,-388,36,a6a5,0.0101,0.0059,0.0032,0.0019,f6f5,f6f5,f6f5,f6f5,113.0,0.0101,-0.0082,True,club,03_bands_club,2195,2122,2122,False,True,5,0.5639,0.0585
3r1b1r/1k3p2/ppR2p2/3P1b1p/1q6/P3QN2/5PPP/4R1K1 b - - 0 22,44,rnLuJFGJ,b4b2,158,161,b4b5,0.0484,0.0373,0.0309,0.0291,b4b5,b4b5,b4b5,b4b5,158.0,0.0484,-0.0193,True,club,03_bands_club,2014,2012,2012,False,True,6,0.4946,0.0149
6k1/ppq2p1p/1np1pnp1/8/4P3/2P1bPP1/PP4KP/R2QN3 b - - 2 20,40,Lj45peE3,e3h6,350,6,c7d7,0.0254,0.0329,0.0261,0.0142,b6c4,b6c4,b6c4,b6c4,133.0,0.0329,-0.0112,True,club,03_bands_club,2050,2023,2023,False,True,0,0.4925,0.0604
6k1/pp1q1p1p/1np1pnpb/8/4P3/2PN1PP1/PP2Q1KP/R7 b - - 6 22,44,Lj45peE3,d7c7,317,34,g8f8,0.015,0.0252,0.0351,0.0319,b6c4,b6c4,b6c4,b6c4,223.0,0.0351,0.0169,True,club,03_bands_club,2050,2023,2023,False,True,0,0.5278,0.0833
3r1k2/5pbR/4p3/2pq4/p3B3/5QP1/5PK1/8 b - - 3 32,64,KOuwugxV,d5d1,329,166,d5e5,0.0434,0.0315,0.0293,0.0369,d5g5,d5g5,d5g5,d5g5,207.0,0.0434,-0.0065,True,club,03_bands_club,2077,2050,2050,False,True,0,0.5399,0.2036
6k1/8/pRp4p/6p1/2P5/1P2P1P1/r2r1PP1/5RK1 b - - 2 30,60,dpS18bHD,g5g4,-294,1,c6c5,0.0212,0.0146,0.0129,0.017,c6c5,c6c5,c6c5,c6c5,113.0,0.0212,-0.0042,True,club,03_bands_club,2109,2017,2017,False,True,5,0.614,0.2
1rr3k1/4bpp1/3p1n2/1q2p1B1/1P6/7P/5PB1/1R1QR1K1 b - - 0 26,52,JLHSkF6u,c8c3,49,5,b5b6,0.0232,0.0239,0.0285,0.0361,c8c4,c8c4,c8c4,c8c4,129.0,0.0361,0.0129,True,club,03_bands_club,2320,2314,2314,False,True,0,0.5572,0.09
r3r1k1/5pbp/1pP3p1/p3pbN1/2P3n1/PBB5/1P3PP1/3RR1K1 b - - 4 24,48,bkumfBWQ,g7f8,-153,7,h7h6,0.0018,0.0015,0.001,0.0009,a8c8,a8c8,a8c8,h7h6,146.0,0.0018,-0.0009,True,club,03_bands_club,2244,2233,2233,False,True,6,0.6231,0.082
r7/3R2b1/1Pr2kpp/p3p3/6n1/P1B2P2/1P4P1/4R1K1 b - - 0 30,60,bkumfBWQ,g7f8,-275,28,c6b6,0.0183,0.0132,0.0105,0.0109,c6b6,c6b6,c6b6,c6b6,182.0,0.0183,-0.0074,True,club,03_bands_club,2244,2233,2233,False,True,6,0.6055,0.0507
r4b2/3R4/1r3kpp/p3R3/6P1/P1B5/1P4P1/6K1 b - - 0 32,64,bkumfBWQ,b6b3,-490,3,b6c6,0.0083,0.0074,0.0075,0.0083,f8c5,b6e6,b6e6,b6e6,1509.0,0.0083,0.0,True,club,03_bands_club,2244,2233,2233,False,True,6,0.5175,0.0083
r2q1rk1/pQpn3p/3bbp2/5pB1/3N4/2PB4/PP3PPP/R3K2R b KQ - 1 14,28,ZxLCxUKu,d8e8,321,62,d8e7,0.0105,0.0106,0.0135,0.0153,f6g5,f6g5,d7c5,d7c5,358.0,0.0153,0.0048,True,club,03_bands_club,2075,2180,2180,False,True,2,0.4426,0.0061
r6k/p1p4p/3q1p1B/4bQ2/8/2P5/Pr3PPP/3RR2K b - - 2 24,48,ZxLCxUKu,b2e2,-564,46,b2e2,0.0011,0.0009,0.0008,0.0009,d6c5,d6c5,d6c5,d6c5,1433.0,0.0011,-0.0002,True,club,03_bands_club,2075,2180,2180,True,False,6,0.7049,0.0712
r5k1/pppb1rp1/2n1p2p/5p1q/2QPnB1P/P1P2N2/4PPB1/1R2K1R1 b - - 5 18,36,Tue3406l,a8d8,85,8,b7b6,0.0061,0.0036,0.0031,0.0033,c6a5,b7b6,c6a5,c6a5,142.0,0.0061,-0.0028,True,club,03_bands_club,2374,2310,2310,False,True,2,0.6018,0.1023
2r3k1/p1pbnr2/1p6/3PNppq/4nB2/P2Q4/4PPB1/1R2K1R1 b - - 2 24,48,Tue3406l,e7g6,-34,123,e4c5,0.0216,0.0241,0.0268,0.0343,g5f4,g5f4,g5f4,g5f4,405.0,0.0343,0.0127,True,club,03_bands_club,2374,2310,2310,False,True,6,0.6808,0.171
2r5/p1Bnk3/1p4r1/5ppq/2Q5/P7/4PPB1/1R2K2R b - - 2 30,60,Tue3406l,h5h1,-611,86,c8c7,0.0299,0.029,0.0245,0.0189,h5g4,h5g4,h5g4,h5g4,1386.0,0.0299,-0.011,True,club,03_bands_club,2374,2310,2310,False,True,1,0.8345,0.2565
r4r1k/1pq2pp1/3R1n1p/1p2pN2/2p1P3/P1P2Q2/1PB2PPP/6K1 b - - 0 22,44,nA4DdYOy,f6g8,200,104,a8d8,0.0109,0.0151,0.0216,0.0303,a8d8,a8d8,a8d8,a8d8,490.0,0.0303,0.0194,True,club,03_bands_club,2009,2030,2030,False,True,0,0.5219,0.0561
r4rk1/1p3ppp/1qn5/4p3/3pPP2/1p1P2P1/3Q2BP/1R3RK1 b - - 0 20,40,LM5HJgJr,a8a3,281,45,f7f6,0.0481,0.039,0.0336,0.0357,a8a2,a8a2,a8a2,a8a2,721.0,0.0481,-0.0124,True,club,03_bands_club,2074,2033,2033,False,True,0,0.7073,0.1356
5k2/3Q2pp/1p6/n1q1p1K1/3pq3/6PB/7P/8 b - - 1 34,68,LM5HJgJr,c5c1,1998,1091,e4e3,0.0162,0.0112,0.0084,0.007,e4g6,e4g6,e4g6,c5e7,582.0,0.0162,-0.0092,True,club,03_bands_club,2074,2033,2033,False,True,4,0.8286,0.6013
7r/1p2pp1k/4bbP1/P6p/1Pr1Q3/8/2P3PP/3R1RK1 b - - 0 26,52,r4G4dQjG,h7h6,-480,6,h7g7,0.0236,0.0163,0.0113,0.0091,f7g6,f7g6,f7g6,f7g6,208.0,0.0236,-0.0145,True,club,03_bands_club,2216,2318,2318,False,True,1,0.6249,0.0524
rn1qk2r/1p3pp1/2p1p2p/p1bp1b2/P4Pn1/N1PPPNP1/1P2Q1BP/R1B1K2R b KQkq - 2 10,20,XsQv3P9z,g4f6,46,17,e8g8,0.0238,0.0235,0.015,0.0077,e8g8,d8b6,d8b6,d8b6,112.0,0.0238,-0.0161,True,club,03_bands_club,2060,2116,2116,False,True,2,0.6438,0.0084
3rr1k1/1pb4b/2p2p2/p3n3/PP2B3/2PP3P/2NBQ3/R6K b - - 0 26,52,XsQv3P9z,e8e7,-526,21,h7e4,0.026,0.0248,0.0221,0.0175,e5d3,e5d3,e5d3,e5d3,213.0,0.026,-0.0085,True,club,03_bands_club,2060,2116,2116,False,True,1,0.7428,0.1391
R3B3/pp4pk/6r1/3P4/3P1ppq/5P2/P3Q1PP/5RK1 b - - 0 26,52,E2sVq2cD,g6d6,-924,70,g6h6,0.0069,0.0078,0.0089,0.0116,g6h6,g6h6,g6h6,g6h6,1072.0,0.0116,0.0047,True,club,03_bands_club,2001,2018,2018,False,True,1,0.8672,0.4447
8/p4ppk/7p/P1R1P3/8/4K2P/r4PP1/8 b - - 5 32,64,tZls5VoK,a7a6,-137,4,h7g6,0.0353,0.0298,0.0226,0.0148,a2a3,h7g6,h7g6,h7g6,129.0,0.0353,-0.0205,True,club,03_bands_club,2129,2140,2140,False,True,5,0.5493,0.2474
r2r2k1/3R1p2/2Pb1pqp/p2Q4/Pp6/5N1P/1P3PP1/2R3K1 b - - 0 28,56,ypgTkMJ9,d6c7,-582,57,d6c7,0.0449,0.0411,0.0443,0.0488,d6f4,d8d7,d8d7,d8d7,123.0,0.0488,0.0039,True,club,03_bands_club,2167,2013,2013,True,False,1,0.8414,0.1639
3br1k1/1p1N1pp1/r1p1p2p/p1P4q/P2PQP2/6P1/1P1R1PK1/2R5 b - - 12 34,68,daPmfXaI,f7f6,47,106,d8c7,0.0354,0.0212,0.015,0.0142,f7f5,h5d5,h5d5,h5d5,112.0,0.0354,-0.0212,True,club,03_bands_club,2089,2176,2176,False,True,5,0.5099,0.0024
5rk1/1p5p/p1p2r2/3p4/1P1Pp1q1/P3P1b1/3Q2R1/2R2BK1 b - - 1 28,56,erYvulVi,f6g6,1179,75,f6f2,0.046,0.0473,0.0434,0.0353,g4h4,g4h4,g4h4,g4h4,607.0,0.0473,-0.0107,True,club,03_bands_club,2018,2058,2058,False,True,4,0.8883,0.4618
r4rk1/p1pp2pp/1p2p2b/1P1bP3/3N4/2P3Pq/P2NQ2P/R1B2RK1 b - - 0 22,44,gjPGP6oz,h6e3,1998,2062,h6e3,0.0341,0.0301,0.0273,0.0267,f8f1,f8f1,f8f1,f8f1,2272.0,0.0341,-0.0074,True,club,03_bands_club,2040,2019,2019,True,False,7,0.6547,0.225
r2r2k1/p3q1pp/1bp2p2/2pnpb2/2N2P2/BPPN4/P2PQ1PP/4RRK1 b - - 0 18,36,1lJ0JjIh,d5c3,352,207,d5c3,0.0122,0.0072,0.0046,0.004,f5d3,f5d3,f5d3,f5d3,198.0,0.0122,-0.0082,True,club,03_bands_club,2237,2274,2274,True,False,2,0.5806,0.0911
1n3rk1/rbqp2Bp/p1pN2p1/1p2Pp2/3P4/5N2/PPPQ1PP1/R3K2R b KQ - 0 16,32,xZ0LYcls,f8f7,-848,52,f8f7,0.0015,0.001,0.001,0.0008,g8g7,g8g7,g8g7,g8g7,1150.0,0.0015,-0.0007,True,club,03_bands_club,2137,2005,2005,True,False,1,0.8419,0.3457
1n6/rbqp1kBp/p1p3pQ/1p2Pp2/3P4/5N2/PPP2PP1/R3K2R b KQ - 1 18,36,xZ0LYcls,f7e8,-1137,76,f7e6,0.035,0.0361,0.0329,0.0279,f7e6,c7a5,c7a5,c6c5,853.0,0.0361,-0.0071,True,club,03_bands_club,2137,2005,2005,False,True,1,0.8072,0.3628
1k1r3r/ppqn2pp/2pb1p2/3p4/Q2Pb1PN/2P2B1P/PP3P2/R3RNK1 b - - 2 18,36,aqeFwRsv,f6f5,258,44,e4f3,0.0264,0.0239,0.0229,0.025,g7g5,g7g5,g7g5,g7g5,203.0,0.0264,-0.0014,True,club,03_bands_club,2070,2078,2078,False,True,0,0.6366,0.0123
r1br2k1/pp3pp1/2p5/3n2N1/2B5/8/PRP2PPP/3R2K1 b - - 1 16,32,leWBaZVU,b7b6,-6,7,f7f6,0.0089,0.0104,0.0143,0.0206,c8e6,c8e6,c8e6,c8e6,278.0,0.0206,0.0117,True,club,03_bands_club,2172,2124,2124,False,True,5,0.5987,0.1134
5rk1/6n1/p2q4/1p1p2pP/3P1r2/P1NQRP2/1P4K1/4R3 b - - 0 28,56,bDlXdm25,g5g4,201,110,f4h4,0.0149,0.0131,0.0128,0.0169,g7h5,g7h5,g7h5,g7h5,221.0,0.0169,0.002,True,club,03_bands_club,2027,2048,2048,False,True,0,0.5762,0.1808
R1bq1bkr/3np2p/4P1p1/1p1Q4/3P4/8/1P3PPP/2B1K1NR b K - 0 14,28,nPnWxcjr,g8g7,-731,115,g8g7,0.0247,0.0234,0.0194,0.0171,d7b6,d7b6,d7b6,d7b6,320.0,0.0247,-0.0076,True,club,03_bands_club,2046,2021,2021,True,False,1,0.8521,0.268
5r1k/2p3bp/1p2Qnp1/1N1Pp3/2P5/5P2/2B2P1q/1R3K2 b - - 5 26,52,mYV24sW1,f8e8,448,0,f6h5,0.0451,0.0388,0.0349,0.0379,h2h1,h2h1,h2h1,h2h1,218.0,0.0451,-0.0072,True,club,03_bands_club,2292,2282,2282,False,True,4,0.6535,0.0401
r3qrk1/pp1nb3/2p2p2/2Ppp2p/3PP1pP/3Q2B1/PP1N1PP1/R4BK1 b - - 0 22,44,KgTQIo72,f6f5,152,62,d5e4,0.0456,0.0332,0.0186,0.0068,e5d4,d5e4,d5e4,e8g6,204.0,0.0456,-0.0388,True,club,03_bands_club,2115,2041,2041,False,True,2,0.567,0.1137
2k3r1/ppp1q3/P1npp2p/1Q6/4Pp2/2P5/1PP2PrN/R3RK2 b - - 1 22,44,NWwM4x1H,e7h4,813,309,e7h4,0.04,0.0335,0.0321,0.0288,g2g1,g2g1,g2g1,g2h2,310.0,0.04,-0.0112,True,club,03_bands_club,2012,2057,2057,True,False,4,0.7082,0.0809
r3k1nr/ppq1ppb1/2np4/5b1p/2PP4/1PN1B1P1/P2QNPBP/R3K2R b KQkq - 4 12,24,f5H2X0f8,c7d7,-264,16,g8f6,0.0084,0.0124,0.0194,0.0284,c6b4,c6b4,c6b4,c6b4,156.0,0.0284,0.02,True,club,03_bands_club,2066,2057,2057,False,True,2,0.6231,0.0018
r1b2rk1/1pqnbp1p/2pp2pB/pP2P2n/P1PP4/N2B1N2/2Q3PP/2R2RK1 b - - 2 18,36,LFHzDTpB,d6e5,-56,192,h5g7,0.0297,0.0246,0.0295,0.0276,f8e8,f8e8,f8e8,f8e8,294.0,0.0297,-0.0021,True,club,03_bands_club,2011,2044,2044,False,True,6,0.6016,0.0003
1r1q1rk1/p7/1p1b1n1Q/4pp2/P1Pp4/3P1BP1/P3PP1P/1R3RK1 b - - 0 22,44,rlZnQRiD,d8d7,183,21,f6h7,0.0381,0.0282,0.0269,0.0354,f8f7,f8f7,f8f7,d8e7,136.0,0.0381,-0.0027,True,club,03_bands_club,2153,2040,2040,False,True,6,0.4966,0.0172
1r3r1k/p6n/1p1b1q2/3Bp3/P1Pp1p1P/3P2P1/P2QPP1K/1R3R2 b - - 1 26,52,rlZnQRiD,f6g7,373,11,e5e4,0.0156,0.023,0.0305,0.0426,f4g3,f4g3,f4g3,f4g3,154.0,0.0426,0.027,True,club,03_bands_club,2153,2040,2040,False,True,4,0.6662,0.0767
2q2rk1/r3bp1p/4pnpP/1B1p4/P1nP1B2/2P2QN1/4RPP1/R5K1 b - - 1 22,44,SYxKaVBf,f6e8,-199,15,f6d7,0.0077,0.0083,0.0099,0.017,c4d6,c4d6,c4d6,c4d6,342.0,0.017,0.0093,True,club,03_bands_club,2226,2220,2220,False,True,2,0.5831,0.0258
2k4r/p3qpp1/4p3/1p1pP1p1/nPpP2Nr/P1P2R1P/2Q2PP1/5RK1 b - - 3 24,48,5TobHMkc,h4h5,-107,8,c8b7,0.0102,0.0104,0.0103,0.0127,f7f5,h4g4,h4g4,h4g4,102.0,0.0127,0.0025,True,club,03_bands_club,2002,2008,2008,False,True,2,0.5311,0.1399
2r2knr/1p1Bbpp1/p3p3/2p4p/4N2P/1Q2B3/PP3PP1/2KR4 b - - 1 20,40,DTwEdx5L,c8b8,-755,11,c8d8,0.0299,0.0359,0.0396,0.0366,c8c7,c8c7,c8c7,c8c7,135.0,0.0396,0.0067,True,club,03_bands_club,2159,2041,2041,False,True,1,0.846,0.4468
2kr1bnr/Bp5p/6b1/3Ppp2/1PP5/2K2p1B/P6P/4R2R b - - 0 20,40,0ddDgoHs,g8f6,357,22,g8h6,0.0463,0.0312,0.0208,0.0168,e5e4,e5e4,e5e4,e5e4,256.0,0.0463,-0.0295,True,club,03_bands_club,2135,2141,2141,False,True,4,0.714,0.1863
3rkb1r/pp2nppp/1qn5/3pP3/3P4/2N1BB2/5PPP/R2QK2R b KQk - 2 14,28,kpQc2Cak,g7g6,-167,0,b6a5,0.0283,0.0246,0.0235,0.0278,e7f5,e7f5,e7f5,e7f5,117.0,0.0283,-0.0005,True,club,03_bands_club,2029,2025,2025,False,True,3,0.6666,0.1112
r1bbk2r/pp1q1ppp/8/3pP3/4nQ2/B1P2N2/P4PPP/RN3RK1 b kq - 5 16,32,UU5KeDn5,d7a4,4,16,d8g5,0.0461,0.0288,0.0173,0.015,d8c7,d8e7,d8e7,d8e7,149.0,0.0461,-0.0311,True,club,03_bands_club,2033,2099,2099,False,True,2,0.5488,0.0477
1r5r/p1p1b3/2Bp2k1/6n1/1PP2R2/P1NPP1Pp/7K/5R2 b - - 2 24,48,V7CXlaPO,b8g8,-474,39,h8f8,0.0168,0.022,0.0252,0.028,g5e6,b8f8,b8f8,b8f8,154.0,0.028,0.0112,True,club,03_bands_club,2042,2007,2007,False,True,1,0.8085,0.188
2r2rk1/1q3ppp/pp6/2b2Q2/8/5N2/PB3PPP/3R1RK1 b - - 3 22,44,p3VOcwaG,b7c6,-430,15,f8d8,0.031,0.0361,0.0399,0.0439,g7g6,g7g6,f7f6,f7f6,166.0,0.0439,0.0129,True,club,03_bands_club,2173,2082,2082,False,True,1,0.7314,0.1386
5k2/1p3p1p/p2r4/6p1/4N3/3n3P/PP1R1PPK/8 b - - 1 32,64,NqVQsEP9,d6e6,-338,1,d6d5,0.0268,0.0209,0.0154,0.0114,d6d4,d6d4,d6d4,d6d4,132.0,0.0268,-0.0154,True,club,03_bands_club,2056,2007,2007,False,True,5,0.564,0.2335
6k1/3b2b1/p1qrnp2/1p2pB2/2p1P3/P1P1BQN1/1P4PK/5R2 b - - 6 34,68,zW3WYWY1,g8f8,-316,33,e6g5,0.0123,0.0113,0.0084,0.0061,e6g5,e6g5,e6g5,e6g5,158.0,0.0123,-0.0062,True,club,03_bands_club,2096,2007,2007,False,True,6,0.6986,0.059
4k2r/1Nr1bp2/p3p1p1/1p1pP1Pp/4nP1P/P1N1B3/1PP4R/2KR4 b k - 0 24,48,b68nh58o,c7c3,41,140,c7b7,0.0011,0.0011,0.0012,0.0015,c7b7,c7b7,e4c3,e4c3,425.0,0.0015,0.0004,True,club,03_bands_club,2063,2013,2013,False,True,7,0.463,0.0356
5rk1/2p2pp1/q1B2b1p/1pP1p3/1P1pP1b1/3P1N2/3N1PPP/3QK2R b K - 0 20,40,oN3Ryxwk,g4f3,36,218,a6c6,0.0024,0.0014,0.0007,0.0005,a6c6,a6c6,a6c6,a6c6,215.0,0.0024,-0.0019,True,club,03_bands_club,2007,2101,2101,False,True,2,0.5013,0.032
1r1q1k1r/pp1n2p1/2n2pN1/3p3p/3Pp3/1QPB3P/PP3PP1/R3K2R b KQ - 1 18,36,P5Z9I6q5,f8e8,-504,98,f8g8,0.0274,0.0203,0.0162,0.0146,f8g8,f8g8,f8g8,f8g8,1493.0,0.0274,-0.0128,True,club,03_bands_club,2103,2021,2021,False,True,6,0.6728,0.1414
r2q1rk1/pppnppbp/2np2p1/8/2PPP3/3BBQ1P/PP2NPP1/R3K2R b KQ - 4 10,20,ZX3gXlFN,c6e5,306,2,d7e5,0.0001,0.0002,0.0002,0.0001,e7e5,e7e5,e7e5,e7e5,289.0,0.0002,0.0,True,club,03_bands_club,2193,2190,2190,False,True,3,0.5657,0.0532
2k3r1/ppq5/2p1RB2/2Pr3b/PP5P/1Q6/6PP/R5K1 b - - 0 30,60,77NttRqj,g8g2,1994,2008,c7f7,0.0173,0.0241,0.0322,0.0393,h5f7,h5f7,d5d2,d5d2,2453.0,0.0393,0.022,True,club,03_bands_club,2109,2137,2137,False,True,6,0.4967,0.0092
rn1qkb1r/1p3ppp/p2pbn2/4p1N1/4P3/2N4P/PPP2PP1/R1BQKB1R b KQkq - 3 8,16,ecWHxUBI,d8c7,-30,8,f8e7,0.0022,0.0023,0.0028,0.0025,e6d7,e6d7,e6d7,e6d7,326.0,0.0028,0.0003,True,club,03_bands_club,2116,2038,2038,False,True,3,0.7818,0.2259
2r3k1/p6p/5np1/2P1pp2/3b4/P5PP/2R1RP2/6K1 b - - 2 28,56,PenWb3Nz,g8f7,419,9,f6e4,0.0036,0.0051,0.0071,0.014,c8c5,c8c5,c8c5,c8c5,290.0,0.014,0.0104,True,club,03_bands_club,2191,2144,2144,False,True,4,0.7697,0.2395
6k1/1bq1rpp1/2p4p/p2Pp2n/8/1P2QN1P/P4PP1/2RR2K1 b - - 0 22,44,FhOZ93Gz,c7b8,-502,6,c7b8,0.0139,0.0133,0.0123,0.0111,c6d5,e5e4,e5e4,h5f4,145.0,0.0139,-0.0028,True,club,03_bands_club,2135,2023,2023,True,False,6,0.6783,0.0053
r4r1k/1bq1npb1/2npp1pN/2p5/pp1PP2P/2P2N2/PP3PB1/R1BQR1K1 b - - 0 18,36,DOEi0cbo,a4a3,125,41,a4a3,0.049,0.0378,0.0363,0.0469,b4c3,b4c3,b4c3,b4c3,151.0,0.049,-0.0021,True,club,03_bands_club,2031,2057,2057,True,False,2,0.6653,0.1246
r5nk/1b3qb1/2npp1p1/2p5/1P1PP2P/p7/PP3PB1/R1BQR1K1 b - - 0 22,44,DOEi0cbo,a8f8,346,64,c6b4,0.0345,0.0311,0.018,0.0088,c5b4,g7d4,a3b2,a3b2,105.0,0.0345,-0.0257,True,club,03_bands_club,2031,2057,2057,False,True,4,0.5917,0.0211
1k4r1/1pp2p2/1p2qQ2/4P1rp/8/6P1/PP3P1P/2R1R1K1 b - - 1 26,52,Sh6ed0eZ,b6b5,-264,5,e6h3,0.0003,0.0001,0.0001,0.0001,e6a2,e6a2,e6a2,e6a2,284.0,0.0003,-0.0002,True,club,03_bands_club,2020,2035,2035,False,True,5,0.6489,0.2126
2r2rk1/1p2q1bp/p3p1p1/3pPp2/3P1N2/2n1B1Q1/5PPP/R4RK1 b - - 5 24,48,VGRAwcbD,g6g5,365,70,c3e4,0.045,0.0328,0.0291,0.0403,c3e4,c3e4,c3e4,c3e4,117.0,0.045,-0.0047,True,club,03_bands_club,2002,2006,2006,False,True,0,0.6579,0.0226
4k2r/p1p2ppp/2p1q3/2b5/Q7/B1Pr2P1/P4P1P/R4RK1 b k - 1 16,32,FkCsmEEs,c5f2,-395,60,d3d5,0.0154,0.0145,0.0145,0.015,c5a3,c5a3,c5a3,c5b6,162.0,0.0154,-0.0004,True,club,03_bands_club,2047,2053,2053,False,True,5,0.5591,0.0319
4k2r/p1p2ppp/2p1q3/2b1R3/Q7/B1P3P1/P4P1P/5RK1 b k - 0 18,36,FkCsmEEs,c5a3,-758,37,e6e5,0.0077,0.0069,0.0071,0.0082,e6e5,e6e5,e6e5,e6e5,1226.0,0.0082,0.0005,True,club,03_bands_club,2047,2053,2053,False,True,1,0.813,0.2201
r1b2r2/ppq2pp1/2n1p1k1/6N1/3P3P/2P3P1/P2Q1P2/R3K2R b KQ - 0 16,32,MIHFGgi0,c8d7,88,43,e6e5,0.027,0.0174,0.0101,0.0079,f7f6,f7f6,f7f6,f7f6,767.0,0.027,-0.0191,True,club,03_bands_club,2385,2209,2209,False,True,0,0.4671,0.0156
6k1/ppr2pp1/7p/3p4/3PbP2/6BP/PP2RKP1/8 b - - 8 32,64,dwI2zn0v,c7c1,148,37,c7c1,0.0406,0.0298,0.0279,0.0279,c7c2,c7c2,c7c2,c7c2,142.0,0.0406,-0.0127,True,club,03_bands_club,2035,2019,2019,True,False,0,0.5284,0.1512
r2q1rk1/p2p3p/1pp2npP/2P2p2/Q4P1B/P1P2P2/5P2/2KR3R b - - 0 22,44,3cMPAcqk,d8c8,-158,58,d8e7,0.0023,0.0028,0.003,0.0032,b6c5,b6c5,b6b5,b6c5,109.0,0.0032,0.0009,True,club,03_bands_club,2141,2065,2065,False,True,5,0.5719,0.0139
2r2rk1/1b3p1p/p2bp1p1/1p4q1/3P1nN1/P5BP/1PBQ1PP1/2RR2K1 b - - 5 22,44,6ZFdZPTM,f8d8,307,77,f4h3,0.0239,0.0189,0.018,0.0265,f4h3,f4h3,f4h3,f4h3,619.0,0.0265,0.0026,True,club,03_bands_club,2231,2213,2213,False,True,0,0.6244,0.1037
7k/pp4rP/n1pRp3/8/2P1K3/8/PP6/8 b - - 2 30,60,ttuRgzJE,g7g5,359,17,h8h7,0.0008,0.0004,0.0003,0.0004,g7h7,a6c5,a6c5,g7e7,103.0,0.0008,-0.0004,True,club,03_bands_club,2078,2177,2177,False,True,4,0.7616,0.3534
2rq1rk1/1b1n1ppp/p2b1n2/1p1Pp1B1/1P2P3/P1NQ1N2/4B1PP/R4RK1 b - - 4 16,32,TpAA1OZy,c8c3,54,33,c8c3,0.0036,0.0031,0.0031,0.0043,h7h6,h7h6,d8b6,d8b6,162.0,0.0043,0.0007,True,club,03_bands_club,2162,2184,2184,True,False,2,0.6977,0.1153
N1b2bnr/pp3kpp/4p3/2P3p1/3RP3/8/PPP2PPP/2K3NR b - - 0 12,24,HkKSrPg2,f7e7,-459,12,f8c5,0.0017,0.0011,0.0008,0.0007,f8c5,f8c5,f8c5,f8c5,110.0,0.0017,-0.001,True,club,03_bands_club,2317,2262,2262,False,True,6,0.5609,0.0801
r6k/5rpp/1n1pNb2/2pPp1B1/6QP/3pK3/2q2P2/1R5R b - - 3 34,68,xFrPgBvG,f6g5,1993,988,b6d5,0.0346,0.0219,0.0136,0.0095,b6d5,b6d5,b6d5,b6d5,942.0,0.0346,-0.0251,True,club,03_bands_club,2030,2150,2150,False,True,4,0.8988,0.5332
r2q1rk1/pp1bppbp/3p1np1/n2P4/4P3/2NB1N2/1BP2PPP/R2Q1RK1 b - - 4 12,24,h2UccIZL,f6e4,202,87,a8c8,0.0078,0.008,0.007,0.006,b7b6,b7b6,b7b6,b7b6,127.0,0.008,-0.0018,True,club,03_bands_club,2064,2007,2007,False,True,2,0.6645,0.0339
2bq1rk1/p2nppbp/1pNp2p1/3P4/N1r1P3/8/1BPQ1PPP/R3R1K1 b - - 1 20,40,h2UccIZL,c4c6,-119,14,d8e8,0.0312,0.0316,0.0375,0.0341,d8e8,d8e8,d8e8,d8e8,137.0,0.0375,0.0029,True,club,03_bands_club,2064,2007,2007,False,True,2,0.5926,0.0398
8/r4pk1/4P1pb/pRN5/2Pp1P2/6pq/P5Q1/6K1 b - - 1 34,68,5Le4D4dK,h3h4,351,30,h3g4,0.0453,0.0358,0.0294,0.035,h3g2,h3g2,h3g2,h3g2,111.0,0.0453,-0.0103,True,club,03_bands_club,2228,2258,2258,False,True,0,0.5916,0.2749
r1b2rk1/pppnq1bp/3ppnp1/8/2PN4/2N3P1/PPQ1PPBP/R1BR2K1 b - - 3 12,24,wKrnQu47,d7b6,-39,1,d7b6,0.0191,0.0277,0.0373,0.0267,e6e5,e6e5,e6e5,e6e5,148.0,0.0373,0.0076,True,club,03_bands_club,2145,2129,2129,True,False,2,0.6857,0.0293
2krr3/Q1p2pp1/1pb2q1p/1P5P/P3Pn2/3P1P2/2KN4/R4B1R b - - 0 26,52,mc7pEeh7,f4d3,0,0,c6b7,0.0252,0.0144,0.0091,0.0066,f6a1,f6a1,f6a1,f6a1,478.0,0.0252,-0.0186,True,club,03_bands_club,2078,2092,2092,False,True,6,0.5129,0.0096
2k1r3/Qbpr1pp1/1p5p/1P4qP/P3P3/2RP1P1R/2KN4/8 b - - 2 30,60,mc7pEeh7,e8e6,-61,157,e8e6,0.0211,0.0233,0.0251,0.0227,g5g2,g5g2,g5g2,g5g2,203.0,0.0251,0.0016,True,club,03_bands_club,2078,2092,2092,True,False,5,0.4861,0.0185
2r1r2k/pq5p/5npb/2B2p2/3Pp3/4P2P/1PN1QPP1/R4R1K b - - 2 24,48,4bTKzsPr,b7b3,-206,25,b7b2,0.0035,0.0034,0.0039,0.0051,b7b2,b7b2,b7b2,b7b2,123.0,0.0051,0.0016,True,club,03_bands_club,2010,2023,2023,False,True,5,0.6048,0.0322
rn3rk1/p1q1p2p/2p1bnpB/8/P1N5/1pQ3P1/1P2PPBP/R2R2K1 b - - 3 16,32,hHWyqZvl,b8d7,-416,17,f8e8,0.0103,0.0084,0.0085,0.0097,f8f7,f8f7,f8f7,f8f7,255.0,0.0103,-0.0006,True,club,03_bands_club,2038,2069,2069,False,True,1,0.766,0.0118
r2q1rk1/p1n1bppp/1pp2n2/2PpN1B1/P2P4/2N4P/1P2QPP1/R3R1K1 b - - 0 16,32,lSF8WTog,d8e8,-273,46,d8e8,0.0204,0.0215,0.0266,0.03,b6c5,c7e6,c7e6,c7e6,181.0,0.03,0.0096,True,club,03_bands_club,2138,2095,2095,True,False,6,0.634,0.0404
r4rk1/p1n1Qp1p/2q2p2/2Pp4/P7/2N4P/1P3PP1/R3R1K1 b - - 0 20,40,lSF8WTog,g8g7,-343,10,d5d4,0.0052,0.0044,0.0041,0.0049,c7e6,c7e6,c7e6,c7e6,159.0,0.0052,-0.0003,True,club,03_bands_club,2138,2095,2095,False,True,5,0.6187,0.0329
r3k2r/pp3ppp/2qpbb2/2p1p2N/4P3/2PP1Q2/PP3PPP/RN2K2R b KQkq - 3 12,24,ZUL7PXU2,h8g8,20,2,e8c8,0.0224,0.0248,0.0194,0.0094,e8c8,f6e7,f6e7,f6e7,218.0,0.0248,-0.013,True,club,03_bands_club,2100,2161,2161,False,True,2,0.5472,0.0171
2kr2r1/pp3p2/1q1pbQ2/2p1p3/2P1P2p/PP1P2P1/3NKP1P/R6R b - - 0 20,40,ZUL7PXU2,d6d5,82,139,h4g3,0.0072,0.0045,0.0043,0.0083,h4g3,h4g3,h4g3,h4g3,143.0,0.0083,0.0011,True,club,03_bands_club,2100,2161,2161,False,True,2,0.5031,0.0313
2k1r1r1/pp3p2/1q1pbQ2/2p1p3/2P1P3/PP1P2P1/3NKP2/RR6 b - - 2 22,44,ZUL7PXU2,d6d5,83,150,d6d5,0.0111,0.0068,0.0052,0.0063,g8g6,g8g6,g8g6,g8g6,163.0,0.0111,-0.0048,True,club,03_bands_club,2100,2161,2161,True,False,2,0.462,0.0281
2k1r3/pp3p2/1q2b3/2p1Q3/1PPpP3/P2P2P1/5P2/RR2KN1r b - - 2 26,52,ZUL7PXU2,h1f1,570,516,h1f1,0.0145,0.0166,0.0172,0.0163,e6h3,e6h3,e6h3,e6h3,1127.0,0.0172,0.0018,True,club,03_bands_club,2100,2161,2161,True,False,0,0.4904,0.0277
3q1rk1/1b2bppp/pn2p3/1p1p4/2rP1B2/1Q2P1PP/PP3PB1/1NR1R1K1 b - - 0 18,36,hR2hzmuK,g7g5,338,172,d8c8,0.0118,0.0147,0.0163,0.0173,c4c1,c4c1,d8d7,d8d7,167.0,0.0173,0.0055,True,club,03_bands_club,2116,2187,2187,False,True,2,0.5515,0.081
r1bqk1nr/2p1bppp/p1np4/1p1B4/3PP3/P4N2/1P3PPP/RNBQK2R b KQkq - 1 8,16,5LTxqMtH,d8d7,-162,24,c8d7,0.0472,0.0273,0.0167,0.0096,c8b7,c8b7,c8b7,c8d7,148.0,0.0472,-0.0376,True,club,03_bands_club,2047,2017,2017,False,True,3,0.7827,0.2585
1r1r4/2k2p1p/6p1/p1p5/npB1PPP1/2b1B3/P1P1K2P/3R3R b - - 1 24,48,lEtcJz9m,c3d4,33,105,c3d4,0.0326,0.0393,0.0399,0.0387,a4b2,a4b2,a4b2,a4b2,239.0,0.0399,0.0061,True,club,03_bands_club,2104,2113,2113,True,False,2,0.4958,0.0081
r2q1rk1/pp2bppp/2p1pn2/3p4/2PP1P2/PP1QPBP1/1B5P/R4RK1 b - - 0 16,32,9VzWYufw,f6e8,-41,2,h7h6,0.0066,0.009,0.0109,0.0115,d5c4,d5c4,d5c4,d5c4,121.0,0.0115,0.0049,True,club,03_bands_club,2123,2017,2017,False,True,2,0.5604,0.0046
r2q1rk1/pp2bpp1/4pn1p/8/2Q2P2/PP2PBPP/1B4K1/R4R2 b - - 0 20,40,9VzWYufw,f6d5,38,24,a8b8,0.0291,0.0396,0.0446,0.0415,d8d2,d8d2,d8d2,d8d2,112.0,0.0446,0.0124,True,club,03_bands_club,2123,2017,2017,False,True,2,0.4956,0.0129
r1b2rk1/p1pp1ppp/1np5/4q3/2P1N3/3B4/PP1Q1PPP/R3R1K1 b - - 0 14,28,30UF4Tp5,h7h6,-34,21,d7d5,0.0071,0.0037,0.003,0.0051,d7d5,e5d4,e5d4,e5d4,261.0,0.0071,-0.002,True,club,03_bands_club,2283,2243,2243,False,True,2,0.5919,0.0235
6k1/p3R1p1/2pQ4/2N2q2/3P2p1/2P2p2/PP3P2/R6K b - - 0 32,64,QthHtz6M,g8h7,-917,27,f5h5,0.0242,0.018,0.0182,0.0308,f5h5,f5h5,f5h5,f5h5,105.0,0.0308,0.0066,True,club,03_bands_club,2102,2045,2045,False,True,1,0.7606,0.3295
2r3k1/5pbp/R1b1p1p1/2r5/1p6/3BNP2/PPP3PP/1K1R4 b - - 2 26,52,kBzgMdpl,g7f8,-8,6,f7f5,0.0052,0.0058,0.0078,0.0134,c6b7,c6b5,c6b5,c6b5,114.0,0.0134,0.0082,True,club,03_bands_club,2245,2307,2307,False,True,5,0.4968,0.0153
8/p1p2pk1/2p1r3/3p2p1/7r/1P6/P3PRBP/2R4K b - - 3 32,64,bLL3wqw8,a7a5,-256,42,e6h6,0.0099,0.0095,0.0103,0.0135,e6h6,e6h6,e6h6,e6h6,141.0,0.0135,0.0036,True,club,03_bands_club,2162,2126,2126,False,True,7,0.6733,0.1555
r7/1p1q2k1/p1p2p2/3p4/1R1Q4/4P3/P4PPP/6K1 b - - 1 22,44,UYU6xSnL,c6c5,182,296,a6a5,0.0181,0.0096,0.0072,0.0078,a6a5,a8h8,a8h8,a8h8,538.0,0.0181,-0.0103,True,club,03_bands_club,2112,2087,2087,False,True,5,0.5684,0.1931
5qk1/R5pp/1Qp1N3/3pP3/8/7P/4b1PK/5r2 b - - 0 30,60,Xpeqrzza,g8h8,-646,46,f8e8,0.0004,0.0002,0.0001,0.0001,f8f5,f8f5,f8f5,f8f5,1346.0,0.0004,-0.0003,True,club,03_bands_club,2270,2230,2230,False,True,6,0.6732,0.001
r2qr1k1/3nb2p/p3p1PP/1p6/2pPb1Q1/2P1B1P1/1PB5/R4RK1 b - - 0 26,52,0eOEoue7,e7f6,-599,252,d7f6,0.0082,0.0079,0.0081,0.0063,e4g6,e4g6,e4g6,e4g6,347.0,0.0082,-0.0019,True,club,03_bands_club,2168,2099,2099,False,True,6,0.7763,0.3119
1r3rk1/p1N2pp1/1p2p2p/n3P1q1/P1pP4/4P1P1/1P2Q1KP/R4R2 b - - 0 18,36,S4ynSpAC,a7a6,-15,4,b8c8,0.0061,0.0049,0.0035,0.0026,b8c8,b8c8,b8c8,b8c8,100.0,0.0061,-0.0035,True,club,03_bands_club,2112,2116,2116,False,True,2,0.5206,0.0767
r1b2rk1/ppp2ppp/8/3Bq3/8/2P2Q2/PP1P1KPP/RNB5 b - - 0 12,24,FJboVAj1,c8g4,0,94,c7c6,0.0101,0.0087,0.01,0.0126,c7c6,c7c6,c7c6,c7c6,133.0,0.0126,0.0025,True,club,03_bands_club,2099,2052,2052,False,True,7,0.4944,0.1508
1r2r1k1/5pp1/3q3p/3p4/p2P1PQ1/7P/P3B1PK/4R3 b - - 2 34,68,mcBkQ98s,d6e6,506,27,b8b2,0.0181,0.0174,0.0168,0.0145,b8b2,b8b2,b8b2,b8b2,126.0,0.0181,-0.0036,True,club,03_bands_club,2137,2054,2054,False,True,4,0.8817,0.4199
r3r3/2k5/p1p3p1/2p5/5Q2/1PB2P2/P1PP4/2K5 b - - 0 28,56,fdeQ7mjW,c7d7,-630,64,c7b6,0.0348,0.0187,0.0138,0.0147,c7b6,c7b6,c7b6,c7b6,1365.0,0.0348,-0.0201,True,club,03_bands_club,2047,2012,2012,False,True,1,0.847,0.4383
r2qkb1r/pp3p1p/4bp2/2p5/1P6/1PpPP1P1/5PBP/R2QK1NR b KQkq - 0 12,24,z871DLtU,e6d5,96,74,c5b4,0.0104,0.01,0.007,0.0054,c5b4,c5b4,c5b4,c5b4,120.0,0.0104,-0.005,True,club,03_bands_club,2246,2263,2263,False,True,0,0.5595,0.0045
r2q1rk1/2p1bppp/p1npb3/1p1Pp1B1/8/1B1P1N1P/PPP1QPP1/R3K2R b KQ - 0 12,24,HBT8dTkS,e6f5,-13,4,e7g5,0.0197,0.0104,0.007,0.005,e7g5,e7g5,e7g5,e7g5,157.0,0.0197,-0.0147,True,club,03_bands_club,2029,2183,2183,False,True,3,0.5282,0.0415
1k1rr3/1p2bQp1/p2p1p2/4p2P/4P3/PN1R1P2/1PP3q1/1K1R4 b - - 10 30,60,xiKyjjMA,b8a8,-332,5,d8c8,0.0068,0.0083,0.0109,0.0156,g2g5,g2g5,g2g5,g2g5,439.0,0.0156,0.0088,True,club,03_bands_club,2135,2134,2134,False,True,6,0.6675,0.0447
r4rk1/6b1/3pNnpp/qBpP1b2/4p3/2N1P3/PPQ2PP1/1R3RK1 b - - 1 20,40,8OYgqv1A,f8c8,-121,7,f5e6,0.0401,0.0322,0.0294,0.031,f5e6,f5e6,f5e6,f5e6,217.0,0.0401,-0.0091,True,club,03_bands_club,2263,2239,2239,False,True,2,0.6197,0.0484
3rr3/4q2k/3pP1pp/2p5/2B1Q3/4P3/Pb3PP1/1R3RK1 b - - 1 28,56,8OYgqv1A,d8b8,-383,54,d8b8,0.0216,0.019,0.0193,0.0203,b2e5,b2e5,b2e5,b2e5,238.0,0.0216,-0.0013,True,club,03_bands_club,2263,2239,2239,True,False,6,0.7111,0.0518
1r2r3/4q1bk/3pP1pp/2p2P2/2B1Q3/4P3/P5P1/1R3RK1 b - - 0 30,60,8OYgqv1A,g7f6,-447,43,g7e5,0.0228,0.0243,0.0263,0.0279,g6f5,b8b1,g6f5,g6f5,126.0,0.0279,0.0051,True,club,03_bands_club,2263,2239,2239,False,True,6,0.721,0.0807
1R2r2k/4q3/3pP1Pp/2p1b3/2B1Q3/4P3/P5P1/5RK1 b - - 0 32,64,8OYgqv1A,e7e6,-928,28,e8b8,0.0001,0.0,0.0,0.0,e8b8,e8b8,e8b8,e8b8,462.0,0.0001,-0.0001,True,club,03_bands_club,2263,2239,2239,False,True,1,0.8827,0.2535
rn5R/p2nkpQ1/3qp1P1/3p4/1p1P4/2N2P2/PPP1N3/2K5 b - - 0 20,40,TKSuPXJg,d6c6,-758,112,d6c6,0.0099,0.0106,0.0112,0.0122,b4c3,b4c3,b4c3,b4c3,1241.0,0.0122,0.0023,True,club,03_bands_club,2056,2061,2061,True,False,1,0.8022,0.2161
1r4k1/4ppbp/r2p1np1/2nP4/PqpNP3/R1N4P/1PQ2PP1/2B2RK1 b - - 3 18,36,aBhazFsA,b4b7,-152,40,b4b7,0.0035,0.0033,0.0032,0.0032,f6e4,f6e4,f6e4,f6d7,189.0,0.0035,-0.0003,True,club,03_bands_club,2042,2006,2006,True,False,6,0.6156,0.0244
6k1/4p2p/1r4p1/2qP4/P3PN2/5Q1P/Rbr2PP1/1R4K1 b - - 0 34,68,aBhazFsA,c2f2,-17,215,b2d4,0.0324,0.0354,0.0334,0.0311,c2c1,c2c1,b2d4,b2d4,412.0,0.0354,-0.0013,True,club,03_bands_club,2042,2006,2006,False,True,6,0.5859,0.0528
3r2k1/ppR2Rp1/2b3p1/5nN1/2P4P/8/PP3PP1/6K1 b - - 0 32,64,PS1MaaO1,d8f8,-599,22,c6e8,0.0162,0.0146,0.0125,0.0122,f5h4,f5h4,f5h4,f5h4,1396.0,0.0162,-0.004,True,club,03_bands_club,2293,2305,2305,False,True,1,0.8399,0.2929
1r4k1/pp1R2p1/2p1p3/P5qr/1QP2n2/6NP/1P3PP1/4R1K1 b - - 5 32,64,FLmNWqkM,g5a5,-185,116,h5h6,0.0007,0.0004,0.0003,0.0002,f4h3,f4h3,f4h3,f4h3,301.0,0.0007,-0.0005,True,club,03_bands_club,2153,2108,2108,False,True,5,0.6447,0.0204
2rq1rk1/3nb1pp/bpn1p3/p2pP3/3P4/P3BN2/1PB1N1PP/R3QRK1 b - - 0 16,32,dk3Q5Ikl,c6e5,71,193,c6e5,0.0053,0.0075,0.0106,0.0156,b6b5,b6b5,b6b5,b6b5,339.0,0.0156,0.0103,True,club,03_bands_club,2086,2181,2181,True,False,2,0.6374,0.0972
2rq1r2/3nb1pk/bp2p3/p2pP3/8/P3BN2/1P2N1PP/R3QRK1 b - - 0 18,36,dk3Q5Ikl,d8e8,94,20,h7g8,0.0074,0.007,0.0059,0.0055,c8c2,c8c2,c8c2,c8c2,294.0,0.0074,-0.0019,True,club,03_bands_club,2086,2181,2181,False,True,0,0.6543,0.019
2k4r/pp3ppp/1n6/1N6/2Pr2P1/4q1b1/PP2BRP1/R4QK1 b - - 1 18,36,l66FHC4x,e3h6,1995,1488,e3h6,0.0047,0.0039,0.0037,0.0035,g3f2,g3f2,g3f2,d4f4,1564.0,0.0047,-0.0012,True,club,03_bands_club,2006,2002,2002,True,False,4,0.6785,0.1026
1r3r1k/1B3p2/p3pq2/1pQ3p1/8/4P3/PP1N1PPP/R4RK1 b - - 0 18,36,tW79rEWq,f6g7,-645,7,b8b7,0.0008,0.0004,0.0002,0.0002,b8b7,b8b7,b8b7,b8b7,135.0,0.0008,-0.0006,True,club,03_bands_club,2180,2140,2140,False,True,1,0.875,0.4911
2nq1k1r/5p2/rp1p1bpp/p1pP4/2P2PP1/5N2/PP2Q2P/1RB1R1K1 b - - 2 22,44,VvJzSxsf,b6b5,-108,7,a6a7,0.0025,0.0009,0.0003,0.0002,f8g7,f8g7,f8g7,f8g7,151.0,0.0025,-0.0023,True,club,03_bands_club,2191,2075,2075,False,True,2,0.6499,0.1227
1k1r3r/1p1bbpp1/p3p2p/q3n2R/2P5/1QN2NP1/PP2B1P1/1K1R4 b - - 1 20,40,IdlLWgKw,f7f5,232,21,g7g5,0.0157,0.0154,0.0184,0.0254,f7f6,f7f6,f7f6,f7f6,126.0,0.0254,0.0097,True,club,03_bands_club,2090,2099,2099,False,True,0,0.6311,0.0714
1k1r3r/1pq1bp2/p1b1p2p/6p1/2P1N3/1Q3BP1/PP4P1/1K1R3R b - - 5 24,48,IdlLWgKw,g5g4,490,6,g5g4,0.0317,0.0299,0.028,0.0271,d8d1,d8d1,f7f5,f7f5,231.0,0.0317,-0.0046,True,club,03_bands_club,2090,2099,2099,True,False,4,0.7254,0.1204
6k1/pb1r1pp1/1p2r2p/3p4/3Pn2P/BP4PB/P4P2/2R1R1K1 b - - 4 24,48,r3Ju2d85,b7a6,-389,31,d7d6,0.0059,0.0052,0.0052,0.0057,f7f5,f7f5,f7f5,f7f5,218.0,0.0059,-0.0002,True,club,03_bands_club,2102,2074,2074,False,True,6,0.6302,0.0531
rnbqk2r/ppb2p1p/2p3p1/3pPnB1/3P4/2NB1N2/PPQ2PPP/R3K2R b KQkq - 1 10,20,kj1Ztwui,f5d4,-56,232,d8d7,0.0031,0.0015,0.001,0.0008,d8d7,d8d7,d8d7,d8d7,207.0,0.0031,-0.0023,True,club,03_bands_club,2038,2122,2122,False,True,6,0.6724,0.032
r2q1r1k/1n1nbpp1/2pp2bp/1p2p3/pP1PP3/P1P1BNNP/B4PP1/R2QR1K1 b - - 1 20,40,WSn4NCo5,c6c5,-190,1,f7f6,0.0323,0.0266,0.0266,0.0276,f7f5,f7f5,f7f5,f7f5,159.0,0.0323,-0.0047,True,club,03_bands_club,2034,2008,2008,False,True,2,0.7047,0.0718
r7/k7/4PNpp/8/3P4/1p6/r1n2PPP/3R1K1R b - - 2 34,68,PVNoXULf,c2e3,-1,209,b3b2,0.0075,0.0067,0.0057,0.0062,b3b2,b3b2,b3b2,b3b2,203.0,0.0075,-0.0013,True,club,03_bands_club,2112,2112,2112,False,True,0,0.457,0.0453
rnbqk2r/pppn1ppp/8/3pP3/3P4/1QP5/P4PPP/R1B1KBNR b KQkq - 0 8,16,XRAyEcN6,c7c5,-119,11,c7c6,0.027,0.0218,0.0205,0.0387,d7b6,d7b6,c7c6,c7c6,100.0,0.0387,0.0117,True,club,03_bands_club,2225,2301,2301,False,True,3,0.6828,0.1648
r1b1k2r/pp3ppp/2n1n3/3RP3/q2P4/2P2N2/PQ3PPP/4KB1R b Kkq - 0 16,32,XRAyEcN6,a7a6,229,9,e8g8,0.0067,0.0105,0.0152,0.0185,e6f4,e8g8,e8g8,e8g8,103.0,0.0185,0.0118,True,club,03_bands_club,2225,2301,2301,False,True,0,0.4562,0.0064
2r1r3/pp1qnpbk/4b1pp/3p4/3P4/1PN1B1PP/P2Q1P1K/3RRB2 b - - 13 24,48,jQNZ6jE8,d7d8,18,5,a7a6,0.0006,0.0003,0.0001,0.0001,e7f5,e7f5,e7f5,e7f5,183.0,0.0006,-0.0005,True,club,03_bands_club,2126,2111,2111,False,True,2,0.6435,0.1227
r3k3/p3n1pp/1qp5/2BpP3/3Q4/2P1P3/P5PP/R5K1 b - - 3 18,36,N2Kflkd6,e7f5,-532,81,b6b2,0.0252,0.0201,0.0172,0.014,b6b2,b6b2,b6b2,b6b2,248.0,0.0252,-0.0112,True,club,03_bands_club,2048,2002,2002,False,True,6,0.6949,0.0353
r2qnrk1/pp1b1pbp/3p4/2p2P2/3n4/2NP2NP/PPP3B1/R1BQ1RK1 b - - 2 16,32,L6AaCbUh,g8h8,-57,2,d8h4,0.0089,0.0202,0.0331,0.0374,e8f6,e8f6,d8h4,d8h4,141.0,0.0374,0.0285,True,club,03_bands_club,2106,2124,2124,False,True,2,0.6993,0.1045
r3nrk1/pp3p1p/2bp3B/2p2P2/3bN1P1/2NP4/PPn3B1/1R3R1K b - - 7 22,44,L6AaCbUh,d6d5,18,3,d4g7,0.0156,0.0096,0.0067,0.007,e8g7,e8g7,e8g7,e8g7,211.0,0.0156,-0.0086,True,club,03_bands_club,2106,2124,2124,False,True,2,0.5783,0.1253
r1bqk2r/p2pn2p/1p2p1p1/2p2P2/2B1P3/2P1B3/P1P3PP/R2QK2R b KQkq - 0 12,24,teKsjwK8,e7f5,-47,116,e6f5,0.0136,0.0175,0.0255,0.0265,g6f5,g6f5,e6f5,g6f5,478.0,0.0265,0.0129,True,club,03_bands_club,2062,2012,2012,False,True,6,0.6593,0.1495
8/6pp/1k3p2/4p3/PP6/3K1P2/2r2P1P/R7 b - - 6 34,68,0rSp3wA0,c2c6,-199,71,c2f2,0.0133,0.006,0.0023,0.0013,c2f2,c2f2,c2f2,c2f2,101.0,0.0133,-0.012,True,club,03_bands_club,2229,2235,2235,False,True,5,0.4706,0.2619
5rk1/p4ppp/1b1r1q2/1B5b/2Q5/1NP5/PP3PPP/R4RK1 b - - 2 18,36,XUUakEGN,h5f3,298,138,d6e6,0.0058,0.0053,0.0058,0.0072,f8d8,f8d8,f8d8,f8d8,319.0,0.0072,0.0014,True,club,03_bands_club,2086,2115,2115,False,True,0,0.5055,0.0306
5rk1/p4ppp/1b3q2/8/Q2N4/2P5/Pr3PPP/3R1RK1 b - - 1 22,44,XUUakEGN,f6e7,0,0,f8d8,0.0037,0.0027,0.0016,0.0009,b6d4,b6d4,f8d8,f8d8,247.0,0.0037,-0.0028,True,club,03_bands_club,2086,2115,2115,False,True,5,0.4985,0.0567
8/p4pk1/1p3qp1/2p4p/2P1PP2/1P5P/P2Q2K1/8 b - - 2 30,60,WhYORYt3,f6a1,22,0,f6a1,0.0491,0.0447,0.0357,0.0323,f6h4,f6h4,f6d4,f6d4,428.0,0.0491,-0.0168,True,club,03_bands_club,2107,2173,2173,True,False,0,0.4367,0.0701
r2qk2r/ppp1nppp/3b4/8/Q1Bn2b1/2N2N2/PP3PPP/R1B2RK1 b kq - 1 10,20,MwyBVUgH,b7b5,-55,148,d4c6,0.0182,0.0123,0.0079,0.0085,d4c6,d4c6,d4c6,d4c6,245.0,0.0182,-0.0097,True,club,03_bands_club,2076,2172,2172,False,True,3,0.6675,0.1404
q1b2r2/1p1p2pk/2n2p2/1NQ1p1Bp/2P3nP/4P1P1/PP3PB1/R4RK1 b - - 0 22,44,8dJ8tdlc,d7d6,-524,113,f6g5,0.0422,0.0285,0.0243,0.0228,f6g5,f6g5,f6g5,f6g5,242.0,0.0422,-0.0194,True,club,03_bands_club,2052,2006,2006,False,True,1,0.8831,0.3303
5r2/7p/2pk4/p2p4/2P5/7P/PP1RKPP1/8 b - - 2 26,52,UThb4hZp,a5a4,-270,5,f8g8,0.0367,0.0252,0.031,0.043,f8e8,f8e8,d6c5,f8f5,101.0,0.043,0.0063,True,club,03_bands_club,2160,2122,2122,False,True,5,0.6037,0.2111
r3k2r/1p2bppp/pqb1pn2/2p5/3pPP2/3P1NQ1/PPP1N1PP/R1B2R1K b kq - 3 12,24,Wb788uIW,h7h5,-35,6,e8g8,0.0072,0.008,0.0101,0.009,e8g8,e8g8,e8c8,e8c8,128.0,0.0101,0.0018,True,club,03_bands_club,2096,2056,2056,False,True,2,0.7158,0.0269
r2r2k1/1p2bppp/pqb1Pn2/2p5/3pP3/3P1NQ1/PPP1N1PP/R1B2R1K b - - 0 14,28,Wb788uIW,c6e8,-253,126,f7e6,0.0063,0.0054,0.004,0.0025,f7e6,f7e6,f7e6,f7e6,200.0,0.0063,-0.0038,True,club,03_bands_club,2096,2056,2056,False,True,6,0.7357,0.1026
rnbqr1k1/ppp2p1p/3b4/3PN3/2BP1p1P/2N3n1/PPP3PR/R1BQK3 b Q - 4 12,24,XIB5OX2l,b8d7,461,103,b8d7,0.037,0.0386,0.0362,0.0384,d6e5,d6e5,d6e5,d6e5,298.0,0.0386,0.0014,True,club,03_bands_club,2133,2106,2106,True,False,2,0.5065,0.0595
r1b4Q/pp1k1p2/3Pq2p/2P3b1/8/8/P2N1PPP/4RRK1 b - - 2 22,44,RGCLOOTa,a7a6,-834,18,e6a2,0.0001,0.0001,0.0001,0.0,e6a2,e6a2,e6a2,e6a2,1165.0,0.0001,-0.0001,True,club,03_bands_club,2110,2076,2076,False,True,1,0.8667,0.2892
rr4k1/5p2/4p1pp/p7/R3Q3/3P3P/1N2RPPK/2q5 b - - 3 28,56,j77sQgKR,b8c8,-381,9,a8a7,0.0053,0.0068,0.0102,0.0196,b8b2,b8b2,b8b2,b8b2,193.0,0.0196,0.0143,True,club,03_bands_club,2008,2001,2001,False,True,7,0.6069,0.018
r2qkb1r/pp2nppp/2n1p3/1B1pNb2/3P1B2/8/PPPN1PPP/R2QK2R b KQkq - 3 8,16,EO3021H9,h7h5,40,0,a7a6,0.0013,0.0015,0.0026,0.007,a7a6,a7a6,a7a6,d8b6,111.0,0.007,0.0057,True,club,03_bands_club,2262,2264,2264,False,True,3,0.7632,0.2718
r2qkb1r/1p3ppp/p1n1p3/3pNb2/3P1B2/2P5/PP1N1PPP/R2QK2R b KQkq - 0 10,20,EO3021H9,h7h5,60,6,f8d6,0.0006,0.0005,0.0007,0.0015,c6e5,c6e5,c6e5,f8d6,102.0,0.0015,0.0009,True,club,03_bands_club,2262,2264,2264,False,True,3,0.7021,0.1469
4r1k1/1p4pp/1q4b1/pN3p2/P2Rp3/1Pr4P/4QPP1/3R2K1 b - - 1 26,52,90VyHVFC,c3c6,0,34,c3b3,0.0099,0.0108,0.0118,0.0157,c3b3,c3b3,c3b3,c3b3,226.0,0.0157,0.0058,True,club,03_bands_club,2165,2051,2051,False,True,5,0.5793,0.0056
8/pp2pp2/3p2p1/3k3p/2rNR3/4KP1P/P5P1/2r5 b - - 1 32,64,fbC1nbmN,f7f5,778,107,c1e1,0.0274,0.0217,0.0157,0.0123,c1e1,c1e1,c1e1,c1e1,147.0,0.0274,-0.0151,True,club,03_bands_club,2008,2061,2061,False,True,4,0.8816,0.5315
2bqk2r/p4p2/5b2/1p2p2p/3n4/2N2NQ1/PPn2PPP/R1B2RK1 b k - 1 24,48,NKJJw2z5,d4f5,341,47,d4f5,0.0128,0.0131,0.013,0.0131,c2a1,c2a1,c2a1,c2a1,318.0,0.0131,0.0003,True,club,03_bands_club,2237,2292,2292,True,False,0,0.5393,0.1244
r1bq1rk1/pp2ppbp/6p1/8/2B2P1Q/2PPp3/PP2N1PP/R4RK1 b - - 0 14,28,l2zTMhYs,b7b5,178,127,d8b6,0.0088,0.0059,0.0049,0.0075,g7f6,g7f6,e7e6,c8f5,151.0,0.0088,-0.0013,True,club,03_bands_club,2317,2234,2234,False,True,2,0.6147,0.0481
r4rk1/pp2Qpbp/6p1/8/3P1P2/1BPq4/PP2p1PP/R3R1K1 b - - 0 20,40,l2zTMhYs,a7a5,-231,17,a8e8,0.001,0.0008,0.0007,0.0008,a8e8,a8e8,a8e8,a8e8,327.0,0.001,-0.0002,True,club,03_bands_club,2317,2234,2234,False,True,5,0.5346,0.0729
r5k1/1bq2ppp/p2b1B2/1p1p1N2/8/P1N2P1P/1PP1Q1P1/4R2K b - - 0 26,52,oW0PYMJf,d5d4,-516,11,g7f6,0.0026,0.0007,0.0002,0.0001,g7f6,g7f6,g7f6,g7f6,176.0,0.0026,-0.0025,True,club,03_bands_club,2170,2166,2166,False,True,1,0.6247,0.0152
rb3rk1/1p3ppp/p3pn2/3n4/1P1N4/PB1RP3/1B3PPP/5RK1 b - - 1 20,40,BV1WBIda,a6a5,-41,14,b8e5,0.0199,0.0135,0.0075,0.0034,b8e5,b8e5,b8e5,b8e5,208.0,0.0199,-0.0165,True,club,03_bands_club,2104,2085,2085,False,True,2,0.6167,0.0521
2r2rk1/1p3ppp/p3pn2/3nb3/1P1N4/PB1RP1P1/1B3P1P/3R2K1 b - - 0 22,44,BV1WBIda,f8e8,-70,52,b7b5,0.0084,0.0062,0.0037,0.0029,f8d8,f8d8,f8d8,f8d8,286.0,0.0084,-0.0055,True,club,03_bands_club,2104,2085,2085,False,True,2,0.5759,0.0537
2r3k1/5pp1/p3pn2/1p6/1P3PP1/PBrRPK2/8/3R4 b - - 0 30,60,BV1WBIda,g7g5,-4,8,g7g6,0.0091,0.0051,0.0037,0.0033,c3d3,c3d3,c3c1,c3c1,116.0,0.0091,-0.0058,True,club,03_bands_club,2104,2085,2085,False,True,5,0.5372,0.1236
2r2rk1/5p1p/p2qpp2/np1p1b2/3P4/P1P2N1P/P2QBPP1/2R2RK1 b - - 3 16,32,pszlL5fJ,g8g7,124,84,d6a3,0.0096,0.0134,0.0159,0.0201,a5c4,a5c4,a5c4,a5c4,104.0,0.0201,0.0105,True,club,03_bands_club,2000,2149,2149,False,True,2,0.5999,0.0551
r5k1/p1b1B1pp/2ppp3/5r2/3P4/2PR1P1P/P4PK1/R7 b - - 5 22,44,dwYLAHtd,g7g5,235,5,g7g5,0.0061,0.003,0.0015,0.0007,a8e8,a8e8,a8e8,a8e8,207.0,0.0061,-0.0054,True,club,03_bands_club,2071,2163,2163,True,False,0,0.5152,0.0734
rr4k1/p3ppb1/2ppbnpB/q7/1p1P3Q/8/PPP2PP1/1KNR1BNR b - - 2 16,32,S78tQ7Wf,f6g4,-346,16,f6g4,0.0244,0.0212,0.0198,0.0159,b4b3,b4b3,b4b3,b4b3,102.0,0.0244,-0.0085,True,club,03_bands_club,2177,2177,2177,True,False,7,0.672,0.1218
r7/p2qr1pk/1p1n1pR1/2pPp1pP/P1P1P1Q1/2P4R/4B1P1/6K1 b - - 5 32,64,I17e9f5i,a8d8,-113,22,d6f7,0.0087,0.0079,0.012,0.0259,d7g4,d7g4,d7g4,d7g4,115.0,0.0259,0.0172,True,club,03_bands_club,2234,2219,2219,False,True,2,0.4894,0.0391
3r2k1/p1p2ppp/1p2r3/3q1n2/B2n2Q1/2BP4/PP3PPP/R4RK1 b - - 13 18,36,Y1AWT2GR,h7h5,297,107,e6g6,0.0061,0.0041,0.0043,0.0098,e6g6,e6g6,e6g6,e6g6,229.0,0.0098,0.0037,True,club,03_bands_club,2158,2002,2002,False,True,0,0.5974,0.1585
6k1/2q1bpn1/n3p1p1/3pP3/3P1BP1/2r2N2/R4P2/2NQ2K1 b - - 1 32,64,X3nzF5EX,c3a3,-92,48,c3f3,0.0062,0.0049,0.0039,0.0045,a6b4,a6b4,a6b4,a6b4,170.0,0.0062,-0.0017,True,club,03_bands_club,2262,2240,2240,False,True,5,0.4941,0.0312
r1q4r/p4kpp/2n2nb1/1pp3P1/3p1N2/3P2BP/PPP2PB1/R2QR1K1 b - - 0 20,40,63nLYQV7,h8e8,-646,23,f6h5,0.0407,0.0377,0.0399,0.0419,f6d7,f6d7,f6d7,f6d7,1338.0,0.0419,0.0012,True,club,03_bands_club,2080,2027,2027,False,True,1,0.8824,0.2492
r1q2k1r/p5pp/2n3b1/1ppB2PN/3p4/3P2BP/PPP2P2/R2QR1K1 b - - 0 22,44,63nLYQV7,c6e7,-852,103,c8h3,0.0475,0.0407,0.0291,0.0202,c8h3,c8h3,c8h3,c8h3,1141.0,0.0475,-0.0273,True,club,03_bands_club,2080,2027,2027,False,True,1,0.8664,0.3674
2b4R/4ppk1/p1qp1np1/1p6/4P1P1/1B3P2/PPPQ4/2KR4 b - - 0 22,44,NihSq7SS,f6g8,-727,312,g7h8,0.0004,0.0003,0.0003,0.0005,g7h8,g7h8,g7h8,g7h8,1268.0,0.0005,0.0001,True,club,03_bands_club,2104,2113,2113,False,True,1,0.8716,0.3868
r3r1k1/pp3p2/2p2n1p/3p1Pp1/3Pn1P1/2PQ3P/PP2Bq2/R3RN1K b - - 4 22,44,lTDx8JJT,f2e1,654,273,e8e7,0.0103,0.006,0.0036,0.0031,e4g3,f2h4,f2h4,f2h4,190.0,0.0103,-0.0072,True,club,03_bands_club,2118,2051,2051,False,True,0,0.6189,0.059
2kr1b1r/pp2pppp/5n2/2p1n3/4P1b1/2P2N2/PPBN1PPP/R1B1K2R b - - 4 10,20,LvCuGPWt,e5c6,-52,17,e5d3,0.0218,0.0295,0.0366,0.0391,e5f3,e5d3,e5d3,e5d3,187.0,0.0391,0.0173,True,club,03_bands_club,2101,2157,2157,False,True,3,0.6342,0.11
2k2b1r/pp2pppp/5n2/2p1N3/4P1b1/2Pr4/PP1N1PPP/R1B1K2R b - - 1 12,24,LvCuGPWt,d3d7,-249,59,c5c4,0.0319,0.0321,0.034,0.042,d3d6,d3d6,d3d8,d3d8,142.0,0.042,0.0101,True,club,03_bands_club,2101,2157,2157,False,True,3,0.5005,0.0929
5Q2/bpNb2p1/3p2k1/p2B2q1/2Pn4/P3P1P1/1P1B3P/6K1 b - - 5 26,52,UDgOuaVl,g5f5,-386,10,d4f5,0.0054,0.0053,0.0062,0.0086,d4e2,d4e2,d4e2,d4e2,197.0,0.0086,0.0032,True,club,03_bands_club,2063,2091,2091,False,True,6,0.6229,0.1261
1q2k2r/p4p2/4pP2/8/3Rb3/5N2/PPP3QP/5R1K b - - 2 24,48,rGJ9DVnP,b8f4,-578,23,b8f4,0.0356,0.0369,0.039,0.0415,e4f3,e4f3,b8b7,b8b7,180.0,0.0415,0.0059,True,club,03_bands_club,2081,2173,2173,True,False,1,0.7868,0.296
6Q1/p2k1p1r/4pP2/8/4q3/5N2/PPP4P/3R3K b - - 5 28,56,rGJ9DVnP,e4d5,-1058,930,d7c6,0.0074,0.0051,0.0043,0.0041,d7c6,d7c6,d7c6,d7c6,933.0,0.0074,-0.0033,True,club,03_bands_club,2081,2173,2173,False,True,1,0.8171,0.3891
r2qr2k/ppp1b1pp/1n3n2/3P2B1/3P2b1/1BN5/PPPQ1PPP/R3R1K1 b - - 12 14,28,QO0i2wGj,g4h5,186,1,d8c8,0.0222,0.0268,0.0327,0.0342,b6d5,b6d5,b6d5,b6d5,489.0,0.0342,0.012,True,club,03_bands_club,2027,2029,2029,False,True,2,0.5243,0.0362
r3r2k/ppp1b1pp/1n3n2/3P1qB1/3P2b1/1BN5/PPPQ1PPP/R3R1K1 b - - 16 16,32,QO0i2wGj,f5d7,190,8,f6d5,0.0138,0.0114,0.0071,0.0039,b6d5,b6d5,b6d5,b6d5,408.0,0.0138,-0.0099,True,club,03_bands_club,2027,2029,2029,False,True,2,0.4922,0.0022
4r2k/ppp3pp/1n4q1/8/3P2b1/1PN3R1/1PPQ1PPP/6K1 b - - 2 24,48,QO0i2wGj,g6c2,487,183,g6e6,0.0065,0.0056,0.0048,0.0036,g6e6,g6e6,g6e6,g6e6,191.0,0.0065,-0.0029,True,club,03_bands_club,2027,2029,2029,False,True,0,0.4657,0.0344
4r2k/ppp3pp/1n2q3/7b/3P4/1PN3RP/1PPQ1PPK/8 b - - 2 26,52,QO0i2wGj,e6c6,341,3,e6d6,0.0022,0.0022,0.0019,0.0014,b6d5,b6d5,b6d5,b6d5,630.0,0.0022,-0.0008,True,club,03_bands_club,2027,2029,2029,False,True,4,0.501,0.014
4r2k/1b5p/1p1pBp2/pPpP3R/2P5/P2Q2P1/6KP/q7 b - - 5 28,56,roR4oRe7,f6f5,-497,10,e8e7,0.0123,0.008,0.0075,0.0095,a1b2,a1b2,e8e7,e8e7,1497.0,0.0123,-0.0028,True,club,03_bands_club,2000,2039,2039,False,True,6,0.5985,0.0293
5k2/1R6/1p1p1p2/pPpP1B2/2P5/P2Q2PK/4rq1P/8 b - - 0 34,68,roR4oRe7,e2d2,0,344,f2h2,0.0077,0.0045,0.0038,0.0054,f2h2,f2h2,f2h2,f2h2,398.0,0.0077,-0.0023,True,club,03_bands_club,2000,2039,2039,False,True,7,0.5619,0.1735
8/pp3pk1/1n4p1/7p/2P5/1P3P1P/1P1r1P1B/4R1K1 b - - 0 28,56,D5gu02Ck,d2d3,-75,0,b6d7,0.0113,0.0089,0.0077,0.0081,d2b2,d2b2,d2b2,d2b2,598.0,0.0113,-0.0032,True,club,03_bands_club,2072,2157,2157,False,True,5,0.6123,0.2259
4rk2/1p2rqp1/pPp1p1n1/P1Pp1p1B/3P1P2/3Q2P1/4RP2/4R1K1 b - - 5 34,68,ahW2CEfW,g6f4,0,124,f7f6,0.0229,0.0182,0.0151,0.0102,f7f6,f7f6,f7f6,f7f6,122.0,0.0229,-0.0127,True,club,03_bands_club,2111,2136,2136,False,True,2,0.4977,0.0193
3r2k1/pr2qp2/Q5p1/P2pP1Pp/3P4/5N2/2R2PP1/2R3K1 b - - 8 28,56,ABnQvzhT,d8e8,-590,3,d8b8,0.0106,0.0097,0.0078,0.0073,d8d7,d8d7,d8d7,d8d7,266.0,0.0106,-0.0033,True,club,03_bands_club,2341,2300,2300,False,True,1,0.9151,0.4406
3q1k1r/pb3ppp/1Nnp4/1B2p3/5B2/8/P1P2PPP/3QK2R b K - 0 16,32,x0fH8zHB,c6d4,164,61,d8b6,0.0144,0.0097,0.009,0.0088,a7b6,a7b6,a7b6,a7b6,167.0,0.0144,-0.0056,True,club,03_bands_club,2023,2130,2130,False,True,7,0.525,0.0493
2rq1rk1/Qp1b1pbp/3p2p1/4n3/4P1P1/P1BB3P/1PP1N2K/4RR2 b - - 0 24,48,7DmLY1sy,b7b6,229,37,d8h4,0.0359,0.0295,0.0249,0.018,e5d3,d8h4,d8h4,d8h4,123.0,0.0359,-0.0179,True,club,03_bands_club,2085,2067,2067,False,True,0,0.5877,0.0256
r4rk1/p5pp/2p5/p7/N1PPPp2/P7/5PPP/5RK1 b - - 0 24,48,1LNGTQnb,f8b8,83,6,f4f3,0.0026,0.0017,0.0011,0.0009,f4f3,f4f3,f4f3,f4f3,155.0,0.0026,-0.0017,True,club,03_bands_club,2151,2183,2183,False,True,5,0.4258,0.0988
6k1/p5pp/2pP4/p1N5/2r1P1PP/P4pK1/8/8 b - - 0 34,68,1LNGTQnb,g8f7,455,56,g8f7,0.0118,0.0136,0.018,0.0269,c4c5,c4c5,c4c5,c4c5,949.0,0.0269,0.0151,True,club,03_bands_club,2151,2183,2183,True,False,0,0.3163,0.0146
5rk1/5ppp/4p3/8/1rPR1P2/8/6PP/3R3K b - - 0 28,56,iaG3nUYE,b4b2,-12,2,g7g6,0.0231,0.0128,0.009,0.0079,g7g6,g7g6,f8c8,f8c8,1986.0,0.0231,-0.0152,True,club,03_bands_club,2111,2195,2195,False,True,5,0.3868,0.0774
2r1k1r1/4pp1p/pqbp1PpQ/8/7P/1Pp2P2/P1P1B1P1/1K1R3R b - - 0 20,40,EYyxi8ql,b6c5,-150,39,b6c5,0.0107,0.0135,0.0188,0.0231,e7f6,e7f6,e7f6,e7f6,175.0,0.0231,0.0124,True,club,03_bands_club,2145,2128,2128,True,False,6,0.6406,0.0501
r1k4r/2pn1p2/pp1p1b2/3Pp3/1PP1P1Q1/2N1q1P1/P4R1P/5RK1 b - - 1 26,52,frbmOQeI,a6a5,277,24,h8d8,0.0056,0.0028,0.0023,0.0036,e3c3,e3c3,e3c3,e3c3,132.0,0.0056,-0.002,True,club,03_bands_club,2049,2055,2055,False,True,4,0.7474,0.22
r2q1rk1/1b1nbppp/p2p1n2/1p2p1B1/4P3/P1N2N2/1PPQBPPP/3R1RK1 b - - 2 12,24,odFinyMM,f8e8,35,1,f6e4,0.0214,0.0178,0.0115,0.0091,f6e4,f6e4,f6e4,f6e4,101.0,0.0214,-0.0123,True,club,03_bands_club,2042,2115,2115,False,True,2,0.6577,0.0066
r1bqr1k1/1p3pb1/2Np2pn/p1n4p/2P1PP2/2N1B2P/PP2B1P1/3RQRK1 b - - 0 14,28,kHzUZhkJ,g7c3,-112,119,g7c3,0.0134,0.0107,0.0082,0.0073,b7c6,b7c6,b7c6,b7c6,161.0,0.0134,-0.0061,True,club,03_bands_club,2048,2170,2170,True,False,6,0.6202,0.0686
1r4k1/p4ppp/4p3/4b3/2N5/7P/PP3PP1/2R3K1 b - - 1 22,44,7KYPd94F,b8c8,-12,5,b8c8,0.0451,0.023,0.0168,0.0177,e5b2,e5b2,e5b2,e5b2,389.0,0.0451,-0.0274,True,club,03_bands_club,2003,2067,2067,True,False,5,0.5689,0.1678
r5nr/3kbp2/p3p3/3pPbpp/2pP4/B1P2N1P/3N1PP1/R4RK1 b - - 1 18,36,FGuyWIvU,e7d8,235,11,g5g4,0.029,0.0323,0.0348,0.0325,g5g4,g5g4,g5g4,g8h6,153.0,0.0348,0.0035,True,club,03_bands_club,2383,2305,2305,False,True,0,0.5779,0.0819
r1bq1rk1/3nppbp/p2p1npB/1PpP4/4P3/2N2P2/PP1Q2PP/R3KBNR b KQ - 0 10,20,q1pADVnP,g7h6,39,85,a6b5,0.023,0.0102,0.0062,0.0134,a6b5,a6b5,a6b5,a6b5,139.0,0.023,-0.0096,True,club,03_bands_club,2020,2046,2046,False,True,3,0.6505,0.1254
3r2k1/6p1/p4p2/4n3/2r5/1N1p2PP/P2R2P1/3R2K1 b - - 1 30,60,w6arNyi6,d8d5,183,3,d8c8,0.0185,0.0205,0.0194,0.019,c4c2,c4c2,c4c2,c4c2,716.0,0.0205,0.0005,True,club,03_bands_club,2013,2022,2022,False,True,0,0.599,0.2239
r5k1/3bB1pp/2p1n3/r2p3n/P1pPpP2/1qN1Q1PP/6B1/3R1RK1 b - - 4 28,56,DJaWpbiV,b3b8,-1,0,a5a4,0.0197,0.0222,0.0207,0.0166,a5a4,a5a4,a5a4,a5a4,140.0,0.0222,-0.0031,True,club,03_bands_club,2014,2095,2095,False,True,2,0.5242,0.03
r1b2rk1/pp2qppp/2n5/8/4P3/1NQ3P1/PP3PBP/R3K2R b KQ - 2 16,32,igNicr85,c8h3,-3,55,c8e6,0.0012,0.0016,0.0021,0.0027,c8f5,c8f5,c8f5,c8f5,143.0,0.0027,0.0015,True,club,03_bands_club,2080,2110,2110,False,True,5,0.5914,0.0712
r4rk1/2qbnpbp/2npp1p1/2p5/4PP2/2PPBNPP/R1Q1N1B1/R5K1 b - - 4 18,36,34ohHd87,c6b4,223,240,a8a2,0.0024,0.0015,0.0012,0.0007,a8a2,a8a2,a8a2,a8a2,244.0,0.0024,-0.0017,True,club,03_bands_club,2059,2043,2043,False,True,2,0.5557,0.0945
7k/4b1p1/2Q5/p2p2P1/2pPp3/P1P1Br2/7P/6K1 b - - 0 34,68,0oz8inWL,e7g5,-583,13,f3e3,0.0181,0.0106,0.0064,0.0054,f3e3,f3e3,f3e3,f3e3,1409.0,0.0181,-0.0127,True,club,03_bands_club,2154,2149,2149,False,True,1,0.8323,0.294
r6r/pp4p1/1bb1N1k1/5p2/3P1Ppq/P1P3N1/1P3KP1/R1BQ1R2 b - - 4 22,44,1igLnhIX,c6g2,202,393,c6g2,0.0259,0.0265,0.0257,0.0233,h4h2,h4h2,h4h2,a8e8,442.0,0.0265,-0.0026,True,club,03_bands_club,2097,2069,2069,True,False,7,0.6387,0.1599
7r/pp4p1/1b4k1/5pN1/3P1Pp1/P1P1r3/1P2RK2/R2Q3q b - - 2 30,60,1igLnhIX,e3f3,656,116,h8h2,0.0343,0.0172,0.0103,0.0086,h8h2,h8h2,h8h2,h8h2,813.0,0.0343,-0.0257,True,club,03_bands_club,2097,2069,2069,False,True,0,0.5604,0.0794
r1b2rk1/ppp2nb1/3p2p1/3Pp3/2P1PpPq/2N2P2/PP1NK1B1/R2Q1R2 b - - 4 18,36,2AEfFQ7G,h4d8,59,2,f7g5,0.0012,0.0012,0.001,0.0009,h4h2,h4h2,f7g5,f7g5,283.0,0.0012,-0.0003,True,club,03_bands_club,2139,2115,2115,False,True,2,0.5484,0.1761
r4rk1/ppp3b1/3p2p1/3Pp3/2P1PqP1/2N2Q2/PP1NK3/R6R b - - 0 24,48,2AEfFQ7G,f4d2,6,449,f4d2,0.0102,0.0106,0.0109,0.0104,f4g5,f4g5,f4g5,f4g5,456.0,0.0109,0.0002,True,club,03_bands_club,2139,2115,2115,True,False,1,0.6213,0.0433
3rr1k1/1p3pp1/1p5p/2pP2q1/P1P1n3/1P6/1BQ2PPP/3R1RK1 b - - 4 24,48,4C2p3H6b,d8d7,-244,10,e4d6,0.0223,0.0166,0.0121,0.0086,e4d6,e4d6,d8d6,d8d6,106.0,0.0223,-0.0137,True,club,03_bands_club,2265,2265,2265,False,True,5,0.6326,0.0777
r2r1bk1/pb3p2/1p2p3/4N2N/2P5/8/PP3PPP/3R1RK1 b - - 2 22,44,R6UNXQyy,a8c8,-158,1,f8e7,0.0258,0.0225,0.0224,0.0321,d8d1,f8g7,f8g7,f8g7,172.0,0.0321,0.0063,True,club,03_bands_club,2091,2062,2062,False,True,5,0.6496,0.1314
2kr3r/1bb5/pp2p3/4np1p/1PPN4/PN5p/6P1/R3RB1K b - - 1 30,60,iHiRvOUF,d8g8,631,74,d8g8,0.0237,0.0226,0.0209,0.0253,h3g2,h3g2,h3g2,h3g2,155.0,0.0253,0.0016,True,club,03_bands_club,2096,2144,2144,True,False,4,0.8695,0.3404
r5k1/pp1npp2/1qnp2pB/2p5/4P3/1PbP1Q1P/P1BN1PP1/4R1K1 b - - 2 16,32,Ot5xgfke,b6a5,227,101,b6a5,0.0215,0.019,0.0182,0.0305,c3d2,c3d2,c6d4,c6d4,100.0,0.0305,0.009,True,club,03_bands_club,2169,2105,2105,True,False,2,0.5245,0.0128
r5k1/1p2p3/3p1npB/2p1b3/p3P3/1q1P3P/5QP1/1B3R1K b - - 5 30,60,Ot5xgfke,b3b2,379,53,f6h5,0.0239,0.0261,0.0305,0.033,a4a3,a4a3,a4a3,a4a3,704.0,0.033,0.0091,True,club,03_bands_club,2169,2105,2105,False,True,0,0.6699,0.1732
3r1k2/bp1q2pp/p3B3/2P1Qp2/bP3P2/P7/1B1r2PP/4R2K b - - 2 28,56,YiFLptYO,d2d5,-59,166,d7e7,0.0027,0.0032,0.0038,0.0052,d2d1,d7e7,d7e7,d7e7,1933.0,0.0052,0.0025,True,club,03_bands_club,2291,2301,2301,False,True,6,0.5514,0.2259
2rr2k1/pp2p1bp/6p1/2p2p2/2P1NP2/BP1BPqPb/P1Q2R2/4R1K1 b - - 1 22,44,RqQeu29r,f5e4,-311,34,f3g4,0.0144,0.0139,0.0162,0.017,f3g4,f3g4,f3g4,f3g4,119.0,0.017,0.0026,True,club,03_bands_club,2025,2126,2126,False,True,7,0.6215,0.1762
r2qk2r/pp3p1p/2n1b3/bN1pPp2/3P1Pp1/P3B3/1P2N1PP/R2Q1RK1 b kq - 2 14,28,PQz6JAey,d8d7,-101,40,a5c7,0.0161,0.0102,0.0052,0.0027,a7a6,a7a6,a7a6,a7a6,188.0,0.0161,-0.0134,True,club,03_bands_club,2116,2108,2108,False,True,2,0.6752,0.0958
r6r/pp2kp2/q1n1b3/3pPp1p/NP1P1Pp1/P3B3/5RPP/2RQ2K1 b - - 5 20,40,PQz6JAey,h8c8,-194,10,a8c8,0.0162,0.0106,0.0081,0.0082,b7b5,b7b6,b7b6,b7b6,129.0,0.0162,-0.008,True,club,03_bands_club,2116,2108,2108,False,True,2,0.6093,0.0366
r2qkb1r/pp1n1ppp/2p1pn2/3p4/5P2/1PN1PQ2/PBPP2PP/2KR1B1R b kq - 3 8,16,3wHHND3l,h7h5,-32,40,f8e7,0.0053,0.0026,0.0015,0.0026,f8d6,f8b4,f8b4,f8d6,106.0,0.0053,-0.0027,True,club,03_bands_club,2178,2097,2097,False,True,3,0.733,0.1333
r1bqr2k/1pp3pp/p1nbpp2/8/P1BP3B/2PQ1N2/2P2PPP/R3R1K1 b - - 5 14,28,FJkbiWZt,e8e7,-54,5,d8d7,0.0031,0.003,0.0038,0.0038,e6e5,e6e5,e6e5,e6e5,265.0,0.0038,0.0007,True,club,03_bands_club,2065,2014,2014,False,True,3,0.6682,0.0021
1rb1r1k1/3n1pb1/p2p1np1/qppP2B1/P3P1P1/2N1NP1p/1P1QB2P/R4RK1 b - - 1 18,36,sMHXV70s,a5b6,-16,2,b5b4,0.0238,0.0294,0.0298,0.0272,b5b4,b5b4,b5b4,b5b4,100.0,0.0298,0.0034,True,club,03_bands_club,2239,2301,2301,False,True,2,0.6579,0.096
2r1r1k1/1b2qp2/1n3np1/p1pP4/PpB1P1P1/1PbQNPBN/6KP/2R2R2 b - - 6 30,60,sMHXV70s,f6e4,-206,80,e8d8,0.0085,0.0066,0.0055,0.0047,b6c4,b6c4,b6c4,c8d8,194.0,0.0085,-0.0038,True,club,03_bands_club,2239,2301,2301,False,True,6,0.7254,0.2019
2rr2k1/1b2qp2/1n3np1/p1pP4/P1B1P1P1/1PQ1NPBN/6KP/5R2 b - - 0 32,64,sMHXV70s,f6e4,-209,237,b6c4,0.0072,0.0065,0.0078,0.0114,b6c4,b6c4,b6c4,b6c4,254.0,0.0114,0.0042,True,club,03_bands_club,2239,2301,2301,False,True,6,0.704,0.0986
4r1k1/5pb1/p6p/2PP1B1b/4Npn1/P4N2/5PP1/1R4K1 b - - 0 30,60,X1UGhp1N,h5g6,-493,49,g4e5,0.0447,0.0473,0.0492,0.0495,g4e5,g4e5,g4e5,g4e5,101.0,0.0495,0.0048,True,club,03_bands_club,2054,2094,2094,False,True,1,0.7822,0.1007
1rq1nrk1/3bppb1/p2p4/2p2PPQ/2PnP2P/2N5/PP4B1/R1B2RK1 b - - 0 18,36,zbV4Q0No,d4f5,67,67,d4f5,0.0458,0.0392,0.0308,0.0164,f7f6,f7f6,f7f6,f7f6,703.0,0.0458,-0.0294,True,club,03_bands_club,2118,2130,2130,True,False,6,0.6768,0.1874
5rk1/2r2p2/p1nqpn1p/1B1p1bp1/3P4/PQN1PN2/1P3PPP/2RR2K1 b - - 0 18,36,EO2dI8MA,c7b7,298,215,f8b8,0.0305,0.0128,0.0052,0.0026,a6b5,a6b5,a6b5,a6b5,187.0,0.0305,-0.0279,True,club,03_bands_club,2002,2059,2059,False,True,2,0.5405,0.0789
r4rk1/pp3pp1/3pbn2/3n4/2B1p3/2N5/PPPB1PPP/R3R1K1 b - - 2 16,32,RgqKTGtM,e4e3,205,178,d5c3,0.0284,0.0189,0.0154,0.0111,d5c3,d5c3,d5c3,d5c3,173.0,0.0284,-0.0173,True,club,03_bands_club,2032,2078,2078,False,True,5,0.5394,0.0006
r1b4k/4b1pp/p1p1Pr2/2Pp1P2/1q1B2Q1/2N3R1/P6P/3R2K1 b - - 1 28,56,FGRp43Rp,b4d4,-532,75,f6g6,0.0357,0.0408,0.0429,0.0391,e7f8,e7f8,e7f8,e7f8,239.0,0.0429,0.0034,True,club,03_bands_club,2106,2024,2024,False,True,6,0.7738,0.0394
r1b4k/4qRp1/p1p1P1Pp/8/3p2Q1/2N1R3/P6P/7K b - - 1 34,68,FGRp43Rp,e7a3,-856,1136,e7c5,0.0288,0.0235,0.0228,0.0244,e7e8,e7e8,e7e8,e7e8,1139.0,0.0288,-0.0044,True,club,03_bands_club,2106,2024,2024,False,True,1,0.8005,0.2205
rn3rkb/pbpp3p/1p2pq1P/6pQ/2PPp3/2N1P2N/PP3PP1/R1B1K2R b KQ - 3 14,28,UsNfFTSt,b8a6,-128,19,b8c6,0.0212,0.022,0.0276,0.0419,g5g4,g5g4,f6g6,f6g6,243.0,0.0419,0.0207,True,club,03_bands_club,2076,2175,2175,False,True,2,0.5891,0.0451
3rn1k1/1p3ppp/p1b1p3/P1q1p1PP/3rP3/2NB1Q2/1P3P1K/3RR3 b - - 2 24,48,iPbbujIW,d4d3,463,156,c5e7,0.0211,0.0168,0.0167,0.0219,c5a5,c5a5,c5a5,c5a5,230.0,0.0219,0.0008,True,club,03_bands_club,2057,2050,2050,False,True,0,0.6754,0.1284
6k1/R1p2pbp/1pPp2p1/1P1Nr1q1/2P3P1/7P/2Q3P1/6K1 b - - 0 32,64,FZIXlXv1,h7h5,201,174,e5e1,0.0088,0.0093,0.013,0.0243,e5e1,e5e1,e5e1,e5e1,174.0,0.0243,0.0155,True,club,03_bands_club,2085,2041,2041,False,True,0,0.4975,0.081
2kr3r/ppp1qp2/2nb1p1p/7b/4P3/2NP1NP1/PPP3BP/R2Q1RK1 b - - 1 12,24,m6idHc7T,d6e5,-108,19,c6e5,0.0228,0.0201,0.0169,0.0161,c6d4,c6d4,c6d4,c6d4,151.0,0.0228,-0.0067,True,club,03_bands_club,2160,2155,2155,False,True,2,0.5918,0.0622
rnbq1rk1/pp2np2/2pb2p1/3p2Pp/8/1P3N1P/PBQPPPB1/RN2K2R b KQ - 4 10,20,SbXhF1Xo,c6c5,59,16,e7f5,0.0118,0.0054,0.0029,0.0035,c8f5,c8f5,c8f5,c8f5,421.0,0.0118,-0.0083,True,club,03_bands_club,2062,2116,2116,False,True,2,0.6713,0.0453
rn3r2/pp3p1k/2p3p1/5bqp/3QB2n/1PN4P/P2PPP2/R3K2R b KQ - 2 18,36,SbXhF1Xo,g5e7,534,19,f5e4,0.0037,0.0034,0.0035,0.0037,f5e4,f5e4,f5e4,f5e4,166.0,0.0037,0.0,True,club,03_bands_club,2062,2116,2116,False,True,4,0.8954,0.4143
2kr3r/pppq1pp1/2npbb1p/4p3/4P3/2PP1NNP/PP2BPP1/R2QK2R b KQ - 3 12,24,gzKXHk4M,h6h5,93,16,g7g5,0.034,0.0419,0.0412,0.0229,d6d5,g7g5,g7g5,g7g5,116.0,0.0419,-0.0111,True,club,03_bands_club,2035,2003,2003,False,True,2,0.6964,0.0736
1k5r/ppp2p2/3r3p/3NpPp1/4P1P1/b2P1P2/Pp2K3/1R5R b - - 5 28,56,gzKXHk4M,b7b5,423,5,h8d8,0.0109,0.0053,0.0036,0.0042,d6c6,d6c6,c7c6,c7c6,221.0,0.0109,-0.0067,True,club,03_bands_club,2035,2003,2003,False,True,0,0.6798,0.0562
3r2k1/1bp3pp/pp1qp1n1/5p2/1PP2P2/PB4B1/1Q1n1K1P/1R2R3 b - - 5 26,52,cMSK3CTW,d6c6,1992,1369,d2b1,0.0188,0.0214,0.0239,0.0236,d2b1,d2b1,d2b1,d2b1,1469.0,0.0239,0.0048,True,club,03_bands_club,2227,2294,2294,False,True,4,0.7188,0.0982
1r3rk1/5p1p/p1p3pb/7n/1PPpPP1q/P2B4/3QNR1P/R5K1 b - - 0 22,44,dm8uTqGq,c6c5,152,8,b8d8,0.0224,0.0203,0.0258,0.0371,h4g4,h4g4,h4g4,h4g4,119.0,0.0371,0.0147,True,club,03_bands_club,2075,2096,2096,False,True,0,0.5718,0.0129
3rr1k1/5p1p/p1p3pb/2P5/1P1pPPnq/P2B2N1/3Q2RP/5RK1 b - - 6 26,52,dm8uTqGq,g8h8,198,71,g4e3,0.0011,0.0008,0.0004,0.0003,g4e3,g4e3,g4e3,g4e3,124.0,0.0011,-0.0008,True,club,03_bands_club,2075,2096,2096,False,True,0,0.6087,0.0349
6k1/2p3p1/1p3pqp/2P1pb2/1P5r/2Q4P/5PPK/3B1R2 b - - 0 30,60,j5U61O6V,g8h7,129,13,f5d3,0.0186,0.0236,0.024,0.0279,b6c5,b6c5,b6c5,b6c5,104.0,0.0279,0.0093,True,club,03_bands_club,2058,2039,2039,False,True,0,0.5817,0.1174
rnb2k1r/p3n3/1p2pp2/4q1p1/7p/1B5P/PPQ1NPPN/R3K2R b KQ - 3 18,36,8oljH72u,e5a5,26,5,c8a6,0.0201,0.0147,0.0112,0.0088,c8a6,c8a6,c8b7,c8b7,116.0,0.0201,-0.0113,True,club,03_bands_club,2092,2077,2077,False,True,2,0.5405,0.0605
r3kbnr/1pqb1ppp/2n1p3/1BPpP3/8/P1N1BN2/5PPP/R2QK2R b KQkq - 7 12,24,uVWOjih2,g8h6,27,3,g8e7,0.0081,0.0053,0.0033,0.0031,c6e5,c6e5,c6e5,c6e5,203.0,0.0081,-0.005,True,club,03_bands_club,2123,2126,2126,False,True,3,0.7119,0.1086
r5k1/1pR2pp1/1P2p1n1/3pP2p/4q3/5NP1/1Q3PKP/8 b - - 1 30,60,uVWOjih2,g6h4,465,271,h5h4,0.0046,0.0035,0.0029,0.0027,g6e5,h5h4,h5h4,h5h4,256.0,0.0046,-0.0019,True,club,03_bands_club,2123,2126,2126,False,True,0,0.6018,0.2388
r4rk1/pppq1p2/2npb1p1/4b3/2P1PN1P/2NP3P/PP1Q2B1/R4R1K b - - 2 16,32,l3aKkMBn,d7e7,-3,15,e5f4,0.0367,0.0383,0.0364,0.0276,e5f4,e5f4,e5f4,g8g7,114.0,0.0383,-0.0091,True,club,03_bands_club,2187,2080,2080,False,True,2,0.6944,0.1642
2kr1b1r/p5pp/1q2p3/2p1n3/8/2N1R3/PPPBQ1PP/R5K1 b - - 1 18,36,DlhjsqG0,d8d2,-25,148,d8d2,0.0082,0.01,0.0117,0.0141,f8d6,f8d6,f8d6,f8d6,170.0,0.0141,0.0059,True,club,03_bands_club,2068,2080,2080,True,False,6,0.6824,0.0578
2k5/6pp/1p2p3/2b5/1PR5/2N3PK/P1r4P/8 b - - 0 30,60,DlhjsqG0,c8b8,-251,180,c8b7,0.0065,0.0068,0.0068,0.0074,b6b5,b6b5,c8b7,c8b7,220.0,0.0074,0.0009,True,club,03_bands_club,2068,2080,2080,False,True,5,0.5048,0.1025
8/1k4pp/2P1p3/1p6/2R5/2N3PK/P1r4P/8 b - - 0 32,64,DlhjsqG0,b7b8,-587,25,b7c8,0.0056,0.0042,0.0034,0.0035,b7c7,b7c7,b7c7,b7c7,1399.0,0.0056,-0.0021,True,club,03_bands_club,2068,2080,2080,False,True,1,0.6391,0.0766
1k1r1r2/pp2q1p1/2pN2n1/4P2p/6b1/3R2Q1/PPP3P1/R1B2BK1 b - - 0 26,52,Nvr4vfAm,b8a8,-362,29,g6e5,0.0041,0.0052,0.0066,0.0073,g6e5,g6e5,g6e5,g6e5,136.0,0.0073,0.0032,True,club,03_bands_club,2307,2380,2380,False,True,7,0.6654,0.1381
r3rnk1/p4pp1/3b1p2/qpp2B2/3P4/P1P4P/1PQB1P2/2K3RR b - - 1 18,36,DnAF9564,a5a4,-180,19,c5d4,0.0108,0.0122,0.0122,0.0109,c5d4,c5d4,c5d4,c5d4,125.0,0.0122,0.0001,True,club,03_bands_club,2291,2288,2288,False,True,6,0.626,0.1049
r3rnk1/p4p2/3b1p1B/qp3Bp1/3p3P/P1P5/1PQ2P2/2K3RR b - - 0 20,40,DnAF9564,a5a4,-321,0,d4c3,0.0019,0.0012,0.0008,0.0007,d6f4,d6f4,d6f4,d6f4,139.0,0.0019,-0.0012,True,club,03_bands_club,2291,2288,2288,False,True,6,0.7199,0.2264
r3rnk1/p4p2/3b1p1B/qp3BP1/8/P7/1pQ2P2/1K4RR b - - 1 22,44,DnAF9564,e8e1,-533,17,a5a3,0.0099,0.0083,0.0079,0.0071,a5a3,a5a3,a5a3,a5a3,424.0,0.0099,-0.0028,True,club,03_bands_club,2291,2288,2288,False,True,6,0.7045,0.1783
r3r3/pQ1k3B/3b4/1p6/8/q7/1p3P2/1K6 b - - 5 32,64,DnAF9564,d7d8,1993,8,d6c7,0.0283,0.0193,0.0148,0.0143,d6c7,d6c7,d6c7,d6c7,1383.0,0.0283,-0.014,True,club,03_bands_club,2291,2288,2288,False,True,4,0.5457,0.2956
4rrk1/2p4p/1pq3p1/p4pN1/5B1Q/1P1P4/2P2KbP/3R4 b - - 0 28,56,UeHSR4Nv,f8f7,440,15,e8e7,0.022,0.0147,0.0111,0.011,c6c2,c6c2,c6c2,c6c2,419.0,0.022,-0.011,True,club,03_bands_club,2138,2014,2014,False,True,4,0.6591,0.0841
2b2rk1/5p1p/1q3np1/p1bpp3/P1p5/2P1PPN1/1rBB2PP/R2QR2K b - - 1 20,40,Nq5ZeF5h,b6b8,286,22,f8d8,0.0011,0.0009,0.0006,0.0004,d5d4,d5d4,d5d4,h7h5,100.0,0.0011,-0.0007,True,club,03_bands_club,2084,2180,2180,False,True,0,0.6599,0.05
3r2k1/5p2/3qbnp1/p1bpp2p/P3P3/2P2PN1/6PP/1RBQR2K b - - 0 26,52,Nq5ZeF5h,d6c7,-199,14,d5d4,0.0062,0.0075,0.0069,0.0071,d5e4,h5h4,h5h4,h5h4,109.0,0.0075,0.0009,True,club,03_bands_club,2084,2180,2180,False,True,2,0.5905,0.066
r2qk1nr/pp4bp/2p1n1p1/5p2/2PPp3/BPN1P1P1/P5BP/R2Q1RK1 b kq - 1 14,28,sZZJgsk2,g8h6,40,13,b7b6,0.0327,0.0293,0.0306,0.0488,g8e7,g8e7,g8e7,g8e7,194.0,0.0488,0.0161,True,club,03_bands_club,2119,2114,2114,False,True,2,0.662,0.0564
2r3k1/p2r2n1/1p4p1/3N1pq1/1PP1P1p1/3Q2P1/P6P/4RRK1 b - - 2 26,52,sZZJgsk2,d7f7,-262,30,d7d8,0.0208,0.0276,0.0329,0.0365,f5e4,f5e4,f5e4,f5e4,217.0,0.0365,0.0157,True,club,03_bands_club,2119,2114,2114,False,True,5,0.667,0.0273
r3k1r1/pppbnpq1/4p3/3p4/5P1Q/P1NB4/1PP3P1/2KR3R b q - 0 16,32,FR1p86u3,g7g3,77,6,f7f5,0.002,0.0021,0.002,0.0017,e8c8,e8c8,e8c8,e8c8,439.0,0.0021,-0.0003,True,club,03_bands_club,2025,2145,2145,False,True,2,0.593,0.0466
r3k1r1/pppbn3/4p1q1/3p1p2/5P1Q/P1NB4/1PP3P1/2KR3R b q - 3 18,36,FR1p86u3,g6g3,98,23,g6g3,0.0051,0.005,0.0047,0.0043,e8c8,e8c8,e8c8,e8c8,446.0,0.0051,-0.0008,True,club,03_bands_club,2025,2145,2145,True,False,2,0.5692,0.0361
r1b1kb1r/ppp2q1p/2nppp2/6B1/3P1P2/2P5/PP2B1PP/R2QK1NR b KQkq - 1 10,20,77C9XCz6,h7h5,47,42,c6e7,0.0012,0.0015,0.0035,0.0062,f6g5,f6g5,f6g5,f6g5,436.0,0.0062,0.005,True,club,03_bands_club,2006,2009,2009,False,True,2,0.5506,0.0027
6k1/q4pp1/P3b2p/3p4/2p5/1rP3P1/3QBPP1/R5K1 b - - 2 28,56,sp6Ty9tJ,b3b8,-128,38,b3b6,0.0259,0.0199,0.0144,0.0126,b3b6,b3b6,b3b6,b3b6,240.0,0.0259,-0.0133,True,club,03_bands_club,2107,2161,2161,False,True,5,0.5427,0.1647
r1b1kb1r/1pp2ppp/p1n5/4p1N1/5n2/1BPq4/PP1P1PPP/RNBQR1K1 b kq - 5 10,20,DfwQHJl5,f8e7,138,30,f4e6,0.0232,0.0195,0.0158,0.0087,d3g6,c8e6,d3g6,d3g6,661.0,0.0232,-0.0145,True,club,03_bands_club,2388,2226,2226,False,True,3,0.6419,0.2675
1r4k1/5pp1/2n2q1p/3Rp3/2BpP3/p1b2NPP/Q1P2PK1/8 b - - 5 32,64,UTUJSS6y,f6e7,250,22,c6b4,0.0147,0.0168,0.0181,0.0203,c6b4,c6b4,c3b2,c3b2,232.0,0.0203,0.0056,True,club,03_bands_club,2108,2151,2151,False,True,0,0.5897,0.1239
1r4k1/p1r1ppbp/6p1/8/3p2B1/6P1/PPb1PP1P/R1B2RK1 b - - 10 18,36,pgZvtMtf,a7a5,232,5,f7f5,0.0096,0.0133,0.0158,0.0179,d4d3,d4d3,d4d3,d4d3,127.0,0.0179,0.0083,True,club,03_bands_club,2373,2280,2280,False,True,0,0.596,0.1251
5rk1/pp2bppp/1q4n1/3pN3/3P4/1N2B2Q/PPr3PP/1R3RK1 b - - 0 18,36,WHFJzxBv,b6a6,-339,21,g6e5,0.017,0.0171,0.0194,0.0242,g6e5,g6e5,g6e5,g6e5,126.0,0.0242,0.0072,True,club,03_bands_club,2002,2009,2009,False,True,7,0.6962,0.0979
2kr3r/pp3pp1/2p1pnp1/q2nB3/3P4/6P1/PPP1BP2/R2QR1K1 b - - 8 18,36,KwuDd4xg,f6d7,114,24,f6d7,0.0269,0.0176,0.0106,0.0063,h8h7,h8h7,h8h7,h8h7,120.0,0.0269,-0.0206,True,club,03_bands_club,2110,2012,2012,True,False,2,0.5443,0.054
8/R4ppk/2N4p/8/p3n3/4P2P/r2r1PP1/5RK1 b - - 4 34,68,IafURnZc,e4g3,393,18,e4f2,0.0025,0.0022,0.0019,0.002,d2f2,d2f2,d2f2,d2f2,391.0,0.0025,-0.0005,True,club,03_bands_club,2263,2234,2234,False,True,0,0.5551,0.1916
6k1/5pp1/qBQ2n1p/2P5/8/P2r2P1/5RKP/8 b - - 4 34,68,ypoqrZnz,g8h7,153,129,a6a3,0.0063,0.0059,0.0052,0.0056,a6a3,a6a3,a6a3,a6a3,179.0,0.0063,-0.0007,True,club,03_bands_club,2118,2130,2130,False,True,0,0.5085,0.138
r2qnrk1/pp1n1pp1/2pbp2p/3p2P1/3P1P1P/4PB2/PPPN4/R1BQK2R b KQ - 0 12,24,Umj6Isoe,g7g6,-16,2,h6g5,0.0258,0.0205,0.0155,0.0152,h6g5,h6g5,h6g5,h6g5,198.0,0.0258,-0.0106,True,club,03_bands_club,2114,2118,2118,False,True,2,0.6589,0.0487
r2q1nk1/ppn3p1/3bprP1/3pNp1B/3P1P2/8/PPP1Q3/R1B1K1R1 b Q - 0 20,40,Umj6Isoe,c7a6,-288,11,d8e8,0.0425,0.0332,0.0224,0.0178,d6e5,d6e5,d6e5,d6e5,111.0,0.0425,-0.0247,True,club,03_bands_club,2114,2118,2118,False,True,6,0.6525,0.1758
r4k1r/pp2npp1/3q4/3p4/2p2PQ1/5N2/PPP1BKP1/R1B5 b - - 1 18,36,r2HstJME,e7g8,-15,74,d6b6,0.0031,0.0024,0.0023,0.0023,d6c5,d6c5,d6c5,d6c5,342.0,0.0031,-0.0008,True,club,03_bands_club,2041,2170,2170,False,True,7,0.6646,0.3198
3r2k1/1b1q1pp1/2p1pn1p/pp2Q3/3P4/P1P3P1/1P3PBP/R3R1K1 b - - 3 26,52,8R395lw3,c6c5,-302,4,a5a4,0.0284,0.0179,0.013,0.0156,f6g4,f6g4,f6g4,d7d6,162.0,0.0284,-0.0128,True,club,03_bands_club,2018,2001,2001,False,True,5,0.5608,0.0627
3r2k1/pb3p1p/5np1/2p3B1/1pPqP3/1P3Q2/P5PP/1B3R1K b - - 3 26,52,gFzipwDv,d4d6,-480,7,b7e4,0.0154,0.0132,0.0098,0.0076,d8d6,d8d6,d8d6,d8d6,112.0,0.0154,-0.0078,True,club,03_bands_club,2078,2150,2150,False,True,6,0.6836,0.089
r1b2rk1/1pp3pn/p6p/3PNp2/4P3/P1P1q2P/1PQ1B1P1/3R1R1K b - - 2 20,40,nJnEnWwd,h7f6,-134,4,f5f4,0.0063,0.0055,0.005,0.0059,f5e4,f5e4,f5e4,f5e4,254.0,0.0063,-0.0004,True,club,03_bands_club,2086,2113,2113,False,True,6,0.6725,0.0848
2kr3r/ppp2bp1/2p2p2/2q1nP1p/3bP3/3P2QP/PPPBN1P1/1K1R1B1R b - - 6 16,32,jw3tTRcV,f7a2,430,297,d4f2,0.0149,0.0156,0.0184,0.0264,c5b5,c5b5,c5b5,c5b5,714.0,0.0264,0.0115,True,club,03_bands_club,2032,2174,2174,False,True,2,0.6043,0.1332
2kr3r/p1p2b2/q4p1p/1pp1nP1p/4PN2/1P1P2QP/P1P1B1P1/1K1R3R b - - 3 26,52,jw3tTRcV,d8d6,-124,63,c5c4,0.0079,0.0082,0.0099,0.0105,c5c4,c5c4,c5c4,c5c4,152.0,0.0105,0.0026,True,club,03_bands_club,2032,2174,2174,False,True,2,0.5775,0.0386
r3r1k1/ppp4p/3nNnp1/3PR1Q1/8/2N5/PP4PP/6K1 b - - 1 28,56,jnbqBalu,e8f8,-561,11,d6f5,0.0427,0.0313,0.0178,0.0095,g8f7,g8f7,g8f7,g8f7,120.0,0.0427,-0.0332,True,club,03_bands_club,2054,2062,2062,False,True,1,0.871,0.3245
1rr3k1/p4ppp/4p3/2q5/1b2Q3/8/PP3PPP/1R1R1BK1 b - - 0 24,48,TF6CgOXF,c5g5,18,1,c5c2,0.0126,0.012,0.0086,0.0043,c8d8,c5c2,c5c2,c5c2,446.0,0.0126,-0.0083,True,club,03_bands_club,2072,2165,2165,False,True,5,0.4862,0.0311
6k1/1p2R1pp/1ppB1p2/8/1P1P4/3b3P/1r4PK/8 b - - 2 26,52,q1iBp4Oy,h7h5,381,76,f6f5,0.0042,0.0042,0.0056,0.0108,d3f1,d3a6,d3a6,d3a6,168.0,0.0108,0.0066,True,club,03_bands_club,2096,2194,2194,False,True,0,0.6357,0.0425
6k1/p1b2pp1/1pQ1p2p/2p1P3/P4P2/1PP3P1/4qBKP/8 b - - 5 26,52,RHjzUYkm,g7g5,0,0,c7d8,0.0098,0.005,0.0032,0.0032,c7d8,c7d8,c7d8,c7d8,206.0,0.0098,-0.0066,True,club,03_bands_club,2129,2067,2067,False,True,5,0.4099,0.116
r1b1k2r/1p5p/p1pBpp2/q1Pp2p1/n2P4/P1bBPN1P/2Q2PP1/1R3RK1 b kq - 1 18,36,9NTdJmcA,h8g8,-463,42,e8d7,0.0234,0.0152,0.011,0.0088,h7h5,h7h5,h7h5,h7h5,265.0,0.0234,-0.0146,True,club,03_bands_club,2020,2036,2036,False,True,6,0.7013,0.01
2r3k1/1R4np/3R2p1/1p3p2/8/pPP2PP1/P3K2P/8 b - - 2 34,68,fDAbTUfZ,f5f4,-522,9,g7e8,0.0019,0.0016,0.0015,0.0014,c8c3,c8c3,c8c3,c8c3,1476.0,0.0019,-0.0005,True,club,03_bands_club,2090,2078,2078,False,True,1,0.8079,0.4591
r1b1k2r/pp3pb1/2p1P2p/q2p2p1/3N4/3QP1B1/P1R1KPPP/7R b kq - 0 18,36,boNhG4GS,e8g8,35,35,e8g8,0.0183,0.0202,0.026,0.0426,f7e6,c8e6,c8e6,c8e6,301.0,0.0426,0.0243,True,club,03_bands_club,2228,2239,2239,True,False,2,0.5789,0.0005
6k1/pp2r3/2p4p/3p1bpQ/7P/6B1/P3RPPK/2q5 b - - 3 30,60,boNhG4GS,c1d1,308,296,c1c5,0.0061,0.0034,0.0022,0.0021,e7e2,e7e2,e7e2,e7e2,302.0,0.0061,-0.004,True,club,03_bands_club,2228,2239,2239,False,True,5,0.4878,0.029
r1bqr1k1/pp1n1ppp/2pb1n2/3p4/3P4/2N2NP1/PPQ1PPBP/R1B1R1K1 b - - 7 10,20,Lk7uAXaY,a7a5,37,9,d8e7,0.0102,0.0094,0.008,0.0101,f6e4,f6e4,f6e4,f6e4,150.0,0.0102,-0.0001,True,club,03_bands_club,2023,2179,2179,False,True,3,0.7353,0.235
r1bq1rk1/pp2bpp1/2n1pn1p/3p4/3P1B2/2PB1N2/PP1NQPPP/2KR3R b - - 1 10,20,GOWvbVYU,b7b5,-78,38,a7a5,0.0108,0.0081,0.0074,0.0138,a7a6,a7a6,a7a6,a7a6,107.0,0.0138,0.003,True,club,03_bands_club,2159,2091,2091,False,True,3,0.7508,0.1616
r1b4r/1p2nkb1/3q3p/p2pp3/8/2PQ1NP1/PPB2P1P/2KRR3 b - - 11 22,44,GOWvbVYU,a8a6,265,22,d6f6,0.0084,0.0034,0.0014,0.0011,e5e4,e5e4,e5e4,e5e4,218.0,0.0084,-0.0073,True,club,03_bands_club,2159,2091,2091,False,True,0,0.5499,0.0295
2r2rk1/1pqbbppp/p2p1n2/2p1p3/P2nP1P1/1PNP1N1P/1BP2PB1/R2QR1K1 b - - 2 14,28,p2rgiN5H,g7g6,69,3,f6g4,0.0156,0.0124,0.0134,0.0233,b7b5,b7b5,h7h6,b7b5,101.0,0.0233,0.0077,True,club,03_bands_club,2190,2067,2067,False,True,2,0.6806,0.0359
r1b4r/ppq1npk1/2n1p1p1/3pP1BP/3P4/P1PB1N2/5PP1/R2QK2R b KQ - 2 16,32,TOyfEH1d,e7g8,-473,17,h8h7,0.024,0.0207,0.0211,0.0294,h8h5,h8h5,h8h5,e7f5,178.0,0.0294,0.0054,True,club,03_bands_club,2072,2065,2065,False,True,1,0.7849,0.023
r1b3k1/pp3p2/4pBpr/q2pPnNP/3P1K2/P2B4/5PP1/R2Q3R b - - 4 22,44,TOyfEH1d,a5b6,-544,6,f5d4,0.0263,0.0294,0.0287,0.0225,f5d4,f5d4,f5d4,f5d4,1443.0,0.0294,-0.0038,True,club,03_bands_club,2072,2065,2065,False,True,1,0.9018,0.326
rn3rk1/1pq2pbp/p2p1np1/2pP1bB1/P1B5/2N4P/1PPN1PP1/R2Q1RK1 b - - 2 12,24,PTmKLHeX,h7h5,-106,12,h7h6,0.0026,0.0011,0.0006,0.0005,b8d7,b8d7,b8d7,b8d7,190.0,0.0026,-0.0021,True,club,03_bands_club,2053,2036,2036,False,True,3,0.6761,0.0254
3r2k1/Q5pp/1p2p1q1/8/8/P4R2/1PP2PPP/1K6 b - - 0 28,56,shzK1v8p,d8c8,-413,14,e6e5,0.0195,0.0279,0.0297,0.0313,g6g2,g6g2,g6g2,g6g2,1584.0,0.0313,0.0118,True,club,03_bands_club,2006,2136,2136,False,True,1,0.5891,0.0499
3r2k1/p4rp1/1p2R2p/8/8/Q3BPqn/PP4P1/R6K b - - 3 32,64,v0tFZl5E,g3h4,389,242,h3f4,0.0167,0.0179,0.0178,0.0188,h3f4,h3f4,h3f4,h3f4,383.0,0.0188,0.0021,True,club,03_bands_club,2077,2148,2148,False,True,0,0.5761,0.221
r2q1rk1/1b3ppp/pb1p1nn1/1pp1pNN1/P3P3/1BPP1Q2/1P3PPP/R1B1R1K1 b - - 6 16,32,ri2BaUHB,g6e7,0,54,h7h6,0.019,0.024,0.0316,0.0294,c5c4,c5c4,h7h6,h7h6,244.0,0.0316,0.0104,True,club,03_bands_club,2291,2292,2292,False,True,2,0.674,0.0621
r2q2k1/1b3rp1/pb1p1nnp/1pp1pN2/P3P3/1BPP2Q1/1P3PPP/R1B1R1K1 b - - 1 18,36,ri2BaUHB,g8f8,-253,7,c5c4,0.0292,0.0263,0.0236,0.0175,c5c4,c5c4,g8h7,g8h7,517.0,0.0292,-0.0117,True,club,03_bands_club,2291,2292,2292,False,True,6,0.6817,0.1647
r2q2k1/1b3rp1/p2p1nQp/1p2pN2/P1p1P3/1BPP4/1P3KPP/R1B1R3 b - - 0 20,40,ri2BaUHB,f6d7,-411,11,f6e4,0.0016,0.0008,0.0004,0.0002,c4b3,c4b3,c4b3,c4b3,537.0,0.0016,-0.0014,True,club,03_bands_club,2291,2292,2292,False,True,6,0.634,0.0671
rnbq1rk1/pp2bp2/3ppn1Q/8/8/3B1N2/PPP2PPP/RN3RK1 b - - 0 12,24,1mwv5h1s,f6e4,-362,6,f8e8,0.0038,0.0056,0.0056,0.0049,e6e5,e6e5,e6e5,f8e8,506.0,0.0056,0.0011,True,club,03_bands_club,2171,2164,2164,False,True,6,0.6598,0.2621
r4rk1/ppqb1ppn/3p3p/2pP4/1PP1NP1b/4B2P/P2Q2B1/2R2RK1 b - - 0 18,36,HzAAdGvv,f7f5,182,56,b7b6,0.0435,0.0367,0.0198,0.0113,b7b6,b7b6,b7b6,b7b6,158.0,0.0435,-0.0322,True,club,03_bands_club,2167,2050,2050,False,True,2,0.6557,0.0621
8/4k3/p1P2p1p/1pP2p2/1P3P2/P2pK1P1/7P/8 b - - 3 34,68,OVDS8Pq1,e7f7,-1027,67,d3d2,0.0012,0.0009,0.001,0.0018,e7d8,e7d8,e7d8,d3d2,384.0,0.0018,0.0006,True,club,03_bands_club,2116,2004,2004,False,True,1,0.4405,0.0536
4r2k/ppp3pp/5q2/8/3r1P2/2Q2NP1/PP2p2P/R3R1K1 b - - 1 22,44,O566kDHy,c7c5,-437,77,d4d6,0.0288,0.027,0.0296,0.0319,d4d1,d4d1,d4d1,d4d1,101.0,0.0319,0.0031,True,club,03_bands_club,2136,2173,2173,False,True,1,0.6642,0.0456
1b3rk1/5ppp/p1q5/1pn5/3B4/1P3NPP/P3QP2/2R3K1 b - - 0 24,48,if9QGlom,c6e6,-128,3,c6e4,0.0234,0.0207,0.0187,0.0169,f8e8,b8d6,b8a7,b8a7,341.0,0.0234,-0.0065,True,club,03_bands_club,2006,2162,2162,False,True,5,0.5605,0.0243
3r3r/1pkq4/p1nb1p2/P1p1pNp1/2PpP3/5Q2/1PPB1PK1/3R3R b - - 9 26,52,Qyljfy2s,c7b8,172,2,g5g4,0.0374,0.0406,0.0401,0.0396,h8h1,h8h1,h8h1,h8h1,119.0,0.0406,0.0022,True,club,03_bands_club,2076,2028,2028,False,True,0,0.541,0.0246
3r3r/1pk2q2/p2b1p2/P1p1pN2/2PBP1p1/6Q1/1P3PK1/3R3R b - - 0 30,60,Qyljfy2s,h8h3,101,62,c5d4,0.0041,0.0034,0.0029,0.0024,e5d4,c5d4,c5d4,c5d4,105.0,0.0041,-0.0017,True,club,03_bands_club,2076,2028,2028,False,True,0,0.5814,0.0973
2r5/pp4Qp/1k1p1n2/8/8/qP6/2P3PP/1K1RN3 b - - 0 28,56,AVylZGEQ,f6e8,-254,189,f6e4,0.0377,0.0303,0.0277,0.038,f6e4,f6e4,f6e4,f6e4,195.0,0.038,0.0003,True,club,03_bands_club,2057,2038,2038,False,True,5,0.5323,0.1027
rn1qk2r/p2bppbp/2p3p1/1P1nN3/2pP4/6P1/1PQ1PPBP/RNB2RK1 b kq - 0 10,20,eB5IbV2K,e7e6,-285,26,c6b5,0.0085,0.0074,0.0066,0.0059,c6b5,c6b5,c6b5,c6b5,183.0,0.0085,-0.0026,True,club,03_bands_club,2000,2008,2008,False,True,3,0.6663,0.1458
2brnrk1/q4pp1/p2p3p/1p1N4/4P3/1P6/P1PQ3P/1N1R1R1K b - - 0 22,44,PI2LGgSK,f7f5,218,70,c8e6,0.0139,0.0137,0.016,0.0191,c8b7,c8b7,c8b7,c8b7,121.0,0.0191,0.0052,True,club,03_bands_club,2100,2078,2078,False,True,0,0.6779,0.1111
r2q1rk1/pppnbppp/3p4/8/4PB2/2P2Q1P/PP3PP1/RN1R2K1 b - - 2 14,28,rJyTkos4,f8e8,-9,1,e7f6,0.0322,0.0205,0.0122,0.0136,e7g5,e7g5,e7g5,d7e5,421.0,0.0322,-0.0186,True,club,03_bands_club,2172,2033,2033,False,True,2,0.5852,0.0444
3r2k1/4qppp/r2p4/2P5/1p1QPB2/1P5P/3R1PP1/6K1 b - - 0 30,60,rJyTkos4,e7e6,-229,16,e7b7,0.0056,0.0082,0.0098,0.0102,a6a1,a6a1,d6c5,d6d5,179.0,0.0102,0.0046,True,club,03_bands_club,2172,2033,2033,False,True,6,0.5748,0.0231
r1bqk2r/ppp1bppp/2n5/8/3NR3/2N5/PPP2PPP/R1BQ2K1 b kq - 0 10,20,tqUPccKr,f7f5,-5,56,f7f5,0.0254,0.0124,0.0064,0.0027,c6d4,c6d4,c6d4,c6d4,182.0,0.0254,-0.0227,True,club,03_bands_club,2192,2176,2176,True,False,3,0.6685,0.2334
r4rk1/1p1qbppp/p2p1n2/6B1/2BNP3/P4Q1P/1P3PP1/2R3K1 b - - 0 18,36,Kpgj02ON,f6e4,194,79,a8c8,0.0167,0.0256,0.0347,0.025,b7b5,b7b5,a8c8,a8c8,120.0,0.0347,0.0083,True,club,03_bands_club,2115,2153,2153,False,True,2,0.52,0.0401
1kb3rr/p2qbp2/1pn1p3/3pP1p1/2pP2B1/P1P2NP1/2P1Q2P/R1B1R1K1 b - - 1 20,40,iV8e3cjV,a7a5,93,1,c6d8,0.0246,0.0159,0.0103,0.0078,f7f5,f7f5,f7f5,f7f5,312.0,0.0246,-0.0168,True,club,03_bands_club,2303,2206,2206,False,True,2,0.6162,0.2178
2bn2rr/k7/pp1qpb2/3pN1p1/P1pP2B1/2P1B1P1/2PQ3P/RR4K1 b - - 5 26,52,iV8e3cjV,g8g7,-37,51,h8h7,0.0215,0.0205,0.02,0.0235,f6e5,f6e5,f6e5,f6e5,403.0,0.0235,0.002,True,club,03_bands_club,2303,2206,2206,False,True,2,0.648,0.1635
2bn3r/k6r/pp1qpb2/3pN1p1/P1pP2B1/2P1B1P1/2PQ3P/RR4K1 b - - 9 28,56,iV8e3cjV,h7h2,179,101,d8c6,0.0428,0.0362,0.035,0.0383,f6e5,f6e5,f6e5,f6e5,508.0,0.0428,-0.0045,True,club,03_bands_club,2303,2206,2206,False,True,2,0.6256,0.168
2bb3r/k6r/ppnqp3/3pN1p1/P1pP2B1/2P1B1P1/1RPQ3P/1R4K1 b - - 13 30,60,iV8e3cjV,h7h2,260,144,h7h2,0.0475,0.0352,0.0276,0.0213,c6e5,c6e5,c6e5,c6e5,348.0,0.0475,-0.0262,True,club,03_bands_club,2303,2206,2206,True,False,2,0.5962,0.1126
1r2nrk1/5p1p/6p1/3Pp3/2Rq1P2/2N4P/1P2Q1P1/5R1K b - - 0 26,52,SqEGflt8,b8b2,-54,268,d4b6,0.0058,0.0045,0.0044,0.0049,d4b6,d4b6,d4b6,d4b6,257.0,0.0058,-0.0009,True,club,03_bands_club,2279,2223,2223,False,True,5,0.5893,0.0841
r2q1rk1/ppp3pp/3p4/3Pnb2/1PP1NPn1/P5P1/1BQ1P1B1/R4RK1 b - - 0 18,36,11vezRPH,d8e8,229,263,d8e8,0.0046,0.0021,0.001,0.0008,g4e3,g4e3,g4e3,g4e3,274.0,0.0046,-0.0038,True,club,03_bands_club,2148,2171,2171,True,False,6,0.5948,0.0445
rn3r2/4p2p/1q2Bnpk/ppp1B3/6P1/P7/1PP1QP1P/3R1RK1 b - - 0 24,48,c6ytmPHK,h6g7,-456,47,g6g5,0.0168,0.0251,0.0316,0.0358,b6e6,b6e6,b6e6,b6e6,244.0,0.0358,0.019,True,club,03_bands_club,2172,2140,2140,False,True,6,0.7441,0.0814
r2qkb1r/pbp2ppp/np2pn2/4N3/2BP4/2N1P3/PP3PPP/R1BQ1RK1 b kq - 5 8,16,cIcZ03VX,c7c6,-178,11,a6b4,0.012,0.0153,0.0174,0.0113,f8d6,f8d6,f8d6,f8d6,315.0,0.0174,-0.0007,True,club,03_bands_club,2062,2094,2094,False,True,3,0.7622,0.1974
r2k1N2/p1q5/1p2pp1p/7p/Q2PP1P1/2P5/P5PP/R4RK1 b - - 0 20,40,cIcZ03VX,c7b7,-916,21,d8e7,0.003,0.0025,0.002,0.0018,h5g4,h5g4,h5g4,h5g4,330.0,0.003,-0.0012,True,club,03_bands_club,2062,2094,2094,False,True,1,0.8835,0.4759
r7/p1q2k2/1p2ppNp/7P/Q2PP3/2P5/P5PP/R4RK1 b - - 0 22,44,cIcZ03VX,a8c8,-884,7,a8g8,0.0166,0.0157,0.0203,0.0297,c7c3,c7c3,c7c3,c7c3,1112.0,0.0297,0.0131,True,club,03_bands_club,2062,2094,2094,False,True,1,0.882,0.4847
2kr3r/1p1b4/p1n3qp/1PBp4/P3pp2/1Q6/6PP/2RR1B1K b - - 1 28,56,q8H0KYPQ,c8b8,-383,54,f4f3,0.0035,0.0032,0.0027,0.0029,a6b5,a6b5,a6b5,a6b5,140.0,0.0035,-0.0006,True,club,03_bands_club,2145,2150,2150,False,True,6,0.7746,0.1508
2kr3r/Bp6/p1b3qp/3p4/P3p3/1Q3p2/6PP/2RR1B1K b - - 1 30,60,q8H0KYPQ,g6f7,-354,20,d5d4,0.0012,0.0011,0.0009,0.0007,f3g2,f3g2,f3g2,f3g2,160.0,0.0012,-0.0005,True,club,03_bands_club,2145,2150,2150,False,True,7,0.6641,0.1668
8/pb3pk1/1p4p1/3qr3/4p1P1/4Q3/PP5P/1B2R2K b - - 0 28,56,Sn6uTDUd,d5b5,365,32,d5e6,0.0277,0.0254,0.0212,0.0162,e5g5,e5g5,e5g5,e5g5,111.0,0.0277,-0.0115,True,club,03_bands_club,2204,2245,2245,False,True,0,0.6603,0.0767
8/pb3pk1/1p3qp1/4r3/4p1P1/4Q2P/PP6/1B2R1K1 b - - 2 30,60,Sn6uTDUd,e5b5,375,61,e5e7,0.0277,0.021,0.0147,0.0115,f6f3,f6f3,f6f3,f6f3,982.0,0.0277,-0.0162,True,club,03_bands_club,2204,2245,2245,False,True,0,0.6788,0.1471
5rk1/p4pp1/7p/3p4/3NP3/bPr1P1P1/P6P/R2R2K1 b - - 0 28,56,fFLFawnW,c3c5,-53,60,c3e3,0.0001,0.0001,0.0,0.0,c3e3,c3e3,d5e4,d5e4,321.0,0.0001,-0.0001,True,club,03_bands_club,2133,2127,2127,False,True,5,0.5828,0.1132
r4rk1/ppR3pp/4pp2/2Qb4/4p3/8/nN3PPP/6K1 b - - 7 28,56,AXkfEWJu,f8e8,0,13,f8f7,0.0045,0.0032,0.0028,0.0035,b7b6,b7b6,b7b6,b7b6,1997.0,0.0045,-0.001,True,club,03_bands_club,2268,2243,2243,False,True,0,0.4453,0.0243
8/ppp1q1kp/5Np1/3BPb2/3p1Q2/6P1/PPn2K1P/8 b - - 7 26,52,wg7lkgYJ,e7b4,215,42,c2b4,0.0328,0.0229,0.0177,0.0169,d4d3,d4d3,d4d3,c2e3,257.0,0.0328,-0.0159,True,club,03_bands_club,2068,2067,2067,False,True,0,0.4901,0.097
2rq2k1/6bp/p3p1p1/1p1bP3/6r1/1BBQ1N2/PP5P/R6K b - - 3 24,48,Ox7sG7ht,c8c4,519,32,c8c4,0.0012,0.0013,0.0017,0.0024,d5f3,d5f3,d5f3,c8c3,218.0,0.0024,0.0012,True,club,03_bands_club,2049,2089,2089,True,False,4,0.8445,0.2918
1rbq1rk1/1pp2p1p/4pbp1/7P/p2PQ3/3B1N2/PPP2PP1/2KR3R b - - 0 14,28,Byw9p3ge,d8e7,-189,11,b7b5,0.0047,0.0049,0.0054,0.0064,b7b5,b7b5,b7b5,b7b5,104.0,0.0064,0.0017,True,club,03_bands_club,2256,2296,2296,False,True,2,0.6238,0.047
8/2k2p2/q1p2p2/p1Pp4/P6P/2Q3P1/1P2rP2/1K5R b - - 2 28,56,rOpZIdil,a6c8,-339,10,e2f2,0.0063,0.0065,0.0065,0.0098,e2f2,e2f2,e2f2,e2f2,106.0,0.0098,0.0035,True,club,03_bands_club,2182,2037,2037,False,True,5,0.5794,0.1086
7r/5pk1/2p5/P2p1b1q/2pP2p1/2P1PPQ1/1r2B1P1/R3R1K1 b - - 0 26,52,q2SNua4k,h5h6,0,14,f5d3,0.0015,0.0015,0.0019,0.0026,h5h1,h5h1,h5h1,h5h1,156.0,0.0026,0.0011,True,club,03_bands_club,2131,2048,2048,False,True,5,0.4941,0.0283
r3k2r/pp3p1p/4p3/qb1pPp2/3Q4/1P3N1N/P2B1PPP/2R1K3 b kq - 5 20,40,rS2Kexdl,a5b6,-431,13,a5a2,0.0192,0.0229,0.0255,0.0205,a5a2,a5a2,a5a2,a5a2,137.0,0.0255,0.0013,True,club,03_bands_club,2120,2074,2074,False,True,1,0.6456,0.0864
r3k2r/pp3p1p/4p3/1bQpPp2/3N4/1q5N/3B1PPP/2R1K3 b kq - 1 22,44,rS2Kexdl,b7b6,-508,328,b3d3,0.0361,0.0195,0.0102,0.006,b3d3,b3d3,b3d3,b3d3,751.0,0.0361,-0.0301,True,club,03_bands_club,2120,2074,2074,False,True,1,0.7258,0.1663
2k5/pp3r2/2p5/8/3P2p1/2PN3p/PP3P2/1K1R4 b - - 2 30,60,srodnYCC,b7b5,-342,2,f7f3,0.0119,0.0067,0.0044,0.0036,h3h2,h3h2,h3h2,h3h2,145.0,0.0119,-0.0083,True,club,03_bands_club,2053,2003,2003,False,True,7,0.6499,0.1621
rb1R4/6pk/1p2q2p/pPp1p3/P6N/2n1B2P/5PP1/4R1K1 b - - 1 28,56,oZxXzL5p,e6f6,518,62,e6f6,0.0325,0.0399,0.0424,0.042,c3a4,c3a4,c3a4,c3a4,113.0,0.0424,0.0095,True,club,03_bands_club,2086,2154,2154,True,False,4,0.9177,0.5183
1k5r/ppp3pp/b1r5/P1BN1p2/3P3P/1B2P1P1/5K2/3R4 b - - 8 34,68,WF2PYFtw,a6b5,-393,6,a6b5,0.0259,0.0279,0.0287,0.0275,b7b6,b7b6,b7b6,b7b6,111.0,0.0287,0.0016,True,club,03_bands_club,2397,2328,2328,True,False,7,0.5673,0.0543
r3kbnr/pp3ppp/1qn1p3/3pP3/1P1P4/P2B4/4NPPP/1RBQK2R b Kkq - 0 10,20,xCpZPguR,g7g6,-188,19,a8c8,0.002,0.0022,0.0052,0.0206,c6d4,c6d4,c6d4,c6d4,416.0,0.0206,0.0186,True,club,03_bands_club,2132,2188,2188,False,True,3,0.724,0.1738
r1br2k1/ppp3pp/1bn3q1/4pp2/8/BP1B2N1/P1PP1PPP/R2QR1K1 b - - 1 14,28,RzBsJuy3,d8d3,366,162,e5e4,0.0035,0.0048,0.007,0.0092,e5e4,e5e4,e5e4,e5e4,232.0,0.0092,0.0057,True,club,03_bands_club,2272,2339,2339,False,True,2,0.6404,0.0305
r1br3k/ppp3pp/1bn3q1/5p2/P1B1p3/1PP3N1/1B1P1PPP/R2QR1K1 b - - 0 18,36,RzBsJuy3,e4e3,177,62,a7a6,0.022,0.0118,0.0062,0.0037,c6e5,a7a5,a7a5,c6e5,117.0,0.022,-0.0183,True,club,03_bands_club,2272,2339,2339,False,True,2,0.6073,0.0186
r1b1r1k1/1ppq1pp1/p3pn1p/3p4/3P1B2/P1NPPQ1P/1P3PP1/3RR1K1 b - - 0 14,28,MHD2331d,d7d8,-124,30,g7g5,0.0129,0.0135,0.0145,0.018,c7c6,c7c6,c7c6,c7c6,167.0,0.018,0.0051,True,club,03_bands_club,2159,2196,2196,False,True,2,0.6851,0.0525
3r1rk1/pp3ppp/2n2q2/5b2/1b6/P1N2N2/1P2PPPP/R1Q1KB1R b KQ - 6 14,28,VoRC3zdG,c6a5,370,207,c6a5,0.0004,0.0003,0.0003,0.0005,b4c3,b4a5,b4a5,b4a5,164.0,0.0005,0.0001,True,club,03_bands_club,2049,2136,2136,True,False,0,0.6116,0.1332
3r3r/pQpk1ppp/3b1n2/4q3/2P5/6PP/PP1PnP2/R1BB1R1K b - - 2 16,32,SOXRlZXe,d7e7,300,26,e2g3,0.0016,0.0015,0.0013,0.0012,e2g3,e2g3,e2g3,e2g3,306.0,0.0016,-0.0004,True,club,03_bands_club,2067,2169,2169,False,True,4,0.5402,0.0172
r3r1k1/2p2pbp/p5p1/q7/1B1P2n1/1P3N2/PP1Q1PPP/2KR3R b - - 0 18,36,2SkIv3qc,a5f5,179,179,a5a2,0.016,0.011,0.0086,0.0083,a5a2,a5a2,a5a2,a5a2,179.0,0.016,-0.0077,True,club,03_bands_club,2167,2116,2116,False,True,0,0.5077,0.0277
r1b1k1nr/1pqp1ppp/p1nbp3/8/3NP3/2N1BP2/PPPQ2PP/R3KB1R b KQkq - 2 8,16,Q3JzAbzh,c6d4,-90,42,d6h2,0.0498,0.0476,0.0355,0.0216,d6h2,d6h2,d6h2,d6h2,169.0,0.0498,-0.0282,True,club,03_bands_club,2117,2123,2123,False,True,3,0.774,0.2636
rb2r1k1/1q3ppp/2b5/p7/7N/2P1BPP1/PP3Q1P/R3R1K1 b - - 2 20,40,MvauDC3a,e8e3,-40,11,b8d6,0.0017,0.001,0.0007,0.0007,b8a7,b8a7,b8a7,b8a7,264.0,0.0017,-0.001,True,club,03_bands_club,2037,2109,2109,False,True,5,0.5542,0.0312
8/1b1Q2kp/6p1/B7/1P1pq3/4p3/5rPP/5R1K b - - 7 34,68,pirqqVJt,g7f8,785,99,g7h6,0.0021,0.0015,0.0016,0.0022,g7h6,g7h6,g7h6,g7h6,172.0,0.0022,0.0001,True,club,03_bands_club,2021,2154,2154,False,True,4,0.5246,0.049
3rr1k1/ppp2p1p/2n2p2/8/4P1b1/3P1NP1/PPPB2B1/1K5R b - - 0 18,36,xK20PALC,e8e4,252,113,c6e5,0.0009,0.0006,0.0006,0.0007,c6d4,g4f3,g4f3,g4f3,151.0,0.0009,-0.0002,True,club,03_bands_club,2013,2088,2088,False,True,2,0.4663,0.0521
r2q1rk1/pp3ppp/3pbb2/4p3/3nP2P/2N1N3/PPP2PP1/R2QKB1R b KQ - 0 12,24,6yom6une,g7g6,13,4,f6h4,0.0188,0.0135,0.0113,0.0256,f6h4,f6h4,f6h4,f6h4,294.0,0.0256,0.0068,True,club,03_bands_club,2057,2095,2095,False,True,2,0.6538,0.0076
2r2rk1/pp3pp1/3pb2p/4p1q1/4P3/2P1NQ2/PP2B1P1/R5KR b - - 0 20,40,6yom6une,g7g6,-272,42,f7f5,0.029,0.0206,0.0168,0.0177,f7f5,f7f5,f7f5,f7f5,158.0,0.029,-0.0113,True,club,03_bands_club,2057,2095,2095,False,True,7,0.7543,0.2578
3r3k/pp4p1/3p3p/3Qp3/8/2P2R2/PP4PK/2q2B2 b - - 4 28,56,6yom6une,b7b6,-460,5,c1b2,0.0157,0.0159,0.0204,0.0254,c1b2,c1b2,c1b2,c1b2,158.0,0.0254,0.0097,True,club,03_bands_club,2057,2095,2095,False,True,1,0.8222,0.3012
1k1r4/ppr3p1/2P2b2/PP1n1p1p/8/5B2/3B1PP1/2Q2RK1 b - - 0 30,60,64R94J7K,f6e5,-587,8,b7b6,0.0213,0.0191,0.0175,0.0169,b7c6,b7c6,b7c6,d5e7,161.0,0.0213,-0.0044,True,club,03_bands_club,2079,2126,2126,False,True,1,0.9107,0.4218
2r2rk1/1p3pbp/2npqnP1/pB2p3/P3P1P1/1PN1BP2/1P1Q4/2R1K2R b K - 0 18,36,HIbIv381,c6d4,-160,169,f7g6,0.0004,0.0002,0.0002,0.0005,f7g6,f7g6,f7g6,f7g6,331.0,0.0005,0.0001,True,club,03_bands_club,2137,2026,2026,False,True,6,0.6467,0.0794
2b1nrk1/r4pbp/ppq1p1p1/2p1P3/2P5/1QN2PB1/PP2N1PP/R4RK1 b - - 1 18,36,yoAtCbyO,c6c7,-58,14,b6b5,0.007,0.006,0.0048,0.0045,e8c7,e8c7,e8c7,e8c7,127.0,0.007,-0.0025,True,club,03_bands_club,2067,2098,2098,False,True,2,0.7405,0.1692
6k1/ppp2pp1/2nbr2p/3p3b/3P1q2/1PP2NPP/PB1N1P2/R4QK1 b - - 0 20,40,D18X8TqB,h5f3,511,219,f4f6,0.0452,0.0351,0.0249,0.0158,f4f5,f4f5,f4f5,f4f5,210.0,0.0452,-0.0294,True,club,03_bands_club,2142,2125,2125,False,True,0,0.5808,0.0575
1B5k/pp1n3p/2p1P1p1/8/1PP5/P2r2P1/5P1P/R5K1 b - - 0 28,56,nZhJOStM,h8g7,-568,18,d7f6,0.0016,0.001,0.0006,0.0005,d7b8,d7b8,d7b8,d7b8,238.0,0.0016,-0.0011,True,club,03_bands_club,2314,2244,2244,False,True,6,0.5239,0.0457
r2q1r2/p2bp1k1/1p1n1pp1/2pPp1Pp/2P1P3/1P1BQN1P/P4P1K/2R3R1 b - - 2 26,52,jzEOQb2V,g7h7,-139,17,d8c8,0.0119,0.0139,0.0137,0.0129,d8c8,d8c8,d8c8,d8c8,266.0,0.0139,0.001,True,club,03_bands_club,2131,2121,2121,False,True,6,0.6614,0.0055
r2q1rk1/pp2bpp1/5n1p/2pn1N1P/8/1P1QBN2/P4PP1/R3R1K1 b - - 1 18,36,CY48Wjsu,c5c4,9,49,e7d6,0.0155,0.0074,0.0043,0.0048,f6h5,d5e3,d5e3,d5e3,260.0,0.0155,-0.0107,True,club,03_bands_club,2007,2000,2000,False,True,2,0.589,0.0529
6k1/1b4p1/5p1p/p3pN2/1pP2nN1/5PKP/PnB3P1/8 b - - 1 32,64,bQjpWKr3,b2d3,352,1,f4e2,0.0041,0.0039,0.0038,0.0041,b2c4,b2c4,b2c4,b2c4,349.0,0.0041,0.0,True,club,03_bands_club,2081,2010,2010,False,True,4,0.6694,0.1424
r5k1/3N1p2/b1p3pp/Pp1p4/1P1Pp3/4P1P1/5P1P/R5K1 b - - 0 34,68,aHctLxgc,h6h5,-186,10,a8a7,0.0314,0.0186,0.0087,0.0041,a6c8,a6c8,g8g7,a6c8,121.0,0.0314,-0.0273,True,club,03_bands_club,2006,2050,2050,False,True,5,0.5929,0.0903
r1b1r1k1/1pq2pbp/3p1np1/3pB3/p1P1P1PQ/2N4P/PP1NB3/R4RK1 b - - 0 18,36,LHjyS0eE,c7b6,77,40,d6e5,0.0028,0.0022,0.0021,0.0022,d6e5,e8e5,e8e5,e8e5,162.0,0.0028,-0.0006,True,club,03_bands_club,2344,2274,2274,False,True,7,0.4956,0.0047
2b1q1k1/1p3p2/r5pQ/3Np1P1/p1P5/7P/PP2B1K1/R7 b - - 0 28,56,LHjyS0eE,a4a3,-405,2,a6d6,0.0277,0.0134,0.0071,0.0048,e8c6,e8c6,e8e6,e8e6,1580.0,0.0277,-0.0229,True,club,03_bands_club,2344,2274,2274,False,True,1,0.8455,0.3179
5rk1/Qpq2p2/P1p1b2p/4ppb1/8/2N3P1/1PP1PPBP/3R2K1 b - - 0 20,40,nYyAEDMc,e5e4,-192,36,f8b8,0.0317,0.0335,0.0348,0.0365,b7a6,f8b8,f8b8,f8b8,253.0,0.0365,0.0048,True,club,03_bands_club,2138,2071,2071,False,True,6,0.6622,0.0136
rnb2rk1/p4p2/Pqpb1p1p/1p3B2/3P4/2N2N2/1P3PPP/RQR3K1 b - - 1 20,40,IWGwoV0l,b6d8,-356,90,d6f4,0.0027,0.0021,0.0017,0.0012,c8f5,c8f5,c8f5,b8a6,153.0,0.0027,-0.0015,True,club,03_bands_club,2099,2118,2118,False,True,6,0.7552,0.1995
2r2rk1/p4p2/nqp2p1p/1p3Qb1/3P3P/2N2N2/1P3PP1/R3R1K1 b - - 0 24,48,IWGwoV0l,g5c1,-627,0,b5b4,0.0011,0.0012,0.0014,0.0015,g5d2,a6b4,a6b4,a6b4,146.0,0.0015,0.0004,True,club,03_bands_club,2099,2118,2118,False,True,1,0.861,0.1867
r1bqr1k1/ppp2ppp/2n5/8/1N1b1N2/3Q4/PPP2PPP/2KR1B1R b - - 1 12,24,fZZQ6nxN,d4e5,175,4,c6b4,0.0058,0.004,0.003,0.0023,c6b4,c6b4,c6b4,c6b4,162.0,0.0058,-0.0035,True,club,03_bands_club,2015,2144,2144,False,True,3,0.5212,0.018
r4rk1/1p3pp1/p1n1p3/3pP2p/3P4/4Q1PP/Pq2NRP1/5RK1 b - - 1 20,40,Tf7Ejqoe,b2c2,0,0,b2b4,0.0082,0.0094,0.0164,0.0312,b2a2,b2a2,b2a2,b2a2,458.0,0.0312,0.023,True,club,03_bands_club,2119,2087,2087,False,True,2,0.4985,0.0168
2r2rk1/1p2qpp1/p3pR2/n2pP1Qp/3P3P/6P1/P3N1PK/5R2 b - - 4 24,48,Tf7Ejqoe,e7a3,-399,65,c8c2,0.0094,0.0074,0.0065,0.0056,c8c2,c8c2,c8c2,c8c2,782.0,0.0094,-0.0038,True,club,03_bands_club,2119,2087,2087,False,True,6,0.6549,0.1859
r4rk1/1pp3b1/n2p1nq1/1N1Pp2p/1PP1P1P1/5BP1/3BQ3/2R1K2R b K - 0 22,44,Zu0SURwu,g7h6,14,14,h5g4,0.0004,0.0002,0.0001,0.0,h5g4,h5g4,h5g4,h5g4,116.0,0.0004,-0.0004,True,club,03_bands_club,2354,2279,2279,False,True,2,0.5296,0.0672
1n3rk1/2p1q1p1/1p2pb1p/r2P4/p2PB3/P4NP1/1PQ2P1P/1K1RR3 b - - 2 18,36,fNb8Jxxu,g8h8,-400,3,e6e5,0.0095,0.0172,0.0215,0.0236,e6d5,e6d5,e6d5,e6d5,255.0,0.0236,0.0141,True,club,03_bands_club,2010,2028,2028,False,True,6,0.7843,0.0805
q5k1/1b1Qbpp1/1B2p2p/p2n4/P2N4/6P1/1P2RP1P/6K1 b - - 2 32,64,d81Y4u9F,g8f8,-31,129,b7a6,0.0081,0.0074,0.0083,0.0117,d5b6,d5b6,d5b6,d5b6,139.0,0.0117,0.0036,True,club,03_bands_club,2325,2305,2305,False,True,0,0.4829,0.0874
4bn2/2r1k3/p3pRp1/Kp1pP1Pp/3N3P/1P1B4/P1P5/8 b - - 14 34,68,rHhsPP0v,c7c8,-436,6,e8f7,0.0313,0.0274,0.0236,0.0265,c7a7,c7a7,c7a7,c7a7,188.0,0.0313,-0.0048,True,club,03_bands_club,2291,2319,2319,False,True,6,0.651,0.0702
r1br2k1/1p1pnpb1/pq1Np1pp/4P3/1P6/PB3N2/4QPPP/2RR2K1 b - - 2 18,36,GtPvMMHV,d8f8,-231,17,e7c6,0.0099,0.0102,0.0118,0.0153,e7f5,e7f5,e7f5,e7f5,146.0,0.0153,0.0054,True,club,03_bands_club,2119,2145,2145,False,True,6,0.6285,0.0768
5r2/3p3k/5qpp/pN2pp2/8/bB6/3Q1PPP/3R2K1 b - - 0 34,68,GtPvMMHV,a3e7,-286,59,a3b4,0.0257,0.0175,0.0106,0.0086,a3b4,a3b4,a3b4,a3b4,105.0,0.0257,-0.0171,True,club,03_bands_club,2119,2145,2145,False,True,7,0.6056,0.1313
4kbnr/2p5/r1pqb3/p3N1p1/Q1Pp3p/P2P1NP1/1P2PP2/R1B2RK1 b k - 2 16,32,Ox4fHkKH,f8g7,40,111,g5g4,0.0231,0.0235,0.0248,0.0489,h4g3,h4g3,h4g3,h4g3,108.0,0.0489,0.0258,True,club,03_bands_club,2065,2021,2021,False,True,2,0.5663,0.0287
4kbnN/2p5/r1p2q2/p1P5/Q2p1Bb1/P2P2P1/1P2p3/R3R1K1 b - - 0 22,44,Ox4fHkKH,g8e7,240,100,f6h8,0.0047,0.0055,0.0065,0.0089,f6h8,f6h8,f6h8,f6h8,104.0,0.0089,0.0042,True,club,03_bands_club,2065,2021,2021,False,True,0,0.5268,0.1574
r2q1rk1/1pp2pp1/p1n1bb1p/3np3/PPB5/1QPP1N1P/3N1PP1/R1B2RK1 b - - 4 12,24,BsR1dKgP,d5c3,155,140,d5f4,0.0047,0.005,0.0038,0.0018,d5f4,d5f4,d5f4,d5f4,134.0,0.005,-0.0029,True,club,03_bands_club,2299,2260,2260,False,True,3,0.6837,0.0864
r1b2rk1/4nppp/2pp1q2/ppb5/4PP2/P1N1N3/1PPBQ1PP/R4R1K b - - 1 14,28,ISOtreQ3,f6d4,25,63,c8a6,0.0126,0.0133,0.0141,0.0157,b5b4,c8a6,c8a6,c8a6,201.0,0.0157,0.0031,True,club,03_bands_club,2032,2103,2103,False,True,2,0.6593,0.1383
2Q5/1p2k3/1qp2p2/p2p4/3P3p/1PP5/P4P2/4K3 b - - 0 34,68,7QMTAhu3,c6c5,175,175,a5a4,0.0464,0.0302,0.0218,0.0156,h4h3,a5a4,b6d8,b6d8,202.0,0.0464,-0.0308,True,club,03_bands_club,2131,2199,2199,False,True,0,0.3843,0.0378
r3qr2/pb2bpk1/1p2p1p1/2ppP2p/3P4/2PBPR1Q/PP1B2PP/5RK1 b - - 2 18,36,hsqhHe0X,b7c6,-223,36,e7g5,0.0084,0.0087,0.0088,0.0126,c5d4,c5c4,c5c4,f8h8,536.0,0.0126,0.0042,True,club,03_bands_club,2103,2129,2129,False,True,6,0.6221,0.0629
1r3rk1/2p2pp1/p2b3p/Pp1Bp3/1P2P3/2P1BP2/6PP/1R4K1 b - - 0 20,40,IETGDk0p,c7c6,181,85,g8h8,0.0404,0.0143,0.0076,0.0057,b8c8,b8c8,b8c8,b8c8,152.0,0.0404,-0.0347,True,club,03_bands_club,2037,2128,2128,False,True,2,0.4278,0.0419
5r1k/2p1b1p1/7p/PB2p3/1P2P3/6B1/2r3PP/1R4K1 b - - 2 28,56,IETGDk0p,e7b4,314,36,f8b8,0.0457,0.0404,0.0377,0.0356,f8b8,f8b8,e7d6,e7d6,224.0,0.0457,-0.0101,True,club,03_bands_club,2037,2128,2128,False,True,5,0.4067,0.0087
r1b1k2r/1pqp1pp1/p3p1n1/8/3NPb2/2P2N1B/PP4PB/2RQ1R1K b kq - 5 18,36,AIBIGhUN,b7b5,-184,7,d7d5,0.0045,0.0044,0.0053,0.0052,f4h2,f4h2,f4c1,f4c1,372.0,0.0053,0.0007,True,club,03_bands_club,2077,2082,2082,False,True,7,0.7628,0.1973
1k1r4/1pq2pN1/p7/3p4/5b2/2P5/PP4QN/4RR1K b - - 0 28,56,AIBIGhUN,f4e5,-525,34,d8h8,0.0282,0.0266,0.0234,0.0224,f4h2,f4h2,d8h8,d8h8,127.0,0.0282,-0.0058,True,club,03_bands_club,2077,2082,2082,False,True,1,0.5833,0.0167
r1b2rk1/p4p2/5p1p/3Nq3/2pQ4/P4P2/BPP1NP1b/R4R1K b - - 3 20,40,ZdBtwApU,c8b7,-430,22,g8h7,0.0288,0.0249,0.0233,0.0223,e5e2,e5h5,e5h5,e5h5,851.0,0.0288,-0.0065,True,club,03_bands_club,2068,2054,2054,False,True,7,0.6423,0.0829
5r2/p4p1k/5p1p/2r5/2B2N2/PPP2b2/5P1K/R5R1 b - - 2 28,56,ZdBtwApU,f8d8,-490,17,h7h8,0.0402,0.0302,0.0244,0.0259,c5f5,c5f5,c5f5,c5f5,317.0,0.0402,-0.0143,True,club,03_bands_club,2068,2054,2054,False,True,1,0.8263,0.3003
r2q1rk1/ppp5/n3bppb/3P1p1p/3P4/P1NBPN1P/1PQ2PP1/R3K2R b KQ - 0 12,24,XZvB4lNn,e6d7,-374,12,e6d5,0.0423,0.0325,0.0309,0.05,e6d5,e6d5,e6d5,e6d5,193.0,0.05,0.0077,True,club,03_bands_club,2156,2079,2079,False,True,6,0.6993,0.1844
r4r2/p1q3k1/5pBb/2P2Pp1/1n1N4/2N1P2P/1P1Q1P2/R3K2R b KQ - 2 24,48,XZvB4lNn,g7g8,-584,37,c7b7,0.0066,0.0102,0.0168,0.0226,c7c5,c7c5,c7c5,c7c5,351.0,0.0226,0.016,True,club,03_bands_club,2156,2079,2079,False,True,1,0.9071,0.4306
8/1r2pk1p/2p3p1/5b2/5b2/N1P2P2/KP2B2P/4R3 b - - 4 26,52,6xiO5NWs,h7h5,254,16,f5e6,0.0098,0.0089,0.0092,0.0116,f5e6,f5e6,f5e6,f5e6,191.0,0.0116,0.0018,True,club,03_bands_club,2244,2223,2223,False,True,0,0.6631,0.1995
5k2/1b3ppp/1p1r4/p2q4/8/PP4Q1/5PPP/2R2BK1 b - - 5 28,56,X804rDOV,b7c6,-10,0,h7h6,0.0134,0.0082,0.0066,0.0074,d6g6,d6g6,d6g6,d6g6,703.0,0.0134,-0.006,True,club,03_bands_club,2083,2072,2072,False,True,5,0.5963,0.1007
3r1k2/1b3pp1/1p5p/p1q5/2B5/PP3PQ1/6PP/4R2K b - - 2 32,64,X804rDOV,g7g5,14,8,c5a3,0.0083,0.0035,0.0016,0.0014,c5a3,c5a3,c5a3,c5a3,2003.0,0.0083,-0.0069,True,club,03_bands_club,2083,2072,2072,False,True,5,0.5543,0.0859
r1b1r1k1/2q2ppp/pp1b1nn1/2pP4/P1B5/1PN2P1P/1BQ1N1P1/4RRK1 b - - 5 16,32,GFTSw3K0,c8h3,146,96,c8h3,0.0253,0.0351,0.0368,0.0296,d6h2,c8d7,c8d7,c8d7,102.0,0.0368,0.0043,True,club,03_bands_club,2120,2186,2186,True,False,2,0.7021,0.1318
r2q1rk1/1ppbbpp1/5n1p/p7/2PpPP2/P2P1BN1/6PP/R1BQ1RK1 b - - 2 16,32,tbgtQ5KG,d7c8,-160,7,d7c6,0.0033,0.0035,0.0028,0.0017,c7c5,c7c5,c7c5,c7c5,157.0,0.0035,-0.0016,True,club,03_bands_club,2009,2015,2015,False,True,2,0.6604,0.0433
5rk1/pp4p1/7p/2p1bp2/3p4/2PP2qP/PP1BQ1B1/4R1K1 b - - 1 26,52,QcYTXrfB,d4c3,-343,20,g3h2,0.0197,0.0137,0.0107,0.0095,g3h2,g3h2,g3h2,g3h2,112.0,0.0197,-0.0102,True,club,03_bands_club,2090,2124,2124,False,True,7,0.7001,0.2671
6rk/pp2Q1p1/4R2p/2p5/3pBp2/2PP2bq/PP1BK3/8 b - - 1 32,64,QcYTXrfB,c5c4,-376,3,g3h2,0.0005,0.0002,0.0003,0.0005,h3h2,h3h2,h3h2,h3h2,121.0,0.0005,0.0,True,club,03_bands_club,2090,2124,2124,False,True,7,0.6835,0.305
r1bq1rk1/p4pbp/2pp2p1/4P3/2BBP1n1/2N5/PPP3PP/R2Q1RK1 b - - 0 12,24,F7ylNehU,c6c5,134,15,d6e5,0.0289,0.0145,0.0088,0.0077,d6e5,d6e5,d6e5,d6e5,377.0,0.0289,-0.0212,True,club,03_bands_club,2001,2111,2111,False,True,3,0.6561,0.1982
1r4k1/p3qp1p/2p3pn/4p3/1PQbP3/P1N4P/2P3P1/R4R1K b - - 0 22,44,F7ylNehU,h6g4,-148,142,h6g4,0.0077,0.007,0.0073,0.0081,c6c5,b8c8,b8c8,c6c5,239.0,0.0081,0.0004,True,club,03_bands_club,2001,2111,2111,True,False,5,0.5374,0.0382
1r4k1/p3qp1p/2Q3p1/4p3/1P1bP3/P1N1nR1P/2P3P1/R6K b - - 0 24,48,F7ylNehU,e7h4,-238,5,e7g5,0.0093,0.0084,0.0081,0.0075,e3c2,e3c2,e3c2,e3c2,275.0,0.0093,-0.0018,True,club,03_bands_club,2001,2111,2111,False,True,0,0.5095,0.009
1r4k1/4ppbp/4b1p1/pp6/8/P1P2B2/1P3PPP/R4RK1 b - - 0 18,36,mCjO8f94,g7f6,-133,13,h7h5,0.0019,0.002,0.0025,0.0044,b5b4,b5b4,b5b4,b5b4,247.0,0.0044,0.0025,True,club,03_bands_club,2257,2215,2215,False,True,5,0.5196,0.0989
r2qk2r/pp3ppp/2n1p3/2b2b2/2P1P3/3P4/PP2B1PP/R1BQK1NR b KQkq - 0 10,20,sVuwxQxp,f5e4,243,112,f5g6,0.0276,0.0179,0.0148,0.0168,f5g6,f5g6,f5g6,f5g6,121.0,0.0276,-0.0108,True,club,03_bands_club,2020,2062,2062,False,True,3,0.5398,0.033
r2q1rk1/1p3ppp/p3bn2/n3p3/3pP3/6NP/PPPQ1PP1/1KNR1B1R b - - 2 14,28,yOOCjfGY,f6d7,130,5,a5c4,0.0037,0.0042,0.0042,0.0044,a5c4,a5c4,a5c4,a5c4,220.0,0.0044,0.0007,True,club,03_bands_club,2117,2069,2069,False,True,2,0.663,0.1089
4r3/pp1k2bp/2ppq1p1/8/Q4p2/5NP1/PP1P1P1P/R1B2K1R b - - 0 18,36,2mtpEoW6,g6g5,-372,29,e6e2,0.0089,0.0047,0.0037,0.0033,e6e2,e6e2,e6e2,e6e2,227.0,0.0089,-0.0056,True,club,03_bands_club,2189,2096,2096,False,True,7,0.642,0.1579
r3r1k1/3nqpp1/b6p/3B4/1p1RpN1P/4P1Q1/P4PP1/4K2R b K - 2 22,44,IrfQVJPU,d7e5,267,31,a8c8,0.0122,0.0087,0.0074,0.0072,a8c8,a8c8,a8c8,a8c8,230.0,0.0122,-0.005,True,club,03_bands_club,2001,2064,2064,False,True,0,0.5743,0.1368
2r1r1k1/6p1/R2bq3/Np2pP2/1P1p1n1P/P2P1P2/1B1Q2BP/5RK1 b - - 0 32,64,ykp7Ebe9,d6b4,-191,95,e6f6,0.0,0.0,0.0,0.0,e6f5,e6f5,e6f5,e6f5,229.0,0.0,0.0,True,club,03_bands_club,2027,2101,2101,False,True,7,0.6376,0.1317
rn2k2r/p6p/2pb1ppn/4P3/4P1b1/2N2N2/PP4PP/R1B1KB1R b KQkq - 0 12,24,IrqGIpYH,d6f8,-312,204,g4f3,0.001,0.0005,0.0004,0.0003,f6e5,f6e5,f6e5,g4f3,240.0,0.001,-0.0007,True,club,03_bands_club,2146,2133,2133,False,True,6,0.6124,0.0632
2q1r1k1/pp2rpb1/2p4p/1PPpNbp1/P2P1P2/1QN3P1/6P1/R3R1K1 b - - 0 26,52,A8ZIntNR,h6h5,151,5,g5g4,0.0057,0.0037,0.0024,0.002,g5f4,g5f4,g5f4,f7f6,116.0,0.0057,-0.0037,True,club,03_bands_club,2078,2117,2117,False,True,0,0.6011,0.0411
6k1/p2r2b1/5p1p/2P5/P2PbPp1/4N1P1/5KP1/3R4 b - - 4 34,68,A8ZIntNR,g7f8,253,62,f6f5,0.0133,0.0076,0.0044,0.0039,f6f5,f6f5,f6f5,f6f5,157.0,0.0133,-0.0094,True,club,03_bands_club,2078,2117,2117,False,True,0,0.5077,0.0836
2r2rk1/5pBp/4p3/1q5n/1b1P4/5N1P/PP2PKQ1/R6R b - - 0 20,40,VVnOhlis,h5f4,230,606,h5f4,0.0122,0.0106,0.0095,0.0088,h5g7,h5g7,h5g7,h5g7,663.0,0.0122,-0.0034,True,club,03_bands_club,2014,2039,2039,True,False,6,0.5809,0.1127
1k1r1r2/pp1n4/q3pN2/3pPn2/3P1Q2/5NpP/P1R5/5RK1 b - - 9 30,60,PQWBzPvf,b8a8,130,7,b8a8,0.0058,0.0057,0.0065,0.0112,d7f6,d7f6,d7f6,d7f6,107.0,0.0112,0.0054,True,club,03_bands_club,2011,2048,2048,True,False,0,0.6289,0.2041
1r2kb1r/Rp3ppp/2p1p3/2Pp1b1n/3P4/1P2P3/1P1N1PPP/4KBNR b Kk - 0 10,20,OvO3OKoD,e6e5,-43,122,e6e5,0.0282,0.015,0.0135,0.0253,f8e7,f8e7,f8e7,f8e7,195.0,0.0282,-0.0029,True,club,03_bands_club,2180,2050,2050,True,False,3,0.5912,0.0444
r1b2rk1/q3bppp/p3p3/2p5/NpP2Pn1/1P3N2/P1P3PP/3RQRBK b - - 1 18,36,eniclQRe,g4f6,-89,35,a7c7,0.0342,0.0384,0.039,0.0341,c8b7,c8b7,c8b7,c8b7,308.0,0.039,-0.0001,True,club,03_bands_club,2034,2038,2038,False,True,2,0.6656,0.1262
r1b1k2r/2qn1p2/p1p1pb1p/3p2p1/2PP4/4PNP1/P2N1PBP/2RQ1RK1 b kq - 0 14,28,0evoQHmY,c7d8,-140,6,c7d6,0.0122,0.0199,0.0297,0.0329,d5c4,d5c4,d5c4,c7d6,105.0,0.0329,0.0207,True,club,03_bands_club,2008,2048,2048,False,True,2,0.6571,0.0402
2r1kr2/R3b1p1/4ppP1/P2p4/3Pn3/2p1B2P/2N3P1/5RK1 b - - 0 26,52,qpppreVw,e8d8,-96,64,e4g3,0.024,0.0243,0.027,0.0341,e4g3,e4g3,c8b8,c8b8,104.0,0.0341,0.0101,True,club,03_bands_club,2082,2122,2122,False,True,5,0.5885,0.0068
5r1k/pppb2pp/3q4/8/3P1pP1/1B5P/PP3K2/R1BQR3 b - - 4 20,40,CK0RwxLL,d6f6,-326,55,f4f3,0.0181,0.0161,0.013,0.0102,f4f3,f4f3,f4f3,f4f3,134.0,0.0181,-0.0079,True,club,03_bands_club,2185,2030,2030,False,True,7,0.6289,0.0756
5r1k/pppq2pp/4B3/4R1P1/3P4/3QBp1b/PP3K2/7R b - - 5 26,52,CK0RwxLL,d7e8,-909,27,d7d6,0.0062,0.0019,0.0008,0.0005,h3e6,h3e6,h3e6,h3e6,1090.0,0.0062,-0.0057,True,club,03_bands_club,2185,2030,2030,False,True,1,0.8902,0.4098
5r1k/ppp4p/3qB1p1/4R1P1/3P4/3QBR2/PP3K2/8 b - - 0 28,56,CK0RwxLL,h8g7,-930,0,f8e8,0.0206,0.0195,0.0221,0.0286,f8f3,f8f3,f8f3,f8f3,284.0,0.0286,0.008,True,club,03_bands_club,2185,2030,2030,False,True,1,0.7808,0.383
4b3/1r2k3/pp2p1p1/3pP1P1/1P1N1P2/P7/5K2/2R5 b - - 1 32,64,lnNjVmbi,e7f7,-268,7,e7d7,0.047,0.0408,0.0308,0.0268,b6b5,e7d7,e7d7,e7d7,173.0,0.047,-0.0202,True,club,03_bands_club,2125,2125,2125,False,True,5,0.6226,0.1776
r2q1r1k/1p1b1pp1/pn2p3/4N3/P2P4/2pBP1BP/1bR2PP1/3Q1RK1 b - - 3 20,40,1k0M3kJX,g7g6,-414,65,d7a4,0.0056,0.0064,0.0076,0.0113,d7a4,d7a4,d7a4,d7a4,1584.0,0.0113,0.0057,True,club,03_bands_club,2060,2049,2049,False,True,6,0.6726,0.1251
8/5k1p/2b1pB2/4P3/8/4K1P1/1b2B2P/8 b - - 4 34,68,5N44P4Tk,h7h6,-44,1,f7g6,0.0416,0.037,0.0355,0.0307,b2c1,f7g6,f7g6,f7g6,285.0,0.0416,-0.0109,True,club,03_bands_club,2076,2078,2078,False,True,5,0.3774,0.1166
4brk1/1pq2p1p/4p2Q/pP1pPpP1/P2P4/4PN2/5KP1/4R3 b - - 2 26,52,eK9euEPU,f5f4,-279,81,c7c2,0.0027,0.0018,0.0014,0.0014,c7c2,c7c2,c7c2,c7c2,111.0,0.0027,-0.0013,True,club,03_bands_club,2236,2295,2295,False,True,6,0.6737,0.119
5rk1/5p1p/1p2pQ1R/pP1pP1P1/3P1P2/5NK1/2q3P1/8 b - - 0 34,68,eK9euEPU,c2c8,-510,50,a5a4,0.0238,0.0181,0.0131,0.0097,a5a4,a5a4,a5a4,a5a4,220.0,0.0238,-0.0141,True,club,03_bands_club,2236,2295,2295,False,True,1,0.8213,0.2878
5rk1/3R3p/p2Rq1p1/Q3p1P1/1Pr1P3/2P5/2P5/1K6 b - - 3 34,68,a4fMOIBW,c4d4,-755,18,f8f1,0.0001,0.0001,0.0001,0.0001,f8f1,f8f1,f8f1,f8f1,372.0,0.0001,0.0,True,club,03_bands_club,2300,2333,2333,False,True,1,0.8202,0.1852
2r4r/3qp1k1/3p2p1/p5Pn/4P1R1/2N1Bn2/PPP3Q1/2K2R2 b - - 0 22,44,BR7CdDMS,f3h2,0,182,f3h2,0.0073,0.0039,0.0026,0.0023,f3e5,f3e5,f3e5,f3e5,186.0,0.0073,-0.005,True,club,03_bands_club,2301,2214,2214,True,False,6,0.5847,0.0135
7k/4p3/3pQ1p1/p1r3qn/4P3/2N5/PPP5/1K3R2 b - - 3 28,56,BR7CdDMS,g5g2,-399,42,h5f4,0.0328,0.0182,0.0107,0.0085,c5e5,c5e5,c5e5,c5e5,1598.0,0.0328,-0.0243,True,club,03_bands_club,2301,2214,2214,False,True,5,0.6255,0.0981
5R2/5ppk/1p5p/1rp5/4P3/Pr4P1/1P3P1P/3R2K1 b - - 4 28,56,PwlyxMyE,b3f3,-173,39,h7g6,0.0074,0.0065,0.0068,0.0097,b3b2,f7f6,h7g6,h7g6,165.0,0.0097,0.0023,True,club,03_bands_club,2230,2229,2229,False,True,5,0.5891,0.1495
2kq2rr/p3b3/2pp1R2/4p1p1/4P1p1/P1NPB1K1/2P1Q1B1/1R6 b - - 0 26,52,eziV4F4g,h8h4,-554,23,e7f6,0.0005,0.0004,0.0004,0.0007,e7f6,e7f6,e7f6,e7f6,205.0,0.0007,0.0002,True,club,03_bands_club,2307,2253,2253,False,True,7,0.5542,0.0314
3r3k/pp4p1/1np1Qp1p/5N2/3P1q2/2P4P/P4PP1/4R1K1 b - - 2 24,48,w3YILJcq,d8b8,-307,43,b6d5,0.0007,0.0005,0.0003,0.0003,b6d5,b6d5,b6d5,b6d5,131.0,0.0007,-0.0004,True,club,03_bands_club,2288,2343,2343,False,True,5,0.625,0.0421
2r2rk1/1b2bpp1/pq2p2p/1pn1N3/5BQ1/2R1P3/PP3PPP/1B1R2K1 b - - 2 18,36,nztRLGXN,c8d8,-120,81,e7f6,0.0182,0.0077,0.0039,0.0022,c5e4,e7f6,f7f5,f7f5,101.0,0.0182,-0.016,True,club,03_bands_club,2260,2268,2268,False,True,6,0.6197,0.0311
r3qrk1/pbpn1ppp/1p1b1n2/3pN3/3P1P2/1PNBP3/PB4PP/R2Q1RK1 b - - 0 12,24,2V9OgCAg,a8d8,-90,5,f6e4,0.0086,0.0053,0.0036,0.0031,f6e4,f6e4,f6e4,f6e4,107.0,0.0086,-0.0055,True,club,03_bands_club,2220,2273,2273,False,True,3,0.7265,0.1106
1r1q1rk1/2pnbppp/4p3/1p6/2bPPB2/5NP1/1PQ2PBP/R3R1K1 b - - 2 16,32,soFfqTSy,f7f5,-250,16,e7b4,0.0232,0.0217,0.0178,0.0081,e7b4,e7b4,d7b6,d7b6,206.0,0.0232,-0.0151,True,club,03_bands_club,2337,2221,2221,False,True,6,0.5932,0.0277
rnbk1b1r/pp2n1p1/2p4p/5p2/P1B1pN1P/2P5/1P3PP1/RNB1K2R b KQ - 0 10,20,4DWQ5WIX,e7d5,-60,27,g7g6,0.0431,0.0429,0.0373,0.0308,g7g5,b8d7,b8d7,b8d7,252.0,0.0431,-0.0123,True,club,03_bands_club,2235,2303,2303,False,True,2,0.5816,0.0659
5r2/pp3p1p/4pk2/3p4/2n4r/6RP/PPB1KP2/6R1 b - - 2 26,52,XoJFOgTZ,f8c8,445,11,f8c8,0.0177,0.018,0.0224,0.0382,c4b2,c4b2,c4b2,c4b2,144.0,0.0382,0.0205,True,club,03_bands_club,2302,2292,2292,True,False,4,0.7833,0.2454
2r2rk1/pp3ppp/4p3/2npP3/1q3B2/1P3Q1P/P1P2PP1/3R1RK1 b - - 0 18,36,HluCRVVX,b7b5,64,8,c5e4,0.0037,0.0026,0.0022,0.0022,c5e4,c5e4,c5e4,c5e4,136.0,0.0037,-0.0015,True,club,03_bands_club,2285,2229,2229,False,True,2,0.5829,0.0352
2r3k1/p2r1ppp/3Pp3/1pn1PqBP/3R4/6Q1/5PP1/5RK1 b - - 2 28,56,HluCRVVX,f7f6,-33,174,c5e4,0.0137,0.0095,0.007,0.007,c5e4,c5e4,c5e4,c5e4,218.0,0.0137,-0.0067,True,club,03_bands_club,2285,2229,2229,False,True,6,0.5924,0.024
2r3k1/p2r1ppp/3PpB2/1p2P2P/4q3/6Q1/5PP1/5RK1 b - - 1 30,60,HluCRVVX,e4g6,-612,126,g7g6,0.0145,0.0231,0.0259,0.0237,g7g6,g7g6,g7g6,g7g6,459.0,0.0259,0.0092,True,club,03_bands_club,2285,2229,2229,False,True,6,0.4829,0.0372
r4rk1/p4ppp/2p1pb2/P2q4/3P4/Q4N2/5PPP/R4RK1 b - - 0 20,40,I5IYR40e,c6c5,314,112,f6d4,0.0077,0.0055,0.0051,0.0055,f6d4,f6d4,f6d4,f6d4,213.0,0.0077,-0.0022,True,club,03_bands_club,2399,2273,2273,False,True,0,0.6637,0.185
2r1nrk1/3b2pp/p2qppN1/1p1p2PQ/1P1P1P2/P1N1P3/7P/1BR2RK1 b - - 0 20,40,kkDUnCzo,f6f5,-513,79,h7g6,0.0356,0.0369,0.0332,0.0217,h7g6,h7g6,h7g6,h7g6,228.0,0.0369,-0.0139,True,club,03_bands_club,2224,2385,2385,False,True,1,0.6601,0.0022
r1bqkb1r/pp3ppp/3p4/1N1Ppn2/2P5/3B4/PP3PPP/R1BQK2R b KQkq - 2 10,20,0L9tPxJV,g7g6,-54,20,f8e7,0.0498,0.0346,0.0242,0.0398,a7a6,a7a6,a7a6,a7a6,106.0,0.0498,-0.01,True,club,03_bands_club,2284,2386,2386,False,True,3,0.7268,0.2626
3r2k1/3q1p2/1Rn1p1p1/2P2b1p/1P1Pp3/6PP/3QNPB1/6K1 b - - 6 26,52,YRtmpQqz,d7e8,-255,21,c6e7,0.0008,0.0005,0.0002,0.0002,c6d4,c6d4,c6d4,c6d4,206.0,0.0008,-0.0006,True,club,03_bands_club,2287,2288,2288,False,True,6,0.5834,0.0032
2b1r3/R2p2pk/1qnQ1p1p/4pN1P/1p2P3/1BP3P1/1P3P2/3R2K1 b - - 0 30,60,DcwpsR4w,b4c3,-586,66,b6a7,0.0219,0.0118,0.0074,0.0063,b6a7,b6a7,b6a7,b6a7,115.0,0.0219,-0.0156,True,club,03_bands_club,2396,2386,2386,False,True,1,0.7301,0.0022
1r1q1rk1/p1pnbp1p/1p1p1p1B/8/2P5/2N1P2P/PP2QPP1/2R2RK1 b - - 0 14,28,S4PmYBIR,f6f5,-427,4,d7e5,0.0117,0.0144,0.0203,0.0203,f8e8,f8e8,f8e8,f8e8,1571.0,0.0203,0.0086,True,club,03_bands_club,2255,2316,2316,False,True,6,0.6538,0.1137
r1bq1rk1/ppp2pp1/1bnp1n1p/8/2BPP3/2N2N1P/PP3PP1/R1BQ1RK1 b - - 2 10,20,h3u2HLd6,f6e4,1,101,b6a5,0.0078,0.0051,0.006,0.0265,f8e8,f8e8,f8e8,f8e8,119.0,0.0265,0.0187,True,club,03_bands_club,2369,2240,2240,False,True,3,0.7154,0.3686
r1bqr1k1/ppp2pp1/2np1n1p/b7/2BPP3/1QN2N1P/PP3PP1/R1B1R1K1 b - - 6 12,24,h3u2HLd6,d6d5,-17,116,d8e7,0.0307,0.0229,0.0108,0.0044,a5c3,a5c3,a5c3,a5c3,116.0,0.0307,-0.0263,True,club,03_bands_club,2369,2240,2240,False,True,3,0.7571,0.2716
r1b1r1k1/ppp1qpp1/2np1n1p/8/2BPP3/1QB2N1P/PP3PP1/R3R1K1 b - - 0 14,28,h3u2HLd6,a7a5,-279,38,e7f8,0.0086,0.0097,0.0102,0.0112,c8e6,f6e4,f6e4,f6e4,234.0,0.0112,0.0026,True,club,03_bands_club,2369,2240,2240,False,True,3,0.6747,0.0374
3r4/ppp2kp1/2n2n1p/4N3/8/2B3PP/PP3P2/3R2K1 b - - 4 24,48,h3u2HLd6,f7f8,-62,7,f7e6,0.0222,0.018,0.016,0.0164,c6e5,c6e5,c6e5,c6e5,441.0,0.0222,-0.0058,True,club,03_bands_club,2369,2240,2240,False,True,5,0.5013,0.151
5rk1/1p4bn/1B1p2pp/3P4/1pP5/3Q4/r5PP/1B2R2K b - - 0 26,52,4EtzJKRq,h7f6,-540,20,a2a3,0.0032,0.0029,0.003,0.0032,a2a3,a2a3,a2a3,a2a3,450.0,0.0032,0.0,True,club,03_bands_club,2316,2303,2303,False,True,1,0.9006,0.4131
2k4r/p1q5/2prp3/3p4/3P2P1/1QP3n1/PP3NP1/R3R1K1 b - - 2 26,52,lDmxTXQF,g3e4,-46,39,d6d8,0.0399,0.0297,0.0155,0.0096,c7h7,c7h7,c7h7,c7h7,123.0,0.0399,-0.0303,True,club,03_bands_club,2268,2298,2298,False,True,0,0.4903,0.0582
r4rk1/5p1p/3p1qp1/3Pb3/1p2P3/2NQ3P/2B2PP1/R3R2K b - - 0 26,52,CF8bSsJw,f6f4,335,56,e5c3,0.0082,0.0047,0.0027,0.0026,e5c3,e5c3,e5c3,e5c3,123.0,0.0082,-0.0056,True,club,03_bands_club,2268,2214,2214,False,True,0,0.624,0.1552
r1bq1r1k/pp4pp/2n5/3p1p1n/3P4/P3PP2/R3N1PP/1BBQ1RK1 b - - 3 14,28,3JhBKJbH,c8d7,-125,1,g7g5,0.0134,0.013,0.0162,0.0262,f5f4,f5f4,f5f4,f5f4,107.0,0.0262,0.0128,True,club,03_bands_club,2232,2238,2238,False,True,2,0.6195,0.1252
2r1r1k1/1bq2ppp/pp6/2n1pN2/PQ2P3/3B4/1PP3PP/3R1R1K b - - 4 20,40,peuEtPEQ,g8h8,55,8,c8d8,0.0014,0.0027,0.0039,0.0043,c5d3,c5d3,c5d3,c5d3,106.0,0.0043,0.0029,True,club,03_bands_club,2397,2307,2307,False,True,2,0.6374,0.0974
r5k1/5pb1/3N1npp/2pP4/4PP2/7Q/4qNKB/7R b - - 0 34,68,i0Vqdlkq,g7f8,-35,150,a8a2,0.0152,0.0128,0.0105,0.0096,a8a2,a8a2,a8a2,a8a2,183.0,0.0152,-0.0056,True,club,03_bands_club,2297,2279,2279,False,True,7,0.7247,0.2571
rn3k1r/3q2bp/p2N2p1/4p3/p6Q/4P1P1/1PP3KP/R2R4 b - - 0 22,44,NA2l214N,h7h6,-107,97,b8c6,0.0125,0.0091,0.0105,0.0143,d7c6,d7c6,d7c6,d7c6,147.0,0.0143,0.0018,True,club,03_bands_club,2339,2265,2265,False,True,6,0.6842,0.1888
r6r/pp3ppp/2B1pkq1/2Q5/8/4B3/PP3P1P/2KR4 b - - 0 20,40,9CEC5BXd,g6g4,-615,178,h8d8,0.0021,0.0021,0.0034,0.0056,b7c6,b7c6,b7c6,b7c6,1383.0,0.0056,0.0035,True,club,03_bands_club,2394,2237,2237,False,True,7,0.4929,0.0043
rn2r1k1/pp3pp1/2pb4/q5P1/3P2Q1/2P1B3/PP3PP1/R3K2R b KQ - 0 14,28,WzVHdZix,a5a4,-212,15,b8a6,0.0088,0.0066,0.0045,0.0036,a5b5,a5b5,a5b5,a5b5,212.0,0.0088,-0.0052,True,club,03_bands_club,2218,2212,2212,False,True,6,0.6233,0.1781
rnb2r2/pp3pkp/2p2Np1/4Q3/3Pp3/2q1P3/P1P2KPP/R4B1R b - - 1 16,32,6SOIoHO6,f8e8,-502,41,f8g8,0.0013,0.0008,0.0006,0.0007,c3a1,c3a1,c3a1,c3d2,207.0,0.0013,-0.0006,True,club,03_bands_club,2207,2219,2219,False,True,6,0.6275,0.1339
4rq2/1pp2rbk/3p2pp/p1nPp2n/2P3N1/2N1B1PP/PP1Q1P2/1K3R1R b - - 7 20,40,iPS15N5y,h5g3,341,278,e5e4,0.0322,0.0228,0.0214,0.0274,h5f6,h5f6,b7b6,b7b6,406.0,0.0322,-0.0048,True,club,03_bands_club,2381,2379,2379,False,True,2,0.6449,0.1559
r1b1kb1r/p4pp1/5n1p/8/8/4B3/PPPK1PqP/RN1Q3R b kq - 1 16,32,oBt27NEo,c8b7,668,154,c8b7,0.0172,0.0229,0.03,0.0372,f6e4,f6e4,f6e4,f6e4,188.0,0.0372,0.02,True,club,03_bands_club,2219,2207,2207,True,False,4,0.869,0.4533
rq2k2r/3p2pp/p7/3pPB2/1p4Q1/8/PPP2PPP/4R1K1 b - - 1 20,40,gt37zS6r,e8d8,-529,30,g7g6,0.0458,0.0466,0.0401,0.0392,g7g6,g7g6,b8c7,b8c7,299.0,0.0466,-0.0066,True,club,03_bands_club,2292,2275,2275,False,True,6,0.6894,0.0162
rq1k3r/3B3p/p3P1p1/3p4/1p4Q1/8/PPP2PPP/4R1K1 b - - 0 22,44,gt37zS6r,b8b6,-597,1,b8d6,0.0247,0.0198,0.0147,0.0105,b8d6,b8d6,b8d6,d8e7,185.0,0.0247,-0.0142,True,club,03_bands_club,2292,2275,2275,False,True,1,0.7891,0.1283
r2k3r/3BR2p/p5p1/3p4/1p4Q1/8/PPP2PPP/6K1 b - - 0 24,48,gt37zS6r,a8a7,-870,16,d8e7,0.0089,0.0054,0.0031,0.0028,d8e7,d8e7,d8e7,d8e7,229.0,0.0089,-0.0061,True,club,03_bands_club,2292,2275,2275,False,True,1,0.7823,0.3419
1r1q2k1/pp2b2p/2npPNp1/2pB4/5pP1/8/PPP2P1P/R2Q2K1 b - - 1 20,40,0kqwfVXo,g8g7,-217,43,g8g7,0.0168,0.013,0.0127,0.0153,e7f6,e7f6,e7f6,e7f6,377.0,0.0168,-0.0015,True,club,03_bands_club,2391,2365,2365,True,False,6,0.4478,0.032
5rk1/1p3rb1/2ppqnpB/p1n1p3/2P1P3/1PNP2NP/P2Q1RK1/5R2 b - - 8 24,48,4ar6NzDU,c5d3,206,155,c5d3,0.0076,0.0067,0.0056,0.0035,g7h6,g7h6,c5d7,c5d7,237.0,0.0076,-0.0041,True,club,03_bands_club,2360,2282,2282,True,False,2,0.5648,0.066
rn2r1k1/ppp1qppp/8/5b2/2PP4/2P1pN1P/P3Q1P1/2KR1B1R b - - 2 14,28,B8Ivdr9p,b8d7,358,34,e7a3,0.0132,0.0142,0.0149,0.0179,e7a3,e7a3,e7a3,e7a3,125.0,0.0179,0.0047,True,club,03_bands_club,2265,2220,2220,False,True,0,0.6635,0.0207
4r1k1/ppp2p2/5r2/2PP1Npp/2PK2P1/4p2P/P3R3/8 b - - 1 30,60,B8Ivdr9p,g8f8,248,17,h5g4,0.0065,0.0083,0.0117,0.0234,h5g4,h5g4,h5g4,h5g4,121.0,0.0234,0.0169,True,club,03_bands_club,2265,2220,2220,False,True,0,0.4342,0.0467
3rr1k1/1pq2pp1/p3bn1p/3pb3/P2N4/2N1QB1P/1PP2PP1/3RR1K1 b - - 0 20,40,m7G2zQ4d,e6h3,210,126,e6h3,0.0309,0.0369,0.0306,0.0169,e5d4,e5d4,e5f4,e5f4,171.0,0.0369,-0.014,True,club,03_bands_club,2309,2375,2375,True,False,2,0.5423,0.0977
2r1q1k1/1p5p/p1p3p1/2b1PrP1/3p1PQ1/2P1p3/PP5P/2BR1R1K b - - 0 24,48,fzTwUn74,e8f7,96,24,d4c3,0.0182,0.016,0.0133,0.0105,c8d8,c8d8,c8d8,c8d8,209.0,0.0182,-0.0077,True,club,03_bands_club,2207,2386,2386,False,True,0,0.6299,0.1021
2r3k1/1p5p/p1p1q1p1/2b1PrP1/5PQ1/2P1p3/P6P/2BRR2K b - - 2 26,52,fzTwUn74,f5e5,156,58,e6a2,0.0022,0.0015,0.0011,0.001,e6a2,e6a2,c8f8,c8f8,172.0,0.0022,-0.0012,True,club,03_bands_club,2207,2386,2386,False,True,0,0.6697,0.1754
5rk1/1p5p/p1p3p1/4PrP1/3R1PQ1/2P5/2q4P/3R3K b - - 4 30,60,fzTwUn74,c6c5,129,103,c2c3,0.0232,0.0168,0.0143,0.0171,c2c3,c2c3,c2c3,c2c3,129.0,0.0232,-0.0061,True,club,03_bands_club,2207,2386,2386,False,True,0,0.5809,0.1044
3r2k1/5ppp/5n2/N7/8/P2p2P1/1r3P1P/R2R2K1 b - - 1 24,48,YW0lGkGb,b2c2,197,161,f6e4,0.0357,0.0342,0.0314,0.0323,d3d2,d3d2,d3d2,d3d2,183.0,0.0357,-0.0034,True,club,03_bands_club,2224,2232,2232,False,True,0,0.4876,0.0525
r4rk1/3nBp2/pq1p2p1/1ppPb1Qp/4P2P/5P1R/PP2B1P1/1K1R4 b - - 7 20,40,u8iQeUbp,c5c4,0,62,f8e8,0.0417,0.04,0.0439,0.0441,f8e8,f8e8,f8e8,f8e8,107.0,0.0441,0.0024,True,club,03_bands_club,2229,2296,2296,False,True,2,0.5285,0.0728
r4k2/2qnb3/p2p4/1ppP3B/4P2P/6R1/PP4P1/1K2R3 b - - 2 28,56,u8iQeUbp,c7a5,481,25,d7f6,0.0366,0.0268,0.0198,0.0181,e7h4,e7h4,e7h4,d7f6,118.0,0.0366,-0.0185,True,club,03_bands_club,2229,2296,2296,False,True,4,0.6795,0.3301
r3k2r/3qppbp/2p1b1p1/pN1p4/3P2P1/3BPP2/PPP1Q1P1/2KR3R b kq - 0 16,32,NLlNIb5C,e8g8,-7,24,e8g8,0.0139,0.0081,0.005,0.0064,c6b5,c6b5,c6b5,c6b5,381.0,0.0139,-0.0075,True,club,03_bands_club,2266,2379,2379,True,False,2,0.5303,0.0708
r4k2/p2bnpp1/2n1p2P/3pP1B1/qppP4/P1P2Q2/2P1NP2/R2K3R b - - 0 20,40,Tt0B2WdU,f8e8,-669,80,g7h6,0.0056,0.0053,0.0044,0.0043,g7h6,g7h6,g7h6,g7h6,202.0,0.0056,-0.0013,True,club,03_bands_club,2363,2393,2393,False,True,1,0.7846,0.0816
4r1k1/p4ppp/1q1p1b2/2pB4/2Pn4/4B3/PP3PPP/1R1Q2K1 b - - 7 22,44,WhqegQ6o,b6a6,-42,8,d4f5,0.0186,0.0178,0.018,0.0212,d4f5,d4f5,d4f5,d4f5,124.0,0.0212,0.0026,True,club,03_bands_club,2286,2256,2256,False,True,5,0.5463,0.0069
5k2/p1pr3p/3p2p1/1R1Pp2q/5r2/2P2NQP/P4PP1/6K1 b - - 0 28,56,S70HYWJp,f4f5,221,33,h5f5,0.0171,0.0152,0.0113,0.0078,d7f7,d7f7,d7f7,d7f7,136.0,0.0171,-0.0093,True,club,03_bands_club,2247,2322,2322,False,True,0,0.55,0.147
3rr1k1/p4pp1/1p3n2/3qn2p/1P1N1P2/P3P1PP/1B2Q3/2RR2K1 b - - 0 24,48,NJWLTlyt,a7a5,-280,8,e5g6,0.0016,0.0003,0.0001,0.0,e5g6,e5g6,e5g6,e5g6,157.0,0.0016,-0.0016,True,club,03_bands_club,2219,2214,2214,False,True,5,0.5268,0.0123
6k1/p4p2/1p3p2/3n1N1p/1P3P2/P1qrP1PP/R3QK2/8 b - - 9 32,64,NJWLTlyt,c3c4,-185,168,c3b3,0.0254,0.0298,0.0362,0.0416,c3b3,c3b3,c3b3,c3b3,253.0,0.0416,0.0162,True,club,03_bands_club,2219,2214,2214,False,True,5,0.5884,0.0522
7r/p4k2/N3p1p1/3p1p1p/P3nP1P/1rP1R3/6PK/3R4 b - - 0 28,56,qE99ZmNT,e4f2,552,109,h8c8,0.0409,0.0146,0.0056,0.0031,b3c3,b3c3,b3c3,b3c3,193.0,0.0409,-0.0378,True,club,03_bands_club,2253,2283,2283,False,True,4,0.7775,0.2305
r3kb1r/p4ppp/1qp1p3/3pP1B1/3n2Q1/2N5/PP3PPP/R2R2K1 b kq - 1 14,28,tOm4vr87,c6c5,92,43,d4f5,0.0451,0.0476,0.0452,0.0409,d4f5,d4f5,d4f5,d4f5,194.0,0.0476,-0.0042,True,club,03_bands_club,2200,2225,2225,False,True,2,0.6141,0.0158
r4b1r/2q2kpp/5p2/1pP5/1Pp2P2/P1Q5/1B2R1PP/R5K1 b - - 1 22,44,GqqLwsqn,a8d8,-277,21,f8e7,0.0275,0.0301,0.0378,0.046,c7f4,c7f4,c7f4,c7f4,121.0,0.046,0.0185,True,club,03_bands_club,2234,2226,2226,False,True,6,0.5931,0.0052
r2n2kr/pp1bqpp1/4p2p/3pP3/5Q1N/3B2R1/2P2PPP/1R4K1 b - - 3 20,40,IVHm13QA,a7a5,102,31,d8c6,0.0212,0.0201,0.0154,0.0113,g7g5,g7g5,g7g5,g7g5,102.0,0.0212,-0.0099,True,club,03_bands_club,2300,2202,2202,False,True,2,0.5978,0.0678
4r3/1p1k4/3b2p1/p2p1p1p/P2P3P/5P2/1P3KP1/4R1N1 b - - 0 26,52,8Nf1hnyQ,d6g3,476,327,d6g3,0.033,0.0398,0.0467,0.0472,e8e1,e8e1,e8e1,e8e1,325.0,0.0472,0.0142,True,club,03_bands_club,2387,2377,2377,True,False,0,0.5344,0.1437
8/1p1k4/6N1/p2p1p1p/P2P3P/5PK1/1r4P1/8 b - - 0 30,60,8Nf1hnyQ,b7b5,578,2,b7b5,0.0387,0.0305,0.0323,0.0415,b2b4,b2b4,b2b4,b2b4,109.0,0.0415,0.0028,True,club,03_bands_club,2387,2377,2377,True,False,4,0.8625,0.5893
r1k1r3/1pp1qp2/p7/2nPP3/2P2PP1/P1R1Q3/1P4B1/4K2R b K - 2 24,48,ghrGzq6w,a6a5,-439,48,a6a5,0.0167,0.0156,0.0139,0.0138,c5a4,c5a4,c5a4,c5a4,100.0,0.0167,-0.0029,True,club,03_bands_club,2210,2216,2216,True,False,1,0.8674,0.3242
r4rk1/1b2ppbp/p1np2p1/1p3PB1/4P3/P1NB4/1PPQNqPP/1R5K b - - 0 16,32,TT2nPupp,g7c3,190,35,g7e5,0.0441,0.0281,0.0177,0.0089,c6d4,c6e5,c6e5,c6e5,171.0,0.0441,-0.0352,True,club,03_bands_club,2395,2362,2362,False,True,2,0.5345,0.0832
r4rk1/1b2pp1p/pqnp2p1/1p2bPB1/4P3/P1NB4/1PPQN1PP/1R5K b - - 4 18,36,TT2nPupp,g8h8,158,9,a8c8,0.0023,0.0024,0.0021,0.0024,c6d4,c6d4,c6d4,c6d4,119.0,0.0024,0.0001,True,club,03_bands_club,2395,2362,2362,False,True,2,0.6122,0.1012
r4rk1/p2n1ppp/bp1p4/n1p5/R1PpPP2/2PB4/P3N1PP/2B2R1K b - - 0 16,32,bQW2JZ1F,a8e8,229,28,d4c3,0.0249,0.0146,0.0129,0.0164,d4c3,d4c3,d4c3,d4c3,148.0,0.0249,-0.0085,True,club,03_bands_club,2354,2260,2260,False,True,2,0.6195,0.0416
2rr4/nbq2kp1/p3pb2/1pP2B2/5N2/P3P3/1PQ2PPP/2R2RK1 b - - 8 24,48,yiY37ACV,b7d5,-57,150,b7d5,0.0088,0.0085,0.0082,0.0079,e6f5,e6f5,e6f5,e6f5,170.0,0.0088,-0.0009,True,club,03_bands_club,2320,2324,2324,True,False,6,0.5404,0.1274
7r/n1P2kp1/p3pb2/1p2q3/1P4B1/P3P1P1/2Q2P1P/2R3K1 b - - 0 32,64,yiY37ACV,e5b2,-88,123,e5b2,0.0227,0.0136,0.0086,0.0054,h8c8,h8c8,h8c8,h8c8,238.0,0.0227,-0.0173,True,club,03_bands_club,2320,2324,2324,True,False,6,0.5923,0.0925
7r/n1P1k1p1/p3pb2/1p6/1P4B1/P3P1P1/1qR2P1P/3Q2K1 b - - 4 34,68,yiY37ACV,b2a1,0,240,b2a1,0.0202,0.0228,0.0289,0.0442,b2a3,b2a3,b2a3,b2a3,634.0,0.0442,0.024,True,club,03_bands_club,2320,2324,2324,True,False,6,0.6109,0.1192
3rn1k1/1pp3pp/2n1qp2/p2rp3/8/P2PBN1P/1PP1QPP1/R4RK1 b - - 3 18,36,cX4M4uCF,d5d7,29,1,e6f7,0.0102,0.0172,0.034,0.0429,e8d6,e8d6,e8d6,e8d6,363.0,0.0429,0.0327,True,club,03_bands_club,2242,2204,2204,False,True,2,0.6221,0.1446
rqb1k2r/3nbpp1/3p3p/1N2p1P1/3BQP2/1B6/PPP4P/2KR2R1 b kq - 0 18,36,Hu6PVrPP,a8a6,-297,17,c8b7,0.0014,0.0007,0.0005,0.0006,e5d4,e5d4,e5d4,e5d4,154.0,0.0014,-0.0008,True,club,03_bands_club,2320,2223,2223,False,True,6,0.7061,0.2466
2r2rk1/6pp/2pbp3/8/2pP3P/p1P4K/4Q1P1/R7 b - - 1 30,60,GIRMz5iP,g8h8,-24,1,f8f6,0.0087,0.0136,0.0142,0.0131,c8e8,c8e8,c8e8,c8e8,134.0,0.0142,0.0044,True,club,03_bands_club,2261,2324,2324,False,True,5,0.4644,0.0468
rnbq1rk1/ppp2pbp/5np1/4N3/4P3/2NB4/PPP2PPP/R1BQ1RK1 b - - 0 8,16,iPqjO6pA,b8d7,-151,27,f6e4,0.0406,0.0258,0.0073,0.0007,f6e4,f6e4,f6e4,f6e4,116.0,0.0406,-0.0399,True,club,03_bands_club,2309,2227,2227,False,True,3,0.7558,0.2507
rnbq3k/pppr2bp/6p1/6N1/2B5/8/PPP2PPP/R1BQ1RK1 b - - 4 12,24,iPqjO6pA,d8f6,-299,0,d8f6,0.0048,0.0066,0.0083,0.0112,d7d1,d7d1,d7d1,d7d1,396.0,0.0112,0.0064,True,club,03_bands_club,2309,2227,2227,True,False,6,0.638,0.1083
r1b4k/pppr2b1/5qpp/4n1N1/7Q/1B2B3/PPP2PPP/R4RK1 b - - 3 16,32,iPqjO6pA,b7b5,-225,4,d7e7,0.015,0.0129,0.0112,0.0107,e5f7,e5f7,e5f7,e5f7,271.0,0.015,-0.0043,True,club,03_bands_club,2309,2227,2227,False,True,6,0.6702,0.0764
r1bq1rk1/3nb1pp/p2p4/3Ppp2/2B5/4BN2/PP3PPP/R2QR1K1 b - - 1 14,28,cwkcRsQv,g7g5,42,0,f5f4,0.005,0.0038,0.0051,0.0127,f5f4,f5f4,f5f4,d7f6,379.0,0.0127,0.0077,True,club,03_bands_club,2312,2308,2308,False,True,2,0.6474,0.1009
5r1k/r2qn1pp/p2p1b2/B2Ppb2/2Q1Np2/1B5P/PP3PP1/2R1R1K1 b - - 2 24,48,cwkcRsQv,e7c8,-111,1,f6h4,0.0095,0.0083,0.0072,0.0076,f8c8,f8c8,f8c8,f5h3,162.0,0.0095,-0.0019,True,club,03_bands_club,2312,2308,2308,False,True,2,0.58,0.1105
5r1k/r3n1pp/p2p4/B2Pp3/1Q2N2b/1BR2p2/PP3Pq1/2R1K3 b - - 3 30,60,cwkcRsQv,h4f2,541,146,h4f2,0.0482,0.0316,0.0195,0.0147,g2g1,g2g1,g2g1,g2g1,114.0,0.0482,-0.0335,True,club,03_bands_club,2312,2308,2308,True,False,7,0.7146,0.2229
r3r1k1/ppp1qppp/3pb3/5P2/3BP2b/2PQ2NP/PP4P1/4RRK1 b - - 0 18,36,IiFlVSFI,e6c4,-84,78,e6a2,0.0057,0.0047,0.0041,0.004,e6d7,e6d7,e6d7,e6d7,109.0,0.0057,-0.0017,True,club,03_bands_club,2367,2216,2216,False,True,6,0.5949,0.0002
3qrnk1/1pb2ppp/2p2n2/1PPp3b/Q2P4/2N2N1P/4BPP1/B4RK1 b - - 2 18,36,5bTzMbS8,e8e2,181,28,f6e4,0.0195,0.0167,0.018,0.0232,c6b5,c6b5,c6b5,c6b5,143.0,0.0232,0.0037,True,club,03_bands_club,2244,2203,2203,False,True,2,0.625,0.0461
3r2k1/1Rb2pp1/4n3/3n4/4N3/5KPP/1B6/8 b - - 6 34,68,5bTzMbS8,d5b6,455,13,c7b6,0.0311,0.0341,0.0331,0.0265,f7f5,d8b8,d8b8,d8b8,111.0,0.0341,-0.0046,True,club,03_bands_club,2244,2203,2203,False,True,4,0.8086,0.3987
3r2k1/1b3r1p/p4Pp1/1pqp2P1/6Q1/P1P5/2P3B1/4RR1K b - - 2 26,52,eQ9q1Jmo,d8f8,-77,13,b7c8,0.0114,0.0117,0.0108,0.0099,c5c3,c5c3,c5c3,c5c3,139.0,0.0117,-0.0015,True,club,03_bands_club,2246,2346,2346,False,True,5,0.6055,0.1578
2kr3r/1pN1n3/1p2qp2/3p2p1/3P3p/P3PQ2/5PP1/2R2RK1 b - - 0 22,44,3B2j0ibJ,e6f7,-261,29,e6d7,0.0311,0.0294,0.031,0.037,e6d6,e6d6,e6d6,e6d6,205.0,0.037,0.0059,True,club,03_bands_club,2378,2261,2261,False,True,6,0.4994,0.0142
1k1r4/1p5R/8/1p2Nnp1/3P4/P3P3/5PK1/8 b - - 1 34,68,3B2j0ibJ,d8e8,-298,4,b8c8,0.0049,0.0041,0.0037,0.004,f5h4,f5h4,f5h4,f5h4,101.0,0.0049,-0.0009,True,club,03_bands_club,2378,2261,2261,False,True,5,0.5964,0.1072
r1b1r1k1/ppp2ppp/3b2q1/3P1n2/8/P3BNNP/1P3PPK/2R1QR2 b - - 6 18,36,GI9VrTQF,e8e3,567,122,e8e3,0.0139,0.0122,0.0146,0.0194,f5g3,f5g3,f5g3,f5g3,483.0,0.0194,0.0055,True,club,03_bands_club,2207,2233,2233,True,False,4,0.7444,0.1326
2r1r2k/1b1q2p1/p3pp2/Pp1pPn1P/nBpP1QB1/2P2N2/2PK1P2/R5R1 b - - 3 26,52,OrqPUL7H,d7f7,-524,19,e8g8,0.0398,0.0402,0.04,0.0437,f5h6,f5h6,f5h6,f5h6,140.0,0.0437,0.0039,True,club,03_bands_club,2293,2256,2256,False,True,1,0.8043,0.1015
2r3rk/1b1q2p1/p4P2/Pp1p1p1P/nBpP1Q2/2P2N2/2PK1P2/R5R1 b - - 0 28,56,OrqPUL7H,d7f7,-652,23,c8c6,0.0368,0.0419,0.0371,0.0296,g7f6,g7f6,g7f6,g7f6,1337.0,0.0419,-0.0072,True,club,03_bands_club,2293,2256,2256,False,True,1,0.8767,0.2466
6rk/1bq2Pp1/p1r5/Pp1pNp1P/nBpP1Q2/2P5/2PK1P2/R5R1 b - - 0 30,60,OrqPUL7H,a4c3,-843,87,g8c8,0.0082,0.0099,0.0108,0.0106,g8f8,g8f8,g8f8,g8d8,1150.0,0.0108,0.0024,True,club,03_bands_club,2293,2256,2256,False,True,1,0.8268,0.3039
2q3k1/5ppp/pn6/PPb3P1/2p2P1P/7r/2P2RQ1/3R2K1 b - - 4 30,60,i0wQwrpR,g7g6,297,49,c5f2,0.0034,0.0022,0.0016,0.0016,c5f2,c5f2,c5f2,c5f2,292.0,0.0034,-0.0018,True,club,03_bands_club,2291,2329,2329,False,True,0,0.5155,0.1454
N5k1/5ppp/2p5/8/P3p3/2b5/3p1PPP/1b1K4 b - - 2 28,56,OZiVQhbS,c3a5,1985,2,b1a2,0.0417,0.0443,0.0442,0.0392,b1d3,b1d3,b1d3,b1d3,1145.0,0.0443,-0.0025,True,club,03_bands_club,2355,2222,2222,False,True,4,0.8783,0.5845
5rk1/5p1p/3Qp1p1/1r6/1NB1PP2/2Pn2qP/1P4P1/5R1K b - - 2 26,52,DPElwmKN,b5g5,394,286,b5b4,0.0024,0.0014,0.0011,0.0011,d3f2,d3f2,d3f2,d3f2,528.0,0.0024,-0.0013,True,club,03_bands_club,2205,2316,2316,False,True,6,0.3735,0.0498
8/Bb1p3k/1P2p2p/4P3/2r5/2P3P1/5KP1/7R b - - 1 32,64,KGcUYhnK,c4g4,-240,24,c4c3,0.0011,0.001,0.0012,0.0022,c4c3,c4c3,c4c3,c4c3,100.0,0.0022,0.0011,True,club,03_bands_club,2222,2224,2224,False,True,5,0.5119,0.2498
r3r1k1/p1p2pp1/2pb2p1/8/3p2PQ/3P1q1P/PBP2P2/R3R1K1 b - - 5 20,40,6b9aq6Q5,g6g5,531,3,c6c5,0.0205,0.0134,0.0085,0.0069,e8e1,c6c5,c6c5,c6c5,111.0,0.0205,-0.0136,True,club,03_bands_club,2261,2309,2309,False,True,0,0.6573,0.0639
1b3rk1/1Q3pp1/p3p3/5b1p/4N3/3n1R1P/PP4P1/7K b - - 2 24,48,ZbbdCa9E,d3f4,-305,4,d3b2,0.0487,0.0463,0.0441,0.04,d3e5,d3e5,d3e5,d3e5,113.0,0.0487,-0.0087,True,club,03_bands_club,2250,2264,2264,False,True,5,0.4574,0.043
2Q5/5ppk/8/3bp3/P6p/6bP/6P1/7K b - - 0 32,64,ZbbdCa9E,g7g6,-363,0,e5e4,0.0357,0.0364,0.0385,0.0471,e5e4,e5e4,e5e4,e5e4,270.0,0.0471,0.0114,True,club,03_bands_club,2250,2264,2264,False,True,1,0.447,0.0669
r5k1/4bpp1/8/2ppP2p/1P3B1P/2P2P2/3K2P1/1R6 b - - 0 28,56,GFmiPVHV,a8a4,-12,157,c5b4,0.0027,0.0017,0.0012,0.0011,c5b4,c5b4,c5b4,c5b4,163.0,0.0027,-0.0016,True,club,03_bands_club,2339,2262,2262,False,True,5,0.6073,0.1899
8/p6p/2k1n1p1/2p5/P1Kp1P2/1P4P1/1BP4P/8 b - - 0 30,60,IaUpL3DQ,e6d8,-335,30,a7a5,0.0088,0.0119,0.0169,0.0302,a7a5,a7a5,a7a6,e6g7,154.0,0.0302,0.0214,True,club,03_bands_club,2298,2297,2297,False,True,5,0.4942,0.0964
r7/p2nppk1/5bp1/1p3b1p/3PN2P/2P2P2/qP1NQ1P1/2KR3R b - - 0 20,40,g4BDMu6I,f6d4,124,53,b5b4,0.0013,0.0011,0.001,0.0011,a2a1,a2a1,b5b4,d7b6,163.0,0.0013,-0.0002,True,club,03_bands_club,2285,2272,2272,False,True,0,0.5772,0.0556
2r5/5pk1/4b1p1/p2qp2p/1nP1N2P/Q3RP2/1K1N2P1/3R4 b - - 0 34,68,g4BDMu6I,d5d8,-222,95,c8c4,0.0131,0.0103,0.009,0.0085,d5d4,d5d4,d5d4,c8c4,113.0,0.0131,-0.0046,True,club,03_bands_club,2285,2272,2272,False,True,7,0.7313,0.2979
5rk1/p1p2ppp/3b2n1/7Q/P5P1/3N3q/1PP2P1P/R1B1R1K1 b - - 2 20,40,M7shDxvP,g6h4,478,10,d6h2,0.0384,0.0385,0.0387,0.04,h3f3,h3f3,h3f3,h3f3,925.0,0.04,0.0016,True,club,03_bands_club,2383,2230,2230,False,True,7,0.5774,0.2222
3r2k1/p4p2/bp1N2p1/2p5/2P5/1P3B2/P4P1P/3R2K1 b - - 1 32,64,fCn4tqO4,d8f8,-512,5,g8f8,0.0103,0.0092,0.0077,0.0062,f7f5,g8g7,g8g7,g8g7,142.0,0.0103,-0.0041,True,club,03_bands_club,2317,2239,2239,False,True,1,0.7545,0.2423
r4bkr/pp4p1/2p5/8/4P1N1/8/P1P3PP/R4R1K b - - 0 18,36,mOBSuLks,h8h5,-59,19,a8e8,0.0031,0.0026,0.0022,0.0021,f8d6,f8d6,f8d6,f8d6,110.0,0.0031,-0.001,True,club,03_bands_club,2204,2212,2212,False,True,5,0.5841,0.1903
2r2r2/3q1pkp/3p1np1/pppP4/3pPP2/1P1P2PP/P5BK/R2Q1R2 b - - 0 20,40,m4U1UAq1,c8e8,-56,5,d7a7,0.0142,0.017,0.021,0.0223,c5c4,c5c4,c5c4,c5c4,190.0,0.0223,0.0081,True,club,03_bands_club,2274,2314,2314,False,True,2,0.606,0.1316
5rk1/5pp1/2N1pn1p/pQ1q4/P2P4/bp3P2/5BPP/1R4K1 b - - 3 28,56,78AMDa9k,f8c8,464,55,d5b5,0.0482,0.0255,0.0149,0.0111,b3b2,b3b2,b3b2,b3b2,476.0,0.0482,-0.0371,True,club,03_bands_club,2382,2384,2384,False,True,0,0.6768,0.2674
r1br2k1/1pp1npp1/p1n2q1p/2pBp3/4P3/1QPP1N1P/PP1N1PP1/R4RK1 b - - 5 12,24,Bzf6VJDN,e7g6,159,72,e7g6,0.0172,0.0164,0.021,0.0343,e7d5,e7d5,c6a5,c6a5,188.0,0.0343,0.0171,True,club,03_bands_club,2281,2304,2304,True,False,2,0.677,0.069
r1bq1rk1/2p2ppp/p1n2n2/1pp1p3/4P3/1BNP1N1P/PPP2PP1/R2Q1RK1 b - - 1 10,20,9HpQFhIF,a8b8,-10,2,h7h6,0.0162,0.0093,0.0086,0.0108,c6d4,c6d4,c6d4,c6d4,122.0,0.0162,-0.0054,True,club,03_bands_club,2258,2305,2305,False,True,3,0.7158,0.2412
5r1k/p5bp/6q1/8/8/QR6/2r3PP/6RK b - - 7 34,68,YlEAL3sz,c2c7,464,19,c2g2,0.0273,0.0359,0.0402,0.0337,f8f2,g7d4,g7d4,g7d4,880.0,0.0402,0.0064,True,club,03_bands_club,2257,2298,2298,False,True,4,0.7095,0.1497
r3r1k1/pp1b1pPp/1q1p2p1/2p3B1/2P1P3/2NB1P1P/PP1Q4/R5K1 b - - 0 18,36,VXqGtf9V,d7c6,-418,28,d7c6,0.0067,0.0041,0.0031,0.0034,d7h3,d7h3,d7h3,d7h3,166.0,0.0067,-0.0033,True,club,03_bands_club,2269,2239,2239,True,False,1,0.737,0.1787
r1bq1r2/1p3pkp/2p1npp1/p2p4/P2P1P1P/2PBPQ2/1P3P2/RN2K2R b KQ - 0 14,28,DGwoHXvU,d8b6,0,7,f6f5,0.0416,0.038,0.0382,0.0362,h7h5,h7h5,h7h5,h7h5,195.0,0.0416,-0.0054,True,club,03_bands_club,2323,2232,2232,False,True,2,0.6658,0.0767
6k1/2p2bp1/3b1p2/1Q5p/3P3P/2P5/1BP2PP1/1qN3K1 b - - 2 28,56,neNjlR12,d6f4,245,5,c7c6,0.0337,0.0277,0.0296,0.0418,b1c2,b1c2,b1c2,b1c2,221.0,0.0418,0.0081,True,club,03_bands_club,2255,2352,2352,False,True,0,0.4856,0.1714
r3r1k1/p2R2pp/8/p3p3/2q1P3/4Q3/P5PP/5RK1 b - - 1 24,48,jvJtF3Zg,a8d8,0,0,e8f8,0.035,0.0249,0.0236,0.0289,c4a2,c4a2,c4a2,c4a2,1995.0,0.035,-0.0061,True,club,03_bands_club,2246,2241,2241,False,True,5,0.5203,0.0388
5rk1/p3R1pp/8/pq2p1Q1/4P3/8/P1r3PP/3R2K1 b - - 9 28,56,jvJtF3Zg,c2g2,264,227,b5b6,0.0223,0.027,0.0332,0.0374,b5c5,b5c5,b5c5,b5c5,648.0,0.0374,0.0151,True,club,03_bands_club,2246,2241,2241,False,True,0,0.5002,0.0972
6rk/3q3p/1p1p1n2/p2P4/n1P1pP1Q/4N3/2P1B2P/R1K5 b - - 1 26,52,WVKmzMUF,g8f8,-9,17,g8f8,0.0097,0.0082,0.008,0.0094,g8g1,g8g1,g8g1,g8g1,308.0,0.0097,-0.0003,True,club,03_bands_club,2332,2385,2385,True,False,5,0.4979,0.0464
r3kn1r/1b1qb1pp/p3pn2/1p1p1p1P/2pP4/P1P1PNB1/1PBN1PP1/R2QR1K1 b kq - 2 16,32,724Y28fS,d7d8,-50,2,f6g4,0.003,0.0046,0.0052,0.0049,f6h5,f6h5,f6h5,f6h5,318.0,0.0052,0.0019,True,club,03_bands_club,2381,2250,2250,False,True,2,0.7127,0.0762
3r2k1/5pp1/p2qp2p/1p1p4/2nQ1PPP/P1P5/1P2R1K1/4R3 b - - 0 32,64,kFrrEQYZ,d6d7,-39,8,d6e7,0.0248,0.0334,0.0384,0.0339,d8e8,d8e8,d6b6,d6b6,309.0,0.0384,0.0091,True,club,03_bands_club,2372,2234,2234,False,True,0,0.5151,0.026
r4b1k/1b1r1pp1/p1p1p2p/1p2B2Q/2pqP3/P1NP2RP/1PP2PP1/3R2K1 b - - 3 22,44,a2s9rcF7,d4e5,-507,32,d4c5,0.0061,0.0061,0.0054,0.0053,d4c5,d4c5,d4c5,d4c5,1490.0,0.0061,-0.0008,True,club,03_bands_club,2292,2250,2250,False,True,6,0.7033,0.1408
r2qkb1r/pp3ppp/2n1bn2/2Pp4/3N4/2N1B3/PP2PPPP/R2QKB1R b KQkq - 4 8,16,D9VtQ2MQ,a8c8,-41,20,f8e7,0.0037,0.0057,0.0106,0.0165,f8c5,f8c5,f8c5,f8c5,399.0,0.0165,0.0128,True,club,03_bands_club,2314,2248,2248,False,True,3,0.762,0.3331
4rnk1/p6p/2p4R/r1bpB1P1/P7/1P2PN2/4K3/2R5 b - - 3 34,68,D9VtQ2MQ,d5d4,-97,77,f8g6,0.0378,0.0225,0.017,0.0158,f8g6,f8g6,f8g6,f8g6,102.0,0.0378,-0.022,True,club,03_bands_club,2314,2248,2248,False,True,5,0.5958,0.0684
4b3/8/2p4p/N2p2p1/1P3pP1/P1k2P1P/2P5/3K4 b - - 4 34,68,k6Qkyg9x,e8g6,327,251,d5d4,0.0243,0.0241,0.0273,0.0384,c3b2,c3b2,c3b2,c3b2,327.0,0.0384,0.0141,True,club,03_bands_club,2390,2308,2308,False,True,0,0.414,0.0247
r4rk1/5ppp/p1pb4/1p1n4/3P2b1/1BPQB1Pq/PP3P1P/RN2R1K1 b - - 4 16,32,kSoQkC6W,h3h5,0,0,a8e8,0.0051,0.0052,0.0079,0.0145,g4f3,g4f3,g4f3,g4f3,112.0,0.0145,0.0094,True,club,03_bands_club,2347,2233,2233,False,True,2,0.5382,0.0091
r3k2r/1b1n1ppp/p2b1q2/P2p4/Q1pP4/2N1PN2/4BPPP/R4RK1 b kq - 3 16,32,ZgHWQXfm,b7c6,26,33,a8c8,0.0116,0.0063,0.0026,0.0009,e8g8,f6e7,f6e7,f6e7,329.0,0.0116,-0.0107,True,club,03_bands_club,2288,2366,2366,False,True,2,0.6173,0.081
5r2/p1p2kpQ/4p2p/2p1P2q/5p1b/2P2P1P/PP3PK1/1B1R4 b - - 0 24,48,IDKSNcSL,f8d8,-40,70,f8d8,0.0162,0.014,0.0209,0.0413,h5g5,h5g5,h5g5,h5g5,155.0,0.0413,0.0251,True,club,03_bands_club,2320,2299,2299,True,False,5,0.5539,0.0698
k2rr3/pp3Q1p/2b3p1/1q2P1Pn/1B6/5N1P/P5BK/1R6 b - - 0 30,60,wVK9gUn3,b5b6,395,27,a7a5,0.0042,0.0044,0.0041,0.0035,c6f3,c6f3,c6f3,c6f3,103.0,0.0044,-0.0007,True,club,03_bands_club,2235,2263,2263,False,True,4,0.7431,0.1241
2r3k1/p4ppp/1p6/5bB1/1nB5/1P3P2/P5P1/5R1K b - - 2 28,56,kRf1DuxG,f5e6,141,1,b4a2,0.0098,0.0084,0.0081,0.0094,b4a2,b4a2,b4a2,b4a2,141.0,0.0098,-0.0004,True,club,03_bands_club,2281,2219,2219,False,True,5,0.4257,0.019
2k1r2r/p5b1/1B1pp3/1R3p2/q4PpP/P2P2P1/2P4K/1Q2R3 b - - 0 24,48,N1CPncE7,h8h4,292,94,a7b6,0.0031,0.0043,0.0055,0.0076,a7b6,a7b6,a7b6,a7b6,106.0,0.0076,0.0045,True,club,03_bands_club,2327,2288,2288,False,True,6,0.4668,0.064
1rr3k1/3bq1n1/4ppP1/3pn2P/p2N1N2/P2B4/1P3P2/KQ1R3R b - - 2 26,52,3l6A9bS8,c8c3,-296,17,c8c3,0.0137,0.0131,0.0134,0.0178,e5d3,e5d3,e7a3,e7a3,295.0,0.0178,0.0041,True,club,03_bands_club,2389,2260,2260,True,False,6,0.7048,0.2443
2r4r/p2k1p1p/4p3/2Pp1np1/1P6/8/P2BKPPP/R1R5 b - - 0 22,44,BGyUsNX0,c8b8,-88,18,h8g8,0.0078,0.0061,0.0047,0.0059,f5d4,f5d4,f5d4,f5d4,127.0,0.0078,-0.0019,True,club,03_bands_club,2237,2375,2375,False,True,5,0.5664,0.0411
2r3k1/p2n2pp/2p2b2/3p4/NP6/P6P/4r1PB/2R2R1K b - - 0 28,56,iEfaJnHu,d7b6,235,72,e2a2,0.0364,0.0384,0.0434,0.0437,e2a2,e2a2,e2a2,e2a2,148.0,0.0437,0.0073,True,club,03_bands_club,2253,2242,2242,False,True,0,0.6611,0.2284
r1b2rk1/pp4bp/2p1q1p1/P3n3/4NP2/6P1/2Q2BBP/1R1R2K1 b - - 0 24,48,gDQ2vHWB,e6c4,-156,59,e5g4,0.0064,0.0041,0.0033,0.0038,e5g4,e5g4,e5g4,e5g4,175.0,0.0064,-0.0026,True,club,03_bands_club,2252,2303,2303,False,True,6,0.5894,0.0658
r1b1r1k1/pp5p/2p3pn/P5N1/3b1P2/6PP/2Q3BK/1R6 b - - 1 30,60,gDQ2vHWB,g8h8,-382,43,g8h8,0.002,0.0023,0.0027,0.0037,c8f5,c8f5,c8f5,c8f5,237.0,0.0037,0.0017,True,club,03_bands_club,2252,2303,2303,True,False,6,0.6956,0.027
4r1k1/2Q2pbp/p5p1/8/4p1P1/q3B2P/5PK1/3R4 b - - 0 28,56,PTK9ESCt,a3c3,40,10,a3c3,0.0113,0.0101,0.0095,0.0084,a3b3,a3e7,a3e7,a3e7,2027.0,0.0113,-0.0029,True,club,03_bands_club,2276,2323,2323,True,False,0,0.5045,0.124
r1b1k2r/p2p1ppp/1qp1p3/4P3/1bP1NP2/3Qn3/PP1B2PP/R3KB1R b KQkq - 4 12,24,U2TPWmxE,e8g8,-77,7,c8a6,0.0123,0.0098,0.0091,0.0128,e3f1,e3f1,e3f1,e3f1,167.0,0.0128,0.0005,True,club,03_bands_club,2296,2312,2312,False,True,3,0.6187,0.3498
5rk1/p2p2pp/b1pNp3/2qnPp2/2P2P2/5K2/Pr2B1PP/R1Q4R b - - 1 20,40,U2TPWmxE,b2c2,678,81,b2c2,0.0006,0.0005,0.0004,0.0004,c5a3,c5a3,c5a3,f8b8,141.0,0.0006,-0.0002,True,club,03_bands_club,2296,2312,2312,True,False,0,0.6239,0.0673
2r3k1/3p1p2/p2Bp1p1/P2bP2p/2r5/2P1RP2/2P3PP/1R4K1 b - - 1 24,48,yaleOG5O,g6g5,11,5,c4a4,0.0176,0.0123,0.0106,0.0139,c4c3,c4c3,c4c3,c4c3,118.0,0.0176,-0.0037,True,club,03_bands_club,2333,2239,2239,False,True,5,0.5026,0.0534
4r1k1/p3rppp/8/3n4/7P/1N1P2P1/Pb2NP2/3RRK2 b - - 3 24,48,6jENKVBK,g7g6,-36,2,b2c3,0.0078,0.0069,0.0083,0.0108,b2c3,b2c3,b2c3,d5c3,132.0,0.0108,0.003,True,club,03_bands_club,2233,2239,2239,False,True,5,0.5309,0.0866
6k1/5p1p/q1b1p1p1/4P3/p4P2/P1R1B2P/1P3QPK/3r4 b - - 2 32,64,LDIgLzdY,h7h5,-58,15,c6d5,0.0142,0.013,0.0162,0.0323,a6b7,a6b7,a6b7,a6b7,362.0,0.0323,0.0181,True,club,03_bands_club,2305,2208,2208,False,True,5,0.5676,0.1059
2r4k/2q4p/p3p1p1/1p1pPr2/1P2nP2/2P1Q3/P3N1RP/2R4K b - - 0 28,56,GUsuWJUx,g6g5,200,15,c7c4,0.0309,0.0127,0.0057,0.0038,c7c4,c7c4,c7c4,c7c4,255.0,0.0309,-0.0271,True,club,03_bands_club,2271,2271,2271,False,True,0,0.6481,0.1388
r3r1k1/pb1q2p1/1p2p1Bp/8/3P4/2P2Pb1/P2BQ1P1/2R1R2K b - - 1 22,44,xdkem0cB,d7d8,369,96,d7e7,0.0003,0.0002,0.0001,0.0001,g3e1,g3e1,g3e1,g3e1,369.0,0.0003,-0.0002,True,club,03_bands_club,2383,2374,2374,False,True,0,0.524,0.0478
8/5pp1/4p3/2b4p/1p3k2/1P3P2/P3KP1P/4N3 b - - 1 28,56,e8JDtbaj,f4f5,143,2,c5d6,0.016,0.0203,0.0242,0.03,g7g5,g7g5,g7g5,g7g5,712.0,0.03,0.014,True,club,03_bands_club,2292,2371,2371,False,True,0,0.4003,0.0757
8/5pp1/3bp3/7p/1p3P2/1P1N1k1P/P4P2/5K2 b - - 0 32,64,e8JDtbaj,g7g6,411,4,f7f6,0.0362,0.0333,0.0273,0.02,f3e4,d6f4,d6f4,d6f4,402.0,0.0362,-0.0162,True,club,03_bands_club,2292,2371,2371,False,True,0,0.5113,0.1017
2rr4/p7/4kpp1/4p2p/8/4KPP1/P6P/2R4R b - - 0 24,48,5pf0jdm5,h5h4,250,16,f6f5,0.0012,0.001,0.0011,0.0017,c8c1,f6f5,f6f5,f6f5,102.0,0.0017,0.0005,True,club,03_bands_club,2260,2397,2397,False,True,0,0.5261,0.1768
r1b1k2r/pp1p1ppp/4pn2/6P1/1R3B1P/2Q2B1N/q7/4K2R b Kkq - 0 20,40,FVGY9LvT,e8g8,-460,37,f6d5,0.0179,0.0105,0.0063,0.0036,f6d5,f6d5,f6d5,f6d5,117.0,0.0179,-0.0143,True,club,03_bands_club,2214,2217,2217,False,True,1,0.5794,0.005
r2qk2r/p2n1ppp/2Q1p3/2b3B1/2Pp4/5N2/PP3PPP/R4RK1 b kq - 3 14,28,P6Y2DRAU,a8c8,-85,3,d8c8,0.015,0.0105,0.0069,0.0053,f7f6,f7f6,f7f6,f7f6,154.0,0.015,-0.0097,True,club,03_bands_club,2312,2279,2279,False,True,5,0.5827,0.0438
r7/5rkp/p2q1np1/1p1p2B1/3R3Q/2P4P/PP3PP1/3R2K1 b - - 2 28,56,yVjtF8iH,a6a5,-371,14,a8d8,0.0267,0.0133,0.006,0.0035,f6h5,f6h5,f6h5,f6h5,109.0,0.0267,-0.0232,True,club,03_bands_club,2321,2311,2311,False,True,5,0.6513,0.0305
2kr4/1bqr1pb1/pR2p2p/2p1n1p1/P3P3/2PPQ1PP/5PBN/1RN3K1 b - - 0 24,48,1M4Xztv7,b7c6,-231,76,e5d3,0.0109,0.008,0.0071,0.0096,e5d3,e5d3,e5d3,e5d3,264.0,0.0109,-0.0013,True,club,03_bands_club,2240,2225,2225,False,True,6,0.6825,0.0988
3r4/1k3pb1/p3p2p/2Q3p1/P3P3/2Pr2PP/5PBN/6K1 b - - 0 28,56,1M4Xztv7,e6e5,-527,60,d3d1,0.0014,0.001,0.0007,0.0006,d3d1,d3c3,d3c3,d3c3,310.0,0.0014,-0.0008,True,club,03_bands_club,2240,2225,2225,False,True,1,0.7668,0.2306
3k4/2r2p2/4p2p/6p1/P3P3/2b3PP/4QPB1/3r1NK1 b - - 2 34,68,1M4Xztv7,d1c1,-384,10,d1a1,0.018,0.0154,0.0141,0.0128,c7d7,c7d7,c7d7,c7d7,140.0,0.018,-0.0052,True,club,03_bands_club,2240,2225,2225,False,True,1,0.6897,0.216
3rrnk1/1p3pp1/3q1p1p/p7/4B3/2N1B3/PP3PKP/1Q2R3 b - - 2 22,44,aHnNUOl3,d6e6,14,14,e8e7,0.0384,0.0396,0.0355,0.0339,f8g6,e8e5,e8e5,e8e5,264.0,0.0396,-0.0045,True,club,03_bands_club,2218,2218,2218,False,True,7,0.5976,0.2725
r2q1rk1/1bp1bppp/p7/1p5R/2P5/1B1n4/PP3PPP/RNBQ2K1 b - - 1 14,28,5i5xeHIU,g7g6,338,41,g7g6,0.0464,0.0321,0.0273,0.0378,d3c1,d3c1,d3c1,d3c1,102.0,0.0464,-0.0086,True,club,03_bands_club,2279,2332,2332,True,False,0,0.6445,0.1263
r3r1k1/pp2qppp/2pp4/5Pb1/3pP1P1/1P6/1PPB1Q1P/4RR1K b - - 6 18,36,wDkpQ4Dc,g5e3,316,43,g5d2,0.0056,0.0057,0.0065,0.0068,g5d2,g5d2,g5d2,g5d2,145.0,0.0068,0.0012,True,club,03_bands_club,2247,2237,2237,False,True,0,0.6947,0.1753
3rr1k1/pp3p1p/2p2Pp1/3q2P1/3p4/1P6/1PP3QP/4R1RK b - - 1 24,48,wDkpQ4Dc,d5d7,319,54,d5g2,0.0105,0.0135,0.0162,0.0174,d5g2,d5g2,d5g2,d5g2,260.0,0.0174,0.0069,True,club,03_bands_club,2247,2237,2237,False,True,0,0.6665,0.1235
r3k3/ppp1b1p1/4pn1q/2PpNp1r/3P1P2/4P1P1/PP1N1KP1/R2Q1R2 b - - 2 20,40,WGRdPP0e,e8f8,-176,37,h5h2,0.0137,0.0111,0.0106,0.0143,f6g4,f6e4,f6e4,f6e4,115.0,0.0143,0.0006,True,club,03_bands_club,2315,2234,2234,False,True,6,0.6013,0.1132
2k4r/pp1b4/5P2/q2p4/2p1r1nP/P1P2Q1R/2PB1P2/R2K1B2 b - - 3 22,44,PatKfN20,g4e3,175,86,h8f8,0.0038,0.0031,0.0026,0.0022,g4e5,g4e5,g4e5,g4e5,201.0,0.0038,-0.0016,True,club,03_bands_club,2309,2285,2285,False,True,0,0.5344,0.0483
2b2r1k/1p1n2p1/3q3p/1P1N1p2/2BPn3/r3PN2/1Q3PPP/1R3RK1 b - - 2 22,44,uwRe2x8V,e4g5,-383,3,a3a8,0.0075,0.006,0.0049,0.0044,a3a4,a3a4,d7b6,d7b6,124.0,0.0075,-0.0031,True,club,03_bands_club,2287,2265,2265,False,True,6,0.7185,0.1476
r7/p2n1p1k/4b1pp/N1p5/N1PbP3/6PP/PP1r1PB1/R4RK1 b - - 6 20,40,cvbof96C,d2c2,-21,2,d4b2,0.0315,0.0285,0.023,0.0183,d4b2,d7e5,d7e5,d7e5,118.0,0.0315,-0.0132,True,club,03_bands_club,2342,2230,2230,False,True,5,0.5469,0.0286
r1b1rk2/pp1n1pp1/2pb1n2/q2p1BB1/3P4/2N1PN2/PPQ2PPP/R4RK1 b - - 4 12,24,xDM8tsru,d6b4,-239,21,f6e4,0.0335,0.0316,0.0288,0.0252,g7g6,a5c7,a5c7,g7g6,138.0,0.0335,-0.0083,True,club,03_bands_club,2246,2251,2251,False,True,6,0.6463,0.0042
4rnk1/Q4pp1/8/8/3P4/P3PqBP/1P5K/2R1R3 b - - 1 34,68,xDM8tsru,e8a8,-473,76,e8e3,0.0047,0.0029,0.0016,0.0011,e8e3,e8e3,e8e3,e8e3,164.0,0.0047,-0.0036,True,club,03_bands_club,2246,2251,2251,False,True,1,0.7533,0.229
r2nk2r/1ppbqnb1/p2p1pp1/3Pp2p/4P1PN/2P1B2P/PPBN1P2/R2QK2R b KQkq - 1 14,28,LsvBUX1J,g7h6,-359,22,d7g4,0.0277,0.0237,0.0206,0.0176,g6g5,h5g4,h5g4,h5g4,102.0,0.0277,-0.0101,True,club,03_bands_club,2316,2217,2217,False,True,6,0.6277,0.0915
2k3rr/1pp5/p2p1R1n/1q1Pp1p1/2N1PnP1/1BP1KNQ1/PP6/4R3 b - - 1 28,56,LsvBUX1J,a6a5,0,129,c8b8,0.0238,0.0252,0.032,0.0377,b5c5,b5c5,b5c5,b5c5,314.0,0.0377,0.0139,True,club,03_bands_club,2316,2217,2217,False,True,7,0.6559,0.2509
r1q1r1k1/1pp2pb1/2np2p1/p4P1p/2P1P1n1/PPN3P1/2Q1N1KP/1RB2R2 b - - 2 18,36,J8Y2w49o,g4f6,-84,7,c6e5,0.0153,0.0148,0.0105,0.0061,g6f5,g6f5,g6f5,c6d4,105.0,0.0153,-0.0092,True,club,03_bands_club,2271,2336,2336,False,True,2,0.6892,0.1594
r4rk1/pp3pbp/2pQ2p1/4n3/2P1P3/1PN2qPP/PB3P1K/3R1R2 b - - 2 18,36,3X1bbXYE,a8e8,47,15,g7f6,0.0273,0.0299,0.0358,0.0422,a8d8,a8d8,a8d8,a8d8,193.0,0.0422,0.0149,True,club,03_bands_club,2236,2240,2240,False,True,0,0.5505,0.0721
4N3/p2r2k1/2p2pp1/4P2p/2Pr4/1P4PP/P2n1PK1/3RR3 b - - 1 32,64,3X1bbXYE,g7h8,-510,7,g7f7,0.0017,0.0016,0.0014,0.0015,g7f7,g7f7,g7f7,g7f7,103.0,0.0017,-0.0002,True,club,03_bands_club,2236,2240,2240,False,True,1,0.6784,0.0337
3r4/p4k2/2p2Np1/4P2p/2Pr1P2/1P4PP/P2n2K1/3RR3 b - - 0 34,68,3X1bbXYE,d2f3,-57,209,d2b3,0.0236,0.0199,0.0178,0.0127,d4d3,d4d3,d4d3,f7e6,281.0,0.0236,-0.0109,True,club,03_bands_club,2236,2240,2240,False,True,6,0.5954,0.0008
3r2k1/6p1/2pPp2p/1pPbp3/pP4P1/7P/P4PB1/4R1K1 b - - 1 32,64,jrqwqoxl,g8f7,-386,19,d5a2,0.0166,0.018,0.0204,0.0179,d5a2,d5a2,d5a2,d5a2,106.0,0.0204,0.0013,True,club,03_bands_club,2255,2308,2308,False,True,5,0.629,0.0369
r5k1/6n1/2p4p/3N1p2/p2Q2pq/P3R3/1PP2PP1/6K1 b - - 0 26,52,yMDbBRPZ,a8f8,-245,39,a8d8,0.0039,0.0019,0.001,0.0009,c6d5,c6d5,c6d5,c6d5,264.0,0.0039,-0.003,True,club,03_bands_club,2301,2269,2269,False,True,5,0.515,0.0838
2rr3k/1b3pq1/p3p1p1/2p1R2N/Pp3Q2/1P1P4/2P2PPP/5RK1 b - - 0 26,52,gCw8uYMk,d8d4,-348,74,g6h5,0.0321,0.0297,0.032,0.0472,g6h5,g6h5,g6h5,g6h5,141.0,0.0472,0.0151,True,club,03_bands_club,2268,2252,2252,False,True,6,0.6005,0.0891
r3r1k1/6pp/2n5/ppPpp1nq/3P1pRP/P1PB1P2/3B1P1K/2RQ4 b - - 4 24,48,Z8ovmATq,a8b8,-33,4,e5e4,0.0102,0.0061,0.0046,0.0054,e5e4,e5e4,e5e4,e5e4,116.0,0.0102,-0.0048,True,club,03_bands_club,2273,2347,2347,False,True,6,0.5896,0.0394
3r2k1/1pp2p1p/7r/pPb1p1pP/P3PqbR/2P2NP1/R3BP2/1Q3K2 b - - 0 32,64,NlRE1rT5,f4f3,462,750,f4f3,0.0099,0.0123,0.0142,0.0157,f4f6,f4f6,f4f6,f4f6,743.0,0.0157,0.0058,True,club,03_bands_club,2244,2317,2317,True,False,6,0.456,0.0318
2rr2k1/p1q1bp1p/1pb1p1p1/n3P1N1/P2P4/2p5/2B1QPPP/1RBR2K1 b - - 10 26,52,6YKksgZH,c6a4,198,43,c6a4,0.0069,0.0035,0.0019,0.0014,e7g5,e7g5,e7g5,e7g5,332.0,0.0069,-0.0055,True,club,03_bands_club,2212,2240,2240,True,False,2,0.588,0.0168
r1b2rk1/1pq1bppp/p2ppn2/4n3/2PNP3/P1N1B3/1P2BPPP/2RQ1RK1 b - - 1 12,24,rqWBZ28k,e5g6,-94,13,c8d7,0.0077,0.0116,0.0126,0.0072,e5c4,e5c4,e5c4,e5c4,297.0,0.0126,-0.0005,True,club,03_bands_club,2257,2284,2284,False,True,3,0.7637,0.1903
1r3qk1/p1rb1p2/1pnNpBp1/4P3/5Q2/8/P1P2PPP/1R3RK1 b - - 8 24,48,XAGisS78,c6e5,-685,117,g8h7,0.016,0.0177,0.0208,0.0221,c6e7,c6e7,c6e7,c6e7,1304.0,0.0221,0.0061,True,club,03_bands_club,2266,2282,2282,False,True,1,0.8593,0.2665
1k1r4/1pb2ppp/6b1/2P5/1P6/2Np1P2/3Pr1PP/R1B2K1R b - - 2 24,48,L8ftcERx,c7e5,201,165,c7e5,0.0455,0.0404,0.0399,0.0422,e2e6,e2e6,e2e6,e2e6,199.0,0.0455,-0.0033,True,club,03_bands_club,2226,2247,2247,True,False,0,0.5936,0.1162
rn3rk1/pbpp2p1/1p2p2p/4P3/5q2/2P2N2/P1P1BPPP/R2Q1RK1 b - - 0 12,24,p6r0QM6p,b7d5,160,72,b8c6,0.008,0.0106,0.0127,0.0099,b7f3,b8c6,b8c6,b8c6,209.0,0.0127,0.0019,True,club,03_bands_club,2236,2242,2242,False,True,2,0.6037,0.0253
r4rk1/ppqbbppp/1nn1p3/1B2P3/8/2N1BN2/PP2QPPP/2R2RK1 b - - 7 14,28,F6Ok64v2,f8d8,-61,17,f8d8,0.0207,0.0234,0.0278,0.0396,a7a6,a7a6,a7a6,c6e5,258.0,0.0396,0.0189,True,club,03_bands_club,2274,2310,2310,True,False,3,0.7003,0.0342
1r1q1rk1/2p1bppp/p1n5/P2np3/6P1/1B1P1N2/1P1B1PP1/R2QR1K1 b - - 0 16,32,UgVCGEgS,e7c5,-80,5,d5b4,0.0243,0.0185,0.014,0.0116,e7f6,e7f6,e7f6,e7f6,125.0,0.0243,-0.0127,True,club,03_bands_club,2281,2272,2272,False,True,2,0.6469,0.0446
5rk1/P4ppp/8/R7/1qBp2P1/3P4/5PP1/R5K1 b - - 0 34,68,UgVCGEgS,g7g6,-583,47,g7g6,0.0337,0.0223,0.0145,0.0167,f8a8,f8a8,f8a8,f8a8,158.0,0.0337,-0.017,True,club,03_bands_club,2281,2272,2272,True,False,1,0.8283,0.2564
3r2k1/p2q4/1r2p1p1/5pNp/7P/1PQ1R1P1/P4PK1/8 b - - 7 34,68,wsQREpTW,d7c6,232,85,d7e7,0.0421,0.0366,0.0265,0.0203,d7d5,d7d5,d7d5,d7d5,141.0,0.0421,-0.0218,True,club,03_bands_club,2215,2376,2376,False,True,5,0.3445,0.0071
5qr1/3k1p1Q/p3pP1p/1p1p1P2/1P1P4/P6P/2R1N1P1/6K1 b - - 0 32,64,liperSkN,d7d6,-611,105,g8g5,0.0351,0.0315,0.0294,0.0311,g8h8,g8h8,g8h8,g8h8,1379.0,0.0351,-0.004,True,club,03_bands_club,2368,2337,2337,False,True,1,0.7902,0.2945
6k1/p1r1pp2/2P3p1/1B5p/4QPbP/1P6/P2r1PPK/8 b - - 0 28,56,XTaekCn7,g4e6,-370,8,d2f2,0.0045,0.0057,0.0071,0.0096,d2f2,d2f2,d2f2,d2f2,185.0,0.0096,0.0051,True,club,03_bands_club,2219,2205,2205,False,True,6,0.5539,0.0715
2r3k1/p1P1pp2/6p1/4Q2p/2B2P1P/1P3bK1/P1r3P1/8 b - - 4 32,64,XTaekCn7,f3b7,-374,20,f3b7,0.0325,0.0354,0.0371,0.0451,c2g2,c2g2,c2g2,c2g2,330.0,0.0451,0.0126,True,club,03_bands_club,2219,2205,2205,True,False,6,0.5712,0.124
r3r3/5Rbk/pqN3p1/3Pp2p/1P5P/8/4Q1P1/5R1K b - - 0 32,64,84aw9ydE,a8d8,-411,37,a8c8,0.011,0.0084,0.0077,0.0085,e5e4,e5e4,e5e4,e5e4,809.0,0.011,-0.0025,True,club,03_bands_club,2302,2329,2329,False,True,6,0.6198,0.0145
2kr1b1r/pp2p1pp/2n1bp2/1BP5/8/B1P5/P1PN1PPP/2KR3R b - - 7 12,24,7cHVyfxS,h7h5,-28,1,g7g6,0.0017,0.0011,0.0008,0.0011,e6a2,e6a2,e6a2,e6a2,189.0,0.0017,-0.0006,True,club,03_bands_club,2252,2304,2304,False,True,3,0.6088,0.078
2kr1r2/p6p/2pN1ppb/2P5/2P5/5pPb/PBP4P/1K1R2R1 b - - 1 22,44,7cHVyfxS,d8d6,190,131,c8b8,0.039,0.0334,0.032,0.0306,c8c7,c8c7,c8c7,c8c7,176.0,0.039,-0.0084,True,club,03_bands_club,2252,2304,2304,False,True,0,0.5744,0.0873
r1b1k1nr/pp3p1p/2n1p1p1/2ppP3/q2P2Q1/P1P5/R1PBNPPP/4KB1R b Kkq - 5 10,20,iyVi0VQP,c6e5,131,64,c6e5,0.0073,0.0121,0.0218,0.0173,c5d4,c5d4,g8e7,g8e7,101.0,0.0218,0.01,True,club,03_bands_club,2294,2385,2385,True,False,3,0.6481,0.0841
3R4/1q3ppk/pp2pn1p/8/1n1NP3/5PB1/PP3P1P/2R3K1 b - - 2 24,48,7NIvnzZk,e6e5,-155,89,b7e7,0.0094,0.0069,0.0052,0.0044,b4a2,b4a2,b4a2,b4a2,412.0,0.0094,-0.005,True,club,03_bands_club,2326,2258,2258,False,True,0,0.3534,0.0107
3r2k1/4p2p/B5p1/4P3/5Pb1/n1r2NP1/P1p1K2P/R4R2 b - - 8 34,68,xmc6WkwR,c3f3,690,98,g4f3,0.0124,0.0132,0.0115,0.0099,g4f3,a3b1,a3b1,a3b1,165.0,0.0132,-0.0025,True,club,03_bands_club,2205,2240,2240,False,True,4,0.8476,0.3352
r1bq1rk1/p3bppp/1pn1p3/2ppP3/3P3P/2PB1NP1/PP1N2P1/R2QK2R b KQ - 0 12,24,K1bFP9XY,c8d7,23,1,f7f6,0.0197,0.0126,0.0071,0.0079,c8b7,c8b7,f7f6,f7f6,128.0,0.0197,-0.0118,True,club,03_bands_club,2250,2287,2287,False,True,3,0.7032,0.0833
r2qr1k1/1Q3ppp/p4b2/8/2nP4/3KB1P1/PPP4P/4R2R b - - 2 20,40,LUufzdNi,e8e3,1990,1269,c4e3,0.0168,0.0169,0.0164,0.017,c4e3,c4e3,c4e3,c4e3,1288.0,0.017,0.0002,True,club,03_bands_club,2237,2234,2234,False,True,4,0.8975,0.4612
4rrk1/p1p2pbp/2Pp2p1/8/2B5/2P4P/PP3K1n/RNB5 b - - 2 20,40,MJACooWp,d6d5,307,74,g7e5,0.0282,0.0162,0.0134,0.0194,e8e5,e8e5,e8e5,e8e5,129.0,0.0282,-0.0088,True,club,03_bands_club,2288,2232,2232,False,True,0,0.38,0.0544
5rk1/pb2qp1p/2r3p1/8/P6P/4B1P1/1Q3P2/R4BK1 b - - 1 24,48,7rYa20y1,f8e8,103,76,f7f6,0.0129,0.0111,0.0097,0.0097,e7e4,e7e4,e7e4,e7e4,607.0,0.0129,-0.0032,True,club,03_bands_club,2338,2374,2374,False,True,0,0.4203,0.0406
r5k1/4q2p/r4pp1/8/P6P/2Q1B1P1/5P2/R5K1 b - - 3 28,56,7rYa20y1,e7e5,-14,9,e7e6,0.0265,0.0276,0.034,0.0482,a6a4,a6a4,a6a4,a6a4,530.0,0.0482,0.0217,True,club,03_bands_club,2338,2374,2374,False,True,5,0.3992,0.1157
r1b1r1k1/1p4pp/2p5/5pq1/1P1Pp2n/2N1P2P/2QN1PPK/1R4R1 b - - 4 20,40,RZdzi1YY,g5h6,74,50,g5h5,0.0055,0.0097,0.0142,0.0153,f5f4,e8e6,e8e6,e8e6,191.0,0.0153,0.0098,True,club,03_bands_club,2256,2306,2306,False,True,2,0.5919,0.0784
r1b3k1/1p4pp/2p4q/8/1P1PNp1n/4P2P/5PPK/1R2Q1R1 b - - 0 24,48,RZdzi1YY,h4f3,1994,1617,h4f3,0.0226,0.0212,0.0199,0.0174,f4f3,f4f3,f4f3,f4f3,2259.0,0.0226,-0.0052,True,club,03_bands_club,2256,2306,2306,True,False,0,0.4397,0.0389
4r3/1pp2kbp/p4np1/6n1/P3P3/3R2N1/1P3P1P/4RK2 b - - 0 24,48,hQNUFOAU,g5e6,347,21,f6e4,0.0077,0.0101,0.0122,0.0136,g5e4,g5e4,g5e4,g5e4,238.0,0.0136,0.0059,True,club,03_bands_club,2315,2209,2209,False,True,0,0.5571,0.13
R5nr/1p1k2pp/p2bp3/5p2/3B1P2/7B/PP2KP1P/8 b - - 1 22,44,ZghHr5rW,h7h5,-401,59,h7h6,0.0168,0.0166,0.0165,0.018,d6f4,d6f4,d6f4,d6f4,155.0,0.018,0.0012,True,club,03_bands_club,2225,2269,2269,False,True,6,0.6019,0.0542
1rbq1rk1/3nbppp/3p1n2/1B2p3/3PP3/2N1BN1P/1P1Q1PP1/R4RK1 b - - 0 14,28,bc0Sc1H0,f6e4,-40,217,f6e4,0.0115,0.0087,0.0082,0.0147,e5d4,e5d4,e5d4,e5d4,251.0,0.0147,0.0032,True,club,03_bands_club,2218,2315,2315,True,False,3,0.5813,0.0372
1r3rk1/1q2bppp/8/2P5/p1BPP3/1p2Q2P/3B2P1/1R3K2 b - - 2 32,64,Sw9CFZpD,e7g5,446,39,f8e8,0.005,0.0037,0.0029,0.0027,b3b2,b3b2,b3b2,b3b2,184.0,0.005,-0.0023,True,club,03_bands_club,2300,2279,2279,False,True,0,0.5232,0.1167
r4rk1/1p3ppp/6b1/1p1B4/2pP1P2/P1P3P1/1n1N1K1P/R6R b - - 0 22,44,3PPUVGuv,a8e8,75,40,b2d3,0.0115,0.0055,0.0029,0.0025,b2d3,b2d3,b2d3,b2d3,114.0,0.0115,-0.009,True,club,03_bands_club,2258,2208,2208,False,True,0,0.5697,0.0468
3r2k1/pp2pp2/6p1/2r1bbBp/2P4P/8/P1P1BPP1/2R2RK1 b - - 1 18,36,xI2ehxI7,e5d6,191,26,d8d7,0.0121,0.0107,0.0084,0.0063,f7f6,f7f6,f7f6,f7f6,100.0,0.0121,-0.0058,True,club,03_bands_club,2225,2244,2244,False,True,0,0.5844,0.1011
r2rq1k1/1p3pp1/1Pp2bn1/p1Pp1Qn1/P2P2Pp/3NP2P/3B2B1/4RRK1 b - - 10 28,56,eaIW3UIG,g6f8,-65,5,g5e4,0.0099,0.0076,0.0063,0.0091,g5e4,g5e4,g5e4,g5e4,109.0,0.0099,-0.0008,True,club,03_bands_club,2271,2266,2266,False,True,2,0.5918,0.1715
r1bk1b1r/pp3Qp1/1q2pn1p/8/3pN3/2PB4/P2B1PPP/R4RK1 b - - 1 16,32,iI6WAEb1,b6c7,-219,49,b6c7,0.0401,0.0383,0.0345,0.0291,f6e4,f6e4,f6e4,f6e4,134.0,0.0401,-0.011,True,club,03_bands_club,2393,2387,2387,True,False,6,0.6162,0.1085
3r4/pp1n2kn/3r1q1p/2p2Pp1/3PR1P1/2QB1N2/PP5P/4R1K1 b - - 1 28,56,1RdBX1ao,h7f8,-366,24,c5d4,0.0204,0.0203,0.0215,0.0275,c5d4,c5d4,c5d4,c5d4,245.0,0.0275,0.0071,True,club,03_bands_club,2202,2213,2213,False,True,6,0.7199,0.1549
r2q1rk1/pp2ppb1/n4np1/1N1pN2p/3P1B1P/2P5/PP2QPP1/R3K2R b KQ - 0 12,24,6Ox6tPSR,a6b8,-66,2,f6e4,0.0075,0.0087,0.0095,0.0106,a6c7,a6c7,a6c7,a6c7,360.0,0.0106,0.0031,True,club,03_bands_club,2339,2260,2260,False,True,3,0.5936,0.0026
r2qk2r/pppbbpp1/4pn1p/2n3B1/1P2P2Q/2N2N2/P1P2PPP/3RKB1R b Kkq - 0 10,20,mTHhH7L4,h8h7,81,46,c5a6,0.001,0.0011,0.0013,0.0013,c5a6,c5a6,c5a6,c5a6,188.0,0.0013,0.0003,True,club,03_bands_club,2202,2297,2297,False,True,3,0.5485,0.0195
r3k2r/1ppbnppp/p1p5/2b5/3NP3/4B3/PPPN1PPP/2KR3R b kq - 6 10,20,oiclobFG,e7g6,-8,17,e8c8,0.0216,0.0271,0.0357,0.0336,e8c8,e8c8,e8c8,e8c8,107.0,0.0357,0.012,True,club,03_bands_club,2263,2220,2220,False,True,3,0.6251,0.038
r3kb1r/1pq1nppp/p1n1p3/P1ppPb2/B7/2N2N1P/1PPP1PP1/R1BQ1RK1 b kq - 2 10,20,1RWFe51J,g7g5,128,4,e8c8,0.0013,0.0014,0.002,0.0043,e7g6,e7g6,e7g6,e7g6,176.0,0.0043,0.003,True,club,03_bands_club,2267,2243,2243,False,True,3,0.7482,0.0832
2kr3r/5ppp/p1p1p3/P1bpqb2/8/2P4P/1P2NPP1/R1BQ1RK1 b - - 0 16,32,1RWFe51J,d8d7,0,16,e5c7,0.0045,0.0052,0.007,0.0079,c5d6,c5d6,c5d6,c5d6,106.0,0.0079,0.0034,True,club,03_bands_club,2267,2243,2243,False,True,2,0.5828,0.0044
r2r1k2/5p1p/PPR1np2/5N2/8/1b5P/6p1/R5K1 b - - 0 34,68,LmN5K3MC,a8a6,386,231,b3d5,0.0029,0.0021,0.0016,0.0015,b3d5,b3d5,b3d5,b3d5,212.0,0.0029,-0.0014,True,club,03_bands_club,2358,2296,2296,False,True,6,0.4636,0.0205
r4rk1/1ppqbppp/p2p1n2/3N4/3QP3/1P6/PBP2PPP/R4RK1 b - - 1 12,24,asBOcWmF,a8d8,-78,20,f8e8,0.0048,0.007,0.0109,0.0168,c7c5,c7c5,c7c5,f6d5,1921.0,0.0168,0.012,True,club,03_bands_club,2284,2250,2250,False,True,2,0.5974,0.0203
3k4/3n2p1/pp1Bp2p/2p1p3/PPP1P1PP/2K2P2/8/8 b - - 0 32,64,asBOcWmF,g7g5,-192,46,c5b4,0.0307,0.0231,0.0193,0.0173,d8c8,d8c8,d8c8,d8c8,113.0,0.0307,-0.0134,True,club,03_bands_club,2284,2250,2250,False,True,5,0.4551,0.0912
r1b3k1/1pp3bp/3p2r1/2nP1p2/1BPNpP1q/P3n1PP/2B1N2K/R2Q1R2 b - - 4 22,44,2GMwo8X4,h4h3,1998,1431,e3f1,0.0028,0.0026,0.0027,0.0026,e3d1,g6g3,e3d1,e3d1,1673.0,0.0028,-0.0002,True,club,03_bands_club,2223,2211,2211,False,True,4,0.7452,0.2144
r1b1k1nr/pppp1pp1/5qn1/2bPp2p/2P1P2P/2N3P1/PP2QP2/R1B1KBNR b KQkq - 1 8,16,Mt0B7Mea,f6b6,-84,12,f6b6,0.0132,0.0217,0.035,0.0471,d7d6,d7d6,d7d6,d7d6,339.0,0.0471,0.0339,True,club,03_bands_club,2323,2306,2306,True,False,3,0.6495,0.0422
r2r1nk1/pbqnbpp1/1ppNp2p/4P3/2P5/1P1B1N2/PBQ2PPP/3RR1K1 b - - 3 16,32,PXxNUBtN,d7e5,43,218,d7c5,0.024,0.0161,0.0127,0.0112,e7d6,e7d6,e7d6,e7d6,378.0,0.024,-0.0128,True,club,03_bands_club,2385,2388,2388,False,True,2,0.6737,0.033
r7/1b1k2bp/p1pPpBp1/qp3r2/2p1N1N1/4Q1P1/1P3PBP/3R2K1 b - - 4 26,52,3RGFbXCn,a8d8,-715,28,g7f8,0.0006,0.0004,0.0003,0.0002,g7f6,g7f6,g7f8,g7f8,185.0,0.0006,-0.0004,True,club,03_bands_club,2341,2330,2330,False,True,1,0.8746,0.2662
r4rk1/1bqnn1pp/p3p3/1p1pN2P/3P1BP1/2PB4/PP4Q1/R4R1K b - - 0 20,40,lyOxWXqg,f8f4,-219,80,d7e5,0.0316,0.0335,0.04,0.0412,d7e5,d7e5,d7e5,d7e5,169.0,0.0412,0.0096,True,club,03_bands_club,2297,2211,2211,False,True,6,0.757,0.1899
r3r3/2pR1pkp/p1n3pN/1pb1p1B1/2q1P1B1/2P3P1/PPQ2P1P/R5K1 b - - 0 20,40,JJImEYG0,e8e7,-569,28,c6d8,0.0127,0.0144,0.0183,0.0271,c6d4,c6d4,c6d4,c6d4,228.0,0.0271,0.0144,True,club,03_bands_club,2250,2202,2202,False,True,1,0.8235,0.2194
1r1n1rk1/2R2p1p/p4Qp1/4p2P/2p1P1B1/2P3P1/P7/5RK1 b - - 0 30,60,JJImEYG0,b8b6,-976,1010,g6h5,0.0133,0.0191,0.0246,0.0325,b8b2,b8b2,b8b2,b8b2,1020.0,0.0325,0.0192,True,club,03_bands_club,2250,2202,2202,False,True,1,0.8071,0.4091
2r2r2/5kp1/1pP1p1q1/p2pQ3/4p2b/P3P2B/2R2PP1/5RK1 b - - 0 28,56,9oaJG6Uu,g6f6,-60,48,h4e7,0.047,0.0428,0.0366,0.0291,f8h8,h4f6,h4f6,h4f6,1939.0,0.047,-0.0179,True,club,03_bands_club,2337,2283,2283,False,True,5,0.594,0.0162
3r1rk1/p4pb1/2p3p1/2NqNn2/1R1P4/3R3P/P3QPP1/6K1 b - - 0 26,52,9lFVb44z,d8b8,21,21,g7e5,0.0093,0.0071,0.0049,0.0034,f5d4,f5d4,f5d4,f5d4,479.0,0.0093,-0.0059,True,club,03_bands_club,2320,2334,2334,False,True,0,0.5402,0.085
3r1rk1/p4p2/2p3p1/4Qn2/1R1PN3/3R3P/q4PP1/6K1 b - - 1 28,56,9lFVb44z,c6c5,-29,71,a2e6,0.014,0.0107,0.0105,0.0117,a2a1,a2a1,a2a1,a2a1,291.0,0.014,-0.0023,True,club,03_bands_club,2320,2334,2334,False,True,5,0.4713,0.0637
r3k2r/1p3p2/pn2p2p/q2pPbp1/Pb1P4/1P3NB1/4QPPP/2RN1RK1 b kq - 2 20,40,QWx0vQsP,f5g6,60,9,e8g8,0.0017,0.0022,0.0025,0.0028,e8g8,e8g8,e8g8,e8g8,219.0,0.0028,0.0011,True,club,03_bands_club,2353,2219,2219,False,True,2,0.6395,0.171
r1r3k1/5ppp/pR2p3/P7/8/2n1PPN1/5PKP/2R5 b - - 6 30,60,2tlyInn3,g7g5,-33,18,g8f8,0.0024,0.0014,0.001,0.0015,c3d5,c3d5,c3d5,c3d5,109.0,0.0024,-0.0009,True,club,03_bands_club,2202,2354,2354,False,True,5,0.6104,0.2215
B3r3/2qnP1pp/p5k1/6B1/6P1/5N2/PpP4P/1K1R3R b - - 1 22,44,4jf3TIh7,d7f6,-488,109,e8a8,0.0193,0.0161,0.0141,0.0142,e8a8,e8a8,e8a8,e8a8,133.0,0.0193,-0.0051,True,club,03_bands_club,2204,2288,2288,False,True,1,0.6501,0.0583
2kr3r/7p/1p1Rn3/2p1pp2/8/2P1B1P1/PP3PKP/3R4 b - - 0 20,40,dwgyCgEH,c8c7,-225,68,f5f4,0.0223,0.0143,0.0096,0.0084,d8d6,d8d6,d8d6,d8d6,138.0,0.0223,-0.0139,True,club,03_bands_club,2251,2223,2223,False,True,5,0.6534,0.108
r5r1/1b2b1k1/p3p3/1ppqPp2/2Pp1Pp1/1P1P2Q1/PB2R1pP/1N2R1K1 b - c3 0 34,68,PgXf66SI,d5d8,554,53,d5c6,0.0233,0.0254,0.0231,0.0191,b5c4,d5c6,d5c6,d4c3,109.0,0.0254,-0.0042,True,club,03_bands_club,2267,2370,2370,False,True,4,0.8623,0.3973
1qrr4/1b1p2kp/p1nPppn1/8/4B1N1/P5B1/3Q1PP1/1R2R1K1 b - - 3 30,60,nkQfpdDb,g7f7,-573,86,b8a7,0.029,0.0244,0.019,0.0142,f6f5,f6f5,f6f5,f6f5,694.0,0.029,-0.0148,True,club,03_bands_club,2352,2250,2250,False,True,1,0.7919,0.0864
5rk1/p1Q3pp/2p2q2/3p4/P7/1P1R1P1r/2P4P/1K4R1 b - - 0 24,48,lX4EIMk4,a7a6,-124,29,a7a5,0.0129,0.0111,0.008,0.0052,h3f3,h3f3,h3f3,h3f3,698.0,0.0129,-0.0077,True,club,03_bands_club,2340,2291,2291,False,True,5,0.5925,0.1743
5rk1/2Q4p/2p2qp1/p2p4/P7/1P2RP1r/2P4P/1K2R3 b - - 1 26,52,lX4EIMk4,d5d4,-90,158,h3f3,0.0369,0.0276,0.0235,0.0211,h3f3,h3f3,h3f3,h3f3,187.0,0.0369,-0.0158,True,club,03_bands_club,2340,2291,2291,False,True,5,0.6652,0.1878
5rk1/6qp/2Q1R1p1/p2p4/P7/1P3r2/2P4P/1K2R3 b - - 0 28,56,lX4EIMk4,g7d4,-208,38,d5d4,0.0265,0.0252,0.0302,0.0407,f3f1,f3f1,f3f1,f3f1,232.0,0.0407,0.0142,True,club,03_bands_club,2340,2291,2291,False,True,5,0.6428,0.1889
r4rk1/pp4bp/2ppq1p1/4Pn2/2P5/2NPB1P1/PP1Q3P/R4R1K b - - 0 18,36,82slG76E,f5g3,187,139,g7e5,0.0107,0.007,0.0046,0.0033,f5e3,f5e3,f5e3,f5e3,177.0,0.0107,-0.0074,True,club,03_bands_club,2313,2297,2297,False,True,2,0.5569,0.0065
r5k1/4qbpp/1pp2p2/2n1p3/p1P1P3/B1P1Q2P/4BPP1/1R4K1 b - - 1 30,60,NpwRTqJR,e7a7,157,10,e7c7,0.0251,0.0275,0.0298,0.0367,a8b8,a8b8,a8b8,a8b8,509.0,0.0367,0.0116,True,club,03_bands_club,2278,2258,2258,False,True,0,0.6114,0.0696
2r2rk1/1Q2pp1p/6p1/p1Pp4/b7/q1nNP3/P3BPPP/2R1K2R b K - 0 22,44,6XUP1fPq,a4b5,580,114,c3e2,0.0044,0.0051,0.0059,0.0072,c3e2,c3e2,c3e2,c3e2,155.0,0.0072,0.0028,True,club,03_bands_club,2323,2211,2211,False,True,4,0.7945,0.1689
3r2k1/pp2ppbp/2q1b1p1/r7/PP3P2/2PBB3/4Q1PP/R4RK1 b - - 0 18,36,MV3G9fQD,c6c3,221,121,a5d5,0.0449,0.0404,0.0389,0.0383,a5a4,a5a4,a5a4,a5a4,199.0,0.0449,-0.0066,True,club,03_bands_club,2265,2207,2207,False,True,0,0.5525,0.0628
6k1/4ppb1/6p1/2Br1b1p/1P3P2/q6P/5QP1/1R1R2K1 b - - 2 30,60,MV3G9fQD,d5c5,-108,95,a3a8,0.006,0.0047,0.0039,0.003,d5d1,d5d1,d5d1,d5d1,169.0,0.006,-0.003,True,club,03_bands_club,2265,2207,2207,False,True,0,0.4817,0.0064
2rq1rk1/5pp1/1pp1bB1p/p3P3/7R/4Q2P/PP3PP1/4R1K1 b - - 4 28,56,w7X2Ossd,e6f5,-579,6,g8h7,0.0008,0.0008,0.0008,0.0008,g7f6,g7f6,g7f6,g7f6,1419.0,0.0008,0.0,True,club,03_bands_club,2337,2278,2278,False,True,1,0.7497,0.0595
1rb1r1k1/p2p2pp/2pPp1n1/2N2p2/2P2P2/1P1B1K2/P5PP/4R2R b - - 2 22,44,0LON8phk,e8f8,-208,25,a7a5,0.038,0.0436,0.0406,0.0305,g6h4,g6h4,g6h4,g8f7,138.0,0.0436,-0.0075,True,club,03_bands_club,2370,2232,2232,False,True,6,0.5557,0.0598
1rb5/3p1k2/2pPp3/4Rp1P/N1P2K2/1P6/P5r1/7R b - - 0 32,64,0LON8phk,c6c5,-240,31,g2a2,0.0014,0.001,0.001,0.0015,g2a2,g2a2,g2a2,g2a2,112.0,0.0015,0.0001,True,club,03_bands_club,2370,2232,2232,False,True,5,0.5464,0.0768
r1b2rk1/p3pp1p/1pp3p1/2p1P3/5P2/2NP4/PPPB1qPP/R2Q3K b - - 0 14,28,J6MYjmj6,c5c4,228,9,c8f5,0.0246,0.0167,0.0133,0.0138,c8b7,c8b7,c8b7,h7h5,132.0,0.0246,-0.0108,True,club,03_bands_club,2225,2206,2206,False,True,0,0.4856,0.0261
3rk2r/p3bppp/2p1bn2/N3p3/2p5/2N3P1/PP2PP1P/R1B2RK1 b k - 1 12,24,sMfp2rvj,e8d7,174,118,e8d7,0.004,0.0035,0.0071,0.0229,e8g8,d8c8,d8c8,c6c5,192.0,0.0229,0.0189,True,club,03_bands_club,2258,2290,2290,True,False,3,0.5758,0.0412
3r3r/2k3p1/2p5/p1Pn1p1p/1b1Bp2P/5PP1/1N2P3/R4RK1 b - - 1 24,48,sMfp2rvj,h8e8,200,71,h8g8,0.0321,0.0187,0.0149,0.0202,h8g8,h8g8,h8g8,d5f6,126.0,0.0321,-0.0119,True,club,03_bands_club,2258,2290,2290,False,True,0,0.6306,0.1423
R4b1r/1pk4p/1pp3b1/8/5PP1/8/PPP4P/1K2R3 b - - 0 28,56,xXyLNb6J,h7h6,-423,10,b6b5,0.0217,0.0213,0.0181,0.0128,f8g7,f8g7,f8g7,f8g7,136.0,0.0217,-0.0089,True,club,03_bands_club,2334,2382,2382,False,True,5,0.5484,0.0809
r3qrk1/2bb1ppp/2n5/p1N5/Q1PppPP1/P6P/1P1BP1BK/R4R2 b - - 2 24,48,LJoOyLQE,f7f5,-56,65,f7f5,0.0211,0.0191,0.0195,0.0226,e4e3,e4e3,e4e3,e4e3,277.0,0.0226,0.0015,True,club,03_bands_club,2235,2244,2244,True,False,2,0.6188,0.0387
r3q1k1/2b4p/2n3pr/p1N2b2/Q1P1pP2/P1BpP1RP/1P5K/R4B2 b - - 1 30,60,LJoOyLQE,c7d8,132,89,c6e7,0.0251,0.0246,0.0184,0.0137,g6g5,c7b6,c6e5,c6e5,441.0,0.0251,-0.0114,True,club,03_bands_club,2235,2244,2244,False,True,2,0.5837,0.1042
r5k1/4n2p/6pr/p1q2bB1/2P1pP2/P2p2RP/1P5K/R2Q1B2 b - - 1 34,68,LJoOyLQE,g8g7,116,116,c5f2,0.0155,0.0125,0.0107,0.0093,h6h5,h6h5,h6h5,h6h5,328.0,0.0155,-0.0062,True,club,03_bands_club,2235,2244,2244,False,True,0,0.532,0.1125
1k1r3b/pp3R1p/1n4p1/3P4/6b1/1B4N1/P5PP/2R4K b - - 3 26,52,JS5TUdC4,a7a5,-308,23,h7h5,0.0072,0.0073,0.008,0.0117,b6d5,b6d5,b6d5,b6d5,217.0,0.0117,0.0045,True,club,03_bands_club,2264,2296,2296,False,True,5,0.552,0.1519
1r3rk1/pq3pbp/4b1p1/4p3/Q7/2BB1P2/PPP3PP/2KR3R b - - 5 18,36,zXhidFsA,b7b6,0,8,f8c8,0.0268,0.0295,0.0298,0.0248,e6d7,e6d7,f8c8,f8c8,269.0,0.0298,-0.002,True,club,03_bands_club,2386,2263,2263,False,True,0,0.4876,0.0105
1br1r1k1/p2b1p1p/2p3p1/2P5/1P1pNP2/4P3/5PBP/R1R3K1 b - - 1 28,56,7X8Td4r0,e8d8,-99,125,g8g7,0.0017,0.0013,0.0011,0.0015,d4e3,d4e3,d4e3,d4e3,138.0,0.0017,-0.0002,True,club,03_bands_club,2369,2241,2241,False,True,5,0.6208,0.0726
1br1r3/p4pkp/2p3p1/2P5/1P1RNPb1/4P3/5PBP/R5K1 b - - 0 30,60,7X8Td4r0,e8d8,-271,49,c8d8,0.027,0.0175,0.0171,0.0261,g4f5,g4f5,g4f5,g4f5,148.0,0.027,-0.0009,True,club,03_bands_club,2369,2241,2241,False,True,5,0.6623,0.0619
rnbqr1k1/pp3ppp/2pb4/4p3/3P4/2P2NP1/P3PPBP/1RBQ1RK1 b - - 0 10,20,FzfR6BFd,d8a5,-50,0,e5d4,0.0063,0.0051,0.0047,0.0075,e5e4,e5e4,e5e4,e5e4,129.0,0.0075,0.0012,True,club,03_bands_club,2373,2232,2232,False,True,3,0.7696,0.2059
r3r1k1/pp1n1ppp/1qpb4/8/3PP3/5NP1/P1Q2PBP/2B2RK1 b - - 0 16,32,FzfR6BFd,a8d8,-32,16,f7f6,0.0225,0.0246,0.0238,0.0283,c6c5,d7f6,d7f6,d7f6,311.0,0.0283,0.0058,True,club,03_bands_club,2373,2232,2232,False,True,2,0.5023,0.0199
2r1rbk1/pp4pp/1np2p2/5N1q/3PP2P/6P1/PBQ2P2/3R1BK1 b - - 0 22,44,FzfR6BFd,e8e4,233,281,h5f3,0.0045,0.0027,0.0019,0.0014,h5g4,h5g4,h5g4,g7g6,679.0,0.0045,-0.0031,True,club,03_bands_club,2373,2232,2232,False,True,2,0.4847,0.0927
1k5r/ppR2p2/5p2/3P1bp1/5b1p/7P/PPB2PP1/1K1R4 b - - 1 26,52,wfeIkcTL,f5h3,50,27,b8c7,0.0001,0.0001,0.0001,0.0001,f5c2,f5c2,f5c2,f5c2,390.0,0.0001,0.0,True,club,03_bands_club,2331,2281,2281,False,True,0,0.4249,0.0448
r3r1k1/pbp2ppp/8/p2q4/3P2Q1/2P1N3/5PPP/R3R1K1 b - - 1 20,40,V6Z8ZTaP,h7h5,-55,3,d5e6,0.0435,0.0315,0.0259,0.034,d5c6,d5c6,e8e3,e8e3,260.0,0.0435,-0.0095,True,club,03_bands_club,2255,2322,2322,False,True,5,0.5878,0.0924
r1r1qbk1/2B2p1p/pQR1pnp1/3p4/3P4/1P1BP2P/P4PP1/5RK1 b - - 0 22,44,gEkC3Ebt,a8b8,-175,131,a8b8,0.0269,0.0131,0.0075,0.0053,f6d7,f6d7,f6d7,f6d7,171.0,0.0269,-0.0216,True,club,03_bands_club,2341,2341,2341,True,False,6,0.5832,0.0579
6k1/3b2p1/3b4/p4p1p/2p4P/2P2PN1/PP2R1PK/3r4 b - - 0 32,64,nhJkEcqW,g7g5,805,51,g8f7,0.0427,0.0273,0.0174,0.0159,f5f4,f5f4,f5f4,f5f4,352.0,0.0427,-0.0268,True,club,03_bands_club,2246,2323,2323,False,True,4,0.8988,0.5561
r1bqr1k1/1p3pp1/7p/4N3/p3pP1P/PnN5/5Q1P/1R3R1K b - - 0 22,44,fuDRoXBf,e4e3,294,55,e4e3,0.0184,0.0155,0.0136,0.0132,b3d2,b3d2,b3d2,b3d2,197.0,0.0184,-0.0052,True,club,03_bands_club,2202,2202,2202,True,False,0,0.684,0.1349
4r1k1/5pbp/p4qp1/npRP4/5P2/3Q3P/P3N1P1/5RK1 b - - 0 22,44,gXWcpViH,f6b6,458,458,f6b6,0.0324,0.0393,0.0409,0.0387,a5b7,a5b7,a5c4,a5c4,582.0,0.0409,0.0063,True,club,03_bands_club,2370,2291,2291,True,False,0,0.5721,0.1452
4k1n1/pp3p2/4p3/3p4/b6R/P2n4/2r1N1P1/R1BK1B2 b - - 3 22,44,QQeJtXpT,d3f2,479,4,c2c1,0.0349,0.0266,0.0177,0.0104,c2a2,c2a2,c2a2,c2a2,479.0,0.0349,-0.0245,True,club,03_bands_club,2297,2289,2289,False,True,7,0.5958,0.1538
r4r1k/5p2/n6P/3pp3/1P2P3/P3Q3/1K1RB2q/6R1 b - - 2 30,60,ss5sMh98,h2h4,-382,75,a6c7,0.0301,0.024,0.0179,0.0153,d5d4,d5d4,d5d4,d5d4,383.0,0.0301,-0.0148,True,club,03_bands_club,2297,2281,2281,False,True,6,0.6378,0.1124
r7/ppk4p/2p3p1/4pp2/4P3/P1P2KP1/2P1P2P/3R4 b - - 0 20,40,3RU4z07Q,b7b5,28,4,a8f8,0.0308,0.0362,0.0267,0.0179,f5e4,f5e4,a8f8,a8d8,414.0,0.0362,-0.0129,True,club,03_bands_club,2306,2298,2298,False,True,5,0.4625,0.0164
r2qk2r/pp3ppp/B1nbpn2/2pp4/Q2P1Bb1/2P1PN2/PP1N1PPP/R3K2R b KQkq - 3 8,16,6pgPb29Y,d8d7,-266,0,b7a6,0.039,0.0317,0.0206,0.02,b7a6,d6f4,d8c7,d8c7,114.0,0.039,-0.019,True,club,03_bands_club,2349,2382,2382,False,True,3,0.6593,0.2597
r2qrnk1/pp3p1p/2pb1p2/7p/3P2bN/2PBB3/PPQ2PP1/2KR3R b - - 1 14,28,hgirWr7C,f8g6,-164,22,g4d1,0.0437,0.0293,0.0192,0.0094,g4d1,g4d1,g4d1,g4d1,249.0,0.0437,-0.0343,True,club,03_bands_club,2240,2206,2206,False,True,2,0.6275,0.0342
r3r3/p1q2kbp/2p2np1/4pbB1/2Np4/8/PPPN1QPP/R4RK1 b - - 3 18,36,etbe294t,e8e6,96,44,f6g4,0.0236,0.0362,0.0389,0.0325,f7g8,f7g8,f7g8,f7g8,161.0,0.0389,0.0089,True,club,03_bands_club,2215,2293,2293,False,True,2,0.623,0.0562
r5k1/p1p3pp/1p2p3/n7/2PP2PB/q1r4N/P5QP/1K1R3R b - - 0 20,40,AumRqewx,a8e8,169,15,a8f8,0.005,0.0045,0.0048,0.0054,a5c4,a3b4,a3b4,a3b4,169.0,0.0054,0.0004,True,club,03_bands_club,2240,2376,2376,False,True,7,0.669,0.1606
4r1k1/p1p3pp/1p2p3/n7/2PP2PB/q1r4N/P4Q1P/1K1R1R2 b - - 4 22,44,AumRqewx,e8b8,-29,28,a3b4,0.0011,0.0009,0.0005,0.0004,a5c4,a3b4,a3b4,a3b4,252.0,0.0011,-0.0007,True,club,03_bands_club,2240,2376,2376,False,True,7,0.6578,0.1833
4r1k1/p1p3pp/1p2p3/8/1qPP2PB/1Pr4N/5Q1P/K2R1R2 b - - 0 24,48,AumRqewx,g8h8,-348,131,b4a3,0.0017,0.0014,0.001,0.0007,b4a3,b4a3,b4a3,b4a3,147.0,0.0017,-0.001,True,club,03_bands_club,2240,2376,2376,False,True,7,0.6065,0.2981
1r1qr1k1/pB3p1p/1p3p1Q/2p1P3/3P4/6PP/PP6/1K1R3R b - - 0 20,40,Lb18EJd4,f6e5,-604,2,b8b7,0.0356,0.0245,0.0244,0.0372,b8b7,b8b7,b8b7,b8b7,305.0,0.0372,0.0016,True,club,03_bands_club,2297,2229,2229,False,True,1,0.6737,0.0534
3q2k1/p4bpp/1p3p2/4p3/4N3/1P1nP1NP/P3Q1PK/8 b - - 5 32,64,eOYOjUao,d8d7,175,6,d3b4,0.0087,0.0106,0.0127,0.0195,d3c1,d3c5,d3c5,d3c5,172.0,0.0195,0.0108,True,club,03_bands_club,2386,2371,2371,False,True,0,0.5073,0.0945
rnb2rk1/2p1qppp/1p2pn2/p2p4/P1PP4/1P1BPN2/3Q1PPP/R1B2RK1 b - - 0 10,20,WRfJRsdw,b8a6,-48,0,f6e4,0.0238,0.0249,0.0257,0.0331,c8a6,c8a6,c8a6,c8a6,121.0,0.0331,0.0093,True,club,03_bands_club,2240,2251,2251,False,True,3,0.7015,0.0528
6k1/4qppp/bN6/8/Pp1rp1QP/1P6/5PP1/2R3K1 b - - 0 24,48,WRfJRsdw,e7d8,96,58,e7d8,0.0259,0.0329,0.0417,0.0476,e4e3,h7h6,d4d8,d4d8,145.0,0.0476,0.0217,True,club,03_bands_club,2240,2251,2251,True,False,0,0.5638,0.1043
1k5r/n1p5/P2r1p2/3p2p1/1n1P3p/4B3/1Pb2PPP/R1R2NK1 b - - 3 24,48,AWHh8wvQ,d6c6,430,19,h8e8,0.0336,0.032,0.0296,0.0256,d6a6,d6a6,d6a6,d6a6,424.0,0.0336,-0.008,True,club,03_bands_club,2244,2281,2281,False,True,4,0.7274,0.1767
r4r2/pp4kp/6p1/2pP1b2/4p3/1P4PP/P3PPB1/1R3RK1 b - - 0 18,36,qtUSzYUN,h7h5,-120,42,h7h5,0.0307,0.0291,0.0218,0.0168,a8d8,a8d8,a8d8,a8d8,214.0,0.0307,-0.0139,True,club,03_bands_club,2204,2210,2210,True,False,5,0.6644,0.167
2r2rk1/6p1/7p/2ppq3/4p1b1/1N2P1P1/2Q2PP1/1R3RK1 b - - 1 26,52,NQkG5VpP,h6h5,184,27,d5d4,0.0128,0.0129,0.0098,0.0062,c5c4,c5c4,c5c4,c5c4,110.0,0.0129,-0.0066,True,club,03_bands_club,2306,2214,2214,False,True,0,0.6584,0.2444
r1q1kb1r/pp2pppp/n1p2n2/5b2/3P1B2/N4NP1/PP2PPBP/2RQ1RK1 b kq - 4 10,20,qrxt6WCQ,f5e4,-195,21,a6c7,0.0119,0.0097,0.0082,0.0083,f5h3,f5h3,f5h3,f5h3,108.0,0.0119,-0.0036,True,club,03_bands_club,2308,2204,2204,False,True,3,0.705,0.0565
r1bqkb1r/pp3pp1/5n1p/2pp4/1n1P1B2/2N2N2/PP1QPPPP/2KR1B1R b kq - 5 10,20,0SqTY1GT,c8d7,119,33,f6e4,0.0036,0.0036,0.0039,0.0035,c8f5,c8f5,c8f5,c8f5,139.0,0.0039,-0.0001,True,club,03_bands_club,2325,2264,2264,False,True,3,0.6242,0.0934
2b1k1r1/p2p1pP1/2p5/6p1/4P3/2NB4/PrP2KP1/7R b - - 1 20,40,5jl92Vm9,f7f6,168,196,e8e7,0.0091,0.0053,0.0039,0.0032,g8g7,g8g7,g8g7,g8g7,438.0,0.0091,-0.0059,True,club,03_bands_club,2239,2392,2392,False,True,6,0.4739,0.0589
r4r2/pp5k/2p3p1/3b1p2/3P3p/1PB1qPPQ/P1R3BP/7K b - - 4 24,48,9KJrlDc4,f8f7,362,0,d5f3,0.0013,0.001,0.0009,0.0009,d5f3,d5f3,d5f3,d5f3,204.0,0.0013,-0.0004,True,club,03_bands_club,2300,2318,2318,False,True,4,0.7653,0.2002
5rk1/2p1q1pp/1p1p4/3P4/1PPQ4/4PpP1/5K1P/5R2 b - - 2 26,52,F1jEDZIg,e7e8,168,63,e7d7,0.0095,0.0099,0.009,0.0079,e7g5,e7g5,e7g5,e7g5,140.0,0.0099,-0.0016,True,club,03_bands_club,2265,2345,2345,False,True,0,0.4335,0.115
r3kb1r/4pp1p/p5p1/1p2P3/2q1b3/PN2B3/1PPQ2PP/2KR3R b kq - 1 18,36,P7KlGtVG,e4f5,-22,42,e4f5,0.0203,0.0268,0.0276,0.0273,f8g7,f8g7,f8g7,a8c8,1977.0,0.0276,0.007,True,club,03_bands_club,2243,2246,2246,True,False,2,0.5565,0.0575
1rbq1rk1/p2nbppp/2nNp3/3pP3/2pP1PP1/4BN2/PPPQ3P/2KR1B1R b - - 2 12,24,5ZZmRcui,d7b6,273,4,e7d6,0.0285,0.0292,0.0358,0.0309,d8b6,d8b6,d8b6,d8b6,119.0,0.0358,0.0024,True,club,03_bands_club,2384,2327,2327,False,True,2,0.5768,0.1299
r2qk2r/ppp2ppp/2n2n2/2b1p3/4P1b1/2PP1NPP/PP6/RNBQKB1R b KQkq - 0 8,16,MmAxsbR2,f6e4,120,24,g4f3,0.0052,0.0035,0.0044,0.0062,g4f3,g4h5,g4h5,g4f3,109.0,0.0062,0.001,True,club,03_bands_club,2397,2263,2263,False,True,3,0.6477,0.0446
r4rk1/pp3pp1/3qbR1p/2p5/3pP3/P2P3P/BPPQN1P1/5RK1 b - - 0 18,36,tlfYxqGY,a8b8,-435,12,g7f6,0.0,0.0,0.0,0.0,g7f6,g7f6,g7f6,g7f6,140.0,0.0,0.0,True,club,03_bands_club,2324,2247,2247,False,True,1,0.6455,0.0199
r5k1/pp3pr1/8/2p1q3/3pPN1R/P2P3P/1PP2QP1/6K1 b - - 5 24,48,tlfYxqGY,g7g5,-234,17,e5g5,0.0162,0.0155,0.0185,0.024,g8f8,g8f8,g8f8,e5g5,136.0,0.024,0.0078,True,club,03_bands_club,2324,2247,2247,False,True,5,0.6052,0.0407
r1br2k1/3q1pb1/2pp2pp/p1P5/3P1B1P/Q4N2/P4PP1/3RR1K1 b - - 0 20,40,dWVowYTJ,d7f5,-33,0,d6c5,0.0314,0.0217,0.0142,0.0123,d6d5,d6d5,d6d5,d6d5,130.0,0.0314,-0.0191,True,club,03_bands_club,2277,2303,2303,False,True,5,0.5986,0.0212
rn1qkb1r/1p1bpp1p/p4np1/1B1P4/Q7/B1N2N2/P4PPP/R3R1K1 b kq - 1 14,28,Ioi4Ki8P,f6g8,-436,43,d8b6,0.0016,0.0009,0.0009,0.0015,f8g7,f8g7,f8g7,f8g7,289.0,0.0016,-0.0001,True,club,03_bands_club,2215,2318,2318,False,True,6,0.733,0.2729
r2qk1r1/2pn1pbp/p3p3/3b4/Q2P4/5N2/PP1N1PPP/R1B1R1K1 b q - 8 14,28,X9M9DS2O,d8c8,-123,0,g7h6,0.0053,0.0055,0.0049,0.0047,g7h6,g7f6,g7f6,e8f8,108.0,0.0055,-0.0006,True,club,03_bands_club,2215,2229,2229,False,True,2,0.5618,0.0343
r5r1/2qn1k2/p1pbp2p/3b1p2/QP1P3B/P4N2/3N1PPP/2R1R1K1 b - - 1 22,44,X9M9DS2O,d6h2,84,44,d6h2,0.03,0.0158,0.0081,0.0058,g8g4,g8g4,g8g4,g8g4,135.0,0.03,-0.0242,True,club,03_bands_club,2215,2229,2229,True,False,2,0.5864,0.1445
8/pQ3pk1/3r1p2/3Pb1p1/5q1p/1P1R1N1P/r4PP1/4RK2 b - - 2 34,68,FLZ4pBwm,d6d8,147,57,d6d8,0.0107,0.0083,0.0053,0.0051,d6b6,d6b6,d6b6,d6b6,116.0,0.0107,-0.0056,True,club,03_bands_club,2329,2345,2345,True,False,0,0.5278,0.163
3r4/pp3ppk/6bp/2P5/1Pq5/P2p1P1P/3R2P1/2B1Q2K b - - 0 26,52,53BC0W0k,d8e8,272,156,d8e8,0.0058,0.0031,0.0024,0.0019,b7b6,b7b6,d8d7,a7a5,170.0,0.0058,-0.0039,True,club,03_bands_club,2291,2363,2363,True,False,0,0.6135,0.1886
8/pp3ppk/7p/2P2b2/1P5q/P2p1P1P/3Br1PQ/3R3K b - - 8 30,60,53BC0W0k,e2d2,692,304,e2d2,0.0197,0.0189,0.0157,0.013,h4f2,h4f2,h4f2,h4f2,306.0,0.0197,-0.0067,True,club,03_bands_club,2291,2363,2363,True,False,0,0.6737,0.1302
r1k4r/p2nb2p/1p2Nn2/1p4B1/3P4/1P6/1P4PP/2R2RK1 b - - 2 20,40,zvELOHIw,d7c5,-521,32,c8b7,0.0059,0.0029,0.002,0.0016,c8b7,c8b7,c8b7,c8b7,166.0,0.0059,-0.0043,True,club,03_bands_club,2206,2200,2200,False,True,6,0.5854,0.1366
2r1r1k1/p4pb1/1p1q2p1/2pP1p1p/2P1n2P/3NP1P1/P1Q2PB1/1RR3K1 b - - 0 22,44,y8ctbKJG,e4g3,189,137,g7h6,0.0465,0.0493,0.0474,0.0334,e4c3,e4c3,e4c3,e8e7,247.0,0.0493,-0.0131,True,club,03_bands_club,2284,2391,2391,False,True,2,0.6237,0.1488
4rrk1/ppp3pp/3pb3/6q1/2P1QP2/1P2P3/PB4PP/R4RK1 b - - 0 18,36,qJk7HO9w,g5c5,-113,48,g5h4,0.045,0.0468,0.0456,0.043,g5g4,g5g4,g5g4,g5g4,142.0,0.0468,-0.002,True,club,03_bands_club,2351,2270,2270,False,True,5,0.5785,0.1318
5rk1/p1p3p1/3p2r1/7p/2P1qP2/1P2P1PP/PB4QK/4R3 b - - 2 28,56,qJk7HO9w,f8f4,175,229,e4d3,0.0063,0.003,0.0018,0.0016,e4d3,e4d3,e4d3,e4d3,347.0,0.0063,-0.0047,True,club,03_bands_club,2351,2270,2270,False,True,5,0.4508,0.1239
1rb2k1r/5p2/5qp1/3PN2p/2N5/PnQ4P/5PP1/R4RK1 b - - 2 22,44,Nxd00JOl,f8g7,-485,43,b3a1,0.0155,0.02,0.0218,0.0247,b3a1,b3a1,b3a1,b3a1,256.0,0.0247,0.0092,True,club,03_bands_club,2241,2246,2246,False,True,6,0.6949,0.1604
1r6/1q3ppk/7p/8/p1RPp3/P3P1P1/QP3P1P/6K1 b - - 2 32,64,Ng7ZYHgh,b7d5,304,562,b7b5,0.0092,0.0073,0.0057,0.0061,b7b2,b7b2,b7b2,b7b2,738.0,0.0092,-0.0031,True,club,03_bands_club,2381,2221,2221,False,True,5,0.6025,0.1386
r3rnk1/p4p2/1p2p1p1/2pqP2Q/3pNP1b/3P4/PPP2PRN/6RK b - - 0 24,48,xYqeZGqY,g8g7,-698,67,h4d8,0.043,0.0425,0.0396,0.0288,h4e7,h4e7,h4e7,h4e7,273.0,0.043,-0.0142,True,club,03_bands_club,2202,2256,2256,False,True,1,0.7779,0.0875
3rr1k1/p1qnbppp/1p6/4pPP1/4P1Q1/2PnN2P/PP6/R1BR1NK1 b - - 2 22,44,re0vjti0,d7f8,-81,50,d7c5,0.0039,0.004,0.0037,0.0049,d3c1,d3c1,d3c1,d3c1,193.0,0.0049,0.001,True,club,03_bands_club,2243,2214,2214,False,True,2,0.6158,0.0503
rn1q1rk1/pp3p2/3b2p1/2pp1PNp/3P4/2P4Q/P1P3PP/R1B2RK1 b - - 0 14,28,pQCpQbUq,d8f6,-317,11,d6e7,0.0308,0.0446,0.0467,0.0346,c5d4,c5d4,c5d4,c5d4,284.0,0.0467,0.0038,True,club,03_bands_club,2361,2284,2284,False,True,6,0.7265,0.1352
2r2rk1/p2nbp2/1qp1b2p/3pP1p1/2P5/1P1B2NP/P1QB2P1/4RR1K b - - 2 22,44,nJhNwwmf,c8e8,-335,5,f8e8,0.0031,0.0031,0.0029,0.0036,b6c7,b6d4,b6d4,b6d4,198.0,0.0036,0.0005,True,club,03_bands_club,2243,2218,2218,False,True,6,0.737,0.1924
2r1rnk1/p3bp2/1qp1b2p/3pPBpN/2P5/1P5P/P1QB2P1/4RR1K b - - 6 24,48,nJhNwwmf,b6c7,-382,35,c6c5,0.0135,0.0122,0.0088,0.006,e6f5,e6f5,e6f5,d5c4,417.0,0.0135,-0.0075,True,club,03_bands_club,2243,2218,2218,False,True,6,0.7129,0.198
4r1k1/ppp2pp1/2nb1n1p/3p4/3P4/1PP2N1q/P1QN1P2/R1B2BK1 b - - 1 16,32,HpRz2WlC,e8e1,648,648,e8e1,0.0057,0.0036,0.0029,0.0042,h3g4,h3g4,h3g4,h3g4,688.0,0.0057,-0.0015,True,club,03_bands_club,2360,2233,2233,True,False,7,0.6279,0.1924
2r3k1/pbr1qpp1/1pn1pb1p/3p4/1P1P4/P1R1PNP1/1Q2NPBP/2R3K1 b - - 8 20,40,5aD5oIqo,e7d8,-4,2,g7g6,0.0181,0.0226,0.0264,0.0265,e6e5,e6e5,e6e5,e6e5,121.0,0.0265,0.0084,True,club,03_bands_club,2278,2203,2203,False,True,2,0.6095,0.1109
2kr1bnr/pp3ppp/1q1pp3/1N2P3/B3P3/1Q2B3/PP3PPP/R4K2 b - - 5 16,32,eHuHuLu2,b6c5,-855,16,b6a5,0.0037,0.0025,0.0018,0.0016,b6a6,b6a6,b6a6,b6a6,184.0,0.0037,-0.0021,True,club,03_bands_club,2300,2328,2328,False,True,1,0.7318,0.0252
r2q1rk1/1p1n1pp1/p1pbbn1p/3p4/3P1P1B/2NBP3/PP1N2PP/R2Q1RK1 b - - 0 12,24,kaH31o8k,d7b6,-94,5,d8c7,0.0207,0.0121,0.0055,0.0028,b7b5,d8c7,d8c7,d8c7,188.0,0.0207,-0.0179,True,club,03_bands_club,2310,2246,2246,False,True,3,0.6656,0.0562
5rk1/pb3qp1/1p1pp3/2p1PrB1/5PPQ/3P4/PPP5/R4RK1 b - - 0 22,44,wzKqmiQ6,f7d7,-301,9,f5g5,0.0025,0.0017,0.0013,0.0012,f5g5,f5g5,f5g5,f5g5,161.0,0.0025,-0.0013,True,club,03_bands_club,2273,2284,2284,False,True,6,0.5833,0.0323
r1bqk1r1/pp1n1pBR/2p5/8/4P3/5NP1/PPP2K2/RN3B2 b q - 0 14,28,vPBHYhJ2,g8g7,492,73,d8b6,0.0322,0.0212,0.0133,0.0097,d7f6,d7f6,d7f6,d8b6,199.0,0.0322,-0.0225,True,club,03_bands_club,2261,2246,2246,False,True,4,0.7465,0.2723
1r2r1k1/2q1Bpp1/Q4n1p/P2b1N2/5b2/2P3P1/5P1P/RN2R1K1 b - - 0 24,48,WmIwbjTr,d5c4,403,164,d5b7,0.0248,0.0222,0.0211,0.0215,f4g5,f4g5,f4e5,f4e5,387.0,0.0248,-0.0033,True,club,03_bands_club,2215,2242,2242,False,True,0,0.5452,0.1095
1r2r1k1/2q1Bpp1/Q4n1p/P2b1N2/5b2/2P3P1/5P1P/RN2R1K1 b - - 4 26,52,WmIwbjTr,d5c4,437,196,d5c4,0.0248,0.0222,0.0211,0.0215,f4g5,f4g5,f4e5,f4e5,421.0,0.0248,-0.0033,True,club,03_bands_club,2215,2242,2242,True,False,0,0.5441,0.1087
2kr3r/pp1n2p1/1qp1Q3/3n4/1b1PNB2/5P2/PPP1N1PP/2KR3R b - - 0 16,32,STyKJt1f,b6a6,-142,84,b6a6,0.0377,0.0453,0.0484,0.0403,h8e8,h8e8,h8e8,h8e8,111.0,0.0484,0.0026,True,club,03_bands_club,2355,2370,2370,True,False,6,0.6296,0.1614
2r3k1/3nbpp1/p1qp1n2/1p2pP1p/4P3/PNPQ3P/1KP2BP1/3RR3 b - - 4 20,40,gb529aSF,h5h4,67,67,e7d8,0.0108,0.0068,0.005,0.0068,d7c5,d7b6,d7b6,d7b6,116.0,0.0108,-0.004,True,club,03_bands_club,2368,2324,2324,False,True,2,0.5857,0.0542
2r3k1/1q1nbpp1/3p1n2/4pP1p/1pP1P3/1N1R1Q1P/1KP2BP1/4R3 b - - 0 26,52,gb529aSF,b7c7,4,4,b7a6,0.0021,0.0014,0.001,0.0009,c8c4,c8c4,c8c4,c8c4,147.0,0.0021,-0.0012,True,club,03_bands_club,2368,2324,2324,False,True,0,0.5809,0.0056
r1b1kb1r/p2n1ppp/2q1p3/8/RpBP4/1PpQPN2/5PPP/2B2RK1 b kq - 3 14,28,nhTLChgw,c6c7,195,9,f8e7,0.0018,0.0015,0.0008,0.0004,d7b6,d7b6,d7b6,d7b6,658.0,0.0018,-0.0014,True,club,03_bands_club,2264,2209,2209,False,True,2,0.612,0.0182
4rr2/3nqpkp/3p2p1/p1p3PP/1p1PPP2/7Q/PPPN4/2K2R1R b - - 2 22,44,G2sQaRh3,g7g8,-326,9,f8h8,0.0086,0.0089,0.0066,0.0044,c5d4,c5d4,c5d4,c5d4,1663.0,0.0089,-0.0042,True,club,03_bands_club,2390,2352,2352,False,True,6,0.7561,0.154
r1br2k1/p2nbp1p/2p2npB/qp2p1QP/4P3/2NB4/PPP1NPP1/1K1R3R b - - 0 14,28,NGq32RTh,a5c7,-177,38,f6d5,0.0182,0.0214,0.0238,0.0255,b5b4,b5b4,b5b4,b5b4,257.0,0.0255,0.0073,True,club,03_bands_club,2267,2284,2284,False,True,6,0.6306,0.0059
r1br2k1/p2nbp1p/2p3pB/qp2p2P/4P3/2NB2Q1/PPP2PP1/1K1R3R b - - 0 16,32,NGq32RTh,d8e8,-344,23,b5b4,0.0021,0.002,0.0018,0.0026,b5b4,b5b4,b5b4,b5b4,107.0,0.0026,0.0005,True,club,03_bands_club,2267,2284,2284,False,True,6,0.7138,0.1519
rn1qk2r/1bp2pp1/p2bpn1p/1p6/3P4/2NBPN2/PP3PPP/R1BQR1K1 b kq - 5 10,20,iJIA1mOT,c7c5,2,19,e8g8,0.0294,0.0297,0.0323,0.0426,e8g8,e8g8,e8g8,e8g8,138.0,0.0426,0.0132,True,club,03_bands_club,2234,2256,2256,False,True,3,0.7505,0.3351
r2qr1k1/5p2/p2bp1pB/1p4RP/8/5Q2/PPB2PP1/R5K1 b - - 2 22,44,iJIA1mOT,d8e7,-624,16,d6e7,0.0133,0.0138,0.0132,0.0131,g8h7,g8h7,d6e7,d6e7,220.0,0.0138,-0.0002,True,club,03_bands_club,2234,2256,2256,False,True,1,0.9192,0.3354
4rrk1/pbp3pp/1p1p2q1/5p2/1PP1n1n1/P3PP2/1B4PP/1BRQNRK1 b - - 0 18,36,b5ze5Lqg,g6h6,664,243,g4e3,0.0233,0.0121,0.007,0.0053,g4e3,g4e3,g4e3,g4e3,266.0,0.0233,-0.018,True,club,03_bands_club,2356,2353,2353,False,True,2,0.5501,0.0455
4r1k1/2R3pp/p4pq1/1p1p4/3B4/5P1b/PP3QPP/6K1 b - - 0 30,60,DCRTSgmW,e8e1,1998,1229,g6b1,0.0312,0.0182,0.0105,0.0075,g6b1,g6b1,g6b1,g6b1,1100.0,0.0312,-0.0237,True,club,03_bands_club,2326,2318,2318,False,True,0,0.5436,0.1622
r1bqr1k1/ppbn1ppp/2pP1n2/2P5/1P1Pp3/2NB1N2/P4PPP/R1BQ1RK1 b - - 0 12,24,QOf9T2ZG,c7d6,-8,116,c7b8,0.0456,0.0286,0.0154,0.008,c7b8,c7b8,c7b8,c7b8,201.0,0.0456,-0.0376,True,club,03_bands_club,2319,2256,2256,False,True,3,0.6198,0.1445
rbbqrnk1/pp3ppp/2pP1n2/2P1N1B1/1P1P4/3B4/P4PPP/R2QR1K1 b - - 5 16,32,QOf9T2ZG,b8d6,-87,40,f8g6,0.0189,0.0163,0.0153,0.0136,h7h6,f8e6,f8e6,f8e6,172.0,0.0189,-0.0053,True,club,03_bands_club,2319,2256,2256,False,True,6,0.6368,0.1671
rb1qr1k1/pp3ppp/2pPbnn1/2P1N1B1/1P1P1P2/3B3P/P5P1/R2QR1K1 b - - 0 18,36,QOf9T2ZG,b8d6,0,138,e6d5,0.0085,0.0076,0.0082,0.0073,g6e5,h7h6,h7h6,h7h6,274.0,0.0085,-0.0012,True,club,03_bands_club,2319,2256,2256,False,True,6,0.6533,0.1783
rb1qn1k1/pp3pp1/2pP3p/2Pb1P2/1P1P2N1/3B3P/P1Q3P1/4R1K1 b - - 1 24,48,QOf9T2ZG,e8d6,115,1,b8d6,0.0178,0.0089,0.0051,0.004,e8f6,e8f6,e8f6,e8f6,189.0,0.0178,-0.0138,True,club,03_bands_club,2319,2256,2256,False,True,6,0.5523,0.0846
1r2r1k1/p4pbp/2p3p1/2P1n3/3B3q/2Q1P2P/P3BPP1/2R2RK1 b - - 3 26,52,JxcbPBII,g7f6,-259,15,g6g5,0.0108,0.0056,0.0026,0.0012,h4g5,h4g5,h4g5,h4g5,231.0,0.0108,-0.0096,True,club,03_bands_club,2336,2360,2360,False,True,5,0.6347,0.0127
1r4k1/p4p1p/2p2Bn1/2P4q/5P2/7P/P1Q3P1/5RK1 b - - 0 32,64,JxcbPBII,h5h6,-470,54,b8e8,0.0228,0.0245,0.0232,0.0216,b8e8,h5d5,h5d5,h5d5,100.0,0.0245,-0.0012,True,club,03_bands_club,2336,2360,2360,False,True,6,0.6231,0.0322
2bq1r2/3pp1kp/1p3rpb/8/3NQ3/2N5/PPP2PPP/1K1RR3 b - - 9 20,40,ZeGjB3RX,g7h8,-251,3,e7e6,0.0121,0.0124,0.0109,0.0102,f6f2,e7e6,e7e6,f8f7,174.0,0.0124,-0.0019,True,club,03_bands_club,2287,2217,2217,False,True,6,0.6594,0.0427
r1b1kbnr/pp3ppp/2n1p3/1B1q4/Q2P4/2p2N2/P4PPP/RNB1K2R b KQkq - 1 8,16,1C5Mv4lo,g8f6,20,8,d5e4,0.0259,0.0232,0.0255,0.0318,c8d7,c8d7,c8d7,c8d7,131.0,0.0318,0.0059,True,club,03_bands_club,2315,2225,2225,False,True,3,0.6846,0.2123
1nr4r/p2qbpk1/1p2bn2/3p2p1/1P1PpPPp/P1N1P2P/3B2B1/2RQK1NR b K f3 0 20,40,0owy2DU0,e7d6,64,5,g5f4,0.0193,0.0115,0.0068,0.005,g5f4,g5f4,g5f4,g5f4,111.0,0.0193,-0.0143,True,club,03_bands_club,2386,2360,2360,False,True,2,0.6403,0.1215
1nr4r/p2qbpk1/1p6/3p4/1P1PpPb1/PQN4N/3B2B1/2R1K2R b K - 0 24,48,0owy2DU0,h8h3,387,91,g4h3,0.0171,0.0202,0.0226,0.0237,e7h4,e7h4,e7h4,e7h4,656.0,0.0237,0.0066,True,club,03_bands_club,2386,2360,2360,False,True,7,0.6128,0.1459
r1q2rk1/1p1n1pbp/p1n1p1p1/8/Q4P2/2N2B2/PPP2BPP/3RR1K1 b - - 3 20,40,Sw3QF1Gx,c8c7,-33,9,b7b5,0.0223,0.0197,0.0178,0.0246,b7b5,b7b5,b7b5,b7b5,270.0,0.0246,0.0023,True,club,03_bands_club,2379,2219,2219,False,True,2,0.6306,0.1007
3rk2r/pp1b1pp1/1npPp2p/4N3/5P2/1B6/PP4PP/3RR1K1 b - - 0 18,36,w0NQfl83,g7g6,8,77,c6c5,0.0189,0.0245,0.0343,0.0395,f7f6,b6d5,b6d5,b6c8,410.0,0.0395,0.0206,True,club,03_bands_club,2309,2365,2365,False,True,2,0.5636,0.0004
2r3k1/ppr2p1p/4pQp1/3p2P1/3P2NP/2P1KP2/PP1n2q1/1R2R3 b - - 10 30,60,23IlJDG7,c7c3,1996,1643,c7c3,0.0067,0.0083,0.0105,0.0108,d2b1,d2b1,d2b1,d2b1,1569.0,0.0108,0.0041,True,club,03_bands_club,2276,2251,2251,True,False,6,0.3625,0.0156
2r2rk1/1b4p1/pqn1p2p/1p1pP3/8/P1PQ1N2/1P2N1PP/4RR1K b - - 0 20,40,OmwR30nn,d5d4,-48,15,a6a5,0.0246,0.0141,0.0073,0.0037,b6c7,b6c7,b6c7,c6a5,241.0,0.0246,-0.0209,True,club,03_bands_club,2322,2325,2325,False,True,5,0.6178,0.0022
2r2rk1/1b4p1/1q2p1Qp/3pP3/1p1N4/2P5/1P4PP/4RR1K b - - 1 24,48,OmwR30nn,b6c5,-253,24,b6a6,0.0004,0.0003,0.0002,0.0001,f8f1,f8f1,f8f1,f8f1,133.0,0.0004,-0.0003,True,club,03_bands_club,2322,2325,2325,False,True,5,0.6256,0.0991
4rrk1/1b4p1/q3pRQp/3pP3/1P1N4/8/1P4PP/4R2K b - - 0 26,52,OmwR30nn,b7c6,-526,3,a6d3,0.0242,0.0192,0.018,0.0197,f8f6,f8f6,f8f6,f8f6,1469.0,0.0242,-0.0045,True,club,03_bands_club,2322,2325,2325,False,True,5,0.6553,0.0123
6k1/5p1p/p4Bp1/1p3b2/8/6P1/PPq1rPBP/R4RK1 b - - 1 20,40,Vjl94WZh,f5d7,29,2,e2e8,0.0013,0.0011,0.001,0.001,c2b2,c2b2,c2b2,f5e4,571.0,0.0013,-0.0003,True,club,03_bands_club,2227,2208,2208,False,True,0,0.498,0.0777
8/5p1k/p2R1Bpp/1p3b2/7P/P5P1/1P3PBK/4q3 b - - 2 28,56,Vjl94WZh,g6g5,64,67,g6g5,0.0076,0.0034,0.0019,0.002,e1f2,e1f2,e1f2,e1f2,2058.0,0.0076,-0.0056,True,club,03_bands_club,2227,2208,2208,True,False,0,0.4094,0.0375
r7/2r2k2/7R/p1BR2p1/4P3/2P2P2/2b3PP/6K1 b - - 0 28,56,1aex2adk,c7c5,-543,2,f7g7,0.0098,0.01,0.0105,0.0119,a5a4,a5a4,a5a4,a5a4,284.0,0.0119,0.0021,True,club,03_bands_club,2347,2316,2316,False,True,1,0.754,0.1807
1r1r4/2n2pp1/p2kb2p/2pp4/P6R/1PN2B2/K4PPP/2R5 b - - 4 32,64,NvAf5FFd,d8h8,333,28,d5d4,0.0028,0.0032,0.0031,0.0029,d5d4,d5d4,d5d4,b8b4,145.0,0.0032,0.0001,True,club,03_bands_club,2333,2308,2308,False,True,0,0.672,0.0419
4rrk1/ppq2npp/8/2ppP3/6P1/2PP3P/P1PB2Q1/4RRK1 b - - 0 20,40,g7mc0MzN,c7d7,-166,8,c7c6,0.0016,0.001,0.0008,0.0007,f7e5,e8e5,e8e5,e8e5,323.0,0.0016,-0.0009,True,club,03_bands_club,2241,2228,2228,False,True,5,0.6737,0.1289
6Q1/kp2q1p1/2p2p2/P2p4/P1bP4/2P2NP1/5PP1/6K1 b - - 2 28,56,pXvC2k4A,c4d3,0,0,c4b3,0.0222,0.0245,0.0316,0.0385,a7a6,a7a6,a7a6,a7a6,1999.0,0.0385,0.0163,True,club,03_bands_club,2276,2245,2245,False,True,5,0.5159,0.1442
8/2p3p1/2Pk1p1p/pp6/P2P2PP/1K2PB2/8/5b2 b - - 1 34,68,VLpEM7DE,h6h5,258,10,b5b4,0.0003,0.0002,0.0002,0.0003,b5b4,f1c4,f1c4,f1c4,116.0,0.0003,0.0,True,club,03_bands_club,2358,2274,2274,False,True,0,0.4529,0.1625
8/4Bpkp/4p3/3p1b2/2qp3P/5BP1/r3rP2/3Q1RK1 b - - 4 30,60,FVlIthP5,d4d3,431,28,e2d2,0.0458,0.0372,0.0391,0.0391,e2d2,e2d2,e2d2,e2d2,140.0,0.0458,-0.0067,True,club,03_bands_club,2306,2383,2383,False,True,4,0.7992,0.324
r4rk1/pp2q1p1/2n1b3/4PpNp/1P5P/P7/1B3PP1/R2Q1RK1 b - - 3 18,36,DhMSQ9Un,e7e8,-384,9,e6f7,0.0033,0.0033,0.003,0.0022,a8d8,a8d8,a8d8,a8d8,262.0,0.0033,-0.0011,True,club,03_bands_club,2217,2200,2200,False,True,6,0.7531,0.1107
r2n1rk1/1p2q1p1/p3P1b1/1P3pNp/P2Q3P/8/1B3PP1/R4RK1 b - - 0 22,44,DhMSQ9Un,f8e8,-475,13,d8e6,0.0015,0.0017,0.0018,0.0026,d8e6,d8e6,d8e6,d8e6,104.0,0.0026,0.0011,True,club,03_bands_club,2217,2200,2200,False,True,1,0.778,0.0315
1R2r1k1/4r2p/p2QnRp1/P1Pp4/q2P3P/5N2/5PP1/6K1 b - - 4 30,60,poIccuJK,e8b8,-496,28,g8g7,0.0138,0.0127,0.0109,0.0103,a4d1,a4d1,a4d1,a4d1,259.0,0.0138,-0.0035,True,club,03_bands_club,2258,2269,2269,False,True,1,0.802,0.0835
8/pp4p1/3k1p2/3p4/2pq1PK1/6Q1/PPr5/4R3 b - - 3 32,64,EeoLPuLB,d4d3,570,18,g7g5,0.029,0.0329,0.0385,0.0442,c2b2,c2b2,c2b2,c2b2,109.0,0.0442,0.0152,True,club,03_bands_club,2304,2300,2300,False,True,4,0.826,0.2835
rn1qkb1r/pp3pp1/2p1pn2/3p3p/3PPB2/2NQ1P2/PPP3PP/R3K1NR b KQkq - 0 8,16,ODBaj52g,d8a5,-16,2,b8a6,0.014,0.0123,0.0096,0.0086,b8d7,b8d7,d5e4,d5e4,116.0,0.014,-0.0054,True,club,03_bands_club,2230,2284,2284,False,True,3,0.7546,0.271
r2q1r1k/4b3/2p1N1Q1/pp1n3p/3P2nP/P4PB1/1PP3P1/R5KR b - - 2 20,40,ODBaj52g,f8f7,-765,15,e7f6,0.0088,0.0116,0.0136,0.0128,f8g8,f8g8,f8g8,f8g8,1233.0,0.0136,0.004,True,club,03_bands_club,2230,2284,2284,False,True,6,0.7575,0.106
3r1r2/5k2/2p2b2/pp1n3Q/3P3P/P4PB1/1PP3P1/R5KR b - - 1 24,48,ODBaj52g,f7g8,-786,6,f7g7,0.0477,0.0382,0.0358,0.0444,f7e7,f7e7,f7e7,f7e7,1200.0,0.0477,-0.0033,True,club,03_bands_club,2230,2284,2284,False,True,1,0.8747,0.4544
2kr1b1r/p1n1p2p/1q1pPnp1/1pp2p1P/8/P1N1P3/1PPBBPP1/R2QK2R b KQ - 0 14,28,OslTc8dD,d6d5,54,57,f8h6,0.0129,0.0151,0.0201,0.0342,g6h5,c7e6,g6g5,g6g5,199.0,0.0342,0.0213,True,club,03_bands_club,2235,2238,2238,False,True,2,0.6646,0.1364
r1b1kb1r/ppp1q1pp/4pn2/4p1B1/4N3/2P5/PP3PPP/RN1Q1RK1 b kq - 2 10,20,9dLGJdim,e7f7,3,48,c8d7,0.0293,0.0229,0.0222,0.0231,h7h6,c8d7,c8d7,c8d7,100.0,0.0293,-0.0062,True,club,03_bands_club,2252,2207,2207,False,True,2,0.5932,0.0082
rn3rk1/5nBp/1qp5/3p3p/3P2b1/Pp1B1N2/1P1QNP2/1K4RR b - - 0 22,44,WPBVcAqJ,b8d7,-569,11,g8g7,0.0028,0.0041,0.0073,0.015,g8g7,g8g7,g8g7,g8g7,137.0,0.015,0.0122,True,club,03_bands_club,2362,2377,2377,False,True,1,0.8468,0.2407
rn4k1/5n1p/1qp5/3pN2R/3P4/Pp1B4/1P1QNP2/1K6 b - - 1 26,52,WPBVcAqJ,a8a3,-783,43,a8a7,0.0145,0.0141,0.012,0.0095,f7e5,f7e5,f7e5,f7e5,1210.0,0.0145,-0.005,True,club,03_bands_club,2362,2377,2377,False,True,1,0.8817,0.3877
r1bq1rk1/4ppbp/p2p1npB/1pn4P/3NP3/2N2P2/PPPQ2P1/2KR1B1R b - - 0 12,24,IW8xDZE7,g7h8,-284,14,b5b4,0.0017,0.0015,0.0014,0.0021,f6h5,f6h5,f6h5,b5b4,102.0,0.0021,0.0004,True,club,03_bands_club,2391,2330,2330,False,True,3,0.6394,0.0049
r1bq1rk1/4ppbp/p2p2pB/2nP3P/1p1N4/5P2/PPPQ2P1/2KR1B1R b - - 0 14,28,IW8xDZE7,g7f6,-319,25,d8a5,0.002,0.0018,0.0016,0.002,d8a5,d8a5,d8a5,d8a5,163.0,0.002,0.0,True,club,03_bands_club,2391,2330,2330,False,True,6,0.7704,0.2181
7k/pR3B1p/1b1B2p1/8/4r1P1/5N1P/5PK1/1r6 b - - 4 30,60,ka0YVJje,b1b5,-443,58,h7h5,0.0031,0.0025,0.0025,0.0029,e4e2,b1b2,b1b2,b1b2,218.0,0.0031,-0.0002,True,club,03_bands_club,2311,2212,2212,False,True,1,0.6245,0.094
7k/pR3B2/1b4p1/4N2p/6P1/7P/5PK1/1r6 b - - 0 32,64,ka0YVJje,b1e1,-472,118,h5g4,0.0439,0.038,0.0329,0.0327,b1b2,b1b2,b1b2,b1b2,116.0,0.0439,-0.0112,True,club,03_bands_club,2311,2212,2212,False,True,1,0.8403,0.406
8/p1k1b1r1/1pb1pp2/8/2p1BP2/2B3P1/PPP4P/4R1K1 b - - 3 26,52,C4nqCUNy,c6a4,-324,5,e7c5,0.0146,0.0123,0.0107,0.0103,c6e4,c6e4,e7c5,e7c5,118.0,0.0146,-0.0043,True,club,03_bands_club,2357,2322,2322,False,True,5,0.6195,0.0598
3rr1k1/p1qn1p1p/1p2b1p1/3p4/B2N4/2P2Q1P/PP3PP1/R3R1K1 b - - 2 22,44,DiviUjN1,e8f8,-163,6,c7d6,0.0298,0.0352,0.0396,0.044,d7c5,d7c5,d7c5,d7c5,224.0,0.044,0.0142,True,club,03_bands_club,2213,2390,2390,False,True,5,0.6761,0.0507
3rb1k1/Q3qp1p/1p4p1/8/3N4/2P4P/1P3PP1/R5K1 b - - 0 28,56,DiviUjN1,e7e5,-155,36,e7f6,0.0306,0.0297,0.0342,0.0493,d8d7,d8d7,e7a7,e7a7,117.0,0.0493,0.0187,True,club,03_bands_club,2213,2390,2390,False,True,5,0.6431,0.247
r1b1r1k1/pp3ppp/2p5/8/1bPN4/4PB1P/P1K2PP1/B4R2 b - - 3 22,44,sp2iOxQK,a7a5,252,6,c8d7,0.0285,0.0388,0.0348,0.0447,c6c5,c8e6,c8e6,c8e6,164.0,0.0447,0.0162,True,club,03_bands_club,2222,2367,2367,False,True,0,0.4818,0.063
2R5/1p3pk1/1q2pn1r/p2pQ3/5PPP/P4B2/1P3PK1/8 b - - 0 30,60,AF8Gf8Pt,g7h7,-766,18,g7h7,0.0276,0.0235,0.0201,0.0177,h6h4,h6h4,h6h4,h6h4,1228.0,0.0276,-0.0099,True,club,03_bands_club,2297,2338,2338,True,False,1,0.8275,0.1938
2R3n1/1p3p1k/1q2p2r/p2pQ1PP/5P2/P4B2/1P3PK1/8 b - - 0 32,64,AF8Gf8Pt,b6c6,-844,125,f7f6,0.0031,0.0029,0.0029,0.0031,h6h5,h6h5,h6h5,f7f6,394.0,0.0031,0.0,True,club,03_bands_club,2297,2338,2338,False,True,1,0.8895,0.323
r4rk1/pp1n1pp1/5q1p/2Pp4/1b4b1/2NBP3/PPQ1NPPP/R4RK1 b - - 2 12,24,nAwPk8T5,f6e5,-48,27,g4e2,0.0006,0.0003,0.0002,0.0002,d7c5,d7c5,d7c5,d7c5,302.0,0.0006,-0.0004,True,club,03_bands_club,2291,2270,2270,False,True,3,0.631,0.0136
2R3R1/4kppp/p1b1p3/4P3/1nP5/2n2NP1/5PKP/1r6 b - - 8 30,60,aRBFyowh,b1d1,221,116,c3e4,0.0094,0.0072,0.0062,0.0067,c6f3,c6f3,c6f3,c6f3,329.0,0.0094,-0.0027,True,club,03_bands_club,2329,2281,2281,False,True,0,0.4788,0.1124
2R3R1/4kppp/p1b1p3/4P3/1nP4K/5NP1/5n1P/1r6 b - - 1 32,64,aRBFyowh,c6d7,287,37,e7d7,0.0267,0.023,0.0204,0.0198,c6f3,c6f3,c6f3,c6f3,2286.0,0.0267,-0.0069,True,club,03_bands_club,2329,2281,2281,False,True,0,0.5515,0.1788
r2qkb1r/pp3ppp/2n1bn2/3pp1B1/8/1QNP2P1/PP2PPBP/R3K1NR b KQkq - 4 8,16,IRsCz6pX,a8c8,118,35,c6d4,0.002,0.0015,0.0009,0.0005,d5d4,d5d4,d5d4,d5d4,381.0,0.002,-0.0015,True,club,03_bands_club,2296,2387,2387,False,True,3,0.6549,0.2549
2rq1rk1/4bppp/p1n1bn2/1p2p1B1/3p4/P2PP1P1/NP1QNPBP/2R2RK1 b - - 1 16,32,IRsCz6pX,f6e4,160,16,e6a2,0.0006,0.0003,0.0001,0.0001,e6a2,e6a2,e6a2,e6a2,135.0,0.0006,-0.0005,True,club,03_bands_club,2296,2387,2387,False,True,2,0.5973,0.0466
r3k2r/1pqnbppb/p1p1pn1p/4N2P/2PP4/PB4N1/1P1BQPP1/R3K2R b KQkq - 1 18,36,Yp0qxpHU,c7b6,180,121,d7e5,0.0296,0.0251,0.0176,0.0099,d7e5,d7e5,d7e5,d7e5,151.0,0.0296,-0.0197,True,club,03_bands_club,2231,2205,2205,False,True,3,0.7084,0.136
2r4r/1bq2p2/p4kpQ/1p2n3/3N4/2N5/PP4PP/1B3R1K b - - 2 24,48,Z2PZRwBw,e5f3,524,394,e5f3,0.0192,0.0159,0.0165,0.0216,f6e7,f6e7,f6e7,f6e7,390.0,0.0216,0.0024,True,club,03_bands_club,2220,2304,2304,True,False,6,0.4557,0.1713
2krr3/pp1b2pp/2n2p2/q1b1p3/8/1QP1PP2/PP3BPP/2KR1BNR b - - 5 14,28,to1IFD2f,c6e7,145,47,d7e6,0.0054,0.0042,0.0037,0.0033,d7e6,d7e6,d7e6,d7e6,157.0,0.0054,-0.0021,True,club,03_bands_club,2237,2266,2266,False,True,2,0.5461,0.0092
2rr2k1/4pp1p/1q2b1p1/1pp1b3/4PPP1/2P1Q3/1PBN2P1/R3R1K1 b - - 0 24,48,Zd2wI4lU,b6d6,308,100,e5g7,0.0024,0.0012,0.0007,0.0006,e5g7,e5g7,e5g7,e5g7,348.0,0.0024,-0.0018,True,club,03_bands_club,2383,2327,2327,False,True,2,0.541,0.0053
r2r2k1/1bpq1ppp/1p1pnn2/p7/P1PPP3/B2Q1NPB/5P1P/R3R1K1 b - - 4 18,36,91xaLd9K,e6f4,80,242,d7e8,0.0034,0.0021,0.0014,0.0007,d7a4,d7a4,d7a4,d7a4,479.0,0.0034,-0.0027,True,club,03_bands_club,2222,2219,2219,False,True,2,0.6049,0.0628
r3k1nr/pp1b2pp/1qn1pp2/3pP3/3P4/P2B1N2/P4PPP/R1BQ1RK1 b kq - 3 10,20,YhNGnhiW,b6c7,-196,24,c6d4,0.005,0.0069,0.0094,0.0082,c6d4,c6d4,c6d4,c6d4,348.0,0.0094,0.0032,True,club,03_bands_club,2223,2201,2201,False,True,3,0.7233,0.1926
4r3/Qp3kp1/2b1p1p1/3nPp1r/P4P2/B7/P4RPP/2R3K1 b - - 0 22,44,YhNGnhiW,f7g8,-567,52,f7g8,0.0177,0.0218,0.0254,0.0409,e8h8,e8h8,e8h8,e8h8,147.0,0.0409,0.0232,True,club,03_bands_club,2223,2201,2201,True,False,1,0.8793,0.3979
2b2b1r/2q2kp1/p3p1n1/2p2pB1/2P2P2/2Q5/PrB2RpP/RN4K1 b - - 1 24,48,RRjnE6re,f8e7,495,46,b2c2,0.0048,0.0034,0.0029,0.0031,b2b4,b2b4,b2b4,b2b4,229.0,0.0048,-0.0017,True,club,03_bands_club,2304,2235,2235,False,True,4,0.6974,0.0622
7r/1bq1Bkp1/p3p3/2pN1p2/2P2n2/8/P1Q2RpP/R5K1 b - - 1 28,56,RRjnE6re,f4e2,871,291,b7d5,0.0102,0.0067,0.005,0.0045,f4h3,f4d5,f4d5,f4d5,261.0,0.0102,-0.0057,True,club,03_bands_club,2304,2235,2235,False,True,0,0.6026,0.0495
r2qkb1r/pp4pp/5n2/2p1p1B1/2BnP3/P1N2P2/1PP4P/R2Q1RK1 b kq - 0 12,24,8cssyRKS,d8d6,-129,45,f8e7,0.0166,0.0207,0.0284,0.0304,f8e7,f8e7,f8e7,f8e7,131.0,0.0304,0.0138,True,club,03_bands_club,2247,2218,2218,False,True,6,0.6205,0.0351
r2qr1k1/1b3pbp/ppnN2p1/2pnP3/P2p1P2/3P3P/1PPB2B1/R2QNRK1 b - - 2 16,32,UgHO5TXj,d8d6,-354,25,e8e7,0.0128,0.0148,0.0197,0.032,e8e7,e8e7,e8e7,e8e7,117.0,0.032,0.0192,True,club,03_bands_club,2237,2228,2228,False,True,6,0.654,0.0977
4r1k1/pQp1qp2/3p2rp/1P6/2P5/P2P2P1/7P/5RK1 b - - 0 30,60,HFcCljD0,g6f6,746,225,e7e3,0.043,0.03,0.019,0.0117,e7e3,e7e3,e7e3,e7e3,162.0,0.043,-0.0313,True,club,03_bands_club,2205,2323,2323,False,True,4,0.8638,0.4939
r5b1/1pk3pp/2p2p2/4PP2/3b4/P7/4R1BP/1K5R b - - 2 24,48,f6Qo7LRq,g8c4,365,43,f6e5,0.0227,0.0225,0.0245,0.0273,f6e5,d4e5,d4e5,d4e5,116.0,0.0273,0.0046,True,club,03_bands_club,2315,2320,2320,False,True,0,0.6348,0.1182
r4rk1/pp2nppp/2n5/3p2BP/3P2b1/2N2Nq1/PP2B3/R2Q2RK b - - 3 18,36,NGGxiTtC,g4f3,1998,2212,g4f3,0.0351,0.0294,0.022,0.0114,g3h3,g3h3,g3h3,g3h3,2238.0,0.0351,-0.0237,True,club,03_bands_club,2356,2336,2336,True,False,7,0.6786,0.2369
r2r2k1/pp2qpp1/2b4p/8/4Pn2/1NN1QP2/PP4PP/3R1R1K b - - 3 20,40,ECbjSMZP,f4d5,-32,94,e7e5,0.0038,0.0019,0.0013,0.001,e7g5,e7g5,e7g5,e7g5,106.0,0.0038,-0.0028,True,club,03_bands_club,2324,2361,2361,False,True,5,0.6134,0.0827
rn3b1r/p4kpb/1pp2n1p/3p4/3P2PP/1PN5/1PPBB3/2K1R2R b - - 0 20,40,fSA60uGX,h7g6,235,41,f6e4,0.0015,0.0013,0.001,0.0009,f8b4,f8b4,f8d6,f8d6,114.0,0.0015,-0.0006,True,club,03_bands_club,2279,2260,2260,False,True,2,0.5136,0.0546
r3r1k1/1p3p1p/p3p1p1/1b1pP3/2q2P1Q/1Nn2B2/2P3PP/R3R2K b - - 6 28,56,dhD79Izh,c4b4,338,29,a8c8,0.0132,0.0124,0.0118,0.0109,c3e4,c3e4,c3e4,c3e4,338.0,0.0132,-0.0023,True,club,03_bands_club,2295,2350,2350,False,True,0,0.6318,0.1629
2r1r1k1/1p3p1p/p1b1p1p1/N3P1Q1/5P2/8/2q3PP/R3R2K b - - 3 34,68,dhD79Izh,h7h6,476,21,c8d8,0.0191,0.0118,0.0082,0.0077,c6g2,c6d5,c6d5,e8d8,181.0,0.0191,-0.0114,True,club,03_bands_club,2295,2350,2350,False,True,4,0.7922,0.1593
5r2/4q1bk/n2pPn1p/p1p2p2/2P1pNpP/2B1P1P1/P4PB1/3Q1RK1 b - - 1 26,52,fcHxnYZC,f6h5,-139,23,a6b4,0.0049,0.0021,0.0007,0.0002,a6b4,a6b4,a6b4,a6b4,197.0,0.0049,-0.0047,True,club,03_bands_club,2274,2216,2216,False,True,6,0.6395,0.0922
r7/4q1bk/3pPn1p/p1p2p2/QnP1pNpP/P1B1P1P1/5PB1/5RK1 b - - 0 28,56,fcHxnYZC,a8a7,-330,32,a8a7,0.0008,0.0008,0.0009,0.0014,b4d3,b4d3,b4d3,b4d3,124.0,0.0014,0.0006,True,club,03_bands_club,2274,2216,2216,True,False,6,0.7106,0.1995
6k1/2q2rpp/p4b2/3Rp2P/1p3P2/1N2Q3/PPr5/1K5R b - - 0 28,56,LReqcAsh,c2b2,661,141,c2b2,0.0135,0.0157,0.0161,0.0185,e5f4,e5f4,e5f4,e5f4,137.0,0.0185,0.005,True,club,03_bands_club,2385,2292,2292,True,False,0,0.6753,0.2745
r2qk1r1/pp1bb2p/4p2Q/n2pPp2/3P3P/N1PB1NP1/5P2/R3K2R b KQq - 0 14,28,v4I6mOd3,d8c8,-214,12,d8c7,0.0088,0.0069,0.0061,0.0067,a5b3,a5b3,a5b3,a5b3,107.0,0.0088,-0.0021,True,club,03_bands_club,2260,2325,2325,False,True,6,0.6058,0.0655
r1b1nrk1/4qnbp/1p1p1pp1/pNpPpP2/P3P1P1/1B2BN1P/1PP1Q3/R4R1K b - - 1 18,36,0am0X6J2,g7h6,-187,34,g6g5,0.0264,0.0225,0.0196,0.0168,g6g5,g6g5,g6g5,g6g5,100.0,0.0264,-0.0096,True,club,03_bands_club,2393,2369,2369,False,True,2,0.6044,0.0632
6k1/2pr1pB1/1P6/r4N2/p1R1PnP1/P2P4/4PK2/8 b - - 0 34,68,H857q9H3,c7c5,-458,20,c7b6,0.0101,0.0084,0.0067,0.007,c7b6,c7b6,c7b6,c7b6,1536.0,0.0101,-0.0031,True,club,03_bands_club,2396,2275,2275,False,True,6,0.6394,0.0414
r3r1k1/1pp2npp/p1p2pq1/4pN2/4P2P/3PPR2/PPP1Q1P1/5R1K b - - 2 20,40,MnyvtMI8,g6g4,-101,308,g6h5,0.0432,0.0426,0.0431,0.0488,f7h6,f7h6,f7d6,f7d6,384.0,0.0488,0.0056,True,club,03_bands_club,2296,2206,2206,False,True,6,0.56,0.0182
1r3rk1/pp3qp1/3R1n1p/2P2p2/1Pb5/P3P1P1/1B3PBP/3RQ1K1 b - - 7 28,56,1X0GVJwr,b8e8,-462,33,c4b3,0.0233,0.0224,0.027,0.0366,c4b3,c4b3,f6e4,f6e4,106.0,0.0366,0.0133,True,club,03_bands_club,2328,2200,2200,False,True,1,0.6954,0.0027
6kq/1p4p1/2p1Rp2/r2n4/p1PP4/P4N1P/1PQ2PP1/6K1 b - - 0 30,60,XrlDGehV,h8h5,-529,29,d5f4,0.0194,0.0158,0.017,0.0209,d5f4,d5f4,d5f4,d5f4,379.0,0.0209,0.0015,True,club,03_bands_club,2201,2242,2242,False,True,1,0.8183,0.1583
4k3/p3b1pp/4p3/2pbP3/4p3/1PB1P1P1/P3Q2P/1q3BK1 b - - 13 28,56,atU4mSBV,e7d8,-1,8,b1c1,0.0187,0.0187,0.019,0.0273,e7g5,e7g5,e7g5,e7g5,399.0,0.0273,0.0086,True,club,03_bands_club,2375,2273,2273,False,True,5,0.4362,0.0461
r2r2k1/p4pp1/1p2b1q1/1Q1p3p/2pPP3/2P2B2/P4PPP/2R1R1K1 b - - 0 20,40,QYo3lBI2,e6d7,-48,35,d5e4,0.0288,0.0178,0.0118,0.0084,h5h4,h5h4,h5h4,h5h4,109.0,0.0288,-0.0204,True,club,03_bands_club,2267,2321,2321,False,True,5,0.6711,0.0966
6k1/1b4p1/5pq1/8/2pP4/2P2RQ1/P4PPP/2R3K1 b - - 2 34,68,QYo3lBI2,g8h7,-831,1,g6h6,0.0035,0.0022,0.0018,0.0018,g6h6,g6h6,g6h6,g6h6,316.0,0.0035,-0.0017,True,club,03_bands_club,2267,2321,2321,False,True,1,0.855,0.5166
2r2rk1/4bpp1/4bn1p/p2p4/3N3B/1P1QP3/p5PP/5RK1 b - - 0 26,52,TIHmJcKL,e7d8,23,19,g7g5,0.0064,0.0077,0.0072,0.0058,g7g5,g7g5,f6e4,f6e4,294.0,0.0077,-0.0006,True,club,03_bands_club,2339,2260,2260,False,True,0,0.5563,0.0847
r7/p1k5/2p2B2/1p6/4PPr1/6b1/PPP4p/2KR1R2 b - - 0 30,60,c7G21HuP,a8e8,88,7,a8g8,0.006,0.0039,0.0033,0.0043,g3f4,g3f4,g3f4,g3f4,529.0,0.006,-0.0017,True,club,03_bands_club,2208,2222,2222,False,True,0,0.5822,0.2295
7r/4b1pp/1p3k2/2pB4/P2n1r2/6P1/1P3P1P/3RR1K1 b - - 0 26,52,UTrVcTmt,h8d8,290,30,f4f5,0.0031,0.0027,0.0032,0.0039,f4f5,f4f5,f4f5,f4f5,219.0,0.0039,0.0008,True,club,03_bands_club,2277,2236,2236,False,True,0,0.4382,0.0216
1brq1rk1/pp1b1ppp/4pn2/2Pp4/1P1Pn3/P4N2/1B1NBPPP/2RQ1RK1 b - - 2 14,28,Hiu5JXL6,d8e8,-47,5,d8e8,0.0459,0.0358,0.027,0.0199,d8c7,d8c7,d8c7,d7c6,123.0,0.0459,-0.026,True,club,03_bands_club,2232,2310,2310,True,False,3,0.7094,0.0502
b4n1r/3k1qpp/2p1p3/3pQ3/1p1P1B2/3B4/1P3PPP/4R1K1 b - - 3 22,44,NZNa4ABr,f7e7,-767,15,f8g6,0.0228,0.0269,0.0348,0.0432,f8g6,f8g6,f8g6,f8g6,1219.0,0.0432,0.0204,True,club,03_bands_club,2363,2204,2204,False,True,1,0.8567,0.1988
rn2k2r/1pq3bp/p5p1/3P1p2/4p3/BP1P2P1/P1N2P1P/R2QK2R b KQkq - 0 18,36,jaKlCLiO,e4d3,0,74,e4d3,0.0442,0.0317,0.0225,0.0161,g7a1,g7a1,g7a1,g7a1,371.0,0.0442,-0.0281,True,club,03_bands_club,2247,2238,2238,True,False,6,0.5082,0.0705
rn2k2r/1pq3bp/p5p1/3P1p2/8/BP2N1P1/P2p1P1P/R2Q1K1R b kq - 1 20,40,jaKlCLiO,c7c3,-15,24,c7a5,0.0419,0.0301,0.026,0.0322,g7a1,g7a1,g7a1,g7a1,243.0,0.0419,-0.0097,True,club,03_bands_club,2247,2238,2238,False,True,6,0.5252,0.0218
rn2k2r/1p4bp/p5p1/3q1p2/2N5/BP4P1/P2pQP1P/R4K1R b kq - 1 22,44,jaKlCLiO,g7e5,-507,260,e8f7,0.0463,0.0269,0.0149,0.0092,e8f7,e8f7,e8f7,e8f7,1490.0,0.0463,-0.0371,True,club,03_bands_club,2247,2238,2238,False,True,6,0.4992,0.1501
rn2Qbk1/1p5p/p2q2p1/4Bp2/8/1P4P1/P2pKP1P/R7 b - - 1 28,56,jaKlCLiO,b8c6,723,55,d6d7,0.0112,0.0104,0.0104,0.0122,d6e7,d6e7,d6e7,d6e7,215.0,0.0122,0.001,True,club,03_bands_club,2247,2238,2238,False,True,4,0.6967,0.2037
r1b2rk1/1pq1bppp/p1n2n2/3p4/5P2/P1NB2N1/1PP3PP/R1BQ1RK1 b - - 0 12,24,g050VUP1,f8d8,25,1,c8g4,0.0185,0.0196,0.0253,0.0373,c8g4,c8g4,c8g4,c8g4,101.0,0.0373,0.0188,True,club,03_bands_club,2202,2343,2343,False,True,2,0.7005,0.0605
r4rk1/pppbqpp1/2n1pn1p/8/P1BPP3/2P2N2/4QPPP/R1BR2K1 b - - 0 12,24,X62NmPRz,f8d8,-191,32,f8d8,0.0177,0.0211,0.028,0.0489,c6a5,c6a5,c6a5,c6a5,140.0,0.0489,0.0312,True,club,03_bands_club,2262,2275,2275,True,False,3,0.6656,0.0101
r2rqk2/pppb1p2/4pQ2/n3P3/P1PP4/2nB1N2/5PPP/R1R3K1 b - - 6 24,48,X62NmPRz,d7c6,-622,37,a5b3,0.0059,0.0077,0.0092,0.009,c3a4,c3a4,c3a4,c3a4,1366.0,0.0092,0.0031,True,club,03_bands_club,2262,2275,2275,False,True,6,0.7218,0.0286
2r3r1/2k1bp2/p1p5/3pPQ1p/5B2/q6P/P1P2PP1/1R4K1 b - - 4 26,52,wia1mZnz,g8f8,0,10,c6c5,0.0383,0.0392,0.0301,0.0205,a3a2,a3a2,a3f3,a3f3,496.0,0.0392,-0.0178,True,club,03_bands_club,2255,2298,2298,False,True,6,0.5924,0.1763
2r3r1/2k1b3/p7/3QP2p/2p2B2/q6P/P1P2PP1/1R4K1 b - - 0 28,56,wia1mZnz,a3b3,-841,62,a3c5,0.0016,0.0013,0.0011,0.0012,c8b8,c8b8,a3h3,a3h3,1158.0,0.0016,-0.0004,True,club,03_bands_club,2255,2298,2298,False,True,6,0.7159,0.1473
2rq2kr/1p2pp1p/3p2n1/3P2PR/3Q4/pP1B4/P1P5/2K4R b - - 4 28,56,CByjdx8i,g6f8,-300,168,d8c7,0.0074,0.004,0.003,0.0036,e7e5,e7e5,d8c7,d8c7,240.0,0.0074,-0.0038,True,club,03_bands_club,2301,2263,2263,False,True,6,0.4714,0.0028
4r1k1/ppp2ppp/8/4r1P1/7P/PqPB1PQ1/1P6/2K4R b - - 0 32,64,4CO5HmbG,e5e2,1996,1687,e5e2,0.0051,0.0048,0.0053,0.0071,b3a2,b3a2,e5e3,e5e3,1689.0,0.0071,0.002,True,club,03_bands_club,2293,2327,2327,True,False,4,0.5943,0.0845
2r2rk1/pQ3pp1/2n4p/3b2q1/8/1NPB4/P1P2RPP/R6K b - - 0 20,40,jRyMpUgn,f8d8,33,33,g5h4,0.002,0.0015,0.0011,0.0009,c6e5,c6e5,c6e5,c6e5,447.0,0.002,-0.0011,True,club,03_bands_club,2203,2360,2360,False,True,0,0.5228,0.0391
5rk1/p3rpp1/2n4p/1Q6/2P1bR1q/1N1B4/P1P3PP/5R1K b - - 4 24,48,jRyMpUgn,h4f4,-382,19,h4f4,0.0189,0.0156,0.014,0.0148,e4g2,e4g2,e4g2,e4g2,109.0,0.0189,-0.0041,True,club,03_bands_club,2203,2360,2360,True,False,6,0.5837,0.0365
3rk3/3p1p2/R3p3/2p1Pnpp/P1P5/1P3P2/1BP2PrP/5K1R b - - 1 26,52,vlNux9YW,f5e3,-320,111,f5h4,0.0132,0.0044,0.0016,0.0009,f5h4,f5h4,f5h4,f5h4,126.0,0.0132,-0.0123,True,club,03_bands_club,2255,2276,2276,False,True,6,0.6203,0.1017
r3k1r1/pppqn2Q/3p4/8/4P3/8/PP3PPP/RN3RK1 b - - 0 16,32,YmrJUZZq,g8g2,-107,163,d7g4,0.0039,0.0046,0.0056,0.0072,d7g4,d7g4,d7g4,d7g4,161.0,0.0072,0.0033,True,club,03_bands_club,2203,2270,2270,False,True,5,0.515,0.0306
r1b1qrk1/ppp3bp/2n1pnp1/1B2NpB1/7P/2N5/PPP1QPP1/2KR3R b - - 2 12,24,3nZzr6JU,f6d5,-156,19,a7a6,0.0268,0.0367,0.0497,0.0488,a7a6,a7a6,c8d7,c8d7,359.0,0.0497,0.022,True,club,03_bands_club,2230,2205,2205,False,True,2,0.6848,0.031
1r4k1/2p2q2/1rp1p1pP/5p1P/p1P5/1P3P2/P3Q3/2KR2R1 b - - 0 26,52,3nZzr6JU,g8f8,-574,95,a4b3,0.0186,0.0152,0.0112,0.0078,g8h7,g8h7,a4b3,a4b3,740.0,0.0186,-0.0108,True,club,03_bands_club,2230,2205,2205,False,True,6,0.7293,0.1568
6rk/p5pp/1b2N3/5Q2/3P1P2/P2KP3/5q2/2R5 b - - 0 30,60,Lj0MbIPj,b6d4,-420,49,f2b2,0.0082,0.0052,0.0036,0.0035,f2b2,f2b2,f2b2,f2b2,1568.0,0.0082,-0.0047,True,club,03_bands_club,2244,2241,2241,False,True,6,0.496,0.0099
r3r1k1/ppp2p2/7p/3Nbnp1/3P4/4BP2/PP3P1P/1R2R1K1 b - - 0 22,44,Dq3bJx1t,a8d8,57,5,f5d4,0.0206,0.0073,0.0032,0.0024,e5d6,e5d6,e5d6,e5d6,145.0,0.0206,-0.0182,True,club,03_bands_club,2380,2311,2311,False,True,0,0.5669,0.0438
r1bqr1k1/2p2pp1/2np1n1p/p1b1p3/PpN1P3/1BPP1N1P/1P3PP1/R1BQR1K1 b - - 3 12,24,Fl4bSjHg,c5a7,-24,7,c8e6,0.0047,0.0066,0.0091,0.0205,c8e6,c8e6,c8e6,c8e6,250.0,0.0205,0.0158,True,club,03_bands_club,2387,2285,2285,False,True,3,0.7321,0.1182
r2qr1k1/2p2pp1/1bnp1n1p/pB6/Pp1PP3/5N1P/1P3PP1/R1BQR1K1 b - - 2 16,32,Fl4bSjHg,c6e7,-272,88,c6e7,0.009,0.0107,0.0157,0.0219,d8d7,d8d7,d8d7,e8e4,257.0,0.0219,0.0129,True,club,03_bands_club,2387,2285,2285,True,False,6,0.6339,0.0306
4r1k1/1p2q1bp/p5p1/2p2p2/2P1P3/3P1NPb/PPQ1R2P/4R1K1 b - - 2 26,52,HkJuUA2v,e8f8,-255,1,f5f4,0.0098,0.0076,0.0061,0.0055,f5e4,f5e4,h3g4,h3g4,202.0,0.0098,-0.0043,True,club,03_bands_club,2204,2234,2234,False,True,5,0.5686,0.0372
8/pp3pk1/4p3/3pPp2/3r1P2/bP4NP/P3R2K/8 b - - 0 32,64,ECyGegLF,a3c1,420,50,g7h6,0.0321,0.0287,0.0321,0.0497,d4f4,d4f4,d4f4,d4f4,930.0,0.0497,0.0176,True,club,03_bands_club,2301,2296,2296,False,True,0,0.6652,0.0417
2r2k2/pp4bp/5r2/5pqp/P2Np3/1QPnP1BP/1P3PP1/R4RK1 b - - 1 20,40,KpA9tCwx,g5g6,-281,15,c8e8,0.0095,0.0117,0.013,0.0106,d3c5,h5h4,h5h4,f6b6,187.0,0.013,0.0011,True,club,03_bands_club,2339,2239,2239,False,True,6,0.687,0.1068
4rk2/Q5bp/5r2/7p/P2NpnqP/2P3B1/1P3PP1/R4RK1 b - - 0 24,48,KpA9tCwx,g7h6,-271,26,e4e3,0.0195,0.0213,0.0233,0.0266,f4e2,f4e2,f4e2,e4e3,146.0,0.0266,0.0071,True,club,03_bands_club,2339,2239,2239,False,True,6,0.6157,0.0872
4r1k1/6bp/5r2/6Qp/P2N1nqP/2P1p1B1/1P3PP1/R4RK1 b - - 3 26,52,KpA9tCwx,f4h3,-409,28,e3f2,0.0419,0.0376,0.0376,0.0411,e3f2,e3f2,e3f2,e3f2,137.0,0.0419,-0.0008,True,club,03_bands_club,2339,2239,2239,False,True,6,0.6471,0.0742
r2qr1k1/pRp2pp1/2n1b2p/b1P1p3/8/B2P1NP1/P3PPBP/3Q1RK1 b - - 0 14,28,f2dhiL8d,e5e4,-93,30,e5e4,0.0091,0.0064,0.0056,0.0044,e6a2,e6a2,e6a2,e6a2,206.0,0.0091,-0.0047,True,club,03_bands_club,2342,2360,2360,True,False,2,0.6765,0.1029
1b3rk1/pp3p1p/2pq1np1/5P2/7r/2N1PBR1/P3QP1P/6RK b - - 8 24,48,d2mvGiFY,d6b4,424,1,d6c5,0.0148,0.0109,0.0098,0.0091,g8h8,g8h8,g8h8,g8h8,119.0,0.0148,-0.0057,True,club,03_bands_club,2292,2284,2284,False,True,4,0.7258,0.0478
2kr4/pR2R2p/1b4p1/P7/8/1P3P2/3r3P/5K2 b - - 0 28,56,MSstOnVh,d2h2,732,40,d2b2,0.0227,0.0212,0.0231,0.0274,d2f2,d2f2,d2f2,d2f2,748.0,0.0274,0.0047,True,club,03_bands_club,2271,2269,2269,False,True,0,0.5162,0.0108
rn2k2r/pb2qp1p/2pp1npQ/1p6/3NP3/1BN5/PPP2PPP/2KR3R b kq - 2 12,24,pI6Ymg0I,a7a6,-139,18,a7a6,0.0144,0.0171,0.0201,0.0389,b8d7,b8d7,b8d7,b8d7,130.0,0.0389,0.0245,True,club,03_bands_club,2287,2386,2386,True,False,3,0.5668,0.003
4r1k1/1B3p1p/pN1p1q2/P1r1np2/2P5/1P4PP/3Q3K/5R2 b - - 0 32,64,9XIIsg8e,g8h8,35,35,f6g6,0.0144,0.027,0.0417,0.0481,c5a5,c5c7,c5c7,c5c7,291.0,0.0481,0.0337,True,club,03_bands_club,2214,2283,2283,False,True,5,0.4043,0.039
2r1rb1k/1p1n2p1/p1N4p/3n4/7B/1PN4P/P5PK/1BR2R2 b - - 0 32,64,9iASTd68,d5e3,-251,18,b7c6,0.0315,0.0212,0.0145,0.0131,c8c6,c8c6,c8c6,c8c6,284.0,0.0315,-0.0184,True,club,03_bands_club,2215,2260,2260,False,True,5,0.4724,0.0511
2kn3r/pppbn3/3q1p2/1P1p4/P2P2rp/2PB1N2/2Q2PP1/R3RNK1 b - - 2 20,40,OvZDAp84,d8e6,158,40,h8g8,0.0069,0.007,0.0098,0.0209,h4h3,h4h3,h4h3,h4h3,202.0,0.0209,0.014,True,club,03_bands_club,2238,2246,2246,False,True,2,0.6368,0.1206
2r1r2k/1p2p2p/q3N1p1/3P1p2/b4Q2/2b2BP1/P4P1P/1R2R1K1 b - - 5 30,60,fbJo6e1C,a4d7,-49,114,c3f6,0.0114,0.0123,0.0163,0.0232,c3e1,c3e1,c3e1,c3e1,1949.0,0.0232,0.0118,True,club,03_bands_club,2325,2200,2200,False,True,6,0.5953,0.0404
1k1r1b1r/pp3ppp/2nq4/1Bpb4/3pN1Q1/1P6/PBPP1PPP/2KR3R b - - 5 14,28,J8T8nnN0,h7h5,124,12,d6h6,0.023,0.0166,0.0141,0.0131,d5e4,d5e4,d5e4,d5e4,129.0,0.023,-0.0099,True,club,03_bands_club,2247,2283,2283,False,True,2,0.5747,0.0715
7r/1p2kp1P/p3p3/3p4/2r5/P1p2QP1/2Pq1P2/4RK1R b - - 2 24,48,xpptCKzh,b7b5,-46,1,c4d4,0.0122,0.01,0.0103,0.0174,d2c2,d2c2,d2c2,d2c2,118.0,0.0174,0.0052,True,club,03_bands_club,2222,2316,2316,False,True,0,0.4989,0.0332
5rk1/r2b1ppp/1np5/2N5/pP1p4/R2P1B2/2PK1PPP/R7 b - - 2 24,48,8wO9BSDo,f8d8,-270,12,f8a8,0.0215,0.0189,0.0164,0.0142,f8a8,f8a8,f8a8,f8a8,170.0,0.0215,-0.0073,True,club,03_bands_club,2264,2262,2262,False,True,5,0.6262,0.0963
R1r2k2/2r2ppp/8/8/1P1p4/3P4/R1PK1PPP/8 b - - 4 30,60,8wO9BSDo,c7c2,-288,134,f8e7,0.0021,0.0014,0.001,0.001,c8a8,c8a8,f8e7,f8e7,161.0,0.0021,-0.0011,True,club,03_bands_club,2264,2262,2262,False,True,1,0.7083,0.1897
8/5rbk/1p1q1np1/p3p2p/P2pP2P/1P3RN1/2P1QRP1/7K b - - 3 28,56,BPAkDyty,f7c7,16,32,f7c7,0.0158,0.0243,0.0344,0.0415,d6e6,d6e6,h7g8,h7g8,205.0,0.0415,0.0257,True,club,03_bands_club,2216,2207,2207,True,False,0,0.5742,0.044
b7/8/p1nQ4/k4P2/1p6/3B4/PPPq2PP/1K5R b - - 6 34,68,Y1ZUWy0C,d2e3,-766,33,b4b3,0.0297,0.0264,0.0227,0.0228,d2g2,d2g2,d2g2,d2g2,242.0,0.0297,-0.0069,True,club,03_bands_club,2205,2205,2205,False,True,1,0.8701,0.4159
r6r/ppNnp1kp/2p5/8/2B1Q1Pq/P6P/1PP1K3/2R2R2 b - - 8 22,44,NLfKC0jv,h8c8,-600,98,a8f8,0.0017,0.0012,0.0012,0.0013,a8c8,a8c8,a8c8,a8c8,1394.0,0.0017,-0.0004,True,club,03_bands_club,2321,2255,2255,False,True,1,0.8842,0.365
r2qk2r/p1pb1ppp/2p1n3/2bpP3/3N1P2/2P5/PP4PP/RNBQ1RK1 b kq - 0 12,24,JHhDeHOa,g7g6,-36,13,c5b6,0.0097,0.0083,0.0124,0.0397,e8g8,e8g8,e8g8,e8g8,162.0,0.0397,0.03,True,club,03_bands_club,2329,2219,2219,False,True,3,0.6891,0.0566
r3kn1r/p1pb3p/1bp2BpQ/3pq3/3N4/2P5/PP4PP/RN3RK1 b kq - 1 18,36,JHhDeHOa,e5f6,-448,53,e5e3,0.0426,0.0248,0.0146,0.0094,b6d4,b6d4,b6d4,b6d4,106.0,0.0426,-0.0332,True,club,03_bands_club,2329,2219,2219,False,True,6,0.7104,0.0862
r2q1rk1/pb1nbp1p/2p3pB/8/2B5/2N5/PPP2PPP/R2QR1K1 b - - 4 14,28,xapvOpyd,d7b6,-427,30,f8e8,0.0024,0.002,0.0033,0.004,f8e8,f8e8,f8e8,f8e8,155.0,0.004,0.0016,True,club,03_bands_club,2280,2274,2274,False,True,6,0.751,0.0397
r3r1k1/pp1q1pb1/3p1nnp/3Pp1p1/1P2P3/2N1B1Pb/P2NBP1P/2RQR1K1 b - - 1 16,32,k085XosL,e8c8,-116,49,a7a6,0.0204,0.019,0.0222,0.0386,h3g4,h3g4,h3g4,h3g4,160.0,0.0386,0.0182,True,club,03_bands_club,2338,2396,2396,False,True,2,0.6829,0.1168
1rr3k1/p2nppbp/3p2p1/q2N4/2P1P3/3Q2P1/PP3PKP/1RB2R2 b - - 6 16,32,166fdAZO,g7f8,-43,20,g8f8,0.0149,0.0188,0.0232,0.0269,a5a2,a5a2,d7e5,d7e5,145.0,0.0269,0.012,True,club,03_bands_club,2235,2388,2388,False,True,2,0.5876,0.0481
6k1/8/4p1R1/p2p4/2p5/2P4P/PrB5/6K1 b - - 4 34,68,hNH3TEhV,g8h8,0,163,g8h8,0.0064,0.0036,0.0024,0.0027,g8f7,g8f7,g8f7,g8f7,371.0,0.0064,-0.0037,True,club,03_bands_club,2247,2228,2228,True,False,7,0.6179,0.1974
3q1rk1/1p1n1ppp/1rp1pb2/8/1P1P4/R2QPNB1/5PPP/3R2K1 b - - 2 18,36,vmgWblP2,f6e7,-11,10,b6b4,0.0182,0.0147,0.0088,0.006,b6b4,b6b4,b6b4,b6b4,251.0,0.0182,-0.0122,True,club,03_bands_club,2253,2207,2207,False,True,2,0.5821,0.105
r4r1k/2p4p/2bb1q2/p1n1p2p/4Pp1N/2P3PP/BP1NQP1K/1R3R2 b - - 7 26,52,PyYHHG94,a5a4,129,22,a5a4,0.0316,0.0237,0.0192,0.0296,f4g3,f4g3,f4g3,f4g3,188.0,0.0316,-0.002,True,club,03_bands_club,2367,2386,2386,True,False,2,0.6183,0.0689
3rbr1k/1Rp1b2p/5q2/N2Bp2p/n3Pp2/2P2NPP/5PK1/4QR2 b - - 6 34,68,PyYHHG94,d8c8,118,9,d8c8,0.0221,0.0165,0.0135,0.0144,f4g3,f4g3,f4g3,a4c5,118.0,0.0221,-0.0077,True,club,03_bands_club,2367,2386,2386,True,False,0,0.6132,0.0268
6k1/3Qnpp1/p4b1p/qpp1p2P/4P3/1PP3P1/P1B2P2/3R2K1 b - - 2 32,64,TMRc41v2,g8h7,-453,68,a5c3,0.0474,0.0339,0.0164,0.0093,a5c3,a5c3,a5c3,a5c3,803.0,0.0474,-0.0381,True,club,03_bands_club,2294,2273,2273,False,True,1,0.6905,0.0816
q5k1/3b3p/2rpp1p1/1p4Pn/P2QPP2/4B3/1PP5/1K1R3R b - - 0 26,52,2dnQnL4x,c6a6,-359,44,b5a4,0.0139,0.0095,0.0061,0.0045,b5a4,b5a4,b5a4,b5a4,103.0,0.0139,-0.0094,True,club,03_bands_club,2230,2269,2269,False,True,6,0.6295,0.0542
8/3b1k1p/r1qpp1p1/6Pn/1Q2PP2/1P2B3/p1PR4/K2R4 b - - 7 32,64,2dnQnL4x,c6b5,-554,6,f7e7,0.0269,0.0276,0.0289,0.0276,d6d5,d6d5,d6d5,d6d5,116.0,0.0289,0.0007,True,club,03_bands_club,2230,2269,2269,False,True,1,0.828,0.2102
q4rk1/4b1pp/4p3/1bpnR3/3p4/1P4P1/1BPN1PBP/3Q2K1 b - - 0 20,40,64CtQMgA,a8d8,-158,38,b5c6,0.0186,0.0175,0.0179,0.0172,b5d7,b5d7,b5d7,a8a6,288.0,0.0186,-0.0014,True,club,03_bands_club,2363,2312,2312,False,True,2,0.5704,0.0208
6k1/pp1qrpp1/8/3Bn2r/2PN4/2Q3Pb/PP3R1P/4R1K1 b - - 8 32,64,bTYPHSUf,g7g6,-143,8,h3g4,0.0155,0.0126,0.0116,0.0126,e5g4,e5g4,e5g4,e5g4,355.0,0.0155,-0.0029,True,club,03_bands_club,2335,2285,2285,False,True,5,0.6096,0.0373
1r5k/pB5p/3p2p1/2p1rnq1/8/2PP1QPP/PP3R1K/R7 b - - 3 22,44,VaeCdAng,b8b7,271,254,e5e3,0.0215,0.0132,0.0078,0.0049,e5e3,e5e3,e5e3,e5e3,261.0,0.0215,-0.0166,True,club,03_bands_club,2200,2208,2208,False,True,0,0.5924,0.1568
1rr2k2/p2q2pp/4np2/2P1p3/3pP3/6PB/PBQ2P1P/3R2K1 b - - 5 28,56,143E6lni,g7g6,233,11,d7e7,0.0035,0.0019,0.0014,0.0016,c8c5,c8c5,c8c5,c8c5,168.0,0.0035,-0.0019,True,club,03_bands_club,2210,2286,2286,False,True,0,0.5766,0.1102
2r1k3/3q2pp/p1r1np2/2PQp3/3pP3/B5PB/P4P1P/1R4K1 b - - 1 34,68,143E6lni,c8d8,115,29,d4d3,0.0266,0.0225,0.0188,0.0182,d7d5,d7d5,d7d5,d7d5,529.0,0.0266,-0.0084,True,club,03_bands_club,2210,2286,2286,False,True,6,0.5648,0.0782
r3kb1r/pp1n1pp1/4N1b1/qB1pPn1p/7P/5NR1/PPPB1PP1/R2QK3 b Qkq - 2 14,28,j0NeenA0,a5b6,-249,137,a5b6,0.0143,0.0142,0.0151,0.0193,a5b5,a5b5,a5b5,a5b5,412.0,0.0193,0.005,True,club,03_bands_club,2289,2257,2257,True,False,6,0.7052,0.2269
r3k3/pp2q2r/2pP4/5b2/2BQpPpp/6P1/PP3PK1/R6R b q - 0 24,48,ew6sJjxa,a8d8,-116,63,e7d7,0.0051,0.0034,0.0029,0.0025,e7d7,e7d7,e7d7,e7d7,599.0,0.0051,-0.0026,True,club,03_bands_club,2392,2253,2253,False,True,6,0.6588,0.0639
r4rk1/p2qppbp/3p2p1/n4b2/2PN4/1P2Q3/PBP1BPPP/1K1R3R b - - 4 22,44,Xa7E9aty,f5g4,-334,24,f5g4,0.0461,0.0399,0.0354,0.0332,g7d4,a5c6,a8b8,a8b8,213.0,0.0461,-0.0129,True,club,03_bands_club,2248,2228,2228,True,False,6,0.7324,0.1325
r1b1kb1r/ppp1pppp/1n6/n3q3/2P2B2/8/1P2N1PP/RN1QKB1R b KQkq - 1 10,20,r1Mckqhs,e5h5,253,35,e5h5,0.0182,0.0163,0.0191,0.0234,e5b2,e5b2,e5b2,e5b2,159.0,0.0234,0.0052,True,club,03_bands_club,2362,2333,2333,True,False,0,0.5061,0.0909
r3kbnr/pp3ppp/2n1p3/q2pPb2/NPpP4/2P1BN2/P3BPPP/R2QK2R b KQkq b3 0 10,20,brLRTXoQ,a5d8,-70,1,c4b3,0.0288,0.026,0.0226,0.0214,c4b3,c4b3,c4b3,c4b3,122.0,0.0288,-0.0074,True,club,03_bands_club,2206,2241,2241,False,True,3,0.6902,0.1103
rn1q2k1/pbp3pp/1p1pr3/5p2/2PN4/2R1P3/PP2BPPP/3Q1RK1 b - - 1 14,28,ruZl872R,e6f6,-146,56,e6f6,0.0413,0.0382,0.0373,0.0388,e6g6,e6g6,e6g6,e6g6,161.0,0.0413,-0.0025,True,club,03_bands_club,2266,2265,2265,True,False,2,0.5534,0.0235
3rr1k1/ppp2pp1/7p/3N3b/8/4PNbP/PPP3P1/3R1RK1 b - - 2 24,48,tkEz8H7W,d8d6,202,22,c7c6,0.0073,0.0072,0.0066,0.0046,c7c6,c7c6,c7c6,c7c6,133.0,0.0073,-0.0027,True,club,03_bands_club,2250,2390,2390,False,True,0,0.6247,0.156
3r2k1/ppp3b1/r6p/2PN4/4pN2/4B2P/PP2B3/n5KR b - - 0 22,44,06KjDCQ1,a6a4,-305,11,a6a2,0.0044,0.003,0.0024,0.0023,a6a2,a6a2,a6a2,a6a2,204.0,0.0044,-0.0021,True,club,03_bands_club,2211,2376,2376,False,True,7,0.6051,0.1996
2rr2k1/pp1bbppp/q1p1pn2/8/PPNP4/3Q2P1/3BPPBP/RR4K1 b - - 2 18,36,V3XkA7sW,h7h6,-139,1,b7b6,0.0082,0.0059,0.0049,0.0058,b7b5,b7b5,b7b5,b7b5,183.0,0.0082,-0.0024,True,club,03_bands_club,2397,2328,2328,False,True,2,0.5975,0.0346
r1bqk2r/pppp1ppp/4nn2/4p1B1/2B1PP2/8/PPP3PP/RN1Q1RK1 b kq - 0 8,16,ieMz0AM4,d8e7,34,59,d7d6,0.0042,0.0039,0.0026,0.0013,e5f4,e5f4,e5f4,e6g5,149.0,0.0042,-0.0029,True,club,03_bands_club,2208,2227,2227,False,True,3,0.7193,0.253
r6r/pp3Q1p/1k1p4/3P4/P1B3bP/6q1/1PP3P1/5R1K b - - 0 26,52,ieMz0AM4,a7a5,458,37,g3h4,0.0082,0.0121,0.0158,0.0236,g3h4,g3h4,g3h4,g3h4,107.0,0.0236,0.0154,True,club,03_bands_club,2208,2227,2227,False,True,4,0.503,0.0608
r1b1qrk1/ppp2pbn/1n1p2pp/4p3/3PP1PB/2PB1P2/PPQNN2P/R4RK1 b - - 0 12,24,V4sxV0QU,a7a5,-44,2,f7f5,0.0068,0.0062,0.0077,0.0178,g6g5,g6g5,g6g5,g6g5,114.0,0.0178,0.011,True,club,03_bands_club,2296,2243,2243,False,True,2,0.7108,0.0713
1rb2rk1/pp3ppp/2n2q2/3P4/8/2P1Q3/PP3PPP/RN2KB1R b KQ - 0 12,24,Y7orLzHt,c6b4,174,162,c8f5,0.005,0.0048,0.0069,0.0134,c6e5,c6e5,c6e5,c6e5,291.0,0.0134,0.0084,True,club,03_bands_club,2266,2268,2268,False,True,0,0.4503,0.0318
1r4k1/pr3p1p/2p3p1/8/7q/2P1N1R1/PP1QB2P/2KR4 b - - 9 24,48,Y7orLzHt,b7b2,-443,97,b7b2,0.0427,0.0412,0.0374,0.0393,h4h2,h4h2,h4h2,h4h2,120.0,0.0427,-0.0034,True,club,03_bands_club,2266,2268,2268,True,False,1,0.6168,0.0661
r1b1qrk1/ppp1bppp/4p3/3nP3/P1N5/1Q4P1/1B2PPBP/R2R2K1 b - - 0 14,28,e5q6HkpH,a7a5,10,18,a8b8,0.0391,0.0311,0.02,0.0193,c7c6,c7c6,c7c6,c7c6,163.0,0.0391,-0.0198,True,club,03_bands_club,2324,2240,2240,False,True,2,0.6805,0.0998
5rk1/p5b1/5rpp/3bpn2/3n4/2PP2P1/PP1B3P/R2Q1RK1 b - - 0 24,48,XKpZ1bGN,f5g3,479,402,d4e6,0.0274,0.0227,0.0198,0.0201,d4c6,d4c6,d4c6,d4c6,462.0,0.0274,-0.0073,True,club,03_bands_club,2254,2201,2201,False,True,0,0.448,0.084
5rk1/p4rb1/4n1pp/3bpn2/P7/2PP2P1/1P1BQ2P/R4RK1 b - - 0 26,52,XKpZ1bGN,e6d4,242,13,e6c5,0.0079,0.0079,0.0084,0.0093,e6g5,e6g5,e6g5,f5d6,443.0,0.0093,0.0014,True,club,03_bands_club,2254,2201,2201,False,True,2,0.4083,0.0081
r3r1k1/1b1n3p/pp1pP1p1/2p5/P4Pq1/2N2P2/1PQ3BP/R3R1K1 b - - 0 22,44,FICL0Ww2,g4h4,-43,331,b7f3,0.0116,0.0072,0.0063,0.0077,b7f3,b7f3,b7f3,b7f3,364.0,0.0116,-0.0039,True,club,03_bands_club,2392,2276,2276,False,True,6,0.6296,0.06
r2r2k1/3P3p/pp1p2p1/2p5/P3NPq1/5b2/1PQ3BP/R3R1K1 b - - 2 24,48,FICL0Ww2,g4g2,-415,16,g4f4,0.0229,0.0214,0.0168,0.0125,d8d7,d8d7,d8d7,d8d7,429.0,0.0229,-0.0104,True,club,03_bands_club,2392,2276,2276,False,True,7,0.6241,0.0018
1r3r2/4b1kp/3p2p1/1NpPp3/P3P1P1/1P1K1P2/8/1R3R2 b - - 6 32,64,BkZOHI6x,b8b7,-201,27,h7h5,0.0189,0.0218,0.0266,0.0291,h7h5,h7h5,f8f4,f8f4,208.0,0.0291,0.0102,True,club,03_bands_club,2289,2215,2215,False,True,5,0.5915,0.0959
r1b2rk1/1p3ppp/p1nq1nN1/4p3/2B2B2/2N5/PP2QPPP/3R2K1 b - - 1 16,32,pB8QgPpO,c8g4,324,33,d6c5,0.0433,0.0211,0.0109,0.0071,d6c5,c6d4,c6d4,d6d1,176.0,0.0433,-0.0362,True,club,03_bands_club,2300,2381,2381,False,True,0,0.427,0.0031
3q1r2/5pk1/6pb/2Qp1n1p/3P4/2P2NP1/6PP/4RNK1 b - - 11 30,60,J1HYQwGe,d8a8,0,7,d8d7,0.0212,0.0246,0.0276,0.0286,f8e8,f8e8,f8e8,f8e8,122.0,0.0286,0.0074,True,club,03_bands_club,2235,2321,2321,False,True,5,0.5304,0.0568
r2r4/4p3/p2p1p1k/1pq2b1N/1P1R2pP/6R1/P4QP1/7K b - - 0 28,56,MPnOiDMd,c5c2,236,214,c5c2,0.009,0.0068,0.0055,0.0053,c5c1,c5c1,c5c1,c5c1,304.0,0.009,-0.0037,True,club,03_bands_club,2270,2217,2217,True,False,0,0.5437,0.1339
3r4/8/p2ppp2/1p3b1k/1P3RpP/7R/P4QPK/1qr5 b - - 5 34,68,MPnOiDMd,g4g3,1996,1141,c1h1,0.0053,0.0038,0.0033,0.0035,c1h1,c1h1,c1h1,c1h1,694.0,0.0053,-0.0018,True,club,03_bands_club,2270,2217,2217,False,True,4,0.9198,0.5738
r2r1nk1/p3qnbp/2ppbpp1/4p3/2P1P3/1PN1BB1P/P1NQ1PP1/2RR2K1 b - - 8 18,36,lNnzYFiS,a8c8,-15,28,a8c8,0.0367,0.0259,0.0254,0.0187,d8d7,d8d7,d8d7,f6f5,126.0,0.0367,-0.018,True,club,03_bands_club,2372,2379,2379,True,False,2,0.734,0.1481
5bk1/1p3p1p/5pp1/pPpP4/1nP5/5NBP/1P2KPP1/8 b - - 0 28,56,inM3Y1bj,f8h6,-401,47,f8e7,0.0438,0.0431,0.0417,0.0445,b4c2,b4c2,a5a4,b4c2,109.0,0.0445,0.0007,True,club,03_bands_club,2262,2346,2346,False,True,6,0.5587,0.045
r2qkb1r/pp4pp/2p1pp2/n2n1b2/Q2P3B/2N1PN2/PP3PPP/R3KB1R b KQkq - 0 10,20,RL6I9UAl,d8b6,369,195,f8b4,0.0185,0.0185,0.0211,0.0258,d5c3,d5c3,f8b4,b7b5,255.0,0.0258,0.0073,True,club,03_bands_club,2388,2263,2263,False,True,3,0.675,0.1258
4r3/pr2BQpk/2p3Np/8/2p1P3/2Pb3P/Pq3PP1/4R1K1 b - - 3 30,60,RL6I9UAl,d3e4,0,103,b2c3,0.015,0.0124,0.0108,0.0094,b7b8,b7b8,b7b8,b7b8,121.0,0.015,-0.0056,True,club,03_bands_club,2388,2263,2263,False,True,6,0.5226,0.0652
rnbq3r/ppp2kbp/4p1p1/3p4/8/5N2/PPPPQPPP/RNB1K2R b KQ - 3 8,16,k1HLEciw,e6e5,129,21,b8c6,0.0138,0.0065,0.0048,0.0076,h8e8,h8f8,h8f8,h8f8,102.0,0.0138,-0.0062,True,club,03_bands_club,2269,2227,2227,False,True,3,0.6477,0.0796
6rk/4p2p/1r6/2p4P/8/1NK2P2/1Pp5/R6R b - - 0 34,68,jtDHrPnW,g8b8,-314,79,g8b8,0.0357,0.0381,0.0425,0.0478,g8g2,g8g2,g8g2,g8g2,120.0,0.0478,0.0121,True,club,03_bands_club,2383,2205,2205,True,False,7,0.612,0.0854
r2q1rk1/pp4pn/2n2bb1/2p1pN1p/3pP2P/3P1N2/PPP2PB1/R1BQR1K1 b - - 1 16,32,P5RD5yFc,g6e8,186,17,c6e7,0.0031,0.0031,0.0034,0.003,g6f5,g6f5,g6f5,g6f5,194.0,0.0034,-0.0001,True,club,03_bands_club,2239,2352,2352,False,True,2,0.7092,0.1967
5n2/pp2R1k1/5r2/2p3p1/3p2Kb/3P4/PPP5/R7 b - - 3 32,64,P5RD5yFc,g7h6,437,32,g7g6,0.0316,0.0152,0.0065,0.004,f6f7,f6f7,f6f7,f6f7,133.0,0.0316,-0.0276,True,club,03_bands_club,2239,2352,2352,False,True,4,0.8023,0.32
r1r3k1/pp1nbppp/2p1pn2/2Pp1b2/1P1P1B2/2N1PN1P/1P2BPP1/R3K2R b KQ - 0 12,24,rSJKbTN0,f5e4,-101,4,a7a6,0.0158,0.0143,0.0093,0.0054,b7b6,b7b6,b7b6,b7b6,253.0,0.0158,-0.0104,True,club,03_bands_club,2268,2223,2223,False,True,3,0.6932,0.2012
8/rpk1r1pp/p1p3b1/P1Ppp2P/1R4P1/1R2P1K1/1P2BP2/8 b - - 0 34,68,rSJKbTN0,g6b1,-101,10,g6f7,0.0279,0.023,0.026,0.0372,g6c2,g6c2,g6c2,g6c2,220.0,0.0372,0.0093,True,club,03_bands_club,2268,2223,2223,False,True,5,0.5296,0.0625
8/pQ1nbpk1/2p3p1/2PpPp1p/3P1N2/4B2P/P4PPK/3q4 b - - 3 28,56,4Ik4rc6Y,g6g5,-658,135,g6g5,0.0431,0.024,0.0141,0.0131,d1a4,d1a4,d1a4,d1a4,1325.0,0.0431,-0.03,True,club,03_bands_club,2271,2305,2305,True,False,6,0.6895,0.0482
8/p3bpk1/2p5/2qpP2Q/5B2/7P/P4PPK/8 b - - 0 32,64,4Ik4rc6Y,c5c2,-199,138,c5f2,0.0341,0.0314,0.029,0.0299,c5f2,c5f2,c5f2,c5f2,713.0,0.0341,-0.0042,True,club,03_bands_club,2271,2305,2305,False,True,5,0.6143,0.0658
1rr5/3n1kp1/1pR4p/1P1P1p2/R1P5/5P1P/6P1/6K1 b - - 2 34,68,JFYTcGpx,b8a8,157,12,b8a8,0.029,0.0262,0.0235,0.0282,d7e5,d7c5,d7c5,d7c5,157.0,0.029,-0.0008,True,club,03_bands_club,2390,2283,2283,True,False,5,0.4887,0.0993
1kr4r/8/p3Q3/3pP2p/1q3P1P/6P1/Pn3R1K/1R6 b - - 2 30,60,b8HyrjeM,b4c4,-564,104,h8e8,0.023,0.021,0.0199,0.0203,b4d4,b4d4,b4d4,b4d4,721.0,0.023,-0.0027,True,club,03_bands_club,2267,2267,2267,False,True,1,0.7,0.031
r1r1n1k1/p2n1pbp/2pp2p1/q3p1P1/1p1PNBBP/3QP3/PPP2P2/1K1R3R b - - 1 16,32,32wW2ofF,d6d5,-63,40,e5f4,0.0213,0.0112,0.0073,0.0063,e5f4,e5f4,c8d8,f7f5,301.0,0.0213,-0.015,True,club,03_bands_club,2331,2322,2322,False,True,2,0.6339,0.0635
r2q1rk1/ppp2pp1/4pn1p/3bR3/3P4/2PQ4/PPB2PPP/R1B3K1 b - - 4 14,28,n8kofnBw,d8d7,-219,1,d8d6,0.026,0.0211,0.0139,0.0067,d5e4,d5e4,d5e4,d5e4,329.0,0.026,-0.0193,True,club,03_bands_club,2281,2281,2281,False,True,6,0.5826,0.0164
r3r2k/6pp/pp6/2pB2q1/2PB1Nb1/1P1Q4/P6P/5RK1 b - - 0 30,60,fQX5whv5,g4f3,425,248,g4e2,0.0085,0.0082,0.0081,0.0086,g4e2,g4e2,g4e2,g4e2,245.0,0.0086,0.0001,True,club,03_bands_club,2387,2277,2277,False,True,7,0.4952,0.0627
r2q1rk1/pp3pbp/4b1p1/2Qp4/8/2NP1BP1/PPnB1P2/3RR1K1 b - - 0 18,36,rBDIg6Xb,b7b6,465,118,c2e1,0.0077,0.0053,0.0048,0.0046,c2e1,c2e1,c2e1,c2e1,123.0,0.0077,-0.0031,True,club,03_bands_club,2221,2252,2252,False,True,4,0.7048,0.1124
rnbqk2r/pp2ppb1/2p3pp/3pN2n/3P3B/2N1P3/PPP2PPP/R2QKB1R b KQkq - 1 8,16,hwABnw5f,d8b6,-16,2,b8d7,0.0107,0.0104,0.0106,0.0145,g7e5,g7e5,g7e5,g6g5,231.0,0.0145,0.0038,True,club,03_bands_club,2257,2254,2254,False,True,3,0.788,0.2072
4bn2/p3r1k1/1pp5/3p2p1/3P2P1/3B2NP/PPPK1R2/8 b - - 15 32,64,hwABnw5f,g7g8,-273,11,e8g6,0.0077,0.0054,0.0041,0.0039,f8e6,f8e6,f8e6,e8g6,243.0,0.0077,-0.0038,True,club,03_bands_club,2257,2254,2254,False,True,5,0.6788,0.1239
r5k1/pp3r2/3p2p1/2NPb2p/2P2p1q/1P1B1PnP/P1Q3PK/2R1R3 b - - 0 24,48,HWAGvJt2,h4f6,-186,25,g6g5,0.0074,0.0094,0.0112,0.0139,d6c5,d6c5,d6c5,d6c5,115.0,0.0139,0.0065,True,club,03_bands_club,2204,2208,2208,False,True,6,0.5701,0.0445
8/p4k1p/1p4pb/3nP3/3B1P2/6Pb/PP3K2/2R5 b - - 1 26,52,tR09XOfP,h6g7,-2,1,h3g4,0.0292,0.0282,0.0229,0.0198,g6g5,f7e6,f7e6,f7e6,470.0,0.0292,-0.0094,True,club,03_bands_club,2227,2274,2274,False,True,5,0.4064,0.02
2r2rk1/3q2p1/p2p2b1/nppP2bp/4PP2/6BP/PPBN3K/R2Q2R1 b - - 0 24,48,3Uy5NHGw,h5h4,71,16,f8f4,0.0283,0.0191,0.013,0.0121,g5f4,g5f4,g5f4,g5f4,375.0,0.0283,-0.0162,True,club,03_bands_club,2397,2296,2296,False,True,6,0.6361,0.0458
r2qk2r/pp2bppp/n3pn2/1NppNb2/3P1B2/2P1P3/PP3PPP/R2QKB1R b KQkq - 2 8,16,koLO47Jj,h7h5,-57,18,e8g8,0.0006,0.0006,0.0007,0.001,e8g8,e8g8,e8g8,e8g8,108.0,0.001,0.0004,True,club,03_bands_club,2227,2260,2260,False,True,3,0.761,0.2426
r4rk1/pp4pp/n3pp2/1N1p2q1/3Pb1P1/2PN4/PP5R/R2QKB2 b - - 1 18,36,koLO47Jj,a8d8,-199,5,e6e5,0.0088,0.0094,0.0107,0.0144,g5e3,g5e3,g5e3,g5e3,119.0,0.0144,0.0056,True,club,03_bands_club,2227,2260,2260,False,True,7,0.7125,0.267
N1r3k1/5ppp/p2bpn2/8/1pb5/4PN2/1P3PPP/2R1K2R b K - 0 24,48,L4eBvGUS,c8c5,-45,140,c8a8,0.0141,0.011,0.0098,0.0101,c8a8,c8a8,c8a8,c8a8,210.0,0.0141,-0.004,True,club,03_bands_club,2233,2236,2236,False,True,0,0.5079,0.0775
5r2/ppp3kp/3p4/4p1p1/2P1n3/6P1/PPR2PK1/7R b - - 1 34,68,YYZAGYzW,a7a5,82,92,h7h6,0.0094,0.009,0.0107,0.0203,g5g4,g7g6,g7g6,g7g6,101.0,0.0203,0.0109,True,club,03_bands_club,2210,2202,2202,False,True,0,0.5085,0.1217
2b3k1/2pq1pbp/1p1p1np1/p2P4/2P5/1P2QNP1/PB3PBP/6K1 b - - 0 22,44,NQcdr1CY,f6d5,101,89,f6g4,0.0021,0.0011,0.0005,0.0002,f6g4,d7e8,d7e8,d7e8,137.0,0.0021,-0.0019,True,club,03_bands_club,2231,2242,2242,False,True,2,0.4916,0.0466
r1bqk2r/p4pp1/1p1p1n1p/n1pPp3/2P1P3/2PBB2P/P2N1PP1/R2QK2R b KQkq - 2 12,24,s9mAo1Pe,d8e7,-44,7,e8g8,0.0064,0.0089,0.01,0.015,e8g8,c8d7,c8d7,e8g8,123.0,0.015,0.0086,True,club,03_bands_club,2278,2239,2239,False,True,3,0.6066,0.0176
rn1q1rk1/pQ2bppp/8/2ppPb2/3P4/2n1BN2/PPP3PP/R3KB1R b KQ - 0 10,20,mI4XmBPF,c3a4,391,14,d8a5,0.0153,0.0144,0.017,0.026,b8d7,b8d7,b8d7,b8d7,173.0,0.026,0.0107,True,club,03_bands_club,2328,2315,2315,False,True,6,0.3889,0.0156
r3k2r/1pqbbppp/p1n1p1n1/3pP3/1P5P/P1NB1NP1/1B3P2/R2QR1K1 b kq - 0 14,28,S6mQyiNV,d5d4,-7,60,e8g8,0.0137,0.0092,0.0065,0.0044,g6e5,g6e5,g6e5,g6e5,232.0,0.0137,-0.0093,True,club,03_bands_club,2227,2226,2226,False,True,3,0.6777,0.0355
4rrkn/1pqbb2p/2n1ppp1/1N1pP2P/8/P2B1NP1/1B1Q1P2/2R1R1K1 b - - 0 20,40,S6mQyiNV,c7a5,-193,86,c7b8,0.0197,0.0113,0.0077,0.0083,c7b8,c7b8,c7b8,c7b8,210.0,0.0197,-0.0114,True,club,03_bands_club,2227,2226,2226,False,True,6,0.6374,0.0416
1q2r3/1p3kr1/2b1p1p1/3pPpQ1/8/P2B2P1/1B3PK1/2R4R b - - 0 30,60,S6mQyiNV,b8a7,-467,17,b8d8,0.0102,0.0075,0.0051,0.0039,d5d4,d5d4,d5d4,d5d4,104.0,0.0102,-0.0063,True,club,03_bands_club,2227,2226,2226,False,True,1,0.7728,0.1932
3rr3/p4pk1/1pn1q1pp/2p1P3/5Q2/2P4P/PP2RPPN/4R1K1 b - - 3 24,48,2e2O9vIA,e6f5,-181,19,h6h5,0.0145,0.0125,0.0101,0.0093,d8d5,d8d5,d8d5,d8d5,231.0,0.0145,-0.0052,True,club,03_bands_club,2328,2345,2345,False,True,5,0.6615,0.1048
4r3/p2rnpk1/1p2P1p1/2p2qNp/Q7/2P4P/PP2RPP1/4R1K1 b - - 0 28,56,2e2O9vIA,e8d8,-582,54,f7e6,0.0096,0.0073,0.0074,0.0094,f7e6,f7e6,f7e6,f7e6,279.0,0.0096,-0.0002,True,club,03_bands_club,2328,2345,2345,False,True,1,0.8332,0.1383
8/pk5p/5pp1/8/2R5/1P3p1b/P2r1P1P/2R3K1 b - - 1 28,56,PWx7UsGW,d2d5,0,263,d2a2,0.0088,0.009,0.0102,0.0158,d2a2,d2a2,d2a2,d2a2,298.0,0.0158,0.007,True,club,03_bands_club,2372,2365,2365,False,True,5,0.4162,0.1054
3R4/pkp2p1p/1pp1b3/8/4PP2/P5P1/2PKQ2q/5B2 b - - 1 28,56,twna1lt1,h2e2,-648,223,h2g3,0.0287,0.0176,0.0099,0.0064,h2g3,h2g3,h2g3,h2g3,1351.0,0.0287,-0.0223,True,club,03_bands_club,2390,2202,2202,False,True,1,0.8042,0.3023
2r1nbk1/p4qp1/1np3B1/7Q/p1PP3P/P1BP2P1/1P3P2/R5K1 b - - 0 26,52,IjsLBVXb,f7g6,-716,294,f7f6,0.0423,0.0434,0.0396,0.034,f7e6,f7e6,f7e6,f7e6,1283.0,0.0434,-0.0083,True,club,03_bands_club,2210,2285,2285,False,True,6,0.7008,0.0392
2N5/7k/p4bp1/8/5P2/6PK/P1R5/3r4 b - - 0 34,68,ky3U104H,f6d8,-144,7,g6g5,0.0026,0.0028,0.0032,0.0044,d1h1,d1h1,d1h1,d1h1,105.0,0.0044,0.0018,True,club,03_bands_club,2362,2253,2253,False,True,5,0.6198,0.3463
r3r1k1/pp3p1p/6pb/5b2/1QBB3P/PP6/2P2q2/1KR4R b - - 0 22,44,TLVrNskd,f2d2,-4,62,f2g2,0.0049,0.0029,0.0022,0.0021,f2d4,f2d4,f2d4,f2d4,314.0,0.0049,-0.0028,True,club,03_bands_club,2304,2235,2235,False,True,0,0.58,0.1786
r3r1k1/pp3p1p/6pb/5b2/1QBBq2P/PP6/2P5/1KR1R3 b - - 4 24,48,TLVrNskd,a7a5,-13,94,e4c6,0.0015,0.0011,0.0009,0.0008,e4d4,e4d4,e4d4,e4d4,297.0,0.0015,-0.0007,True,club,03_bands_club,2304,2235,2235,False,True,0,0.5292,0.1078
6k1/4bpp1/2n1p2p/p7/P2P4/2r1B3/2N2PPP/2R3K1 b - - 2 28,56,HWSiUyz7,c3c4,98,28,e7f6,0.039,0.0401,0.0357,0.0354,c6b4,c6b4,c6b4,c6b4,125.0,0.0401,-0.0036,True,club,03_bands_club,2307,2302,2302,False,True,0,0.5554,0.1089
4r1k1/p4p1p/1p3P2/3p4/2pP2P1/Pn2q3/1B4RP/5R1K b - - 1 26,52,UlLLSuFw,e3d3,717,14,b3d2,0.049,0.0494,0.0487,0.0429,b3d4,b3d4,b3d4,b3d4,104.0,0.0494,-0.0061,True,club,03_bands_club,2257,2302,2302,False,True,4,0.9205,0.5762
5rk1/5p2/p2p1bp1/1pqP3P/2B1p1P1/8/PPPQ4/1K1R3R b - - 0 24,48,lZRpERje,e4e3,-320,72,b5c4,0.023,0.0195,0.0182,0.0179,c5c4,c5c4,c5c4,c5c4,230.0,0.023,-0.0051,True,club,03_bands_club,2210,2261,2261,False,True,5,0.5399,0.0149
rq2k2r/4Bp1p/4pPp1/1b1pP3/2nP1P2/8/5RBP/1R1Q2K1 b kq - 5 24,48,B1gAYfDE,e8d7,-267,9,e8d7,0.0155,0.0211,0.0311,0.0475,c4e3,c4e3,c4e3,c4e3,163.0,0.0475,0.032,True,club,03_bands_club,2210,2205,2205,True,False,6,0.6551,0.1354
rr6/3k1p2/2b1pPp1/q1BpP2p/2nP1P2/6Q1/5RBP/5RK1 b - - 3 30,60,B1gAYfDE,a5d8,-163,5,b8b2,0.0118,0.0151,0.0147,0.0103,c4d2,c4d2,b8b2,b8b2,281.0,0.0151,-0.0015,True,club,03_bands_club,2210,2205,2205,False,True,2,0.4518,0.0197
r1bq1rk1/ppp2pbp/3p1np1/3P4/2PQP3/2N5/PP2BPPP/R1B2RK1 b - - 0 10,20,kgISOysW,f6d7,-84,51,f8e8,0.0424,0.0474,0.0412,0.0353,f6g4,f6g4,f6e4,f6e4,336.0,0.0474,-0.0071,True,club,03_bands_club,2234,2252,2252,False,True,3,0.7062,0.315
r2b2k1/r4q1p/pRN1p3/P1Pp4/N2Pn1p1/4P3/4QPP1/1R4K1 b - - 2 28,56,Op7xpNc8,d8c7,-201,55,g4g3,0.0249,0.0189,0.0151,0.0125,d8b6,d8b6,d8b6,d8b6,217.0,0.0249,-0.0124,True,club,03_bands_club,2247,2219,2219,False,True,6,0.6299,0.1563
1R1b2k1/r6p/p3p1q1/P1Pp4/N2P4/4PQn1/6P1/1R4K1 b - - 1 32,64,Op7xpNc8,g8g7,-574,42,a7f7,0.0399,0.0285,0.0235,0.0201,a7f7,a7f7,a7f7,a7f7,341.0,0.0399,-0.0198,True,club,03_bands_club,2247,2219,2219,False,True,6,0.61,0.0543
5k2/p1p1n2p/1b1r2p1/8/2P2NP1/5B2/PP2RPK1/8 b - - 0 32,64,UphH6q72,f8f7,-175,103,e7c6,0.0135,0.0183,0.0264,0.0434,d6d4,d6d4,d6d4,c7c5,142.0,0.0434,0.0299,True,club,03_bands_club,2231,2260,2260,False,True,5,0.6725,0.2064
r1b2rk1/1p2ppbp/nqpp1np1/p7/2PP1B2/P1NBPN1P/1PQ2PP1/R3K2R b KQ - 0 10,20,4qIr9MvR,b6a7,-101,12,f8e8,0.0076,0.0085,0.0074,0.0049,c6c5,c6c5,a6c7,a6c7,169.0,0.0085,-0.0027,True,club,03_bands_club,2209,2316,2316,False,True,3,0.721,0.1033
r2qr1k1/2p2pp1/p1n1bn1p/1pb1p3/4P1P1/2P1NN1P/PPB1QP2/R1B1K2R b KQ - 1 14,28,kiVF4Yhn,c6d4,162,151,f6d7,0.0037,0.0027,0.0023,0.0022,c5e3,c5e3,c5e3,f6h7,166.0,0.0037,-0.0015,True,club,03_bands_club,2286,2309,2309,False,True,2,0.6846,0.0288
r4b1r/4nk1p/5p2/p2bn3/P4Q2/2P1B3/1P1K1P1P/RN4R1 b - - 5 20,40,nuFsTy0m,a8b8,-141,76,e5f3,0.025,0.0196,0.021,0.0273,e5f3,e5f3,a8d8,a8d8,161.0,0.0273,0.0023,True,club,03_bands_club,2394,2368,2368,False,True,6,0.4088,0.0526
r4b1r/4nk1p/5p2/p2b4/P4Q2/2P1B3/1PKN1P1P/R5n1 b - - 1 22,44,nuFsTy0m,h8g8,-296,94,g1h3,0.0414,0.0461,0.0477,0.0326,g1e2,g1e2,g1e2,g1e2,117.0,0.0477,-0.0088,True,club,03_bands_club,2394,2368,2368,False,True,6,0.5678,0.1622
r1bqk2r/pp2ppbp/2np1np1/8/2PNP3/2N2P2/PP2B1PP/R1BQK2R b KQkq - 3 8,16,gmJhfuim,f6e4,173,176,c6d4,0.0033,0.0033,0.0028,0.0013,e8g8,e8g8,e8g8,e8g8,240.0,0.0033,-0.002,True,club,03_bands_club,2223,2283,2283,False,True,3,0.6568,0.368
r2qk2r/p2n1ppp/1p1bpn2/3pNbB1/Q2PP3/2N5/PP3PPP/R3KB1R b KQkq - 0 10,20,Ma7abYyT,e8g8,-381,29,f5e4,0.0352,0.0255,0.0214,0.0148,d5e4,d5e4,d5e4,d5e4,117.0,0.0352,-0.0204,True,club,03_bands_club,2214,2231,2231,False,True,6,0.6818,0.076
r1b1R3/ppq2pkn/2pb4/8/3P3B/2P4P/PPQ2PP1/4R2K b - - 2 24,48,FKyTfttn,c6c5,-430,6,b7b5,0.0447,0.0284,0.0172,0.0106,c7d7,c7d7,c7d7,c7d7,145.0,0.0447,-0.0341,True,club,03_bands_club,2259,2385,2385,False,True,6,0.683,0.149
1rb1R3/p1q2pkn/2pb4/1p5Q/3P3B/2P4P/PP3PP1/4R2K b - - 3 26,52,FKyTfttn,f7f6,-619,4,c8e6,0.0321,0.02,0.0123,0.0088,c8e6,c8e6,c8e6,c8e6,1371.0,0.0321,-0.0233,True,club,03_bands_club,2259,2385,2385,False,True,6,0.7179,0.1956
r6r/1q2kppp/1p2pn2/4n3/P7/1B2PP2/1P1BQ1PP/R2R2K1 b - - 1 18,36,XfzO77PZ,e5c6,-386,27,e5c6,0.0224,0.0206,0.0158,0.0147,h8d8,h8d8,h8d8,h8d8,130.0,0.0224,-0.0077,True,club,03_bands_club,2236,2260,2260,True,False,6,0.6835,0.0941
r6r/2p1nkbp/ppn1bp2/4p1p1/4N1P1/4P2P/PPPNBP1B/2KR3R b - - 1 16,32,Ih3hInWa,h7h5,-78,11,e7d5,0.0056,0.0071,0.0095,0.0147,e6a2,e6a2,e6a2,e6a2,265.0,0.0147,0.0091,True,club,03_bands_club,2330,2201,2201,False,True,2,0.6241,0.0929
4r2r/2B2kb1/pp3p2/n6p/4N1P1/7P/PPP5/2KRR3 b - - 0 24,48,Ih3hInWa,f7g6,-352,0,f7g6,0.0177,0.021,0.0195,0.0172,h5g4,h5g4,h5g4,h5g4,187.0,0.021,-0.0005,True,club,03_bands_club,2330,2201,2201,True,False,5,0.642,0.0183
6rk/pp5P/2p3P1/4R3/n4Nr1/8/PPP5/2K4R b - - 0 34,68,q5hTE3gc,g8a8,-493,22,g8d8,0.0032,0.0036,0.0044,0.0052,g8g7,g8g7,g8f8,g8f8,150.0,0.0052,0.002,True,club,03_bands_club,2279,2326,2326,False,True,1,0.8173,0.2089
r4rk1/pp1b2p1/4pn1p/3p2q1/6P1/2NB2Q1/PPP4P/1K2R1R1 b - - 9 22,44,atLhT9OU,f6h7,-149,16,h6h5,0.0097,0.0165,0.0213,0.0151,a8e8,a8e8,a8e8,a8e8,165.0,0.0213,0.0054,True,club,03_bands_club,2223,2275,2275,False,True,5,0.607,0.0363
r4rk1/pp1b2p1/4p3/3p2P1/5q1p/2NB1n2/PPP1R1R1/1K5Q b - - 3 28,56,atLhT9OU,d7c6,272,11,f3d4,0.0242,0.0255,0.0294,0.0359,f3g5,f3g5,f3g5,f3g5,177.0,0.0359,0.0117,True,club,03_bands_club,2223,2275,2275,False,True,0,0.6744,0.1765
1r4k1/p4ppp/6b1/2N5/3n4/1P2B2P/Pn3PP1/3BR1K1 b - - 2 26,52,kHGIZpk4,b8e8,-154,100,b2d1,0.016,0.0123,0.0087,0.0071,d4f5,d4f5,d4c2,d4c2,366.0,0.016,-0.0089,True,club,03_bands_club,2240,2265,2265,False,True,5,0.5803,0.0876
r3r1k1/1p3ppp/2pNb3/8/3P2P1/pPP5/P3R3/1KR5 b - - 0 28,56,XBEqPLlM,e6f5,482,222,e6f5,0.003,0.0014,0.0007,0.0006,e8e7,e8e7,e8e7,e8e7,253.0,0.003,-0.0024,True,club,03_bands_club,2210,2287,2287,True,False,0,0.6467,0.1758
4rk2/pbpr4/1b4p1/3pB2p/3Pp3/2R1N2P/PP3PP1/3R2K1 b - - 1 24,48,zwAToK4t,e8e5,129,93,f8f7,0.0145,0.016,0.0194,0.0167,c7c6,f8f7,f8f7,f8f7,119.0,0.0194,0.0022,True,club,03_bands_club,2338,2344,2344,False,True,2,0.5249,0.0325
2r2rkn/5ppp/8/1pPp1P1q/3P1Q2/5R2/P2BR3/6K1 b - - 3 32,64,ODB1ifN7,h8g6,146,214,f7f6,0.0235,0.0179,0.0114,0.0072,c8e8,c8e8,c8e8,f8e8,607.0,0.0235,-0.0163,True,club,03_bands_club,2263,2293,2293,False,True,5,0.5135,0.0661
r2r2k1/1pqb1pbp/p1n3p1/3Pp3/8/5N1P/PP3PPB/R2QRBK1 b - - 0 16,32,7E9ObOuf,d7e6,46,121,c6b4,0.048,0.0374,0.0242,0.0133,c6b4,c6d4,c6d4,c6d4,513.0,0.048,-0.0347,True,club,03_bands_club,2222,2249,2249,False,True,2,0.5783,0.0378
r2r1bk1/5pPp/bq3n2/8/p4P2/1BB4P/PPP1N1Q1/2KR3R b - - 0 22,44,uRrODnYh,f8c5,94,20,f8g7,0.0035,0.0028,0.0027,0.0034,f8g7,f8g7,f8g7,f8g7,635.0,0.0035,-0.0001,True,club,03_bands_club,2227,2221,2221,False,True,6,0.5511,0.094
r4rk1/1pqb1ppp/pbn1p1n1/3pP3/PP5P/N1PB1NB1/5PP1/R2Q1RK1 b - - 0 14,28,175fMOVB,f7f5,143,108,g6e5,0.0025,0.0029,0.0044,0.0096,g6e5,g6e5,g6e5,g6e5,137.0,0.0096,0.0071,True,club,03_bands_club,2306,2369,2369,False,True,2,0.6792,0.0093
2kr1br1/ppp4p/2n1pp2/2P5/2BPq3/4BN1b/PP3RPP/2R1Q1K1 b - - 7 18,36,B5verIyH,c8b8,-3,24,f8e7,0.0059,0.0077,0.0089,0.0151,c6d4,c6d4,c6d4,c6d4,263.0,0.0151,0.0092,True,club,03_bands_club,2240,2281,2281,False,True,2,0.5915,0.1009
2rr4/pq1nbp1k/1p2p1p1/2p1P1Bp/3P4/2P2N2/P2Q1PPP/R2R2K1 b - - 1 24,48,ZLNahvxF,d7e5,-29,113,e7g5,0.0065,0.008,0.0115,0.0134,e7g5,e7g5,e7g5,e7g5,148.0,0.0134,0.0069,True,club,03_bands_club,2262,2351,2351,False,True,2,0.6583,0.0656
3R1nk1/1q3p1N/1p2pQp1/p3P2p/8/2r4P/P4PP1/6K1 b - - 1 32,64,ZLNahvxF,b7c8,-890,8,c3c1,0.0008,0.0006,0.0005,0.0005,c3c1,c3c1,c3c1,c3c1,512.0,0.0008,-0.0003,True,club,03_bands_club,2262,2351,2351,False,True,6,0.5406,0.1222
r1bqkb1r/pp1p1pp1/4p1n1/2n1P2p/7P/2N3B1/PPP2PP1/R2QKBNR b KQkq - 0 8,16,wsFhufb6,b7b5,-31,41,f8e7,0.0071,0.0029,0.0012,0.0007,d8c7,d8b6,a7a6,a7a6,256.0,0.0071,-0.0064,True,club,03_bands_club,2302,2343,2343,False,True,3,0.7543,0.1742
5r1k/p3b1pp/1pq5/2p2b2/2B5/2P1B1QP/PP4P1/3R2K1 b - - 3 22,44,a9ozjNSA,f5e6,-10,13,f5g6,0.0211,0.0192,0.014,0.0103,f5c2,b6b5,b6b5,b6b5,165.0,0.0211,-0.0108,True,club,03_bands_club,2368,2259,2259,False,True,5,0.5001,0.0505
r4rk1/pRqbb1pp/4p1p1/2p1n3/2N1B3/4P3/P1P2PP1/3Q1K1R b - - 0 18,36,2jI6hKDW,e5c4,332,155,c7b7,0.0138,0.0113,0.0099,0.0083,c7c8,c7c8,c7c8,c7c8,728.0,0.0138,-0.0055,True,club,03_bands_club,2256,2371,2371,False,True,6,0.471,0.098
r1b2n1k/1p4p1/p1p2q1p/3pN3/3P4/1QR4P/PP3PP1/4R1K1 b - - 1 22,44,2BP6AZAa,h8g8,-483,2,f8e6,0.0074,0.0073,0.0062,0.008,f8e6,f8e6,f8e6,f8e6,169.0,0.008,0.0006,True,club,03_bands_club,2287,2228,2228,False,True,1,0.8095,0.1657
2r1k2r/pp2bp2/2qpb1n1/1N2p2p/PR1PP1p1/7P/2PQ1PPB/4NRK1 b k - 2 20,40,b0vwAVl7,c6b6,73,34,d6d5,0.0276,0.0299,0.0271,0.0206,g4h3,g4h3,c6e4,c6e4,364.0,0.0299,-0.007,True,club,03_bands_club,2313,2389,2389,False,True,2,0.6096,0.0862
6k1/4qpp1/1Q1bpn1p/8/1P6/p1B1PBP1/P4PKP/8 b - - 0 30,60,3bhFGU7y,h6h5,-318,22,f6d7,0.0321,0.0302,0.0304,0.0361,f6d5,f6d5,f6d5,f6d5,101.0,0.0361,0.004,True,club,03_bands_club,2312,2326,2326,False,True,5,0.5814,0.0407
6k1/Q2nqpp1/2Bb3p/4p3/1P6/p1B1P1P1/P4PKP/8 b - - 1 32,64,3bhFGU7y,d7f8,-438,7,d6b4,0.0268,0.025,0.029,0.0479,d6b4,d6b4,d6b4,d6b4,131.0,0.0479,0.0211,True,club,03_bands_club,2312,2326,2326,False,True,6,0.5816,0.0424
6k1/3Q1pp1/2B4p/4p3/1q6/p3P1P1/P4PKP/8 b - - 0 34,68,3bhFGU7y,g7g6,-564,2,b4b2,0.0131,0.0148,0.0199,0.037,b4b2,b4b2,b4b2,b4b2,1429.0,0.037,0.0239,True,club,03_bands_club,2312,2326,2326,False,True,1,0.8292,0.3843
r2qr1k1/2n2p1p/3p1np1/2pP4/2P2BP1/P4N1P/2B2P2/Q4RK1 b - - 2 24,48,uNB07LnY,f6d7,-64,41,f6e4,0.0265,0.0286,0.0245,0.0237,f6e4,f6e4,e8e2,e8e2,147.0,0.0286,-0.0028,True,club,03_bands_club,2382,2250,2250,False,True,6,0.4615,0.0112
r2q2k1/1Q1n3p/3pP1pB/2p5/3r2P1/P6P/5P2/4R1K1 b - - 0 34,68,uNB07LnY,d8a5,-377,32,a8b8,0.0023,0.0008,0.0003,0.0002,d7e5,d7e5,d7e5,d7e5,1622.0,0.0023,-0.0021,True,club,03_bands_club,2382,2250,2250,False,True,6,0.6789,0.2106
2r2rk1/p2Q1p1p/1q4p1/7P/1bp5/1n2PN2/PPK2PP1/1B1R3R b - - 2 22,44,fn3XVBWC,c8c7,371,29,b3a1,0.0114,0.0107,0.011,0.0119,b3a1,b3a1,b3a1,b3c5,108.0,0.0119,0.0005,True,club,03_bands_club,2208,2223,2223,False,True,0,0.5344,0.0608
3rk2r/1b1nqp2/p1n1p1pp/1p1pP1N1/5P2/PP1B3Q/2P1N1PP/R4R1K b k - 5 20,40,EiMGriqL,d7e5,42,118,d7c5,0.0135,0.0131,0.0141,0.0175,e7f8,e7f8,e7f8,d7c5,126.0,0.0175,0.004,True,club,03_bands_club,2282,2375,2375,False,True,2,0.6645,0.1097
4nB2/4R1pp/p3p2k/1b6/4BP2/P6P/r5P1/1R5K b - - 8 34,68,fTDsJdoX,h6h5,-697,12,b5c4,0.0375,0.0338,0.034,0.044,a2a3,a2a3,a2a3,e8f6,1300.0,0.044,0.0065,True,club,03_bands_club,2314,2248,2248,False,True,1,0.8593,0.4227
rnbq2k1/pppp1p1p/3r1p2/3Nn3/2P1N1B1/8/PP4PP/R2Q1RK1 b - - 5 16,32,gpLiXkcZ,d8f8,-530,27,d6c6,0.0009,0.0008,0.0009,0.0006,d6c6,d6c6,e5g4,e5g4,658.0,0.0009,-0.0003,True,club,03_bands_club,2205,2234,2234,False,True,6,0.7314,0.022
4k3/1NR3pp/8/8/np6/5P2/1Pp3PP/6K1 b - - 2 32,64,bY8b91ZY,a4c3,390,999,a4c3,0.0203,0.017,0.0148,0.0165,b4b3,b4b3,b4b3,b4b3,990.0,0.0203,-0.0038,True,club,03_bands_club,2230,2283,2283,True,False,7,0.5137,0.1561
8/p2k2pp/1p2p3/4KpP1/1PP4P/8/P7/8 b - - 0 34,68,P5vJPHcv,a7a5,403,14,g7g6,0.0491,0.0398,0.0389,0.0475,d7e7,a7a6,a7a6,d7e7,109.0,0.0491,-0.0016,True,club,03_bands_club,2347,2339,2339,False,True,0,0.4002,0.1326
1r4k1/5pp1/P2p1bq1/1B1P1n2/2P1pP1p/4B2P/1P1Q2P1/R3K1R1 b Q - 0 26,52,e797,f6b2,-405,60,g6g3,0.0392,0.0252,0.0182,0.0143,g6g3,g6g3,g6g3,g6g3,166.0,0.0392,-0.0249,True,elite,03_elite_b3,2585,2436,2436,False,True,1,0.6431,0.0706
3q1rk1/1p2bpp1/1n2pnbp/1r6/p2QP3/P5P1/1B1NNPBP/R4RK1 b - - 1 20,40,e803,g6h5,333,87,e7c5,0.0134,0.0124,0.012,0.0128,d8d4,d8d4,d8d4,d8d4,203.0,0.0134,-0.0006,True,elite,03_elite_b3,2363,2500,2500,False,True,0,0.6434,0.1149
q5k1/5pp1/2p1p1p1/1p1n4/1P1P4/1NP4P/r4PP1/1QR3K1 b - - 3 32,64,e804,c6c5,205,20,a8a3,0.0018,0.0009,0.0006,0.0005,a2a3,a2a3,a8a3,a8a3,205.0,0.0018,-0.0013,True,elite,03_elite_b3,2535,2642,2642,False,True,0,0.6323,0.2027
8/1b1k4/3Pp3/5r2/4N1P1/8/1P6/1K1RR3 b - - 0 34,68,e811,b7e4,-754,33,f5b5,0.0446,0.0442,0.0413,0.0333,f5f4,f5f4,f5f4,f5f4,248.0,0.0446,-0.0113,True,elite,03_elite_b3,2500,2687,2687,False,True,1,0.8388,0.4994
r1bqk2r/pppn1pbp/3p2p1/6P1/3PPpB1/2N2N2/PPPQ1P1P/R3K2R b KQkq - 1 10,20,e812,d7e5,33,75,c7c6,0.0049,0.0038,0.0034,0.002,e8g8,d7b6,d7b6,d7b6,119.0,0.0049,-0.0029,True,elite,03_elite_b3,2612,2527,2527,False,True,2,0.6616,0.0217
r1bq1rk1/pp1n1pbp/2pQ2p1/6P1/3PP1B1/2N2N2/PPP2P1P/R3K2R b KQ - 0 12,24,e812,d7e5,-162,46,d8b6,0.0043,0.0029,0.0026,0.0021,d7b6,d7b6,d7b6,d7b6,168.0,0.0043,-0.0022,True,elite,03_elite_b3,2612,2527,2527,False,True,6,0.5659,0.0216
6k1/p7/P1p2pp1/3rp3/6P1/1bP2P2/1P6/2KB3R b - - 1 28,56,e813,d5d1,21,13,b3d1,0.0373,0.0301,0.0218,0.0187,d5a5,d5a5,d5a5,d5a5,551.0,0.0373,-0.0186,True,elite,03_elite_b3,2506,2429,2429,False,True,5,0.4005,0.0549
7r/2k3p1/R6p/p3pp2/4P3/B1b5/5rPP/qN1Q3K b - - 5 30,60,e820,c3d2,0,354,c3d2,0.0079,0.0073,0.0055,0.0045,h8d8,h8d8,h8d8,c3d4,462.0,0.0079,-0.0034,True,elite,03_elite_b3,3001,3069,3069,True,False,6,0.4043,0.1205
7r/3k2p1/R6p/p3pp2/4P3/B7/3b1rPP/qN1Q3K b - - 9 32,64,e820,d7c7,0,372,d7c7,0.0231,0.0258,0.0279,0.0291,h8b8,h8b8,h8b8,h8b8,1995.0,0.0291,0.006,True,elite,03_elite_b3,3001,3069,3069,True,False,6,0.4774,0.1118
r1r3k1/1q3pbp/p3p1p1/1pBpP3/2nP1PP1/1QN5/PP5P/3R1RK1 b - - 2 22,44,e821,c8c5,223,150,c4e3,0.0051,0.0067,0.0099,0.0139,c4e3,c4e3,c4e3,c4e3,206.0,0.0139,0.0088,True,elite,03_elite_b3,2498,2528,2528,False,True,2,0.5818,0.0488
2r2rk1/1q3p1p/p5p1/1p2PP2/3Pp3/4Q2P/PP6/3R1RK1 b - - 0 28,56,e821,f7f6,-72,137,f7f6,0.0487,0.0339,0.0181,0.0101,g6f5,c8c2,c8c2,c8c2,221.0,0.0487,-0.0386,True,elite,03_elite_b3,2498,2528,2528,True,False,5,0.6223,0.1536
5k2/p2n1p1p/3P2pP/1p1Bp1P1/1r6/2r5/P2R1P2/K3R3 b - - 2 30,60,e823,f8e8,40,20,a7a5,0.0413,0.0267,0.0158,0.0161,b4g4,b4g4,b4g4,b4d4,504.0,0.0413,-0.0252,True,elite,03_elite_b3,2418,2509,2509,False,True,5,0.5352,0.0531
8/p2r1p1k/1p2b2B/q1p1p2Q/4P1r1/1PP3P1/P5BP/5RK1 b - - 4 32,64,e825,g4g7,-354,20,a5a6,0.0018,0.0014,0.001,0.0009,g4g6,g4g6,g4g6,g4g6,143.0,0.0018,-0.0009,True,elite,03_elite_b3,2706,2543,2543,False,True,6,0.6065,0.1779
r3qr1k/ppp1b1pp/2np1n2/6Nb/4PP2/2N1B3/PPPQ2BP/R4R1K b - - 6 14,28,e827,e7d8,-78,37,e7d8,0.0195,0.0204,0.0212,0.022,f6g4,f6g4,f6g4,f6g4,206.0,0.022,0.0025,True,elite,03_elite_b3,2646,2616,2616,True,False,2,0.7371,0.1271
5rnk/1p1r1qp1/p2pNb1p/2pPnP2/2P1B3/1P2B1R1/P2Q3P/6RK b - - 3 28,56,e827,f7e8,-249,4,f8e8,0.0017,0.0012,0.0009,0.0008,f8e8,f8e8,f8e8,f8e8,237.0,0.0017,-0.0009,True,elite,03_elite_b3,2646,2616,2616,False,True,6,0.6656,0.1305
1r3rk1/4pp1p/6p1/Qn2q3/8/P4BP1/4PP1P/2RR2K1 b - - 4 24,48,e828,e5f6,-186,76,e5f6,0.0088,0.0103,0.01,0.0092,e5b2,e5b2,b5d4,b5d4,525.0,0.0103,0.0004,True,elite,03_elite_b3,2422,2530,2530,True,False,5,0.6338,0.1458
r2r2k1/p4ppp/3Np3/2Pp4/3N4/4P3/PP3PPP/5K2 b - - 2 20,40,e831,d8d6,389,69,d8d6,0.0248,0.0225,0.0225,0.0182,a8b8,a8b8,a8b8,a8b8,389.0,0.0248,-0.0066,True,elite,03_elite_b3,2510,2502,2502,True,False,0,0.2903,0.0714
r3nr1k/2qnNppp/3p4/5PP1/pQ2P3/4B3/bPP4P/2KR1B1R b - - 0 20,40,e838,f7f6,-149,23,d7e5,0.0265,0.0142,0.008,0.0072,a2b3,a2b3,a2b3,a2b3,117.0,0.0265,-0.0193,True,elite,03_elite_b3,2586,2526,2526,False,True,6,0.5106,0.0363
8/5ppp/4pk2/8/1p6/4RPP1/1r3PKP/8 b - - 0 32,64,e839,b2d2,373,36,b4b3,0.0102,0.0112,0.011,0.0123,b4b3,b4b3,b4b3,b4b3,160.0,0.0123,0.0021,True,elite,03_elite_b3,2442,2504,2504,False,True,0,0.5075,0.0914
rnb1k2r/ppp1qpp1/5n2/8/5B1P/3P4/PPP1P2P/RN1QKB1R b KQkq - 0 10,20,e840,f6d5,-72,24,e7b4,0.0245,0.0236,0.021,0.0199,h8h4,h8h4,h8h4,h8h4,169.0,0.0245,-0.0046,True,elite,03_elite_b3,2595,2611,2611,False,True,3,0.6097,0.2425
5r1k/6bp/R5p1/1p6/2b1q3/4B2P/1P1Q2P1/4R1K1 b - - 2 34,68,e845,e4e5,-310,41,f8e8,0.0183,0.0185,0.0187,0.0179,b5b4,b5b4,e4f5,e4f5,153.0,0.0187,-0.0004,True,elite,03_elite_b3,2403,2510,2510,False,True,5,0.5607,0.1466
2k4r/1b3p2/p2bP3/1p5p/2p2NpP/2P2BP1/P4P2/R2QR1K1 b - - 0 28,56,e850,h8d8,-1006,7,b7f3,0.0233,0.012,0.0084,0.0078,g4f3,g4f3,g4f3,g4f3,132.0,0.0233,-0.0155,True,elite,03_elite_b3,2675,2558,2558,False,True,1,0.8408,0.4824
r3k2r/1pqbbpp1/p2ppn1p/8/P1nNPPP1/2N4P/1PP3B1/R1BQR1K1 b kq - 2 14,28,e854,g7g5,39,37,c7b6,0.0205,0.0165,0.0158,0.0164,e6e5,e6e5,e6e5,e6e5,112.0,0.0205,-0.0041,True,elite,03_elite_b3,2591,2510,2510,False,True,3,0.6716,0.0121
8/k4pp1/1p6/p1p1p1P1/P1Pp4/1P3b2/1K1Q1P1B/5q2 b - - 1 32,64,e856,f3e4,472,72,f3e4,0.0142,0.0124,0.0109,0.0111,f1e2,f1e2,f1e2,f1e2,472.0,0.0142,-0.0031,True,elite,03_elite_b3,2643,2750,2750,True,False,4,0.6962,0.1067
r2qrnk1/pp2bp1n/2p1b2Q/3p4/3P4/P1NB1N1P/1PP1RPP1/4R1K1 b - - 2 18,36,e859,e7d6,150,16,e7f6,0.0143,0.0065,0.0039,0.0039,e7g5,e7g5,e7g5,e7g5,110.0,0.0143,-0.0104,True,elite,03_elite_b3,2664,2502,2502,False,True,6,0.5584,0.0148
R7/1Q1nkpb1/3pb3/1B2p3/7p/1pq1B2P/5PPK/5R2 b - - 0 28,56,e864,c3c2,-644,26,f7f5,0.0061,0.0056,0.0053,0.0056,b3b2,b3b2,b3b2,b3b2,1337.0,0.0061,-0.0005,True,elite,03_elite_b3,2425,2508,2508,False,True,1,0.8166,0.3574
3r3k/2Rb1q2/Q1p1p1pb/P1P1p2p/4N2P/5BP1/6K1/8 b - - 0 32,64,e865,h6f4,-478,12,h6e3,0.004,0.0029,0.002,0.0015,d8f8,d8f8,d8f8,d8f8,110.0,0.004,-0.0025,True,elite,03_elite_b3,2998,2538,2538,False,True,6,0.6821,0.0814
4B2n/p1k3p1/2p4p/4pp2/1P6/2P2KPP/P4P2/8 b - - 3 32,64,e866,c6c5,-183,75,c7d6,0.0057,0.0035,0.0028,0.003,g7g5,g7g5,g7g5,g7g5,261.0,0.0057,-0.0027,True,elite,03_elite_b3,2687,2632,2632,False,True,5,0.443,0.166
2r1k2r/1pq1bpp1/p2pb3/4p1Pn/4P3/2NQB2P/PPP2RB1/R5K1 b k - 4 18,36,e873,c7d8,186,77,h5f4,0.0307,0.032,0.0302,0.0335,h5g3,c7d7,c7d7,c7d7,126.0,0.0335,0.0028,True,elite,03_elite_b3,2584,2517,2517,False,True,2,0.62,0.072
6r1/1pp1kpr1/p2p1R2/3Pp2p/4P3/1P2P3/1PP1bRP1/1N4K1 b - - 2 26,52,e876,g7g2,418,175,g7g2,0.0059,0.0036,0.0026,0.002,e2g4,e2g4,e2g4,e2g4,249.0,0.0059,-0.0039,True,elite,03_elite_b3,2501,2610,2610,True,False,0,0.6005,0.1339
r6k/pp1P2bp/2n1B1p1/8/2N5/1P6/P5PP/3R3K b - - 0 34,68,e879,a8f8,-333,57,a8f8,0.0449,0.038,0.0275,0.0181,a8d8,a8d8,a8d8,a8d8,219.0,0.0449,-0.0268,True,elite,03_elite_b3,2420,2514,2514,True,False,5,0.6418,0.01
rnbqk2r/ppp5/3b4/5p2/3P2Bp/2NQ1NP1/PPP1P2P/R3K2R b KQkq - 0 12,24,e880,d8f6,-323,64,f5g4,0.0037,0.0043,0.0041,0.0055,f5g4,f5g4,f5g4,f5g4,340.0,0.0055,0.0018,True,elite,03_elite_b3,2584,2645,2645,False,True,6,0.6211,0.2072
2b4k/2q4p/2R1p1r1/P1p1ppp1/2P3N1/7P/4QPP1/3R2K1 b - - 0 34,68,e883,c7d7,-887,3,c7c6,0.0022,0.0022,0.0025,0.0032,c7c6,c7c6,c7c6,c7c6,1104.0,0.0032,0.001,True,elite,03_elite_b3,2544,2519,2519,False,True,1,0.8775,0.2473
r4rk1/pp3ppp/2pq1n2/4p3/3P4/PQ2P3/1P2BPPP/2RR2K1 b - - 1 18,36,e884,a8b8,-38,66,a8b8,0.0347,0.0374,0.0237,0.0089,e5d4,e5d4,e5d4,e5d4,114.0,0.0374,-0.0258,True,elite,03_elite_b3,2992,2922,2922,True,False,2,0.5577,0.0006
r2q1r2/ppp3bk/2n1B1pp/3P4/3p4/2P3P1/PP2P2P/R1BQR1K1 b - - 0 16,32,e886,d8e7,-62,11,d4c3,0.0029,0.0019,0.0014,0.0013,c6e5,c6e5,c6e5,c6e5,221.0,0.0029,-0.0016,True,elite,03_elite_b3,2754,2591,2591,False,True,2,0.563,0.0464
rn1qk2r/1bpn1pbp/p3p1pB/1p1pP3/3P4/2NB1P2/PPPQN1PP/R3K2R b KQkq - 2 10,20,e887,d8h4,418,408,d8h4,0.0295,0.0216,0.0153,0.0079,e8g8,e8g8,e8g8,e8g8,674.0,0.0295,-0.0216,True,elite,03_elite_b3,2544,2460,2460,True,False,3,0.6414,0.0276
2rq1rk1/2n2p2/3p2pQ/3P4/R1R1P3/2p2PN1/6PP/6K1 b - - 0 28,56,e890,c7d5,0,131,c7b5,0.0205,0.02,0.0244,0.0293,c7b5,c7b5,c7b5,c7b5,147.0,0.0293,0.0088,True,elite,03_elite_b3,2591,2527,2527,False,True,5,0.4344,0.0057
2r2r1k/1p1bq1bp/pB6/P2BPp2/1P1Np3/R1PnP3/4Q3/3R1K2 b - - 0 26,52,e894,f5f4,517,84,f5f4,0.0363,0.0345,0.0333,0.0339,g7e5,g7e5,g7e5,g7e5,211.0,0.0363,-0.0024,True,elite,03_elite_b3,2524,2449,2449,True,False,4,0.6766,0.0473
R4Nk1/3n3p/p2p2p1/2pP1q2/2p2B1P/8/PP3PP1/R5K1 b - - 0 26,52,e895,f5d5,-561,73,f5d5,0.0025,0.0013,0.0008,0.0009,d7f8,d7f8,d7f8,d7f8,268.0,0.0025,-0.0016,True,elite,03_elite_b3,2602,2577,2577,True,False,1,0.4897,0.0242
8/p1R5/6kp/1P1BKpp1/r5b1/6P1/7P/8 b - - 2 34,68,e897,h6h5,-79,306,a4b4,0.0112,0.0075,0.0049,0.0042,a4a5,a4a5,a4a5,a4a5,1912.0,0.0112,-0.007,True,elite,03_elite_b3,2692,2537,2537,False,True,5,0.5317,0.1426
r3rbk1/2q3p1/2p2pnp/1p1PpP2/3P4/2P1BP1P/1PBQ2K1/R3R3 b - - 0 26,52,e901,a8a1,0,0,g6h4,0.0137,0.0094,0.0071,0.0045,g6h4,g6h4,g6h4,g6h4,104.0,0.0137,-0.0092,True,elite,03_elite_b3,2513,2549,2549,False,True,6,0.5149,0.0264
1k1r3r/1p3Ppb/p6p/2Qp3P/7N/P1RqB1K1/6B1/8 b - - 0 34,68,e903,d3e3,-921,380,d3c3,0.0166,0.0162,0.0165,0.0173,d3d1,d3b5,d3b5,d3b5,1078.0,0.0173,0.0007,True,elite,03_elite_b3,2619,2746,2746,False,True,1,0.8566,0.3155
r1b2rk1/3nq2p/pp1p2p1/3Pp3/PPN2p2/8/2PQBPPP/R3R1K1 b - - 1 20,40,e908,a8a7,-47,1,a8a7,0.0041,0.0035,0.0032,0.0048,c8b7,c8b7,c8b7,c8b7,116.0,0.0048,0.0007,True,elite,03_elite_b3,2964,2989,2989,True,False,2,0.6781,0.1744
2b2rk1/6rp/pP1p1q2/1p1Pp1p1/1P6/R2B1PP1/2PQ4/4R1K1 b - - 0 28,56,e908,h7h5,-61,1,g5g4,0.0103,0.0095,0.007,0.0069,f6f3,f6f3,f6f3,f6f3,352.0,0.0103,-0.0034,True,elite,03_elite_b3,2964,2989,2989,False,True,2,0.5698,0.0131
2r1k2r/1bqnbpp1/p2ppn1p/1p6/3NPPPB/P1N5/1PP1Q1BP/1K1R3R b k - 1 14,28,e909,c7c4,-30,50,c7b6,0.0481,0.0457,0.035,0.0239,e8g8,d7c5,d7c5,d7c5,134.0,0.0481,-0.0242,True,elite,03_elite_b3,2417,2502,2502,False,True,3,0.6309,0.0068
2r2rk1/1q1nnpp1/p3p2p/1p2P1P1/3NN3/P7/1PP1Q2P/1K1R3R b - - 0 20,40,e909,b7b6,-291,2,h6g5,0.0032,0.0016,0.0008,0.0005,h6g5,h6g5,h6g5,h6g5,180.0,0.0032,-0.0027,True,elite,03_elite_b3,2417,2502,2502,False,True,6,0.7206,0.1665
r3k2r/pp2ppb1/2n1b3/q1p4p/2P3p1/P1N1P1P1/1PQNBPP1/2R2RK1 b kq - 1 16,32,e910,g7c3,79,89,h5h4,0.0325,0.0201,0.0106,0.0073,h5h4,h5h4,h5h4,e8c8,137.0,0.0325,-0.0252,True,elite,03_elite_b3,2592,2596,2596,False,True,2,0.6317,0.0798
k2r4/p4p2/2R5/N2p4/P7/4P1P1/1b3PK1/8 b - - 0 34,68,e910,f7f6,-353,6,b2e5,0.0206,0.0232,0.0259,0.0281,d5d4,d5d4,d5d4,d5d4,144.0,0.0281,0.0075,True,elite,03_elite_b3,2592,2596,2596,False,True,5,0.6476,0.1059
r4bk1/2r4n/pR1pq2p/2P2p2/4pP2/P3B3/2Q1B1PP/5RK1 b - - 0 28,56,e915,e6g6,-355,13,h7f6,0.0117,0.0139,0.0131,0.0111,a8c8,a8c8,h7f6,h7f6,284.0,0.0139,-0.0006,True,elite,03_elite_b3,2627,2461,2461,False,True,6,0.7488,0.1759
r4bk1/2r5/pR1pq2p/2Pn1p2/2B1pP2/P3B3/2Q3PP/3R2K1 b - - 4 30,60,e915,e6e8,-617,1,d5e3,0.0035,0.0027,0.0018,0.0014,c7c5,c7c5,c7c5,c7c5,157.0,0.0035,-0.0021,True,elite,03_elite_b3,2627,2461,2461,False,True,6,0.7326,0.0101
4k2r/rp4pp/p1p5/q1bpPb2/8/1Q2BN2/PP2KnPP/2R2B1R b k - 1 16,32,e916,f2d3,243,4,f2e4,0.0092,0.0079,0.0059,0.006,f2h1,c5e3,c5e3,c5e3,103.0,0.0092,-0.0032,True,elite,03_elite_b3,2543,2675,2675,False,True,0,0.5456,0.0814
2k1r3/ppq2pp1/5pp1/1PP5/P1n5/1QP4P/3rNPP1/R3R1K1 b - - 2 20,40,e922,c4a5,228,228,c4a5,0.041,0.0316,0.0228,0.017,c7c5,c7c5,c7c5,c7c5,205.0,0.041,-0.024,True,elite,03_elite_b3,2621,2623,2623,True,False,5,0.5221,0.054
r5k1/p2n1r2/1pn1p2p/2pp1qB1/3P1PR1/2P1PN2/PP4QP/6RK b - - 0 26,52,e924,h6h5,-457,12,f7g7,0.0277,0.0246,0.0214,0.0191,h6g5,h6g5,h6g5,h6g5,257.0,0.0277,-0.0086,True,elite,03_elite_b3,2497,2519,2519,False,True,6,0.7486,0.1824
r2r1nk1/1b2b1pp/1p3n2/1ppp4/3P4/1P4PB/P1Q1PP1P/2R2RK1 b - - 3 20,40,e929,b5b4,151,26,b5b4,0.0241,0.0179,0.0136,0.0114,c5c4,c5c4,c5c4,c5c4,153.0,0.0241,-0.0127,True,elite,03_elite_b3,2607,2843,2843,True,False,2,0.4718,0.0918
r1bqr1k1/pppn2pp/2nbp3/3pNp2/3P1P2/3BP1B1/PPPN2PP/R2Q1RK1 b - - 1 10,20,e930,d6e7,-64,0,d7f6,0.0061,0.0117,0.02,0.0184,d7e5,d7e5,d7e5,d6e5,102.0,0.02,0.0123,True,elite,03_elite_b3,2517,2418,2418,False,True,3,0.7152,0.0463
3rr1k1/3qbppp/p3n1b1/1pP1PN2/3p2P1/7P/PPBB1P2/R2QR1K1 b - - 1 22,44,e932,d4d3,102,65,e7c5,0.0439,0.0378,0.039,0.048,e7c5,e7c5,e7c5,e7c5,140.0,0.048,0.0041,True,elite,03_elite_b3,2539,2689,2689,False,True,2,0.6525,0.1165
r1b1nrk1/2q3bn/p1Np2pp/3Ppp2/1PN1P3/4B1PP/R4P2/3QRBK1 b - - 1 28,56,e937,h7g5,-294,6,f5f4,0.0154,0.0153,0.0139,0.0124,f5e4,f5e4,f5e4,f5e4,100.0,0.0154,-0.003,True,elite,03_elite_b3,2680,2540,2540,False,True,6,0.7267,0.1465
r2r4/1bp1b1k1/1p2n3/p1p1Pqp1/P4p2/1P5P/2PNQBP1/3RNRK1 b - - 5 28,56,e940,b7c6,281,14,d8h8,0.004,0.0022,0.0013,0.0012,e6d4,e6d4,e6d4,e6d4,215.0,0.004,-0.0028,True,elite,03_elite_b3,2547,2997,2997,False,True,0,0.6212,0.0764
r2q1rk1/pp3pbp/2n1b1p1/2p1pN1n/2PpP3/3P2PP/PP1N1PB1/R1BQ1RK1 b - - 2 12,24,e944,g7f6,66,20,g6f5,0.0252,0.0243,0.0235,0.0218,g6f5,e6f5,e6f5,g6f5,108.0,0.0252,-0.0034,True,elite,03_elite_b3,2451,2506,2506,False,True,2,0.6834,0.0378
r2qkb1r/pp2nppp/4p3/1bPpP3/P7/2P1BN2/1P3PPP/RN1QK2R b KQkq - 0 10,20,e945,b5d7,-112,50,b5a6,0.0445,0.036,0.03,0.0399,b5a6,b5a6,b5a6,b5a6,164.0,0.0445,-0.0046,True,elite,03_elite_b3,2523,2566,2566,False,True,3,0.698,0.0902
7r/1pk1bp2/4p3/PRP1P1p1/P1pB2P1/2P1KP2/7r/5R2 b - - 4 26,52,e945,h2c2,-204,121,h2a2,0.0414,0.0411,0.0366,0.0296,h2a2,h2a2,h2a2,h2a2,279.0,0.0414,-0.0118,True,elite,03_elite_b3,2523,2566,2566,False,True,5,0.6083,0.0511
1r6/1pk1bp2/P3p3/1RP1P1p1/P1pB2P1/2P1KP2/r7/1R6 b - - 0 28,56,e945,b7b6,-642,77,a2a4,0.0338,0.0219,0.0154,0.0135,a2a4,a2a4,a2a4,a2a4,1338.0,0.0338,-0.0203,True,elite,03_elite_b3,2523,2566,2566,False,True,1,0.7713,0.0881
2kr3r/pp2bppp/2p1bn2/q1np1NB1/7Q/2NB4/PPP2PPP/1K1RR3 b - - 13 14,28,e947,e7f8,-7,83,c5d3,0.0167,0.0209,0.0287,0.0497,c5d3,c5d3,c5d3,c5d3,217.0,0.0497,0.033,True,elite,03_elite_b3,2616,2457,2457,False,True,2,0.6542,0.1113
r2qrbk1/3n1ppp/bp3n2/2p1pN2/p2pP1P1/1P1P1Q1P/P1P2PB1/R1B1RNK1 b - - 0 16,32,e949,d7b8,83,59,e8e6,0.0042,0.0041,0.0042,0.0051,a4b3,a4b3,a4b3,a4b3,139.0,0.0051,0.0009,True,elite,03_elite_b3,2513,2612,2612,False,True,2,0.6696,0.1347
2r5/3k3p/p4p2/3P2p1/1prRpb2/5P1P/PP2K1P1/3RN3 b - - 2 30,60,e958,c4c2,352,265,e4f3,0.0362,0.0201,0.0111,0.008,e4f3,e4f3,e4f3,e4f3,247.0,0.0362,-0.0282,True,elite,03_elite_b3,2536,2431,2431,False,True,0,0.594,0.0958
6k1/p5pp/8/4N3/2pB4/1r3BP1/2b3KP/8 b - - 0 34,68,e959,b3b5,-22,0,c2d3,0.0023,0.0016,0.0011,0.001,c4c3,c4c3,c4c3,c4c3,310.0,0.0023,-0.0013,True,elite,03_elite_b3,2521,2613,2613,False,True,7,0.5687,0.2217
1kr3r1/p7/1p2p3/P1q3p1/7p/2p1QP1P/6P1/2R1R1K1 b - - 2 34,68,e961,b6b5,457,10,c5e3,0.0173,0.0093,0.0063,0.0061,c5a5,c5e3,c5e3,c5e3,176.0,0.0173,-0.0112,True,elite,03_elite_b3,2598,2463,2463,False,True,4,0.7498,0.1735
r1bqkb1r/ppp3pp/2n5/4Pp1B/8/2pP2Q1/P1P3PP/R1B1K1NR b KQkq - 1 10,20,e963,e8d7,-261,248,e8d7,0.0279,0.0278,0.0353,0.0434,g7g6,g7g6,g7g6,g7g6,272.0,0.0434,0.0155,True,elite,03_elite_b3,2623,2532,2532,True,False,3,0.5879,0.1273
r2brBk1/1p4pp/p1p5/2PppB1b/1P1P4/1N2P3/1P4PP/R4RK1 b - - 0 20,40,e964,e5d4,-292,4,g8f8,0.007,0.0074,0.0102,0.0159,e8f8,e8f8,e8f8,e8f8,156.0,0.0159,0.0089,True,elite,03_elite_b3,2538,2303,2303,False,True,5,0.5514,0.0088
2r2k2/pp3pp1/5n1p/2rp4/7P/1PP1PP2/3KB1P1/R6R b - - 5 22,44,e967,a7a5,-10,3,a7a6,0.0455,0.0462,0.0349,0.027,c5c3,c5c3,c5c3,c5c3,137.0,0.0462,-0.0185,True,elite,03_elite_b3,2989,2964,2964,False,True,5,0.5275,0.0447
r2qkb1r/5pp1/pnn1p1N1/3p2Pp/1ppP3P/2N1PP2/PPP2Q1B/2KR1B1R b kq - 0 16,32,e971,b4c3,294,133,b4c3,0.0198,0.0138,0.0167,0.0315,f7g6,f7g6,f7g6,f7g6,153.0,0.0315,0.0117,True,elite,03_elite_b3,2412,2553,2553,True,False,2,0.4651,0.0069
r2qkb1N/5pp1/p1n1p3/3p2Pp/n1pP3P/1Pp1PP2/P1P2Q1B/2KR1B1R b q - 0 18,36,e971,d8a5,335,37,d8e7,0.0153,0.02,0.0235,0.0233,a4b2,a4b2,f8a3,f8a3,196.0,0.0235,0.008,True,elite,03_elite_b3,2412,2553,2553,False,True,7,0.4978,0.0423
2rr2k1/p3qpp1/bpn1pn1p/3p4/3P4/2N3P1/PPQ1PPBP/2RRB1K1 b - - 1 20,40,e977,a6c4,7,4,f6e4,0.012,0.0133,0.0158,0.0194,c6b4,c6b4,c6b4,c6b4,204.0,0.0194,0.0074,True,elite,03_elite_b3,2961,3010,3010,False,True,2,0.6152,0.0929
3r1bk1/p4p1p/4p1p1/2p1P3/2Rp1P2/1P4P1/P6P/R5K1 b - - 1 30,60,e978,f7f6,-214,7,f7f6,0.0038,0.0027,0.002,0.0023,d4d3,d4d3,d4d3,d4d3,138.0,0.0038,-0.0015,True,elite,03_elite_b3,2611,2746,2746,True,False,5,0.4925,0.1237
1R6/pR2rkbp/2p3p1/3n4/P4P2/8/5P1P/5BK1 b - - 0 32,64,e987,f7e6,-428,18,g7d4,0.0243,0.03,0.0369,0.0479,d5f4,d5f4,d5f4,d5f4,125.0,0.0479,0.0236,True,elite,03_elite_b3,2642,2621,2621,False,True,1,0.6467,0.1392
2rr4/1p6/p2P1p1k/4p1pP/4Pn2/1P2N3/P1P4R/1K4R1 b - - 2 30,60,e988,h6h7,-203,34,h6h7,0.0036,0.0052,0.0075,0.0128,d8d6,d8d6,d8d6,d8d6,353.0,0.0128,0.0092,True,elite,03_elite_b3,2541,2374,2374,True,False,5,0.5802,0.0518
r3qrk1/1bpn2pp/pp1ppn2/8/2PPN3/3B1P2/PPQB2PP/4RRK1 b - - 0 14,28,e991,b7e4,-63,7,b7e4,0.0476,0.034,0.0199,0.0076,f6e4,f6e4,f6e4,e8h5,198.0,0.0476,-0.04,True,elite,03_elite_b3,2456,2563,2563,True,False,2,0.6498,0.0697
rr1n4/3bk1pp/p1p2p2/P3p3/1NB5/1R2P3/1PP3PP/R5K1 b - - 7 28,56,e996,b8b7,-91,2,b8b7,0.0244,0.0272,0.0308,0.0286,c6c5,c6c5,c6c5,d7e6,118.0,0.0308,0.0042,True,elite,03_elite_b3,2790,2727,2727,True,False,5,0.6307,0.0531
r5k1/pbq4p/1pnp1Q2/5p2/3P4/4R3/PP3PPP/6K1 b - - 1 28,56,e1001,c6e5,382,4,c7g7,0.001,0.0008,0.0007,0.0008,a8f8,c7g7,c7g7,c7g7,563.0,0.001,-0.0002,True,elite,03_elite_b3,2615,2529,2529,False,True,6,0.3615,0.0807
4r1k1/p4ppp/5qn1/3p4/5B2/5QP1/PPP1rP1P/R2R2K1 b - - 8 24,48,e1002,e2e4,117,78,e2e4,0.0154,0.0127,0.0108,0.0111,g6f4,g6f4,g6f4,g6f4,107.0,0.0154,-0.0043,True,elite,03_elite_b3,2741,2816,2816,True,False,0,0.5328,0.0809
2r2k2/p1q2npQ/1p2p3/3pPr2/3Pp2B/2P3R1/PP5P/R5K1 b - - 8 26,52,e1004,g7g5,0,502,f7h6,0.0214,0.0226,0.0254,0.0234,f7h6,f7h6,f7h6,f7h6,661.0,0.0254,0.002,True,elite,03_elite_b3,2541,2504,2504,False,True,6,0.6865,0.1607
r1q1r1k1/p4p2/2p4p/2bpB2n/6p1/2NQ4/PPP2PPP/R3R1K1 b - - 1 20,40,e1005,c5f8,-24,4,c8e6,0.0041,0.006,0.0072,0.0117,f7f6,f7f6,f7f6,f7f6,291.0,0.0117,0.0076,True,elite,03_elite_b3,2613,2500,2500,False,True,5,0.5683,0.011
2k1r3/1p1n2p1/p1r2pN1/8/P3p3/4B3/1PP2P1P/1K4R1 b - - 2 24,48,e1007,d7b6,268,69,b7b5,0.0283,0.0348,0.0346,0.0237,d7e5,d7e5,d7e5,d7e5,208.0,0.0348,-0.0046,True,elite,03_elite_b3,2567,2508,2508,False,True,0,0.4511,0.0753
r2r3k/p1qbbppp/2p5/Pp2pP2/4PnQ1/3BBR2/1PP1N1PP/R5K1 b - - 6 18,36,e1008,g7g5,39,148,g7g5,0.0058,0.0039,0.0033,0.0049,f4d3,f4d3,f4d3,f4d3,211.0,0.0058,-0.0009,True,elite,03_elite_b3,2799,2824,2824,True,False,2,0.6502,0.1059
6rk/1q2b2p/pP3p1Q/Pb2pP2/2p1Pp2/2R5/1PB2BrP/3R1K2 b - - 1 30,60,e1008,b5a4,272,52,b7c6,0.0037,0.0022,0.0014,0.0011,e7b4,e7b4,e7b4,e7b4,496.0,0.0037,-0.0026,True,elite,03_elite_b3,2799,2824,2824,False,True,0,0.519,0.1082
6rk/4b1rp/pPq2p1Q/Pb1RpP2/2p1Pp2/2R5/1P3B1P/3B1K2 b - - 5 32,64,e1008,e7f8,281,115,e7f8,0.0437,0.0413,0.0377,0.0406,e7b4,e7b4,e7b4,e7b4,215.0,0.0437,-0.0031,True,elite,03_elite_b3,2799,2824,2824,True,False,0,0.4923,0.0828
3r2k1/1p3p1p/2R1q3/r4p2/p2ppQ2/P5P1/1P2PPBP/5RK1 b - - 0 22,44,e1010,e6e7,-408,26,e6e7,0.0004,0.0002,0.0001,0.0001,b7c6,b7c6,b7c6,b7c6,278.0,0.0004,-0.0003,True,elite,03_elite_b3,2474,2546,2546,True,False,7,0.4169,0.0591
2kr1b1r/1pp2ppp/p1nq1nb1/4P3/6P1/2N1BN1P/PPP1QPB1/R3K2R b KQ - 0 12,24,e1013,d6b4,-53,169,c6e5,0.0238,0.019,0.016,0.0137,c6e5,c6e5,c6e5,c6e5,201.0,0.0238,-0.0101,True,elite,03_elite_b3,2559,2434,2434,False,True,3,0.6012,0.1041
2kr1b1r/1pp2ppp/p2q1nb1/8/6P1/2N1BQ1P/PPP2PB1/3RK2R b K - 0 14,28,e1013,d6c6,-233,169,d6b4,0.0387,0.0443,0.0471,0.0355,d6b4,d6b4,d6b4,d6b4,212.0,0.0471,-0.0032,True,elite,03_elite_b3,2559,2434,2434,False,True,3,0.5343,0.0521
6k1/p4p1p/2R1p1p1/1P6/2P3P1/4P3/2rr1PKP/5R2 b - - 2 24,48,e1015,c2c3,-137,43,g8g7,0.0276,0.0301,0.0291,0.0232,g8g7,g8g7,g8g7,g8g7,100.0,0.0301,-0.0044,True,elite,03_elite_b3,2882,2827,2827,False,True,5,0.5615,0.2503
6k1/br3rp1/p1pppq1p/4P3/P1N2n2/6NP/5PPK/2RR1Q2 b - - 0 28,56,e1017,f6h4,74,158,f6h4,0.0104,0.0095,0.009,0.0112,d6e5,d6e5,d6e5,d6e5,210.0,0.0112,0.0008,True,elite,03_elite_b3,2522,2847,2847,True,False,0,0.5129,0.0021
3r2k1/p4ppp/1q2p3/1p1nP3/1b2N3/1P1r2P1/PBQ1bPBP/R1R3K1 b - - 8 22,44,e1018,b4d2,33,378,d3e3,0.0148,0.0086,0.005,0.0031,d5e3,e2g4,e2g4,e2g4,475.0,0.0148,-0.0117,True,elite,03_elite_b3,2610,2653,2653,False,True,6,0.5394,0.0047
r1bq2r1/1pppb1kp/p4p2/7Q/n2P4/2N1R3/PPP2PPP/R5K1 b - - 9 16,32,e1025,d7d5,340,53,d8e8,0.0039,0.004,0.0056,0.0091,a4c3,a4c3,a4c3,a4c3,166.0,0.0091,0.0052,True,elite,03_elite_b3,2651,2796,2796,False,True,6,0.4085,0.1478
r1b1q1r1/1pppb1kp/p4p2/8/3P4/2n1RQ2/PPP2PPP/4R1K1 b - - 1 18,36,e1025,e8g6,292,7,e8g6,0.0166,0.0213,0.0242,0.0235,c3a2,g7f8,g7f8,g7f8,124.0,0.0242,0.0069,True,elite,03_elite_b3,2651,2796,2796,True,False,6,0.235,0.0731
6rk/1pp1R2p/p4pq1/8/3P4/2P2QPb/P1P2P1P/6K1 b - - 0 24,48,e1025,g8f8,323,10,g6g5,0.005,0.0035,0.0031,0.0035,g6c2,g6c2,g6c2,g6c2,2321.0,0.005,-0.0015,True,elite,03_elite_b3,2651,2796,2796,False,True,4,0.553,0.0352
2r2rk1/6b1/pq1p2QB/1p1Pp3/3nP3/2Nn4/PP4PP/R4R1K b - - 0 22,44,e1028,b6b7,302,5,b6c7,0.0423,0.0477,0.0429,0.0398,c8c7,c8c7,c8c7,c8c7,616.0,0.0477,-0.0025,True,elite,03_elite_b3,2686,2590,2590,False,True,0,0.4327,0.0028
1r3rk1/3b2pp/2p1p1q1/pp2Rp2/3P1P2/P4P2/BPQ3PP/1K1R4 b - - 3 22,44,e1029,g6f6,-133,1,a5a4,0.0487,0.0476,0.0417,0.0461,b5b4,b5b4,b5b4,b5b4,123.0,0.0487,-0.0026,True,elite,03_elite_b3,2546,2532,2532,False,True,5,0.5997,0.0541
1r3rk1/3b2pp/2p1p1q1/4Rp2/pP1P1P2/5P2/BPQ3PP/1K2R3 b - - 0 24,48,e1029,f8e8,-233,46,b8b4,0.0069,0.0055,0.0034,0.0022,b8b4,b8b4,b8b4,b8b4,157.0,0.0069,-0.0047,True,elite,03_elite_b3,2546,2532,2532,False,True,5,0.6117,0.0795
2rq1rk1/1p2p2p/1pb2pp1/3P1n2/7P/1P1P1B2/PB3PP1/2RQ1RK1 b - - 0 20,40,e1037,c6e8,-142,53,c6e8,0.0022,0.0017,0.0015,0.0025,c6d5,c6d5,c6d5,c6d5,375.0,0.0025,0.0003,True,elite,03_elite_b3,2568,2646,2646,True,False,5,0.5988,0.053
rn1qr1k1/p4pb1/2pBp1p1/1p1nP1Pp/3PN2P/3Q1N2/PPP5/2KR2R1 b - - 1 18,36,e1039,g8h8,-305,11,b8d7,0.0006,0.0006,0.0005,0.0004,d5f4,d5f4,a7a5,a7a5,166.0,0.0006,-0.0002,True,elite,03_elite_b3,2552,2537,2537,False,True,6,0.7026,0.191
1r4k1/3qbpp1/5n1p/2Pp4/1P1P1B2/1Q5P/5PP1/R5K1 b - - 1 24,48,e1042,b8f8,-137,15,b8b7,0.0125,0.0114,0.008,0.0067,b8b7,b8b7,b8b7,b8b7,104.0,0.0125,-0.0058,True,elite,03_elite_b3,2509,2316,2316,False,True,5,0.5078,0.0019
3r1r1k/1p5q/2pb4/p2Pp2p/P1B1P1P1/7Q/3R2P1/3R3K b - - 1 30,60,e1043,d6b4,22,62,h5g4,0.016,0.0106,0.009,0.009,h5g4,h5g4,h5g4,h5g4,136.0,0.016,-0.007,True,elite,03_elite_b3,2592,2490,2490,False,True,5,0.54,0.0798
5r2/p3Q1pk/2pN2p1/4n1Pp/6qn/4B3/PPP5/2KR4 b - - 2 28,56,e1045,g4g3,0,0,g4f3,0.007,0.0042,0.0029,0.002,f8f3,f8f3,f8f3,f8f3,354.0,0.007,-0.005,True,elite,03_elite_b3,2559,2374,2374,False,True,0,0.5665,0.1469
2r2rk1/p2pnppp/2b1p3/q2p2P1/Pp1P2N1/1PnBP3/2PN1P1P/2K2QRR b - - 6 18,36,e1047,e7g6,-29,80,c6a4,0.0188,0.0166,0.0108,0.0076,c6a4,c6a4,c6a4,c6a4,1963.0,0.0188,-0.0112,True,elite,03_elite_b3,2739,2867,2867,False,True,2,0.5191,0.0202
6rk/p2p1p1p/4pPnQ/3p2R1/qp1P4/1N1KP3/2P2P1P/8 b - - 0 28,56,e1047,g6f4,-887,1105,g6e5,0.0046,0.0024,0.0014,0.001,a4b5,a4b5,a4b5,a4b5,1107.0,0.0046,-0.0036,True,elite,03_elite_b3,2739,2867,2867,False,True,6,0.4186,0.0782
8/1p2r2k/2p3q1/3b3p/5Q1P/1P4B1/P4PP1/3R2K1 b - - 2 30,60,e1048,e7e2,-272,20,e7e2,0.0207,0.02,0.0222,0.0241,e7f7,e7f7,e7f7,e7f7,116.0,0.0241,0.0034,True,elite,03_elite_b3,2448,2615,2615,True,False,5,0.5772,0.1373
2r1k2r/ppqbbppp/2n1p2n/3pP3/PP3B2/2PB1N1P/4QPP1/RN2R1K1 b k - 2 14,28,e1053,c7d8,-222,20,f7f5,0.0207,0.0313,0.0374,0.0431,h6f5,h6f5,h6f5,h6f5,194.0,0.0431,0.0224,True,elite,03_elite_b3,2586,2651,2651,False,True,3,0.6604,0.0272
2r4r/pp1bk1pp/4p2n/nP1pN3/P4q2/2PB3P/4QPP1/RN2R1K1 b - - 2 18,36,e1053,f4f6,-289,41,f4f6,0.0134,0.0175,0.0198,0.021,a5b3,a5b3,a5b3,a5b3,108.0,0.021,0.0076,True,elite,03_elite_b3,2586,2651,2651,True,False,6,0.6096,0.089
2rq1rk1/p2nbppp/bp3n2/3p4/2PN4/1P4P1/PBQN1PBP/R2R2K1 b - - 0 14,28,e1059,f8e8,-91,7,d8c7,0.0317,0.0214,0.0106,0.0089,d5c4,d5c4,d5c4,d5c4,182.0,0.0317,-0.0228,True,elite,03_elite_b3,2456,2586,2586,False,True,2,0.6477,0.04
r5k1/3n1Nbp/pp1N2p1/4p3/8/1P2P1P1/PBr4P/R2R1K2 b - - 0 24,48,e1060,a8f8,-213,29,c2b2,0.0271,0.0227,0.0199,0.0174,c2b2,c2b2,c2b2,c2b2,117.0,0.0271,-0.0097,True,elite,03_elite_b3,2511,2461,2461,False,True,7,0.4529,0.004
5R2/p4ppk/4p2p/4P2P/2q5/1p2Q1P1/1Pr2P1K/8 b - - 4 34,68,e1064,c4e2,390,361,c4g4,0.0478,0.0463,0.0446,0.0442,c4c7,c4c7,c4c7,c4c7,961.0,0.0478,-0.0036,True,elite,03_elite_b3,2548,2556,2556,False,True,0,0.5764,0.1515
r1b2rk1/2q2ppp/p2bp1n1/1p5Q/3N4/2P1R3/PPB2PPP/R1B3K1 b - - 1 16,32,e1066,h7h6,-17,13,h7h6,0.0478,0.0188,0.0067,0.0034,c8b7,c8b7,c8b7,c8b7,523.0,0.0478,-0.0444,True,elite,03_elite_b3,2628,2747,2747,True,False,2,0.6094,0.0667
3r1rk1/2q2pp1/p3p2p/1p1b4/3N1bQ1/2P4R/PPB2PPP/4R1K1 b - - 7 22,44,e1066,f8e8,118,17,b5b4,0.013,0.0067,0.0035,0.0036,f4g5,f4g5,f4g5,f4g5,118.0,0.013,-0.0094,True,elite,03_elite_b3,2628,2747,2747,False,True,0,0.6261,0.0522
1kbq3r/4bp2/1p1p3n/pPpPpPn1/2P1P3/P1N1B1QB/2K1N3/7R b - - 0 30,60,e1072,h6f5,193,238,f7f6,0.0085,0.0049,0.0032,0.0022,g5h3,g5h3,g5h3,g5h3,368.0,0.0085,-0.0063,True,elite,03_elite_b3,2567,2487,2487,False,True,2,0.5253,0.1385
5r2/p2R2n1/6pk/6Np/7P/5PK1/PP3P2/8 b - - 4 32,64,e1074,f8a8,-373,5,g7f5,0.0118,0.0148,0.0171,0.021,g7f5,g7f5,g7f5,g7f5,105.0,0.021,0.0092,True,elite,03_elite_b3,2569,2477,2477,False,True,5,0.5827,0.0287
5r2/R5n1/6pk/6Np/7P/5P1K/PP3P2/8 b - - 0 34,68,e1074,f8e8,-574,13,f8f4,0.025,0.0247,0.0274,0.0318,g7f5,g7f5,g7f5,g7f5,1425.0,0.0318,0.0068,True,elite,03_elite_b3,2569,2477,2477,False,True,1,0.7324,0.2672
2bq1rk1/2p1bp2/r6p/1pp1B1p1/p6P/2PP1Q1B/PP1N1P1P/R3R1K1 b - - 0 20,40,e1075,g5g4,96,366,g5g4,0.0325,0.0352,0.0428,0.0468,g5h4,c8h3,c8h3,c8h3,440.0,0.0468,0.0143,True,elite,03_elite_b3,2805,3065,3065,True,False,7,0.6793,0.176
r4rk1/p2b1ppp/1q2pn2/3pB3/8/2N2N1Q/PPP2bPP/1K1R3R b - - 3 14,28,e1077,b6d8,-59,2,f8c8,0.0131,0.0206,0.0238,0.0192,a8b8,a8b8,a8b8,f6e4,289.0,0.0238,0.0061,True,elite,03_elite_b3,2555,2493,2493,False,True,2,0.612,0.0425
6k1/1p3pp1/P3p2p/1P1pP3/r5P1/7P/8/1R4K1 b - - 0 32,64,e1079,b7b6,-345,158,b7b6,0.0466,0.0369,0.0268,0.0207,b7a6,b7a6,b7a6,b7a6,217.0,0.0466,-0.0259,True,elite,03_elite_b3,2519,2562,2562,True,False,5,0.4269,0.1339
2r1kr2/pp4p1/6b1/2P1np1p/1P2p2P/4N1P1/P4P2/2KR1B1R b - - 0 20,40,e1082,a7a6,-110,1,f5f4,0.0123,0.0145,0.0187,0.021,b7b6,b7b6,b7b6,b7b6,119.0,0.021,0.0087,True,elite,03_elite_b3,2497,2605,2605,False,True,5,0.628,0.0735
2r1k3/pp4p1/6b1/2P1n2p/1P2pr1P/4N3/P4P2/2KR1BR1 b - - 1 22,44,e1082,g6f7,-43,42,e8f7,0.0159,0.022,0.0248,0.0263,f4f2,f4f2,f4f2,e8f7,339.0,0.0263,0.0104,True,elite,03_elite_b3,2497,2605,2605,False,True,5,0.5912,0.1329
1r2r1k1/3b1p2/p5pp/2bp4/2PNn3/P6P/2B2PP1/B2RR1K1 b - - 2 24,48,e1085,b8c8,-7,12,c5a3,0.0054,0.0033,0.002,0.0014,d5c4,d5c4,d5c4,d5c4,302.0,0.0054,-0.004,True,elite,03_elite_b3,2358,2543,2543,False,True,5,0.5124,0.0023
1r1qr1k1/3p1pbp/2bQ2p1/4P3/2B2P2/1P6/PBP3PP/1K1RR3 b - - 0 24,48,e1090,b8a8,-491,7,d8h4,0.0398,0.0401,0.0339,0.0288,c6g2,c6g2,c6g2,g7f8,108.0,0.0401,-0.011,True,elite,03_elite_b3,2549,2469,2469,False,True,1,0.7633,0.0988
r2qkb1r/pp1n1pp1/2pp1n1p/3Ppb2/2P5/2N2NP1/PP2PPBP/R1BQ1RK1 b kq - 0 8,16,orph_74943,a8c8,-74,14,a8c8,0.0084,0.0087,0.0105,0.0133,c6c5,c6c5,c6c5,c6c5,100.0,0.0133,0.0049,True,elite,03_elite_b3,2730,2725,2725,True,False,3,0.7935,0.1661
3q1k1r/pp3pp1/3p3p/2BP4/Q3bP2/2P5/P6P/4R1K1 b - - 0 20,40,e1092,f7f5,170,169,f7f5,0.0212,0.0233,0.0286,0.0402,d6c5,d6c5,d6c5,d6c5,188.0,0.0402,0.019,True,elite,03_elite_b3,2730,2725,2725,True,False,0,0.6138,0.1752
r3kbr1/1p3p2/4bBp1/p2pPpNp/1n1q4/PP2N3/5PPP/RQ3RK1 b q - 0 20,40,e1093,f5f4,-280,59,b4c6,0.0117,0.0079,0.0069,0.0093,b4c6,b4c6,b4c6,b4c6,123.0,0.0117,-0.0024,True,elite,03_elite_b3,2538,2589,2589,False,True,6,0.6673,0.1285
r3k1r1/1p2bp2/2n2Bp1/p2RPpNp/Pq6/3Q4/5PPP/R5K1 b q - 2 26,52,e1093,b4g4,-559,23,a8d8,0.0056,0.0058,0.0069,0.0082,e7f6,e7f6,e7f6,e7f6,151.0,0.0082,0.0026,True,elite,03_elite_b3,2538,2589,2589,False,True,6,0.7131,0.0927
r2q1rk1/1pp2ppp/p1nb4/2p1p2b/4P3/2PPBN1P/PP3PP1/R2QRNK1 b - - 2 12,24,e1094,f7f6,15,26,f7f6,0.0197,0.0148,0.0175,0.0233,b7b5,b7b5,f7f5,f7f5,208.0,0.0233,0.0036,True,elite,03_elite_b3,2647,2801,2801,True,False,3,0.672,0.0538
rnb5/1pq1b1pk/p3pr2/2np2N1/5P1P/P1N1B3/1PP3P1/R2QK2R b KQ - 1 14,28,e1097,h7h6,-297,109,h7h6,0.0138,0.007,0.006,0.0084,h7g8,h7g8,h7g8,h7g8,197.0,0.0138,-0.0054,True,elite,03_elite_b3,2794,2758,2758,True,False,6,0.5877,0.1278
rnb5/1p2b1p1/p3pr1k/8/2P1NP1P/Pq2B3/1P2Q1P1/R3K2R b KQ - 0 20,40,e1097,b8c6,-195,45,b8c6,0.0063,0.0054,0.0066,0.0095,f6g6,f6g6,f6f5,f6f5,131.0,0.0095,0.0032,True,elite,03_elite_b3,2794,2758,2758,True,False,6,0.6857,0.2381
r1b5/1p4pk/p1n1pb2/6P1/q1P2P1P/P3B2R/1P2Q3/R3K3 b Q - 0 24,48,e1097,a4a5,-364,45,f6e7,0.0277,0.0329,0.0328,0.03,f6b2,f6b2,f6d4,f6d4,625.0,0.0329,0.0023,True,elite,03_elite_b3,2794,2758,2758,False,True,6,0.5893,0.1632
r3k2r/pp1n1ppp/2pbpq2/8/3P4/2P2NP1/PPB2K2/R1BQR3 b kq - 0 16,32,e1098,f6e7,-289,28,h7h6,0.0082,0.0082,0.0064,0.0041,e8c8,e8c8,e8c8,e8c8,185.0,0.0082,-0.0041,True,elite,03_elite_b3,2751,2652,2652,False,True,7,0.7162,0.2344
rnbq1rk1/p4ppp/4pn2/1p4N1/1bpP4/6P1/1PQNPPBP/R1B1K2R b KQ - 1 10,20,e1100,h7h6,-178,88,h7h6,0.0473,0.0415,0.0405,0.0444,d8d4,f6d5,f6d5,f6d5,1821.0,0.0473,-0.0029,True,elite,03_elite_b3,2578,2531,2531,True,False,3,0.6113,0.1598
r1bqr3/1pp2pk1/2np2p1/2n3Pp/p1PNPP1P/2N2B2/PP1Q4/2KR3R b - - 1 20,40,e1105,g7g8,-114,3,c6a5,0.0047,0.0044,0.0049,0.0091,c6d4,c6d4,c6d4,c6d4,109.0,0.0091,0.0044,True,elite,03_elite_b3,2488,2526,2526,False,True,2,0.6188,0.0095
3r2k1/1p3ppp/p3p3/2p3b1/8/1qPP1Q1P/RP3PP1/R5K1 b - - 3 26,52,e1109,g5e7,-5,3,g7g6,0.0184,0.0217,0.0267,0.0335,b3c2,b3c2,b3c2,b3c2,327.0,0.0335,0.0151,True,elite,03_elite_b3,2731,2724,2724,False,True,0,0.5838,0.1044
r4bk1/p4p2/3p4/2p3p1/P1N5/Ppn1R1P1/5B1P/6K1 b - - 1 32,64,e1110,d6d5,546,15,c3a4,0.0251,0.0217,0.0218,0.0255,c3a4,c3a4,c3a4,c3a4,204.0,0.0255,0.0004,True,elite,03_elite_b3,2537,2487,2487,False,True,4,0.787,0.201
r2q4/1p2b1pk/3N2R1/p4Q1p/5P2/5b2/PPP4P/2KR4 b - - 0 24,48,e1113,d8f8,-698,153,f3d1,0.0151,0.0121,0.0123,0.0141,f3d1,f3d1,f3d1,f3d1,1300.0,0.0151,-0.001,True,elite,03_elite_b3,2590,2697,2697,False,True,6,0.6637,0.0132
r1b2rk1/pp1n1pbp/2pp1npB/q3p3/3PP2P/2N2P2/PPPQN1P1/2KR1B1R b - - 0 10,20,e1116,d7b6,-108,56,e5d4,0.0383,0.0348,0.0323,0.0341,e5d4,e5d4,e5d4,e5d4,114.0,0.0383,-0.0042,True,elite,03_elite_b3,2590,2484,2484,False,True,3,0.6878,0.1526
7r/pp4k1/4q3/3p2r1/8/P1NB1Q2/1PP5/1K3R2 b - - 0 34,68,e1116,a7a6,-675,16,a7a6,0.0152,0.0141,0.0178,0.0198,h8h3,h8h3,h8h3,h8h3,1324.0,0.0198,0.0046,True,elite,03_elite_b3,2590,2484,2484,True,False,1,0.8094,0.3128
8/2q2kpp/1n2p3/2p5/1r1bPP2/2p2NP1/RnQ3BP/1R5K b - - 1 30,60,e1117,f7g8,-156,14,b6c4,0.0035,0.0056,0.0066,0.0068,b6c4,b6c4,b6c4,b6c4,284.0,0.0068,0.0033,True,elite,03_elite_b3,2583,2499,2499,False,True,2,0.4726,0.028
8/1q3kpp/4p3/2p5/1r1bPP2/4nNP1/RnR1Q2P/5B1K b - - 0 34,68,e1117,b7e4,37,132,b7e4,0.0428,0.0242,0.0181,0.0194,e3c2,e3c2,e3c2,e3c2,176.0,0.0428,-0.0234,True,elite,03_elite_b3,2583,2499,2499,True,False,0,0.4658,0.0327
r3qrk1/3n2pp/p2p1b2/Np1Pp3/5n1P/4BP2/PPPQ4/1K1R1B1R b - - 0 18,36,e1120,e8h5,-54,12,f6d8,0.0352,0.0325,0.0297,0.0446,f4g6,f4g6,f4g6,f4g6,150.0,0.0446,0.0094,True,elite,03_elite_b3,2768,2992,2992,False,True,2,0.6903,0.1547
r3qrk1/1Nbn2pp/p2p4/1p1Pp3/5n1P/2Q1BP2/PPP5/1K1R1B1R b - - 4 20,40,e1120,e8b8,-31,86,e8b8,0.0261,0.0267,0.0246,0.025,a8c8,a8c8,a8c8,a8c8,146.0,0.0267,-0.0011,True,elite,03_elite_b3,2768,2992,2992,True,False,2,0.6627,0.1296
rq4k1/5r1p/3p2pP/p2Pp3/Qp3n2/5P2/PPPB1b2/1K1R1B1R b - - 1 28,56,e1120,b8c8,69,13,f2c5,0.012,0.0122,0.0129,0.0148,f4d5,f4d5,f4d5,f4d5,252.0,0.0148,0.0028,True,elite,03_elite_b3,2768,2992,2992,False,True,2,0.5472,0.0523
1r4k1/rp1R1p1p/6p1/p2Bp3/5b2/1PP5/1P3P1P/R5K1 b - - 3 26,52,e1122,g8h8,-83,29,g8g7,0.0219,0.0262,0.0211,0.0171,b8f8,b8f8,b8f8,b8f8,106.0,0.0262,-0.0048,True,elite,03_elite_b3,2743,2553,2553,False,True,5,0.611,0.1691
r1b2rk1/5pp1/p3p2p/1pb1P3/2qNNR1P/4Q3/PPP3P1/5RK1 b - - 1 20,40,e1125,f7f6,-128,54,c5d4,0.0004,0.0001,0.0,0.0,c5d4,c5d4,c5d4,c5d4,156.0,0.0004,-0.0004,True,elite,03_elite_b3,2416,2574,2574,False,True,0,0.46,0.0425
r1b2rk1/5p2/p3pp1p/1p2P3/2qR3P/4Q3/PPP3P1/5RK1 b - - 0 22,44,e1125,c4d4,-332,229,c4c2,0.0069,0.0138,0.0247,0.0396,c4c2,c4c2,c4c5,c4c5,1053.0,0.0396,0.0327,True,elite,03_elite_b3,2416,2574,2574,False,True,6,0.6963,0.2388
r1b2r2/5pk1/p3p3/1p2P2R/3R3P/8/PP4P1/6K1 b - - 2 26,52,e1125,f7f5,181,121,f7f5,0.0204,0.0236,0.0319,0.0487,c8b7,c8b7,c8b7,c8b7,2180.0,0.0487,0.0283,True,elite,03_elite_b3,2416,2574,2574,True,False,5,0.431,0.0019
r1bq2k1/ppp2r2/2nb1p1Q/3BpP2/3p3p/3N2P1/PPP1P2P/R1B2RK1 b - - 3 16,32,e1129,d8e8,-474,2,d8e8,0.0211,0.0239,0.0253,0.0238,h4g3,h4g3,d6f8,d6f8,1521.0,0.0253,0.0027,True,elite,03_elite_b3,2679,2570,2570,True,False,6,0.7541,0.1127
r3q1k1/ppp1nr2/3b1pbQ/3Bp2P/3p4/3N4/PPP1P1RP/R1B3K1 b - - 0 20,40,e1129,e8f8,-738,78,e8f8,0.0137,0.0087,0.0061,0.0045,e7d5,e7d5,e7d5,e7d5,1260.0,0.0137,-0.0092,True,elite,03_elite_b3,2679,2570,2570,True,False,1,0.7716,0.0576
3rn3/1pq1k3/1n4p1/NB1p2P1/P1PQp3/8/1P5r/1K2RR2 b - - 2 30,60,e1131,b6d7,-587,4,h2h4,0.0116,0.011,0.0115,0.0145,d5c4,d5c4,d5c4,d5c4,1411.0,0.0145,0.0029,True,elite,03_elite_b3,2801,2588,2588,False,True,6,0.7231,0.0104
1rB1r1k1/qP3pp1/5n2/3p3p/3P1Q2/P4PP1/4p1KP/1RR5 b - - 0 34,68,e1134,e8d8,-335,30,h5h4,0.0058,0.0059,0.0059,0.0059,e2e1q,a7a3,a7a3,a7a3,209.0,0.0059,0.0001,True,elite,03_elite_b3,2828,2354,2354,False,True,6,0.6057,0.0555
3q2k1/1p4p1/2b4p/b1p1r3/p1PpNr1P/P2P1P2/KPQ3B1/3R1R2 b - - 0 32,64,e1135,g8h8,167,4,d8h4,0.001,0.0015,0.0015,0.0014,f4h4,f4h4,f4h4,f4h4,256.0,0.0015,0.0004,True,elite,03_elite_b3,2477,2569,2569,False,True,2,0.542,0.0106
5rk1/r4ppp/B3p3/1p2P3/3R4/6P1/5P1P/R4K2 b - - 0 26,52,e1139,g7g5,-202,4,f8a8,0.004,0.0023,0.0018,0.003,f8a8,f8a8,f8a8,f8a8,170.0,0.004,-0.001,True,elite,03_elite_b3,2566,2494,2494,False,True,7,0.5766,0.2487
8/r3k2p/B2Rp3/1K2P1p1/8/6P1/2r4P/R7 b - - 0 34,68,e1139,a7c7,-333,17,c2h2,0.0335,0.0314,0.029,0.0402,c2b2,c2b2,c2h2,c2h2,138.0,0.0402,0.0067,True,elite,03_elite_b3,2566,2494,2494,False,True,7,0.6396,0.1424
3r4/1p3nkp/p2r4/2QNq1p1/2P1p3/1P4P1/P6P/3RR1K1 b - - 0 28,56,e1142,g5g4,36,106,g5g4,0.0363,0.0267,0.0213,0.0178,f7h6,f7h6,b7b6,b7b6,151.0,0.0363,-0.0185,True,elite,03_elite_b3,2479,2620,2620,True,False,5,0.6345,0.1202
r4rk1/pp1q1ppp/2p1p1b1/4Q3/3P2PP/1B6/PPP2P2/1K1R3R b - - 0 18,36,e1145,a8e8,-227,6,h7h6,0.0148,0.0054,0.0022,0.0012,h7h6,h7h6,h7h6,h7h6,131.0,0.0148,-0.0136,True,elite,03_elite_b3,2510,2667,2667,False,True,5,0.5924,0.0404
3r2r1/1pq2pk1/2p1p2p/p5bR/P2PB1P1/2P2Q2/1P3PK1/4R3 b - - 8 32,64,e1151,c6c5,-13,2,d8d7,0.0396,0.0237,0.0163,0.0148,c7f4,c7f4,c7f4,c7f4,154.0,0.0396,-0.0248,True,elite,03_elite_b3,2606,2989,2989,False,True,2,0.5014,0.0112
7r/2knn1p1/2p1bp2/1p2pP2/4P3/1PK1BN1P/r6P/3R1B1R b - - 0 20,40,e1155,e7f5,398,7,e6f7,0.029,0.028,0.026,0.0209,e6f7,e6f7,e6f7,e6f7,126.0,0.029,-0.0081,True,elite,03_elite_b3,2573,2464,2464,False,True,0,0.5893,0.0865
8/2p1n3/pp1p1p2/3Np2k/1PP1P3/3P2KP/1P6/8 b - - 1 30,60,e1159,e7g6,-291,84,e7d5,0.0474,0.0269,0.016,0.0149,e7d5,e7d5,e7d5,e7d5,223.0,0.0474,-0.0325,True,elite,03_elite_b3,2405,2528,2528,False,True,5,0.4104,0.1348
6k1/ppq2pp1/4p3/1B3rp1/Q2P4/8/PP2N1P1/2R1K3 b - - 5 24,48,e1164,c7b8,-553,11,c7h2,0.0152,0.0143,0.0157,0.0184,c7h2,c7h2,c7h2,c7h2,134.0,0.0184,0.0032,True,elite,03_elite_b3,2472,2566,2566,False,True,1,0.7878,0.3198
2q2rk1/1p3ppp/p3pn2/1b1n4/3Q4/PP2PN2/1B2BPPP/2R3K1 b - - 3 20,40,e1167,c8a8,-129,15,c8d8,0.0158,0.0153,0.014,0.0125,c8d7,c8d7,c8d7,c8d7,134.0,0.0158,-0.0033,True,elite,03_elite_b3,2507,2394,2394,False,True,5,0.5532,0.0568
3rb1k1/1p3ppp/p2np3/P3N3/1P2n3/4PB2/1B3PPP/3R2K1 b - - 4 28,56,e1167,d8c8,-16,63,d8c8,0.0285,0.0274,0.0294,0.0319,f7f6,f7f6,f7f6,f7f6,164.0,0.0319,0.0034,True,elite,03_elite_b3,2507,2394,2394,True,False,5,0.5853,0.0645
r2r2k1/pp2qpp1/7p/4pb1Q/2Bn4/1P6/P2N1PPP/R3R1K1 b - - 3 22,44,e1170,g8h7,320,37,g7g6,0.006,0.0053,0.0033,0.0022,d4c2,d4c2,f5g6,f5g6,340.0,0.006,-0.0038,True,elite,03_elite_b3,2490,2547,2547,False,True,0,0.7192,0.1999
r5k1/pp1r1pq1/6p1/4pbN1/2B4Q/1P5P/P4PP1/R5K1 b - - 0 28,56,e1170,a8f8,138,75,a8d8,0.0187,0.0191,0.0146,0.0101,a8d8,a8d8,a8d8,a8d8,283.0,0.0191,-0.0086,True,elite,03_elite_b3,2490,2547,2547,False,True,0,0.5328,0.084
6k1/3P1ppp/2B5/p7/P2q1BP1/6P1/5P2/4n1K1 b - - 0 30,60,e1174,d4b6,345,345,d4b6,0.0257,0.0211,0.017,0.015,e1f3,e1d3,e1d3,e1d3,345.0,0.0257,-0.0107,True,elite,03_elite_b3,2505,2569,2569,True,False,6,0.3372,0.0779
6k1/p2q1p2/3p2pp/8/1P1QR3/1P4PP/2r2P1K/8 b - - 6 32,64,e1176,c2c1,5,5,a7a6,0.0169,0.0131,0.0122,0.0148,d7f5,d7f5,d7f5,d7f5,2003.0,0.0169,-0.0021,True,elite,03_elite_b3,2586,2546,2546,False,True,5,0.5289,0.0316
r1b3k1/1p2qr1p/p2pppn1/2p4Q/P3P3/2NR3R/BPP3PP/6K1 b - - 7 22,44,e1179,g6e5,138,86,f7g7,0.0449,0.0425,0.0413,0.0389,g6f4,f7g7,f7g7,f7g7,112.0,0.0449,-0.006,True,elite,03_elite_b3,2701,2562,2562,False,True,2,0.5583,0.0079
3r2k1/2R2pp1/7p/1rp5/8/5P2/P2p1NPK/3R4 b - - 3 32,64,e1180,f7f5,-152,122,b5b2,0.0497,0.0387,0.0283,0.0225,b5b2,b5b2,b5b2,b5b2,114.0,0.0497,-0.0272,True,elite,03_elite_b3,2425,2544,2544,False,True,7,0.6179,0.1593
3r2k1/5pp1/7p/2R5/4N3/5P2/r2p2PK/3R4 b - - 1 34,68,e1180,d8d3,-264,4,g7g6,0.0359,0.0372,0.0378,0.0357,g7g6,f7f5,f7f5,f7f5,144.0,0.0378,-0.0002,True,elite,03_elite_b3,2425,2544,2544,False,True,7,0.5228,0.0865
6k1/4bpp1/4p2p/1pp5/1n6/1P1P2P1/n1PN1PNP/B2K4 b - - 0 28,56,e1193,b4c6,13,6,e7f6,0.0258,0.0263,0.0258,0.0298,e7f6,e7f6,e7f6,e7f6,184.0,0.0298,0.004,True,elite,03_elite_b3,2507,2381,2381,False,True,2,0.4564,0.0256
rn3rk1/4bppp/1pbppn2/2p5/2P1P2N/2N3P1/PP3PBP/R1BR2K1 b - - 0 14,28,e1194,f6e8,20,1,f6d7,0.0054,0.0083,0.0092,0.0105,b8d7,b8d7,b8d7,b8d7,174.0,0.0105,0.0051,True,elite,03_elite_b3,2518,2506,2506,False,True,2,0.6456,0.0648
r4rk1/p4pbp/5qp1/1BpR4/7n/P1N1P3/1P2QP1P/R6K b - - 5 20,40,e1195,a8b8,113,33,a7a6,0.0209,0.0207,0.0254,0.0416,h4f3,h4f3,h4f3,h4f3,150.0,0.0416,0.0207,True,elite,03_elite_b3,2607,2667,2667,False,True,0,0.5293,0.0954
5r2/5pbk/6p1/5n1p/pNB1Q3/P2RP3/5PKP/4q3 b - - 8 34,68,e1195,f8e8,464,43,g7f6,0.0043,0.0026,0.0017,0.0013,f5h4,f5h4,e1e2,h5h4,499.0,0.0043,-0.003,True,elite,03_elite_b3,2607,2667,2667,False,True,0,0.5474,0.1874
r2kn2r/pp1n1pb1/2pp2pp/8/2PPN3/3R1NB1/PP3PPP/2K1R3 b - - 6 16,32,e1196,d7b6,-167,59,d7b6,0.0385,0.0366,0.0372,0.034,d8c7,d8c7,d8c7,d8c7,144.0,0.0385,-0.0045,True,elite,03_elite_b3,2593,2671,2671,True,False,2,0.6253,0.0231
r2q1r1k/1b2bpp1/p3p2B/1p2n2Q/3N4/1B5R/PPP3PP/R6K b - - 0 18,36,e1208,e7h4,-1303,486,g7g6,0.0029,0.0044,0.0059,0.0064,g7h6,g7h6,d8d4,d8d4,695.0,0.0064,0.0035,True,elite,03_elite_b3,2562,2388,2388,False,True,6,0.667,0.0202
r3k2r/pp2b1pp/n1p1pp2/3n4/2NP4/1P1NP3/1P1BKPPP/R6R b kq - 1 14,28,e1210,d5c7,-79,1,e8d7,0.0065,0.0064,0.0069,0.0107,e8g8,e8g8,e8g8,e8g8,153.0,0.0107,0.0042,True,elite,03_elite_b3,2566,2568,2568,False,True,2,0.5882,0.0193
5r2/p4ppk/1bN5/1Pq5/2P5/2Q4P/4RPP1/6K1 b - - 0 30,60,e1211,g7g6,-333,6,f8e8,0.038,0.0359,0.0327,0.0388,a7a6,a7a6,a7a6,c5f5,127.0,0.0388,0.0008,True,elite,03_elite_b3,2590,2424,2424,False,True,5,0.6446,0.0355
2r5/pp3k2/5n1b/8/8/2P1r1B1/PK1N2RP/5R2 b - - 2 28,56,e1215,c8c6,-111,6,c8c3,0.0077,0.0095,0.0129,0.0164,e3c3,e3c3,e3c3,e3c3,345.0,0.0164,0.0087,True,elite,03_elite_b3,3062,2612,2612,False,True,5,0.6104,0.2141
3rqrk1/pp3p2/2p3pp/4P3/2b5/P1N3BP/1P3PP1/Q3R1K1 b - - 0 24,48,e1217,c4d3,113,53,c4d3,0.0126,0.0087,0.0061,0.0045,e8e6,e8e6,e8e6,e8e6,131.0,0.0126,-0.0081,True,elite,03_elite_b3,2544,2598,2598,True,False,2,0.505,0.0632
3r3r/pp3pk1/2p2Nq1/4P3/5Q2/P2bR2P/1P3PP1/6K1 b - - 8 32,64,e1217,g6h6,60,507,g7f8,0.0138,0.0124,0.0114,0.0112,d3f5,d3f5,d3f5,d3f5,557.0,0.0138,-0.0026,True,elite,03_elite_b3,2544,2598,2598,False,True,6,0.6016,0.1314
2r1r1k1/p2b1pp1/1p2pn1p/8/P1PB2P1/3B1P2/2P2KP1/R3R3 b - - 0 20,40,e1221,e8d8,-113,3,d7c6,0.0252,0.0254,0.0235,0.0325,f6h7,f6h7,f6h7,f6h7,103.0,0.0325,0.0073,True,elite,03_elite_b3,2585,2441,2441,False,True,2,0.5358,0.0142
2r2nk1/p3r1p1/2b1pp1p/R7/2PB1PP1/3B4/2P2KP1/1R6 b - - 0 26,52,e1221,g8f7,-202,10,c8c7,0.0094,0.0078,0.0064,0.008,c8a8,c8a8,c8a8,c8c7,127.0,0.0094,-0.0014,True,elite,03_elite_b3,2585,2441,2441,False,True,5,0.6226,0.1201
1rbqk2r/4npb1/p1npp2p/7P/Np1PPB2/5N2/BPPQ2P1/2KR3R b k - 0 16,32,e1222,c6a5,-98,96,c6a5,0.0391,0.0369,0.0392,0.0358,a6a5,d8a5,d8a5,d8a5,108.0,0.0392,-0.0033,True,elite,03_elite_b3,2483,2550,2550,True,False,2,0.7008,0.0668
2b1k2r/2q1npb1/p2pp2p/1r5P/1pnPPB2/1N3N2/BPP1Q1P1/1K1R3R b k - 8 20,40,e1222,b5b6,-154,16,e8g8,0.0046,0.0037,0.0028,0.0027,a6a5,a6a5,a6a5,a6a5,130.0,0.0046,-0.0019,True,elite,03_elite_b3,2483,2550,2550,False,True,2,0.6872,0.0718
2b2rk1/4npb1/p3p2p/1r1p3P/2qPP3/pB2QN2/2PB2P1/1K1R3R b - - 1 26,52,e1222,d5e4,296,123,d5e4,0.0472,0.044,0.0438,0.0438,a3a2,a3a2,a3a2,a3a2,220.0,0.0472,-0.0034,True,elite,03_elite_b3,2483,2550,2550,True,False,0,0.6658,0.1081
4r3/ppk1r3/6p1/3b1nNn/4N1R1/P2P3P/1PP3B1/2K1R3 b - - 9 28,56,e1223,f5h6,-59,248,h5f6,0.0316,0.03,0.0281,0.0258,h5f6,h5f6,h5f6,h5f6,246.0,0.0316,-0.0058,True,elite,03_elite_b3,2657,2672,2672,False,True,5,0.5634,0.0374
r4r2/b1p3k1/p2p4/4pbq1/P1BP2pn/1NP1N3/4Q1PP/R4R1K b - - 1 24,48,e1224,a8e8,73,21,a8e8,0.0293,0.0298,0.0351,0.0497,g4g3,f5e4,f5e4,f5e4,218.0,0.0497,0.0204,True,elite,03_elite_b3,2695,2990,2990,True,False,0,0.5947,0.0252
3r2k1/p4pp1/1pn1p2p/1b1q4/1P6/2RPP3/2N2PPP/Q4BK1 b - - 6 24,48,e1227,a7a6,3,8,e6e5,0.0226,0.0338,0.0416,0.0421,b5d3,b5d3,b5d3,b5d3,443.0,0.0421,0.0195,True,elite,03_elite_b3,2506,2401,2401,False,True,2,0.5899,0.0201
8/5p1p/4pkp1/p2p4/2rP4/PRPK1PP1/7P/8 b - - 0 34,68,e1230,g6g5,0,0,c4c7,0.0234,0.0235,0.0304,0.0415,a5a4,a5a4,a5a4,a5a4,103.0,0.0415,0.0181,True,elite,03_elite_b3,2514,2451,2451,False,True,5,0.3935,0.0794
2kr3r/pp2npp1/2pqbp2/8/1PPP4/3B1PPp/P2QN2P/3R1RK1 b - - 0 18,36,e1231,h8e8,6,1,g7g5,0.0055,0.0049,0.0056,0.0121,e7f5,e7f5,e7f5,e7f5,202.0,0.0121,0.0066,True,elite,03_elite_b3,2604,2603,2603,False,True,2,0.7051,0.17
2r2rk1/1p2nppp/p1n3q1/2Q1p3/4P3/2N1BbP1/PPPR1P1P/2K2BR1 b - - 4 16,32,e1238,b7b5,-169,21,f3e4,0.0272,0.0234,0.0233,0.0261,f3e4,f3e4,f3e4,f3e4,134.0,0.0272,-0.0011,True,elite,03_elite_b3,2635,2721,2721,False,True,2,0.5853,0.0299
3k4/rp5p/1Npn1pp1/P3p3/1K1nP3/3B1P2/6PP/2R5 b - - 10 30,60,e1239,a7a5,215,39,a7a5,0.0003,0.0002,0.0001,0.0001,d8c7,d8c7,d8c7,d8c7,170.0,0.0003,-0.0002,True,elite,03_elite_b3,2350,2502,2502,True,False,0,0.4858,0.0406
3q1rk1/3pbppp/2p1p3/1p2P3/r1nPN3/P1PQ2P1/5P1P/R1B1R1K1 b - - 0 20,40,e1240,c4b6,124,10,f7f5,0.0322,0.0279,0.0207,0.0105,c4a3,e7a3,e7a3,e7a3,110.0,0.0322,-0.0217,True,elite,03_elite_b3,2500,2440,2440,False,True,2,0.594,0.0712
r4rk1/p2R1p1p/1p4p1/2P5/4NQ2/4P3/qn3PPP/2R3K1 b - - 5 28,56,e1242,b2a4,-361,77,a2e6,0.0205,0.018,0.0144,0.011,b2d3,b2d3,b6c5,a2e6,127.0,0.0205,-0.0095,True,elite,03_elite_b3,2536,2611,2611,False,True,6,0.7016,0.1518
r4r2/p4pkp/1p1RqNp1/2P5/5Q2/4P3/1n3PPP/2R3K1 b - - 9 30,60,e1242,b6c5,-526,39,e6b3,0.0069,0.0037,0.0023,0.0016,e6b3,e6b3,e6f5,e6b3,264.0,0.0069,-0.0053,True,elite,03_elite_b3,2536,2611,2611,False,True,6,0.7367,0.1192
5rk1/q4pnp/2p3p1/p1ppP3/Pr4Rb/1P1P1Q2/2P3PN/2B2R1K b - - 3 26,52,e1243,f7f5,105,39,a7d7,0.0259,0.0136,0.0087,0.0076,b4g4,b4g4,b4g4,b4g4,105.0,0.0259,-0.0183,True,elite,03_elite_b3,2458,2535,2535,False,True,2,0.6454,0.0168
r1b3k1/4n1pp/3b4/pp1p1p2/2pP1P2/P1P1PN2/1PBK4/R6R b - - 5 28,56,e1246,a8b8,-151,8,c8d7,0.0166,0.015,0.0153,0.0195,b5b4,b5b4,b5b4,b5b4,277.0,0.0195,0.0029,True,elite,03_elite_b3,2848,2958,2958,False,True,2,0.5205,0.1265
5kr1/p1p2p2/3bp2p/n6Q/5q2/r1B5/4BP1P/2RR3K b - - 3 34,68,e1247,f8e7,464,11,f8e7,0.0024,0.0031,0.0044,0.0063,f4f2,f4f2,f4f2,f4f2,107.0,0.0063,0.0039,True,elite,03_elite_b3,2439,2736,2736,True,False,0,0.6224,0.0893
1knr2r1/1q2b3/1pb1np1p/2p1p1pP/2N1P3/QNP1B1P1/1P3PB1/R3R1K1 b - - 5 26,52,e1249,b7a8,-126,31,e6f4,0.0007,0.0007,0.0008,0.0012,c8a7,b8c7,b8c7,b8c7,134.0,0.0012,0.0005,True,elite,03_elite_b3,2574,2446,2446,False,True,2,0.653,0.0923
r1b2rk1/pp2qpp1/2n4p/3np3/3PN3/3B1P2/PP1QN1PP/R4RK1 b - - 0 16,32,e1250,f8d8,173,2,e5d4,0.0048,0.0039,0.0036,0.0038,e5d4,e5d4,e5d4,e5d4,129.0,0.0048,-0.001,True,elite,03_elite_b3,2387,2529,2529,False,True,2,0.6283,0.0579
2r3k1/ppr2ppp/4p3/7q/3P1Pn1/1PP2RB1/P3Q1P1/2R3K1 b - - 4 24,48,e1260,c7c6,89,41,c7c6,0.0379,0.0304,0.0251,0.0234,g4f6,g4f6,g4f6,g4f6,103.0,0.0379,-0.0145,True,elite,03_elite_b3,2507,2362,2362,True,False,0,0.6063,0.111
r1bqk2r/bpp3p1/p1np1n2/5p2/2PP2Pp/2N2P1P/PP2N1B1/R1BQ1RK1 b kq - 0 12,24,e1265,f6h7,-119,6,c8e6,0.003,0.0032,0.0026,0.0019,f5g4,f5g4,f5g4,f5g4,198.0,0.0032,-0.0011,True,elite,03_elite_b3,2449,2577,2577,False,True,3,0.7045,0.0078
r2q1rk1/1b3pp1/1pnN3p/p1n5/2P5/P2B1N2/1P3PPP/R2Q1RK1 b - - 0 18,36,e1266,a8b8,-30,12,a8b8,0.0056,0.0092,0.0091,0.0085,d8d6,d8d6,d8d6,d8d6,340.0,0.0092,0.0029,True,elite,03_elite_b3,2927,2722,2722,True,False,2,0.5648,0.0212
1R5b/2r1p1kp/2p3p1/3PPr2/p1p5/P1B1Q1P1/5P1P/6K1 b - - 0 34,68,e1268,e7e6,-873,77,e7e6,0.0419,0.0403,0.0371,0.0341,c6d5,c6d5,c6d5,c6d5,1111.0,0.0419,-0.0078,True,elite,03_elite_b3,2532,2404,2404,True,False,1,0.866,0.3999
r2q1n2/1p3k1p/1nb2p2/3p2pN/pQ1P1P2/P2BP2P/3N2P1/5RK1 b - - 0 32,64,e1270,g5g4,-299,22,g5g4,0.0371,0.0374,0.0378,0.0321,g5f4,h7h6,h7h6,h7h6,262.0,0.0378,-0.005,True,elite,03_elite_b3,2569,2469,2469,True,False,6,0.7195,0.1732
3r2k1/pp1rqp1p/n1p3p1/8/8/1P1NP1P1/P1QR1P1P/3R2K1 b - - 0 22,44,e1274,h7h5,4,4,e7e4,0.0088,0.0113,0.0161,0.0254,a6b4,a6b4,a6b4,a6b4,465.0,0.0254,0.0166,True,elite,03_elite_b3,2448,2555,2555,False,True,5,0.4398,0.0091
3rrbk1/2qb1pp1/2pp1nnp/1p6/1P1NPP2/2NQ2PP/2P2BB1/3RR1K1 b - - 1 20,40,e1277,g6e5,-7,46,d7c8,0.001,0.0009,0.0008,0.0006,c6c5,d7c8,d7c8,d7c8,274.0,0.001,-0.0004,True,elite,03_elite_b3,2654,2531,2531,False,True,2,0.6934,0.1536
6k1/p6p/4p1p1/8/8/3NpbPR/PPP2r2/4K3 b - - 4 32,64,e1279,f2d2,738,135,f2c2,0.0235,0.0192,0.0139,0.0102,f2c2,f2c2,f2c2,f2c2,305.0,0.0235,-0.0133,True,elite,03_elite_b3,2454,2602,2602,False,True,4,0.7875,0.1904
2r2b2/p4p1k/1qp3p1/3pPP1p/4p2P/1P4P1/P1PQ4/1K1RR3 b - - 0 26,52,e1282,b6c7,-64,52,f8g7,0.0168,0.0191,0.0209,0.0273,g6f5,f8b4,f8b4,f8b4,254.0,0.0273,0.0105,True,elite,03_elite_b3,2594,2793,2793,False,True,0,0.52,0.0328
2r1b3/3nk2p/1r2p3/pp3pp1/8/1PP2P2/P1NRNKPP/4R3 b - - 1 30,60,e1283,h7h6,43,0,d7e5,0.0287,0.0292,0.0266,0.0172,h7h5,h7h5,h7h5,e6e5,177.0,0.0292,-0.0115,True,elite,03_elite_b3,2605,2992,2992,False,True,2,0.5298,0.0732
1r2r1k1/2q2p1p/p3pPp1/3p4/3P2P1/2p1Q3/PP5P/4RRK1 b - - 0 24,48,e1286,c7d6,46,506,c7d6,0.0019,0.0023,0.0024,0.0029,c3b2,c3b2,g8h8,g8h8,754.0,0.0029,0.001,True,elite,03_elite_b3,2479,2522,2522,True,False,0,0.466,0.0594
5rk1/p5p1/1p1p1p1p/5P1Q/2n1q3/P6P/6P1/2BR2K1 b - - 6 28,56,e1288,f8f7,372,5,d6d5,0.0025,0.0033,0.0051,0.0067,c4e3,c4e3,c4e3,c4e3,238.0,0.0067,0.0042,True,elite,03_elite_b3,2457,2550,2550,False,True,0,0.6534,0.0007
1rb1r3/p4k2/2p2pp1/3pq3/6P1/1P3Q2/P1P5/1K1R1B1R b - - 0 24,48,e1297,b8b7,-131,9,f7g7,0.005,0.0031,0.0023,0.002,f7g7,f7g7,f7g7,f7g7,243.0,0.005,-0.003,True,elite,03_elite_b3,2648,2669,2669,False,True,5,0.5827,0.0548
r2qkbr1/pp3p1p/4p3/6p1/2nPp3/2N3N1/PPP1QPPP/R3K2R b KQq - 2 14,28,e1298,d8c7,-121,13,c4b6,0.0144,0.0177,0.0184,0.0143,c4b2,c4b2,d8d4,d8d4,285.0,0.0184,-0.0001,True,elite,03_elite_b3,2605,2508,2508,False,True,5,0.5829,0.0253
r3kb1r/pp3ppp/2p1pn2/2np4/2P3PP/RPN1PP2/1P1P4/2B1KB1R b Kkq - 2 12,24,e1299,c5d7,0,42,c5a6,0.0191,0.0196,0.0194,0.0194,c5d3,c5d3,c5d3,c5d3,446.0,0.0196,0.0003,True,elite,03_elite_b3,2611,2464,2464,False,True,3,0.624,0.0668
r3kb1r/pp3ppp/2p1pn2/2np4/2P3PP/RPN1PP2/1P1P4/2B1KB1R b Kkq - 6 14,28,e1299,c5d7,0,37,c5a6,0.0191,0.0196,0.0194,0.0194,c5d3,c5d3,c5d3,c5d3,448.0,0.0196,0.0003,True,elite,03_elite_b3,2611,2464,2464,False,True,3,0.627,0.0715
3qb2r/1p2k1b1/2p1nn1p/1PPp1pp1/3Pp2P/1QN1P1P1/1B1KBPN1/7R b - - 4 22,44,e1307,e8d7,-38,15,f6g4,0.0102,0.0115,0.0148,0.0174,g5g4,g5g4,g5g4,g5g4,168.0,0.0174,0.0072,True,elite,03_elite_b3,2959,2846,2846,False,True,2,0.6251,0.1648
r5k1/p2b1pbp/1q1p1Pp1/4r2n/3N3Q/2PB4/PP4PP/R1B2RK1 b - - 0 20,40,e1313,b6d8,-204,45,g7f8,0.0194,0.0165,0.0156,0.0201,g7f6,h5f6,g7f8,g7f8,102.0,0.0201,0.0007,True,elite,03_elite_b3,2379,2535,2535,False,True,2,0.5781,0.0324
4r1k1/pp2qppp/3b1n2/3p1R2/1P6/PN1Pr1P1/R3P1BP/5QK1 b - - 4 20,40,e1315,e7c7,141,17,d6e5,0.0038,0.0038,0.0035,0.0032,e3e2,e3e2,e3e2,e3e2,109.0,0.0038,-0.0006,True,elite,03_elite_b3,2484,2538,2538,False,True,0,0.6977,0.1354
1r4k1/p1q1brpp/2pp4/2p1p3/2N4P/1PBP2Pb/P1P2P1K/R2QR3 b - - 5 20,40,e1319,f7f2,353,169,c7d7,0.0421,0.0294,0.0267,0.0303,h3e6,h3e6,h3e6,h3e6,169.0,0.0421,-0.0118,True,elite,03_elite_b3,2750,2654,2654,False,True,0,0.6077,0.06
8/1p2q1pk/2r1p3/p5p1/Pb2N3/3P3P/1P6/1K1Q1R2 b - - 1 26,52,e1321,e7d8,-22,1,h7h6,0.0247,0.0269,0.0269,0.0285,g7g6,e6e5,e6e5,e6e5,554.0,0.0285,0.0038,True,elite,03_elite_b3,2578,2528,2528,False,True,5,0.6068,0.0993
r1bqkb1r/ppp3p1/3p2pp/2n5/2BQPPn1/2N2N2/PPP4P/R1B1K2R b KQkq - 3 10,20,e1324,c7c6,-74,2,c7c6,0.0357,0.0276,0.0281,0.0467,c8e6,c8e6,c8e6,c8e6,241.0,0.0467,0.011,True,elite,03_elite_b3,2661,2716,2716,True,False,3,0.6484,0.0501
7r/5k2/5p1b/p1pp3p/Pp2b2N/1P5P/1P6/3K1RR1 b - - 3 30,60,e1324,f7e6,247,6,f7e6,0.026,0.0299,0.0315,0.0384,h6g5,h6g5,h6g5,h6g5,635.0,0.0384,0.0124,True,elite,03_elite_b3,2661,2716,2716,True,False,0,0.6079,0.2855
2kr3r/1ppnbb1p/p2q1pp1/2pP4/2P1P3/P3BN2/1P1N1RPP/R2Q2K1 b - - 0 18,36,e1328,h8e8,-133,15,d8f8,0.0215,0.0092,0.0072,0.0178,d7e5,d7e5,d7e5,d7e5,138.0,0.0215,-0.0037,True,elite,03_elite_b3,2542,2576,2576,False,True,2,0.6499,0.055
2kr2r1/p2np2p/1p4pb/1RpP1p2/q1P1pN1P/6B1/2P2PP1/1RQ3K1 b - - 2 24,48,e1329,a7a6,-82,84,a7a6,0.0118,0.0101,0.0077,0.0072,a4c4,a4c4,a4c4,a4c4,417.0,0.0118,-0.0046,True,elite,03_elite_b3,2998,2840,2840,True,False,2,0.5373,0.0225
2kr2r1/3np2p/pp4pb/3P1p2/qpP1pN1P/6B1/2P2PP1/R1Q3K1 b - - 1 26,52,e1329,e7e5,-31,178,e7e5,0.0078,0.0065,0.0056,0.0053,a4a1,a4a1,a4a1,a4a1,236.0,0.0078,-0.0025,True,elite,03_elite_b3,2998,2840,2840,True,False,6,0.4274,0.1232
2rq1rk1/p4ppp/1p6/3n4/1b1RN3/1P3PP1/PQ2BP1P/R5K1 b - - 0 18,36,e1332,b4e7,-374,31,f7f5,0.0224,0.0218,0.0168,0.0159,b4c3,b4c3,b4c3,b4c3,122.0,0.0224,-0.0065,True,elite,03_elite_b3,2448,2629,2629,False,True,6,0.6582,0.1143
2bq1rk1/1pp3b1/n2p4/1N1Pp2p/1PP1Ppp1/3Q2P1/3B1PBP/R5K1 b - - 2 22,44,e1337,d8f6,64,18,h5h4,0.0065,0.0084,0.0111,0.0222,f4f3,f4f3,f4f3,f4f3,213.0,0.0222,0.0157,True,elite,03_elite_b3,2588,2556,2556,False,True,2,0.5885,0.1903
1n4qr/Rp4b1/3P2k1/3Qp3/1P2P1p1/5pP1/5P2/4BBK1 b - - 5 34,68,e1337,b8c6,-283,38,g8h7,0.0209,0.0215,0.0237,0.0314,g8h7,g8h7,g8h7,g8h7,257.0,0.0314,0.0105,True,elite,03_elite_b3,2588,2556,2556,False,True,6,0.5155,0.0779
r1b2rk1/1pq1bppp/p2ppn2/2n3B1/3NPP2/2NB1Q2/PPP3PP/1K1RR3 b - - 10 12,24,e1339,h7h6,-89,24,c5d3,0.0303,0.0254,0.0204,0.0169,b7b5,b7b5,b7b5,b7b5,107.0,0.0303,-0.0134,True,elite,03_elite_b3,2525,2389,2389,False,True,3,0.7317,0.1209
r1br2k1/1pq1bppp/p2ppn2/5PB1/3NP3/2NQ4/PPP3PP/1K1RR3 b - - 0 14,28,e1339,d8e8,-104,11,b7b5,0.0042,0.003,0.0024,0.0029,e6e5,e6e5,e6e5,e6e5,216.0,0.0042,-0.0013,True,elite,03_elite_b3,2525,2389,2389,False,True,2,0.6681,0.013
r1br2k1/2q1b1pp/p2ppn2/1p4B1/3NP3/2N4Q/PPP3PP/1K1RR3 b - - 1 16,32,e1339,d8e8,-34,29,b5b4,0.0077,0.0061,0.004,0.0034,e6e5,e6e5,e6e5,e6e5,115.0,0.0077,-0.0043,True,elite,03_elite_b3,2525,2389,2389,False,True,2,0.6586,0.1236
8/pb3pk1/2pp1npp/4r3/8/1PNB1P1P/1PPK2P1/3R4 b - - 1 26,52,e1341,a7a5,-55,20,g7f8,0.0304,0.0315,0.0307,0.0278,d6d5,f6h5,f6h5,f6h5,164.0,0.0315,-0.0026,True,elite,03_elite_b3,2450,2532,2532,False,True,5,0.6126,0.094
R1b1rk2/5p2/1p1p1npp/1Bp5/8/2N2P1P/1PPK2P1/8 b - - 3 32,64,e1341,c8b7,28,25,c8d7,0.016,0.0087,0.0056,0.006,e8d8,e8d8,e8d8,e8d8,258.0,0.016,-0.01,True,elite,03_elite_b3,2450,2532,2532,False,True,5,0.5294,0.0759
r1bqr1k1/ppp2pbp/5np1/1Nn1p3/5P2/2N1BB2/PPP3PP/R2Q1RK1 b - - 1 12,24,e1342,f6d7,93,76,c5e6,0.0406,0.0375,0.0342,0.0334,d8d1,d8d1,d8d1,d8d1,115.0,0.0406,-0.0072,True,elite,03_elite_b3,2620,2721,2721,False,True,3,0.6437,0.0009
r6r/1R4pp/pBpQ1b2/5k2/2P5/8/PP4P1/7K b - - 0 32,64,e1345,h8d8,-632,51,h8e8,0.0347,0.0292,0.0244,0.0221,h8e8,h8e8,h8e8,h8e8,143.0,0.0347,-0.0126,True,elite,03_elite_b3,2519,2327,2327,False,True,1,0.8224,0.3665
r1q2b1r/p2k4/2p1p2p/3ppbpB/P2P4/1QP1PN2/5PPP/R3K2R b KQ - 2 18,36,e1346,f8g7,-57,13,e5d4,0.023,0.0292,0.0295,0.0322,a8b8,a8b8,e5e4,e5e4,149.0,0.0322,0.0092,True,elite,03_elite_b3,2599,2401,2401,False,True,2,0.5466,0.0615
2r4k/1p1r3p/p6B/4Rp2/4n3/PB5P/5PPK/8 b - - 0 34,68,e1348,d7d3,-18,16,d7d3,0.0292,0.0289,0.0295,0.0304,e4f2,e4f2,e4f2,e4f2,111.0,0.0304,0.0012,True,elite,03_elite_b3,2667,2543,2543,True,False,5,0.4497,0.0906
r5k1/pbq2ppn/2p2P2/1pb1p1P1/4P3/P1Nr1NQ1/1P1B2K1/R4R2 b - - 2 24,48,e1353,c7d7,-2,43,a8d8,0.0135,0.0142,0.0159,0.019,g7g6,g7g6,g7g6,g7g6,394.0,0.019,0.0055,True,elite,03_elite_b3,2360,2504,2504,False,True,6,0.6102,0.0566
3r1nk1/pbq2pp1/2p2P2/1pb1p1P1/4P3/P1Nr1NQ1/1P4K1/R1B4R b - - 6 26,52,e1353,d3d1,-480,1,f8g6,0.0043,0.0024,0.0016,0.0013,g7g6,g7g6,f8g6,f8g6,1510.0,0.0043,-0.003,True,elite,03_elite_b3,2360,2504,2504,False,True,2,0.4839,0.0124
r1b1kb1r/pp1np1pp/3p2p1/q1pP2N1/4P3/1R6/P1PN1PP1/3QKB1R b Kkq - 2 12,24,e1354,a7a6,-180,28,h7h6,0.0103,0.0172,0.0198,0.0219,d7e5,h7h6,d7f6,d7f6,191.0,0.0219,0.0116,True,elite,03_elite_b3,2523,2583,2583,False,True,6,0.6338,0.0994
1r5r/2k2Pp1/Q4b1p/2qp4/5p2/1RPR4/P1KN2P1/8 b - - 1 30,60,e1354,f6e7,-304,8,b8b3,0.0075,0.0055,0.005,0.0052,b8b3,b8b3,b8b3,b8b3,138.0,0.0075,-0.0023,True,elite,03_elite_b3,2523,2583,2583,False,True,5,0.6216,0.0389
6k1/pppb2pp/4p2q/4Pr2/2PP1r2/6Q1/P5BP/2RR3K b - - 0 24,48,e1356,f4d4,326,5,f4d4,0.0009,0.0005,0.0005,0.0006,f5g5,f5g5,f5g5,f5g5,868.0,0.0009,-0.0003,True,elite,03_elite_b3,2474,2610,2610,True,False,0,0.6995,0.1497
6k1/pB1b2pp/2p1p2q/2P1Pr2/3r4/6Q1/P6P/2RR3K b - - 0 26,52,e1356,d4d2,330,11,h6f4,0.0283,0.028,0.0324,0.0423,d4d1,d4d1,d4d1,d4d1,149.0,0.0423,0.014,True,elite,03_elite_b3,2474,2610,2610,False,True,0,0.6679,0.0321
6rr/3bkp2/1q2p3/4P3/1p3Q2/1N1B4/PpP4P/1K1R4 b - - 0 30,60,e1359,h8h5,-40,26,f7f5,0.0203,0.0216,0.0245,0.0291,g8g1,g8g1,g8g1,g8g1,475.0,0.0291,0.0088,True,elite,03_elite_b3,2519,2424,2424,False,True,5,0.4453,0.0602
6rr/3b1k2/1q2pPB1/8/1p3Q2/1N6/PpP4P/1K1R4 b - - 2 32,64,e1359,f7g6,-556,151,f7g6,0.0375,0.0263,0.0198,0.0227,g8g6,g8g6,g8g6,g8g6,248.0,0.0375,-0.0148,True,elite,03_elite_b3,2519,2424,2424,True,False,6,0.6032,0.1553
3br1k1/5p1p/1pp2P1B/p1n5/P3r3/2Q5/1PP3PP/5R1K b - - 4 26,52,e1361,g8h8,-387,11,e4g4,0.0153,0.0243,0.0359,0.0466,c5a4,c5a4,c5a4,c5a4,1610.0,0.0466,0.0313,True,elite,03_elite_b3,2451,2542,2542,False,True,6,0.6756,0.0792
r3k2r/pp3pp1/2p1pnb1/5q1p/8/2PBBP2/PP1Q2PP/2KRR3 b kq - 5 18,36,e1362,f5d3,75,125,f5d3,0.0066,0.0058,0.0052,0.0061,f5a5,f5a5,f5a5,f5a5,125.0,0.0066,-0.0005,True,elite,03_elite_b3,2544,2601,2601,True,False,0,0.4772,0.0139
1r1qkb1r/1p2nppp/p2p1n2/3Pp3/P1N3P1/8/1PP2P1P/R1BQKB1R b KQk - 0 12,24,e1363,h7h6,-78,8,d8c7,0.0374,0.0399,0.0339,0.0291,e7d5,e7d5,e7d5,e7d5,246.0,0.0399,-0.0083,True,elite,03_elite_b3,2462,2548,2548,False,True,3,0.6528,0.0154
r4rk1/2q1nppp/pp2p3/2p1P3/P6P/2P2QN1/1P3PP1/4RBK1 b - - 2 22,44,e1364,c5c4,206,76,e7c6,0.0468,0.0364,0.0312,0.0399,e7g6,e7g6,e7g6,e7g6,150.0,0.0468,-0.0069,True,elite,03_elite_b3,2725,2650,2650,False,True,2,0.4739,0.0031
8/2qN1kp1/1p2p2p/1Bp1np1P/P4Q2/2P3R1/1rr2PPK/8 b - - 3 34,68,e1364,c2e2,263,300,e5g4,0.0463,0.0391,0.0365,0.0414,c2f2,c2f2,c2f2,c2f2,597.0,0.0463,-0.0049,True,elite,03_elite_b3,2725,2650,2650,False,True,6,0.4679,0.045
r3nrk1/pppq2bp/n2p2b1/3Pp1N1/2P3B1/2N1B2R/PP3PP1/R2QK3 b Q - 10 16,32,e1367,f8f5,-339,44,g6f5,0.0048,0.0044,0.0039,0.0029,d7e7,d7e7,d7e7,d7e7,172.0,0.0048,-0.0019,True,elite,03_elite_b3,2579,2550,2550,False,True,6,0.7144,0.1921
6rk/2Q2p1p/1P2p3/4np2/3q4/2N5/1P2B2P/1K6 b - - 0 32,64,e1369,f7f6,184,2,f7f6,0.007,0.0053,0.0047,0.0048,g8g1,g8g1,g8g1,g8g1,115.0,0.007,-0.0022,True,elite,03_elite_b3,2528,2701,2701,True,False,0,0.4797,0.1261
r1bqkb1r/1p1n1pp1/p4n1p/4P3/3p3B/2N5/PPP1Q1PP/2KR1B1R b kq - 0 12,24,e1370,f8e7,-61,15,f8e7,0.0328,0.0412,0.0355,0.0168,d4c3,d4c3,g7g5,g7g5,463.0,0.0412,-0.016,True,elite,03_elite_b3,2617,2640,2640,True,False,6,0.5716,0.0516
2r1k2r/1p2bp2/p3bp1p/3q4/2PpN3/P7/1P2Q1PP/1K1R1B1R b k - 2 18,36,e1370,d5e5,128,10,d5e5,0.0349,0.0274,0.0257,0.0305,c8c4,c8c4,c8c4,c8c4,128.0,0.0349,-0.0044,True,elite,03_elite_b3,2617,2640,2640,True,False,0,0.6531,0.1693
2rq1rk1/pp2bppp/4pn2/n2p4/P2P4/2P3P1/1P1N1P1P/R1BQRBK1 b - - 6 14,28,e1371,h7h6,-46,6,a7a6,0.0109,0.0095,0.0105,0.0114,a5c4,a5c4,a5c4,a5c4,102.0,0.0114,0.0005,True,elite,03_elite_b3,2636,2415,2415,False,True,3,0.6262,0.0369
r1b2rk1/pp2b1pp/nq2p3/1N1pN1P1/P1pPpB1P/2P1P3/1P3P2/R2QK2R b KQ - 1 14,28,e1372,f8f5,-193,128,a6b8,0.034,0.0244,0.0177,0.0096,a6c7,a6c7,a6c7,a6c7,248.0,0.034,-0.0244,True,elite,03_elite_b3,2691,2734,2734,False,True,6,0.6303,0.0132
r1b3k1/1p1nbNB1/1q2p1P1/1p1p1r2/P1pPp1QP/2P1P3/1P3P2/R3K2R b KQ - 0 20,40,e1372,b5a4,-195,55,g8g7,0.0074,0.0049,0.0048,0.0094,g8g7,g8g7,g8g7,g8g7,274.0,0.0094,0.002,True,elite,03_elite_b3,2691,2734,2734,False,True,6,0.6364,0.2414
r1b1knQQ/1p2br2/1q2p3/3p4/p1pPp1Q1/2P1P3/1P3P2/R3K2R b KQ - 0 26,52,e1372,f7f5,-695,42,b6b2,0.0014,0.0011,0.0008,0.0008,b6b2,b6b2,b6b2,b6b2,1300.0,0.0014,-0.0006,True,elite,03_elite_b3,2691,2734,2734,False,True,6,0.4333,0.0639
2k5/pp4Pp/2p5/2n4N/6P1/7P/bBP1r3/2KR4 b - - 0 26,52,e1373,b7b5,-303,7,a7a5,0.0373,0.0212,0.0149,0.016,e2e8,e2e8,e2e8,e2e8,127.0,0.0373,-0.0213,True,elite,03_elite_b3,2673,2566,2566,False,True,6,0.5896,0.0301
3rr1k1/1pq2pp1/2pp1bn1/7p/2P4P/1PN1P1P1/PB1Q1PK1/3R1R2 b - - 1 22,44,e1375,c7c8,-71,50,c7d7,0.0287,0.0366,0.044,0.0495,g6e5,g6e5,g6e5,g6e5,109.0,0.0495,0.0208,True,elite,03_elite_b3,2624,2341,2341,False,True,2,0.5817,0.0845
r4rk1/3nbppp/2pqp3/p5P1/1p1P3P/P2Q3R/1PPB1PB1/R3K3 b Q - 1 18,36,e1379,f8d8,-47,20,f8d8,0.0049,0.0092,0.0199,0.047,b4a3,b4a3,b4a3,b4a3,148.0,0.047,0.0421,True,elite,03_elite_b3,3048,3002,3002,True,False,2,0.5647,0.0598
6k1/2r2pp1/6P1/8/nppb4/5B1R/1PP1KP2/2B5 b - - 0 32,64,e1379,c7c5,-37,38,c7c5,0.0014,0.0006,0.0004,0.0004,f7g6,f7g6,f7g6,f7g6,243.0,0.0014,-0.001,True,elite,03_elite_b3,3048,3002,3002,True,False,5,0.5228,0.1255
8/7k/pbb3qp/1p1B1p2/1P6/P3P1P1/1B3P1P/3Q2K1 b - - 2 28,56,e1382,f5f4,-490,8,f5f4,0.0247,0.0244,0.0289,0.0377,g6d6,g6d6,g6d6,g6d6,582.0,0.0377,0.013,True,elite,03_elite_b3,2553,2658,2658,True,False,1,0.614,0.0055
2r5/1pn1p1k1/p1np2p1/q5Np/P4r1P/2N5/1PP1Q1P1/2KR3R b - - 0 26,52,e1384,f4h4,254,122,c8f8,0.0284,0.01,0.0036,0.0014,c8f8,c8f8,a5e5,a5e5,119.0,0.0284,-0.027,True,elite,03_elite_b3,2545,2592,2592,False,True,0,0.5491,0.0718
3r1rk1/p2nbppp/2B1p3/2n5/PpN5/1P4P1/1BbNPP1P/R1R3K1 b - - 4 18,36,e1387,d7b8,65,82,c2b3,0.0028,0.0021,0.002,0.0031,c2b3,c2b3,c2b3,c2b3,105.0,0.0031,0.0003,True,elite,03_elite_b3,2535,2578,2578,False,True,2,0.5998,0.1269
3r2bk/3Bq1p1/1R1n3p/p1P5/3Qp3/P1PpP1P1/5PP1/4R1K1 b - - 0 34,68,e1388,d6b5,-291,82,d6c8,0.012,0.0093,0.0078,0.0071,d6c4,d6c4,d6c4,d6c4,308.0,0.012,-0.0049,True,elite,03_elite_b3,2438,2606,2606,False,True,6,0.522,0.068
8/5pk1/4p2p/p2r3P/1p1N3R/5P2/P4KP1/3b4 b - - 1 32,64,e1390,d1c2,407,53,a5a4,0.0198,0.016,0.0128,0.011,a5a4,a5a4,a5a4,a5a4,155.0,0.0198,-0.0088,True,elite,03_elite_b3,2571,2749,2749,False,True,4,0.5963,0.003
4r1k1/1pq2bp1/2pb1pp1/3p4/1P1P1N2/2P1BP1P/3Q2P1/R5K1 b - - 0 28,56,e1393,e8e3,315,247,e8e3,0.0146,0.019,0.02,0.0183,g6g5,g6g5,g6g5,g6g5,246.0,0.02,0.0037,True,elite,03_elite_b3,2434,2527,2527,True,False,2,0.4588,0.0292
r3r1k1/1p3bbp/1qpp1pp1/p1n5/1nP1P3/1P2NPN1/PB4PP/1BQR1R1K b - - 3 20,40,e1394,b6d8,-233,14,a5a4,0.0088,0.0105,0.0079,0.0042,a8d8,a8d8,a8d8,a8d8,140.0,0.0105,-0.0046,True,elite,03_elite_b3,2537,2730,2730,False,True,6,0.6756,0.0226
2r3k1/5p2/R1n5/2pp1qN1/6nQ/2RP4/6B1/6K1 b - - 2 30,60,e1396,f5f4,-269,73,c6d4,0.0119,0.0084,0.0059,0.0051,c6d4,c6d4,c6e5,c6e5,123.0,0.0119,-0.0068,True,elite,03_elite_b3,2591,2639,2639,False,True,7,0.611,0.2133
2rq1rk1/1b2ppbp/p2p2p1/1pn2P1n/4P2P/PPNB1N2/1BP1Q1P1/2KR3R b - - 0 14,28,e1397,d8c7,385,70,h5g3,0.0108,0.0129,0.0181,0.03,h5g3,h5g3,h5g3,h5g3,113.0,0.03,0.0192,True,elite,03_elite_b3,2339,2628,2628,False,True,4,0.5648,0.0542
2r2r1k/1b2pp1p/p2p3Q/1p3pRP/1P2P3/P1NP4/1B3qP1/1K6 b - - 0 26,52,e1397,f2b2,-617,243,f2d4,0.0057,0.0094,0.0146,0.0239,f2f1,f2e1,f2e1,f7f6,1382.0,0.0239,0.0182,True,elite,03_elite_b3,2339,2628,2628,False,True,6,0.56,0.2307
r3k1nr/pp2qp1p/2p3p1/2p1b3/4P3/2NP1QPP/PPP5/R1B2RK1 b kq - 1 12,24,e1399,h7h5,-70,10,e8c8,0.0264,0.0273,0.0283,0.0485,e8c8,e8c8,e8c8,e8c8,149.0,0.0485,0.0221,True,elite,03_elite_b3,2420,2511,2511,False,True,2,0.6387,0.0667
1q2r1k1/5pbp/3p2p1/1NpP4/Q4PP1/4n1BP/6B1/4R1K1 b - - 2 26,52,e1401,e8e7,-314,8,e3g2,0.0297,0.0368,0.0389,0.0386,g7d4,g7d4,g7d4,g7d4,143.0,0.0389,0.0089,True,elite,03_elite_b3,2515,2484,2484,False,True,7,0.6836,0.193
rnbqr1k1/pp2b1p1/2p2nP1/3p1pQ1/2PPpB2/2N3P1/PP2PPB1/R3K2R b KQ - 4 14,28,e1404,e7d6,-44,118,c8e6,0.0347,0.0349,0.0344,0.0322,f6h7,b8d7,c8e6,c8e6,192.0,0.0349,-0.0025,True,elite,03_elite_b3,2720,2597,2597,False,True,6,0.6475,0.1538
3rr1k1/1b4pp/5p2/1pq5/8/2P1NP1P/1P1pRQP1/R5K1 b - - 1 32,64,e1405,e8e3,449,80,e8e3,0.0214,0.0242,0.0262,0.0255,b5b4,b5b4,b5b4,d8d3,611.0,0.0262,0.0041,True,elite,03_elite_b3,2527,2525,2525,True,False,0,0.6432,0.2244
4NR2/7k/ppn1p1pp/2pr4/7Q/1PP3R1/P2q2PP/6K1 b - - 0 30,60,e1406,d5f5,-441,156,d5f5,0.0207,0.0151,0.0127,0.0124,d2e1,d2e1,d2e1,d2e1,353.0,0.0207,-0.0083,True,elite,03_elite_b3,2447,2505,2505,True,False,7,0.5856,0.1559
rn3r2/pbp2ppk/1p2p3/8/2PP2Nq/4Q1R1/PP3P1P/2KR4 b - - 1 18,36,e1407,b7e4,-515,15,h7g8,0.0007,0.0008,0.0009,0.0009,f7f5,f7f5,f7f5,f7f5,227.0,0.0009,0.0002,True,elite,03_elite_b3,2683,2309,2309,False,True,6,0.7275,0.2693
r4rk1/pbpn1p2/1p2p1p1/8/2PP2N1/6RQ/PP3P1P/2K5 b - - 2 22,44,e1407,a7a5,-661,0,c7c5,0.0077,0.0042,0.0019,0.001,g8g7,g8g7,g8g7,g8g7,1336.0,0.0077,-0.0067,True,elite,03_elite_b3,2683,2309,2309,False,True,6,0.7024,0.0053
2k5/pp6/2n1p1r1/2NpP2Q/1P1p4/q2P4/6PP/5R1K b - - 0 32,64,e1408,a3b4,-534,82,g6g8,0.0371,0.0219,0.0154,0.0126,g6g8,g6g8,g6g8,g6g8,316.0,0.0371,-0.0245,True,elite,03_elite_b3,2618,2469,2469,False,True,6,0.6799,0.0379
r1b2rk1/pp2q1pp/5p2/2pp1p2/3PnP2/2P1PN2/PP1N2PP/R2Q1RK1 b - - 1 16,32,e1409,e4d6,95,58,b7b6,0.0042,0.0048,0.0056,0.007,c5d4,c5d4,c5d4,c8d7,104.0,0.007,0.0028,True,elite,03_elite_b3,2482,2500,2500,False,True,2,0.5663,0.0606
r5k1/3rq1pp/1pR2p2/p2p4/3PpP2/3bP3/PP1N2PP/2RQ2K1 b - - 7 26,52,e1409,a5a4,-92,4,a8b8,0.0101,0.0062,0.0046,0.0056,b6b5,b6b5,b6b5,b6b5,103.0,0.0101,-0.0045,True,elite,03_elite_b3,2482,2500,2500,False,True,5,0.6071,0.0696
1r6/3rq1kp/2R2pp1/2Rp4/pp1PpPQ1/P2bP1NP/1P4P1/6K1 b - - 1 32,64,e1409,g7f7,-303,53,b4a3,0.0145,0.023,0.0317,0.0422,b4a3,b4a3,b4a3,b4a3,338.0,0.0422,0.0277,True,elite,03_elite_b3,2482,2500,2500,False,True,6,0.6707,0.1274
rn2kb1r/1bp1p1pp/p3p3/1p4N1/P1pP4/2P5/4BPqP/R1BQKR2 b Qkq - 1 12,24,e1417,b8d7,-42,32,b8d7,0.0229,0.0253,0.0273,0.0293,g2h2,g2h2,g2h2,g2d5,417.0,0.0293,0.0064,True,elite,03_elite_b3,2747,2610,2610,True,False,3,0.5915,0.2911
r3kb1r/pp3ppp/2b1p3/2P3N1/1P2p3/2PnK3/P4PPP/R1B2B1R b kq - 9 14,28,e1420,a8d8,165,106,f7f5,0.0338,0.024,0.017,0.0128,d3c1,d3c1,d3c1,d3c1,118.0,0.0338,-0.021,True,elite,03_elite_b3,2544,2543,2543,False,True,3,0.5272,0.0704
r2R1rk1/pp3ppp/2n1b3/1N2b3/1PB1p3/P3n3/5PPP/1NBQK2R b K - 0 14,28,e1425,f8d8,324,7,e3d1,0.0114,0.0064,0.0045,0.0034,e3d1,e3d1,e3d1,e3d1,628.0,0.0114,-0.008,True,elite,03_elite_b3,2414,2521,2521,False,True,7,0.522,0.1917
r7/1p1n1kp1/2p2p2/1p1p3P/1PnP4/P1PN1PK1/4R3/2B5 b - - 0 34,68,e1426,c4b6,51,7,a8e8,0.0051,0.0043,0.0038,0.005,c4a3,c4a3,c4a3,c4a3,443.0,0.0051,-0.0001,True,elite,03_elite_b3,2541,2511,2511,False,True,2,0.4126,0.0257
3rr1k1/2q2ppp/4p1P1/2bn3P/1p6/pP3Q1B/P1PBRP2/4R1K1 b - - 2 24,48,e1428,d8d6,-31,54,e6e5,0.0012,0.0008,0.0005,0.0003,h7g6,h7g6,h7g6,h7g6,142.0,0.0012,-0.0009,True,elite,03_elite_b3,2544,2574,2574,False,True,2,0.6089,0.0716
2rr2k1/4bppp/p3pn2/1p1q4/3N1B2/2P2QP1/PP3PKP/3RR3 b - - 6 22,44,e1431,b5b4,34,13,d5f3,0.0084,0.0043,0.0028,0.0027,d5a2,d5a2,d5a2,d5a2,347.0,0.0084,-0.0057,True,elite,03_elite_b3,2593,2451,2451,False,True,2,0.509,0.0332
1k2r3/1p6/p3q2b/2pRpp2/2Q3p1/2P3P1/PP3P1P/3R2K1 b - - 1 30,60,e1432,h6g5,-399,29,e8c8,0.0148,0.0169,0.0173,0.0169,f5f4,h6f8,h6f8,h6f8,202.0,0.0173,0.0021,True,elite,03_elite_b3,2504,2644,2644,False,True,1,0.6553,0.0502
1kr5/1p6/p2Rq2b/2p2p2/4p1p1/1PP1Q1P1/P4P1P/3R2K1 b - - 3 34,68,e1432,e6d6,0,461,e6d6,0.0195,0.0128,0.0093,0.0089,h6e3,h6e3,h6e3,h6e3,470.0,0.0195,-0.0106,True,elite,03_elite_b3,2504,2644,2644,True,False,5,0.524,0.1083
3r1r2/R5nk/1p3qpp/5p2/P2P4/5Q1P/BP4P1/4R1K1 b - - 0 28,56,e1433,d8e8,-112,13,f6d4,0.0119,0.0069,0.0038,0.0026,f6d4,f6d4,f6d4,f6d4,107.0,0.0119,-0.0093,True,elite,03_elite_b3,2725,2607,2607,False,True,5,0.5337,0.1655
6k1/5pb1/7p/BN4p1/P2P4/1r3P1P/5PK1/8 b - - 0 32,64,e1436,b3b2,112,10,b3b1,0.0288,0.03,0.0335,0.0441,b3d3,b3d3,b3d3,b3d3,190.0,0.0441,0.0153,True,elite,03_elite_b3,2429,2537,2537,False,True,5,0.4016,0.0519
2rq1rk1/1b2ppbp/p5p1/7P/1p1nP3/1P1B4/PB1Q2P1/1K1R2NR b - - 1 18,36,e1437,c8c3,150,43,d4b5,0.0033,0.0041,0.0058,0.0086,a6a5,a6a5,a6a5,a6a5,110.0,0.0086,0.0053,True,elite,03_elite_b3,2346,2613,2613,False,True,0,0.6297,0.1091
2rq1rk1/1b2ppb1/p5p1/8/4P2Q/1PpB4/P5P1/1K1R2NR b - - 1 22,44,e1437,d8d3,1987,1691,f8e8,0.0061,0.0064,0.0081,0.0123,c3c2,c3c2,c3c2,c3c2,2339.0,0.0123,0.0062,True,elite,03_elite_b3,2346,2613,2613,False,True,0,0.5307,0.1839
2r1r1k1/1b2ppb1/p5p1/q7/P3P2Q/1Pp5/2B3P1/1K1R2NR b - - 0 24,48,e1437,c8c4,525,111,a5b4,0.0071,0.0051,0.0033,0.0027,a5b4,a5b4,a5b4,a5b4,215.0,0.0071,-0.0044,True,elite,03_elite_b3,2346,2613,2613,False,True,0,0.6574,0.1651
3rk2r/ppp2pp1/4b2p/2p1Pn2/8/PPB2N1P/2P2PP1/3RR1K1 b - - 0 16,32,e1439,e6d5,14,8,f5e7,0.0276,0.0252,0.0149,0.0119,d8d1,e8e7,e8e7,e8e7,119.0,0.0276,-0.0157,True,elite,03_elite_b3,2525,2694,2694,False,True,2,0.5555,0.0661
r1bqkb1r/3n1ppp/p3pP2/1p6/8/2PB1N2/P4PPP/R1BQK2R b KQkq - 0 12,24,e1442,d7c5,144,18,d7f6,0.0008,0.0003,0.0002,0.0003,d7f6,d7f6,d7f6,d7f6,102.0,0.0008,-0.0005,True,elite,03_elite_b3,2461,2644,2644,False,True,3,0.6694,0.1306
8/1b4pB/p2kp1N1/3n4/P1r5/q1p5/4QPPP/4R1K1 b - - 6 26,52,e1442,c4c8,-82,4,a3a4,0.0082,0.0104,0.0146,0.0191,c3c2,c3c2,c3c2,c3c2,412.0,0.0191,0.0109,True,elite,03_elite_b3,2461,2644,2644,False,True,0,0.4756,0.0087
1r2k3/3n1p2/Q3pp1b/2p2q2/4N3/1P5P/P7/1K1RR3 b - - 2 24,48,e1443,b8d8,-356,39,d7e5,0.0234,0.0241,0.0212,0.0191,f5h3,f5h3,h6f8,h6f8,128.0,0.0241,-0.0043,True,elite,03_elite_b3,2446,2503,2503,False,True,6,0.5417,0.026
2r2r2/p3qpkp/4bpp1/1p6/1PnN3Q/8/P3BPPP/3RR1K1 b - - 5 22,44,e1446,f8e8,50,27,a7a6,0.0172,0.0217,0.0207,0.0202,e7b4,e7b4,e7b4,e7b4,348.0,0.0217,0.003,True,elite,03_elite_b3,2521,2471,2471,False,True,0,0.6323,0.0714
2r2r2/4qpkp/p3bp2/1p4p1/1PnN2B1/6Q1/P4PPP/3RR1K1 b - - 1 24,48,e1446,g7h8,-97,205,c4e5,0.0044,0.0056,0.0051,0.0039,c4e5,c4e5,c4e5,c4e5,284.0,0.0056,-0.0005,True,elite,03_elite_b3,2521,2471,2471,False,True,6,0.6295,0.0171
r3kbnr/pp3ppp/q1n1p3/4P3/2N1Q3/P4N2/1P3PPP/R1B1K2R b KQkq - 2 12,24,e1451,c6a5,-89,29,b7b5,0.0478,0.0329,0.0206,0.0179,f8b4,f8b4,f8b4,f8b4,290.0,0.0478,-0.0299,True,elite,03_elite_b3,2506,2546,2546,False,True,3,0.6518,0.0805
r3rbk1/2q2pp1/pn1p4/1p1bP2N/nP1B1P2/3N3P/2PQ2B1/3R1RK1 b - - 0 24,48,e1456,c7c4,-212,23,c7c4,0.0174,0.0122,0.0099,0.011,d5g2,d5g2,d5g2,d5g2,113.0,0.0174,-0.0064,True,elite,03_elite_b3,2609,2723,2723,True,False,6,0.7156,0.1389
2r2rk1/1p5p/p1b1p1p1/3qBpPn/3P4/7Q/PPB2PP1/R3R1K1 b - - 0 24,48,e1460,d5g2,-5,142,d5g2,0.0445,0.0269,0.0202,0.0194,f5f4,f8f7,f8f7,f8f7,250.0,0.0445,-0.0251,True,elite,03_elite_b3,2475,2616,2616,True,False,5,0.5785,0.0464
r1q2k1r/ppp1bppp/B1n5/8/Q4B2/5P2/PP3PPP/R3R1K1 b - - 3 14,28,e1461,g7g5,-295,53,h7h6,0.0152,0.0173,0.0264,0.0444,b7a6,b7a6,b7a6,b7a6,102.0,0.0444,0.0292,True,elite,03_elite_b3,2647,2648,2648,False,True,6,0.6876,0.1164
8/2k3pp/2p1bp2/1p2r3/2p1P3/P1N1K2P/1PP1R1P1/8 b - - 3 32,64,e1462,e6d7,0,0,c7b6,0.0047,0.005,0.0055,0.0076,f6f5,f6f5,f6f5,f6f5,125.0,0.0076,0.0029,True,elite,03_elite_b3,2542,2488,2488,False,True,5,0.4853,0.0849
r5k1/2q3pp/pRp3n1/2Ppp3/2P5/P2P2P1/3NQ2P/6K1 b - - 0 26,52,e1465,a8f8,-3,21,a6a5,0.0405,0.0375,0.0339,0.031,d5d4,d5d4,d5d4,d5d4,235.0,0.0405,-0.0095,True,elite,03_elite_b3,2526,2426,2426,False,True,5,0.5624,0.0145
r2qkb1r/pp1bpp1p/2np1p2/8/2BNP3/2N5/PPP2PPP/R2QK2R b KQkq - 1 8,16,e1466,h7h5,-5,8,h7h5,0.0018,0.0019,0.0032,0.0094,c6d4,f8g7,f8g7,f8g7,177.0,0.0094,0.0076,True,elite,03_elite_b3,2526,2381,2381,True,False,3,0.716,0.2404
r3kb1r/1p1bpp2/p2p1p2/q2NnN1p/4P3/1B6/PPP2PPP/R2Q1RK1 b kq - 5 12,24,e1466,d7c6,-121,19,a8c8,0.0253,0.0351,0.0431,0.049,e7e6,e7e6,e7e6,e7e6,232.0,0.049,0.0237,True,elite,03_elite_b3,2526,2381,2381,False,True,2,0.6785,0.0993
r1b2r1k/bpp1qp2/p1np2nB/4p3/PPB1P3/2PP1N1P/5PP1/R2Q1R1K b - - 0 16,32,e1469,f7f6,0,0,e7f6,0.0012,0.0009,0.0009,0.0013,f8g8,f8g8,f8g8,f8g8,375.0,0.0013,0.0001,True,elite,03_elite_b3,2674,2988,2988,False,True,6,0.5807,0.0438
6k1/p4pp1/2B1p1b1/R7/2P3P1/1P6/P2r1r2/K5R1 b - - 4 30,60,e1473,e6e5,111,7,g6d3,0.0233,0.0173,0.0132,0.0127,d2b2,d2b2,d2b2,d2b2,283.0,0.0233,-0.0106,True,elite,03_elite_b3,2642,2653,2653,False,True,0,0.4143,0.0201
6k1/5p2/4p3/R5p1/2P3P1/1P6/P4r2/KB1r1bR1 b - - 1 34,68,e1473,f2e2,97,15,f7f6,0.014,0.0109,0.0099,0.0105,f1d3,f1d3,f1d3,f1d3,673.0,0.014,-0.0035,True,elite,03_elite_b3,2642,2653,2653,False,True,0,0.4402,0.0327
2k3r1/pp3p2/2Pp4/7p/6np/2P2p2/PP3PP1/R2R2K1 b - - 1 24,48,e1476,g4e5,100,34,g4e5,0.03,0.0333,0.0343,0.0364,b7c6,b7c6,b7c6,f3g2,177.0,0.0364,0.0064,True,elite,03_elite_b3,2551,2418,2418,True,False,0,0.568,0.202
8/pk3p2/3p4/8/6np/2P2pr1/PP6/R3K2R b - - 3 30,60,e1476,g3g2,714,282,h4h3,0.0336,0.0369,0.0339,0.0341,f3f2,h4h3,h4h3,h4h3,271.0,0.0369,0.0005,True,elite,03_elite_b3,2551,2418,2418,False,True,4,0.7547,0.2529
2rq1rk1/1p1nbpp1/p1n1p1p1/2PpP3/8/P1P1BNNP/1P3PP1/R2QR1K1 b - - 0 16,32,e1477,d7e5,62,1,d7c5,0.0298,0.0288,0.0336,0.0468,e7c5,e7c5,e7c5,e7c5,103.0,0.0468,0.017,True,elite,03_elite_b3,2506,2616,2616,False,True,3,0.6799,0.0523
4k2r/p1r2pp1/1p2N2n/n2pP2Q/3P2P1/P1P1B3/4qP2/2R2RK1 b k - 0 24,48,e1483,c7c6,-208,123,c7e7,0.0313,0.0291,0.0293,0.0356,e2g4,e2g4,e2g4,e2g4,308.0,0.0356,0.0043,True,elite,03_elite_b3,2580,2453,2453,False,True,6,0.5946,0.1302
r6k/ppp4p/q3rp1P/3p2p1/2bB4/b1P2Q2/P1BK1PP1/4R2R b - - 1 26,52,e1486,a6d6,-524,24,a8f8,0.0134,0.0105,0.0098,0.0092,a8e8,a8e8,a8e8,a8e8,1473.0,0.0134,-0.0042,True,elite,03_elite_b3,2924,2508,2508,False,True,6,0.6497,0.1841
r2qr1k1/pp3ppp/3b4/8/3Npn2/1QP3Nb/PP3PP1/R3RBK1 b - - 1 18,36,e1488,e4e3,22,38,h3e6,0.0489,0.0281,0.0174,0.0104,h3g2,h3g2,h3g2,h3c8,167.0,0.0489,-0.0385,True,elite,03_elite_b3,2727,2758,2758,False,True,2,0.6009,0.0564
r7/3q2k1/3p2p1/pNpPr3/2B5/1P3Q1P/6P1/5RK1 b - - 3 34,68,e1489,d7e7,-232,156,d7e7,0.0314,0.0313,0.0377,0.0422,e5f5,e5f5,e5f5,e5f5,144.0,0.0422,0.0108,True,elite,03_elite_b3,2422,2530,2530,True,False,7,0.585,0.1263
2r1rk2/1b3ppQ/pq2pb2/1pn5/1P6/P1N1PN2/5PPP/1BRR2K1 b - - 0 18,36,e1490,f8e7,-281,40,c5a4,0.0064,0.0061,0.0057,0.0057,c5b3,c5b3,c5b3,c5b3,1717.0,0.0064,-0.0007,True,elite,03_elite_b3,2512,2564,2564,False,True,2,0.5616,0.0159
2rq1rk1/pp1b2p1/2n1pb1p/3p4/5P2/P2BB2N/1P1Q2PP/4RRK1 b - - 3 20,40,e1492,d8a5,181,25,c6d4,0.0176,0.016,0.0155,0.0203,d5d4,d5d4,d5d4,d5d4,137.0,0.0203,0.0027,True,elite,03_elite_b3,2650,2497,2497,False,True,2,0.5943,0.0678
r4rk1/pb2bppp/4p3/4N3/1n1P4/Rq3PP1/1B2Q2P/1B3RK1 b - - 1 20,40,e1501,b7a6,-124,206,b7a6,0.0049,0.0033,0.0021,0.0015,b3d5,b3d5,b3d5,b3d5,223.0,0.0049,-0.0034,True,elite,03_elite_b3,2498,2501,2501,True,False,2,0.4283,0.0441
rn1qkb1r/pp4p1/2p1pn1p/3bN3/2BP2P1/3Q1P2/PPP4P/R1B1K2R b KQ - 2 12,24,e1503,d8c7,-101,23,e8e7,0.004,0.005,0.0051,0.0039,d5c4,d5c4,b8d7,b8d7,194.0,0.0051,-0.0001,True,elite,03_elite_b3,2625,2587,2587,False,True,6,0.552,0.0942
5R2/p1k1r1p1/1np1p2p/P3P3/6P1/5P2/7P/1R4K1 b - - 4 34,68,e1503,b6c8,-482,30,b6c4,0.0326,0.0291,0.0251,0.0296,b6c4,b6c4,b6c4,b6c4,213.0,0.0326,-0.003,True,elite,03_elite_b3,2625,2587,2587,False,True,1,0.7088,0.1764
4rk2/1p2r1pp/2p2p2/p2p1b2/PqPPn3/1P1BRN1P/4RPP1/2Q3K1 b - - 5 28,56,e1505,f5e6,-5,0,g7g5,0.0013,0.0012,0.0011,0.0013,b4b3,b4b3,b4b3,b4b3,444.0,0.0013,0.0,True,elite,03_elite_b3,2972,2985,2985,False,True,2,0.5752,0.0967
r1b1rnk1/4bppp/2p5/qp1pB1PP/p2P4/2NBP3/PPQ2P2/2KR2R1 b - - 0 18,36,e1507,c8e6,-123,14,b5b4,0.0192,0.0194,0.0149,0.0135,b5b4,b5b4,b5b4,b5b4,199.0,0.0194,-0.0057,True,elite,03_elite_b3,2512,2458,2458,False,True,2,0.6155,0.0468
r1b1rnk1/4bppp/2p5/q2pB1PP/p2P4/1P1BP3/1PQ1NP2/2KR2R1 b - - 0 20,40,e1507,a4a3,74,91,a4b3,0.047,0.0275,0.0157,0.0101,a4b3,a4b3,a4b3,a4b3,125.0,0.047,-0.0369,True,elite,03_elite_b3,2512,2458,2458,False,True,2,0.6036,0.1114
r4nk1/4bppp/1rp1b3/q2pB1PP/3P4/2NBP3/1PQK1P2/3R2R1 b - - 6 24,48,e1507,b6b4,-86,30,f8d7,0.005,0.0049,0.0047,0.0043,e7b4,e7b4,e7b4,c6c5,225.0,0.005,-0.0007,True,elite,03_elite_b3,2512,2458,2458,False,True,2,0.561,0.0666
r2qr1k1/pbpp1ppp/1p3b2/8/P2PnB2/8/1PPN1PPP/R2QRBK1 b - - 0 14,28,orph_79911,c7c5,-26,15,c7c5,0.0246,0.0152,0.0078,0.0048,f6d4,f6d4,f6d4,f6d4,331.0,0.0246,-0.0198,True,elite,03_elite_b3,2980,2971,2971,True,False,3,0.6211,0.1526
8/p1p5/1r1k4/3b4/6P1/1P2R2B/P6P/2K5 b - - 0 34,68,e1514,b6b4,-269,36,b6b4,0.0349,0.0368,0.0403,0.0425,b6c6,b6c6,b6c6,b6c6,111.0,0.0425,0.0076,True,elite,03_elite_b3,2539,2403,2403,True,False,5,0.5944,0.2432
r2r4/1b2kp1B/p3pb1Q/6p1/Np1q4/8/PP4PP/4RR1K b - - 11 26,52,e1521,a8c8,285,24,d8h8,0.021,0.014,0.0122,0.0137,d8h8,d8h8,d8h8,d8h8,285.0,0.021,-0.0073,True,elite,03_elite_b3,2522,2432,2432,False,True,0,0.6767,0.1891
r4rk1/4qp1p/2N1p2Q/2npp3/1p6/p2P4/PP4PP/1K1RR3 b - - 1 22,44,e1522,e7h4,-601,45,e7e8,0.0019,0.0015,0.0016,0.0018,e7d6,e7d6,e7d6,e7d6,1393.0,0.0019,-0.0001,True,elite,03_elite_b3,2551,2451,2451,False,True,6,0.4976,0.1133
r3k2r/pp2bpp1/1np1pn1p/1P3b2/2P5/P1N2NP1/4PPBP/R1BR2K1 b kq - 0 12,24,e1526,f6e4,9,73,a8c8,0.0031,0.0018,0.0011,0.0011,b6c4,b6c4,b6c4,b6c4,128.0,0.0031,-0.002,True,elite,03_elite_b3,2611,2577,2577,False,True,3,0.6335,0.0171
1q2kb1r/1r3pp1/p2pp2p/8/b1B3Q1/2P5/1PNB2PP/1K1N3R b k - 0 22,44,e1530,h6h5,-126,28,d6d5,0.0206,0.0118,0.0091,0.0129,d6d5,d6d5,d6d5,d6d5,175.0,0.0206,-0.0077,True,elite,03_elite_b3,2515,2478,2478,False,True,7,0.6359,0.221
r1b2rk1/5pb1/3Q1np1/q5Np/1p2PN1P/pP3P2/P1P3P1/2KR1B1R b - - 2 18,36,e1533,a8a7,-123,131,c8b7,0.0218,0.0253,0.0269,0.0323,f6e8,f6e8,f6e8,f6e8,487.0,0.0323,0.0105,True,elite,03_elite_b3,2349,2608,2608,False,True,6,0.5731,0.0458
r4rk1/4p3/1q2N1p1/3PP3/1P2b3/1P3p2/p2Q4/K1R4R b - - 0 30,60,e1534,a8c8,-829,54,b6b8,0.0108,0.0101,0.0094,0.0086,f3f2,f3f2,f8f5,f8f5,1157.0,0.0108,-0.0022,True,elite,03_elite_b3,2701,2647,2647,False,True,6,0.6491,0.2133
5bk1/qb3ppp/p2p1n2/2N5/1P6/2N1QP1P/P1P3P1/3R2K1 b - - 1 24,48,e1535,b7c6,98,27,b7c6,0.0201,0.0146,0.0148,0.0257,d6c5,d6c5,d6c5,d6c5,129.0,0.0257,0.0056,True,elite,03_elite_b3,2725,2894,2894,True,False,0,0.4672,0.0398
5rk1/1b1q4/p2p2p1/1ppP2P1/P3P3/4Q1N1/1P4BK/8 b - - 2 34,68,e1539,d7e7,402,18,d7h7,0.0079,0.0092,0.0114,0.0159,d7h7,d7h7,d7h7,d7g4,130.0,0.0159,0.008,True,elite,03_elite_b3,2513,2533,2533,False,True,4,0.6929,0.1262
3q1rk1/1p1bpp2/3p1npQ/7p/p1r1P2P/P1N2P2/1PP3P1/1KNR3R b - - 1 18,36,e1542,c4c3,0,49,c4c3,0.0232,0.0254,0.031,0.0388,d8b6,d8b6,d8b6,b7b5,170.0,0.0388,0.0156,True,elite,03_elite_b3,2543,2502,2502,True,False,2,0.6004,0.1314
4r1k1/3q1ppp/p1P3b1/1p6/8/1B1P1Q1P/Pb1B1PP1/RN4K1 b - - 0 20,40,e1543,d7f5,-14,90,d7f5,0.0208,0.0219,0.0223,0.0255,d7d3,d7c7,d7c7,d7d3,641.0,0.0255,0.0047,True,elite,03_elite_b3,3016,3001,3001,True,False,7,0.5539,0.216
rn1q1rk1/pp3ppp/2p2n2/2b5/3pP1b1/3P1NP1/PP2NPBP/R1BQ1RK1 b - - 1 10,20,e1554,a7a5,-69,3,c5b6,0.0087,0.0072,0.005,0.0056,b8d7,b8d7,d8d7,d8d7,116.0,0.0087,-0.0031,True,elite,03_elite_b3,2591,2358,2358,False,True,3,0.721,0.0573
7r/4bppp/4p3/1k6/1nN1N3/6P1/P3PPKP/2R5 b - - 1 30,60,e1557,h8d8,-181,49,b4a2,0.016,0.0178,0.0258,0.0362,b4a2,b4a2,b4a2,b4a2,140.0,0.0362,0.0202,True,elite,03_elite_b3,2647,2666,2666,False,True,5,0.631,0.1177
rn1q1rk1/pp3ppp/5n2/5b2/2PN1b2/1PN3P1/PB2B2P/R2QK2R b KQ - 0 14,28,e1560,f6e4,-12,51,f6e4,0.0089,0.0075,0.0075,0.0069,f4e5,f4e3,f4e3,f4e3,472.0,0.0089,-0.002,True,elite,03_elite_b3,2704,2605,2605,True,False,6,0.527,0.0893
r1br4/1pq2p1p/p3pnkB/8/8/1BP2Q2/PP3PPb/R3R2K b - - 0 18,36,e1561,f6h5,-27,79,h2e5,0.0151,0.0134,0.0165,0.0202,g6h6,g6h6,g6h6,g6h6,1955.0,0.0202,0.0051,True,elite,03_elite_b3,2395,2523,2523,False,True,6,0.6018,0.2163
1b4k1/6p1/p3p3/1p1pq2p/2r4P/P1N1P1P1/1P2QP2/3RB1K1 b - - 0 28,56,e1563,a6a5,-440,7,c4h4,0.0151,0.005,0.0018,0.0011,c4h4,c4h4,c4h4,c4h4,134.0,0.0151,-0.014,True,elite,03_elite_b3,2577,2761,2761,False,True,1,0.7797,0.2059
rnqr2k1/pp3pbp/4b1p1/2Pp4/N3n3/BP1B1N2/P4PPP/R2Q1RK1 b - - 2 14,28,e1564,e6g4,273,66,g7a1,0.0168,0.0126,0.0097,0.01,g7a1,g7a1,g7a1,g7a1,234.0,0.0168,-0.0068,True,elite,03_elite_b3,2601,2539,2539,False,True,2,0.6289,0.0737
r1qr2k1/pp1n1p1p/4b1p1/2Pp4/N3n3/BP1B1N2/P4PPP/Q1R3K1 b - - 2 16,32,e1564,c8c7,56,3,e6g4,0.0425,0.044,0.0375,0.0306,d7f6,d7f6,d7f6,d7f6,140.0,0.044,-0.0119,True,elite,03_elite_b3,2601,2539,2539,False,True,2,0.5502,0.1029
3rnrk1/ppp2ppp/5b2/2Nb4/1P1P4/q3B3/P1Q2PPP/R3RBK1 b - - 2 18,36,e1567,a7a5,-43,106,a7a5,0.0016,0.0011,0.0012,0.0028,a3b4,a3b4,a3b4,a3b4,354.0,0.0028,0.0012,True,elite,03_elite_b3,2769,2765,2765,True,False,2,0.5237,0.0601
2Br2rk/pp3Q1p/1np3p1/8/4P3/2b5/PP4PP/5R1K b - - 0 24,48,e1568,c3g7,92,302,g8g7,0.013,0.0187,0.0249,0.0275,b6c8,b6c8,b6c8,b6c8,473.0,0.0275,0.0145,True,elite,03_elite_b3,2755,2727,2727,False,True,5,0.4751,0.0145
3r4/pp3Rrk/1np1B1p1/4b2p/4P3/1Q4P1/PP5P/7K b - - 2 28,56,e1568,d8d6,-241,54,d8d2,0.0368,0.0426,0.0479,0.0494,g7f7,g7f7,d8d2,d8d2,106.0,0.0494,0.0126,True,elite,03_elite_b3,2755,2727,2727,False,True,5,0.5319,0.0004
r1r5/3nk1pp/4p3/1p1P4/1q6/1P3Q1P/5PP1/1K1R1B1R b - - 0 22,44,e1569,b4a5,950,225,c8c3,0.0066,0.0051,0.0035,0.0025,c8c3,c8c3,c8c3,c8c3,950.0,0.0066,-0.0041,True,elite,03_elite_b3,2548,2582,2582,False,True,4,0.7409,0.2123
2rk4/6pp/3Pp3/1pn5/1q6/1P1B3P/Q4PP1/1K1R3R b - - 4 26,52,e1569,c5a4,-313,89,c5b3,0.0193,0.0255,0.0312,0.0323,c5b3,c5b3,c5b3,c5b3,117.0,0.0323,0.013,True,elite,03_elite_b3,2548,2582,2582,False,True,7,0.6107,0.1076
r2k4/6pB/3Pp3/1p6/1q6/1n5P/1Q3PP1/1K1R3R b - - 0 28,56,e1569,a8a3,-238,107,a8a1,0.0145,0.0131,0.0133,0.0135,a8a1,a8a1,a8a1,a8a1,119.0,0.0145,-0.001,True,elite,03_elite_b3,2548,2582,2582,False,True,7,0.5701,0.2025
r3r3/1b2kp1R/1p1pP1p1/2p5/P3P1n1/1PN2pN1/1B1K4/R4B2 b - - 0 28,56,e1574,e8h8,-594,2,e7e6,0.0379,0.0246,0.0202,0.0193,e7e6,e7e6,e7e6,e7e6,106.0,0.0379,-0.0186,True,elite,03_elite_b3,2356,2595,2595,False,True,1,0.7484,0.2319
3r2k1/pp2qpp1/8/6r1/P2pP3/1Q3PRp/1P1R3P/6K1 b - - 1 28,56,e1575,e7e5,514,174,g5g3,0.0324,0.035,0.0396,0.0425,g5g3,g5g3,g5g3,g5g3,347.0,0.0425,0.0101,True,elite,03_elite_b3,2518,2484,2484,False,True,0,0.6967,0.1065
1r1q1rk1/pbp1bpp1/4p2p/n2nP2P/2pPN3/P4N2/1PQ2PP1/2BRKB1R b K - 6 16,32,e1576,b7c6,-5,2,d8d7,0.0222,0.0143,0.0095,0.0073,b7a6,a5b3,a5b3,a5b3,135.0,0.0222,-0.0149,True,elite,03_elite_b3,2444,2542,2542,False,True,2,0.6808,0.1099
br3r1k/p1pq1pp1/4p2p/n1PnP2P/2p5/P4NR1/1PQ2PP1/2BRKB2 b - - 0 20,40,e1576,a8c6,-52,42,d7e7,0.017,0.0117,0.0093,0.0094,d7b5,d7b5,d7b5,d7b5,129.0,0.017,-0.0076,True,elite,03_elite_b3,2444,2542,2542,False,True,2,0.6035,0.0755
r4rk1/ppb3p1/2p2q1p/2PP1p1b/8/2N2N1P/PP3PP1/R2QR1K1 b - - 0 18,36,e1583,a8e8,-158,19,c7a5,0.0335,0.0203,0.0166,0.0175,c6d5,c6d5,a8d8,a8d8,123.0,0.0335,-0.016,True,elite,03_elite_b3,2659,2451,2451,False,True,5,0.5791,0.0203
3r4/3PR1pk/2p5/3bNp1p/p1p2K1P/2P2P2/P3r1P1/3R4 b - - 2 34,68,e1583,a4a3,-509,4,a4a3,0.0119,0.0112,0.014,0.0199,e2g2,e2g2,e2g2,e2g2,149.0,0.0199,0.008,True,elite,03_elite_b3,2659,2451,2451,True,False,1,0.7592,0.1086
5rk1/1b3pp1/pq2pb1p/1p2Nn1Q/8/P1P4P/1P2BPPB/3R2K1 b - - 0 24,48,e1585,f6h4,82,88,g7g6,0.0117,0.0101,0.0081,0.0065,f6e5,f6e5,f6e5,f6e5,103.0,0.0117,-0.0052,True,elite,03_elite_b3,2759,2632,2632,False,True,2,0.5383,0.0333
r1b2rk1/p2pbppp/2n5/2pQ4/2B2B2/2q1P3/P2N1PPP/3R1RK1 b - - 5 14,28,e1588,c3a3,-91,8,a7a5,0.0034,0.0024,0.0016,0.0016,c6b4,c6b4,c6b4,e7f6,427.0,0.0034,-0.0018,True,elite,03_elite_b3,2750,2711,2711,False,True,2,0.5578,0.0122
5k2/3Q1ppp/r1n2b2/p7/2N5/4P3/q4PPP/3R1RK1 b - - 0 24,48,e1588,c6a7,-539,36,a2c4,0.0004,0.0002,0.0001,0.0001,a2c4,a2c4,a2c4,a2c4,278.0,0.0004,-0.0003,True,elite,03_elite_b3,2750,2711,2711,False,True,6,0.608,0.0716
r3k1r1/pppbbp2/2nqp3/2P2p1N/3P4/3B1N2/1PQK1PP1/R6R b q - 0 18,36,e1597,e7g5,17,10,d6d5,0.0132,0.0106,0.008,0.0045,d6d5,d6d5,d6d5,d6d5,116.0,0.0132,-0.0087,True,elite,03_elite_b3,2505,2418,2418,False,True,6,0.4221,0.0203
8/1Rpr1k2/4pp2/5pq1/1Q1P4/3B4/1PK1RP2/8 b - - 0 32,64,e1597,g5g2,-704,34,g5f4,0.0163,0.0135,0.0114,0.0106,g5f4,g5f4,g5f4,g5f4,108.0,0.0163,-0.0057,True,elite,03_elite_b3,2505,2418,2418,False,True,1,0.8456,0.4563
r3r1k1/pb1p1p2/1p3b2/2q4p/P2Nn3/R3B3/1PP3PP/3QRBK1 b - - 2 22,44,orph_80872,e4d6,-53,1,e4g5,0.0164,0.0159,0.0161,0.0146,f6d4,f6d4,f6d4,f6d4,200.0,0.0164,-0.0018,True,elite,03_elite_b3,2972,2960,2960,False,True,2,0.57,0.0779
r3r1k1/pb1p1p2/1p6/3q3p/P2N3b/3RB2P/1PP1K2P/3QRB2 b - - 4 26,52,orph_80874,f7f5,-17,157,f7f5,0.0223,0.0181,0.0198,0.0247,h4e1,h4e1,h4e1,h4e1,293.0,0.0247,0.0024,True,elite,03_elite_b3,2972,2960,2960,True,False,7,0.6859,0.2215
r3r1k1/pb1R4/1p6/1N6/P6p/4p2P/1PP1Q2P/2K2B1q b - - 5 34,68,e1600,e8e4,0,617,e8e4,0.0056,0.0031,0.0019,0.0017,b7f3,b7f3,b7f3,b7f3,1996.0,0.0056,-0.0039,True,elite,03_elite_b3,2972,2960,2960,True,False,6,0.487,0.1339
4k2r/ppp2pp1/2p1b2p/4Pn2/8/2N2N2/PPPR1PPP/6K1 b - - 0 16,32,e1601,a7a6,-28,1,g7g5,0.0101,0.0138,0.0106,0.005,e8e7,e8e7,e8e7,e8e7,374.0,0.0138,-0.0051,True,elite,03_elite_b3,2853,2744,2744,False,True,2,0.5285,0.0261
1k1r3r/pp2qp2/1npb1pp1/3p3p/3Pb2P/3NPBP1/PPPN1P2/2KRRQ2 b - - 17 16,32,e1602,b6a4,130,57,h8e8,0.0481,0.0347,0.0297,0.0268,e4f3,f6f5,f6f5,h8e8,120.0,0.0481,-0.0213,True,elite,03_elite_b3,2566,2594,2594,False,True,2,0.6513,0.1397
r1q1nrk1/pp3pp1/1np1P2p/3p2Nb/3P4/1QN3PP/PP3PB1/R3R1K1 b - - 0 16,32,e1603,e8c7,-31,4,f7e6,0.0084,0.0052,0.0029,0.002,h6g5,h6g5,h6g5,h6g5,112.0,0.0084,-0.0064,True,elite,03_elite_b3,2645,2508,2508,False,True,2,0.4509,0.0839
rr4k1/2p1pNb1/2npPpp1/p7/3P1P2/2Q2R2/qBP3P1/2KR4 b - - 3 22,44,e1606,a5a4,314,65,b8b2,0.0324,0.0266,0.0207,0.018,b8b2,b8b2,b8b2,b8b2,323.0,0.0324,-0.0144,True,elite,03_elite_b3,2363,2584,2584,False,True,0,0.674,0.1439
r1bq1rk1/1p1nbppp/p1n1p3/2ppP3/P4B2/3P1NP1/1PP2PBP/RN1QR1K1 b - - 1 10,20,e1609,g7g5,82,91,a8b8,0.0145,0.0098,0.0098,0.014,f7f6,f7f6,b7b6,b7b6,125.0,0.0145,-0.0005,True,elite,03_elite_b3,2611,2706,2706,False,True,3,0.7236,0.2055
r3kb1r/1bq2ppp/p3p3/2p5/NP2nP2/4BB2/PP4PP/R2Q1RK1 b kq - 0 14,28,e1610,f8e7,-187,16,c5b4,0.0193,0.0185,0.0116,0.0071,c5b4,c5b4,c5b4,c5b4,220.0,0.0193,-0.0122,True,elite,03_elite_b3,2631,2495,2495,False,True,6,0.6599,0.0551
r1q2rk1/2pn1ppp/1pN1pn2/p2b4/1b1P1B2/5NP1/PPQ1PPBP/R2R2K1 b - - 7 16,32,e1612,f8e8,-94,3,f6h5,0.0266,0.0245,0.0257,0.0351,d5c6,d5c6,d5c6,d5c6,114.0,0.0351,0.0085,True,elite,03_elite_b3,2494,2530,2530,False,True,2,0.6448,0.0193
5rk1/r1p2pp1/1p1qpn1p/pQ1nN3/3P3P/P3P1P1/1PR2PB1/2R3K1 b - - 2 26,52,e1612,c7c5,-177,26,f8c8,0.0267,0.0161,0.0135,0.0141,f8c8,f8c8,f8c8,f8c8,310.0,0.0267,-0.0126,True,elite,03_elite_b3,2494,2530,2530,False,True,6,0.6574,0.048
r1b1kb1r/1p1p1np1/p1qPpp1p/8/1PB2BP1/P2Q1N1P/5P2/3RR1K1 b kq - 5 22,44,e1615,f7d6,-379,35,e8d8,0.0483,0.025,0.0099,0.0033,b7b5,b7b5,b7b5,b7b5,267.0,0.0483,-0.045,True,elite,03_elite_b3,2628,2577,2577,False,True,6,0.7678,0.191
r5k1/p1p1b1p1/Pp1np3/3p2P1/1P1PqP1r/2P1BR1p/7P/R4QNK b - - 2 28,56,e1619,e4f5,0,2,a8f8,0.0072,0.0045,0.0032,0.0029,d6f5,d6f5,d6f5,d6f5,273.0,0.0072,-0.0043,True,elite,03_elite_b3,3003,2951,2951,False,True,2,0.6144,0.0792
6k1/3b1pp1/2n1p3/3pP2Q/2pP1P2/2P3PP/qbB2R2/1N4K1 b - - 1 34,68,e1621,c6d4,-268,83,c6a5,0.0084,0.0092,0.0108,0.01,g7g6,g7g6,g7g6,g7g6,180.0,0.0108,0.0016,True,elite,03_elite_b3,2570,2426,2426,False,True,6,0.6087,0.1209
2Q4k/1p4p1/1b3q2/2p4p/3p1Nn1/6P1/1B3PBP/6K1 b - - 2 28,56,e1623,f6d8,-552,31,h8h7,0.0384,0.0375,0.0367,0.0395,h8h7,h8h7,h8h7,h8h7,157.0,0.0395,0.0011,True,elite,03_elite_b3,2588,2360,2360,False,True,1,0.8653,0.3831
r1bqkb1r/ppp2p1p/6p1/3pP3/1P3P2/3Q4/P1P3PP/RNB2RK1 b kq - 0 10,20,e1624,c7c6,95,35,c8f5,0.0209,0.0231,0.0326,0.0447,c8f5,c8f5,c8f5,f8b4,428.0,0.0447,0.0238,True,elite,03_elite_b3,2414,2512,2512,False,True,3,0.5983,0.1874
8/p3rp2/2k3pp/1Rp5/2P1P2P/4PK2/P5P1/8 b - - 2 30,60,e1626,e7e6,-66,25,e7e6,0.0188,0.0195,0.0173,0.0176,a7a6,a7a6,a7a6,a7a6,132.0,0.0195,-0.0012,True,elite,03_elite_b3,2509,2566,2566,True,False,5,0.621,0.3223
8/p3rp2/2k3pp/2p5/2P1P1PP/1R2PK2/P7/8 b - - 0 32,64,e1626,e7e6,-139,41,e7d7,0.0289,0.0346,0.034,0.0323,f7f6,f7f6,f7f6,e7b7,633.0,0.0346,0.0034,True,elite,03_elite_b3,2509,2566,2566,False,True,5,0.6069,0.2656
8/p3rp2/2k3pp/2p5/2P1P1PP/1R2PK2/P7/8 b - - 4 34,68,e1626,e7e6,-160,40,e7d7,0.0289,0.0346,0.034,0.0323,f7f6,f7f6,f7f6,e7b7,659.0,0.0346,0.0034,True,elite,03_elite_b3,2509,2566,2566,False,True,5,0.6038,0.2637
r1b2rk1/pp2nppp/2p2n2/2b5/2PN4/P1N1B2P/1P3PP1/2KR1B1R b - - 0 14,28,e1630,f8e8,-46,3,e7g6,0.0324,0.0358,0.0261,0.018,f8d8,c8f5,c8f5,e7f5,490.0,0.0358,-0.0144,True,elite,03_elite_b3,2551,2478,2478,False,True,3,0.6439,0.0563
1r3rk1/p1p2ppp/1p2bq2/8/4B3/5R2/P1PQ1PPP/4R1K1 b - - 5 18,36,e1631,b8d8,157,28,f6h4,0.026,0.0088,0.0041,0.0026,f6b2,f6e7,f6e7,f6e7,119.0,0.026,-0.0234,True,elite,03_elite_b3,2438,2612,2612,False,True,0,0.6228,0.167
5k2/4q1pp/4b3/4Q3/4p2P/2P3P1/5P2/6K1 b - - 2 32,64,e1631,e6d7,396,32,e6f7,0.0272,0.0266,0.0282,0.0318,f8f7,f8f7,f8f7,e7f6,165.0,0.0318,0.0046,True,elite,03_elite_b3,2438,2612,2612,False,True,4,0.5031,0.0754
r2q2k1/1p4rn/4p3/pB1pP1p1/Pn1P4/4B2R/1P4Q1/2R1K3 b - - 0 28,56,e1635,d8f8,-93,12,d8f8,0.0349,0.0327,0.0247,0.0176,g5g4,g5g4,a8c8,a8c8,102.0,0.0349,-0.0173,True,elite,03_elite_b3,2806,3031,3031,True,False,5,0.478,0.0106
rr4k1/1q3ppp/2pp4/2n5/2pRPPPP/P6R/1PPQ4/1K1N4 b - - 7 26,52,e1641,d6d5,52,160,c5a4,0.0348,0.0292,0.0317,0.0402,c5a4,c5a4,c5a4,c5a4,252.0,0.0402,0.0054,True,elite,03_elite_b3,2483,2504,2504,False,True,2,0.4783,0.0057
3q1rk1/p2bp1n1/1p1p4/8/3PP3/6N1/PP2N3/2Q1K2R b K - 0 22,44,e1643,f8f6,-358,77,e7e5,0.0272,0.0293,0.0252,0.0192,d7g4,d7g4,d7g4,d7g4,209.0,0.0293,-0.008,True,elite,03_elite_b3,2516,2351,2351,False,True,5,0.4882,0.0423
5rk1/p2bq1n1/1p1p3Q/3Pp3/4P3/6N1/PP2N3/4K2R b K - 0 24,48,e1643,f8f3,-470,19,d7g4,0.0257,0.0245,0.0312,0.0466,g8f7,g8f7,e7f6,e7f6,212.0,0.0466,0.0209,True,elite,03_elite_b3,2516,2351,2351,False,True,6,0.5601,0.006
4r1k1/q3rpb1/p2Q2p1/P7/3P4/4P1P1/5PB1/1R2B1K1 b - - 0 30,60,e1644,g7d4,-23,162,e7d7,0.0064,0.005,0.0045,0.0053,e7e6,e7e6,e7e6,e7e6,154.0,0.0064,-0.0011,True,elite,03_elite_b3,2596,2355,2355,False,True,5,0.5062,0.0632
4r1k1/2qr1pb1/pQB3p1/P7/3P4/4P1P1/5P2/1R2B1K1 b - - 4 32,64,e1644,e8e6,-417,34,e8d8,0.0158,0.0143,0.0136,0.0143,c7b6,c7b6,c7b6,c7b6,217.0,0.0158,-0.0015,True,elite,03_elite_b3,2596,2355,2355,False,True,6,0.614,0.0792
2r3k1/pQ2ppb1/1n5p/4P1p1/8/2N2PBP/PPq2P2/3R2K1 b - - 0 24,48,e1648,g7f8,-5,21,g7f8,0.0085,0.0067,0.0059,0.0071,c2b2,c2b2,c2b2,c8c3,473.0,0.0085,-0.0014,True,elite,03_elite_b3,2753,2984,2984,True,False,5,0.6276,0.1043
4n3/p2prpkp/1pbR2p1/1P2r3/2BRpN1P/P3P1P1/5P2/5K2 b - - 0 26,52,e1651,e5b5,383,33,c6b5,0.0014,0.0016,0.0021,0.0034,e8d6,e8d6,e8d6,e8d6,277.0,0.0034,0.002,True,elite,03_elite_b3,2604,2881,2881,False,True,0,0.5908,0.1315
r2qr1k1/ppp2ppp/2n1bn2/6B1/7Q/P1N5/1PP1BPPP/R3K2R b KQ - 6 12,24,e1654,d8d4,-50,13,c6d4,0.0211,0.0217,0.0296,0.0257,c6d4,c6d4,c6d4,e6c4,451.0,0.0296,0.0046,True,elite,03_elite_b3,2573,2641,2641,False,True,3,0.7011,0.2776
r3r1k1/pp3p1p/4bp2/2p5/3n4/P1NB4/1PP2PPP/2KR3R b - - 1 16,32,e1654,g8g7,-56,1,f6f5,0.0046,0.0062,0.0062,0.0074,c5c4,a7a6,a7a6,a7a6,185.0,0.0074,0.0028,True,elite,03_elite_b3,2573,2641,2641,False,True,5,0.6352,0.0806
2b1kr2/2pn1p1Q/r3p1p1/p3q3/1p3N2/5P1N/PPP3PP/2KRR3 b - - 1 18,36,e1656,f8h8,37,7,e5h8,0.02,0.0119,0.008,0.007,e5f5,e5f5,e5f5,e5f6,228.0,0.02,-0.013,True,elite,03_elite_b3,2647,2696,2696,False,True,5,0.5394,0.0345
1rbq1r1k/2p2p2/pbnp1n1p/1p2p1p1/P3P3/1BPP1NB1/1P1N1PPP/R2QR1K1 b - - 4 14,28,e1660,f6h7,-29,7,g5g4,0.0079,0.018,0.0319,0.0296,b5b4,b5b4,b5b4,f6h5,173.0,0.0319,0.0217,True,elite,03_elite_b3,2924,3005,3005,False,True,3,0.6957,0.0137
4rr1k/1Bpb1p2/1b1p3p/1p2p1qn/1P2P1pN/2PP2B1/5PPP/R2Q1R1K b - - 2 24,48,e1660,e8e7,9,9,h5f4,0.0023,0.002,0.0021,0.0027,h5g3,h5g3,h5g3,h5g3,100.0,0.0027,0.0004,True,elite,03_elite_b3,2924,3005,3005,False,True,2,0.6251,0.2061
r3kb1r/7b/p1pp1n1p/2p1p3/2PnP3/2N1B1P1/PP3KNP/R2R4 b kq - 1 22,44,e1662,f8g7,585,12,f6e4,0.0064,0.0079,0.0076,0.0069,f6g4,f6g4,h7e4,h7e4,106.0,0.0079,0.0005,True,elite,03_elite_b3,2578,2712,2712,False,True,4,0.8977,0.607
3rkb1r/pB2pppp/4qn2/8/3n4/2N1B2P/PP3PP1/R2QK2R b KQk - 0 12,24,e1668,e6c4,-63,157,e6c4,0.0182,0.0169,0.0173,0.0247,d4f5,d4f5,d4f5,d4f5,302.0,0.0247,0.0065,True,elite,03_elite_b3,2603,2317,2317,True,False,3,0.5256,0.0012
r4rk1/pp2bpp1/2p1pn1p/3qN3/3P3P/8/PPPBQPP1/1K1R3R b - - 4 16,32,e1670,d5e4,-31,35,d5e4,0.018,0.022,0.0312,0.0439,d5g2,d5g2,d5g2,f6e4,270.0,0.0439,0.0259,True,elite,03_elite_b3,2400,2500,2500,True,False,3,0.6692,0.2742
8/pp2br1k/2p1p2p/7q/3PP2P/6Q1/PPPN4/1K5R b - - 1 30,60,e1670,e7h4,-44,25,h5e2,0.0086,0.0047,0.0024,0.0014,f7g7,f7g7,h5e2,h5e2,779.0,0.0086,-0.0072,True,elite,03_elite_b3,2400,2500,2500,False,True,5,0.6225,0.1666
r1bq1rk1/3nppb1/p4n2/2pp3p/1p1P1BP1/4P1N1/PPPQ4/1K1R1BNR b - - 1 14,28,e1674,f6e4,-257,18,h5h4,0.019,0.0162,0.0107,0.0068,h5g4,h5g4,h5g4,h5g4,360.0,0.019,-0.0122,True,elite,03_elite_b3,2699,2658,2658,False,True,6,0.7201,0.1896
r4rk1/5p2/p7/2pRQPq1/1p5p/4PN2/PPP2n2/1K3B1R b - - 2 22,44,e1674,f2g4,-662,22,g5g3,0.0191,0.0164,0.0136,0.0133,g5g4,g5g4,g5g4,g5g4,169.0,0.0191,-0.0058,True,elite,03_elite_b3,2699,2658,2658,False,True,1,0.782,0.2039
2r5/4pkb1/p2p4/1pr5/3N2R1/1P6/P1PQ4/1KB2q2 b - - 2 30,60,e1676,f1h1,257,14,g7f6,0.0101,0.0065,0.0047,0.0045,g7d4,g7d4,g7d4,g7d4,212.0,0.0101,-0.0056,True,elite,03_elite_b3,2353,2600,2600,False,True,0,0.5485,0.1739
2r5/4pk2/p2p1b2/1pr5/3N1R2/1P1Q4/P1P5/1KB3q1 b - - 6 32,64,e1676,g1g2,278,7,c8h8,0.0143,0.0116,0.009,0.0067,e7e5,e7e5,e7e5,e7e5,784.0,0.0143,-0.0076,True,elite,03_elite_b3,2353,2600,2600,False,True,0,0.508,0.1397
5r2/1pp5/b1n4k/p3pBR1/4P3/1PP2N2/P6N/7K b - - 0 32,64,e1677,f8f5,-688,1311,f8d8,0.0142,0.0154,0.0165,0.0178,a6e2,a6e2,a6e2,a6e2,1311.0,0.0178,0.0036,True,elite,03_elite_b3,2417,2559,2559,False,True,1,0.8442,0.3789
r1b1k2r/2qnppb1/p1pp1npp/1p6/P2PP2P/2N1BP2/1PPQ2P1/1KNR1B1R b kq - 1 12,24,e1681,h6h5,-2,31,d7b6,0.0129,0.016,0.0197,0.0224,b5b4,b5b4,b5b4,b5b4,104.0,0.0224,0.0095,True,elite,03_elite_b3,2715,2602,2602,False,True,3,0.6995,0.0408
3r1r2/1pp3pk/1p1ppq1p/nP2p3/4P3/P1PPR2P/Q4PPN/5RK1 b - - 5 22,44,e1688,d8c8,-80,0,h6h5,0.0027,0.0021,0.0019,0.0017,d6d5,d6d5,d6d5,d6d5,196.0,0.0027,-0.001,True,elite,03_elite_b3,2505,2544,2544,False,True,2,0.5285,0.0742
r4r1k/2q1bpRp/2pp1n2/5PQP/p1pBP3/P1N2P2/1PP5/2K4R b - - 2 20,40,e1696,c7a7,-904,136,c7d8,0.0006,0.0004,0.0003,0.0003,f8g8,f8g8,f8g8,f8g8,1091.0,0.0006,-0.0003,True,elite,03_elite_b3,2582,2490,2490,False,True,1,0.8238,0.1703
r2qr1k1/pp3p1p/2pb1npB/5B2/3P4/2P5/PP1Q1PPP/R4RK1 b - - 0 14,28,e1698,d6f8,-132,7,d8a5,0.0074,0.017,0.0271,0.0199,g6f5,g6f5,g6f5,g6f5,1866.0,0.0271,0.0125,True,elite,03_elite_b3,2457,2527,2527,False,True,3,0.4739,0.0124
4r1k1/pp3p1p/2pb2pB/q7/3Pr3/2P4P/PP1Q1PP1/R3R1K1 b - - 2 18,36,e1698,a5a2,-15,115,a5d5,0.0002,0.0001,0.0001,0.0001,e4e1,e4e1,a5f5,a5f5,156.0,0.0002,-0.0001,True,elite,03_elite_b3,2457,2527,2527,False,True,5,0.6272,0.145
1k1r3r/ppp2pp1/8/3qb1P1/4Np1p/P2P1Q1P/1PP2P1K/1R4R1 b - - 2 26,52,e1704,c7c6,38,22,g7g6,0.0028,0.0022,0.0019,0.0021,f7f6,f7f6,f7f5,f7f5,117.0,0.0028,-0.0007,True,elite,03_elite_b3,2413,2574,2574,False,True,2,0.5902,0.0624
r3k2r/pp1n1ppp/2p1pn2/2q4b/5B2/P1PB1N1P/P3QPP1/1R1R2K1 b kq - 2 14,28,e1709,f6d5,67,13,b7b6,0.0221,0.0211,0.0274,0.0317,b7b5,b7b6,b7b6,b7b6,184.0,0.0317,0.0096,True,elite,03_elite_b3,2358,2513,2513,False,True,3,0.6156,0.0227
2r1k2r/p4pp1/1pp1pnp1/2q3P1/2P5/3Q1N1P/P4P2/1R1R2K1 b k - 0 22,44,e1709,e8f8,-76,20,e8g8,0.0015,0.0012,0.001,0.0016,f6h5,f6h5,f6h5,f6h5,1921.0,0.0016,0.0001,True,elite,03_elite_b3,2358,2513,2513,False,True,5,0.4711,0.0083
4rrk1/pppb2pp/5q2/3P4/2P1NPnP/3B4/PP1Q4/2K2R1R b - - 4 20,40,e1710,f6e7,-168,26,f6b6,0.0366,0.032,0.0288,0.0286,f6d4,f6d4,f6d4,f6d4,153.0,0.0366,-0.008,True,elite,03_elite_b3,2371,2551,2551,False,True,5,0.5849,0.0374
3r1rk1/pp2ppb1/6p1/2nPPb1p/1q3B2/2N4P/PP3QP1/3RRB1K b - - 1 22,44,e1711,c5d7,-247,7,b7b6,0.0219,0.0283,0.0338,0.0298,c5e4,c5e4,c5e4,c5e4,145.0,0.0338,0.0079,True,elite,03_elite_b3,2615,2425,2425,False,True,2,0.5841,0.0342
5rk1/3nqp2/p4n2/P1b3P1/3pP1Pp/3P3P/3B2BK/1QR3N1 b - - 0 28,56,e1714,f6g4,-69,15,c5d6,0.0121,0.0103,0.0122,0.014,f6h7,f6h7,f6h7,f6h7,156.0,0.014,0.0019,True,elite,03_elite_b3,2603,2351,2351,False,True,6,0.5404,0.0666
r4rk1/pp2bpp1/1q2pn2/1b4P1/3P4/7Q/PPB3PP/R1B2RK1 b - - 2 18,36,e1715,f8c8,375,110,f8c8,0.0064,0.0089,0.0121,0.0141,b6d4,b6d4,b6d4,b6d4,182.0,0.0141,0.0077,True,elite,03_elite_b3,2559,2534,2534,True,False,6,0.4734,0.0772
r5k1/pp2bpp1/1q2pP2/1b6/3P2Q1/8/PPr3PP/R1B2RK1 b - - 1 20,40,e1715,c2g2,461,82,g7g6,0.0028,0.0045,0.0074,0.0091,e7f6,e7f6,e7f6,e7f6,109.0,0.0091,0.0063,True,elite,03_elite_b3,2559,2534,2534,False,True,0,0.5181,0.0977
6k1/pp3p2/4pBp1/1q6/3P1Q2/1P3PK1/P1r4P/8 b - - 5 30,60,e1715,b5b4,193,573,e6e5,0.0017,0.0011,0.0009,0.0008,b5h5,b5h5,b5h5,b5h5,2190.0,0.0017,-0.0009,True,elite,03_elite_b3,2559,2534,2534,False,True,0,0.3907,0.074
3r1r1k/p5pn/1p3pq1/3P1NP1/2n1P3/P1B3Q1/6R1/4R1K1 b - - 0 28,56,e1724,d8d7,-480,20,h7g5,0.0022,0.0021,0.002,0.0023,h7g5,h7g5,h7g5,h7g5,170.0,0.0023,0.0001,True,elite,03_elite_b3,2478,2531,2531,False,True,6,0.7388,0.2129
3r1r2/p5p1/1p4k1/3Pp1n1/4P3/P2Q4/6R1/4R1K1 b - - 1 34,68,e1724,g6h7,-652,63,g6h5,0.0207,0.0202,0.0165,0.0136,f8f3,f8f3,f8f3,f8f3,1335.0,0.0207,-0.0071,True,elite,03_elite_b3,2478,2531,2531,False,True,1,0.8493,0.3552
3rr1k1/p2n1pb1/b1p2np1/q2p2Np/Pp1NPP1P/1B2B3/1PPQ1RP1/5RK1 b - - 0 18,36,e1729,a5c7,53,6,a6f1,0.0037,0.0032,0.004,0.006,a6f1,a6f1,a6f1,a6f1,196.0,0.006,0.0023,True,elite,03_elite_b3,2412,2517,2517,False,True,2,0.5859,0.0882
rn1qkb1r/pp3ppp/2p1bn2/8/Q2Pp3/2N3P1/PP2PPBP/R1B1K1NR b KQkq - 2 8,16,e1733,b8a6,6,33,b8a6,0.047,0.0361,0.0255,0.0237,b7b5,b7b5,e6d5,e6d5,100.0,0.047,-0.0233,True,elite,03_elite_b3,3011,3050,3050,True,False,3,0.7197,0.3428
rr6/3qnk2/4p2p/p1QpPp1P/bppP1PpB/2P5/2P3P1/R2BK2R b - - 1 30,60,e1737,e7c8,335,136,b4b3,0.034,0.0258,0.0194,0.0186,b4b3,b4b3,b8b5,b8b5,351.0,0.034,-0.0154,True,elite,03_elite_b3,2554,2509,2509,False,True,0,0.5566,0.0881
r4r2/pp3p1k/2p1b1p1/4n2p/4Pp1P/3B1P2/PPP1N1PR/R3K3 b Q - 2 20,40,e1739,a8e8,-89,6,f7f5,0.0016,0.0009,0.0005,0.0005,e5d3,e5d3,e5d3,e5d3,107.0,0.0016,-0.0011,True,elite,03_elite_b3,2651,2610,2610,False,True,5,0.5894,0.0269
7r/1p3p1p/1p1k1pp1/1B1P4/8/1K4P1/1PPb1P1P/7R b - - 0 22,44,e1746,f6f5,-38,3,f6f5,0.0176,0.016,0.0174,0.0211,d6d5,d6d5,d6d5,d6d5,484.0,0.0211,0.0035,True,elite,03_elite_b3,3004,2996,2996,True,False,5,0.5784,0.1437
r2q1rk1/2n2pp1/b1p1pn1p/p7/3PPB2/P1QB1N2/5PPP/R4RK1 b - - 2 16,32,e1747,c7d5,39,5,a6d3,0.0016,0.0014,0.0017,0.0015,a6d3,a6d3,a6d3,a6d3,206.0,0.0017,-0.0001,True,elite,03_elite_b3,2519,2432,2432,False,True,2,0.5895,0.0354
r4b1k/pp4n1/3p1q2/2P1pN2/2B1PnQ1/8/PP4P1/3R2K1 b - - 4 28,56,e1748,d6d5,398,246,d6c5,0.0118,0.0108,0.0132,0.0165,d6c5,d6c5,d6c5,d6c5,1225.0,0.0165,0.0047,True,elite,03_elite_b3,2593,2422,2422,False,True,6,0.4649,0.0044
3r1b1k/pp3R2/6q1/2p1pN1n/2B1PnPQ/8/PP6/6K1 b - - 0 32,64,e1748,g6g5,213,213,d8d1,0.0004,0.0003,0.0002,0.0002,d8d1,d8d1,d8d1,d8d1,213.0,0.0004,-0.0002,True,elite,03_elite_b3,2593,2422,2422,False,True,6,0.5091,0.1002
r1br2k1/ppq2ppp/2p2n2/1N2P3/8/4P1P1/PP3PBP/2RQ1RK1 b - - 2 16,32,e1750,c7a5,-158,58,c7a5,0.0117,0.0098,0.0084,0.0118,d8d1,d8d1,d8d1,d8d1,319.0,0.0118,0.0001,True,elite,03_elite_b3,2595,2563,2563,True,False,6,0.5409,0.0335
3r4/pp2k1pp/2p5/3bN3/5PP1/P3P3/1P2K2P/3R4 b - - 0 26,52,e1750,a7a5,-223,23,a7a5,0.0137,0.0172,0.0207,0.0249,e7e6,e7e6,e7e6,e7e6,312.0,0.0249,0.0112,True,elite,03_elite_b3,2595,2563,2563,True,False,5,0.6259,0.1457
3r4/4k1pp/8/p1pbN1P1/1p3P1P/P3P3/1P1RK3/8 b - - 1 30,60,e1750,h7h6,-219,23,c5c4,0.0335,0.0248,0.0173,0.0123,b4a3,b4a3,e7e6,e7e6,364.0,0.0335,-0.0212,True,elite,03_elite_b3,2595,2563,2563,False,True,5,0.6292,0.1671
r5kr/3b1p2/1q1npP1p/pp4p1/8/2QB1NP1/PPP4P/1K2RR2 b - - 3 28,56,e1751,d7c6,-196,30,b5b4,0.0315,0.0314,0.0317,0.0357,b5b4,b5b4,b5b4,a8c8,129.0,0.0357,0.0042,True,elite,03_elite_b3,2639,2633,2633,False,True,6,0.7002,0.096
1r1q2kr/2Q1n3/3pb3/1p4pN/3P2P1/5B2/PP6/2R2RK1 b - - 0 28,56,e1756,e6f7,-361,10,d8c7,0.0097,0.0105,0.0097,0.0097,d8c7,d8c7,d8c7,d8c7,102.0,0.0105,0.0,True,elite,03_elite_b3,2497,2578,2578,False,True,6,0.6802,0.0207
r1bqr1k1/ppp2pb1/4p1n1/8/2BPN1Q1/2P3R1/P4PPP/5RK1 b - - 10 18,36,e1757,b7b5,-81,13,b7b5,0.0024,0.0017,0.0022,0.0055,e6e5,e6e5,e6e5,e6e5,1915.0,0.0055,0.0031,True,elite,03_elite_b3,2829,2635,2635,True,False,6,0.5798,0.1225
1r3k2/p1p1npb1/8/4Pb2/4N2P/2P2R2/P4PP1/4R1K1 b - - 4 26,52,e1757,g7h6,-121,54,b8b6,0.0067,0.0045,0.003,0.0023,g7e5,g7e5,g7e5,g7e5,137.0,0.0067,-0.0044,True,elite,03_elite_b3,2829,2635,2635,False,True,5,0.5238,0.0974
r5rk/1pp3q1/p2b3n/3Ppb1p/PP2Np2/3B1N1P/1QR2PPK/6R1 b - - 0 30,60,e1759,a6a5,-75,4,h6g4,0.0161,0.0074,0.0035,0.0024,h6g4,h6g4,h6g4,h6g4,240.0,0.0161,-0.0137,True,elite,03_elite_b3,2444,2521,2521,False,True,2,0.6372,0.1678
5b2/1p1k1pp1/3p4/2rPp3/PPB1b3/8/3B1PP1/2R1K3 b - - 0 22,44,e1761,c5c4,-105,85,c5c4,0.0294,0.0231,0.0207,0.0142,c5c8,c5c8,c5c8,c5c8,105.0,0.0294,-0.0152,True,elite,03_elite_b3,3039,2752,2752,True,False,5,0.5493,0.1229
3qr1k1/5pp1/2Q4p/pN1p4/P2b1PK1/6P1/5r1P/4R2R b - - 3 30,60,e1762,d4e3,332,50,h6h5,0.0189,0.0193,0.019,0.0188,h6h5,h6h5,f7f5,f7f5,452.0,0.0193,-0.0001,True,elite,03_elite_b3,2586,2608,2608,False,True,0,0.5943,0.2291
2k2b1r/pp1r1ppp/2n5/8/8/1P1BPNBP/q4PP1/3Q1RK1 b - - 0 18,36,e1766,c8d8,-85,7,a2a5,0.0023,0.0031,0.0052,0.0083,c6b4,c6b4,c6b4,c6b4,1910.0,0.0083,0.006,True,elite,03_elite_b3,2341,2525,2525,False,True,6,0.5868,0.1176
8/pp1k1pp1/1r2pb1p/3p4/P1rP4/R1P2N2/1PK2PPP/4R3 b - - 6 22,44,e1768,b6b4,-13,1,b6a6,0.0015,0.0012,0.0011,0.0009,f6e7,f6e7,f6e7,f6e7,325.0,0.0015,-0.0006,True,elite,03_elite_b3,2597,2577,2577,False,True,2,0.4663,0.002
2k4r/1bq3pp/1p2pp2/2ppP3/Q2P4/2P1PN2/PP4PP/R3K2R b KQ - 1 18,36,e1769,h7h5,-508,8,h8f8,0.0055,0.0064,0.0069,0.007,b7c6,f6e5,f6e5,f6e5,157.0,0.007,0.0015,True,elite,03_elite_b3,2516,2367,2367,False,True,1,0.8744,0.4902
2rr1q2/pQ2n1kp/1b3pp1/4pn2/1P6/1BP2N2/P2B1PPP/3RR1K1 b - - 0 26,52,e1771,c8c6,90,257,c8c7,0.0052,0.0043,0.0042,0.0047,c8c7,c8c7,c8c7,c8c7,322.0,0.0052,-0.0005,True,elite,03_elite_b3,2485,2548,2548,False,True,2,0.5625,0.0157
4r1r1/pp3q2/3b3k/PPpNp1pP/2P1PpQn/3P1P2/4K2P/R3B1R1 b - - 12 32,64,e1774,d6c7,-403,24,f7h5,0.0041,0.0032,0.0024,0.0019,f7h5,f7h5,f7h5,f7h5,171.0,0.0041,-0.0022,True,elite,03_elite_b3,2551,2478,2478,False,True,6,0.6817,0.1143
5r1k/1q5p/3p2p1/1r2pp2/1PRbPP2/3P2P1/2QB2KP/5B2 b - - 2 28,56,e1775,g6g5,109,17,f8f7,0.0066,0.0027,0.0014,0.0012,f5e4,f5e4,f5e4,f5e4,120.0,0.0066,-0.0054,True,elite,03_elite_b3,2605,2633,2633,False,True,0,0.4389,0.0368
8/4qrkp/2R3p1/1r2pp2/1PQb1P2/3P1BP1/3B2KP/8 b - - 5 34,68,e1775,e7a7,-53,102,b5b7,0.0073,0.0064,0.0067,0.0072,b5b8,b5b8,b5b8,b5b8,423.0,0.0073,-0.0001,True,elite,03_elite_b3,2605,2633,2633,False,True,5,0.4782,0.0067
r1br2k1/pp3ppp/2n1pq2/8/1b2p3/1NN5/PPPBQPPP/R3R1K1 b - - 7 14,28,e1777,b4f8,99,10,a7a5,0.0005,0.0006,0.0009,0.0012,c6d4,c6d4,c6d4,c6d4,119.0,0.0012,0.0007,True,elite,03_elite_b3,2510,2496,2496,False,True,2,0.6161,0.0152
3r2k1/3r1pp1/3b3p/1p6/p7/P1BR1QPP/2P2P1K/8 b - - 0 32,64,e1777,g8h8,-572,27,d6a3,0.0023,0.0033,0.0035,0.0041,d6a3,d6a3,d6a3,d6a3,114.0,0.0041,0.0018,True,elite,03_elite_b3,2510,2496,2496,False,True,1,0.8499,0.381
r2q1rk1/pp1bppbp/5np1/8/3NP3/2N1Q2P/PPP1B1P1/3R1RK1 b - - 0 14,28,e1778,e7e6,-3,17,d8b6,0.0257,0.02,0.0111,0.0061,d8b6,d8b6,d8b6,d8b6,145.0,0.0257,-0.0196,True,elite,03_elite_b3,2371,2516,2516,False,True,3,0.6365,0.0162
2kr4/ppqnp3/2p1n1pb/PP1pPb2/3P4/2N1B3/2P1N3/R1Q1K2B b Q - 0 20,40,e1780,e6d4,256,145,h6e3,0.0018,0.0015,0.0017,0.0022,h6e3,h6e3,h6e3,h6e3,124.0,0.0022,0.0004,True,elite,03_elite_b3,2443,2557,2557,False,True,2,0.6092,0.0513
1rb2r2/3n1pkp/p1pp1np1/qp2p2P/2PPP1P1/2N2P2/PP1QN3/2KR1B1R b - - 0 14,28,e1782,b8b7,-128,16,b5b4,0.0011,0.0007,0.0004,0.0002,b5c4,b5c4,b5c4,b5c4,131.0,0.0011,-0.0009,True,elite,03_elite_b3,2580,2631,2631,False,True,2,0.5762,0.0382
1r2k2r/8/b1p2QpP/2q1p3/1pP1P3/p2B4/1P1N4/2KR1R2 b - - 0 32,64,e1782,h8h7,-648,69,a3b2,0.0138,0.0134,0.0123,0.0133,a3b2,a3b2,a3b2,a3b2,231.0,0.0138,-0.0005,True,elite,03_elite_b3,2580,2631,2631,False,True,1,0.8715,0.2836
r1bq1rk1/1pp1pp2/2np3Q/p6n/2PRP2P/2N5/PP2BPP1/2K4R b - - 0 16,32,e1785,h5f4,-33,82,c6d4,0.0079,0.0045,0.0036,0.0039,h5g7,h5g7,h5g7,h5g7,491.0,0.0079,-0.004,True,elite,03_elite_b3,2715,2497,2497,False,True,6,0.6304,0.2501
r1bq1rk1/1pp5/3p3Q/p2Npp1B/2PRP2P/8/PP3PP1/2K5 b - - 0 20,40,e1785,f5f4,-465,98,e5d4,0.0031,0.0033,0.0043,0.0055,e5d4,e5d4,e5d4,e5d4,124.0,0.0055,0.0024,True,elite,03_elite_b3,2715,2497,2497,False,True,6,0.7017,0.2006
r1b2rk1/1ppq4/3p2B1/p2N1pQ1/2PpP2P/8/PP3PP1/2K5 b - - 3 22,44,e1785,f8f7,-633,74,f8f7,0.0155,0.0183,0.0189,0.0222,d7g7,d7g7,d7g7,d7g7,1362.0,0.0222,0.0067,True,elite,03_elite_b3,2715,2497,2497,True,False,6,0.6138,0.2598
r1r2bk1/3b1ppp/pnN2q2/1p6/1P1Np3/PQ2P2P/2R2PP1/2R2B1K b - - 7 28,56,e1786,h7h5,34,5,h7h5,0.0038,0.003,0.0034,0.0098,b6c4,b6c4,b6c4,b6c4,278.0,0.0098,0.006,True,elite,03_elite_b3,2708,2869,2869,True,False,2,0.6404,0.1666
r1r2bk1/3b1pp1/pnN2q2/1p6/1P1Np2p/P1Q1P2P/2R2PP1/2R2BK1 b - - 1 30,60,e1786,f6g5,25,2,g7g6,0.0175,0.0191,0.0167,0.013,b6a4,b6c4,b6c4,b6c4,233.0,0.0191,-0.0045,True,elite,03_elite_b3,2708,2869,2869,False,True,2,0.6022,0.0982
r1r2bk1/3b1p2/pnN3p1/1p4q1/1P1Np2p/P3P2P/2RQ1PP1/2R2B1K b - - 3 32,64,e1786,g8h7,27,1,g5d5,0.0104,0.0125,0.0101,0.0067,b6c4,b6c4,b6c4,b6c4,222.0,0.0125,-0.0037,True,elite,03_elite_b3,2708,2869,2869,False,True,2,0.6209,0.1602
r1r2b2/3b1p1k/pnN3p1/1p1q4/1P1Np2p/P3P2P/2R1BPP1/2R1Q2K b - - 7 34,68,e1786,d5g5,43,6,d5g5,0.0393,0.044,0.0414,0.0356,b6c4,b6c4,b6c4,b6c4,152.0,0.044,-0.0037,True,elite,03_elite_b3,2708,2869,2869,True,False,2,0.654,0.1611
r1bq1rk1/p1p1b1pp/1p3p2/nP2N3/2P5/3P1Q2/P2B1PPP/RN3RK1 b - - 1 14,28,e1788,c8e6,-62,46,c8e6,0.0457,0.0388,0.0349,0.0311,f6e5,f6e5,c8b7,c8b7,123.0,0.0457,-0.0146,True,elite,03_elite_b3,2599,2485,2485,True,False,0,0.5097,0.0038
4r1k1/pp3ppp/2p2q2/2b5/1P6/2Pb1BP1/P2P3P/R1BQ3K b - - 0 18,36,e1789,e8e1,1996,1037,e8e1,0.0038,0.0028,0.0022,0.002,c5b6,c5b6,c5b6,c5b6,1380.0,0.0038,-0.0018,True,elite,03_elite_b3,2582,2755,2755,True,False,4,0.808,0.2475
r1rq2k1/pb3p1n/4p2Q/1p1pP2P/3p2P1/3P4/PPP1RPB1/R5K1 b - - 1 22,44,e1790,c8c7,187,2,d8g5,0.0462,0.0203,0.0089,0.0067,d8g5,d8g5,d8g5,d8g5,101.0,0.0462,-0.0395,True,elite,03_elite_b3,2571,2504,2504,False,True,2,0.456,0.0102
2rqr1k1/p4ppp/Qp6/2bpn3/5Bn1/1PN1P1P1/P4PBP/2R1R1K1 b - - 0 18,36,e1792,g4f2,-9,20,d5d4,0.0055,0.0092,0.0148,0.0178,d5d4,d5d4,d5d4,g7g5,328.0,0.0178,0.0123,True,elite,03_elite_b3,2568,2634,2634,False,True,2,0.5871,0.0425
1qr1r1k1/5pbp/P5p1/1N1b4/3pn3/R4N2/1P2BPPP/1Q1R2K1 b - - 0 22,44,e1796,e4f2,63,2,b8b6,0.0301,0.0355,0.041,0.0379,e4c5,e4c5,e4c5,e4c5,170.0,0.041,0.0078,True,elite,03_elite_b3,2580,2450,2450,False,True,2,0.5761,0.0608
b1r1r2k/P5bp/1q4p1/5p2/R2Nn3/3B1N2/1P3PPP/1Q1R2K1 b - - 0 26,52,e1796,e4f2,-24,90,e8d8,0.0069,0.0089,0.0123,0.0167,g7d4,e4c5,e4c5,e4c5,114.0,0.0167,0.0098,True,elite,03_elite_b3,2580,2450,2450,False,True,5,0.5445,0.0026
r2q2k1/p1p2pp1/Np1nb2p/3pB1b1/3P4/2P2Q2/PP3PPP/R4BK1 b - - 5 20,40,orph_83150,c7c6,-27,1,d8d7,0.0232,0.0209,0.0207,0.0217,d6e4,d6e4,d6e4,d6e4,364.0,0.0232,-0.0015,True,elite,03_elite_b3,3010,3028,3028,False,True,2,0.7014,0.1391
k4r2/p4p1p/2n1p1n1/3pP1P1/2pP2P1/q1b1B3/2Q1B2P/1R3R1K b - - 3 34,68,e1802,a3a5,-129,32,a3a5,0.0076,0.0061,0.005,0.0047,c3d4,c3d4,c3d4,c3d4,102.0,0.0076,-0.0029,True,elite,03_elite_b3,2986,2989,2989,True,False,0,0.5006,0.0448
2q2rk1/1bp1b2p/1p2p1p1/p1n1P3/2PN2P1/4PPK1/PBB4Q/7R b - - 1 26,52,e1804,h7h5,-316,94,h7h5,0.0309,0.0119,0.0049,0.0024,f8f7,f8f7,f8f7,f8f7,208.0,0.0309,-0.0285,True,elite,03_elite_b3,2761,2579,2579,True,False,6,0.5588,0.0229
r1q2rk1/1p1bppbp/1Pn2np1/p7/4P3/N1P1BN1P/2Q1BPP1/R4RK1 b - - 2 16,32,e1805,f6e8,-104,29,h7h5,0.042,0.0354,0.0239,0.0177,d7h3,d7h3,d7h3,d7h3,124.0,0.042,-0.0243,True,elite,03_elite_b3,2571,2402,2402,False,True,2,0.6459,0.0111
r1b1r1kb/p4p1p/1q2nPp1/3p4/1p1P3N/2P1BB2/PP1Q3P/R4RK1 b - - 2 22,44,e1809,c8a6,52,4,c8b7,0.0457,0.0271,0.0199,0.0205,h8f6,h8f6,h8f6,h8f6,170.0,0.0457,-0.0252,True,elite,03_elite_b3,2634,2703,2703,False,True,2,0.702,0.1148
r4nk1/pb3p1p/1qr2bpB/3p4/3P1Q2/2P2N1B/P6P/R4RK1 b - - 0 28,56,e1809,b6c7,124,175,c6c3,0.0128,0.013,0.0128,0.0129,c6c3,c6c3,c6c3,c6c3,584.0,0.013,0.0001,True,elite,03_elite_b3,2634,2703,2703,False,True,2,0.5856,0.0032
R4bk1/5p1p/6p1/p7/P7/4P2P/1Pr3P1/3R2K1 b - - 0 28,56,e1810,g8g7,-443,106,g8g7,0.0488,0.0321,0.0254,0.0314,c2b2,c2b2,c2b2,c2b2,122.0,0.0488,-0.0174,True,elite,03_elite_b3,2572,2479,2479,True,False,1,0.7052,0.2328
5b2/5pkp/6p1/R7/P7/3RP2P/1r4P1/6K1 b - - 1 30,60,e1810,f8e7,-402,14,b2a2,0.0143,0.0205,0.0241,0.0269,b2b1,b2b1,f8b4,f8b4,152.0,0.0269,0.0126,True,elite,03_elite_b3,2572,2479,2479,False,True,1,0.6066,0.0983
r3k2r/pp2bppp/3ppn2/q2P2B1/3Q4/5N2/PPP2PPP/2KRR3 b kq - 0 12,24,e1811,h7h6,-28,11,e6e5,0.0073,0.0056,0.0035,0.0018,a5a2,a5a2,a5d5,a5d5,265.0,0.0073,-0.0055,True,elite,03_elite_b3,2552,2493,2493,False,True,3,0.5415,0.029
r3r1k1/pQ3ppp/5n2/q2P2B1/8/8/PPP2PPP/2KRR3 b - - 0 16,32,e1811,e8b8,-320,104,e8b8,0.0098,0.0132,0.0162,0.02,e8e1,e8e1,e8e1,e8e1,216.0,0.02,0.0102,True,elite,03_elite_b3,2552,2493,2493,True,False,6,0.5491,0.0479
6k1/2qr1p1p/p1bpn1p1/6P1/1PP1PP1P/1P2Q3/1K1R4/3R4 b - - 0 32,64,e1814,e6f8,-167,1,c7b8,0.0182,0.0186,0.0181,0.0185,a6a5,a6a5,a6a5,a6a5,121.0,0.0186,0.0003,True,elite,03_elite_b3,2708,2521,2521,False,True,5,0.5261,0.0012
r2qrnk1/pb4pp/1p1bpp2/3p4/3P1PP1/2PB2BQ/PP1N3P/R4RK1 b - - 0 18,36,e1816,a7a5,-36,12,e6e5,0.0261,0.021,0.0164,0.0179,e6e5,e6e5,e6e5,e6e5,363.0,0.0261,-0.0082,True,elite,03_elite_b3,2520,2560,2560,False,True,2,0.6924,0.1546
4r2r/pkp4p/3bq1pQ/3n2B1/3p4/1N1N4/PPP2PPP/R5K1 b - - 7 20,40,e1818,b7a8,45,6,b7a8,0.0175,0.0304,0.0415,0.0457,d5b4,d5b4,d5b4,d5b4,498.0,0.0457,0.0282,True,elite,03_elite_b3,2631,2609,2609,True,False,2,0.4363,0.0346
8/5pkp/3R4/p1p1n1P1/P1P3P1/1Pr5/8/3K4 b - - 0 34,68,e1820,c3d3,762,250,c3b3,0.0268,0.0164,0.0118,0.0131,c3b3,c3b3,c3b3,c3b3,250.0,0.0268,-0.0137,True,elite,03_elite_b3,2695,2758,2758,False,True,4,0.822,0.4668
r4qk1/2pbbrnp/1p1p2p1/2nPp1P1/p1P1P3/P1N1B3/1P1NBP2/1K1Q2RR b - - 10 20,40,e1825,f7f2,-189,52,f7f2,0.0098,0.0087,0.0095,0.0104,c5b3,c5b3,c5b3,f8b8,101.0,0.0104,0.0006,True,elite,03_elite_b3,2358,2524,2524,True,False,6,0.5547,0.0142
rn1q1rk1/pb2bpp1/1p5p/2p1P2P/3p1B2/3P1NP1/PP3PB1/R2QR1K1 b - - 0 16,32,e1826,b7d5,-41,63,b8a6,0.0378,0.0448,0.0464,0.0456,b8d7,b8d7,b8d7,b8d7,164.0,0.0464,0.0078,True,elite,03_elite_b3,2599,2353,2353,False,True,2,0.6402,0.0033
2rq1rk1/pb2bp2/1p5Q/2p1P2P/3p1R2/P2PnNP1/1P3PB1/R5K1 b - - 4 22,44,e1826,c8c6,398,190,b7f3,0.0316,0.0268,0.0232,0.0245,e3g2,e3g2,e3g2,e3g2,2394.0,0.0316,-0.0071,True,elite,03_elite_b3,2599,2353,2353,False,True,6,0.669,0.2034
r3r1k1/1pq2pp1/p1pbnn1p/P7/2B1P3/2N1B2P/1PQ2PP1/R3R1K1 b - - 1 18,36,e1829,c7e7,-46,5,d6b4,0.0051,0.0047,0.005,0.0061,d6h2,d6b4,d6b4,a8d8,275.0,0.0061,0.001,True,elite,03_elite_b3,2969,2745,2745,False,True,2,0.6639,0.0644
3rr1k1/1p3pp1/p1p4p/P2nP2q/1b3P2/2NB1RPP/1P3QK1/R7 b - - 2 30,60,e1829,g7g5,-85,80,b4e7,0.0298,0.0233,0.0218,0.0296,d5c3,d5c3,d5c3,d5c3,308.0,0.0298,-0.0002,True,elite,03_elite_b3,2969,2745,2745,False,True,2,0.5594,0.0673
r1q1r1k1/pbpn1pbp/1p1p1np1/4p3/2PPP3/2N1BNPP/PPQ2PB1/R2R2K1 b - - 1 12,24,e1830,f6e4,151,221,a7a5,0.0029,0.0013,0.0009,0.0007,e5d4,e5d4,e5d4,e5d4,220.0,0.0029,-0.0022,True,elite,03_elite_b3,2423,2526,2526,False,True,3,0.7308,0.1206
rnbq1rk1/1p2ppbp/3p2p1/2p5/pPPPn3/P4NP1/R3PPBP/1NBQ1RK1 b - - 1 10,20,e1831,c8f5,-28,9,f7f5,0.0264,0.0277,0.0298,0.033,c5b4,c5b4,c5d4,c5d4,101.0,0.033,0.0066,True,elite,03_elite_b3,2416,2524,2524,False,True,3,0.7579,0.1098
4r1k1/bp1r1pp1/8/8/pP1NqB2/P2QP1Pb/5R1P/3R2K1 b - - 2 28,56,e1832,d7d4,752,199,e4e7,0.0137,0.0167,0.0218,0.0338,e4d3,a7d4,a7d4,e4d5,435.0,0.0338,0.0201,True,elite,03_elite_b3,2474,2582,2582,False,True,0,0.5932,0.2276
r2r2k1/1pp2ppp/8/3P4/p3P3/3Q4/q1n1BP1P/1RR3K1 b - - 7 26,52,e1833,c2d4,8,164,c2d4,0.0089,0.0086,0.009,0.0092,c2a3,c2a3,c2a3,c2a3,170.0,0.0092,0.0003,True,elite,03_elite_b3,3012,3017,3017,True,False,6,0.4128,0.012
r1b1k1nr/pp1p1ppp/8/2b1N3/8/2N1P3/PqPP1PPP/R2QKB1R b KQkq - 2 8,16,e1834,c5e7,-369,45,g8f6,0.0017,0.0014,0.0015,0.0022,c5b4,c5b4,c5b4,c5b4,121.0,0.0022,0.0005,True,elite,03_elite_b3,2528,2339,2339,False,True,6,0.6334,0.1733
6k1/3p1pp1/3q4/7Q/3Pn3/4P2P/P4PP1/R1R3K1 b - - 2 28,56,e1834,d6a6,-771,7,e4f6,0.0081,0.0071,0.0075,0.0085,g7g6,g7g6,g7g6,g7g6,372.0,0.0085,0.0004,True,elite,03_elite_b3,2528,2339,2339,False,True,1,0.8659,0.5075
r3kbnr/1p3pp1/pqn1p2p/2ppPb1P/3P4/2N1B3/PPPQNPP1/1R2KB1R b Kkq - 1 10,20,e1835,a8d8,100,18,c5d4,0.0065,0.006,0.0063,0.0064,c5d4,c5d4,c5d4,c5d4,128.0,0.0065,-0.0001,True,elite,03_elite_b3,2513,2483,2483,False,True,3,0.7386,0.0848
r2q1rk1/ppp3pp/2n2b2/3p4/5Bb1/2P2NP1/PPP1Q1BP/2KR3R b - - 2 12,24,e1837,c6a5,-28,15,c6a5,0.0189,0.0211,0.0195,0.0127,f8e8,f8e8,f8e8,f8e8,109.0,0.0211,-0.0062,True,elite,03_elite_b3,2599,2576,2576,True,False,2,0.6409,0.0664
6k1/p1r2p1p/6p1/4q3/1Pp1nN2/4QPP1/P6P/2R3K1 b - - 0 30,60,e1838,e4g5,-10,368,g6g5,0.0229,0.0199,0.0162,0.0136,e5b2,e5b2,e5b2,e5b2,423.0,0.0229,-0.0093,True,elite,03_elite_b3,2505,2469,2469,False,True,5,0.5447,0.067
r5k1/7p/1n2b1p1/2qpPpB1/2pn1P2/4N2R/2P3BP/1Q5K b - - 2 34,68,e1839,a8a7,239,9,d4c6,0.0154,0.0287,0.0418,0.0427,b6a4,b6a4,b6a4,b6a4,645.0,0.0427,0.0273,True,elite,03_elite_b3,2765,2765,2765,False,True,0,0.6255,0.1504
r1b3k1/1pp2r2/4pqnp/1NPp1p2/1P1Pn1p1/5PP1/2Q1P1BP/1R1RN1K1 b - - 0 20,40,e1841,c8d7,38,68,e4g5,0.0109,0.0056,0.0036,0.0034,g4f3,g4f3,g4f3,g4f3,108.0,0.0109,-0.0075,True,elite,03_elite_b3,2583,2486,2486,False,True,2,0.6176,0.1572
6k1/7p/p2b2p1/1p6/6P1/1P2RQ1P/P6q/5K2 b - - 2 34,68,e1842,d6f8,-476,5,d6c5,0.0025,0.0022,0.0021,0.0026,h2a2,h2a2,h2a2,h2a2,278.0,0.0026,0.0001,True,elite,03_elite_b3,2544,2604,2604,False,True,5,0.5091,0.082
2r1r1k1/3q1pbp/p2p2p1/1p1n2B1/2nN3Q/1B6/PP3PPP/2R2RK1 b - - 1 24,48,e1848,d5b4,220,7,d5e7,0.0257,0.0213,0.0158,0.0116,c4b2,c4b2,c4b2,c4b2,540.0,0.0257,-0.0141,True,elite,03_elite_b3,2548,2361,2361,False,True,0,0.6256,0.0558
8/2pq1pk1/p1pb1p2/3N1P2/QP2R1Pr/P2R4/2P2P1r/5K2 b - - 6 28,56,e1850,d6g3,0,159,c6d5,0.0086,0.006,0.0055,0.0064,h2h1,h2h1,h2h1,h2h1,234.0,0.0086,-0.0022,True,elite,03_elite_b3,2477,2610,2610,False,True,0,0.4191,0.0416
q4rk1/p3ppbp/1p2b1p1/2P5/Q1n4N/B1P1P1P1/P4P1P/2R2RK1 b - - 2 16,32,e1851,b6b5,257,57,g6g5,0.0125,0.0112,0.0111,0.0106,c4a3,c4a3,c4a3,c4a3,300.0,0.0125,-0.0019,True,elite,03_elite_b3,2404,2576,2576,False,True,0,0.6308,0.1552
r1bqk2r/3n1p1p/p1p1p2b/1p1pP3/3PP2p/2NQ1N2/PPP1B1PP/R4RK1 b kq - 1 12,24,e1854,e8g8,-87,9,c8b7,0.0131,0.0064,0.0062,0.0098,h8g8,h8g8,h8g8,h8g8,272.0,0.0131,-0.0033,True,elite,03_elite_b3,2553,2707,2707,False,True,2,0.6582,0.0688
3r1rk1/p3qpb1/6pp/1B3p2/3NbNnP/4P1P1/PP3P2/R2Q1RK1 b - - 0 22,44,e1856,e4a8,329,116,g7d4,0.004,0.0057,0.0078,0.0101,g6g5,g6g5,g6g5,g6g5,107.0,0.0101,0.0061,True,elite,03_elite_b3,2446,2573,2573,False,True,0,0.6506,0.1006
5rk1/p4p2/6pp/1B3p2/Pr2bNnP/6P1/1P3P2/R4RK1 b - - 0 26,52,e1856,g4e5,168,115,e4f3,0.014,0.0169,0.0166,0.0149,b4b2,b4b2,b4b2,b4b2,144.0,0.0169,0.0009,True,elite,03_elite_b3,2446,2573,2573,False,True,0,0.6335,0.1902
3r3k/R7/1p5p/1P2q3/2PnB1bP/3Pp3/1Q4K1/R7 b - - 3 34,68,e1857,e5f6,0,0,e5f6,0.0077,0.0098,0.0138,0.0191,e3e2,d8g8,d8g8,d8g8,1999.0,0.0191,0.0114,True,elite,03_elite_b3,2855,2991,2991,True,False,0,0.5311,0.1269
2rqr1k1/1pp2pp1/3pb2p/p1bN4/2PnP3/PN1n2PP/1P3PBK/R1BQ1R2 b - - 4 20,40,e1859,d3f2,227,151,d4b3,0.031,0.0263,0.0263,0.0246,d3c1,d3c1,d4b3,d4b3,172.0,0.031,-0.0064,True,elite,03_elite_b3,2336,2531,2531,False,True,2,0.5493,0.0524
r3r1k1/b1pb1ppp/p1p5/P2np2q/1PP1B3/5N1P/3BQPP1/R4RK1 b - - 1 20,40,e1864,f7f5,-26,51,d5f4,0.0043,0.005,0.0095,0.0183,d5f4,d5f4,d5f4,d5f4,139.0,0.0183,0.014,True,elite,03_elite_b3,2670,2570,2570,False,True,2,0.6453,0.0943
r6k/b1p3pp/p1p1Q3/P1P5/1q3p2/8/5P2/2R2RK1 b - - 2 30,60,e1864,h7h6,-68,21,f4f3,0.0361,0.0252,0.0169,0.0133,a7c5,a7c5,a7c5,a7c5,304.0,0.0361,-0.0228,True,elite,03_elite_b3,2670,2570,2570,False,True,5,0.4852,0.0032
6k1/p1QP1p2/4p1pp/1r6/1P3P2/2P5/1q4PP/3RK3 b - - 0 32,64,e1865,b5f5,-777,13,b2g2,0.023,0.021,0.0194,0.021,b2g2,b2g2,b2g2,b2g2,1220.0,0.023,-0.002,True,elite,03_elite_b3,2352,2563,2563,False,True,1,0.788,0.1821
r4rk1/1p1q3p/p1n3p1/2p5/P2pR3/6Q1/1PP2PPP/4RBK1 b - - 2 24,48,e1866,g8g7,-168,59,a8e8,0.0071,0.0088,0.0122,0.0151,a8e8,a8e8,a8e8,a8e8,267.0,0.0151,0.008,True,elite,03_elite_b3,2575,2395,2395,False,True,5,0.7041,0.1882
5rk1/2Q2pbp/3N2p1/p3p3/P3P2P/6PB/1PP2R1K/3q4 b - - 2 32,64,e1867,h7h5,-491,73,f7f5,0.0316,0.0267,0.0257,0.04,d1d4,d1d4,d1d4,d1d4,324.0,0.04,0.0084,True,elite,03_elite_b3,2375,2503,2503,False,True,1,0.8659,0.3314
r4rk1/bp1b1pp1/p2q1n1p/3p4/7Q/1P2PNP1/PB2BP1P/2RR2K1 b - - 6 20,40,e1869,f8c8,-102,4,f6e4,0.007,0.0047,0.0034,0.0032,f6e4,f6e4,f6e4,f6e4,293.0,0.007,-0.0038,True,elite,03_elite_b3,2502,2341,2341,False,True,2,0.5996,0.0451
3rr1k1/1p1q1pp1/p7/5b1p/1P1p4/PQ3NPn/4PP1P/3RRK1B b - - 1 26,52,e1872,d7c6,127,104,d7c6,0.0035,0.0027,0.0022,0.0021,d4d3,d4d3,d4d3,d4d3,110.0,0.0035,-0.0014,True,elite,03_elite_b3,2504,2370,2370,True,False,0,0.5642,0.0322
r4b1r/ppk4p/n1p1bpp1/8/2P1NPn1/1PN2B2/PB2P2P/2KR3R b - - 0 16,32,e1873,f8h6,-114,0,f8e7,0.0245,0.0289,0.0327,0.0421,f6f5,f6f5,f6f5,f6f5,267.0,0.0421,0.0176,True,elite,03_elite_b3,2445,2550,2550,False,True,2,0.6108,0.1022
4r1k1/p4ppp/b2p4/b1pN4/q3PN2/Pr3P2/5QPP/2RR2K1 b - - 12 26,52,e1878,g8h8,42,5,a5d8,0.0004,0.0005,0.0007,0.0012,b3a3,b3a3,b3a3,b3a3,207.0,0.0012,0.0008,True,elite,03_elite_b3,2623,2581,2581,False,True,0,0.552,0.04
3b2rk/p4ppp/8/3Q3N/q3P3/r4P2/6PP/2RR3K b - - 0 32,64,e1878,h7h6,-171,3,f7f6,0.0444,0.04,0.0273,0.017,d8b6,a4e8,a4e8,a4e8,305.0,0.0444,-0.0274,True,elite,03_elite_b3,2623,2581,2581,False,True,5,0.606,0.1262
2r2rk1/1p1nbpp1/p1p1p1bn/3pP1N1/1P1P1PP1/2P1B3/1P1NB3/R3K2R b KQ - 0 16,32,e1880,c8e8,-179,7,f8e8,0.0113,0.0107,0.0142,0.0336,e7g5,e7g5,e7g5,e7g5,244.0,0.0336,0.0223,True,elite,03_elite_b3,2513,2405,2405,False,True,2,0.6174,0.0721
5n1r/1p2b3/p1p1k1p1/3pP1P1/1P1P2K1/2P1B3/1P4N1/5R2 b - - 3 34,68,e1880,h8h7,-135,19,h8h2,0.0145,0.018,0.0228,0.0318,f8h7,f8h7,f8d7,f8d7,543.0,0.0318,0.0173,True,elite,03_elite_b3,2513,2405,2405,False,True,5,0.5455,0.1318
3rr1k1/p4pb1/1p1Bp3/nP2P2p/5P2/2P5/1P4BP/R2R2K1 b - - 2 26,52,e1883,d8c8,-307,21,g7h6,0.0098,0.0104,0.0129,0.0207,a5c4,a5c4,a5c4,a5c4,165.0,0.0207,0.0109,True,elite,03_elite_b3,2538,2495,2495,False,True,6,0.6679,0.0776
3rk2r/ppp2ppp/1n2p3/2P5/5q2/2N2nB1/PP2QK1P/R4B1R b k - 1 16,32,e1884,f4f5,-425,7,f4f5,0.0475,0.0407,0.0333,0.0304,d8d2,d8d2,d8d2,d8d2,346.0,0.0475,-0.0171,True,elite,03_elite_b3,2505,2429,2429,True,False,7,0.5666,0.002
3r1r2/5kb1/2p2pp1/8/2P1NP2/1P2RN2/Q5PK/3q4 b - - 5 30,60,e1885,g7h6,147,89,f8h8,0.0206,0.0144,0.0116,0.0102,f8h8,f8h8,f8h8,f8h8,145.0,0.0206,-0.0104,True,elite,03_elite_b3,2346,2609,2609,False,True,5,0.4263,0.0189
3r1b1r/5k2/2p2pp1/8/1PP1NP2/4RNK1/Q5P1/3q4 b - - 0 32,64,e1885,h8h5,-35,20,f7g7,0.0051,0.0054,0.0056,0.0074,d1h1,d1h1,f7g7,f8b4,456.0,0.0074,0.0023,True,elite,03_elite_b3,2346,2609,2609,False,True,6,0.5247,0.0202
r7/1p3pkp/6p1/2pP1PP1/3b3P/1P1P4/6B1/5R1K b - - 0 26,52,e1886,f7f6,-25,21,f7f6,0.0265,0.0186,0.0124,0.0088,a8a3,a8a3,a8a3,a8a3,338.0,0.0265,-0.0177,True,elite,03_elite_b3,2951,2995,2995,True,False,5,0.5798,0.1307
r2q1rk1/ppb2ppp/2n1pn2/2p4b/4P3/P1P2N1P/1P1N1PP1/R1BQRBK1 b - - 0 12,24,e1888,h7h6,48,10,h5g6,0.0164,0.0165,0.0195,0.0266,d8d6,d8d6,d8d6,d8d6,190.0,0.0266,0.0102,True,elite,03_elite_b3,2699,2475,2475,False,True,2,0.6729,0.0082
4rr1k/ppq3p1/3b3p/5p2/8/PQP1BN1P/5PP1/R4BK1 b - - 3 26,52,e1888,e8e3,-389,34,b7b6,0.0214,0.0221,0.0278,0.0355,f5f4,f5f4,f5f4,f5f4,104.0,0.0355,0.0141,True,elite,03_elite_b3,2699,2475,2475,False,True,7,0.5975,0.1051
r1k5/p1p3B1/1pp1p2p/4P3/4N1Pb/7P/PP4K1/8 b - - 0 30,60,e1889,c8d7,147,95,h4g5,0.0336,0.0302,0.0268,0.0257,c8b7,c8b7,h4g5,h4g5,146.0,0.0336,-0.0079,True,elite,03_elite_b3,2580,2496,2496,False,True,0,0.414,0.0546
2r3k1/1p4b1/3p1n1p/1n1P1p1q/1P2pP2/4N2P/r1B2BP1/1R1QR1K1 b - - 4 28,56,e1890,c8c2,402,23,h5g6,0.0094,0.007,0.0058,0.0042,b5c3,b5c3,h5d1,h5d1,312.0,0.0094,-0.0052,True,elite,03_elite_b3,2611,2443,2443,False,True,0,0.6151,0.09
2br1rk1/2p3b1/pp6/4n1N1/3N1pP1/1PP2P2/P5B1/2RR2K1 b - - 1 26,52,e1892,d8e8,-25,4,f8e8,0.017,0.019,0.0207,0.0197,c7c5,c7c5,c7c5,c7c5,147.0,0.0207,0.0027,True,elite,03_elite_b3,2363,2539,2539,False,True,5,0.5861,0.0087
r2r4/pp4nk/2pp1qp1/4Pp2/2P2P2/1PNR2Pp/P2Q3P/3R2K1 b - - 0 24,48,e1896,f6f7,-252,15,f6f7,0.0405,0.0327,0.0228,0.0177,d6e5,d6e5,d6e5,d6e5,277.0,0.0405,-0.0228,True,elite,03_elite_b3,2506,2520,2520,True,False,6,0.6105,0.0232
3q1rk1/1p4pp/4pp2/1N1p4/Pbr1n3/5QB1/2P2PPP/R2R2K1 b - - 1 18,36,e1902,b4c5,399,59,d8e7,0.02,0.0234,0.0263,0.0309,c4c2,c4c2,c4c2,c4c2,128.0,0.0309,0.0109,True,elite,03_elite_b3,2443,2512,2512,False,True,0,0.72,0.1439
3rk2r/p1qn1pp1/bppb1n1p/4p3/1PP1PP2/3N1N2/PBQ1B1PP/R4RK1 b k - 2 16,32,e1903,f6g4,-229,97,f6g4,0.0283,0.022,0.0187,0.0157,e5f4,e5f4,e5f4,e5f4,123.0,0.0283,-0.0126,True,elite,03_elite_b3,2772,2579,2579,True,False,6,0.7092,0.1211
6k1/5p2/7p/p2p3p/P4Q2/6P1/5P1K/1q6 b - - 3 32,64,e1904,b1b6,216,114,b1g6,0.0348,0.0313,0.0253,0.0221,b1g6,b1g6,b1g6,b1g6,126.0,0.0348,-0.0127,True,elite,03_elite_b3,2529,2479,2479,False,True,0,0.4228,0.1179
2r5/pp1k1p1b/1r2pp1p/3p4/2qP4/2N2P2/2PKN1PP/QR5R b - - 13 22,44,e1905,h7c2,-238,169,h7c2,0.0092,0.0076,0.0062,0.005,b6a6,b6a6,b6a6,b6a6,180.0,0.0092,-0.0042,True,elite,03_elite_b3,2381,2568,2568,True,False,7,0.7389,0.2878
2r5/4kp2/4pp1p/1p1p4/3P4/2Nb1P2/4NKPP/2R5 b - - 1 30,60,e1905,e7d7,-232,4,b5b4,0.003,0.0036,0.0036,0.005,b5b4,b5b4,b5b4,b5b4,340.0,0.005,0.002,True,elite,03_elite_b3,2381,2568,2568,False,True,7,0.6642,0.2126
2r1r1k1/1p3pp1/1p5p/3p4/4b2P/P3P1P1/1P3PB1/2RR2K1 b - - 1 22,44,e1908,c8c5,-70,9,c8c5,0.0235,0.0269,0.0314,0.0284,e4g2,e4g2,e4g2,e4g2,188.0,0.0314,0.0049,True,elite,03_elite_b3,2687,2653,2653,True,False,5,0.6458,0.2917
6k1/5pp1/6qp/R2QK3/8/3PP1P1/2r5/7R b - - 6 34,68,e1913,c2c6,0,188,g6g3,0.0045,0.0034,0.0028,0.0027,g6g3,g6g3,g6g3,g6g3,383.0,0.0045,-0.0018,True,elite,03_elite_b3,2604,2350,2350,False,True,7,0.4622,0.1187
1rb1n1k1/R5b1/p1p2p1p/Pp1p1PpP/1P1P2N1/3B4/K1P3P1/1N6 b - - 3 34,68,e1914,c8b7,28,170,g7f8,0.0435,0.0467,0.0441,0.0388,e8d6,e8d6,e8d6,e8d6,149.0,0.0467,-0.0047,True,elite,03_elite_b3,2531,2371,2371,False,True,2,0.4318,0.0406
6r1/Q2bqpk1/1p6/4Pp1p/1n4rP/4NN2/5PP1/R1R3K1 b - - 0 26,52,e1916,e7e8,-352,36,g4f4,0.0009,0.0008,0.0007,0.0008,b4d3,b4d3,b4d3,g4g6,118.0,0.0009,-0.0001,True,elite,03_elite_b3,2428,2589,2589,False,True,6,0.7257,0.19
2k2r1r/pppnb1pp/2n1p3/2P1P3/1P1P4/P1N5/4BB1P/2R2RK1 b - - 0 20,40,e1918,f8f2,-101,98,e7g5,0.0151,0.0127,0.0143,0.0165,e7g5,e7g5,e7g5,e7g5,103.0,0.0165,0.0014,True,elite,03_elite_b3,2502,2366,2366,False,True,2,0.6151,0.0157
3k1r2/p1pB2pp/2P5/2P1P3/5r2/P1nRB3/7P/6K1 b - - 6 34,68,e1918,c3e4,-129,92,c3e2,0.0074,0.0037,0.0025,0.002,f4f1,f4f1,f4f1,f4f1,301.0,0.0074,-0.0054,True,elite,03_elite_b3,2502,2366,2366,False,True,6,0.4629,0.0605
2b2rk1/p2p1ppp/2p1p3/2b1P3/5P2/3B4/PrPN2PP/R4R1K b - - 0 16,32,e1919,b2b4,149,6,f7f6,0.02,0.0179,0.0134,0.0088,c5e3,c5d4,c5d4,c5e3,412.0,0.02,-0.0112,True,elite,03_elite_b3,2378,2541,2541,False,True,0,0.6032,0.0938
4rbk1/8/4rqpp/ppp1n1p1/4RnP1/3PN1BP/PPP3B1/4RQK1 b - - 1 26,52,e1925,e5f7,-51,5,f8g7,0.0049,0.0052,0.0059,0.0076,f4g2,f4g2,f8d6,f8d6,194.0,0.0076,0.0027,True,elite,03_elite_b3,2433,2539,2539,False,True,2,0.6021,0.1282
1r2k2r/R2n1pp1/1pBb3p/2pNpb2/1p6/3PB1P1/1PR1PP1P/6K1 b k - 1 24,48,e1932,e8d8,-91,46,e8d8,0.0232,0.0181,0.0208,0.0371,b8d8,b8d8,b8d8,b8d8,315.0,0.0371,0.0139,True,elite,03_elite_b3,2551,2628,2628,True,False,2,0.5496,0.0133
1r1bk2r/R4R2/1p3p2/2p1p2p/1pP4P/4B1P1/1P2PP2/6K1 b - - 0 34,68,e1932,b8a8,-172,74,b8c8,0.0016,0.001,0.0008,0.0009,h8f8,h8f8,h8f8,h8f8,212.0,0.0016,-0.0007,True,elite,03_elite_b3,2551,2628,2628,False,True,5,0.5731,0.0227
3rr1k1/pp2bp2/4P1p1/q3p3/8/1P2PBPp/PQ3P1P/2RR2K1 b - - 0 26,52,e1936,f7f5,-139,76,e7a3,0.0126,0.0139,0.0188,0.0246,d8d1,d8d1,f7e6,f7e6,151.0,0.0246,0.012,True,elite,03_elite_b3,2730,2963,2963,False,True,5,0.6078,0.0763
3rr1k1/2bq2pp/1pp2pn1/p1p2P2/P1N1P3/1P1PB2b/2PQ2NP/R5RK b - - 0 20,40,e1938,b6b5,7,126,g6e5,0.0032,0.0014,0.0007,0.0005,g6e5,g6e5,g6e5,g6e5,113.0,0.0032,-0.0027,True,elite,03_elite_b3,2568,2383,2383,False,True,2,0.667,0.0961
1r6/RPr5/4p1k1/P2p1p2/6p1/3KP1P1/1R3P2/8 b - - 0 32,64,e1941,c7d7,-494,5,e6e5,0.0151,0.0119,0.0086,0.0069,g6f6,g6f6,g6f6,g6f6,119.0,0.0151,-0.0082,True,elite,03_elite_b3,2582,2565,2565,False,True,1,0.734,0.1831
1r6/RPr5/P5k1/3p1p2/4p1p1/4P1P1/1R1K1P2/8 b - - 1 34,68,e1941,d5d4,-728,42,d5d4,0.0491,0.0413,0.0417,0.0477,g6f6,g6f6,g6f6,g6f6,188.0,0.0491,-0.0014,True,elite,03_elite_b3,2582,2565,2565,True,False,1,0.7407,0.2041
4r1k1/pp3p1p/6p1/8/1Q2p3/P3B2P/5PPK/1n1r4 b - - 3 34,68,e1942,h7h5,-131,59,e8d8,0.0265,0.0225,0.0167,0.0199,b7b6,b7b6,b7b6,b7b6,251.0,0.0265,-0.0066,True,elite,03_elite_b3,2358,2507,2507,False,True,6,0.4125,0.0491
r4rk1/qpp2pp1/3pbn1p/p7/B3P3/2p2N1P/PP4PK/R1B1QN2 b - - 0 16,32,e1946,d6d5,-50,0,a7c5,0.0201,0.0097,0.0055,0.0062,c3b2,c3b2,c3b2,c3b2,186.0,0.0201,-0.0139,True,elite,03_elite_b3,3047,3043,3043,False,True,7,0.6335,0.1944
1r6/4kp1B/3bp3/3p4/pq1P4/1P1R4/2P2P2/1K1Q4 b - - 1 30,60,e1947,b8h8,313,40,b8h8,0.0099,0.0113,0.0166,0.0302,a4b3,a4b3,a4b3,a4b3,234.0,0.0302,0.0203,True,elite,03_elite_b3,2510,2474,2474,True,False,0,0.6642,0.1537
3r2k1/ppp3pp/8/4b3/8/4PP1P/PP1BK3/2R5 b - - 4 24,48,e1950,d8d5,-31,3,c7c6,0.002,0.0013,0.0011,0.0015,e5b2,e5b2,e5b2,e5b2,141.0,0.002,-0.0005,True,elite,03_elite_b3,2517,2693,2693,False,True,5,0.6175,0.1906
1r2k2r/p1pp1pb1/6pp/4P3/1pB5/5P2/PPP2P1P/2KRR3 b k - 0 18,36,e1956,e8e7,-36,8,e8e7,0.0053,0.0046,0.0087,0.0382,e8g8,e8g8,e8g8,e8g8,325.0,0.0382,0.0329,True,elite,03_elite_b3,2686,2767,2767,True,False,5,0.5437,0.0742
r2qr1k1/p2n1pbp/b2p1np1/1ppP4/4P3/P1N2NPP/1PQ2PB1/R1B1R1K1 b - - 0 14,28,e1957,d8c8,-52,11,d8c8,0.0036,0.0036,0.0038,0.0021,b5b4,b5b4,b5b4,b5b4,144.0,0.0038,-0.0015,True,elite,03_elite_b3,2480,2571,2571,True,False,3,0.7241,0.1362
r1q1r1k1/p2n1pbp/b2p1np1/2pP4/1p2PB2/P4NPP/1PQ2PB1/R2NR1K1 b - - 1 16,32,e1957,b4b3,-16,45,b4b3,0.0366,0.0283,0.0206,0.0143,b4a3,d7e5,d7e5,d7e5,170.0,0.0366,-0.0223,True,elite,03_elite_b3,2480,2571,2571,True,False,2,0.671,0.002
r2q1rk1/pp3bb1/2pp4/3n2pp/2BPNpPn/1PP2P1P/PBNQRK2/R7 b - - 5 26,52,e1958,d5e3,168,67,h5g4,0.0262,0.0339,0.0418,0.041,h5g4,h5g4,h5g4,h5g4,103.0,0.0418,0.0148,True,elite,03_elite_b3,2380,2523,2523,False,True,2,0.6989,0.157
2r3k1/4R1pp/2p3b1/p2pN1P1/np3R1P/8/PP6/7K b - - 3 34,68,e1960,c8f8,-153,101,c8f8,0.0402,0.0273,0.0154,0.0118,a4b2,a4b2,a4b2,a4b2,254.0,0.0402,-0.0284,True,elite,03_elite_b3,2546,2558,2558,True,False,5,0.5128,0.1148
r6r/1pNb2k1/n4qp1/p2P1p1p/2P2Q1P/8/PP2B1P1/R4RK1 b - - 0 20,40,e1963,f6b6,232,446,f6b6,0.0014,0.0018,0.0023,0.0031,a6c7,a6c7,a6c7,a6c7,441.0,0.0031,0.0017,True,elite,03_elite_b3,2363,2521,2521,True,False,5,0.5847,0.0429
r6r/1p1b3k/n2P1Qp1/p1q2p1p/2P4P/8/PP2B1P1/R4R1K b - - 2 24,48,e1963,h8g8,178,32,h8g8,0.037,0.0322,0.0249,0.0187,h8f8,a8f8,a8f8,a8f8,263.0,0.037,-0.0183,True,elite,03_elite_b3,2363,2521,2521,True,False,0,0.5726,0.0444
r3k1nr/1b1p1pbp/p3p1p1/1p6/4P2q/1BNPB3/PP1Q1PPP/R3R1K1 b kq - 4 14,28,e1968,h7h6,-155,13,g8h6,0.0123,0.0125,0.0169,0.0407,g7e5,g8e7,g8e7,g8e7,284.0,0.0407,0.0284,True,elite,03_elite_b3,2513,2416,2416,False,True,3,0.5951,0.0049
b3kr2/4bN2/1R2p1pP/4P3/2p1pB2/2p1P2Q/1P3P1P/6K1 b - - 0 28,56,e1969,a8d5,-684,305,c3c2,0.0139,0.0147,0.0155,0.0184,e8f7,e8f7,e8f7,e8f7,1314.0,0.0184,0.0045,True,elite,03_elite_b3,2412,2630,2630,False,True,1,0.8679,0.3598
4Q3/p5bk/1p1q2pp/8/3PBN2/4P1P1/PP3P1K/2r5 b - - 15 34,68,e1971,c1c8,-819,22,d6f8,0.0283,0.0235,0.0174,0.012,c1f1,d6f6,d6f6,d6f6,1172.0,0.0283,-0.0163,True,elite,03_elite_b3,2686,2401,2401,False,True,1,0.8146,0.177
r2r2k1/1p1q1p2/5Qbp/p7/2B5/1P5P/5PP1/4RNK1 b - - 0 24,48,e1973,d7c6,0,93,d7d6,0.016,0.0166,0.0174,0.017,d8e8,d8e8,d8e8,d8e8,550.0,0.0174,0.001,True,elite,03_elite_b3,2510,2361,2361,False,True,0,0.4669,0.0427
r2r1k2/1p6/4B1Qp/p7/5q2/1P4NP/5PP1/6K1 b - - 2 28,56,e1973,a8a6,393,161,f8e7,0.0248,0.0195,0.0165,0.0224,d8d1,d8d1,d8d1,d8d1,176.0,0.0248,-0.0024,True,elite,03_elite_b3,2510,2361,2361,False,True,6,0.3149,0.0639
2r1r1k1/Qp3pp1/6b1/2n3q1/1n2p3/2N1P3/PP1BBP2/1K1R3R b - - 3 22,44,e1975,b4c6,-52,29,g5f6,0.035,0.021,0.0103,0.0065,c8a8,c8a8,c8a8,c5d3,210.0,0.035,-0.0285,True,elite,03_elite_b3,2402,2526,2526,False,True,0,0.4728,0.0083
3r4/4k3/2P2p2/pp2p3/3pP3/8/PP3KPP/2R5 b - - 0 32,64,e1977,d8h8,-237,108,d8h8,0.0028,0.0015,0.0013,0.0017,d8c8,d8c8,d8c8,d8c8,140.0,0.0028,-0.0011,True,elite,03_elite_b3,2965,2728,2728,True,False,5,0.5554,0.1668
3r1rk1/2p2ppp/p1p5/2b4q/P2NpBb1/2P3P1/1P1Q3P/RN2R1K1 b - - 0 16,32,e1981,c5a7,-82,35,c5a7,0.0048,0.005,0.0044,0.0034,f8e8,f8e8,g4f3,g4f3,128.0,0.005,-0.0014,True,elite,03_elite_b3,2520,2316,2316,True,False,7,0.6965,0.2027
4rrk1/B1p4p/p1p5/6pq/P4pb1/1NP1p1P1/1P1N3P/R3RQK1 b - - 1 22,44,e1981,e8e6,-21,115,e8e6,0.0019,0.0014,0.0014,0.0021,e3d2,e3d2,e3d2,e3d2,135.0,0.0021,0.0002,True,elite,03_elite_b3,2520,2316,2316,True,False,7,0.5887,0.3117
3rr1k1/2bq1pp1/R1p1bn1p/3pp3/1P2Pn2/3P1NNP/2QB1PP1/4RBK1 b - - 0 20,40,e1983,f4g6,-92,21,d5e4,0.0178,0.017,0.0165,0.0168,d5e4,d5e4,d5e4,d5e4,105.0,0.0178,-0.001,True,elite,03_elite_b3,2687,2517,2517,False,True,2,0.6581,0.1178
1b1rr1k1/3q1pp1/2R1bn2/1P2p3/4Pn1p/2R2N1P/2QBNPP1/5BK1 b - - 1 26,52,e1983,f4d3,-58,160,f6e4,0.0258,0.0266,0.0339,0.0474,f4e2,f4e2,f4e2,f4e2,227.0,0.0474,0.0216,True,elite,03_elite_b3,2687,2517,2517,False,True,6,0.6068,0.0397
2r3k1/pp1r1ppp/1qn1bn2/1B2p3/Q2P4/P3PP2/4N1PP/B1RR2K1 b - - 0 18,36,e1985,e5e4,-50,1,e5d4,0.0348,0.0318,0.0296,0.0296,e5d4,e5d4,e5d4,e5d4,103.0,0.0348,-0.0052,True,elite,03_elite_b3,2640,2578,2578,False,True,2,0.6202,0.0894
r4rk1/ppp2npp/2nbq3/1B1NpQ2/3pP3/1P4P1/PBPP3P/R4RK1 b - - 3 16,32,e1988,c6d8,30,53,e6f5,0.007,0.0069,0.0085,0.0146,e6f5,e6f5,e6f5,e6f5,100.0,0.0146,0.0076,True,elite,03_elite_b3,2486,2519,2519,False,True,2,0.5129,0.022
3rr1k1/ppq2ppp/2p2nb1/3P4/2P1p3/1PN5/PB2BPPb/R2QR2K b - - 1 18,36,e1989,c7f4,526,77,h2e5,0.0345,0.0288,0.0322,0.0469,h2e5,h2e5,h2e5,h2e5,112.0,0.0469,0.0124,True,elite,03_elite_b3,2564,2495,2495,False,True,4,0.7792,0.1363
rnbq1rk1/1p4bp/6p1/1p1p4/p2Pp3/P1N1P1P1/1B3PBP/R2Q1RK1 b - - 1 16,32,e1990,b8a6,45,18,c8e6,0.016,0.0123,0.0115,0.0157,c8d7,c8d7,c8d7,c8d7,256.0,0.016,-0.0003,True,elite,03_elite_b3,2558,2527,2527,False,True,2,0.6272,0.0961
rn3rk1/1p4bp/6p1/2Np2q1/1p1Pp1b1/PQ2P1P1/1B3PBP/1R3RK1 b - - 4 20,40,e1990,f8f7,-67,72,f8f3,0.0208,0.0202,0.0194,0.0171,b8c6,b4a3,b4a3,b4a3,229.0,0.0208,-0.0037,True,elite,03_elite_b3,2558,2527,2527,False,True,2,0.5972,0.0106
6r1/1p5p/4k3/4bp2/1Pp1p2P/2P1P2B/rP1RKP2/7R b - - 4 26,52,e1991,g8g6,-9,10,b7b5,0.0054,0.0067,0.0078,0.0087,e5c3,e5c3,e5c3,e5c3,341.0,0.0087,0.0033,True,elite,03_elite_b3,2455,2518,2518,False,True,5,0.5895,0.0979
5rk1/1p4p1/1r5p/1PR2n2/3p1P2/5NPP/7K/3R4 b - - 1 34,68,e1992,b6e6,-21,1,f8d8,0.0156,0.014,0.0137,0.0167,f5e3,f5e3,f5e3,f5e3,134.0,0.0167,0.0011,True,elite,03_elite_b3,2573,2547,2547,False,True,5,0.5383,0.13
2r2qk1/pb3ppp/1p2p3/4P3/2nN4/P5Q1/5PPP/R2R2K1 b - - 1 20,40,e1994,h7h6,-90,5,f8c5,0.0135,0.0174,0.0218,0.0351,c4b2,f8c5,f8c5,f8c5,306.0,0.0351,0.0216,True,elite,03_elite_b3,2468,2503,2503,False,True,2,0.5126,0.0038
5rk1/R4ppp/1p2p3/2qbQ1N1/7P/8/5PP1/3R2K1 b - - 0 26,52,e1994,c5c4,-451,14,f7f6,0.0166,0.0154,0.0141,0.0128,f7f6,c5c2,b6b5,b6b5,228.0,0.0166,-0.0038,True,elite,03_elite_b3,2468,2503,2503,False,True,7,0.5975,0.0027
5r1k/4R2p/5pp1/1p4q1/6Q1/5P2/5P2/R5K1 b - - 4 34,68,e1994,b5b4,-563,3,g5c5,0.0044,0.0021,0.0012,0.0011,g5c5,g5c5,g5c5,g5c5,1427.0,0.0044,-0.0033,True,elite,03_elite_b3,2468,2503,2503,False,True,1,0.6688,0.1861
5rk1/2R2ppp/p7/1pb5/8/1P2P1P1/PBn2P2/5K2 b - - 1 28,56,e2000,c2e3,213,215,c2e3,0.0356,0.0334,0.0312,0.0357,c5b6,c5b6,c5b6,c5b6,301.0,0.0357,0.0001,True,elite,03_elite_b3,2671,2760,2760,True,False,5,0.4053,0.0865
1r1q2k1/1p1r2b1/1P1Nb1pp/Q1P1pp2/P2p4/3P2P1/5PBP/2R2RK1 b - - 0 26,52,e2001,g8h7,-345,24,g7f8,0.0321,0.0417,0.0448,0.0434,g7f8,g7f8,g7f8,g7f8,126.0,0.0448,0.0113,True,elite,03_elite_b3,2530,2532,2532,False,True,6,0.7724,0.1839
1r1q2k1/1p6/1P1r2pp/Q3Rb2/P7/3p2P1/5PBP/1R4K1 b - - 1 32,64,e2001,b8c8,-68,72,d3d2,0.0072,0.0056,0.0057,0.0098,d3d2,d3d2,d3d2,d3d2,119.0,0.0098,0.0026,True,elite,03_elite_b3,2530,2532,2532,False,True,5,0.5873,0.0809
r3nrk1/1b1n1ppp/3qp3/p2pN1P1/1PpP1P2/2P1PQ2/1PBN3P/R4RK1 b - - 0 18,36,e2003,d6e7,-236,85,a5b4,0.0009,0.0004,0.0002,0.0001,a5b4,a5b4,a5b4,a5b4,150.0,0.0009,-0.0008,True,elite,03_elite_b3,2526,2484,2484,False,True,6,0.64,0.1014
r1b2rk1/ppp1qppp/5n2/8/2BB1P2/4P3/PPQ3PP/R3K2R b KQ - 2 14,28,e2005,f8d8,-15,1,f6e4,0.0348,0.0293,0.0241,0.0269,c8e6,c7c5,c7c5,c7c5,350.0,0.0348,-0.0079,True,elite,03_elite_b3,2564,2468,2468,False,True,3,0.6238,0.1409
r1bq1rk1/pp3ppp/5n2/4p3/3b4/1PN2B2/PBP2PPP/R2QR1K1 b - - 1 14,28,e2006,e5e4,43,40,f8e8,0.044,0.03,0.023,0.0122,f8e8,f8e8,d8b6,d8b6,146.0,0.044,-0.0318,True,elite,03_elite_b3,2736,2673,2673,False,True,2,0.58,0.024
r3r1k1/ppqb1ppp/5n2/2Q5/N7/1P3B2/P1P2PPP/R3R1K1 b - - 2 18,36,e2006,e8c8,-93,10,d7c6,0.0038,0.0037,0.0042,0.0051,c7c5,c7c5,c7c5,c7c5,199.0,0.0051,0.0013,True,elite,03_elite_b3,2736,2673,2673,False,True,5,0.6186,0.172
5k2/1R3p2/1p1r2p1/4N2p/n1P4P/6P1/2P2P2/5K2 b - - 1 34,68,e2006,f7f5,-146,129,a4b2,0.0241,0.0187,0.0142,0.013,d6f6,d6f6,d6f6,d6f6,394.0,0.0241,-0.0111,True,elite,03_elite_b3,2736,2673,2673,False,True,5,0.6217,0.2328
6k1/5pp1/p4n2/7p/P1pP4/q1NbP1PP/1r3PB1/2R1Q1K1 b - - 14 32,64,e2007,a3d6,-26,15,a3d6,0.0129,0.0162,0.018,0.0188,b2c2,b2c2,b2c2,b2c2,105.0,0.0188,0.0059,True,elite,03_elite_b3,3036,3043,3043,True,False,5,0.5682,0.0109
5nk1/pp6/4pp2/3p3P/3P4/2R2NP1/q3rPK1/5R2 b - - 6 34,68,e2011,e2c2,397,48,e2c2,0.0275,0.0308,0.0321,0.0341,e6e5,a2a5,a2a5,a2a5,121.0,0.0341,0.0066,True,elite,03_elite_b3,2399,2688,2688,True,False,4,0.8838,0.4467
6r1/1pq5/2pNpb1k/P3p1rp/P1P1Pp2/5Q1P/5PP1/3R2RK b - - 0 32,64,e2013,c6c5,-170,98,g8g7,0.0482,0.041,0.0322,0.0223,c7a5,c7a5,c7a5,c7a5,379.0,0.0482,-0.0259,True,elite,03_elite_b3,2704,2544,2544,False,True,6,0.6359,0.0181
r4rk1/1p2bp1p/2n2n2/2Ppp1p1/1P4P1/P4P1R/1B1NB1P1/2K4R b - - 0 20,40,e2016,f8b8,-154,15,g8g7,0.0079,0.0107,0.017,0.0235,d5d4,d5d4,d5d4,d5d4,154.0,0.0235,0.0156,True,elite,03_elite_b3,2608,2504,2504,False,True,6,0.62,0.0555
3r1k1r/1p2Np1p/5n2/2P1n1B1/1PBp2P1/P4P1R/2K5/7R b - - 0 30,60,e2016,f6g4,-596,46,e5c4,0.0009,0.0008,0.0009,0.0011,f8e7,f8e7,f8e7,f8e7,159.0,0.0011,0.0002,True,elite,03_elite_b3,2608,2504,2504,False,True,1,0.8098,0.1552
2rq1r1k/p2n1pp1/1p2p2p/4P2P/2bN1PQ1/1NB5/PP5P/1K1R4 b - - 1 24,48,e2022,d8e8,329,4,d7c5,0.0089,0.0088,0.01,0.012,c4b3,c4b3,c4b3,c4b3,148.0,0.012,0.0031,True,elite,03_elite_b3,2737,2956,2956,False,True,0,0.5928,0.0857
5r1k/p4pp1/7p/2p1Pq1P/P4Q2/2Br4/1P5P/K4R2 b - - 0 34,68,e2022,d3d1,667,247,d3d1,0.0125,0.0079,0.0056,0.0054,f5f4,f5f4,f5f4,f5f4,334.0,0.0125,-0.0071,True,elite,03_elite_b3,2737,2956,2956,True,False,4,0.6631,0.096
rnb1k2r/pp1ppp1p/6pB/q1P1P2n/8/2P5/P1P1NPPP/R2QKB1R b KQkq - 4 8,16,e2024,h8g8,-116,57,h8g8,0.0038,0.0034,0.0034,0.0047,a5c5,a5c5,a5c5,a5c5,164.0,0.0047,0.0009,True,elite,03_elite_b3,2511,2451,2451,True,False,3,0.5246,0.0895
r7/ppq1r1kp/2nR1pp1/2Q1p3/8/2P5/P1P2PBP/1R4K1 b - - 7 22,44,e2024,e5e4,225,45,a8c8,0.0488,0.0443,0.0412,0.0337,a8d8,a8d8,a8d8,a8c8,133.0,0.0488,-0.0151,True,elite,03_elite_b3,2511,2451,2451,False,True,0,0.6548,0.2131
2r3k1/1q2bppp/4p3/3bN3/1p1NnP2/3QP3/1P3PBP/R5K1 b - - 1 22,44,e2026,h7h6,60,12,e7f6,0.0116,0.0101,0.0083,0.0069,e4c5,e4c5,e4c5,e4c5,119.0,0.0116,-0.0047,True,elite,03_elite_b3,2617,2500,2500,False,True,2,0.534,0.0345
r1bq1rk1/4npb1/p1n1p3/2Np3p/QP1P2p1/4P3/3BBPPP/R3NRK1 b - - 2 20,40,e2031,a8a7,-122,91,e6e5,0.005,0.0057,0.0061,0.0068,c8d7,c8d7,c8d7,c6b8,113.0,0.0068,0.0018,True,elite,03_elite_b3,2515,2466,2466,False,True,2,0.6826,0.0892
2r3k1/3q1pp1/1pp4p/3pBbb1/1N1Pn3/2PB1Q1P/1P3PP1/R5K1 b - - 1 28,56,e2045,g5h4,0,1,f5g6,0.0064,0.0057,0.0043,0.0032,c6c5,c6c5,c6c5,c6c5,467.0,0.0064,-0.0032,True,elite,03_elite_b3,2987,2969,2969,False,True,2,0.6064,0.1103
r3r1k1/ppp1qpb1/3pbnpp/1P3p2/P1PP4/3BPN2/2QN1PPP/1RR3K1 b - - 0 16,32,e2049,g7f8,-13,11,a7a5,0.003,0.0024,0.0019,0.0027,b7b6,b7b6,b7b6,g6g5,207.0,0.003,-0.0003,True,elite,03_elite_b3,2489,2643,2643,False,True,2,0.6778,0.0923
2rqrbk1/1p1b1p2/1p1p2pp/pN1P1p2/P1P1n3/1R1NP3/2Q2PPP/1R3BK1 b - - 15 26,52,e2049,h6h5,147,1,d8f6,0.0431,0.0237,0.0121,0.0145,e4c5,e4c5,e4c5,e4c5,117.0,0.0431,-0.0286,True,elite,03_elite_b3,2489,2643,2643,False,True,2,0.6385,0.1397
5rk1/1p1R1npp/8/7P/2P1r1P1/1PB2pK1/1P3P2/R7 b - - 4 34,68,e2053,g7g6,-521,12,b7b5,0.0078,0.0036,0.0019,0.0018,f7g5,f7g5,f7g5,f7g5,1475.0,0.0078,-0.006,True,elite,03_elite_b3,2629,2558,2558,False,True,1,0.7358,0.0688
2r3k1/1Rp3p1/2P1bp2/1p6/4Q2p/4B2P/5PPK/q7 b - - 3 30,60,e2057,a1a2,-6,23,a1a2,0.0338,0.0225,0.0151,0.01,a1e5,a1e5,a1e5,a1e5,177.0,0.0338,-0.0238,True,elite,03_elite_b3,3043,3047,3047,True,False,5,0.5079,0.0298
2rq1rk1/pb3p1p/1p2p1p1/4N1b1/1nPP1n2/5N2/PB3PPP/RB1RQ1K1 b - - 5 18,36,e2063,f7f6,29,57,b4c6,0.0492,0.0392,0.0298,0.0261,b4c6,b4c6,b4c6,b4c6,240.0,0.0492,-0.0231,True,elite,03_elite_b3,2530,2416,2416,False,True,2,0.6591,0.0358
rn2kb1r/1b1p1ppp/1q2pn2/2pP4/2B1P3/2N5/PP1B1PPP/R2QK1NR b KQkq - 1 10,20,e2064,f6e4,-8,104,f6e4,0.0069,0.0065,0.0056,0.0031,b6b2,b6b2,b6b2,b6b2,384.0,0.0069,-0.0038,True,elite,03_elite_b3,2537,2518,2518,True,False,3,0.754,0.2594
r3r1k1/pp3ppn/4b1n1/q2pP2Q/2pP4/P1P2P1p/2BBNRPP/R5K1 b - - 1 20,40,e2068,b7b5,-376,16,g6f8,0.0451,0.0329,0.0246,0.0275,h3g2,h3g2,h3g2,h3g2,129.0,0.0451,-0.0176,True,elite,03_elite_b3,2610,2606,2606,False,True,6,0.7141,0.1421
rn4k1/p1q2pp1/2p2pp1/8/8/3Q4/PPP1B2P/2KR4 b - - 1 20,40,e2069,g8f8,-105,167,g8h7,0.0058,0.0072,0.0139,0.0424,b8d7,b8d7,b8d7,b8d7,225.0,0.0424,0.0366,True,elite,03_elite_b3,2959,2734,2734,False,True,5,0.4393,0.093
3r4/2qrbpk1/R3p1p1/B1pnPn1p/4NP2/1Q3NP1/1P5P/R5K1 b - - 1 30,60,e2071,d8b8,27,12,c7b8,0.0315,0.0315,0.034,0.0323,c7c8,c7c8,c7b7,c7b7,278.0,0.034,0.0008,True,elite,03_elite_b3,2506,2389,2389,False,True,2,0.456,0.0088
5r1k/6pp/3p4/3Pb3/1PP1p2q/Q6P/4BP2/5R1K b - - 2 28,56,e2074,g7g5,447,10,g7g6,0.0489,0.0382,0.0282,0.0271,h4f4,h4f4,h4f4,h4f4,445.0,0.0489,-0.0218,True,elite,03_elite_b3,2598,2612,2612,False,True,0,0.6215,0.2523
r2r2k1/pp2qpp1/2pb1n1p/1Pn1p3/P1P1P1bN/B1N3P1/2Q2PBP/R3R1K1 b - - 8 16,32,e2077,c5d3,159,113,c5e6,0.0086,0.0076,0.0065,0.004,c6b5,c5e6,c5e6,c5e6,111.0,0.0086,-0.0046,True,elite,03_elite_b3,2437,2516,2516,False,True,2,0.707,0.1492
4r2k/pp1qNpp1/3r3p/1P2QP2/P7/5KP1/7P/R3R3 b - - 2 30,60,e2077,e8e7,-17,274,d6d2,0.0125,0.0083,0.0067,0.0064,d6d3,d6d3,d6d3,d6d3,295.0,0.0125,-0.0061,True,elite,03_elite_b3,2437,2516,2516,False,True,7,0.6264,0.2431
r1r3k1/p4ppp/1pn1pn2/8/2qPP3/P1P1B3/2Q1N1PP/R4RK1 b - - 0 18,36,e2080,f6e4,57,0,f6e4,0.0329,0.0159,0.0069,0.003,f6g4,c6a5,c6a5,c6a5,224.0,0.0329,-0.0299,True,elite,03_elite_b3,2632,2662,2662,True,False,2,0.5655,0.0876
r2qkb1r/pp3ppp/2n1p3/5nP1/3p1P2/1P1P1N2/PBPNQ2P/2KR3R b kq - 1 14,28,e2084,d8c7,80,7,f8b4,0.0064,0.0083,0.0114,0.0125,f5e3,f5e3,f5e3,f5e3,178.0,0.0125,0.0061,True,elite,03_elite_b3,2446,2533,2533,False,True,2,0.6508,0.0858
6k1/2pQ1pb1/2p1P1p1/2P4p/5q2/6rP/5B2/1R2RK2 b - - 0 32,64,e2087,g8h7,-275,166,f7e6,0.002,0.001,0.0006,0.0005,f4c4,f4c4,f4c4,f4c4,310.0,0.002,-0.0015,True,elite,03_elite_b3,2500,2559,2559,False,True,7,0.6286,0.2229
1r3k2/Rb3pp1/4p2p/1Pr5/2P5/4PP2/3NRKPP/8 b - - 2 26,52,e2088,e6e5,-420,18,f8e7,0.0487,0.0304,0.0213,0.0166,f8e7,f8e7,f8e7,f8e7,107.0,0.0487,-0.0321,True,elite,03_elite_b3,2532,2331,2331,False,True,1,0.6645,0.0407
2r5/1br2pp1/1k2p2p/1PP5/4P3/1NR2P2/4K1PP/2R5 b - - 0 34,68,e2088,b6a7,-722,37,b6b5,0.0478,0.0363,0.0317,0.0434,b6b5,b6b5,b6b5,b6b5,1272.0,0.0478,-0.0044,True,elite,03_elite_b3,2532,2331,2331,False,True,6,0.6343,0.0117
r1bq2n1/pppn1kbQ/6p1/3p4/4P3/2N5/PPP2PPP/R1B1KB1R b KQ - 0 10,20,e2094,d7f8,252,557,d7f8,0.017,0.0117,0.0079,0.0059,d7f6,d7f6,d7f6,d7f6,685.0,0.017,-0.0111,True,elite,03_elite_b3,2758,2810,2810,True,False,6,0.4808,0.0686
1n1r1rk1/pp1q1ppp/3p2b1/1P4Q1/2B4P/2B5/P4PP1/3RR1K1 b - - 0 20,40,e2096,d8c8,-197,45,d7f5,0.0215,0.0134,0.0087,0.0064,h7h6,h7h6,h7h6,h7h6,1798.0,0.0215,-0.0151,True,elite,03_elite_b3,2612,2620,2620,False,True,6,0.6448,0.0875
1r4k1/pp1n1ppp/3R4/1P1B1b2/1B5P/5P2/P5P1/6K1 b - - 0 26,52,e2096,h7h5,-81,22,d7f8,0.0272,0.0239,0.0204,0.0295,d7b6,d7b6,d7b6,d7b6,179.0,0.0295,0.0023,True,elite,03_elite_b3,2612,2620,2620,False,True,5,0.6227,0.1687
3r2k1/p1r2pb1/7p/1q6/4B2P/1N1p1QP1/PP3PK1/3R4 b - - 1 28,56,e2102,b5b6,112,7,d3d2,0.0015,0.0012,0.0009,0.0006,c7d7,c7d7,c7d7,c7d7,161.0,0.0015,-0.0009,True,elite,03_elite_b3,2732,2961,2961,False,True,5,0.4172,0.0068
1r4k1/5pb1/2p3p1/R3p2p/8/4B1P1/P3PP1P/6K1 b - - 0 24,48,e2103,g7f8,-53,36,b8b2,0.0257,0.0241,0.0257,0.035,b8b1,b8b1,b8b2,b8b2,148.0,0.035,0.0093,True,elite,03_elite_b3,2500,2464,2464,False,True,5,0.5792,0.2078
R7/5p1k/1Bp3pb/P3p2p/8/6P1/4rP1P/6K1 b - - 2 28,56,e2103,e2b2,-259,32,e2b2,0.0327,0.0384,0.0442,0.0443,e2a2,e2a2,e2a2,e2a2,239.0,0.0443,0.0116,True,elite,03_elite_b3,2500,2464,2464,True,False,5,0.5522,0.1369
5k2/p4pp1/1p1b3p/2pP4/4R3/7P/PP3PK1/8 b - - 0 32,64,e2109,h6h5,-288,7,b6b5,0.0093,0.0065,0.0045,0.0045,f7f5,f7f5,f7f5,f7f5,155.0,0.0093,-0.0048,True,elite,03_elite_b3,2703,2659,2659,False,True,5,0.5303,0.1845
5k2/p4p2/3b2pp/1ppP4/4RP2/5K1P/PP6/8 b - - 1 34,68,e2109,a7a6,-295,2,a7a5,0.0245,0.0267,0.0213,0.0129,c5c4,a7a5,f7f5,f7f5,268.0,0.0267,-0.0116,True,elite,03_elite_b3,2703,2659,2659,False,True,5,0.5176,0.1899
4N3/p6k/b1p3pp/5n2/3q4/3P1Q1P/P5P1/5R1K b - - 2 28,56,e2114,d4e5,-129,163,d4e5,0.0209,0.0251,0.0329,0.0455,a6d3,a6d3,a6d3,a6d3,380.0,0.0455,0.0246,True,elite,03_elite_b3,2505,2381,2381,True,False,5,0.5343,0.1048
r3kbnr/pp3pp1/2n1p3/2q1P2p/7P/2N2N2/PP2QPP1/R1B1K2R b KQkq - 1 12,24,e2120,c5a5,-122,14,g8h6,0.028,0.0277,0.0247,0.0242,e8c8,e8c8,g8e7,g8e7,175.0,0.028,-0.0038,True,elite,03_elite_b3,2579,2504,2504,False,True,3,0.6514,0.1491
2r5/pp3pk1/4q1np/7Q/7P/4N1P1/PP3P2/3R2K1 b - - 2 26,52,e2120,g7h7,-338,8,g6e7,0.0335,0.0391,0.0412,0.0333,e6a2,e6a2,e6a2,e6a2,358.0,0.0412,-0.0002,True,elite,03_elite_b3,2579,2504,2504,False,True,5,0.6832,0.0659
r1bqkb1r/p6p/2p1ppp1/2pp3n/3P3B/2P1P3/PP1N1PPP/R2QKB1R b KQkq - 1 10,20,e2121,a7a5,-7,1,f8e7,0.0068,0.0056,0.0044,0.0037,g6g5,g6g5,g6g5,g6g5,529.0,0.0068,-0.0031,True,elite,03_elite_b3,2511,2356,2356,False,True,3,0.7641,0.1553
7r/pp4k1/2p1qnp1/3bN2p/3P1R2/3Q2NP/PP4PK/8 b - - 3 28,56,e2124,e6e8,-40,105,h8h6,0.0093,0.0116,0.0145,0.0175,h8h6,h8h6,h8h6,h8h6,104.0,0.0175,0.0082,True,elite,03_elite_b3,2503,2353,2353,False,True,5,0.6087,0.0433
8/pp4k1/4qnpr/2pbN2p/3P1R2/2NQ3P/PP4PK/8 b - - 1 30,60,e2124,a7a6,-202,32,g6g5,0.0105,0.0108,0.0111,0.0137,c5d4,c5d4,c5d4,c5d4,103.0,0.0137,0.0032,True,elite,03_elite_b3,2503,2353,2353,False,True,5,0.6419,0.0786
r7/4b3/2bpp1k1/p5PN/1pR1P1QP/8/PPP2r1q/1K1R4 b - - 1 28,56,e2127,a8a6,-263,3,c6b5,0.013,0.0147,0.0162,0.0226,c6d7,c6d7,c6d7,c6d7,219.0,0.0226,0.0096,True,elite,03_elite_b3,2518,2378,2378,False,True,6,0.5808,0.1318
2R4r/4b3/3ppNk1/pb4P1/1p2P1QP/8/PPP2r1q/1K1R4 b - - 5 30,60,e2127,e7d8,-268,89,b5e2,0.0044,0.0033,0.0029,0.0034,h8c8,h8c8,h8c8,h8c8,1729.0,0.0044,-0.001,True,elite,03_elite_b3,2518,2378,2378,False,True,6,0.5768,0.2028
3r2k1/p2q1pbp/2R3p1/3Pr3/7P/3QB3/P4PP1/3R2K1 b - - 0 22,44,e2128,g7f8,-85,93,h7h5,0.0008,0.0005,0.0003,0.0003,e5d5,e5d5,e5d5,e5d5,591.0,0.0008,-0.0005,True,elite,03_elite_b3,2720,2756,2756,False,True,5,0.6311,0.1625
r1b3k1/4qr1p/3pNP2/1ppPp3/1p2P2P/5Q2/P7/R4R1K b - - 0 28,56,e2132,e7e6,-516,2,e7e8,0.0085,0.0097,0.0107,0.0117,f7f6,e7d7,e7d7,e7a7,443.0,0.0117,0.0032,True,elite,03_elite_b3,2513,2550,2550,False,True,6,0.6997,0.1919
6k1/4pp2/3p2pp/1NpP4/2B1Q3/7P/1rP2PPK/q7 b - - 3 22,44,e2134,a1a4,311,309,g8f8,0.0375,0.0405,0.0397,0.0384,b2b1,b2b1,b2b1,b2b1,671.0,0.0405,0.0009,True,elite,03_elite_b3,2588,2550,2550,False,True,7,0.6633,0.2569
2r1r1k1/p1qnBp1p/b3p1pP/2p1P3/2Pp1QN1/P2P1NP1/5PB1/2n1R1K1 b - - 0 26,52,e2135,f7f5,-397,18,e8e7,0.0052,0.0106,0.0233,0.0481,c1d3,c1d3,c1d3,c1d3,222.0,0.0481,0.0429,True,elite,03_elite_b3,2534,2498,2498,False,True,6,0.6996,0.2717
r1rq2k1/pp1n1pp1/4pnbp/2b5/4P3/2N2NP1/PP1B1PBP/RQ1R2K1 b - - 2 16,32,e2136,b7b5,188,10,d8e7,0.0096,0.0052,0.0028,0.0032,f6g4,d8b6,d8b6,d8b6,141.0,0.0096,-0.0064,True,elite,03_elite_b3,2560,2541,2541,False,True,2,0.6814,0.073
2r3rk/p1q1b2p/2p2pb1/2ppp3/P3P2Q/1P1P1N1P/1BP3P1/R4RK1 b - - 5 20,40,e2140,c5c4,19,1,g8g7,0.0231,0.0141,0.0131,0.02,f6f5,f6f5,f6f5,f6f5,276.0,0.0231,-0.0031,True,elite,03_elite_b3,2815,2758,2758,False,True,2,0.6723,0.1614
6rk/p3b1rp/2p4Q/2pp1R2/P3p1P1/1P4qP/2P5/2B1RK2 b - - 3 28,56,e2140,g8f8,435,271,e7h4,0.038,0.0393,0.0421,0.0446,e7h4,e7h4,e7h4,e7h4,410.0,0.0446,0.0066,True,elite,03_elite_b3,2815,2758,2758,False,True,0,0.6644,0.2508
6k1/2pnbrp1/5p1p/N1pQp3/4P3/1R1PBP2/2q2P2/6K1 b - - 3 30,60,e2144,f6f5,0,0,f6f5,0.0074,0.0044,0.0032,0.0032,d7b6,d7b6,d7b6,d7b6,387.0,0.0074,-0.0042,True,elite,03_elite_b3,3003,2994,2994,True,False,0,0.5209,0.0871
2b2rk1/5pp1/2Bp3p/p1nNp3/P1P4q/6P1/1r3P1P/R2Q1RK1 b - - 0 18,36,e2146,h4d8,168,21,h4c4,0.0194,0.0213,0.0237,0.0279,h4c4,h4c4,h4c4,h4c4,130.0,0.0279,0.0085,True,elite,03_elite_b3,2526,2526,2526,False,True,0,0.6296,0.1738
8/8/4pk2/p1r1p1p1/P3R1P1/5PK1/r3R3/8 b - - 1 34,68,e2146,c5c2,416,0,a2e2,0.0477,0.0337,0.0281,0.0309,a2a3,a2a3,a2a3,a2a3,317.0,0.0477,-0.0168,True,elite,03_elite_b3,2526,2526,2526,False,True,0,0.4649,0.0964
r2qk2r/p3bppp/8/1pp1N2b/4QP2/3P1N2/PP4BP/n1B2K1R b kq - 3 16,32,e2148,a8c8,209,97,a8c8,0.0189,0.0165,0.0253,0.0496,a1c2,a1c2,e8g8,e8g8,388.0,0.0496,0.0307,True,elite,03_elite_b3,2353,2683,2683,True,False,6,0.521,0.071
3rr1k1/ppqn1pbb/2p3pp/P3p3/1PN1P3/2BP3P/1Q2BPP1/3RR1K1 b - - 0 26,52,e2149,g6g5,-140,18,c6c5,0.0223,0.0212,0.025,0.0348,b7b5,b7b5,f7f5,f7f5,184.0,0.0348,0.0125,True,elite,03_elite_b3,2687,2498,2498,False,True,2,0.649,0.1147
r1b2rk1/2p1bppp/p7/2PpNq2/3Pn3/8/PPQ2PPP/RNB1R1K1 b - - 6 14,28,e2151,f8e8,-128,3,e7c5,0.0092,0.0075,0.0069,0.0077,e7h4,e7h4,e7h4,f7f6,121.0,0.0092,-0.0015,True,elite,03_elite_b3,2514,2690,2690,False,True,2,0.6381,0.0259
r4rk1/2p3pp/p1N2p2/2Q5/3Pp2K/5q2/PP5P/RNB5 b - - 3 24,48,e2151,g8h8,1988,2,g7g5,0.002,0.0027,0.0039,0.0057,g7g5,g7g5,g7g5,g7g5,887.0,0.0057,0.0037,True,elite,03_elite_b3,2514,2690,2690,False,True,4,0.5102,0.0285
8/p4qk1/1p1Q2p1/P1p2p1p/2P2PnP/3B1KP1/8/8 b - - 0 34,68,e2154,f7e8,749,575,f7b7,0.0299,0.0341,0.0376,0.0495,b6a5,b6a5,f7b7,f7b7,573.0,0.0495,0.0196,True,elite,03_elite_b3,2618,2748,2748,False,True,0,0.4941,0.1538
1rbq1rk1/1p2p1b1/p2p1p1p/2pP2p1/P3PPnP/6B1/1PPQN1P1/R3RBK1 b - - 2 20,40,e2163,f6f5,101,122,g5h4,0.0379,0.0435,0.0422,0.0289,g5h4,g5h4,b7b5,b7b5,169.0,0.0435,-0.009,True,elite,03_elite_b3,2544,2559,2559,False,True,2,0.684,0.1828
1rb1qrk1/4p1b1/p2p1p1p/2pPnP2/4P2B/2P3P1/1P1QN1B1/R3R1K1 b - - 2 26,52,e2163,h6h5,-6,20,h6h5,0.014,0.0081,0.0044,0.0029,e8h5,e8h5,e8h5,e8h5,103.0,0.014,-0.0111,True,elite,03_elite_b3,2544,2559,2559,True,False,2,0.5729,0.1166
1rb1q1r1/4p2k/p2p1p1b/2pPnP1p/4PN1B/2P3P1/1P2Q1B1/1R2R2K b - - 7 30,60,e2163,a6a5,79,16,g8g4,0.0259,0.0128,0.0074,0.0061,h6f4,h6f4,h6f4,h6f4,105.0,0.0259,-0.0198,True,elite,03_elite_b3,2544,2559,2559,False,True,0,0.5925,0.0125
r3r3/ppQNkb2/7b/8/2P5/P7/1B3PPK/4q3 b - - 4 34,68,e2165,e8c8,710,21,h6f4,0.0178,0.0156,0.0104,0.0072,e1f2,e1f2,e1e6,e1e6,600.0,0.0178,-0.0106,True,elite,03_elite_b3,2427,2545,2545,False,True,6,0.4048,0.0619
5rk1/2p3pp/p1P1p1r1/3p4/1P1P1P2/4PP1q/4Q2P/R1R4K b - - 2 32,64,e2166,f8b8,22,55,h7h6,0.0181,0.0177,0.0219,0.0247,f8f5,f8f5,f8f5,f8f5,282.0,0.0247,0.0066,True,elite,03_elite_b3,2590,2445,2445,False,True,5,0.5274,0.1019
1k1r3r/pbpnqpb1/1p1pp2p/3P2p1/4P3/1BP2NP1/PPQN1PP1/2KRR3 b - - 0 16,32,e2167,h8e8,56,1,g5g4,0.013,0.01,0.0095,0.014,e6e5,e6e5,e6e5,e6e5,160.0,0.014,0.001,True,elite,03_elite_b3,2393,2542,2542,False,True,2,0.7074,0.1624
r4nk1/1ppq1rp1/5p1p/p1nPp2Q/2P4N/2R3B1/PP4PP/4R2K b - - 0 26,52,e2169,b7b6,124,28,e5e4,0.0258,0.0321,0.0341,0.0267,c5a4,a8e8,g8h7,g8h7,151.0,0.0341,0.0009,True,elite,03_elite_b3,2668,2690,2690,False,True,0,0.5965,0.0055
k3r3/1b2b1Bp/p1p1p3/3n4/N1B1p3/7P/P1P3P1/1R4K1 b - - 0 30,60,e2170,c6c5,122,95,c6c5,0.0139,0.0092,0.0079,0.0095,e8g8,e8g8,e8g8,e8g8,114.0,0.0139,-0.0044,True,elite,03_elite_b3,2494,2580,2580,True,False,0,0.5367,0.0509
3r2k1/p4p2/3rp2p/1pb3p1/4P3/1B3N1P/PR1B1PP1/5K2 b - - 1 30,60,e2174,d8c8,-142,6,c5b6,0.002,0.0015,0.0012,0.0013,f7f5,f7f5,a7a5,a7a5,164.0,0.002,-0.0007,True,elite,03_elite_b3,3028,2763,2763,False,True,7,0.6203,0.2254
3r2k1/5p2/pb1rp2p/1p4p1/4P3/1B3N1P/P1RBKPP1/8 b - - 1 32,64,e2174,d6d7,-147,16,d6d7,0.0076,0.0092,0.009,0.0079,f7f5,g8g7,g8g7,g8g7,109.0,0.0092,0.0003,True,elite,03_elite_b3,3028,2763,2763,True,False,7,0.5833,0.1976
5rk1/p2b2b1/1pn2q1p/4p1pP/2PpQ3/5N2/P4PP1/1B1RR1K1 b - - 1 26,52,e2180,f8f7,-123,51,g5g4,0.015,0.0157,0.0124,0.0086,d7f5,d7f5,d7f5,d7f5,258.0,0.0157,-0.0064,True,elite,03_elite_b3,2566,2669,2669,False,True,2,0.5359,0.0246
5r2/p4kb1/1p2bq1p/4p2P/2B1Q1p1/8/P4PP1/3R1RK1 b - - 5 34,68,e2180,b6b5,-464,101,f7g8,0.0137,0.0056,0.0031,0.0024,e6c4,e6c4,e6c4,e6c4,135.0,0.0137,-0.0113,True,elite,03_elite_b3,2566,2669,2669,False,True,1,0.6534,0.0564
rnbk3r/p1p1ppbp/1p4p1/1B2p3/8/2P1BN2/PPP2PPP/R4RK1 b - - 1 10,20,e2181,e7e6,123,20,c7c6,0.0124,0.0104,0.0076,0.0038,c8b7,c8b7,c8b7,c8b7,346.0,0.0124,-0.0086,True,elite,03_elite_b3,2453,2519,2519,False,True,2,0.5821,0.0284
r2b2k1/1Q3pp1/4bn1p/2pNp3/q1P1P3/3B3P/3N1PP1/1R4K1 b - - 5 32,64,e2182,f6d7,6,18,a4a2,0.0255,0.0285,0.0318,0.0428,e6d5,e6d5,e6d5,e6d5,174.0,0.0428,0.0173,True,elite,03_elite_b3,2583,2606,2606,False,True,5,0.5571,0.0065
1r3rk1/6pp/p1p4q/2Q5/Pp2PpR1/1P1P4/5P2/2R3K1 b - - 1 28,56,e2185,b8d8,85,25,f8f6,0.0173,0.016,0.0203,0.0386,f4f3,f4f3,f4f3,f4f3,106.0,0.0386,0.0213,True,elite,03_elite_b3,2561,2525,2525,False,True,0,0.5825,0.1336
r2q1bk1/6p1/1RQp3p/2pP4/2P1Rp2/5P2/r5PP/5BK1 b - - 0 28,56,e2188,d8h4,484,406,d8h4,0.0218,0.0234,0.0211,0.02,a2a1,a2a1,a2a1,a2a1,420.0,0.0234,-0.0018,True,elite,03_elite_b3,2507,2533,2533,True,False,0,0.553,0.2077
2bq1rk1/p2n1pp1/2p5/4p1PQ/1NPpP3/P2P3P/1r3PB1/R4K1R b - - 0 24,48,e2192,d8c7,252,32,d7c5,0.0022,0.0034,0.0069,0.0106,c6c5,c6c5,c6c5,c6c5,307.0,0.0106,0.0084,True,elite,03_elite_b3,2758,2714,2714,False,True,0,0.5737,0.1079
2kr1br1/p4q2/2p2p1p/1pp4b/5nN1/P2P1N1P/1PPB1PP1/R2QR1K1 b - - 3 18,36,e2193,f4g2,6,6,f4h3,0.0426,0.038,0.0358,0.0435,h5g4,h5g4,h5g4,h5g4,132.0,0.0435,0.0009,True,elite,03_elite_b3,2533,2521,2521,False,True,2,0.639,0.1247
5r2/2pnk1p1/pbn1p1Pp/1p2p3/4P3/N1P3B1/PP2RPP1/2KR4 b - - 2 22,44,e2194,f8c8,-276,10,d7c5,0.0002,0.0003,0.0003,0.0004,f8f6,f8f6,f8f6,f8f6,170.0,0.0004,0.0002,True,elite,03_elite_b3,2575,2526,2526,False,True,2,0.5501,0.0175
r5k1/p4p1p/p1P3p1/8/5K1P/8/b3N3/2R5 b - - 0 24,48,e2197,g8f8,157,100,a2e6,0.0148,0.0151,0.016,0.025,a8c8,a8c8,a2e6,a2e6,201.0,0.025,0.0102,True,elite,03_elite_b3,2611,2755,2755,False,True,0,0.5306,0.0555
r2qkb1r/3n1ppp/p3p3/3b4/1p1QNB2/5N2/PPP2PPP/2KRR3 b kq - 3 14,28,e2203,d7b6,-216,70,a8c8,0.0262,0.0242,0.0263,0.0272,d5a2,d5a2,d5a2,d5a2,201.0,0.0272,0.001,True,elite,03_elite_b3,2359,2502,2502,False,True,6,0.6929,0.1625
r2qr1k1/p1p2pp1/1pn3p1/n1PN2b1/3P1N2/1P3P2/P2Q1BPP/2RR2K1 b - - 0 20,40,e2207,a8c8,-194,35,b6c5,0.0142,0.0122,0.0101,0.0115,g5f4,g5f4,d8d5,d8d5,219.0,0.0142,-0.0027,True,elite,03_elite_b3,2614,2544,2544,False,True,2,0.6015,0.0018
2rr2k1/1p2bppp/p3pn2/3pB3/6q1/P1N1R2Q/1PP1RPPP/6K1 b - - 5 20,40,e2212,d5d4,540,249,g4h3,0.0381,0.0177,0.0118,0.013,g4h3,g4h3,g4h3,g4h3,261.0,0.0381,-0.0251,True,elite,03_elite_b3,2363,2675,2675,False,True,0,0.6365,0.0612
1r3rk1/N1pqb1pp/n3p3/3p4/b2PpB2/1P2P1P1/2P2P1P/R2QRBK1 b - - 0 16,32,e2220,e6e5,-329,3,b8b7,0.0033,0.0031,0.0038,0.0046,a4b5,a4b5,a4b5,a4b5,142.0,0.0046,0.0013,True,elite,03_elite_b3,2646,2546,2546,False,True,6,0.6912,0.0796
1r4k1/N1pqb2p/4p3/3pB1p1/R2P4/2P1P1P1/1r3P1P/R1Q3K1 b - - 5 24,48,e2220,d7e8,-399,2,b8b7,0.0236,0.0269,0.0263,0.0209,b2b1,b2e2,b8f8,b8f8,260.0,0.0269,-0.0027,True,elite,03_elite_b3,2646,2546,2546,False,True,1,0.5995,0.0117
2N3k1/1r2b2p/4p3/2pqB1p1/3P4/1r2P1P1/R4P1P/R1Q3K1 b - - 1 28,56,e2220,d5e4,-504,59,e7f8,0.014,0.0118,0.0091,0.0071,c5d4,c5d4,c5d4,c5d4,295.0,0.014,-0.0069,True,elite,03_elite_b3,2646,2546,2546,False,True,1,0.8616,0.2689
R4bk1/7p/3Np3/2P1B1p1/8/1r2PqP1/1r3P1P/R4QK1 b - - 0 32,64,e2220,f3a8,-636,9,b2d2,0.0115,0.0087,0.0057,0.0038,b2c2,b2c2,b2c2,b2f2,408.0,0.0115,-0.0077,True,elite,03_elite_b3,2646,2546,2546,False,True,1,0.8352,0.2797
1k1r3r/1pqbbp2/p2ppp1p/5P2/3QP3/1BN5/PPP3PP/1K1R1R2 b - - 4 16,32,e2230,h6h5,-66,9,d8c8,0.0088,0.0073,0.0073,0.0091,e6e5,e6e5,e6e5,d7c6,239.0,0.0091,0.0003,True,elite,03_elite_b3,2747,2619,2619,False,True,2,0.6193,0.0952
3r1nk1/4bppp/p2Np3/P1p1P3/qp2PP2/5Q2/1P4PP/3RB1K1 b - - 0 24,48,e2233,c5c4,48,15,c5c4,0.0055,0.0042,0.0046,0.0063,a4a5,a4a5,a4a5,a4a5,228.0,0.0063,0.0008,True,elite,03_elite_b3,2538,2402,2402,True,False,0,0.596,0.0275
r7/p2bk3/B1n5/5p2/1r2p3/RP2N1P1/6P1/2R3K1 b - - 3 34,68,e2235,e7e6,-56,1,e7f7,0.0177,0.0202,0.022,0.0247,c6d4,c6d4,c6d4,c6d4,409.0,0.0247,0.007,True,elite,03_elite_b3,2365,2549,2549,False,True,5,0.5496,0.1558
r2qr1k1/pp3b1p/1np3pP/3n1pP1/8/3P1BB1/PPPQN3/2KR3R b - - 2 22,44,e2239,d5c7,-160,30,d5e3,0.0135,0.0095,0.0051,0.0026,d5e3,d5e3,d5e3,d5e3,450.0,0.0135,-0.0109,True,elite,03_elite_b3,2501,2502,2502,False,True,6,0.6207,0.0309
r1r3k1/p3qpb1/2p2np1/N2p1bnp/N2Pp3/4P2P/P4PPB/2RQRBK1 b - - 6 22,44,e2241,f5h3,98,77,e7e8,0.0117,0.0121,0.0089,0.0051,f5d7,f5d7,f5d7,f5d7,166.0,0.0121,-0.0066,True,elite,03_elite_b3,2521,2506,2506,False,True,2,0.6186,0.1367
rn1qkb1r/pp3ppp/4pnb1/3pN3/3P2PP/2N5/PPP1QP2/R1B1KB1R b KQkq - 1 10,20,e2242,f8b4,-285,6,b8c6,0.0427,0.0266,0.0238,0.0175,h7h5,h7h6,h7h6,h7h5,105.0,0.0427,-0.0252,True,elite,03_elite_b3,2582,2555,2555,False,True,3,0.6839,0.1619
r2q1rk1/pppbbppp/2np1n2/1B2p3/3PP3/2P2N2/PP1N1PPP/R1BQR1K1 b - - 8 8,16,e2244,c6d4,24,81,c6d4,0.021,0.0107,0.007,0.0088,e5d4,e5d4,e5d4,e5d4,112.0,0.021,-0.0122,True,elite,03_elite_b3,2504,2594,2594,True,False,3,0.7334,0.3221
r4rk1/ppp1bppp/8/4B3/8/8/P4PPP/R3R1K1 b - - 0 16,32,e2244,e7d8,207,14,e7d8,0.0044,0.004,0.0038,0.0052,c7c6,e7d6,e7d6,e7d6,101.0,0.0052,0.0008,True,elite,03_elite_b3,2504,2594,2594,True,False,0,0.6678,0.1765
6k1/5pb1/QB2p1pp/2N2q2/P4P2/8/1n4PP/3r1R1K b - - 0 28,56,e2245,f5b1,702,392,f5f4,0.0143,0.0154,0.0201,0.0322,d1f1,d1f1,d1f1,d1f1,507.0,0.0322,0.0179,True,elite,03_elite_b3,2516,2443,2443,False,True,0,0.6404,0.2065
1r3r1k/2nq2b1/pn1p2pp/1bpP4/2B1NP2/1PNQ2B1/6PP/1R2R1K1 b - - 2 24,48,e2246,f8f5,40,8,b8e8,0.0169,0.0198,0.0293,0.0439,b5c4,b5c4,b5c4,b5c4,168.0,0.0439,0.027,True,elite,03_elite_b3,2531,2536,2536,False,True,2,0.6642,0.1636
4rr1k/2nq4/pn1p2pp/1bpP4/2BbNP2/1PNQ2B1/6PP/3RR2K b - - 6 26,52,e2246,b6d5,38,23,h8h7,0.0418,0.0411,0.0424,0.042,b5c4,b5c4,b5c4,b5c4,218.0,0.0424,0.0002,True,elite,03_elite_b3,2531,2536,2536,False,True,2,0.6602,0.1592
5r2/2nqr2k/pn1p2pp/1bpP4/2BbNP2/1PNQ2BP/6P1/3R1R1K b - - 2 28,56,e2246,b6d5,119,142,f8e8,0.0279,0.0293,0.0299,0.0287,b5c4,b5c4,b5c4,b5c4,248.0,0.0299,0.0008,True,elite,03_elite_b3,2531,2536,2536,False,True,2,0.6406,0.1234
r7/5pkp/1RN1b1p1/5p2/2P5/8/2R2PPP/r4BK1 b - - 2 28,56,e2247,a1e1,0,1,a1d1,0.0107,0.0117,0.0115,0.0107,e6c4,e6c4,a8a2,a8a2,494.0,0.0117,0.0,True,elite,03_elite_b3,2520,2377,2377,False,True,7,0.573,0.2052
8/5pkp/1RN1b1p1/5p2/2P4P/8/2R2PPK/r2r1B2 b - - 2 30,60,e2247,f5f4,228,193,d1f1,0.0048,0.0026,0.0019,0.0032,d1f1,d1f1,d1f1,d1f1,189.0,0.0048,-0.0016,True,elite,03_elite_b3,2520,2377,2377,False,True,0,0.449,0.0676
3r4/4q1k1/2r3p1/pp2p3/3pN3/1B3P2/PKP1Q2P/3R4 b - - 1 30,60,e2252,c6b6,-20,34,c6b6,0.0173,0.0138,0.0101,0.0077,a5a4,a5a4,a5a4,a5a4,270.0,0.0173,-0.0096,True,elite,03_elite_b3,2948,2912,2912,True,False,7,0.6096,0.2778
8/p3k2p/1p1r3P/b2B1p1R/Q3P3/8/3r1P2/5K2 b - - 1 32,64,e2253,d6f6,-582,72,f5e4,0.0117,0.0153,0.0188,0.0248,f5e4,f5e4,f5e4,f5e4,1409.0,0.0248,0.0131,True,elite,03_elite_b3,2562,2443,2443,False,True,1,0.8422,0.3543
3k4/p6Q/1p1r3P/b2B3R/8/8/3r1P2/5K2 b - - 0 34,68,e2253,b6b5,-694,13,d6d5,0.006,0.0041,0.0039,0.0053,d2d5,d2d5,d2d5,d2d5,504.0,0.006,-0.0007,True,elite,03_elite_b3,2562,2443,2443,False,True,1,0.8677,0.3684
r1b1k2r/2p1nppp/p7/2Pp4/5B2/2P2N2/P4PPP/R3K2R b KQkq - 0 14,28,e2255,c8g4,-42,6,c7c6,0.0258,0.0116,0.0077,0.006,c7c6,c7c6,c7c6,c7c6,202.0,0.0258,-0.0198,True,elite,03_elite_b3,2502,2453,2453,False,True,5,0.5714,0.032
rn1qk2r/3bbppp/p2ppn2/1p6/3NP1P1/PBN1B3/1PP2P1P/R2QK2R b KQkq - 0 10,20,e2261,h7h5,-97,5,h7h6,0.0036,0.0029,0.0028,0.0058,b8c6,b8c6,b8c6,b8c6,148.0,0.0058,0.0022,True,elite,03_elite_b3,2712,2759,2759,False,True,3,0.7702,0.1827
6k1/5pp1/5n2/p1N4p/1rpPP3/2R3PP/4bPB1/6K1 b - - 0 32,64,e2262,f6e8,-19,20,f6e8,0.0131,0.0168,0.0205,0.0266,a5a4,a5a4,a5a4,a5a4,125.0,0.0266,0.0135,True,elite,03_elite_b3,2848,2882,2882,True,False,5,0.4824,0.0796
8/2r1q1bk/pRr3pp/2P1pp2/P7/3QBP2/6PP/3R2K1 b - - 2 30,60,e2266,c6c5,18,184,e5e4,0.048,0.0287,0.0188,0.0147,c6b6,c6b6,c6b6,e5e4,180.0,0.048,-0.0333,True,elite,03_elite_b3,2508,2525,2525,False,True,5,0.6596,0.1716
1Nrr2k1/p4ppp/B2Bpn2/8/8/P7/5PPP/R2b2K1 b - - 3 26,52,e2268,c8c2,434,1,c8c2,0.0399,0.0281,0.0219,0.0175,c8b8,c8b8,c8b8,c8b8,294.0,0.0399,-0.0224,True,elite,03_elite_b3,2497,2604,2604,True,False,4,0.5337,0.0037
1N1r2k1/p4ppp/B3p3/3n4/8/P5B1/2r2PPP/3R2K1 b - - 2 28,56,e2268,g7g5,-11,11,f7f6,0.0058,0.0044,0.0041,0.006,d8b8,d8b8,d8b8,d8b8,440.0,0.006,0.0002,True,elite,03_elite_b3,2497,2604,2604,False,True,7,0.6341,0.2567
r1r3k1/3q1ppp/1pn1pn2/p1pp4/Q2P4/P1P1PNP1/1P1N1PP1/R1R3K1 b - - 1 16,32,e2271,c6d4,126,102,c5c4,0.0259,0.0312,0.0427,0.0464,a8b8,a8b8,a8b8,a8b8,106.0,0.0464,0.0205,True,elite,03_elite_b3,2575,2599,2599,False,True,3,0.5326,0.0162
4b1r1/7k/1pn1p2p/p2pPp1q/3P2r1/2B2QRP/PP1N1P1K/5R2 b - - 4 32,64,e2275,b6b5,123,35,h5h4,0.0401,0.026,0.0234,0.035,g4g3,g4g3,c6d4,c6d4,123.0,0.0401,-0.0051,True,elite,03_elite_b3,2443,2518,2518,False,True,0,0.6101,0.0389
2kr3r/ppp1n1pp/1b3p2/4P3/2P1NPb1/5N2/PP1BK1PP/R6R b - - 0 14,28,e2276,d8d4,190,119,e7f5,0.0275,0.0197,0.0188,0.0223,f6e5,f6e5,f6e5,f6e5,206.0,0.0275,-0.0052,True,elite,03_elite_b3,2512,2393,2393,False,True,2,0.5922,0.0712
r4rk1/4qppp/2ppbn2/pp2p3/4P3/1BNPP3/PPP3PP/R2Q1RK1 b - - 1 14,28,e2279,e6g4,429,323,e6g4,0.0083,0.0078,0.0123,0.0241,a5a4,a5a4,a5a4,a5a4,394.0,0.0241,0.0158,True,elite,03_elite_b3,2545,2474,2474,True,False,3,0.5364,0.0079
3r3k/p5b1/1p1n1q1p/2p2p1P/2bPpPp1/P7/1PB1NBP1/2KRQ3 b - - 1 32,64,e2285,d8e8,303,55,f6f7,0.003,0.0022,0.0019,0.0021,d6b5,c4e2,d6b5,d6b5,164.0,0.003,-0.0009,True,elite,03_elite_b3,2522,2376,2376,False,True,0,0.699,0.148
rn1qk2r/1b3ppp/p1p1pn2/1p6/PbpPP3/2N1BN2/1PQ1BPPP/R4RK1 b kq - 5 10,20,e2286,h7h6,37,9,b8d7,0.0357,0.0313,0.0354,0.0403,e8g8,e8g8,e8g8,e8g8,143.0,0.0403,0.0046,True,elite,03_elite_b3,2465,2537,2537,False,True,3,0.7212,0.2881
r1n2rk1/1b2qpp1/p1p1p2p/Pp1nP3/2pPN3/5N2/1PQ1BPPP/R4RK1 b - - 2 18,36,e2286,c6c5,121,87,d5f4,0.0065,0.0032,0.0027,0.005,d5b4,d5b4,d5b4,d5f4,181.0,0.0065,-0.0015,True,elite,03_elite_b3,2465,2537,2537,False,True,2,0.6866,0.1703
2r2rk1/3qbppp/p3b3/1p1pP3/3PP3/1B2B3/PP4PP/3RQRK1 b - - 4 20,40,e2288,f8d8,-150,19,h7h5,0.0173,0.0227,0.0274,0.0281,d5e4,d5e4,d5e4,d5e4,134.0,0.0281,0.0108,True,elite,03_elite_b3,2840,2597,2597,False,True,5,0.6237,0.0268
2rr2k1/q3bp2/p3b1p1/3PP1Bp/1p2p3/1B5P/PP1Q2P1/3R1R1K b - - 2 26,52,e2288,g8g7,-354,8,a7b7,0.0048,0.0028,0.0017,0.0012,e7g5,e7g5,e7g5,e7g5,186.0,0.0048,-0.0036,True,elite,03_elite_b3,2840,2597,2597,False,True,6,0.7646,0.1773
2rr2k1/4qp2/p3bRp1/3PP2p/1p2p3/1B5P/PP1Q2P1/3R3K b - - 1 28,56,e2288,e7c7,-459,14,e7b7,0.0113,0.0085,0.0064,0.0051,e6f5,e6f5,e6f5,e6f5,137.0,0.0113,-0.0062,True,elite,03_elite_b3,2840,2597,2597,False,True,6,0.7431,0.1771
2rr2k1/1q3p2/p2P1Rp1/4P2p/1p2p3/1P5P/1P1Q2P1/3R3K b - - 0 30,60,e2288,g8h7,-543,54,b7b5,0.0145,0.0143,0.0135,0.0138,c8c5,c8c5,c8c5,c8c5,139.0,0.0145,-0.0007,True,elite,03_elite_b3,2840,2597,2597,False,True,6,0.729,0.1193
2rr2k1/5p2/p2P1Rp1/4P2p/1p2pQ2/1P5P/1P2q1P1/6RK b - - 4 32,64,e2288,h5h4,-620,15,e2b2,0.0008,0.0003,0.0001,0.0001,d8d7,d8d7,d8d7,d8d7,141.0,0.0008,-0.0007,True,elite,03_elite_b3,2840,2597,2597,False,True,6,0.7181,0.0612
r2r4/1p2bkpp/6b1/pP1pRp2/3P1PP1/7P/1P1B2B1/5RK1 b - - 2 28,56,e2294,f7f8,-171,72,e7f6,0.0024,0.0027,0.003,0.0031,f5g4,f5g4,f5g4,f5g4,247.0,0.0031,0.0007,True,elite,03_elite_b3,2659,2649,2649,False,True,5,0.5665,0.0632
r7/1pB3pp/5k2/1P1B1P1b/5P2/7P/1b5K/5R2 b - - 2 34,68,e2294,b2d4,-238,30,a8e8,0.033,0.0338,0.0339,0.0321,f6f5,f6f5,f6f5,f6f5,114.0,0.0339,-0.0009,True,elite,03_elite_b3,2659,2649,2649,False,True,5,0.5466,0.1734
5nk1/pp3pp1/7p/3pPb2/3q4/1P5P/P5P1/1BQ1N2K b - - 3 34,68,e2297,d4a1,465,113,f5b1,0.0034,0.0027,0.002,0.0014,f5b1,f5b1,f5b1,f5b1,141.0,0.0034,-0.002,True,elite,03_elite_b3,2505,2484,2484,False,True,0,0.6671,0.0064
1n3r2/pp2k2p/2p1bnp1/8/4p1P1/5P1P/PPP5/2KR1BNR b - - 0 18,36,e2299,b8d7,-313,5,b8d7,0.0372,0.0345,0.0288,0.0259,e4f3,e4f3,e4f3,e4f3,121.0,0.0372,-0.0113,True,elite,03_elite_b3,2514,2426,2426,True,False,5,0.5531,0.0629
6k1/p4p2/6p1/1K5p/2P1r2P/8/P2R2P1/8 b - - 1 28,56,e2300,a7a6,-120,134,a7a6,0.0044,0.0023,0.0019,0.002,e4h4,e4h4,e4h4,e4h4,324.0,0.0044,-0.0024,True,elite,03_elite_b3,2615,2623,2623,True,False,5,0.5739,0.1881
r3q1k1/ppp1n1b1/3pp1pp/7P/3P4/2PB4/PP3P1B/1K1Q2R1 b - - 0 20,40,e2304,e8f7,-124,43,g6g5,0.0071,0.0044,0.0025,0.0024,g6g5,g6g5,g6g5,g6g5,144.0,0.0071,-0.0047,True,elite,03_elite_b3,2528,2371,2371,False,True,5,0.6019,0.0491
r6k/ppp1nqb1/3pp2p/7P/3P2Q1/2PB4/PP6/1KB3R1 b - - 4 24,48,e2304,c7c6,-164,49,a8g8,0.0029,0.0026,0.003,0.0035,a8g8,a8g8,a8g8,a8g8,370.0,0.0035,0.0006,True,elite,03_elite_b3,2528,2371,2371,False,True,5,0.617,0.0891
3r3k/1b4pp/5p2/1p2p3/4P3/1P1rNP2/6KP/1R2R3 b - - 1 32,64,e2305,b7c8,202,22,b7c8,0.0394,0.0456,0.0473,0.0492,d3d2,d3d2,d3d2,g7g6,133.0,0.0492,0.0098,True,elite,03_elite_b3,2524,2593,2593,True,False,0,0.6035,0.1791
6k1/1q2bpp1/4p2p/2np4/1p1N4/1P3PP1/PBQ1P2P/6K1 b - - 0 26,52,e2307,e7f8,75,26,b7a6,0.0026,0.0028,0.0033,0.0051,e7f6,e7f6,e7f6,e7f6,427.0,0.0051,0.0025,True,elite,03_elite_b3,2677,2546,2546,False,True,2,0.5091,0.0233
8/5p2/p3pk2/2R4p/PP6/6P1/4rPKP/8 b - - 1 32,64,e2311,h5h4,-99,8,f6g6,0.0241,0.0167,0.0155,0.0219,e2b2,e2b2,e2b2,e2b2,123.0,0.0241,-0.0022,True,elite,03_elite_b3,2613,2688,2688,False,True,5,0.5295,0.31
3q2k1/5p2/p4p1p/3bpPrN/1p5Q/1P4RP/PPr3P1/6RK b - - 0 30,60,e2312,d8d6,257,21,g8f8,0.0156,0.0181,0.0228,0.0271,g5g3,g5g3,g5g3,g5g3,736.0,0.0271,0.0115,True,elite,03_elite_b3,2593,2718,2718,False,True,0,0.6463,0.2132
rn3rk1/pbpp1qpp/1p2pn2/5p2/P1PP1N2/2P1PPP1/6BP/R1BQ1RK1 b - - 0 12,24,e2315,b7a6,36,5,b8c6,0.0457,0.0301,0.0176,0.0107,d7d6,d7d6,a7a5,a7a5,139.0,0.0457,-0.035,True,elite,03_elite_b3,2561,2635,2635,False,True,2,0.6859,0.0566
3q4/4n1k1/p2pB1pp/1p2b3/3rb2P/P1N1B2Q/1P3PP1/R5K1 b - - 3 30,60,e2317,e4b7,-344,1,e4f5,0.0074,0.0093,0.0107,0.0136,d4d3,d4d3,d4d3,d4d3,181.0,0.0136,0.0062,True,elite,03_elite_b3,2551,2391,2391,False,True,6,0.6078,0.0417
r3rk2/1p2ppbp/2qp2p1/p1nN2B1/2P1P3/1P3P2/P4QPP/2RR2K1 b - - 3 20,40,e2320,b7b6,-129,3,h7h6,0.0142,0.0121,0.0087,0.0042,e7e6,e7e6,e7e6,e7e6,172.0,0.0142,-0.01,True,elite,03_elite_b3,2421,2521,2521,False,True,2,0.6418,0.0702
rn1qkb1r/pp3ppp/2p1pnb1/8/P1pP2P1/2N2N1P/1P2PPB1/R1BQK2R b KQkq - 2 8,16,e2321,b8a6,73,31,b8d7,0.0149,0.011,0.0092,0.0137,f8b4,f8b4,f8b4,f8b4,100.0,0.0149,-0.0012,True,elite,03_elite_b3,2450,2527,2527,False,True,3,0.7725,0.2763
1kr4r/4RB2/bq2Np1p/4pP2/p3P1P1/1Pp4Q/PP5P/1K5R b - - 0 28,56,e2324,b6b4,347,34,a4b3,0.0051,0.0044,0.0043,0.0059,c3c2,c3c2,c3c2,c3c2,370.0,0.0059,0.0008,True,elite,03_elite_b3,2548,2561,2561,False,True,7,0.5687,0.0797
r3r1k1/pp1n1pp1/3P1q1p/2p5/R3B3/Q5P1/PP1R1P1P/6K1 b - - 1 24,48,e2329,a8b8,-157,14,d7b6,0.0336,0.0372,0.0376,0.0319,a7a6,a7a6,a7a6,a7a6,110.0,0.0376,-0.0017,True,elite,03_elite_b3,2500,2321,2321,False,True,5,0.515,0.0399
8/1p3p1k/3Q2pp/2p5/8/3B2P1/Pq3P1P/6K1 b - - 0 32,64,e2329,c5c4,-439,4,b2c1,0.0159,0.0113,0.0092,0.0115,b2a2,b2c1,b2c1,b2c1,118.0,0.0159,-0.0044,True,elite,03_elite_b3,2500,2321,2321,False,True,1,0.5961,0.0618
8/1p3p1k/3Q2pp/8/2p1B3/6P1/P4PKP/2q5 b - - 1 34,68,e2329,c1a1,-560,0,b7b5,0.0048,0.0035,0.0024,0.002,c4c3,c4c3,c4c3,c4c3,182.0,0.0048,-0.0028,True,elite,03_elite_b3,2500,2321,2321,False,True,1,0.7952,0.3412
5rk1/1pp5/3p2n1/1P1Pp1b1/P3P1pp/5qP1/4QB1P/4RNK1 b - - 1 32,64,e2331,b7b6,-11,33,b7b6,0.01,0.0081,0.0085,0.0096,h4g3,h4h3,h4h3,f3a3,159.0,0.01,-0.0004,True,elite,03_elite_b3,2589,2545,2545,True,False,5,0.5348,0.0654
r1bqr1k1/1p4bp/2ppn3/p3pP2/1PP5/P1NPB2P/3QNPK1/1R3R2 b - - 0 18,36,e2332,a5b4,98,7,e6d4,0.0114,0.0062,0.0059,0.0097,e6f8,e6f8,e6f4,e6f8,311.0,0.0114,-0.0017,True,elite,03_elite_b3,2474,2552,2552,False,True,2,0.6309,0.1012
r4rk1/2q1bpp1/b1p2n1p/p1n1p3/1P2P2B/2N1QN2/BPP2PPP/R2R2K1 b - - 0 16,32,e2336,f6g4,44,207,a5b4,0.005,0.0023,0.0013,0.0008,a5b4,a5b4,a5b4,a5b4,197.0,0.005,-0.0042,True,elite,03_elite_b3,2751,2686,2686,False,True,2,0.6151,0.0719
3q1k2/5p2/2p2p1p/4p3/B3P3/2r2P2/7P/4B1RK b - - 1 32,64,e2336,d8d3,560,70,c3f3,0.0035,0.0034,0.0037,0.0053,c3f3,c3f3,c3f3,c3f3,607.0,0.0053,0.0018,True,elite,03_elite_b3,2751,2686,2686,False,True,4,0.7149,0.224
r1b1r1k1/1p2pp1p/6p1/pB1P4/4P3/B1b5/P3KPPP/1R5R b - - 3 18,36,e2337,g8f8,-374,57,g8f8,0.0013,0.001,0.001,0.0016,e8d8,e8d8,e8d8,e8d8,103.0,0.0016,0.0003,True,elite,03_elite_b3,2569,2436,2436,True,False,6,0.6285,0.0741
5r2/2pb2k1/1p1b3p/p1pNp1p1/2P1P3/3PBr2/PP3PKR/7R b - - 1 26,52,e2338,f8f6,-34,1,f3f6,0.0156,0.017,0.0184,0.0181,f8h8,f8h8,f8h8,f8h8,405.0,0.0184,0.0025,True,elite,03_elite_b3,2480,2604,2604,False,True,2,0.4754,0.0269
r3k2r/pppq1pp1/2npbn1p/2b1p3/4P3/2PPNN1P/PP2BPP1/R1BQ1RK1 b kq - 0 10,20,e2344,c5b6,-38,23,c5b6,0.0193,0.0196,0.0184,0.0395,e8c8,e8c8,g7g5,g7g5,219.0,0.0395,0.0202,True,elite,03_elite_b3,2516,2384,2384,True,False,3,0.7646,0.1722
3r2r1/1pp1nk2/p2bpn2/4p1p1/P3P1Pp/1NPNBP1P/1P4K1/3R1R2 b - - 1 22,44,e2345,e7c6,-69,11,f6h7,0.048,0.0457,0.035,0.0225,b7b6,e7g6,e7g6,e7g6,155.0,0.048,-0.0255,True,elite,03_elite_b3,2644,2758,2758,False,True,2,0.6307,0.1057
r1rq1bk1/5pp1/1nn1p2B/3pP3/pp1P2NP/2PQ1NP1/1P3P2/R4RK1 b - - 0 24,48,e2347,c6e7,-145,103,b6c4,0.0075,0.0111,0.0155,0.0191,g7h6,g7h6,g7h6,g7h6,141.0,0.0191,0.0116,True,elite,03_elite_b3,2527,2454,2454,False,True,6,0.6428,0.1132
2rr2k1/3nbppp/p3pn2/qp6/3N4/1P2P1P1/PB1NQPKP/2R2R2 b - - 0 18,36,e2349,e7c5,25,7,f6d5,0.0041,0.0035,0.0027,0.0023,a5a2,a5a2,a5a2,a5a2,175.0,0.0041,-0.0018,True,elite,03_elite_b3,2416,2507,2507,False,True,2,0.5805,0.0834
3k4/2q3pp/pn2p3/1p3p2/3Pp3/P3P3/1P2BPPP/1N1K3R b - - 3 22,44,e2352,e6e5,435,11,b6d5,0.0231,0.0144,0.0115,0.0128,b6c4,b6c4,b6c4,b6c4,148.0,0.0231,-0.0103,True,elite,03_elite_b3,2568,2461,2461,False,True,4,0.7697,0.2423
r1b1kb1r/3n1ppp/p1n1p3/qpppP3/3P1P2/P1N1BN2/RPPQ2PP/4KB1R b Kkq - 2 10,20,e2353,a5c7,-25,0,a5b6,0.0079,0.0101,0.0117,0.0128,b5b4,b5b4,b5b4,c8b7,153.0,0.0128,0.0049,True,elite,03_elite_b3,2780,3060,3060,False,True,3,0.7481,0.2544
r4rk1/1bq1bppp/p7/3pPN2/4p3/1P2B3/2PQ2PP/4RRK1 b - - 3 24,48,e2353,a8e8,9,25,a8e8,0.0151,0.0158,0.0123,0.0105,c7e5,c7e5,e7c5,e7c5,101.0,0.0158,-0.0046,True,elite,03_elite_b3,2780,3060,3060,True,False,2,0.5982,0.0523
r2q1r1k/2R4p/1R1p2pb/2nNp3/2PpP3/p4PP1/P1Q1B1KP/8 b - - 7 30,60,e2354,a8b8,0,19,a8b8,0.0258,0.0255,0.0305,0.0416,c5a4,c5e6,c5e6,c5e6,195.0,0.0416,0.0158,True,elite,03_elite_b3,2650,2648,2648,True,False,0,0.5171,0.0247
8/1p1k3p/8/2qrpN2/b7/p1P1Q1P1/P6P/K3R3 b - - 1 34,68,e2355,a4c2,332,69,a4c2,0.0145,0.0099,0.0079,0.0077,d5d1,d5d1,d5d1,d5d1,1003.0,0.0145,-0.0068,True,elite,03_elite_b3,2375,2522,2522,True,False,0,0.6281,0.2522
7r/1pkb1p1r/p2p2nP/8/3Qp3/8/PPP1B3/1K1R4 b - - 1 30,60,e2357,g6f8,-375,2,d7c6,0.0023,0.0015,0.0011,0.001,h7h6,h7h6,h7h6,h7h6,186.0,0.0023,-0.0013,True,elite,03_elite_b3,2725,2556,2556,False,True,6,0.6117,0.0743
2r3r1/1p2bQ2/p1k1P2p/3p4/3Pq3/1P3N1P/P1p3P1/2B2R1K b - - 2 32,64,e2360,e7b4,320,71,e4e2,0.0318,0.025,0.0199,0.0172,e4e2,c6d6,c6d6,c6d6,763.0,0.0318,-0.0146,True,elite,03_elite_b3,2556,2451,2451,False,True,0,0.5318,0.1013
r5k1/p4p2/2b3p1/2B2p2/1p5N/3Pn3/PPP3PP/R5K1 b - - 0 20,40,e2361,a8e8,-150,6,e3d5,0.0288,0.015,0.0091,0.0076,e3c2,e3c2,e3c2,e3c2,286.0,0.0288,-0.0212,True,elite,03_elite_b3,2655,2554,2554,False,True,5,0.6182,0.1877
r3kb1r/pp3pp1/2p1pP1p/q2p4/3P4/2Nb1P2/PPPQN1PP/R3K2R b KQkq - 0 12,24,e2362,d3c4,135,1,d3g6,0.0278,0.0155,0.0081,0.0059,d3e2,d3e2,d3e2,d3e2,104.0,0.0278,-0.0219,True,elite,03_elite_b3,2444,2503,2503,False,True,2,0.5425,0.0313
r1bqkbnr/pp3ppp/2n5/1N1Pp3/8/2P5/5PPP/R1BQKBNR b KQkq - 0 10,20,e2364,g8f6,-225,40,c6b8,0.0087,0.0068,0.0057,0.0026,c6e7,c6e7,c6e7,c6b8,214.0,0.0087,-0.0061,True,elite,03_elite_b3,2579,2504,2504,False,True,3,0.6954,0.1387
r1bq1bnr/p1Nk1ppp/p2P4/4p3/8/B1P5/5PPP/3QKBNR b K - 3 14,28,e2364,d8h4,-510,288,c8b7,0.0047,0.0036,0.0046,0.007,a8b8,a8b8,a8b8,a8b8,1487.0,0.007,0.0023,True,elite,03_elite_b3,2579,2504,2504,False,True,6,0.6913,0.1551
4rrk1/3q1p1p/2p2npQ/1p1pR1N1/p1nP1P2/P1P4P/2B3P1/R5K1 b - - 0 24,48,e2366,e8e7,84,43,c6c5,0.0046,0.004,0.0035,0.0032,c4e5,c4e5,c4e5,c4e5,2077.0,0.0046,-0.0014,True,elite,03_elite_b3,2528,2528,2528,False,True,2,0.529,0.0556
r6r/2k1bPp1/p1ppqn1p/4p3/N3P3/3QR3/PPPB3P/R5K1 b - - 2 24,48,e2367,a6a5,29,98,a6a5,0.0049,0.0059,0.0076,0.009,e6f7,e6f7,e6f7,e6f7,274.0,0.009,0.0041,True,elite,03_elite_b3,2714,2741,2741,True,False,2,0.6236,0.0813
1rb4r/ppN2kp1/6p1/2n1P3/4nP2/4B3/PPP3PP/R4RK1 b - - 2 18,36,e2368,b7b5,189,17,b7b6,0.0092,0.0047,0.0023,0.0018,c5e6,c5e6,c5e6,c5e6,453.0,0.0092,-0.0074,True,elite,03_elite_b3,2525,2682,2682,False,True,5,0.4063,0.0276
r1b2rk1/pp1n3p/2pbpq2/3p4/2PPp1p1/1P2P3/PB1NNPPP/R1Q2RK1 b - - 1 14,28,e2369,f8f7,125,18,h7h5,0.0254,0.0217,0.0147,0.012,f6h6,f6h4,f6h4,f6h4,110.0,0.0254,-0.0134,True,elite,03_elite_b3,2593,2585,2585,False,True,2,0.6444,0.1233
1r5k/5Q1p/p5pB/2q4P/2Bb4/1P5P/P4R2/5K2 b - - 2 32,64,e2375,c5d6,-654,3,c5e5,0.0023,0.0021,0.0022,0.0034,d4f2,d4f2,d4f2,d4f2,1345.0,0.0034,0.0011,True,elite,03_elite_b3,2721,2653,2653,False,True,1,0.8228,0.3197
r7/2k2p2/n1p1p3/1pPpPp1p/P2Pn3/1p2P2P/6P1/RR2B1K1 b - - 0 30,60,e2377,a6c5,22,255,b3b2,0.0137,0.0192,0.0289,0.0399,b5a4,b5a4,b5a4,b5a4,396.0,0.0399,0.0262,True,elite,03_elite_b3,2520,2534,2534,False,True,5,0.4651,0.0196
rn1q1rk1/pb2bppp/1p3n2/2pP4/8/2N2NP1/PP3PBP/R1BQR1K1 b - - 0 12,24,e2378,f8e8,-167,26,e7d6,0.0323,0.0314,0.0204,0.0169,f6d5,f6d5,f6d5,f6d5,308.0,0.0323,-0.0154,True,elite,03_elite_b3,2460,2624,2624,False,True,3,0.7574,0.2927
4r1k1/p4p2/5Rpp/4N3/3PQ2P/8/bP1q1PP1/6K1 b - - 2 28,56,e2385,e8e7,-135,75,e8e7,0.0139,0.0146,0.0146,0.0171,d2d1,d2d1,d2d1,d2c1,113.0,0.0171,0.0032,True,elite,03_elite_b3,2617,2558,2558,True,False,5,0.6199,0.1045
r3k2r/2p1nppp/pb2bq2/3p4/8/1N3N2/PPP1QPPP/R1B1R1K1 b kq - 7 14,28,e2386,e7f5,-15,38,h7h6,0.0193,0.0092,0.004,0.0013,e8g8,e8g8,e8g8,e8g8,414.0,0.0193,-0.018,True,elite,03_elite_b3,2567,2578,2578,False,True,2,0.6428,0.0132
r4rk1/p4pp1/2p1p2p/4Rq1n/8/P1Q5/PB3PPP/R5K1 b - - 7 22,44,e2387,h5f4,42,455,f5g6,0.0215,0.0153,0.0097,0.0046,f5g6,f5g6,f5g6,f5g6,464.0,0.0215,-0.0169,True,elite,03_elite_b3,2467,2532,2532,False,True,0,0.3749,0.0514
r5k1/5pp1/1qp1p3/p1bpP2Q/2P1r1NP/1P4P1/P4PK1/R6R b - - 2 22,44,e2389,c5e7,-42,48,a5a4,0.0122,0.0126,0.0121,0.0153,e4e2,e4e2,e4e2,e4e2,373.0,0.0153,0.0031,True,elite,03_elite_b3,2579,2584,2584,False,True,5,0.5546,0.0076
r4k2/5pp1/1qp1p3/2bpP1QP/p1P1r1N1/1P4P1/P4PK1/R6R b - - 0 24,48,e2389,b6d8,-37,61,c5e7,0.0128,0.0105,0.0082,0.0081,a4b3,e4g4,e4g4,e4g4,411.0,0.0128,-0.0047,True,elite,03_elite_b3,2579,2584,2584,False,True,6,0.6748,0.1189
8/4b3/2p1k1B1/4Ppp1/1P5P/2ppBK2/P7/8 b - - 0 32,64,e2390,e7b4,-22,116,e7b4,0.0181,0.0142,0.0126,0.0163,g5h4,g5h4,g5h4,g5h4,247.0,0.0181,-0.0018,True,elite,03_elite_b3,2895,2939,2939,True,False,7,0.5656,0.14
r2r2k1/p3pp1p/B1n3p1/2P5/3P1P2/4K3/6PP/R1R5 b - - 0 22,44,e2391,a8b8,2,145,c6d4,0.0278,0.0311,0.0288,0.0211,c6d4,c6d4,d8d4,d8d4,531.0,0.0311,-0.0067,True,elite,03_elite_b3,2484,2623,2623,False,True,5,0.5288,0.1328
2r2rk1/5ppp/1pN5/1Qb1N3/8/P3q1P1/6BP/5R1K b - - 3 30,60,e2392,c8c7,-204,24,e3a3,0.0175,0.0209,0.0296,0.0421,e3a3,e3a3,e3a3,e3a3,138.0,0.0421,0.0246,True,elite,03_elite_b3,2476,2513,2513,False,True,7,0.6065,0.2205
3rr3/pp1nkp1p/4p1p1/6Nq/1P3Q2/8/P1P2PPP/3R1RK1 b - - 2 18,36,e2393,d7e5,-468,8,d7f6,0.0078,0.004,0.0023,0.0018,d7f6,d7f6,d7f6,d7f6,583.0,0.0078,-0.006,True,elite,03_elite_b3,2577,2429,2429,False,True,6,0.6988,0.138
8/2P3kp/5pp1/8/PPQ5/2n1p1P1/3q1PKP/5R2 b - - 0 34,68,e2393,d2e2,-806,51,e3e2,0.0084,0.0066,0.0061,0.007,e3e2,e3e2,e3e2,e3e2,222.0,0.0084,-0.0014,True,elite,03_elite_b3,2577,2429,2429,False,True,1,0.7416,0.1333
5rk1/p3b1pp/2pp4/2p5/2P3Pn/1P1PP3/P6K/1R3R2 b - - 0 22,44,e2394,e7f6,351,18,h4f3,0.0164,0.0175,0.023,0.038,h4f3,h4f3,h4f3,h4f3,172.0,0.038,0.0216,True,elite,03_elite_b3,2474,2550,2550,False,True,0,0.5539,0.0536
2r1k2r/1p1bbp1p/p2ppp2/q4P2/3QP3/2N5/PPP1B1PP/1K1R3R b k - 0 14,28,e2397,h7h5,-87,11,h7h5,0.0035,0.0039,0.0071,0.0202,e6e5,e6e5,e6e5,e6e5,107.0,0.0202,0.0167,True,elite,03_elite_b3,2750,2553,2553,True,False,2,0.5373,0.0698
r1b1kb1Q/q4p2/p3pRp1/3pP1B1/2nP4/6P1/P6P/3R2K1 b q - 13 32,64,e2400,c8b7,-348,39,c8b7,0.0155,0.0186,0.0199,0.0214,c4e5,c4e5,c4e5,c4e5,137.0,0.0214,0.0059,True,elite,03_elite_b3,2998,2826,2826,True,False,6,0.6204,0.1856
r2q2k1/1p1b1pp1/pN3b1p/P1pP4/5Q1P/2N3P1/1P3PB1/6K1 b - - 2 30,60,e2403,f6d4,-93,3,a8a7,0.0081,0.0064,0.0061,0.0073,a8b8,a8b8,a8b8,a8b8,438.0,0.0081,-0.0008,True,elite,03_elite_b3,2552,2562,2562,False,True,6,0.4889,0.0486
3q2k1/rp1b1pp1/pN1Q3p/P1pP4/4N2P/6P1/1b3PB1/6K1 b - - 1 32,64,e2403,c5c4,-291,80,a7a8,0.0366,0.0322,0.0331,0.0344,b2d4,b2d4,b2d4,b2d4,100.0,0.0366,-0.0022,True,elite,03_elite_b3,2552,2562,2562,False,True,6,0.609,0.1409
r4rk1/5ppp/p1pb4/1p1n1q2/3B4/1BPb1QP1/PP1N1P1P/R3R1K1 b - - 3 18,36,e2409,f8d8,-40,7,f8d8,0.0002,0.0001,0.0001,0.0002,f5f3,f5f3,f5g6,f5g6,160.0,0.0002,0.0,True,elite,03_elite_b3,3043,3010,3010,True,False,2,0.5708,0.0501
1rb3k1/2p1qppp/2B2n2/1P2p3/8/B5P1/2Q1PP1P/3R2K1 b - - 1 20,40,e2411,c8f5,-390,264,c8f5,0.0033,0.0039,0.0064,0.0106,e7a3,e7a3,e7a3,e7a3,364.0,0.0106,0.0073,True,elite,03_elite_b3,2420,2577,2577,True,False,6,0.6724,0.1119
3r4/6kp/2p1B3/1p6/5KP1/4RP1P/1r6/8 b - - 0 34,68,e2417,d8e8,324,70,b2b4,0.0474,0.0474,0.0456,0.0441,b2b4,b2b4,b2b4,c6c5,184.0,0.0474,-0.0033,True,elite,03_elite_b3,2644,2484,2484,False,True,0,0.4562,0.0733
r2q1rk1/1p2ppBp/p2p2p1/8/Q1P1n3/2N4P/PP3PP1/R4RK1 b - - 0 14,28,e2422,e4c5,14,437,g8g7,0.0116,0.012,0.0169,0.0245,g8g7,g8g7,e4c3,e4c3,486.0,0.0245,0.0129,True,elite,03_elite_b3,2558,2516,2516,False,True,7,0.4872,0.0839
r1bqr1k1/1pp2p2/pbn2n1p/PN1p2p1/1P6/3P1NP1/3BPPBP/R2Q1RK1 b - - 0 14,28,e2426,b6a5,-32,69,b6a5,0.0148,0.0067,0.0042,0.0025,b6a7,b6a7,b6a7,a6b5,102.0,0.0148,-0.0123,True,elite,03_elite_b3,2425,2580,2580,True,False,2,0.5589,0.017
rn2k1nr/ppp1bppp/2b1p3/4q3/4NBQ1/P1N5/1PP2PPP/R3KB1R b KQkq - 3 10,20,e2428,h7h5,-16,32,g8h6,0.0299,0.0264,0.0227,0.018,e5d4,e5d4,e5d4,e5d4,292.0,0.0299,-0.0119,True,elite,03_elite_b3,2616,2511,2511,False,True,3,0.5976,0.0598
4k3/pp1n2Q1/3r1p2/2p1p3/3n3P/P7/1P3PP1/2K4R b - - 0 28,56,e2428,c5c4,-428,55,c5c4,0.0214,0.0217,0.0285,0.0376,d4e2,d4e2,d4e2,d4f5,250.0,0.0376,0.0162,True,elite,03_elite_b3,2616,2511,2511,True,False,1,0.7304,0.2014
1k5r/1ppRb1pp/p1n2p2/3B4/8/4B2P/PP3PP1/6K1 b - - 4 20,40,e2430,h8e8,-192,38,h8e8,0.0495,0.0454,0.0379,0.0375,h8d8,h8d8,h8d8,h8d8,331.0,0.0495,-0.012,True,elite,03_elite_b3,2760,2656,2656,True,False,5,0.5278,0.1242
8/2k5/p2p1R2/2p5/7P/8/Pr3PP1/6K1 b - - 0 28,56,e2430,d6d5,92,75,c5c4,0.0128,0.0107,0.0126,0.0188,b2a2,b2a2,b2a2,b2a2,270.0,0.0188,0.006,True,elite,03_elite_b3,2760,2656,2656,False,True,5,0.4292,0.0945
8/2k5/p7/3p3P/2p5/5R2/Pr3PP1/6K1 b - - 0 30,60,e2430,c7d6,20,5,c7d6,0.0071,0.009,0.0124,0.0181,b2a2,b2a2,b2a2,b2a2,165.0,0.0181,0.011,True,elite,03_elite_b3,2760,2656,2656,True,False,0,0.3667,0.0388
1k1r4/pbp2R2/1p4p1/2n1P2p/P1P5/Bn4NB/6PP/6K1 b - - 1 26,52,e2435,b7c8,124,80,h5h4,0.0179,0.0243,0.0286,0.0396,d8d1,d8d1,d8d1,b3d4,473.0,0.0396,0.0217,True,elite,03_elite_b3,2426,2565,2565,False,True,0,0.5234,0.0825
1k1r4/pb6/1p4p1/P1p1P3/2P1n2p/B6B/3nN1PP/2R3K1 b - - 0 30,60,e2435,d2c4,373,185,d2b3,0.023,0.0185,0.015,0.0123,d2b3,d2b3,d2b3,d8d3,238.0,0.023,-0.0107,True,elite,03_elite_b3,2426,2565,2565,False,True,0,0.5535,0.1242
r1bq1rk1/6b1/pp1p3p/3Ppp2/P3P2p/1QN2P1P/1P4P1/2RRB1K1 b - - 0 22,44,e2437,g7f6,-102,43,a8b8,0.0253,0.0195,0.0186,0.0261,f5e4,f5f4,f5f4,d8g5,109.0,0.0261,0.0008,True,elite,03_elite_b3,2528,2444,2444,False,True,2,0.6148,0.0787
2n3k1/3b1pp1/P2p1n1p/N2Pp3/1q2P3/2N4P/5PP1/R1R3K1 b - - 3 28,56,e2441,g8h7,95,12,b4d4,0.0012,0.0016,0.0016,0.0028,c8a7,c8a7,c8a7,c8a7,114.0,0.0028,0.0016,True,elite,03_elite_b3,2411,2501,2501,False,True,0,0.448,0.0665
2n3k1/5pp1/P1Pp1n1p/4p3/3qP3/2N4P/5PP1/R1R3K1 b - - 0 30,60,e2441,d4d2,-291,9,c8a7,0.0063,0.0038,0.0025,0.0025,c8a7,c8a7,c8a7,c8a7,234.0,0.0063,-0.0038,True,elite,03_elite_b3,2411,2501,2501,False,True,6,0.4574,0.0712
3r1k2/p4p2/1pp3pp/4R3/1P2P3/5P2/P1P3PP/2K5 b - - 0 28,56,e2442,d8d6,105,121,d8d6,0.0205,0.0352,0.0444,0.0412,f7f6,d8d4,d8d4,d8d4,157.0,0.0444,0.0207,True,elite,03_elite_b3,2575,2635,2635,True,False,5,0.3872,0.0692
2r3rk/pp2b1pp/n2p1n2/3Pp1N1/4P3/P1N1B2q/1P2Q3/R2K2R1 b - - 1 22,44,e2443,g8f8,-583,25,h3h5,0.0005,0.0003,0.0003,0.0004,h3d7,h3d7,h3d7,h3d7,1416.0,0.0005,-0.0001,True,elite,03_elite_b3,2575,2742,2742,False,True,2,0.4871,0.0009
q1r2rk1/1b1nppbp/pp4p1/3pP3/P2Pn3/3B1N1P/1P1NQPPB/R3R1K1 b - - 2 18,36,e2446,d7b8,-113,17,g7h6,0.015,0.0171,0.0173,0.0159,e4d2,e4d2,e4d2,e4d2,164.0,0.0173,0.0009,True,elite,03_elite_b3,2515,2621,2621,False,True,2,0.6701,0.0817
5bk1/5p1p/1Q4q1/P7/6p1/6Pb/1P2rP1P/2RR2KB b - - 1 30,60,e2455,g6g7,-523,27,g6b6,0.0394,0.0343,0.0239,0.017,g6f5,g6f5,g6f5,g6f5,105.0,0.0394,-0.0224,True,elite,03_elite_b3,2443,2507,2507,False,True,1,0.6188,0.0948
rnq2rk1/4n1bp/p1p2pp1/Q1B1pb2/8/2N2NP1/PP2PPBP/R2R2K1 b - - 5 16,32,e2457,c8e8,-307,83,c8b7,0.0227,0.0128,0.01,0.0107,f8e8,f8e8,f8e8,f8e8,167.0,0.0227,-0.012,True,elite,03_elite_b3,2628,2511,2511,False,True,6,0.7419,0.171
3r3k/6pp/p4r2/qp2Q1R1/1n2P3/5P2/PP2BKPP/7R b - - 8 24,48,e2458,h7h6,-65,140,h7h6,0.0307,0.0175,0.012,0.0115,b4d3,b4d3,b4d3,b4d3,312.0,0.0307,-0.0192,True,elite,03_elite_b3,2437,2681,2681,True,False,5,0.5305,0.078
3r3k/6p1/p1r4p/qp2QR2/1n2P3/5PK1/PP2B1PP/7R b - - 3 26,52,e2458,b4c2,43,75,b4c2,0.0137,0.0104,0.011,0.0126,c6g6,c6g6,c6g6,c6g6,185.0,0.0137,-0.0011,True,elite,03_elite_b3,2437,2681,2681,True,False,5,0.5204,0.0714
3r3k/6p1/p1r4p/qp2QR2/1P2P3/4nPK1/P3B1PP/3R4 b - - 0 28,56,e2458,a5b6,136,102,a5b6,0.0379,0.0335,0.0319,0.0315,e3f5,e3f5,e3f5,e3f5,115.0,0.0379,-0.0064,True,elite,03_elite_b3,2437,2681,2681,True,False,5,0.4544,0.0282
8/6pk/pq4rp/1p2QR2/1P2P2P/3BnP1K/P5P1/8 b - - 2 32,64,e2458,b6d8,479,503,b6d8,0.0095,0.0102,0.0113,0.0187,e3f5,e3f5,e3f5,e3f5,519.0,0.0187,0.0092,True,elite,03_elite_b3,2437,2681,2681,True,False,5,0.4888,0.013
2r3k1/p4p2/1p2b1pp/4B3/2pP4/2P2Q1P/P1qbBPP1/3R2K1 b - - 1 30,60,e2460,d2g5,0,295,d2g5,0.037,0.0404,0.0444,0.0493,d2c3,d2c3,d2c3,d2c3,394.0,0.0493,0.0123,True,elite,03_elite_b3,2969,2984,2984,True,False,6,0.5414,0.0086
r5k1/p1q2p1p/1pnr1p2/3p1N1b/8/1P4PP/P3PPB1/2RQ1RK1 b - - 3 20,40,e2461,a8d8,-384,76,d6e6,0.0174,0.0125,0.0117,0.0127,d6e6,d6e6,d6e6,d6e6,147.0,0.0174,-0.0047,True,elite,03_elite_b3,2554,2469,2469,False,True,6,0.7567,0.1724
8/5ppk/2p5/1pn1P1Bp/8/1P6/P5PK/8 b - - 0 32,64,e2462,b5b4,242,63,h7g6,0.0053,0.0024,0.0024,0.003,h7g6,h7g6,h7g6,h7g6,177.0,0.0053,-0.0023,True,elite,03_elite_b3,2606,2469,2469,False,True,0,0.428,0.115
r1r3k1/3qpp1p/3p2p1/p2P4/2BQ1R2/1Pn5/P5PP/5RK1 b - - 0 24,48,e2464,d7a7,17,197,d7a7,0.0059,0.0091,0.0151,0.0238,c3a2,c3a2,c3a2,c3a2,192.0,0.0238,0.0179,True,elite,03_elite_b3,2475,2550,2550,True,False,6,0.4849,0.0166
rnbkr3/pp4bp/6p1/5p2/4N3/6P1/PP2P1BP/R1B1NRK1 b - - 0 14,28,e2465,e8e4,-412,144,f5e4,0.0229,0.0281,0.0309,0.0288,f5e4,f5e4,f5e4,f5e4,150.0,0.0309,0.0059,True,elite,03_elite_b3,2457,2636,2636,False,True,6,0.5716,0.037
r3r1k1/pb1R4/1p6/1N6/P6p/4p2P/1PP1Q2P/2K2B1q b - - 1 32,64,e2466,e8e4,-39,454,e8e4,0.0056,0.0031,0.0019,0.0017,b7f3,b7f3,b7f3,b7f3,1957.0,0.0056,-0.0039,True,elite,03_elite_b3,2948,2960,2960,True,False,6,0.4881,0.133
2r2r1k/p4pb1/2n1pBp1/q2p3p/3P1N1P/1BP2P2/P2Q1P2/R3K1R1 b Q - 0 20,40,e2469,h8h7,-386,4,g7f6,0.0056,0.0051,0.0043,0.003,g7f6,g7f6,g7f6,g7f6,1610.0,0.0056,-0.0026,True,elite,03_elite_b3,2613,2519,2519,False,True,6,0.594,0.0245
r1q3k1/5ppp/2p1b3/3p4/1PnQ1PP1/p6P/P4B2/4RBK1 b - - 0 34,68,e2472,f7f6,-19,25,f7f6,0.0127,0.0142,0.0144,0.0178,c4b2,c4b2,c4b2,c4b2,166.0,0.0178,0.0051,True,elite,03_elite_b3,2997,2992,2992,True,False,2,0.5042,0.0429
r1bq1r1k/pp2n1bp/2pp1np1/3Ppp2/2P1P1PP/2N1BP2/PP2B1K1/R2QNR2 b - - 1 14,28,e2473,b7b5,85,54,c6d5,0.0048,0.0015,0.0007,0.0008,f5f4,f5f4,f5f4,f5f4,200.0,0.0048,-0.004,True,elite,03_elite_b3,2583,2466,2466,False,True,2,0.6589,0.0782
7k/p5bp/3p4/3Pp1P1/1p2P2Q/5q2/PP2bB2/4R1K1 b - - 4 30,60,e2473,h8g8,-301,19,e2a6,0.0231,0.0243,0.0255,0.0327,e2d3,e2d3,e2d3,e2d3,270.0,0.0327,0.0096,True,elite,03_elite_b3,2583,2466,2466,False,True,5,0.5529,0.1004
r4rk1/pb4pp/1p2pb2/3n1p2/1N1P4/4P1P1/P2B1PBP/R2R2K1 b - - 2 18,36,e2475,f8c8,-27,5,f8c8,0.0147,0.0154,0.0222,0.0416,a7a5,a8b8,a8b8,a7a5,161.0,0.0416,0.0269,True,elite,03_elite_b3,2458,2573,2573,True,False,2,0.563,0.0041
6k1/1p6/2p1p3/2PpP1pq/PP1Pp2p/4P1nP/3B2P1/4Q1K1 b - - 0 34,68,e2479,h5e8,-76,14,g5g4,0.0133,0.0154,0.0202,0.027,g5g4,g5g4,g5g4,g5g4,367.0,0.027,0.0137,True,elite,03_elite_b3,2325,2509,2509,False,True,5,0.4499,0.0669
r2q1rk1/2n1ppbp/5np1/pp1PNb2/3P4/PBN5/1P3PPP/R1BQR1K1 b - - 8 14,28,e2483,f5d7,-214,2,b5b4,0.0012,0.0012,0.0011,0.0012,a5a4,f6d5,f6d5,f6d5,240.0,0.0012,0.0,True,elite,03_elite_b3,2662,2447,2447,False,True,3,0.6761,0.0477
r2q1rk1/p3bppp/1p2p3/2pnB3/3P4/4PN2/PP2QPPP/R2R2K1 b - - 1 14,28,e2484,d8e8,-54,16,c5d4,0.0061,0.0073,0.0093,0.0175,f7f6,f7f6,f7f6,f7f6,116.0,0.0175,0.0114,True,elite,03_elite_b3,2552,2373,2373,False,True,3,0.6454,0.0121
1rr4k/4qBb1/p3Pn1p/2p2Q2/1p6/1P4P1/PN3P1P/3RR1K1 b - - 4 28,56,e2485,f6g8,-507,14,c8d8,0.0351,0.0267,0.0202,0.0179,c8d8,f6h7,f6h7,c8d8,119.0,0.0351,-0.0172,True,elite,03_elite_b3,2570,2562,2562,False,True,1,0.8663,0.2229
2r1r1k1/3qbppp/ppbpp3/2pn4/P2P4/1QP1PN1P/1P2BPPB/R2R2K1 b - - 2 18,36,e2486,d7a7,-64,22,d7b7,0.0064,0.0095,0.0125,0.0171,b6b5,b6b5,b6b5,b6b5,299.0,0.0171,0.0107,True,elite,03_elite_b3,2492,2570,2570,False,True,2,0.6792,0.0568
4r1k1/p3rpp1/3q1n1p/1p6/5RPP/1B1P1Q2/PPP2RK1/8 b - - 0 24,48,e2487,d6d7,0,0,e7e3,0.0301,0.0264,0.0211,0.0187,e7e3,e7e3,e7e3,a7a5,142.0,0.0301,-0.0114,True,elite,03_elite_b3,2475,2620,2620,False,True,5,0.5086,0.0079
rnb2rk1/3n2pp/2p1pq2/p2p2N1/1pP4P/1P2P3/PNQPBP2/2KR3R b - - 1 16,32,e2488,f6h6,-233,129,g7g6,0.0204,0.019,0.0194,0.015,g7g6,g7g6,g7g6,g7g6,121.0,0.0204,-0.0054,True,elite,03_elite_b3,2515,2617,2617,False,True,6,0.6659,0.0321
1r4k1/4P3/2p2qp1/r5N1/P4P2/1P2P3/1NQP4/2KR3R b - - 0 28,56,e2488,b8e8,-858,68,c6c5,0.0288,0.0259,0.0209,0.0205,f6e7,f6e7,f6e7,f6e7,1138.0,0.0288,-0.0083,True,elite,03_elite_b3,2515,2617,2617,False,True,1,0.8935,0.4402
3r2k1/p2q1p1p/1pn1r1p1/2p1b3/P1P1PB2/3P1BPP/3Q1R1K/3R4 b - - 4 32,64,e2489,d7e7,165,24,d7e7,0.0033,0.0031,0.0025,0.0016,e5f4,e5f4,c6d4,c6d4,242.0,0.0033,-0.0017,True,elite,03_elite_b3,2681,3057,3057,True,False,0,0.6337,0.0231
r4r2/pp3bkp/2nq4/3Np3/1PB1p3/2P2PP1/P2Q4/2KR3R b - - 1 24,48,e2493,h7h5,-241,3,f7d5,0.0057,0.0049,0.0049,0.0071,e4f3,e4f3,e4f3,e4f3,431.0,0.0071,0.0014,True,elite,03_elite_b3,2574,2584,2584,False,True,6,0.6876,0.109
r4r2/pp1Q4/2n3B1/4p1k1/1P6/2P2pP1/P7/2K4R b - - 0 30,60,e2493,c6d4,-878,105,g5g6,0.0003,0.0002,0.0002,0.0002,g5g6,g5g6,g5g6,g5g6,1118.0,0.0003,-0.0001,True,elite,03_elite_b3,2574,2584,2584,False,True,1,0.8163,0.2819
1r6/4pb1k/3q2p1/p6p/P7/5P1P/3B2P1/2Q1R2K b - - 2 32,64,e2494,b8b7,-174,5,b8a8,0.0141,0.019,0.0287,0.0391,b8a8,b8a8,b8a8,b8d8,118.0,0.0391,0.025,True,elite,03_elite_b3,2681,2582,2582,False,True,5,0.5795,0.232
5rk1/6pn/p5p1/2pPpq2/1pP4r/1P2B2P/P3RPQK/6R1 b - - 9 32,64,e2495,f5h5,103,24,h7f6,0.0463,0.0488,0.0452,0.0394,h7f6,h7f6,h7f6,h7f6,159.0,0.0488,-0.0069,True,elite,03_elite_b3,2525,2620,2620,False,True,2,0.4661,0.0092
r2q1rk1/2p2ppp/p2p1b2/Pp1Pn2b/8/2P2N1P/1P1N1PP1/R1BQR1K1 b - - 1 16,32,e2496,d8c8,174,64,e5d3,0.0051,0.006,0.0066,0.005,e5d3,e5d3,e5d3,e5d3,144.0,0.0066,-0.0001,True,elite,03_elite_b3,2515,2431,2431,False,True,2,0.6579,0.0864
r4rk1/2Q3pp/p7/P2Pp1qb/5p2/3R3P/1P3PP1/4RNK1 b - - 0 30,60,e2496,g5g6,-112,30,a8e8,0.0046,0.0037,0.0025,0.0017,f4f3,f4f3,f4f3,f4f3,113.0,0.0046,-0.0029,True,elite,03_elite_b3,2515,2431,2431,False,True,5,0.5678,0.1229
r2q1rk1/pbpnnpbp/1p1pp1p1/8/2PPP3/2N1BNP1/PP1Q1PBP/R4RK1 b - - 5 10,20,E2025-10_1,d6d5,-81,4,f8e8,0.0387,0.0349,0.0188,0.0091,c7c5,c7c5,f7f5,f7f5,293.0,0.0387,-0.0296,True,elite,03_elite_bands2,2602,2616,2616,False,True,3,0.7623,0.1131
5r1k/p6p/3rqp1Q/4pR2/8/4P1P1/1P3P1P/2R3K1 b - - 3 24,48,E2025-10_8,h8g8,-234,48,f8d8,0.0325,0.0364,0.0415,0.047,e6f5,e6f5,e6f5,f8d8,439.0,0.047,0.0145,True,elite,03_elite_bands2,2611,2607,2607,False,True,5,0.598,0.1368
r4rk1/1pq1bpp1/p2p1n1p/4pP2/6P1/1PN1BP2/1PPQ3P/2KR3R b - - 0 16,32,E2025-10_9,f8c8,-132,2,f8d8,0.0151,0.0173,0.0221,0.0332,b7b5,f6h7,f6h7,f6h7,178.0,0.0332,0.0181,True,elite,03_elite_bands2,2528,2548,2548,False,True,2,0.6019,0.0255
8/5p2/3k4/4r3/1P6/4b1PB/1P3nPK/4R3 b - - 0 34,68,E2025-10_11,f7f5,375,31,f7f6,0.0276,0.023,0.0256,0.0333,f2h3,f2d3,f2d3,f2d3,149.0,0.0333,0.0057,True,elite,03_elite_bands2,2487,2535,2535,False,True,4,0.5346,0.0611
rn3Bk1/pp3p2/1np1b1p1/6Np/3bP2P/2N5/PPP3P1/R4R1K b - - 1 18,36,E2025-10_12,e6c4,-167,3,e6c4,0.0096,0.0065,0.0058,0.0064,g8f8,g8f8,g8f8,g8f8,396.0,0.0096,-0.0032,True,elite,03_elite_bands2,2410,2510,2510,True,False,0,0.479,0.0184
r2k1b1r/6p1/pq1p1pP1/2pPpn1p/Q1P1N3/R3B2P/1P3P2/4K1R1 b - - 7 26,52,E2025-10_13,b6b4,-78,34,f8e7,0.0249,0.0269,0.0286,0.0308,f5e3,f5e3,f5e3,f5d4,212.0,0.0308,0.0059,True,elite,03_elite_bands2,2665,2618,2618,False,True,6,0.5649,0.0433
r2k3r/2q1b1p1/p2p1pP1/2pPpn1p/Q1P1N3/1R5P/1P1B1P2/4K1R1 b - - 11 28,56,E2025-10_13,a6a5,-76,8,c7d7,0.035,0.0241,0.018,0.0145,f5d4,f5d4,f5d4,f5d4,602.0,0.035,-0.0205,True,elite,03_elite_bands2,2665,2618,2618,False,True,6,0.6332,0.0892
8/5pk1/2N3pp/p7/1p6/5n1P/PKP5/8 b - - 2 30,60,E2025-10_16,g6g5,388,6,f7f5,0.0452,0.0305,0.0291,0.038,f3g5,f3g5,f3g5,f3g1,155.0,0.0452,-0.0072,True,elite,03_elite_bands2,2517,2503,2503,False,True,4,0.47,0.0003
r1b1kb1r/p1q2ppp/2pPp3/3n4/4NP2/8/PPP3PP/R1BQKB1R b KQkq - 0 10,20,E2025-10_19,c7b8,-138,1,f8d6,0.0007,0.0002,0.0001,0.0001,f8d6,f8d6,f8d6,f8d6,143.0,0.0007,-0.0006,True,elite,03_elite_bands2,2816,2636,2636,False,True,3,0.6917,0.245
2r5/3r2k1/1p4p1/5b2/PBpp1P2/R4BK1/1P6/2R5 b - - 5 32,64,E2025-10_19,g7f7,-292,40,g7f7,0.0073,0.0081,0.01,0.0157,d4d3,d4d3,d4d3,d4d3,101.0,0.0157,0.0084,True,elite,03_elite_bands2,2816,2636,2636,True,False,7,0.625,0.0967
3Q4/ppr2p1k/bn4pp/2q2p2/8/2N2N1P/PP3PP1/3R2K1 b - - 8 30,60,E2025-10_20,c5e7,57,0,c5e7,0.0454,0.0498,0.043,0.0355,b6c4,b6c4,b6c4,b6c4,327.0,0.0498,-0.0099,True,elite,03_elite_bands2,2766,2959,2959,True,False,0,0.5326,0.0254
1r2r1k1/4pp2/2p1P1p1/p1p4p/p1Pq3P/3P1Q2/3B1PP1/1R2R1K1 b - - 0 22,44,E2025-10_25,d4g7,-503,25,f7f6,0.0047,0.0056,0.0053,0.0049,f7f6,f7f6,f7f6,f7f6,211.0,0.0056,0.0002,True,elite,03_elite_bands2,2571,2405,2405,False,True,1,0.7722,0.1666
5r2/6pk/7p/p1qP1p2/2N1n3/7P/1P4PK/3R1Q2 b - - 4 32,64,E2025-10_26,f8f6,9,2,f8f6,0.0185,0.0206,0.0236,0.0307,c5c7,c5c7,f5f4,f5f4,390.0,0.0307,0.0122,True,elite,03_elite_bands2,2940,2905,2905,True,False,0,0.5365,0.003
8/6pk/6rp/p1qP1p2/2NQn3/7P/1P4PK/3R4 b - - 8 34,68,E2025-10_26,c5e7,0,51,c5e7,0.0302,0.0263,0.0255,0.0299,c5c7,c5c7,c5c7,c5c7,107.0,0.0302,-0.0003,True,elite,03_elite_bands2,2940,2905,2905,True,False,0,0.4463,0.0283
2r5/1q6/p3pNkp/1p2Bpp1/3Pb2P/1P6/P4RP1/4R2K b - - 0 32,64,E2025-10_30,e4d5,246,51,e4d3,0.0265,0.0273,0.0249,0.022,g5h4,g5h4,c8c2,c8c2,640.0,0.0273,-0.0045,True,elite,03_elite_bands2,2515,2536,2536,False,True,0,0.6095,0.207
r3k2r/ppbq1pp1/5B1p/2pp1b2/8/1QP1PN2/PP2BPPP/R3K2R b KQkq - 0 14,28,E2025-10_35,c5c4,-239,167,g7f6,0.0096,0.0103,0.0115,0.0127,g7f6,g7f6,g7f6,g7f6,232.0,0.0127,0.0031,True,elite,03_elite_bands2,2561,2471,2471,False,True,3,0.5417,0.0504
2kr3r/ppb2p2/5p2/P2p3p/2p1b2N/Q1P1P1Pq/1P3P1P/R2R1BK1 b - - 2 24,48,E2025-10_35,h3h4,155,249,h3g4,0.0027,0.0031,0.0038,0.0054,h3g4,h3g4,h3g4,h3g4,289.0,0.0054,0.0027,True,elite,03_elite_bands2,2561,2471,2471,False,True,2,0.5808,0.1028
2kr3r/p1b2p2/Pp3p2/3p3p/Q1p1b1qN/2P1P1P1/1P3P1P/R2R1BK1 b - - 1 26,52,E2025-10_35,g4h4,0,141,d8g8,0.0113,0.0197,0.0305,0.0353,h8g8,h8g8,h8g8,h8g8,172.0,0.0353,0.024,True,elite,03_elite_bands2,2561,2471,2471,False,True,6,0.6125,0.0316
2k3r1/p1b2p2/PpQ2p2/3p3p/2p2P1P/2P1Pb2/1P2r2P/R2R1K2 b - - 10 34,68,E2025-10_35,e2b2,-415,12,g8g2,0.0294,0.0252,0.024,0.0298,g8g2,g8g2,g8g2,g8g2,104.0,0.0298,0.0004,True,elite,03_elite_bands2,2561,2471,2471,False,True,0,0.3754,0.0431
r7/pp1nk3/2ppp1p1/8/2P5/8/PP2RPPP/3R2K1 b - - 1 22,44,E2025-10_38,a7a5,-324,3,a7a5,0.0178,0.0192,0.0179,0.0353,d7e5,d7e5,d7e5,d7e5,148.0,0.0353,0.0175,True,elite,03_elite_bands2,2570,2458,2458,True,False,5,0.5881,0.1114
r1b1kb1r/pp1ppppp/2n5/q2P4/8/2P2N2/P4PPP/R1BQKB1R b KQkq - 0 8,16,E2025-10_39,c6e5,62,17,c6e5,0.0369,0.0295,0.0264,0.0264,a5c3,a5c3,a5c3,c6b8,106.0,0.0369,-0.0105,True,elite,03_elite_bands2,2557,2460,2460,True,False,3,0.687,0.2187
4r1k1/p5bp/6p1/3p3P/5B2/2P2p2/Pr6/R4RK1 b - - 0 28,56,E2025-10_40,g6g5,478,79,g6g5,0.0065,0.0038,0.0023,0.0015,g7c3,g7c3,g7c3,g7c3,122.0,0.0065,-0.005,True,elite,03_elite_bands2,2845,2617,2617,True,False,4,0.762,0.0981
4r1k1/p5bp/3B4/3p3P/6p1/2P2p2/Pr6/3R1RK1 b - - 1 30,60,E2025-10_40,g7e5,527,8,b2g2,0.0224,0.0176,0.0146,0.014,g7c3,e8e2,e8e2,e8e2,109.0,0.0224,-0.0084,True,elite,03_elite_bands2,2845,2617,2617,False,True,4,0.9094,0.4369
r3k2r/pppb1ppp/5n2/4q3/4p3/B1P1QP2/P1P3PP/2KR1B1R b kq - 3 12,24,E2025-10_42,b7b6,88,30,e5a5,0.0314,0.0328,0.0261,0.0189,e8c8,e8c8,e8c8,e8c8,292.0,0.0328,-0.0125,True,elite,03_elite_bands2,2570,2533,2533,False,True,3,0.5905,0.1147
5rk1/p4ppp/8/8/5P2/2Nrb1Pb/PP3B1P/R2R2K1 b - - 1 22,44,E2025-10_44,e3d2,-35,131,e3d2,0.0033,0.0016,0.001,0.0011,e3f2,e3f2,e3f2,e3f2,130.0,0.0033,-0.0022,True,elite,03_elite_bands2,2541,2510,2510,True,False,5,0.5916,0.1037
r4rk1/pp6/6q1/3p1P1p/1P3P2/1N6/P1Q3P1/b1B2R1K b - - 0 24,48,E2025-10_46,g6g7,0,1,g6f6,0.0065,0.0056,0.0055,0.0066,f8f5,f8f5,f8f5,f8f5,306.0,0.0066,0.0001,True,elite,03_elite_bands2,2672,2614,2614,False,True,5,0.4402,0.001
2r3k1/1q3pb1/p5p1/7p/Q2n3P/6PK/1P3P2/3RR3 b - - 5 30,60,E2025-10_47,b7d5,393,32,d4f3,0.0013,0.0014,0.0019,0.0034,d4f3,d4f3,d4f3,d4f3,164.0,0.0034,0.0021,True,elite,03_elite_bands2,2577,2430,2430,False,True,0,0.6446,0.0732
r2q1rk1/pbp1bp1p/1p2p1pB/n3P3/P4Q2/2P2N2/2P2PPP/R3KB1R b KQ - 2 14,28,E2025-10_48,d8d5,-71,43,d8d5,0.0059,0.0051,0.0074,0.0129,f8e8,f8e8,f8e8,f8e8,233.0,0.0129,0.007,True,elite,03_elite_bands2,2956,2731,2731,True,False,2,0.5653,0.0796
3r2k1/pbp1bp1p/1pn1p1p1/1B2P3/P4Q1P/2q2N1R/2P2PP1/4RK2 b - - 1 20,40,E2025-10_48,c3b4,-54,55,c3b4,0.0137,0.0148,0.0135,0.011,c3c2,c3c2,c6d4,c6d4,399.0,0.0148,-0.0027,True,elite,03_elite_bands2,2956,2731,2731,True,False,0,0.5542,0.0005
6k1/1bp2p2/ppn1p1p1/4P1Pp/q2rB3/3RQ3/2P2PP1/4RK2 b - - 0 28,56,E2025-10_48,a4b5,-131,4,a4c4,0.0079,0.0098,0.0115,0.0136,d4d3,d4d3,d4d3,d4e4,204.0,0.0136,0.0057,True,elite,03_elite_bands2,2956,2731,2731,False,True,0,0.546,0.0654
6k1/1bp2p2/p1n1p1p1/1p2P1Pp/2qrB3/4Q3/2P2PP1/3RR1K1 b - - 1 30,60,E2025-10_48,g8f8,-125,9,d4d8,0.0018,0.0015,0.0018,0.0059,d4d1,d4d1,d4d1,d4d1,178.0,0.0059,0.0041,True,elite,03_elite_bands2,2956,2731,2731,False,True,0,0.5242,0.019
rnb1k2r/pp3pbp/2p3p1/3qP3/8/3BPN2/PP2QPP1/R3K1NR b KQkq - 1 12,24,E2025-10_51,b8d7,163,96,g7e5,0.0232,0.0221,0.0217,0.0302,g7e5,g7e5,g7e5,g7e5,112.0,0.0302,0.007,True,elite,03_elite_bands2,2769,2810,2810,False,True,3,0.6032,0.0006
r1b4r/pp2qpkp/2p2np1/6N1/5R2/3BP3/PQ3PP1/1R3K2 b - - 15 24,48,E2025-10_51,h7h5,-42,23,h8d8,0.0119,0.0137,0.0129,0.0084,h7h6,h7h6,h7h6,h7h6,211.0,0.0137,-0.0035,True,elite,03_elite_bands2,2769,2810,2810,False,True,6,0.5546,0.0455
rnbqk2r/pp2bpp1/5p1p/1B1P4/8/2N2N2/PP2QPPP/R3K2R b KQkq - 2 12,24,E2025-10_52,e8f8,-132,349,e8f8,0.0129,0.0106,0.0131,0.037,c8d7,c8d7,c8d7,c8d7,334.0,0.037,0.0241,True,elite,03_elite_bands2,2551,2508,2508,True,False,3,0.6813,0.0922
r1b4r/1pq1bpk1/6pp/4p3/2B5/2N5/PP2QPPP/3RR1K1 b - - 1 22,44,E2025-10_52,e7g5,-97,8,f7f6,0.0021,0.001,0.0004,0.0001,f7f6,e7f6,e7f6,e7f6,109.0,0.0021,-0.002,True,elite,03_elite_bands2,2551,2508,2508,False,True,2,0.578,0.0231
1rbq1rk1/1p1npp1p/p2p2p1/3N4/P1PQP3/7P/1P2BPP1/3R1RK1 b - - 0 16,32,E2025-10_57,a6a5,-100,1,b7b6,0.0173,0.009,0.0062,0.0144,d7c5,d7c5,d7c5,d7c5,178.0,0.0173,-0.0029,True,elite,03_elite_bands2,2472,2546,2546,False,True,2,0.616,0.0293
r2qkb1r/pp3p1p/2n1b3/3p4/3PpP2/2N5/PP1NBPPP/R2Q1RK1 b kq - 0 12,24,E2025-10_58,f8g7,-11,61,c6d4,0.0282,0.0237,0.0181,0.02,c6d4,c6d4,c6d4,c6d4,139.0,0.0282,-0.0082,True,elite,03_elite_bands2,2480,2541,2541,False,True,3,0.7064,0.1389
r2qkb1r/pp3p1p/2n1b3/3p4/Q3pP2/2N5/PP1NBPPP/3R1RK1 b kq - 3 14,28,E2025-10_58,d8a5,-74,196,d8f6,0.0082,0.0061,0.0055,0.0056,f8d6,f8d6,f8d6,f7f5,257.0,0.0082,-0.0026,True,elite,03_elite_bands2,2480,2541,2541,False,True,3,0.5996,0.0513
3k1b1r/p4p1p/2Q1bq2/8/4pP2/2N5/PP3PPP/3R2K1 b - - 1 20,40,E2025-10_58,e6d5,-1125,869,f8d6,0.0012,0.0007,0.0007,0.0008,d8e7,d8e7,d8e7,d8e7,871.0,0.0012,-0.0004,True,elite,03_elite_bands2,2480,2541,2541,False,True,1,0.7319,0.1098
r4k2/pp1qbbp1/2n2p1n/P3p3/2NpP2P/3P1Q1p/1P1B1P1P/R1R3KB b - - 6 22,44,E2025-10_60,a8c8,-187,7,f8g8,0.0199,0.012,0.0096,0.0121,h6g4,h6g4,h6g4,h6g4,137.0,0.0199,-0.0078,True,elite,03_elite_bands2,2704,2656,2656,False,True,2,0.6302,0.1691
6r1/pp1q2pk/4bp1n/P3p2B/1nNpP2P/3P2Qp/1P3P1P/R5RK b - - 1 28,56,E2025-10_60,h7h8,-169,14,h7h8,0.0261,0.0278,0.0288,0.0283,b4c2,e6f7,e6f7,e6f7,148.0,0.0288,0.0022,True,elite,03_elite_bands2,2704,2656,2656,True,False,2,0.5772,0.0953
8/p3ppk1/1p6/4Pbp1/8/2r2PB1/P1nR2P1/2R3K1 b - - 1 32,64,E2025-10_61,c3c6,-141,28,c3c5,0.0149,0.0236,0.0356,0.046,b6b5,b6b5,b6b5,b6b5,158.0,0.046,0.0311,True,elite,03_elite_bands2,2808,2770,2770,False,True,5,0.5199,0.0389
2r5/p3ppk1/1p6/4Pbp1/6P1/5P2/P1nR1B2/2R3K1 b - - 0 34,68,E2025-10_61,c2b4,-218,79,f5g6,0.0119,0.0082,0.0066,0.0066,f5g6,f5g6,f5g6,f5g6,120.0,0.0119,-0.0053,True,elite,03_elite_bands2,2808,2770,2770,False,True,5,0.5536,0.1697
4k3/pp3r2/3b1P2/2p3B1/2pp4/8/PPP3R1/2K5 b - - 0 32,64,E2025-10_62,f7h7,260,18,e8d7,0.026,0.0274,0.0277,0.0296,d6e5,d6e5,d6e5,d6e5,656.0,0.0296,0.0036,True,elite,03_elite_bands2,2432,2572,2572,False,True,0,0.579,0.2139
5rk1/pp2Br1p/2npq1p1/4p2n/2N1Q3/1PP2NPP/P4PK1/R2R4 b - - 0 20,40,E2025-10_63,d6d5,138,26,c6e7,0.0078,0.0048,0.0044,0.005,e6e7,c6e7,c6e7,c6e7,217.0,0.0078,-0.0028,True,elite,03_elite_bands2,2547,2450,2450,False,True,6,0.4635,0.0068
Q7/1r3pk1/1p2p1p1/2p4p/2P4P/1P2PqP1/P4P2/5RK1 b - - 0 22,44,E2025-10_64,g6g5,-59,151,g6g5,0.046,0.0344,0.029,0.023,b7d7,b7d7,b7d7,b7d7,631.0,0.046,-0.023,True,elite,03_elite_bands2,2535,2521,2521,True,False,5,0.6016,0.2337
r3k2r/1p1q1pp1/p1n2n2/b1p1p1N1/2PpP3/1P1P2PN/PB3PKP/R2Q3R b kq - 2 16,32,E2025-10_67,a5c3,73,102,e8c8,0.0178,0.0171,0.0227,0.0394,e8c8,e8c8,e8c8,e8c8,104.0,0.0394,0.0216,True,elite,03_elite_bands2,2539,2479,2479,False,True,2,0.6445,0.1936
2k2r2/1p2brp1/p1n1q3/2p1p1B1/2PpP1nP/1P1P2PN/P3QPK1/5R1R b - - 15 28,56,E2025-10_67,e6d7,301,3,c6d8,0.0024,0.0031,0.0036,0.0035,e7g5,e7g5,e7g5,e7g5,224.0,0.0036,0.0011,True,elite,03_elite_bands2,2539,2479,2479,False,True,4,0.5055,0.0019
2r5/pp3k2/4pB2/1b1pP1PP/8/8/PPP5/2KR4 b - - 0 34,68,E2025-10_79,f7g8,-510,8,c8c4,0.0351,0.0309,0.0224,0.0141,b5e2,b5e2,b5e2,b5e2,183.0,0.0351,-0.021,True,elite,03_elite_bands2,2434,2553,2553,False,True,1,0.6757,0.0605
1r3rk1/p1q3pp/2p2n2/1PPp4/P1pPp3/6PB/2Q2P1P/RR4K1 b - - 2 22,44,E2025-10_81,h7h6,40,40,f8e8,0.008,0.0116,0.0173,0.0225,c6b5,c6b5,c6b5,c6b5,120.0,0.0225,0.0145,True,elite,03_elite_bands2,2482,2540,2540,False,True,2,0.5744,0.0577
4r1k1/3n2qp/R1Np4/2pPb1pn/4Pp2/3Q1P1P/1r2N1PB/5R1K b - - 1 30,60,E2025-10_82,d7f8,-12,21,c5c4,0.0099,0.0116,0.0128,0.0172,h5g3,h5g3,h5g3,h5g3,196.0,0.0172,0.0073,True,elite,03_elite_bands2,2455,2570,2570,False,True,2,0.4881,0.0956
2kr3r/ppq1n3/4b3/2b1pPpP/2P3p1/1PP3P1/P1QNB1K1/R1B4R b - - 0 20,40,E2025-10_84,d8d2,991,506,e6f5,0.0002,0.0002,0.0003,0.0004,e6f5,e6f5,e6f5,e6f5,491.0,0.0004,0.0002,True,elite,03_elite_bands2,2546,2497,2497,False,True,0,0.5068,0.0151
r2qk2r/1ppb1ppp/1p1p1n2/n2Bp3/4P3/3P1N1P/PPP1QPP1/R1B1K2R b KQkq - 2 10,20,E2025-10_87,a5c6,0,10,e8g8,0.0192,0.0209,0.0194,0.0181,f6d5,f6d5,f6d5,f6d5,142.0,0.0209,-0.0011,True,elite,03_elite_bands2,2959,2993,2993,False,True,3,0.681,0.0798
6k1/pB3pbp/4p1p1/2P1P3/5P2/6PP/PR4QK/1qr5 b - - 6 32,64,E2025-10_89,c1h1,-26,48,b1d3,0.0206,0.0169,0.0124,0.0109,b1d3,b1d3,b1d3,b1d3,127.0,0.0206,-0.0097,True,elite,03_elite_bands2,2537,2432,2432,False,True,5,0.4683,0.0426
r1bqkb1r/1p1n1ppp/p3pn2/2p5/8/2N2NP1/PPQPPPBP/R1B1K2R b KQkq - 1 8,16,E2025-10_90,a8a7,-53,9,f8e7,0.0113,0.0084,0.0043,0.0019,a8b8,a8b8,a8b8,b7b5,104.0,0.0113,-0.0094,True,elite,03_elite_bands2,2773,2802,2802,False,True,3,0.7263,0.3054
r5r1/bp1bqp1k/p3pp1p/2P1p2Q/1P2P3/P1NR4/2B2PPP/3R2K1 b - - 7 20,40,E2025-10_91,d7c8,-273,72,d7c6,0.0092,0.007,0.0047,0.003,d7c6,d7c6,d7c6,d7c6,170.0,0.0092,-0.0062,True,elite,03_elite_bands2,2512,2541,2541,False,True,2,0.5946,0.0173
2r1r1k1/1p1nppbp/1q1p2p1/pN1P4/P1n5/2P3PP/1P2QPB1/R1B1R1K1 b - - 4 18,36,E2025-10_92,b6d8,-174,21,e7e6,0.0092,0.012,0.0157,0.0242,d7e5,d7e5,d7e5,d7e5,305.0,0.0242,0.015,True,elite,03_elite_bands2,2419,2505,2505,False,True,2,0.6083,0.0403
r2qk2r/pp3p2/7p/2np1bp1/1b1P4/2N3B1/PP3PPP/R1Q1KB1R b KQkq - 0 14,28,E2025-10_95,e8g8,197,49,d8e7,0.004,0.0023,0.0018,0.0026,c5d3,c5d3,c5d3,c5d3,269.0,0.004,-0.0014,True,elite,03_elite_bands2,2611,2942,2942,False,True,3,0.528,0.0076
r1bqk2r/ppp2pb1/3p1npp/4n3/3NP1PP/2N1B3/PPP1BP2/R2QK1R1 b Qkq - 4 10,20,E2025-10_100,d6d5,-56,88,e5c6,0.0151,0.0108,0.0062,0.0049,c8g4,c8g4,c8g4,c7c5,180.0,0.0151,-0.0102,True,elite,03_elite_bands2,2589,2454,2454,False,True,3,0.7026,0.1724
r1bqk2r/p1p2pb1/2pp2p1/6Pn/3BP3/2N5/PPP1BP2/R2QK1R1 b Qkq - 1 14,28,E2025-10_100,d8e7,-101,7,c6c5,0.0117,0.0185,0.0252,0.0422,g7d4,g7d4,g7d4,g7d4,135.0,0.0422,0.0305,True,elite,03_elite_bands2,2589,2454,2454,False,True,2,0.5707,0.0146
2r2r1k/pp1b3p/1qn1p1p1/3p2Bn/7Q/P1NB4/1PP2PPP/1R2R1K1 b - - 2 22,44,E2025-10_104,h8g7,-164,6,h8g8,0.014,0.0182,0.0248,0.0416,c6d4,f8f7,f8f7,f8f7,105.0,0.0416,0.0276,True,elite,03_elite_bands2,2542,2403,2403,False,True,2,0.6367,0.0889
1r3knr/p3pp1p/2Q3p1/8/6P1/5N1P/P2B1P2/b5K1 b - - 0 24,48,E2025-10_106,h7h6,-133,14,h7h6,0.0022,0.0029,0.0043,0.0102,b8b1,b8b1,g8f6,g8f6,368.0,0.0102,0.008,True,elite,03_elite_bands2,2902,2723,2723,True,False,6,0.4199,0.0067
rnbqkb1r/5p1p/p2ppp2/7Q/2pNP3/2N5/PPP2P1P/R1B1K2R b KQkq - 1 10,20,E2025-10_107,c8d7,-144,5,d8b6,0.0253,0.0304,0.0307,0.0303,c8b7,c8b7,c8b7,c8b7,229.0,0.0307,0.005,True,elite,03_elite_bands2,2529,2479,2479,False,True,2,0.5827,0.0794
r3kb1r/1R3p1p/p4p2/3qp3/6Q1/2p1B3/P1P1KP1P/1R6 b kq - 1 24,48,E2025-10_107,f8e7,-825,4,f8c5,0.0297,0.0405,0.0475,0.0494,a8d8,a8d8,a8d8,f8d6,1172.0,0.0494,0.0197,True,elite,03_elite_bands2,2529,2479,2479,False,True,6,0.5462,0.0218
8/1pp2k2/2n5/3b2Rp/p7/P6P/3r2P1/1R5K b - - 4 34,68,E2025-10_108,c6d8,392,15,c6e7,0.003,0.003,0.003,0.0039,b7b6,b7b6,b7b6,d5b3,128.0,0.0039,0.0009,True,elite,03_elite_bands2,2431,2536,2536,False,True,4,0.6629,0.0457
r3kb1r/pp2pppp/2n1b3/2q3B1/4p2P/4P3/PPPQNPP1/2KR1B1R b kq - 2 10,20,E2025-10_113,e6g4,122,64,a8d8,0.0297,0.0201,0.0154,0.0086,e6a2,e6a2,e6a2,e6a2,2121.0,0.0297,-0.0211,True,elite,03_elite_bands2,2792,2768,2768,False,True,2,0.5639,0.0081
3rkb1r/pp2pppp/2n5/1Bq3B1/3Np2P/4P3/bPPQ1PP1/2KR3R b k - 1 12,24,E2025-10_113,d8d5,-90,8,a7a6,0.0347,0.0299,0.0242,0.0208,e7e5,e7e5,e7e5,e7e5,306.0,0.0347,-0.0139,True,elite,03_elite_bands2,2792,2768,2768,False,True,2,0.5204,0.0509
5rk1/5p1p/1r1P2p1/3Bp3/8/q5P1/1n1RQP1P/2R3K1 b - - 6 30,60,E2025-10_114,b2d3,-198,145,b6d6,0.0167,0.0146,0.0149,0.0148,b6d6,b6d6,b6d6,b6d6,165.0,0.0167,-0.0019,True,elite,03_elite_bands2,2502,2442,2442,False,True,5,0.5766,0.0015
r1b2rk1/ppq3pp/2nbpn2/3pN3/1P6/P2B1N2/1BP2PPP/R2QR1K1 b - - 8 14,28,E2025-10_115,a7a5,-82,8,c8d7,0.0261,0.0235,0.0232,0.0359,c6e5,c6e5,c6e5,c8d7,146.0,0.0359,0.0098,True,elite,03_elite_bands2,2581,2500,2500,False,True,3,0.7251,0.0771
4rr1k/q5pp/4p3/pp1nB2Q/bP6/P5PP/B3RP2/2R3K1 b - - 2 26,52,E2025-10_115,e8d8,-339,51,f8f5,0.0029,0.002,0.0014,0.0011,a5b4,a5b4,a5b4,a5b4,212.0,0.0029,-0.0018,True,elite,03_elite_bands2,2581,2500,2500,False,True,6,0.7061,0.1153
2Rr2k1/pp2q1pp/4pp2/5b2/3P4/4QB2/r4PPP/2R3K1 b - - 4 24,48,E2025-10_116,h7h5,-60,4,a2a6,0.0009,0.0008,0.0008,0.0011,d8c8,d8c8,a2a3,a2a3,475.0,0.0011,0.0002,True,elite,03_elite_bands2,2509,2547,2547,False,True,0,0.6169,0.0726
3r2k1/p4bpp/5p2/8/1q1P2P1/4QB2/5P1P/2R3K1 b - - 2 30,60,E2025-10_116,h7h5,-15,5,h7h5,0.0014,0.0006,0.0003,0.0004,b4d4,b4d4,b4d4,b4d4,416.0,0.0014,-0.001,True,elite,03_elite_bands2,2509,2547,2547,True,False,5,0.5421,0.0917
r1b5/p5kp/1pprpp2/8/2B2P2/2P1R3/PP4PP/4R1K1 b - - 2 20,40,E2025-10_121,a7a5,-104,28,c8d7,0.012,0.0155,0.017,0.0127,b6b5,g7f7,g7f7,g7f7,326.0,0.017,0.0007,True,elite,03_elite_bands2,2443,2536,2536,False,True,5,0.6686,0.2385
1r2r1k1/1p1bqpb1/p2p3p/P1nPn3/1R2P2P/6P1/1BQNBNK1/4R3 b - - 0 24,48,E2025-10_122,b7b5,24,63,b8c8,0.0322,0.0195,0.016,0.0184,e8c8,e8c8,e8c8,e8c8,115.0,0.0322,-0.0138,True,elite,03_elite_bands2,2461,2564,2564,False,True,2,0.6506,0.1859
5rk1/p1b3p1/q3p1p1/1p6/3P2P1/2P1B2P/P4PQ1/R5K1 b - - 5 28,56,E2025-10_125,c7f4,-29,88,c7f4,0.025,0.0326,0.0362,0.0255,a6d6,a6d6,a6d6,a6a3,113.0,0.0362,0.0005,True,elite,03_elite_bands2,3009,2822,2822,True,False,5,0.6027,0.1325
5rk1/2R2p1p/6p1/8/pP6/7P/1P3PP1/6K1 b - - 0 30,60,E2025-10_126,f8e8,-21,2,f8d8,0.0425,0.0215,0.0135,0.0102,f8b8,f8b8,f8b8,f8b8,147.0,0.0425,-0.0323,True,elite,03_elite_bands2,2774,2799,2799,False,True,5,0.4565,0.2161
r1b1k2r/pp1qp1nP/3pn3/8/1Q3PP1/P1P5/4B3/R3K1NR b KQkq - 4 22,44,E2025-10_127,d7c7,122,12,d7c7,0.0184,0.0214,0.0273,0.0311,a7a5,b7b6,b7b6,b7b6,490.0,0.0311,0.0127,True,elite,03_elite_bands2,2451,2538,2538,True,False,6,0.4713,0.0658
2r5/pp3k1p/6p1/3n2B1/3b2P1/1P3P2/P1b1R1KP/2R5 b - - 3 28,56,E2025-10_128,d4f6,-3,16,d5b4,0.0236,0.0282,0.0316,0.0392,c2d3,c2d3,c2d3,c2d3,449.0,0.0392,0.0156,True,elite,03_elite_bands2,2529,2444,2444,False,True,6,0.4878,0.0034
2r3k1/pp1R3p/6p1/6B1/3b2P1/Pb1n1P2/6KP/5R2 b - - 1 32,64,E2025-10_128,c8c4,169,108,c8c2,0.0349,0.0217,0.0128,0.0106,c8c2,c8c2,c8c2,c8c2,117.0,0.0349,-0.0243,True,elite,03_elite_bands2,2529,2444,2444,False,True,0,0.477,0.1159
r4rk1/pp4bp/2p1b3/3p2Pp/3PpB1Q/P3P3/1Pq1N2R/5RK1 b - - 1 22,44,E2025-10_130,c2d3,-22,14,c2d3,0.0056,0.0037,0.0024,0.0021,e6g4,e6g4,e6g4,e6g4,109.0,0.0056,-0.0035,True,elite,03_elite_bands2,3053,2796,2796,True,False,2,0.5168,0.0161
3rbrk1/pp5p/2p1pq2/2PpNpp1/3Pn3/4P1P1/PPQ2PBP/R1R3K1 b - - 0 18,36,E2025-10_132,f6g7,-75,6,f5f4,0.0117,0.0188,0.0245,0.037,e8h5,h7h5,h7h5,h7h5,265.0,0.037,0.0253,True,elite,03_elite_bands2,2568,2457,2457,False,True,2,0.635,0.1169
6k1/1pp1b1pp/3nPp2/1r6/NPn2B1P/P5P1/4RPB1/6K1 b - - 0 34,68,E2025-10_133,g8f8,-255,62,g8f8,0.0047,0.0055,0.0063,0.0101,c4a3,c4a3,c4a3,c4a3,209.0,0.0101,0.0054,True,elite,03_elite_bands2,2473,2538,2538,True,False,6,0.6256,0.0027
4r3/3k2pp/1pnP1p2/p7/8/2N1P3/PP1RK1PP/8 b - - 3 28,56,E2025-10_134,c6a7,-34,8,e8e5,0.0127,0.0134,0.0119,0.0098,c6e5,e8e6,e8e6,e8e6,112.0,0.0134,-0.0029,True,elite,03_elite_bands2,2543,2542,2542,False,True,5,0.5602,0.1567
r2qk2r/pp6/1b2ppn1/1P1B2B1/6P1/P7/5P2/RN1Q1RK1 b kq - 0 20,40,E2025-10_135,d8b8,953,8,d8c7,0.0002,0.0002,0.0001,0.0002,e6d5,d8d5,d8d5,d8d5,902.0,0.0002,0.0,True,elite,03_elite_bands2,2532,2446,2446,False,True,0,0.5953,0.0306
2rqk2r/3n1p1p/p1p1b3/3p2p1/P2Pn3/1p1B4/1P2NPPB/R1Q2RK1 b k - 1 20,40,E2025-10_140,d8a5,-167,50,d8a5,0.014,0.0119,0.012,0.0144,a6a5,a6a5,a6a5,a6a5,102.0,0.0144,0.0004,True,elite,03_elite_bands2,2978,2763,2763,True,False,2,0.6271,0.0667
2rk2q1/3n1p1p/p2Bb3/2p2N2/P1pP2r1/1p6/1P3RP1/4QRK1 b - - 3 32,64,E2025-10_140,d7b6,-458,4,c5d4,0.0082,0.0079,0.0083,0.0083,c5d4,c5d4,c5d4,c5d4,190.0,0.0083,0.0001,True,elite,03_elite_bands2,2978,2763,2763,False,True,6,0.7172,0.245
4r1k1/Rp1nbrpb/2p1p2p/1pPp1p1P/3P2P1/2N1PBB1/1P3P2/5RK1 b - - 1 22,44,E2025-10_142,e7g5,-2,30,e7g5,0.0312,0.0304,0.0261,0.022,f5g4,f5g4,f5g4,d7f6,121.0,0.0312,-0.0092,True,elite,03_elite_bands2,2992,2905,2905,True,False,2,0.6316,0.1479
8/Rp3rpk/2p1p2p/1pPp2bP/1N1Pb3/4P1B1/1P3P2/6K1 b - - 1 30,60,E2025-10_142,h7g8,0,148,h7g8,0.0249,0.0277,0.0303,0.0365,g7g6,g7g6,e4f3,e4f3,202.0,0.0365,0.0116,True,elite,03_elite_bands2,2992,2905,2905,True,False,0,0.4832,0.0256
8/Rp3rpk/2p1p2p/1pPp2bP/1N1Pb3/4P1B1/1P3P2/6K1 b - - 5 32,64,E2025-10_142,h7g8,0,129,h7g8,0.0249,0.0277,0.0303,0.0365,g7g6,g7g6,e4f3,e4f3,216.0,0.0365,0.0116,True,elite,03_elite_bands2,2992,2905,2905,True,False,0,0.4811,0.0243
7k/1p1npp2/1pbp2p1/r5P1/2P1PP2/2N1K3/PP2B3/2R5 b - - 1 22,44,E2025-10_145,f7f5,-181,10,d7f8,0.0315,0.0176,0.01,0.0071,d7c5,d7c5,d7c5,d7c5,217.0,0.0315,-0.0244,True,elite,03_elite_bands2,2500,2457,2457,False,True,5,0.5772,0.0844
r7/2p5/1p2k2p/p1brpppP/P1R3P1/1P1PPN2/4KP2/3R4 b - - 0 30,60,E2025-10_146,d5d7,-99,8,f5g4,0.0028,0.0042,0.0059,0.009,f5g4,f5g4,a8d8,a8d8,247.0,0.009,0.0062,True,elite,03_elite_bands2,2792,2770,2770,False,True,5,0.5691,0.0545
r4rk1/p5pp/1p2p3/n2pP1q1/4p3/PPR1P3/1B2QPPP/5RK1 b - - 1 20,40,E2025-10_147,f8f3,14,21,f8f7,0.0099,0.0129,0.0165,0.0207,g5e5,g5e5,g5e5,g5e5,153.0,0.0207,0.0108,True,elite,03_elite_bands2,2512,2435,2435,False,True,2,0.5596,0.0314
r1b3k1/pp2rpp1/1qp2n1p/3pNPn1/3P4/1BN1Q1RP/PPP3P1/5R1K b - - 6 20,40,E2025-10_150,g8f8,-44,19,b6c7,0.0115,0.012,0.0138,0.0181,g5e4,g5e4,g5e4,g5e4,653.0,0.0181,0.0066,True,elite,03_elite_bands2,2505,2584,2584,False,True,2,0.6359,0.1167
2rq2k1/4rpp1/1ppn1b1p/p2p4/P2Pb3/1QP4P/1P1NRPPB/R4BK1 b - - 7 28,56,E2025-10_152,e4f5,-40,2,e4f5,0.0279,0.0268,0.0238,0.0218,e4d3,e4d3,e4d3,e4d3,321.0,0.0279,-0.0061,True,elite,03_elite_bands2,2907,2981,2981,True,False,2,0.6449,0.1479
2rq2k1/5pp1/1ppn1b1p/p2p1b2/P2P4/1QP4P/1P1NBPPB/4R1K1 b - - 0 30,60,E2025-10_152,f5e6,-41,1,d8c7,0.0193,0.0232,0.0266,0.0284,d6e4,d6e4,d6e4,d6e4,134.0,0.0284,0.0091,True,elite,03_elite_bands2,2907,2981,2981,False,True,2,0.6542,0.1331
rn1qr1k1/ppp2ppp/1b6/5bN1/3PB3/5Q2/PPP2PPP/R1B1K2R b KQ - 4 12,24,E2025-10_153,d8d5,399,59,f5e4,0.0067,0.008,0.0108,0.0159,f5e4,f5e4,d8g5,d8g5,620.0,0.0159,0.0092,True,elite,03_elite_bands2,2461,2540,2540,False,True,3,0.4371,0.0005
r2qr1k1/1b3pbp/p2p1np1/3Pn2P/Np2P1P1/4BP2/1P1QBN2/R3K2R b KQ - 1 18,36,E2025-10_154,e5g4,-70,82,d8e7,0.0025,0.0023,0.0017,0.001,a6a5,a6a5,a6a5,a6a5,108.0,0.0025,-0.0015,True,elite,03_elite_bands2,2444,2540,2540,False,True,2,0.6518,0.1021
r3r1k1/1b2q1bp/p2p1np1/3Pn3/Np2P1P1/4BP2/1P1QBN2/R4K1R b - - 1 20,40,E2025-10_154,e5g4,99,51,a8c8,0.0053,0.004,0.0029,0.002,a6a5,a6a5,a6a5,a6a5,158.0,0.0053,-0.0033,True,elite,03_elite_bands2,2444,2540,2540,False,True,2,0.6632,0.1574
4r1k1/1br1q1bp/pN1p1np1/3Pn3/1p2P1P1/4BP2/1P1QBNK1/R6R b - - 5 22,44,E2025-10_154,e5g4,92,219,e5g4,0.0118,0.011,0.0099,0.0069,b4b3,b4b3,b4b3,f6d7,269.0,0.0118,-0.0049,True,elite,03_elite_bands2,2444,2540,2540,True,False,2,0.6041,0.0889
2r5/1p2bbpk/2q2n1p/n3RP2/8/P1NQ3P/1PP2BP1/R6K b - - 0 26,52,E2025-10_155,c6c7,-72,175,e7d8,0.0317,0.0279,0.0218,0.0173,e7d6,e7d6,e7d6,e7d6,270.0,0.0317,-0.0144,True,elite,03_elite_bands2,2584,2556,2556,False,True,6,0.5106,0.0486
3r4/1p3p2/2p1bQpk/2q1p2p/2P1P3/pP3P1P/P2RB1PK/8 b - - 0 32,64,E2025-10_158,d8e8,61,5,d8e8,0.0016,0.0021,0.0035,0.0052,d8d2,d8d2,d8d2,d8d2,2057.0,0.0052,0.0036,True,elite,03_elite_bands2,2403,2524,2524,True,False,0,0.4976,0.0208
r3r1k1/2qn1pbp/pn4p1/1p1PpP2/2p4B/2N2Q1P/PPB3P1/R3R1K1 b - - 0 20,40,E2025-10_159,b6c8,73,16,d7c5,0.0144,0.0159,0.0145,0.0086,c7c5,c7c5,d7c5,c7d6,303.0,0.0159,-0.0058,True,elite,03_elite_bands2,2457,2568,2568,False,True,2,0.712,0.1441
5b2/3Q1pk1/3P2p1/3BP2p/p4P2/6PK/4q2P/8 b - - 1 34,68,E2025-10_161,g7h7,-473,38,g7h6,0.0014,0.0004,0.0002,0.0002,e2f1,e2f1,e2f1,e2f1,695.0,0.0014,-0.0012,True,elite,03_elite_bands2,2623,2640,2640,False,True,6,0.4632,0.0359
r3kr2/1bqnbp1R/p2pp3/1p4p1/3BP1P1/1BN2Q2/PPP2P2/2K4R b q - 12 22,44,E2025-10_162,b5b4,-70,69,b7c6,0.0428,0.0323,0.0332,0.0424,e8c8,e8c8,e8c8,e8c8,136.0,0.0428,-0.0004,True,elite,03_elite_bands2,2544,2438,2438,False,True,2,0.6856,0.0984
2k5/2qnQ3/p1bpB3/6p1/4P1P1/8/PpP2P2/1K5R b - - 1 30,60,E2025-10_162,c6a4,-556,21,c6e4,0.0099,0.0067,0.0049,0.0041,c6e4,c6e4,c6e4,c6e4,204.0,0.0099,-0.0058,True,elite,03_elite_bands2,2544,2438,2438,False,True,1,0.817,0.2622
4rbk1/pp1n2r1/2p1qn1Q/3p2B1/3p4/5P2/PPPN4/2K3RR b - - 3 22,44,E2025-10_168,e6f5,422,2,f6h7,0.0145,0.0155,0.022,0.0403,g7h7,g7h7,g7h7,g7h7,2419.0,0.0403,0.0258,True,elite,03_elite_bands2,2434,2564,2564,False,True,4,0.7598,0.2016
1rbq1rk1/p3ppbp/2p2np1/3p4/4P3/1BN1BP2/PPPQ2PP/2KR3R b - - 3 12,24,E2025-10_169,d8c7,-56,32,d8c7,0.0149,0.023,0.0339,0.0442,d5e4,d5e4,d5e4,d5e4,498.0,0.0442,0.0293,True,elite,03_elite_bands2,2765,2675,2675,True,False,3,0.7088,0.2196
8/2R1ppkp/p5p1/r1p1r3/P1P1PR2/1P6/3K2PP/8 b - - 2 28,56,E2025-10_169,h7h6,-198,2,h7h6,0.0145,0.0209,0.0316,0.0398,g6g5,g6g5,g6g5,g6g5,171.0,0.0398,0.0253,True,elite,03_elite_bands2,2765,2675,2675,True,False,1,0.4849,0.0075
8/1R2ppk1/p3r1pp/r1p5/P1P1PR2/1P2K3/6PP/8 b - - 3 30,60,E2025-10_169,e6e5,-199,7,e6e5,0.0383,0.0258,0.016,0.0161,g6g5,g6g5,g6g5,g6g5,121.0,0.0383,-0.0222,True,elite,03_elite_bands2,2765,2675,2675,True,False,5,0.5094,0.0766
r6r/p2nkppp/bppRp3/4P3/2P2P2/P1P1B3/4B1PP/2K4R b - - 3 16,32,E2025-10_170,a8d8,-96,11,a8c8,0.0457,0.03,0.0165,0.0088,c6c5,c6c5,c6c5,c6c5,103.0,0.0457,-0.0369,True,elite,03_elite_bands2,2423,2548,2548,False,True,2,0.5881,0.0556
2rr4/p2nkppp/bppRp3/4P3/2P2P2/P1P5/4BBPP/2KR4 b - - 7 18,36,E2025-10_170,g7g5,-144,179,f7f6,0.0069,0.004,0.0027,0.0021,f7f6,f7f6,f7f6,c8c7,208.0,0.0069,-0.0048,True,elite,03_elite_bands2,2423,2548,2548,False,True,2,0.5405,0.0113
r1bqkbnr/pp3ppp/4p3/4N3/1np5/B3P3/3P1PPP/RN1QKB1R b KQkq - 1 8,16,E2025-10_173,c8d7,3,2,c8d7,0.0028,0.0025,0.0022,0.0021,b4d3,b4d3,b4d3,b7b5,254.0,0.0028,-0.0007,True,elite,03_elite_bands2,2720,2981,2981,True,False,3,0.6723,0.1526
1r4r1/p1q3pk/b1p1p2p/3pN3/3PP3/B1P1Q3/PP3RPP/4R1K1 b - - 5 28,56,E2025-10_175,b8b7,-631,12,b8b7,0.0248,0.0286,0.0356,0.0442,d5e4,d5e4,d5e4,d5e4,199.0,0.0442,0.0194,True,elite,03_elite_bands2,2568,2502,2502,True,False,1,0.9273,0.4351
5B2/prq3rk/b1p1Q2p/4N1p1/3Pp3/2P5/PP3RPP/4R1K1 b - - 2 32,64,E2025-10_175,h6h5,-801,44,e4e3,0.0044,0.0036,0.0035,0.004,g7g8,g7g8,g7g8,g7g8,1198.0,0.0044,-0.0004,True,elite,03_elite_bands2,2568,2502,2502,False,True,1,0.9016,0.382
2r2rk1/pp3pPp/4pq2/8/8/2P2Q2/P4PP1/2B1K2R b K - 0 20,40,E2025-10_176,f6e5,361,137,f6e5,0.022,0.0222,0.0238,0.0277,f6g7,f6f3,f6f3,f6f3,635.0,0.0277,0.0057,True,elite,03_elite_bands2,2430,2574,2574,True,False,0,0.408,0.0929
6k1/5p1p/2r3p1/8/Pb1n4/1P2N2P/5PP1/1R4K1 b - - 0 32,64,E2025-10_177,c6c5,258,6,c6c3,0.0027,0.0027,0.0027,0.0025,c6c3,c6c3,c6c3,c6c3,532.0,0.0027,-0.0002,True,elite,03_elite_bands2,2629,2629,2629,False,True,0,0.4944,0.0076
1rbr2k1/pp1npp1p/3n2p1/N1p1b3/8/2N1B1P1/PPP1PPBP/R2R2K1 b - - 11 14,28,E2025-10_178,d8e8,-73,2,d8e8,0.004,0.0056,0.008,0.0105,b7b6,b7b6,b7b6,b7b6,278.0,0.0105,0.0065,True,elite,03_elite_bands2,2671,2650,2650,True,False,2,0.639,0.0446
8/5kpp/p3bp2/1pPNp3/3nP3/3BKP2/6PP/8 b - - 5 34,68,E2025-10_183,e6d7,426,86,e6d7,0.0222,0.0213,0.0224,0.0249,e6d5,e6d5,e6d5,e6d5,291.0,0.0249,0.0027,True,elite,03_elite_bands2,2769,2635,2635,True,False,0,0.5895,0.0821
rn1qkb1r/pp3p1p/3p1np1/2pP4/4PPb1/1QN5/PP4PP/R1B1KBNR b KQkq - 2 8,16,E2025-10_184,f6h5,-83,25,f6h5,0.0036,0.0027,0.0019,0.0016,b7b6,b7b6,b7b6,b7b6,174.0,0.0036,-0.002,True,elite,03_elite_bands2,2644,2676,2676,True,False,3,0.7201,0.1585
r2q1rk1/pp1n1p1p/3p2pb/2pP3n/4PPb1/1QN1B1P1/PP2N1BP/R3K2R b KQ - 4 12,24,E2025-10_184,b7b5,3,7,a8b8,0.0067,0.0041,0.0039,0.0095,b7b6,b7b6,b7b6,b7b6,104.0,0.0095,0.0028,True,elite,03_elite_bands2,2644,2676,2676,False,True,2,0.7001,0.1287
1q2r1k1/5p1p/2Rp1npb/3PP3/1rp2P2/2Nn2PP/1PQ3B1/2B2RK1 b - - 0 24,48,E2025-10_184,f6h5,43,43,f6h5,0.0475,0.0475,0.0461,0.0467,d6e5,d6e5,d6e5,d6e5,144.0,0.0475,-0.0008,True,elite,03_elite_bands2,2644,2676,2676,True,False,2,0.554,0.0231
r1b4r/pp1qnpk1/2n1p1pp/8/2BNN3/1R4Q1/P1P2PPP/3R2K1 b - - 0 18,36,E2025-10_186,d7e8,-317,13,c6d4,0.0069,0.0116,0.023,0.0332,c6d4,c6d4,c6d4,c6d4,490.0,0.0332,0.0263,True,elite,03_elite_bands2,2653,2611,2611,False,True,6,0.6348,0.1736
rnbqkb1r/pp3ppp/5n2/3P4/8/2NB4/PP3PPP/R1BQK1NR b KQkq - 0 8,16,E2025-10_189,f8d6,-153,6,f8d6,0.0044,0.0058,0.01,0.0492,f6d5,f6d5,f6d5,f6d5,343.0,0.0492,0.0448,True,elite,03_elite_bands2,2513,2561,2561,True,False,3,0.6984,0.3371
1rbqr1k1/2p2pp1/1b5p/pP2N3/3P4/4P2P/1P1N2P1/2RQR1K1 b - - 0 20,40,E2025-10_191,b6d4,-5,50,d8g5,0.0386,0.0318,0.0268,0.028,f7f6,c8b7,c8b7,c8b7,108.0,0.0386,-0.0106,True,elite,03_elite_bands2,2658,2654,2654,False,True,2,0.6087,0.0286
r3r3/pb1nqpk1/1p4pp/3pP3/2pP1P2/P1P3N1/2BQ2PP/4RRK1 b - - 0 20,40,E2025-10_194,e8f8,-440,35,e7a3,0.0189,0.0181,0.0146,0.0096,e7a3,e7a3,e7a3,e7a3,181.0,0.0189,-0.0093,True,elite,03_elite_bands2,2592,2414,2414,False,True,1,0.7539,0.005
r5k1/p1R2R1p/6p1/8/4r3/4B3/Pb3KPP/8 b - - 1 22,44,E2025-10_201,e4a4,-10,14,a8f8,0.0291,0.0232,0.0207,0.0215,a8f8,a8f8,a8f8,a8f8,221.0,0.0291,-0.0076,True,elite,03_elite_bands2,2760,2652,2652,False,True,5,0.5733,0.0785
r3k2r/p1p1nppp/1pnq4/4p3/3P4/PQP1PP2/5PBP/1RB1K2R b Kkq - 3 12,24,E2025-10_203,a8d8,70,0,e8g8,0.0032,0.0051,0.0075,0.013,e5d4,e5d4,e5d4,e5d4,125.0,0.013,0.0098,True,elite,03_elite_bands2,2636,2656,2656,False,True,2,0.5695,0.0492
1k1r2r1/1pp2p2/5n2/1q2pPp1/2NpP3/3P4/PP1Q1P2/1K1R2R1 b - - 2 26,52,E2025-10_204,f6e4,98,170,f6e4,0.0358,0.0356,0.0381,0.0457,g5g4,g5g4,g5g4,g5g4,185.0,0.0457,0.0099,True,elite,03_elite_bands2,2503,2570,2570,True,False,5,0.5742,0.0169
2r4k/1p2br1p/p1qp2pB/3Pp2n/7P/PN1R1P2/1PP2Q2/1K1R4 b - - 0 26,52,E2025-10_205,c6a4,0,18,c6a4,0.0361,0.0289,0.0234,0.0198,c6c4,c6c4,c6c4,c6c4,432.0,0.0361,-0.0163,True,elite,03_elite_bands2,2832,2759,2759,True,False,2,0.5701,0.0472
r2q2k1/1p2b1p1/n1p1p2P/p2pP1p1/P2P4/1P6/1BPN2Q1/2K4R b - - 0 28,56,E2025-10_206,d8e8,4,11,g7g6,0.0097,0.0087,0.0084,0.0114,g7h6,g7h6,g7h6,g7g6,176.0,0.0114,0.0017,True,elite,03_elite_bands2,2559,2564,2564,False,True,6,0.5315,0.0242
r1b1kb1r/2qpnppp/pp2p3/8/B2QP3/2N5/PPP2PPP/R1B1R1K1 b kq - 1 10,20,E2025-10_208,c7b8,-102,1,b6b5,0.0004,0.0001,0.0,0.0,c8b7,c8b7,e7c6,e7c6,162.0,0.0004,-0.0004,True,elite,03_elite_bands2,2714,2648,2648,False,True,3,0.7645,0.2442
2k5/pp2Rp2/5p2/7p/3r3P/1P4P1/1PK2P2/8 b - - 0 28,56,E2025-10_210,a7a5,-197,17,d4d7,0.0092,0.005,0.0027,0.0025,d4d7,d4d7,d4d7,d4d7,305.0,0.0092,-0.0067,True,elite,03_elite_bands2,2504,2469,2469,False,True,5,0.5962,0.3446
3rqrk1/pp1n1pb1/2p2np1/1PPpp3/3P3p/2N1PB1P/P4PPB/2RQR1K1 b - - 0 16,32,E2025-10_213,e8e6,-110,47,f6h7,0.014,0.0102,0.0073,0.0117,e5e4,e5e4,e5e4,e5e4,165.0,0.014,-0.0023,True,elite,03_elite_bands2,2558,2490,2490,False,True,2,0.6728,0.1206
3r1rk1/p2n2b1/2p1q3/2Ppppn1/Q2P3p/2N4P/P4PPB/2RBR1K1 b - - 1 22,44,E2025-10_213,e6h6,126,40,e5e4,0.0125,0.0128,0.0103,0.0085,e5e4,e5e4,e5e4,e5e4,225.0,0.0128,-0.004,True,elite,03_elite_bands2,2558,2490,2490,False,True,2,0.668,0.0504
r1b1kb1r/p1qp1pp1/2p3n1/2p1p2p/2N1P2P/3P1N2/PPPBQPP1/R3K2R b KQkq - 3 10,20,E2025-10_220,f7f6,71,33,d7d6,0.039,0.0305,0.0195,0.0144,g6f4,d7d5,d7d5,d7d5,262.0,0.039,-0.0246,True,elite,03_elite_bands2,2812,2644,2644,False,True,2,0.6672,0.0234
rn1qr1k1/2b3pp/b2Ppp1n/ppp5/3P1P2/P1N3PP/3BN1B1/R2Q1RK1 b - - 0 18,36,E2025-10_221,c7b6,-52,155,c5d4,0.0224,0.0296,0.0315,0.0342,c7d6,c7d6,c7d6,c7d6,204.0,0.0342,0.0118,True,elite,03_elite_bands2,2470,2504,2504,False,True,6,0.5862,0.0766
r2q1r1k/1p1n1p1p/p1n1pP2/3pP1b1/1P1P4/P1NQB3/4N2P/R4RK1 b - - 0 18,36,E2025-10_222,d7e5,96,1,f8g8,0.0018,0.0015,0.0017,0.0024,f8g8,f8g8,f8g8,f8g8,227.0,0.0024,0.0006,True,elite,03_elite_bands2,2505,2566,2566,False,True,6,0.6274,0.0385
r4qrk/1p1n1p1p/p1n1pP2/3pP1b1/1P1P4/P1NQB3/4N2P/R5RK b - - 4 20,40,E2025-10_222,d7e5,215,28,f8h6,0.003,0.0021,0.0019,0.0021,g5e3,g5e3,g5e3,g5e3,593.0,0.003,-0.0009,True,elite,03_elite_bands2,2505,2566,2566,False,True,6,0.6009,0.0653
5k2/1N1n1p1p/2n1pP1q/3pP3/3P4/P5Q1/4NK1P/8 b - - 4 30,60,E2025-10_222,d7f6,-214,90,c6a5,0.0154,0.0147,0.015,0.0116,h6d2,h6d2,h6d2,h6d2,1777.0,0.0154,-0.0038,True,elite,03_elite_bands2,2505,2566,2566,False,True,5,0.52,0.033
3N4/5p2/5kp1/8/2P1KPPp/1r5P/8/3R4 b - - 5 32,64,E2025-10_224,f6e7,-624,3,b3h3,0.0216,0.0182,0.0122,0.0105,b3h3,b3h3,b3h3,b3h3,299.0,0.0216,-0.0111,True,elite,03_elite_bands2,2767,2633,2633,False,True,1,0.8289,0.4405
3r1rk1/p4pbp/1pB1p1p1/5n2/2PP1P1q/4P2P/P2BQP1K/1R4R1 b - - 0 20,40,E2025-10_225,g7d4,-29,189,g7d4,0.0227,0.0215,0.0242,0.0294,d8d6,d8d6,d8d6,d8d6,179.0,0.0294,0.0067,True,elite,03_elite_bands2,2483,2587,2587,True,False,2,0.5298,0.07
r2qkb1r/pQ1npppp/3p2b1/1B6/4P3/2N3P1/PPP4P/R1B2RK1 b kq - 0 12,24,E2025-10_230,d8b6,-213,45,d8b6,0.0373,0.0316,0.0235,0.0182,a8b8,a8b8,e7e6,e7e6,331.0,0.0373,-0.0191,True,elite,03_elite_bands2,2572,2575,2575,True,False,6,0.6495,0.1285
r3kb1r/3npppp/1p1p2b1/1B1N4/4P3/6P1/PPP4P/R1B2RK1 b kq - 1 14,28,E2025-10_230,a8b8,-215,12,a8b8,0.0153,0.0156,0.0113,0.0067,g6e4,g6e4,a8c8,a8c8,223.0,0.0156,-0.0086,True,elite,03_elite_bands2,2572,2575,2575,True,False,6,0.6817,0.0999
4kb1r/3n1ppp/1B1pp3/1B6/P3b3/6P1/1PP4P/R4RK1 b k - 0 18,36,E2025-10_230,f7f5,-396,28,d6d5,0.013,0.0116,0.0134,0.0198,e4c2,e4c2,e4c2,e4c2,310.0,0.0198,0.0068,True,elite,03_elite_bands2,2572,2575,2575,False,True,1,0.7342,0.1239
r7/3nkppp/P1Bbp3/3p4/4b3/6P1/1PP2B1P/R4RK1 b - - 4 22,44,E2025-10_230,d7e5,227,626,a8c8,0.0264,0.0284,0.0329,0.0317,a8c8,a8c8,a8c8,a8c8,589.0,0.0329,0.0053,True,elite,03_elite_bands2,2572,2575,2575,False,True,1,0.7057,0.1014
r1b2rk1/pp3pp1/2n2b1p/q1Pp4/8/P1N1PN2/1PQ2PPP/2KR1B1R b - - 2 12,24,E2025-10_232,c6e7,25,18,c8e6,0.0035,0.004,0.0048,0.0059,a5c5,a5c5,a5c5,a5c5,144.0,0.0059,0.0024,True,elite,03_elite_bands2,2591,2528,2528,False,True,3,0.6306,0.0424
r4rk1/pp3p1p/2p3pB/3pP3/2P2Q2/P1N2P2/1q4PP/n4R1K b - - 1 20,40,E2025-10_242,f7f6,-34,38,f7f6,0.0102,0.0159,0.0278,0.0494,b2c3,b2c3,b2c3,b2c3,836.0,0.0494,0.0392,True,elite,03_elite_bands2,2759,2830,2830,True,False,6,0.6182,0.1945
2Q5/pp3pqk/2p2r1p/3p2n1/3PrN1R/4P1P1/PP3PK1/4R3 b - - 14 32,64,E2025-10_244,g7h8,-193,39,g5e6,0.0078,0.0054,0.0038,0.003,e4e7,e4e7,e4e7,e4e7,235.0,0.0078,-0.0048,True,elite,03_elite_bands2,2728,2627,2627,False,True,5,0.5681,0.0176
3rr1k1/pp3pp1/2p3p1/q3p1P1/3bNnQP/P2P4/1PP2PB1/1R2R1K1 b - - 0 24,48,E2025-10_245,d4b2,207,104,d4b6,0.0077,0.0058,0.0035,0.0021,f4g2,a5b6,a5b6,a5b6,206.0,0.0077,-0.0056,True,elite,03_elite_bands2,2472,2502,2502,False,True,2,0.6261,0.0497
1r5k/1q3rp1/p2p1p1p/2pP3N/2p4P/3b2R1/PP1Q1RP1/2K5 b - - 7 28,56,E2025-10_246,f7e7,297,8,b7d5,0.0151,0.0123,0.0101,0.0095,b7d5,b7d5,b7d5,b7d5,164.0,0.0151,-0.0056,True,elite,03_elite_bands2,2482,2504,2504,False,True,0,0.6772,0.1011
6rk/1p1r2p1/5p1p/5N1P/1p1P4/6R1/1qb1QPP1/4R1K1 b - - 1 32,64,E2025-10_250,b2a2,-80,27,b2a2,0.0399,0.044,0.0474,0.0491,b4b3,b4b3,b4b3,b4b3,364.0,0.0491,0.0092,True,elite,03_elite_bands2,2934,2829,2829,True,False,0,0.5597,0.0773
r1bqk2r/pp3ppp/2p2n2/2b1p3/4P3/3B3P/PPP2PP1/RNBQ1RK1 b kq - 0 8,16,E2025-10_251,g7g5,98,59,h7h6,0.0124,0.006,0.0026,0.0012,e8g8,e8g8,e8g8,e8g8,121.0,0.0124,-0.0112,True,elite,03_elite_bands2,2485,2551,2551,False,True,3,0.7261,0.2035
4r1k1/Q4pp1/5qp1/1pBpp3/p2P2P1/P3P2P/1Pr2PK1/5R2 b - - 2 34,68,E2025-10_256,f6c6,390,36,e5e4,0.0015,0.0013,0.0013,0.0018,e5d4,e5d4,e5d4,e5d4,187.0,0.0018,0.0003,True,elite,03_elite_bands2,2514,2466,2466,False,True,4,0.6723,0.1204
2r5/5p1p/4ppk1/1p6/1Pb5/P3BP2/1P3KPP/2R5 b - - 0 28,56,E2025-10_259,c8c6,-50,5,c8d8,0.0162,0.0234,0.0273,0.0252,g6f5,g6f5,c8d8,c8d8,102.0,0.0273,0.009,True,elite,03_elite_bands2,2411,2527,2527,False,True,5,0.6036,0.2567
r1b2k2/4b1q1/p1n1pr2/2pp2N1/6QP/2NP4/PP3PP1/2K1R2R b - - 12 22,44,E2025-10_261,f8g8,316,2,c6b4,0.0027,0.0028,0.0027,0.0033,f6f2,e6e5,e6e5,e6e5,166.0,0.0033,0.0006,True,elite,03_elite_bands2,2779,2621,2621,False,True,4,0.5628,0.0334
r3r1k1/2pn1pp1/1qppb2p/2b1p2N/p1P1P3/3P1N1P/PPQBRPPK/4R3 b - - 8 20,40,E2025-10_263,g7g6,69,40,f7f6,0.0455,0.0254,0.0142,0.013,c5f2,c5f2,c5f2,c5f2,356.0,0.0455,-0.0325,True,elite,03_elite_bands2,2952,3039,3039,False,True,2,0.6733,0.1241
q3r1k1/4bppp/4b3/1Q1p4/2nN1B2/p1P1P2P/5PP1/2RR2K1 b - - 3 24,48,E2025-10_264,e7f8,-149,4,e7f8,0.0013,0.0021,0.0042,0.0127,a3a2,a3a2,a3a2,a3a2,235.0,0.0127,0.0114,True,elite,03_elite_bands2,2999,2658,2658,True,False,2,0.5213,0.0314
rnr5/1b2qpbk/p1p1p1p1/1p2N2p/P1pPPBPP/2P1QB2/5P2/1R1R2K1 b - - 0 20,40,E2025-10_269,c8g8,-144,6,h5g4,0.0119,0.012,0.0086,0.0071,e7h4,e7h4,e7h4,e7h4,197.0,0.012,-0.0048,True,elite,03_elite_bands2,2644,2674,2674,False,True,2,0.651,0.0473
1rbq1rk1/1p1n1ppp/p1n1p3/2bpP3/3N1P1P/P1N1B3/1PPQ2P1/2KR1B1R b - - 0 12,24,E2025-10_270,c5d4,-61,1,c5d4,0.0366,0.042,0.0404,0.0291,b7b5,b7b5,b7b5,b7b5,459.0,0.042,-0.0075,True,elite,03_elite_bands2,2831,2728,2728,True,False,3,0.7208,0.1804
2b2rk1/3n1ppp/p1n1p3/3pP3/1r3P1P/qPN4R/2PQ2P1/1K1R1BB1 b - - 0 18,36,E2025-10_270,c8b7,-76,9,c8b7,0.0356,0.0384,0.0402,0.0412,c6a5,c6a5,c6a5,c6a5,173.0,0.0412,0.0056,True,elite,03_elite_bands2,2831,2728,2728,True,False,2,0.6472,0.1293
r5k1/1b1n1ppp/p1n1p3/3pP3/1r3P1P/qP2B2R/N1PQ2P1/1K1R1B2 b - - 4 20,40,E2025-10_270,a8c8,-131,19,d5d4,0.0105,0.0068,0.0056,0.0048,b4a4,b4a4,b4a4,b4a4,311.0,0.0105,-0.0057,True,elite,03_elite_bands2,2831,2728,2728,False,True,2,0.5595,0.0432
2rqr1k1/3nbppp/bpp1pn2/p7/2NPPB2/1PN3P1/2Q2PBP/R2R2K1 b - - 4 16,32,E2025-10_271,h7h6,-21,1,d7f8,0.0299,0.0287,0.0338,0.0428,a6c4,a6c4,a6c4,a6c4,107.0,0.0428,0.0129,True,elite,03_elite_bands2,2622,2789,2789,False,True,3,0.6943,0.0524
5rk1/pp1b2p1/4p2p/3pP2P/2p2PB1/PnP1q2N/RP1b3K/3Q1R2 b - - 3 24,48,E2025-10_272,e3c5,179,3,d5d4,0.002,0.0017,0.0012,0.0009,b3c1,b3c1,b3c1,b3c5,313.0,0.002,-0.0011,True,elite,03_elite_bands2,2673,2716,2716,False,True,0,0.6495,0.1327
r1r3k1/3n1ppp/5q2/1N1pp3/8/1Np1P1B1/PbQ2PPP/1R1R2K1 b - - 1 20,40,E2025-10_273,f6c6,4,70,f6g6,0.022,0.0221,0.0231,0.0244,a8a2,a8a2,a8a2,a8a2,292.0,0.0244,0.0024,True,elite,03_elite_bands2,2659,2827,2827,False,True,7,0.7161,0.2463
2k5/p1p3p1/2p1rpn1/2b4p/2P3qP/P5P1/1PQ2PB1/1RB2K2 b - - 3 26,52,E2025-10_279,e6d6,30,30,e6d6,0.0408,0.0425,0.0361,0.0217,g6e5,g6e5,g6e5,g6e5,160.0,0.0425,-0.0191,True,elite,03_elite_bands2,3060,2978,2978,True,False,2,0.4506,0.0138
2k5/p1p3p1/2pr1pn1/7p/2P3qP/P5P1/1PQB1KB1/1R6 b - - 0 28,56,E2025-10_279,d6d2,26,251,d6d2,0.0139,0.0106,0.0093,0.0095,g6e5,g6e5,g6e5,g6e5,287.0,0.0139,-0.0044,True,elite,03_elite_bands2,3060,2978,2978,True,False,7,0.6972,0.3008
k2rr3/p2q1p2/2p5/1pNpPbpp/B4P2/P1Q5/1P3BPP/5K1R b - - 3 26,52,E2025-10_282,d5d4,-56,99,d7c7,0.0361,0.0265,0.026,0.0258,d7c7,d7c8,d7c8,d7c8,183.0,0.0361,-0.0103,True,elite,03_elite_bands2,2676,2622,2622,False,True,7,0.6042,0.2155
4r1k1/3b1pp1/1q1p4/2bp3p/p2Nr3/P1B1P1PP/1P1R1PQ1/2R4K b - - 0 24,48,E2025-10_284,b6c7,-41,13,h5h4,0.0104,0.0102,0.0072,0.004,h5h4,h5h4,h5h4,h5h4,120.0,0.0104,-0.0064,True,elite,03_elite_bands2,2723,2634,2634,False,True,2,0.5414,0.0948
r2q2k1/1pp2pbp/2bp1np1/n7/p1PP4/P2B1N1P/1P1N1PPB/R3Q1K1 b - - 0 16,32,E2025-10_286,g7h6,27,2,d8e8,0.0089,0.0062,0.0043,0.0035,a5b3,c6f3,d8d7,d8d7,203.0,0.0089,-0.0054,True,elite,03_elite_bands2,2655,2729,2729,False,True,2,0.6684,0.1362
r4k2/7R/p2p4/3p1P2/2pBb3/1P6/P2K3P/8 b - - 0 34,68,E2025-10_291,a8e8,-32,370,a8e8,0.0158,0.0118,0.0091,0.012,e4f5,e4f5,e4f5,e4f5,560.0,0.0158,-0.0038,True,elite,03_elite_bands2,3034,3058,3058,True,False,5,0.5785,0.2013
r1bq1rk1/pp5p/2nbppp1/1B1p3n/3P4/2P1BN2/PP1N1PPP/R2QR1K1 b - - 5 12,24,E2025-10_293,g8h8,-21,0,c8d7,0.0015,0.0026,0.0033,0.0038,e6e5,e6e5,e6e5,e6e5,116.0,0.0038,0.0023,True,elite,03_elite_bands2,2658,2782,2782,False,True,3,0.6806,0.0018
r1bqk2r/pp4pp/2n5/3p1p2/1P1bn3/P5P1/R2NPPBP/1NBQ1RK1 b kq - 2 12,24,E2025-10_295,d4f6,-15,10,c8e6,0.0053,0.0077,0.0083,0.0075,e8g8,e8g8,e8g8,e8g8,155.0,0.0083,0.0022,True,elite,03_elite_bands2,2807,2655,2655,False,True,3,0.6907,0.0181
2b4r/rp4pp/3k4/1R1N1p2/2n5/P4BP1/4P2P/2R3K1 b - - 8 26,52,E2025-10_295,c8d7,-41,43,c4a3,0.0144,0.0169,0.0192,0.0195,c4a3,c4a3,c4a3,c4a3,562.0,0.0195,0.0051,True,elite,03_elite_bands2,2807,2655,2655,False,True,5,0.6107,0.0864
3r2k1/pq3pbp/1p4p1/n2P4/4Q3/4BP2/P3NKPP/2R5 b - - 2 24,48,E2025-10_299,h7h5,0,12,h7h5,0.0038,0.0026,0.0021,0.0028,b7d5,b7d5,b7d5,b7d5,725.0,0.0038,-0.001,True,elite,03_elite_bands2,2636,3034,3034,True,False,5,0.5671,0.068
r2q1rk1/b1p2p1n/p1pp4/7p/Q2PP1pP/6B1/PP1N1PP1/R4RK1 b - - 0 18,36,E2025-10_303,d8b8,-119,78,d8f6,0.0057,0.0027,0.0016,0.0016,c6c5,d8d7,d8d7,d8d7,100.0,0.0057,-0.0041,True,elite,03_elite_bands2,2610,2613,2613,False,True,5,0.6255,0.0116
rnb1k1nr/pp2qp1p/3p2p1/2pP4/2P1P3/2P2NB1/P5PP/R2QKB1R b KQkq - 4 10,20,E2025-10_306,b8d7,-65,17,b8d7,0.0064,0.0078,0.0064,0.0046,e7e4,e7e4,e7e4,e7e4,239.0,0.0078,-0.0018,True,elite,03_elite_bands2,2977,2992,2992,True,False,3,0.6935,0.073
r1bk3r/pp1nqp1p/3p4/2pP4/2P1B2p/2P2N2/P2Q2PP/R4RK1 b - - 2 16,32,E2025-10_306,h4h3,-59,11,h4h3,0.016,0.0169,0.0139,0.0148,e7e4,e7e4,e7e4,e7e4,200.0,0.0169,-0.0012,True,elite,03_elite_bands2,2977,2992,2992,True,False,2,0.5924,0.0649
3q3k/1Q3b2/p2b1p1p/5p2/P4N2/3P2PP/6B1/6K1 b - - 0 34,68,E2025-10_315,d8e8,0,3,d6f4,0.0423,0.0342,0.0335,0.0394,d6f4,d6f4,d6c5,d6c5,107.0,0.0423,-0.0029,True,elite,03_elite_bands2,3046,3058,3058,False,True,5,0.4627,0.0289
2r5/1p2k1p1/4p3/4n1N1/2pq4/8/P1Q2P2/1K4R1 b - - 1 32,64,E2025-10_316,c8c6,695,279,c8c6,0.014,0.0185,0.0275,0.043,c4c3,e5d3,e5d3,e5d3,358.0,0.043,0.029,True,elite,03_elite_bands2,2612,2766,2766,True,False,4,0.7698,0.185
r1b2r2/1p3p1k/2qN2pp/4Q3/8/2N5/PPP2PPP/2K1R3 b - - 4 20,40,E2025-10_317,c8f5,-127,154,c8f5,0.0406,0.0314,0.0219,0.0176,c8e6,c8e6,c8e6,c8e6,262.0,0.0406,-0.023,True,elite,03_elite_bands2,2637,2604,2604,True,False,5,0.5619,0.0047
r2r2k1/5pp1/b4n1p/8/8/P3Bp2/1qQ1PPPP/2R1KB1R b K - 1 22,44,E2025-10_318,b2e5,343,106,b2a3,0.0464,0.0409,0.0392,0.0465,b2a3,b2a3,b2a3,b2a3,111.0,0.0465,0.0001,True,elite,03_elite_bands2,2635,3035,3035,False,True,0,0.5671,0.2154
rq1r2k1/2Q2pp1/b4n1p/8/8/4Bp2/4PPPP/2R1KB1R b K - 7 26,52,E2025-10_318,b8b2,397,9,b8b2,0.0164,0.0109,0.0094,0.0119,b8b4,b8b4,b8b4,b8b4,136.0,0.0164,-0.0045,True,elite,03_elite_bands2,2635,3035,3035,True,False,0,0.605,0.0088
1r1qr1k1/5p1p/p2p2pb/1bpN3n/2N1P3/2PP1RP1/QP4BP/5RK1 b - - 6 26,52,E2025-10_322,g8h8,-166,56,b8b7,0.0118,0.0115,0.008,0.004,e8f8,e8f8,e8f8,e8f8,155.0,0.0118,-0.0078,True,elite,03_elite_bands2,2617,2788,2788,False,True,6,0.612,0.01
2rr2k1/Q4pp1/2p1nqp1/1p1n4/3P2P1/1B3PB1/PP5P/1K1RR3 b - - 2 28,56,E2025-10_323,d8e8,-138,8,e6c7,0.0207,0.0162,0.0127,0.0129,f6f3,f6f3,f6f3,f6f3,158.0,0.0207,-0.0078,True,elite,03_elite_bands2,2992,2823,2823,False,True,0,0.4633,0.0113
rnb2rk1/ppp1bppp/3q4/4N3/3P1p2/2N5/PPP3PP/R1BQ1RK1 b - - 2 10,20,E2025-10_324,g7g5,164,55,b8c6,0.0275,0.0299,0.0389,0.0443,b8c6,b8c6,b8c6,b8c6,128.0,0.0443,0.0168,True,elite,03_elite_bands2,2668,2863,2863,False,True,3,0.6744,0.147
1qr2rk1/8/n2p1bpp/1N1Ppp2/PP6/1Q4P1/5P1P/1R1R1BK1 b - - 3 32,64,E2025-10_328,f6g7,-287,7,b8b6,0.0045,0.006,0.0073,0.0091,e5e4,e5e4,a6c7,a6c7,146.0,0.0091,0.0046,True,elite,03_elite_bands2,2625,2783,2783,False,True,6,0.6845,0.1075
2rr2k1/p4ppp/5n2/qp1P4/3Pp3/P1NbP1PP/1Q3PBK/R1R5 b - - 0 22,44,E2025-10_331,a5b6,-31,29,a5b6,0.0066,0.0085,0.012,0.0182,f6d5,f6d5,f6d5,f6d5,256.0,0.0182,0.0116,True,elite,03_elite_bands2,2978,3027,3027,True,False,2,0.611,0.0263
r3kb1r/ppp2pp1/2p1b3/4PnNp/8/2N4P/PPP2PP1/R1BR2K1 b - - 3 12,24,E2025-10_332,h8h6,-27,27,h8h6,0.0291,0.0258,0.0197,0.0154,a8d8,e6d7,e6d7,e6d7,211.0,0.0291,-0.0137,True,elite,03_elite_bands2,2651,2691,2691,True,False,3,0.6204,0.0751
3rk3/ppp1bpp1/2p3r1/3bPnN1/4NP1p/2B4P/PPP3P1/3RR1K1 b - - 3 18,36,E2025-10_332,d5c4,76,18,b7b6,0.0031,0.0022,0.0019,0.0018,f5g3,f5g3,d5e4,f5g3,150.0,0.0031,-0.0013,True,elite,03_elite_bands2,2651,2691,2691,False,True,2,0.5552,0.0485
r1bb1rk1/1p4pp/2p2p2/p1B5/P1n5/2N3P1/1PP2PBP/R3R1K1 b - - 3 16,32,E2025-10_333,d8c7,-231,23,c4b2,0.0148,0.0083,0.006,0.0055,f8f7,f8f7,f8f7,f8f7,1767.0,0.0148,-0.0093,True,elite,03_elite_bands2,2677,2643,2643,False,True,6,0.5755,0.008
4r1k1/p4ppp/q2rpn2/1bp5/7Q/P1P3P1/1P3PBP/R1B1R1K1 b - - 3 20,40,E2025-10_335,f6d7,-2,11,f6d5,0.0049,0.0045,0.0041,0.0032,e8d8,e8d8,e8d8,e8d8,144.0,0.0049,-0.0017,True,elite,03_elite_bands2,2992,2728,2728,False,True,2,0.6122,0.0989
3r2k1/p4ppp/1q2p3/1P1b4/5Q2/P1P2PP1/4R1KP/3R4 b - - 0 32,64,E2025-10_335,d5f3,-21,224,d5f3,0.027,0.0169,0.0132,0.0135,b6b5,b6b5,b6b5,b6b5,453.0,0.027,-0.0135,True,elite,03_elite_bands2,2992,2728,2728,True,False,5,0.5647,0.0913
rnbqkb1r/5ppp/p2ppn2/1p6/3NP3/2N1BB2/PPP2PPP/R2QK2R b KQkq - 1 8,16,E2025-10_336,e6e5,-88,63,e6e5,0.0267,0.0194,0.01,0.0028,c8b7,c8b7,c8b7,c8b7,256.0,0.0267,-0.0239,True,elite,03_elite_bands2,2662,2665,2665,True,False,3,0.7399,0.3064
3r1r2/p2n1pk1/b5p1/b1pN4/1P6/P5P1/4PPBP/R4RK1 b - - 0 22,44,E2025-10_341,a5b6,323,310,a5b6,0.0344,0.0318,0.0323,0.0384,c5b4,c5b4,c5b4,c5b4,339.0,0.0384,0.004,True,elite,03_elite_bands2,2724,2685,2685,True,False,0,0.4126,0.0098
2rq1rk1/pp1bbppp/1n2p3/3pP3/2nP1B2/2N2N2/PP3PPP/1BRQ1RK1 b - - 13 16,32,E2025-10_343,f7f6,-150,0,g7g6,0.0148,0.0175,0.017,0.0125,c4b2,c4b2,c4b2,c4b2,212.0,0.0175,-0.0023,True,elite,03_elite_bands2,2692,2714,2714,False,True,2,0.6729,0.0221
2r1r1k1/1p1qbp1p/1n2p1pB/1p1pP3/2nP3P/5NP1/PP2QP2/1BR1R1K1 b - - 0 22,44,E2025-10_343,f7f5,-287,13,e7b4,0.0214,0.0225,0.0217,0.0177,b6a4,b6a4,b6a4,b6a4,116.0,0.0225,-0.0037,True,elite,03_elite_bands2,2692,2714,2714,False,True,6,0.6718,0.1361
2rqr1k1/1p1n1p1p/4p1pB/1p1pP3/1b1P1QNP/6P1/PP1n1P2/1BR1R1K1 b - - 8 26,52,E2025-10_343,d8e7,-375,53,d2e4,0.0033,0.0041,0.0053,0.007,d2b1,d2b1,d2b1,d2b1,124.0,0.007,0.0037,True,elite,03_elite_bands2,2692,2714,2714,False,True,6,0.7414,0.2246
2rqr1k1/1p1n1p1p/4p1p1/1p2P1B1/1b1PpQNP/6P1/PP3P2/2R1R1K1 b - - 1 28,56,E2025-10_343,d8g5,-577,30,f7f6,0.0044,0.0067,0.01,0.0149,c8c1,b4e7,b4e7,b4e7,103.0,0.0149,0.0105,True,elite,03_elite_bands2,2692,2714,2714,False,True,6,0.7896,0.0648
5r1k/8/3p1q1p/2p1p1p1/8/3b1NP1/3R1PPK/Q7 b - - 0 28,56,E2025-10_344,e5e4,222,109,e5e4,0.038,0.0294,0.0251,0.0189,d3e4,c5c4,c5c4,c5c4,118.0,0.038,-0.0191,True,elite,03_elite_bands2,2685,2698,2698,True,False,0,0.5984,0.2008
2b2rk1/1pp1q1bp/2np2p1/1P6/3Pnp2/R4NP1/3N1PBP/3Q1RK1 b - - 0 16,32,E2025-10_345,d6d5,-99,120,e4d2,0.0249,0.0217,0.0224,0.0297,c6d4,c6d4,c6d4,c6d4,243.0,0.0297,0.0048,True,elite,03_elite_bands2,2631,2670,2670,False,True,2,0.5316,0.0526
3r2k1/rpQ3p1/pN3p2/P2p3p/3n1P1P/3Pq1P1/1PP3BK/R7 b - - 2 30,60,E2025-10_346,d4c6,-215,38,d4e2,0.0298,0.0314,0.0359,0.0414,d8e8,d8e8,d8e8,d8e8,117.0,0.0414,0.0116,True,elite,03_elite_bands2,2663,2706,2706,False,True,6,0.5028,0.0809
r1b1k2r/5ppp/3qp3/4B1Qn/4P3/2N5/PPP2PPP/2K4R b kq - 0 16,32,E2025-10_349,a8a5,-70,81,a8a5,0.0028,0.0031,0.0039,0.0048,d6c5,d6e7,d6e7,d6e7,140.0,0.0048,0.002,True,elite,03_elite_bands2,2732,2988,2988,True,False,6,0.5876,0.1513
b1r1k3/6p1/P4p1p/3n4/1B5P/PK6/2P2PP1/3R4 b - - 0 30,60,E2025-10_349,d5c7,141,20,d5c7,0.0332,0.034,0.0358,0.0405,d5b4,d5b4,d5b4,d5b4,289.0,0.0405,0.0073,True,elite,03_elite_bands2,2732,2988,2988,True,False,5,0.4819,0.1226
2r5/P1n1R1p1/5pkp/8/1BP4P/PK6/5Pb1/8 b - - 0 34,68,E2025-10_349,c7e8,208,92,c7e8,0.0305,0.0293,0.0294,0.0368,c7a8,c7a8,c7a8,c7a8,107.0,0.0368,0.0063,True,elite,03_elite_bands2,2732,2988,2988,True,False,5,0.4317,0.0772
5r1r/p1k5/1p3N2/2p1Pn1p/2BbKP2/7P/PP3P2/3R1R2 b - - 1 26,52,E2025-10_354,f8f6,-258,170,f5h4,0.0037,0.0044,0.0048,0.0051,f5e7,f5e7,f5e7,f5e7,228.0,0.0051,0.0014,True,elite,03_elite_bands2,2633,2703,2703,False,True,6,0.6581,0.093
2rq1rk1/4b2p/p2p1pp1/5NPP/1pnQPB2/8/PPP5/1K1R2R1 b - - 0 24,48,E2025-10_357,c8c5,-526,29,f6g5,0.0059,0.0046,0.0038,0.0033,g6f5,g6f5,g6f5,g6f5,1457.0,0.0059,-0.0026,True,elite,03_elite_bands2,2678,2610,2610,False,True,6,0.8057,0.2036
rnb2r1k/pp2q1bp/2p3p1/2P1np2/1P1Np3/1QN1P2P/PB2BPP1/3R1RK1 b - - 2 16,32,E2025-10_358,c8d7,-88,8,b8a6,0.0214,0.0218,0.0201,0.0185,b8d7,b8d7,b8d7,b8d7,126.0,0.0218,-0.0029,True,elite,03_elite_bands2,2642,2676,2676,False,True,2,0.7084,0.1215
1r3r1k/p3R2p/4n1p1/1BP1np2/P3p3/B1b1P2P/5PP1/5RK1 b - - 3 26,52,E2025-10_358,a7a6,27,16,e6g5,0.0106,0.0075,0.0043,0.0024,e6g5,e6g7,e6g7,e6g7,136.0,0.0106,-0.0082,True,elite,03_elite_bands2,2642,2676,2676,False,True,6,0.5304,0.0928
3r2k1/6q1/p1R1p2p/2Pn4/P2PQ3/5N2/6P1/6K1 b - - 1 32,64,E2025-10_359,d5c7,-386,97,d8e8,0.0173,0.0147,0.012,0.0101,d5c3,d8e8,d8e8,d8e8,134.0,0.0173,-0.0072,True,elite,03_elite_bands2,2627,2614,2614,False,True,6,0.6445,0.0163
1rb1qr1k/p1p3pp/2P2pn1/3Pp3/8/P1B3PP/2Q1PRB1/3R2K1 b - - 4 24,48,E2025-10_363,f8g8,-301,3,c8a6,0.0107,0.0119,0.0095,0.007,g6e7,g6e7,g6e7,g6e7,117.0,0.0119,-0.0037,True,elite,03_elite_bands2,2651,2616,2616,False,True,6,0.6739,0.0665
8/2p1rp1k/p2p2p1/Pp5p/1P1PbPqP/2R1P3/6P1/2Q2BK1 b - - 6 32,64,E2025-10_365,g4g3,136,78,c7c6,0.0102,0.0087,0.0097,0.0134,g4h4,g4h4,g4h4,g4h4,105.0,0.0134,0.0032,True,elite,03_elite_bands2,2655,2680,2680,False,True,0,0.6172,0.1535
7Q/pp1k1p2/2pqpn2/5p2/P2P4/1BP3P1/1P2KP2/8 b - - 2 30,60,E2025-10_369,f6e8,-16,70,d7e7,0.041,0.0353,0.0332,0.0425,d6e7,d6e7,d6e7,d6e7,266.0,0.0425,0.0015,True,elite,03_elite_bands2,2634,2691,2691,False,True,5,0.4244,0.0511
r4rk1/p1B2ppp/1p4b1/3p4/3P1N2/P1P1P3/2n2PPP/3K1B1R b - - 3 16,32,E2025-10_374,g6e4,-78,44,g6e4,0.0426,0.0336,0.0313,0.0304,c2a3,c2a3,c2a3,c2a3,100.0,0.0426,-0.0122,True,elite,03_elite_bands2,2954,2633,2633,True,False,6,0.494,0.0583
r3r1k1/p4ppp/1p6/3N4/3PbB2/P1P1P3/2n2PPP/3K1B1R b - - 2 18,36,E2025-10_374,c2d4,-45,93,c2d4,0.0011,0.0017,0.0025,0.0036,e4d5,e4d5,e4d5,e4d5,141.0,0.0036,0.0025,True,elite,03_elite_bands2,2954,2633,2633,True,False,6,0.5259,0.0608
8/6pk/3bq2p/pp3p2/3P1Pb1/P1P3P1/1P3Q1P/4BNK1 b - - 1 30,60,E2025-10_378,g4h3,-28,18,g4h3,0.0354,0.0386,0.0375,0.0311,b5b4,b5b4,b5b4,b5b4,154.0,0.0386,-0.0043,True,elite,03_elite_bands2,2841,2706,2706,True,False,5,0.4696,0.0569
r1bqr1k1/ppp3bp/4npp1/2p1pN1P/2N1P1P1/3PB3/PPP2P2/R2Q2RK b - - 0 16,32,E2025-10_381,b7b6,-30,6,d8d7,0.0221,0.0217,0.0212,0.0186,g6f5,g6f5,g6f5,g6f5,212.0,0.0221,-0.0035,True,elite,03_elite_bands2,3010,3009,3009,False,True,2,0.695,0.157
1k1r2r1/p1qb1p2/1pn1p3/2Q1Pn1P/3p1P2/P6R/2P1N1P1/1RB1KB2 b - - 0 18,36,E2025-10_385,c7b7,83,95,c7b7,0.0301,0.0286,0.0224,0.0156,b8a8,b8a8,b8a8,b8a8,208.0,0.0301,-0.0145,True,elite,03_elite_bands2,2841,2632,2632,True,False,2,0.5649,0.0947
k2r2r1/pq1b1p2/1pn1p3/2Q1Pn1P/3p1P2/PR4P1/2P1N3/1RB1KB2 b - - 0 20,40,E2025-10_385,c6b8,141,87,d8b8,0.0164,0.0195,0.02,0.0214,c6a5,c6a5,c6a5,c6a5,472.0,0.0214,0.005,True,elite,03_elite_bands2,2841,2632,2632,False,True,0,0.5427,0.021
k2r2r1/pq2np2/1pb1p3/4Pn1P/3p1P2/PR1Q2PB/2P1NK2/1RB5 b - - 8 24,48,E2025-10_385,f7f6,94,18,f7f6,0.0019,0.0011,0.0007,0.0006,c6e4,c6e4,c6e4,c6e4,246.0,0.0019,-0.0013,True,elite,03_elite_bands2,2841,2632,2632,True,False,2,0.5874,0.0351
k2r2r1/pq6/1pb1pP2/3n1n1P/3p1P2/PR1Q2P1/2P1NKB1/1RB5 b - - 2 26,52,E2025-10_385,d8c8,110,3,d8c8,0.0008,0.0006,0.0005,0.0004,d5f6,d5f6,d5f6,d5f6,486.0,0.0008,-0.0004,True,elite,03_elite_bands2,2841,2632,2632,True,False,2,0.5096,0.0128
1r2r1k1/1pp1ppbp/pnq3p1/4P1B1/7Q/1P3N1P/1PPR1PP1/4R1K1 b - - 11 20,40,E2025-10_386,b8c8,-206,14,f7f6,0.0032,0.0031,0.0032,0.0039,b6d5,b6d5,b6d5,b6d5,103.0,0.0039,0.0007,True,elite,03_elite_bands2,2677,2636,2636,False,True,2,0.6378,0.0547
2br2k1/r4ppp/p2q4/1pN5/P1nP1P2/3Q4/4PPBP/R4RK1 b - - 0 22,44,E2025-10_388,a7e7,-29,29,a7e7,0.0076,0.0066,0.0059,0.0061,d6d4,d6d4,d6d4,d6d4,289.0,0.0076,-0.0015,True,elite,03_elite_bands2,2978,2963,2963,True,False,5,0.6481,0.1037
r4nk1/ppq1rp1p/6pQ/1PnRp1N1/P7/7P/B1P2PP1/4R1K1 b - - 9 26,52,E2025-10_389,e5e4,-89,43,e5e4,0.0439,0.0381,0.032,0.0266,c5a4,c5a4,c5e6,f7f6,1909.0,0.0439,-0.0173,True,elite,03_elite_bands2,2682,2680,2680,True,False,5,0.5548,0.0114
3q2k1/p4pp1/2rnb2p/P1Np4/1Pp2Q2/2P5/5PPP/3R1BK1 b - - 1 26,52,E2025-10_390,d8g5,-19,53,d8g5,0.0169,0.0221,0.0244,0.022,d6b5,d6b5,d6b5,d6b5,248.0,0.0244,0.0051,True,elite,03_elite_bands2,3009,3010,3010,True,False,5,0.6231,0.0653
r2r2k1/pb2bpp1/1pq1p1np/2p5/3PP2P/P1PBQNP1/1B3P2/3RR1K1 b - - 3 18,36,E2025-10_391,b6b5,-17,12,d8e8,0.0147,0.0101,0.0066,0.0053,c5d4,c5d4,c5d4,d8d7,227.0,0.0147,-0.0094,True,elite,03_elite_bands2,2765,2681,2681,False,True,2,0.6901,0.1123
1k2r3/1p1n2p1/1P3b1p/PR5P/2N1p3/4B3/5PP1/5K2 b - - 0 34,68,E2025-10_392,b8a8,-475,19,e8c8,0.021,0.0217,0.0248,0.031,e8c8,e8c8,d7e5,d7e5,155.0,0.031,0.01,True,elite,03_elite_bands2,2647,2634,2634,False,True,1,0.7933,0.1326
1rb1k2r/p1p2ppp/2p1q3/3pP3/Pb6/5Q2/2PN1PPP/1RB1R1K1 b k - 1 14,28,E2025-10_393,b8b7,61,1,b8b6,0.0033,0.0035,0.0037,0.0039,e8g8,e8g8,e8g8,e8g8,382.0,0.0039,0.0006,True,elite,03_elite_bands2,2805,3044,3044,False,True,0,0.6323,0.0419
4k1r1/p1p2ppp/2p3q1/2BbP3/r7/4QN1P/5PP1/2R3K1 b - - 2 26,52,E2025-10_393,e8d8,354,1,e8d7,0.0035,0.0021,0.0014,0.0013,a4e4,a4e4,a4e4,a4e4,148.0,0.0035,-0.0022,True,elite,03_elite_bands2,2805,3044,3044,False,True,4,0.682,0.1132
4r3/B1pk1ppp/2p3q1/3bP3/r7/4QN1P/5PPK/2R5 b - - 0 28,56,E2025-10_393,g6e4,432,22,g6e4,0.0131,0.0137,0.0179,0.0275,d5f3,d5f3,d5f3,a4e4,102.0,0.0275,0.0144,True,elite,03_elite_bands2,2805,3044,3044,True,False,4,0.7488,0.2084
3r1rk1/pq3ppp/1p2pn2/2n5/1P6/5NP1/P1Q1PPBP/R2R2K1 b - - 0 16,32,E2025-10_400,b7e4,-127,19,b7e4,0.0097,0.0079,0.008,0.0095,c5e4,c5e4,c5e4,c5e4,282.0,0.0097,-0.0002,True,elite,03_elite_bands2,2689,2758,2758,True,False,5,0.5481,0.0623
3r1rk1/p4ppp/np2pn2/8/1P2q3/P4NP1/1Q2PPBP/R2R2K1 b - - 0 18,36,E2025-10_400,a6b8,-164,4,e4f5,0.0084,0.0134,0.0228,0.0416,d8d1,d8d1,a6c7,a6c7,107.0,0.0416,0.0332,True,elite,03_elite_bands2,2689,2758,2758,False,True,5,0.5097,0.0656
r2q3k/1p1b3p/3P3r/4p1p1/P4p2/2QB1P2/R5PP/5R1K b - - 0 28,56,E2025-10_401,d8a5,-41,34,d8a5,0.0172,0.0126,0.0093,0.0084,h6d6,d8f6,d8f6,d8f6,104.0,0.0172,-0.0088,True,elite,03_elite_bands2,3010,3026,3026,True,False,5,0.5891,0.1224
b4rk1/4q1b1/4R1pp/4p3/B3PrP1/P1RP1p1P/2N2P2/5QK1 b - - 0 32,64,E2025-10_404,e7g5,-233,27,e7h4,0.0351,0.0385,0.0421,0.0373,e7e6,e7e6,e7e6,e7e6,130.0,0.0421,0.0022,True,elite,03_elite_bands2,2619,2670,2670,False,True,6,0.5138,0.0403
r3kb1r/pppb1ppp/2n1p3/8/3P2q1/3BBN2/PPP2PPP/R2QK2R b KQkq - 9 10,20,E2025-10_407,c6b4,23,74,f8d6,0.0233,0.0259,0.0306,0.0353,g4g2,g4g2,g4g2,g4g2,182.0,0.0353,0.012,True,elite,03_elite_bands2,2611,2676,2676,False,True,3,0.6705,0.1764
r3k2r/pppb1ppp/3bp3/1B6/1n1P2q1/4BN2/PPP1QPPP/R3K2R b KQkq - 13 12,24,E2025-10_407,b4c2,251,137,b4c2,0.0284,0.0203,0.0172,0.017,g4g2,g4g2,g4g2,c7c6,273.0,0.0284,-0.0114,True,elite,03_elite_bands2,2611,2676,2676,True,False,3,0.5547,0.0898
r3k1r1/p1p2ppp/1p2p3/3bP2P/1B6/8/PPK2P2/3R2R1 b q - 0 22,44,E2025-10_407,d5f3,433,42,c7c5,0.0336,0.0226,0.0173,0.0191,d5a2,e8c8,e8c8,c7c5,105.0,0.0336,-0.0145,True,elite,03_elite_bands2,2611,2676,2676,False,True,4,0.676,0.0836
2rr4/pp1n1pkp/4qpp1/1BP5/8/2Q1P3/1PP2PPP/2KR3R b - - 1 16,32,E2025-10_408,e6a2,9,2,e6a2,0.0284,0.0197,0.0117,0.0107,c8c5,c8c5,c8c5,c8c5,340.0,0.0284,-0.0177,True,elite,03_elite_bands2,2897,2940,2940,True,False,5,0.5008,0.0172
1r3nk1/6p1/4pp1p/1bN5/1p1PPP1P/6P1/8/1B1R2K1 b - - 7 34,68,E2025-10_410,b8a8,-24,2,g8f7,0.0315,0.0274,0.0255,0.0313,b5e2,b5e2,b5c4,b5c4,109.0,0.0315,-0.0002,True,elite,03_elite_bands2,2763,2684,2684,False,True,5,0.5848,0.104
r3rbk1/1pq2ppp/p1b2n2/P3p2N/2BpP3/1P3Q2/1BPP2PP/4RR1K b - - 1 20,40,E2025-10_412,c6b5,-258,3,f8e7,0.0111,0.0078,0.005,0.0027,f6h5,f6h5,f6h5,f6h5,184.0,0.0111,-0.0084,True,elite,03_elite_bands2,2638,2642,2642,False,True,6,0.6288,0.0172
6rk/pp1n3p/2p1pqrP/3pPnN1/2P2PR1/BP6/P3Q1K1/7R b - - 0 30,60,E2025-10_419,g6g5,-171,258,g6g5,0.0227,0.0204,0.0165,0.0126,d7e5,f6d8,f6d8,f6d8,1828.0,0.0227,-0.0101,True,elite,03_elite_bands2,2674,2681,2681,True,False,6,0.4668,0.0247
1r3rk1/1p1R1p1p/2p3p1/p3q3/Pn5P/1Q2PBP1/1P3P2/3R2K1 b - - 1 24,48,E2025-10_420,b4a6,-70,47,e5f6,0.0268,0.0231,0.0192,0.0189,e5f5,e5f6,e5f6,e5f6,112.0,0.0268,-0.0079,True,elite,03_elite_bands2,2680,2767,2767,False,True,5,0.6031,0.1236
r2qnrk1/pp1n2bp/3p2p1/2pPp3/2P1Pp2/P1N3PB/1P1B1P1P/R2Q1RK1 b - - 0 14,28,E2025-10_422,g7h6,-122,7,e8c7,0.0336,0.0366,0.0316,0.0269,f4f3,f4f3,f4f3,g6g5,121.0,0.0366,-0.0067,True,elite,03_elite_bands2,2643,2605,2605,False,True,2,0.6552,0.1357
6k1/pb5p/4r3/4q1p1/2p1PpQ1/P7/1PB3PP/3R1R1K b - - 5 32,64,E2025-10_425,b7c6,-474,45,e6h6,0.0143,0.0191,0.0255,0.0314,b7e4,b7e4,b7e4,b7e4,279.0,0.0314,0.0171,True,elite,03_elite_bands2,2686,2668,2668,False,True,1,0.8857,0.4171
r2q1rk1/1pp1b1pp/1n2bp2/pP6/N2p4/P2P2P1/1B2PPBP/R2Q1RK1 b - - 1 14,28,E2025-10_428,d8d7,-6,37,e6d5,0.0101,0.0128,0.0137,0.0106,b6a4,b6a4,b6a4,b6a4,205.0,0.0137,0.0005,True,elite,03_elite_bands2,2631,2687,2687,False,True,3,0.6648,0.2597
7r/ppkn2q1/2pb1p2/3B1bp1/1P1R1p2/2P1p3/P1P1Q1PP/3RB1K1 b - - 0 24,48,E2025-10_433,h8h2,614,181,h8h2,0.0082,0.0112,0.0142,0.0191,c6d5,c6d5,c6d5,c6d5,141.0,0.0191,0.0109,True,elite,03_elite_bands2,2692,2935,2935,True,False,0,0.6247,0.0797
2rqr1k1/p3nppp/3b1n2/3p4/P2P4/1PpQNN1P/2P2PP1/R1B1R1K1 b - - 2 16,32,E2025-10_434,g7g6,-80,15,f6e4,0.0179,0.0072,0.0035,0.0037,e7g6,e7g6,e7g6,f6e4,122.0,0.0179,-0.0142,True,elite,03_elite_bands2,2680,2679,2679,False,True,2,0.6169,0.1309
6k1/p4ppp/7b/8/PP1P4/2pr1NPP/2R2K2/8 b - - 0 30,60,E2025-10_434,a7a6,-39,26,g8f8,0.0227,0.02,0.0205,0.0219,h6e3,h6e3,h6e3,h6e3,507.0,0.0227,-0.0008,True,elite,03_elite_bands2,2680,2679,2679,False,True,5,0.5662,0.1305
r5k1/5rp1/2q3Np/pp1p2BP/2nP4/P2Q4/1P6/1K1R3R b - - 0 28,56,E2025-10_436,a8e8,-260,10,h6g5,0.0088,0.0066,0.005,0.0049,h6g5,h6g5,h6g5,h6g5,157.0,0.0088,-0.0039,True,elite,03_elite_bands2,2612,2611,2611,False,True,7,0.4942,0.0363
r1b1kr2/p4p2/1p2p3/3pP2P/3p4/2qQ1N2/P1P1KPP1/R6R b q - 0 20,40,E2025-10_439,f8g8,-155,3,a7a5,0.0051,0.003,0.0026,0.0028,c3d3,c3d3,c3d3,a7a5,104.0,0.0051,-0.0023,True,elite,03_elite_bands2,2926,2686,2686,False,True,5,0.5671,0.0828
5r2/3b4/1R3k2/3pp2P/3N4/2p1K3/2P2PP1/8 b - - 1 32,64,E2025-10_439,f6f7,-238,102,f6e7,0.025,0.0177,0.0176,0.0243,f6g5,f6g5,f6g5,f6g5,162.0,0.025,-0.0007,True,elite,03_elite_bands2,2926,2686,2686,False,True,5,0.5481,0.209
8/4k1p1/1pp1b1np/p1p5/P1P1Pp2/1P1N1P1P/4NKP1/8 b - - 3 32,64,E2025-10_444,e6f7,-170,9,e7f6,0.0125,0.0149,0.0185,0.0226,e7d6,e7d6,e7d6,e7d6,135.0,0.0226,0.0101,True,elite,03_elite_bands2,2616,2607,2607,False,True,5,0.522,0.0993
1k2r1r1/ppqn1p2/3N1p2/2p5/2P4p/4B1PB/PPQ2P1P/1R4K1 b - - 0 26,52,E2025-10_445,h4g3,-49,230,c7d6,0.0052,0.0051,0.0067,0.0084,c7d6,c7d6,c7d6,c7d6,342.0,0.0084,0.0032,True,elite,03_elite_bands2,2938,2690,2690,False,True,6,0.4342,0.0386
r1b2rk1/2q1ppbp/p2p2p1/1p1Pn3/3NP3/1P6/P1B1QPPP/R1B2RK1 b - - 0 14,28,E2025-10_446,e5c6,127,59,e5f3,0.006,0.0057,0.0041,0.0025,c8g4,c8g4,c7c3,c7c3,103.0,0.006,-0.0035,True,elite,03_elite_bands2,2688,2635,2635,False,True,2,0.6176,0.0464
1r1q1rk1/p3ppbp/6p1/3n4/2bP4/2N5/PP1QBPPP/R1BK3R b - - 3 18,36,E2025-10_450,d8c7,357,1,c4e2,0.0124,0.0119,0.0122,0.009,c4e2,c4e2,c4e2,c4e2,105.0,0.0124,-0.0034,True,elite,03_elite_bands2,2624,2604,2604,False,True,0,0.651,0.1325
5rk1/1p1b2p1/p1nq3p/8/3pRNP1/1P5P/P4PB1/2Q3K1 b - - 2 28,56,E2025-10_451,d7e8,-36,3,d7e8,0.0137,0.0133,0.0116,0.0121,d4d3,d4d3,d4d3,d4d3,183.0,0.0137,-0.0016,True,elite,03_elite_bands2,2917,2899,2899,True,False,5,0.6275,0.055
6k1/4bppp/4r3/p1prPR2/8/4B3/PPP3PP/5RK1 b - - 4 26,52,E2025-10_452,a5a4,-19,13,a5a4,0.003,0.0014,0.0009,0.0011,d5e5,f7f6,f7f6,f7f6,120.0,0.003,-0.0019,True,elite,03_elite_bands2,2829,2820,2820,True,False,5,0.6214,0.1451
6k1/4bppp/4r3/2prPR2/8/1P2B3/P5PP/5RK1 b - - 0 28,56,E2025-10_452,h7h5,-16,0,d5d3,0.0001,0.0001,0.0001,0.0001,d5e5,f7f6,f7f6,f7f6,273.0,0.0001,0.0,True,elite,03_elite_bands2,2829,2820,2820,False,True,5,0.5972,0.1338
8/p2kpp1p/3p2p1/Np1P4/1P2PbP1/P6P/5P2/3K4 b - - 1 32,64,E2025-10_453,f4g5,0,0,e7e6,0.018,0.0154,0.0127,0.013,e7e6,e7e6,e7e6,d7c7,225.0,0.018,-0.005,True,elite,03_elite_bands2,2683,2696,2696,False,True,5,0.4544,0.0997
r2qkbr1/3npp1p/p7/2p5/B1Q5/2P2bP1/P2N1P1P/R1B2RK1 b q - 1 18,36,E2025-10_459,g8g4,-222,184,f3b7,0.0318,0.0215,0.0167,0.0136,f3b7,f3b7,f3b7,f3b7,279.0,0.0318,-0.0182,True,elite,03_elite_bands2,2678,2667,2667,False,True,6,0.6866,0.163
r3kbr1/1bqnpp1p/p7/2p5/B1Q1NB2/2P3P1/P4P1P/R4RK1 b q - 5 20,40,E2025-10_459,c7c6,-648,34,e7e5,0.0039,0.0025,0.0019,0.0016,e7e5,e7e5,e7e5,e7e5,133.0,0.0039,-0.0023,True,elite,03_elite_bands2,2678,2667,2667,False,True,6,0.7674,0.1394
5rk1/pbq2pp1/2pRp2p/P1P5/8/6PP/3Q1PB1/6K1 b - - 0 30,60,E2025-10_462,b7c8,-166,5,b7a8,0.0361,0.0355,0.0333,0.0427,a7a6,a7a6,a7a6,a7a6,116.0,0.0427,0.0066,True,elite,03_elite_bands2,2936,2691,2691,False,True,5,0.6351,0.2198
r4bk1/6pp/4b3/1p2B3/4P3/p3N1P1/5RBP/6K1 b - - 0 32,64,E2025-10_464,f8c5,351,133,f8c5,0.0463,0.0399,0.0347,0.0378,a3a2,a3a2,a3a2,a3a2,165.0,0.0463,-0.0085,True,elite,03_elite_bands2,2652,3036,3036,True,False,7,0.6132,0.0853
r1b1k2r/pp2bpp1/2p1pn1p/7q/3P4/1B3N1P/PPPBQPP1/R3K2R b KQkq - 1 14,28,E2025-10_469,c6c5,-107,60,h5f5,0.0125,0.0048,0.0023,0.0023,e8g8,e8g8,e8g8,e8g8,136.0,0.0125,-0.0102,True,elite,03_elite_bands2,2612,2719,2719,False,True,3,0.6226,0.0576
r3k2r/3bbppq/2p1pn1p/p3N3/Pp1P1PP1/1B5P/1PPBQ3/2KRR3 b kq - 0 20,40,E2025-10_469,g7g6,-383,98,a8d8,0.0176,0.0121,0.0096,0.0126,e8g8,e8g8,f6d5,f6d5,146.0,0.0176,-0.005,True,elite,03_elite_bands2,2612,2719,2719,False,True,6,0.7676,0.1484
r4rk1/1pq2p2/p4Qp1/8/2p1p2P/1NP5/PP6/1K1RR3 b - - 0 26,52,E2025-10_471,f8e8,-323,2,c4b3,0.0148,0.0077,0.005,0.0056,c4b3,c4b3,c4b3,c4b3,425.0,0.0148,-0.0092,True,elite,03_elite_bands2,2969,2836,2836,False,True,7,0.4707,0.0275
1rbn1rk1/1pp1qpp1/3p3p/B1bPp3/8/PQ1PPN1P/1P2BPP1/R4RK1 b - - 0 14,28,E2025-10_472,c5a7,-156,9,f7f5,0.0056,0.0069,0.0079,0.008,b7b6,b7b6,b7b6,b7b6,115.0,0.008,0.0024,True,elite,03_elite_bands2,2638,2635,2635,False,True,2,0.7029,0.0662
5r2/1ppr3k/p6p/P3bp2/2P1p2q/1P2N3/2P1Q2P/5RRK b - - 3 30,60,E2025-10_476,e5f4,269,1,d7f7,0.0163,0.0154,0.0136,0.0129,f5f4,f5f4,f5f4,f5f4,291.0,0.0163,-0.0034,True,elite,03_elite_bands2,2688,2939,2939,False,True,0,0.6976,0.2295
r1b2bk1/2p4p/2p1r1p1/Np1q1pP1/P4p1P/1P1P1N2/2PQ1PK1/R3R3 b - - 2 22,44,E2025-10_482,f8g7,-1,6,e6e1,0.0221,0.0284,0.03,0.0312,b5b4,b5b4,b5b4,b5b4,187.0,0.0312,0.0091,True,elite,03_elite_bands2,3015,3023,3023,False,True,2,0.5426,0.0419
3r3k/5pp1/p1p2b1p/q3rP1P/6Q1/1P2B3/P3RPP1/2R3K1 b - - 3 26,52,E2025-10_486,a5b5,-55,17,a5b5,0.0385,0.0368,0.0348,0.0319,e5f5,e5f5,e5f5,e5f5,292.0,0.0385,-0.0066,True,elite,03_elite_bands2,2974,2989,2989,True,False,5,0.6061,0.1342
2kr3r/1pq2pp1/p1pbpn2/P1P4p/N2P2nP/1B3QP1/1P1B1P2/R4RK1 b - - 0 20,40,E2025-10_488,d6e5,-68,242,d6e7,0.025,0.0177,0.012,0.0093,d6e7,d6e7,d6e7,d6e7,256.0,0.025,-0.0157,True,elite,03_elite_bands2,2941,2686,2686,False,True,6,0.697,0.1419
4r1k1/1pp2pnp/1q3bp1/3pNb2/p2P1B2/2P5/PP1Q1PPP/4RBK1 b - - 9 22,44,E2025-10_490,h7h5,-27,3,c7c6,0.0109,0.0097,0.0114,0.02,g7e6,g7e6,g7e6,g7e6,557.0,0.02,0.0091,True,elite,03_elite_bands2,2980,2981,2981,False,True,2,0.6637,0.1398
6k1/1p2qp1p/2p1n1p1/3pPb2/8/1QP4P/P4PP1/2B2BK1 b - - 2 32,64,E2025-10_490,d5d4,-33,3,e6d8,0.0338,0.0202,0.0169,0.0196,e6c5,e6c5,e6c5,e6c5,274.0,0.0338,-0.0142,True,elite,03_elite_bands2,2980,2981,2981,False,True,5,0.5291,0.041
5rk1/1p1R1p1p/1p3p1B/4pP2/8/8/PP2rPKP/1R6 b - - 1 26,52,E2025-10_492,e2e4,-664,61,f8e8,0.0206,0.0132,0.0095,0.0081,f8e8,f8c8,f8c8,f8c8,1331.0,0.0206,-0.0125,True,elite,03_elite_bands2,2643,2627,2627,False,True,1,0.8771,0.4304
2k4r/pp1rbp2/2P3b1/3Npp1p/7P/1B2B2Q/Pq3PP1/3RK3 b - - 0 30,60,E2025-10_502,d7d5,0,128,b7c6,0.0211,0.0205,0.0239,0.0305,b7c6,b7c6,b7c6,b7c6,153.0,0.0305,0.0094,True,elite,03_elite_bands2,2641,2688,2688,False,True,6,0.5247,0.1313
r6N/ppBbk1bp/2n5/5p1B/4P3/2P1Q3/P5PP/qN3RK1 b - - 0 20,40,E2025-10_503,g7d4,-645,62,g7h8,0.0025,0.0026,0.0028,0.0035,a8h8,a8h8,g7h8,g7h8,1350.0,0.0035,0.001,True,elite,03_elite_bands2,2720,2649,2649,False,True,1,0.8549,0.3084
6k1/6p1/2p2r2/p2p4/2P3q1/5rP1/PP2RPQ1/4R1K1 b - - 0 28,56,E2025-10_505,a5a4,-13,2,d5c4,0.006,0.003,0.0018,0.0019,g4c4,g4c4,g4c4,g4c4,408.0,0.006,-0.0041,True,elite,03_elite_bands2,2975,2963,2963,False,True,5,0.5573,0.0504
5rk1/2p2p2/1p1r3p/pPb2qp1/4R3/6PN/P1Q2PKP/2B2B2 b - - 3 32,64,E2025-10_508,f5d7,-176,6,f5d5,0.0121,0.0132,0.0112,0.0096,g5g4,g5g4,d6f6,f8d8,491.0,0.0132,-0.0025,True,elite,03_elite_bands2,2769,2765,2765,False,True,7,0.6542,0.2737
2r3k1/5pp1/2r2b1p/R1P1p3/2Qp4/3P1N1q/3B1R1P/7K b - - 0 32,64,E2025-10_509,h3d7,-109,15,h3d7,0.0195,0.0153,0.0108,0.0081,f6e7,f6e7,f6e7,f6e7,149.0,0.0195,-0.0114,True,elite,03_elite_bands2,2969,2990,2990,True,False,7,0.7262,0.2594
2r3k1/5pp1/2r2b1p/R1P1p3/2Qp4/3P1N1q/3B1R1P/7K b - - 4 34,68,E2025-10_509,h3d7,-102,22,h3d7,0.0195,0.0153,0.0108,0.0081,f6e7,f6e7,f6e7,f6e7,172.0,0.0195,-0.0114,True,elite,03_elite_bands2,2969,2990,2990,True,False,7,0.7228,0.2586
r1b1k3/pp1pppb1/6p1/2P4r/3P1P1q/2N2B2/PP1Q3P/3R1RK1 b q - 4 18,36,E2025-10_511,g7d4,170,120,h5h8,0.0179,0.0094,0.0066,0.0052,h5f5,h5f5,h5f5,h5f5,170.0,0.0179,-0.0127,True,elite,03_elite_bands2,2644,2648,2648,False,True,2,0.5546,0.1111
6kr/p1Rp1pb1/3pb1p1/1P6/1P2NP1q/8/3Q1R1P/6K1 b - - 2 32,64,E2025-10_511,h8h5,102,128,h8h5,0.0126,0.0151,0.0198,0.036,h4g4,h4g4,h4g4,h4g4,123.0,0.036,0.0234,True,elite,03_elite_bands2,2644,2648,2648,True,False,0,0.5099,0.1349
3r2k1/1prb1pp1/p1nNp1np/4P3/8/P4N1P/1P2BPP1/2RR2K1 b - - 8 24,48,E2025-10_517,d7e8,0,34,d7e8,0.0225,0.0227,0.0278,0.0388,g6e5,g6e5,g6e5,g6e5,550.0,0.0388,0.0163,True,elite,03_elite_bands2,2899,2916,2916,True,False,2,0.559,0.0395
5rk1/ppp3pp/2n5/4P1q1/3Ppr2/PP2Q1P1/1B1R1P2/4RK2 b - - 8 26,52,E2025-10_523,c6e7,0,153,f4g4,0.024,0.0205,0.0202,0.02,f4f2,f4f2,f4f2,f4f2,461.0,0.024,-0.004,True,elite,03_elite_bands2,2628,2676,2676,False,True,0,0.4846,0.0361
5rk1/ppp3pp/2n5/4P1r1/3Pp3/PP4P1/1B1R1PK1/4R3 b - - 1 28,56,E2025-10_523,f8d8,-157,14,g5g4,0.0303,0.0241,0.0197,0.0162,g5g4,g5g4,g5g4,g5g4,115.0,0.0303,-0.0141,True,elite,03_elite_bands2,2628,2676,2676,False,True,5,0.648,0.1356
r1q1k2r/p3b3/1np2pp1/1pNpPn2/1P1P1P2/P1N5/2P1B3/1RBQ1RK1 b kq - 2 20,40,E2025-10_528,f5e3,-4,37,f5e3,0.0331,0.0159,0.0086,0.0054,f5g3,f5g3,f5g3,f5g3,224.0,0.0331,-0.0277,True,elite,03_elite_bands2,3022,2989,2989,True,False,7,0.6913,0.2278
r2k3r/p7/1np2PQ1/1pPp4/3P1P2/P1q5/2P2K2/1RB2B2 b - - 0 26,52,E2025-10_528,b6d7,-3,11,b6d7,0.0286,0.0192,0.0164,0.0183,c3d4,c3d4,c3d4,c3d4,434.0,0.0286,-0.0103,True,elite,03_elite_bands2,3022,2989,2989,True,False,6,0.4013,0.0806
r4rk1/5p1p/2npbqp1/2p4n/1pP1N3/P3PN2/P4PPQ/2KR1B1R b - - 2 18,36,E2025-10_529,f6g7,446,44,f6a1,0.05,0.0451,0.0369,0.0275,f6a1,f6a1,f6a1,f6a1,114.0,0.05,-0.0225,True,elite,03_elite_bands2,2650,2725,2725,False,True,0,0.6064,0.1017
5r2/3n1pkp/3p2p1/2p3P1/1pP1NK2/r4B2/8/3R3R b - - 2 34,68,E2025-10_529,f7f6,352,389,d7e5,0.0397,0.0307,0.022,0.0196,d7e5,d7e5,d7e5,d7e5,398.0,0.0397,-0.0201,True,elite,03_elite_bands2,2650,2725,2725,False,True,7,0.7193,0.2719
r1b2rk1/pp3ppp/q7/3P2B1/3Q4/2P5/P4PPP/1R3RK1 b - - 0 16,32,E2025-10_538,f8e8,-97,5,c8f5,0.0083,0.0047,0.0029,0.002,a6a2,a6a2,a6a2,a6a2,151.0,0.0083,-0.0063,True,elite,03_elite_bands2,2606,2681,2681,False,True,5,0.5905,0.1494
rn1qk2r/pbp1bppp/1p2p3/3n4/3P4/2NB4/PPP1NPPP/R1BQR1K1 b kq - 3 8,16,E2025-10_539,d5f6,-18,11,e8g8,0.0247,0.0304,0.0285,0.0187,e8g8,e8g8,e8g8,e8g8,140.0,0.0304,-0.006,True,elite,03_elite_bands2,2631,2674,2674,False,True,3,0.8176,0.2394
4r1k1/2p2p2/2P1b2p/3pb1q1/3N2p1/4P1N1/5PPP/1Q2R1K1 b - - 0 28,56,E2025-10_540,g5f6,0,0,e6c8,0.0154,0.0128,0.0098,0.0089,e5d4,h6h5,h6h5,h6h5,105.0,0.0154,-0.0065,True,elite,03_elite_bands2,2840,2862,2862,False,True,2,0.4993,0.0077
1rb2r1k/6pp/3b4/1p1p4/5P2/2Pq1N2/1P3PQP/R1B1R1K1 b - - 1 24,48,E2025-10_542,d5d4,-40,1,b8b7,0.0081,0.0042,0.0025,0.0019,d6f4,d6f4,d6f4,d6f4,439.0,0.0081,-0.0062,True,elite,03_elite_bands2,3025,3036,3036,False,True,5,0.5741,0.054
rr6/3knp1p/2bp1bpP/4p3/p1P1P3/3BB3/P1PK1PP1/R1N4R b - - 1 20,40,E2025-10_545,e7f5,-25,65,e7c8,0.0015,0.0012,0.0009,0.0006,a4a3,a4a3,a4a3,b8b2,195.0,0.0015,-0.0009,True,elite,03_elite_bands2,2640,2847,2847,False,True,2,0.6248,0.1305
5rk1/4q1p1/p1p1b2r/1p4N1/4PPp1/P7/1PPQ4/2KR2R1 b - - 0 30,60,E2025-10_546,h6g6,-239,12,h6g6,0.0345,0.0341,0.0236,0.0145,h6f6,h6f6,h6f6,h6f6,169.0,0.0345,-0.02,True,elite,03_elite_bands2,2899,2938,2938,True,False,5,0.6537,0.0703
r5k1/pp3pp1/3q1n2/2ppr2b/5N2/3Q1P2/PPPB2PP/R4R1K b - - 3 18,36,E2025-10_547,f6d7,-36,12,a8e8,0.0024,0.0021,0.0019,0.0015,c5c4,c5c4,a8e8,a8e8,153.0,0.0024,-0.0009,True,elite,03_elite_bands2,2681,2646,2646,False,True,2,0.5919,0.0096
6k1/pp1n1p2/8/3p4/2pQ3B/2Pb1P2/PP2q1PP/4R2K b - - 1 28,56,E2025-10_547,e2e1,-695,54,e2b2,0.0163,0.0111,0.0078,0.0064,e2b2,e2b2,e2b2,e2b2,1301.0,0.0163,-0.0099,True,elite,03_elite_bands2,2681,2646,2646,False,True,1,0.8959,0.4323
1r2kb1r/pp1qnpp1/2n1p1p1/1B1pP3/3P4/1R2B3/P1P1NPPP/1QR3K1 b k - 7 18,36,E2025-10_555,b8c8,-273,33,b8c8,0.0036,0.0028,0.0027,0.0032,e7f5,e7f5,e7f5,e7f5,108.0,0.0036,-0.0004,True,elite,03_elite_bands2,2822,2733,2733,True,False,6,0.6089,0.0039
4r1k1/1qp2pp1/bbpprn1p/p7/P2PP3/1PN1B2P/2QN1PPK/3RR3 b - - 2 26,52,E2025-10_557,b7a8,-27,4,b7c8,0.0076,0.0091,0.0123,0.0195,c6c5,c6c5,c6c5,c6c5,153.0,0.0195,0.0119,True,elite,03_elite_bands2,3091,3018,3018,False,True,2,0.684,0.156
rn1qkb1r/1p2nppp/p3p3/1N1pP3/3P4/2PB1N2/5PPP/R1BQK2R b KQkq - 0 10,20,E2025-10_558,e7c8,-538,1,a6b5,0.0225,0.0222,0.0201,0.0379,b8c6,b8c6,b8c6,b8c6,171.0,0.0379,0.0154,True,elite,03_elite_bands2,2626,2747,2747,False,True,3,0.5002,0.0094
2r2nk1/1p1bbrp1/2n1p2p/p1PpPp2/q1P2P2/P3BNP1/R2QNK1P/5BR1 b - - 0 20,40,E2025-10_562,d5d4,-43,83,d5d4,0.0054,0.0041,0.0037,0.004,a4c4,a4c4,a4c4,a4c4,190.0,0.0054,-0.0014,True,elite,03_elite_bands2,3059,3056,3056,True,False,2,0.5297,0.0119
3rbnk1/1p1r4/4p2p/p1b1Ppp1/2PN1P2/P2RB1P1/3RBK1P/8 b - - 3 28,56,E2025-10_562,c5e7,-36,2,b7b6,0.0101,0.0096,0.0094,0.015,g5g4,g5g4,g5g4,g5g4,226.0,0.015,0.0049,True,elite,03_elite_bands2,3059,3056,3056,False,True,2,0.5129,0.0349
r2q2k1/5ppp/1pp2b2/p2p1b2/N2PnB2/2PBQ2P/PP3PP1/R5K1 b - - 3 20,40,E2025-10_567,f6h4,-26,13,f6h4,0.0362,0.0273,0.0151,0.0057,b6b5,b6b5,b6b5,d8d7,392.0,0.0362,-0.0305,True,elite,03_elite_bands2,2981,2980,2980,True,False,2,0.6494,0.1196
r1bq1rk1/1p2bp2/p2p1n1Q/2p3N1/1n1P3P/2NB4/PPP2PP1/2KR3R b - - 2 14,28,E2025-10_568,d6d5,-588,28,b4d3,0.0012,0.0004,0.0002,0.0001,b4d3,b4d3,b4d3,b4d3,197.0,0.0012,-0.0011,True,elite,03_elite_bands2,2664,2640,2640,False,True,6,0.6897,0.3071
r1bq1rk1/pp2ppbp/2N3p1/3p2P1/4n3/2N1B3/PPP1BP1P/R2QK2R b KQ - 0 10,20,E2025-10_571,g7c3,280,113,e4c3,0.0182,0.0246,0.0315,0.0329,b7c6,b7c6,b7c6,b7c6,103.0,0.0329,0.0147,True,elite,03_elite_bands2,2684,2665,2665,False,True,3,0.4856,0.0547
4r1k1/1r6/3p1qp1/2pP1p1p/p1B2R1P/PPNR2P1/1KP2P2/8 b - - 1 26,52,E2025-10_572,e8e4,397,117,a4b3,0.0075,0.0055,0.0042,0.0054,a4b3,a4b3,a4b3,a4b3,106.0,0.0075,-0.0021,True,elite,03_elite_bands2,2635,2852,2852,False,True,4,0.6206,0.1215
2r1kb1r/1p1b1p2/p2pp2p/6pn/3RP3/1BN2P2/PPP2BPP/2KR4 b k - 1 16,32,E2025-10_573,b7b5,-31,5,h5f4,0.0172,0.0177,0.0184,0.0153,h5f4,h5f4,h5f4,c8c6,111.0,0.0184,-0.0019,True,elite,03_elite_bands2,2758,2623,2623,False,True,2,0.6434,0.1316
r2qk2r/pp2b1pp/3N1p2/2p5/1n3B2/1Q3N2/PPb2PPP/2KR1B1R b kq - 0 16,32,E2025-10_577,d8d6,-513,148,d8d6,0.0065,0.0049,0.0045,0.0053,e7d6,e7d6,e7d6,e7d6,151.0,0.0065,-0.0012,True,elite,03_elite_bands2,2649,2635,2635,True,False,6,0.5209,0.0595
5rk1/pp3pp1/2p1p1bp/4P3/2B2RQP/1P2R1K1/P1P2PP1/6qr b - - 9 26,52,E2025-10_578,g6c2,401,49,g6f5,0.0152,0.0136,0.015,0.016,g1h2,g1h2,g1h2,g1h2,133.0,0.016,0.0008,True,elite,03_elite_bands2,2689,2682,2682,False,True,0,0.6027,0.1264
6k1/p3bpp1/4p2p/8/bP6/P1r1PBN1/5PPP/R5K1 b - - 10 26,52,E2025-10_582,g8f8,-10,1,c3d3,0.0062,0.0082,0.0125,0.0215,e7f6,e7f6,e7f6,e7f6,105.0,0.0215,0.0153,True,elite,03_elite_bands2,3025,3024,3024,False,True,5,0.4956,0.0812
8/p4p2/2p2p2/2K5/3Pkp1p/7P/1P4P1/8 b - - 2 34,68,E2025-10_584,a7a5,696,115,a7a5,0.0209,0.0214,0.0242,0.0325,f4f3,f4f3,f4f3,f4f3,282.0,0.0325,0.0116,True,elite,03_elite_bands2,2632,2688,2688,True,False,0,0.4117,0.1015
2r2bk1/3R1ppp/8/pp5n/3BPPN1/4KP2/1P5P/8 b - - 1 26,52,E2025-10_585,f7f5,-74,39,a5a4,0.0023,0.002,0.0023,0.0041,a5a4,a5a4,b5b4,b5b4,148.0,0.0041,0.0018,True,elite,03_elite_bands2,2615,2754,2754,False,True,5,0.5914,0.1979
r4k2/1p3p2/1q2p1Pp/pP6/r3P2P/1N4Q1/2P5/1K1R2R1 b - - 0 28,56,E2025-10_590,f8e7,-662,80,f7f6,0.0276,0.0235,0.0164,0.0109,f7g6,f7g6,f7g6,f7g6,1325.0,0.0276,-0.0167,True,elite,03_elite_bands2,2644,2625,2625,False,True,1,0.9153,0.3575
r1b2rk1/1p1nb1pp/1qn1p3/p1ppP2P/3P4/2P1BN2/PP2NKP1/R1Q2B1R b - - 0 14,28,E2025-10_593,c6e5,-75,2,d7e5,0.0057,0.0078,0.0116,0.0109,h7h6,h7h6,c5d4,h7h6,144.0,0.0116,0.0052,True,elite,03_elite_bands2,2784,2826,2826,False,True,2,0.6447,0.1151
r1b2rk1/1p2b1pp/1q6/p1ppp2P/8/2P1BP2/PP2N2R/R1Q2BK1 b - - 1 18,36,E2025-10_593,a5a4,-97,6,a5a4,0.0056,0.0027,0.0014,0.0011,f8f3,f8f3,f8f3,f8f3,113.0,0.0056,-0.0045,True,elite,03_elite_bands2,2784,2826,2826,True,False,7,0.7393,0.2297
r5k1/1p2brPp/2q5/2pb4/3p4/pP3PN1/P4BBR/R2Q2K1 b - - 4 26,52,E2025-10_593,a8e8,-185,1,e7g5,0.0016,0.0014,0.0016,0.0026,f7g7,f7g7,f7g7,d5f3,232.0,0.0026,0.001,True,elite,03_elite_bands2,2784,2826,2826,False,True,7,0.7169,0.2375
r2q1bk1/1b3ppp/p3rn2/4nN2/1P1p4/P7/3BNPPP/1BRQ1RK1 b - - 1 20,40,E2025-10_600,e6e8,13,11,d4d3,0.0082,0.0074,0.0051,0.0034,d4d3,d4d3,d4d3,d8d5,234.0,0.0082,-0.0048,True,elite,03_elite_bands2,2645,2603,2603,False,True,2,0.646,0.1007
r4rk1/1p3p2/1q1bpQ2/p7/P1Bp4/2P4P/1P3PP1/R3R1K1 b - - 0 18,36,E2025-10_604,b6c6,-562,11,f8c8,0.0068,0.0066,0.0068,0.0087,b6b2,d4c3,d4c3,d4c3,1432.0,0.0087,0.0019,True,elite,03_elite_bands2,2623,2697,2697,False,True,1,0.7859,0.0848
r1r3k1/1p3p1q/4p2Q/p7/P7/2P3RP/5PPK/R7 b - - 3 24,48,E2025-10_604,h7g6,-966,1032,g8h8,0.0204,0.0195,0.0258,0.0373,g8h8,g8h8,g8h8,g8h8,1032.0,0.0373,0.0169,True,elite,03_elite_bands2,2623,2697,2697,False,True,1,0.8393,0.3271
r4rk1/pp4p1/3qp1p1/3p2PP/3P3P/P3P3/1PnNK3/R2Q1B1R b - - 2 20,40,E2025-10_605,d6a6,373,66,d6a6,0.0254,0.0327,0.0371,0.0407,c2a1,c2a1,c2a1,c2a1,373.0,0.0407,0.0153,True,elite,03_elite_bands2,2635,2606,2606,True,False,7,0.6616,0.266
r2q1rk1/p4ppp/Bp2pn2/3b4/8/PPQ1P3/1B3PPP/R3K2R b KQ - 1 14,28,E2025-10_606,b6b5,0,24,b6b5,0.0091,0.0072,0.0055,0.0042,d5g2,d5g2,d5g2,d5g2,342.0,0.0091,-0.0049,True,elite,03_elite_bands2,2602,2692,2692,True,False,5,0.5092,0.0361
2rq1rk1/p4ppp/4pn2/1B1b4/3Q4/PP2P3/1B3PPP/R3K2R b KQ - 2 16,32,E2025-10_606,e6e5,113,134,d8a5,0.0159,0.0078,0.0048,0.0038,d5b3,d5b3,d5b3,d5b3,153.0,0.0159,-0.0121,True,elite,03_elite_bands2,2602,2692,2692,False,True,5,0.5065,0.0604
1rr3k1/1pbnqppp/2p2nb1/N3p3/P3P3/1N2BPPP/1PP2QB1/R4RK1 b - - 2 18,36,E2025-10_609,e7e6,-92,58,e7b4,0.0174,0.0164,0.0155,0.0124,c7a5,c7a5,c7a5,c7a5,164.0,0.0174,-0.005,True,elite,03_elite_bands2,2617,2621,2621,False,True,2,0.7112,0.1321
1rr3k1/1pbnqppp/2p2nb1/N3p3/P3P3/1NP1BPPP/1P3QB1/R2R2K1 b - - 2 20,40,E2025-10_609,h7h6,-198,8,f6h5,0.0235,0.0241,0.025,0.0251,c7a5,c7a5,c7a5,c7a5,108.0,0.0251,0.0016,True,elite,03_elite_bands2,2617,2621,2621,False,True,2,0.6826,0.1163
1rr3k1/1pbn1ppp/2p1q1b1/N3p2n/P3P3/1NP1BPPP/1P3QK1/R2R1B2 b - - 6 22,44,E2025-10_609,g8h8,-177,20,b7b6,0.002,0.0029,0.0038,0.0049,b7b6,c7a5,f7f5,f7f5,334.0,0.0049,0.0029,True,elite,03_elite_bands2,2617,2621,2621,False,True,2,0.6168,0.0784
1rr3k1/2bR1pp1/2p2qbp/p1N1p2n/P1B1P3/2P1BPPP/1P3QK1/3R4 b - - 1 26,52,E2025-10_609,c8d8,-378,20,c7b6,0.0431,0.0327,0.0318,0.0318,c7b6,c7b6,c7b6,c7b6,101.0,0.0431,-0.0113,True,elite,03_elite_bands2,2617,2621,2621,False,True,6,0.7266,0.1207
6k1/p1p3pp/1pN2r2/2p2b2/P2q4/8/1PP2PPP/R3Q1K1 b - - 0 28,56,E2025-10_610,d4d7,-6,16,d4d7,0.0253,0.0251,0.0262,0.029,f6c6,f6c6,f6c6,f6c6,1993.0,0.029,0.0037,True,elite,03_elite_bands2,3025,2980,2980,True,False,0,0.5696,0.0603
1r1r4/p2n1kp1/1pp1bp1p/P3n3/1P2P3/2N4P/2P2BP1/R2R1BK1 b - - 6 24,48,E2025-10_615,b8a8,-54,14,b8b7,0.016,0.0146,0.0109,0.0105,b6b5,b6b5,b6b5,b6b5,221.0,0.016,-0.0055,True,elite,03_elite_bands2,2978,3025,3025,False,True,2,0.6101,0.061
2r5/1pqr3k/p2p2pb/P2Ppp1n/Q1n4P/1NP2P1P/1PK2B2/3RRB2 b - - 10 30,60,E2025-10_616,d7f7,0,0,d7f7,0.0155,0.0191,0.026,0.0329,h5f4,h5f4,h5f4,h5f4,436.0,0.0329,0.0174,True,elite,03_elite_bands2,2824,2757,2757,True,False,2,0.5666,0.1341
2r5/1pq2r1k/p2p2pb/P1NP3n/Q3p2P/2P4P/1K6/3RRBB1 b - - 1 34,68,E2025-10_616,e4e3,-46,112,e4e3,0.0049,0.0038,0.0041,0.0055,d6c5,d6c5,d6c5,d6c5,137.0,0.0055,0.0006,True,elite,03_elite_bands2,2824,2757,2757,True,False,7,0.6069,0.1089
r6k/1p4p1/1p3b1p/5p2/3Nq3/rN1R3P/2Q1R1P1/1K6 b - - 4 34,68,E2025-10_617,f6d4,568,178,e4d5,0.0279,0.0311,0.0298,0.0245,e4d5,e4d5,e4d5,e4d5,164.0,0.0311,-0.0034,True,elite,03_elite_bands2,2821,2653,2653,False,True,7,0.6295,0.1099
8/4kp1p/5p2/2bp4/3qP3/2pPBQ2/2P1K1PP/r4R2 b - - 1 28,56,E2025-10_619,d5e4,-345,112,d4e3,0.0199,0.0155,0.012,0.0098,a1f1,a1f1,a1f1,a1f1,314.0,0.0199,-0.0101,True,elite,03_elite_bands2,2603,2826,2826,False,True,5,0.4781,0.0156
bqr3k1/2r1bpp1/ppnpp2p/8/1PP1P2P/P1N1QNP1/5P2/2RR1BK1 b - - 1 24,48,E2025-10_620,b8a7,0,6,b8a7,0.0364,0.0228,0.0173,0.014,e7f6,e7f6,e7f6,e7f6,139.0,0.0364,-0.0224,True,elite,03_elite_bands2,3004,3090,3090,True,False,2,0.6278,0.157
3rr1k1/p4pbp/1qpB2p1/4p3/5n2/1N3PP1/PPPQ3P/2KR3R b - - 0 20,40,E2025-10_621,g7h6,260,47,f4d5,0.0196,0.0162,0.0135,0.0143,f4d5,f4d5,f4d5,f4d5,212.0,0.0196,-0.0053,True,elite,03_elite_bands2,2649,2691,2691,False,True,0,0.6124,0.0933
3rr1k1/p4p1p/q1p3p1/3n4/3N4/5PP1/PPPRp2P/1K2Q2R b - - 0 26,52,E2025-10_621,a6b6,323,34,e8e3,0.0293,0.0247,0.0196,0.0162,d5b4,d5b4,d5b4,d5b4,282.0,0.0293,-0.0131,True,elite,03_elite_bands2,2649,2691,2691,False,True,0,0.6672,0.2039
6k1/5p1p/2p3p1/q7/P7/2P2rP1/2PQ3P/2K4R b - - 0 34,68,E2025-10_621,c6c5,145,129,f3c3,0.0027,0.0017,0.0013,0.0012,f3c3,f3c3,f3c3,f3c3,188.0,0.0027,-0.0015,True,elite,03_elite_bands2,2649,2691,2691,False,True,0,0.5375,0.0818
3r1rk1/1bq1ppbp/p1n2np1/1pB5/8/1NN1QB2/PPP3PP/R3R1K1 b - - 7 18,36,E2025-10_622,c7c8,211,23,f6d7,0.002,0.0011,0.0005,0.0002,f8e8,f8e8,f8e8,f8e8,211.0,0.002,-0.0018,True,elite,03_elite_bands2,2708,2632,2632,False,True,2,0.6168,0.032
r1b1r1k1/1p2q2p/2pp2p1/p1n2p2/P1PQPP2/R1N1RB2/1P4PP/6K1 b - - 5 20,40,E2025-10_623,e7f8,24,5,e7f8,0.0054,0.008,0.0105,0.0144,f5e4,f5e4,f5e4,f5e4,185.0,0.0144,0.009,True,elite,03_elite_bands2,2991,3009,3009,True,False,2,0.6727,0.1095
6k1/1p2qb2/2pp2p1/p1n5/P1PQ3P/5RN1/1PB3PK/4r3 b - - 4 30,60,E2025-10_623,c5e4,0,16,c5e4,0.013,0.0077,0.0039,0.002,c5e6,c5e6,e1e5,e1e5,241.0,0.013,-0.011,True,elite,03_elite_bands2,2991,3009,3009,True,False,5,0.5322,0.0075
r6r/1pk5/2p4p/2n1p3/p1P1Pp1P/P4RP1/1PK1N3/3R4 b - - 0 28,56,E2025-10_625,h8g8,180,32,f4g3,0.0124,0.0098,0.0084,0.0105,c5e4,c5e4,c5e4,c5e4,151.0,0.0124,-0.0019,True,elite,03_elite_bands2,2644,2605,2605,False,True,0,0.5439,0.0887
r1b1r1k1/pp1n1pbp/5np1/P2Pp3/1q6/2N1B1N1/1PPQB1PP/R4RK1 b - - 8 16,32,E2025-10_626,e8d8,-227,31,h7h5,0.0058,0.0088,0.0099,0.0101,b4b2,b4b2,b4b2,b4b2,205.0,0.0101,0.0043,True,elite,03_elite_bands2,2680,2615,2615,False,True,6,0.5896,0.0355
r1b1rq2/pp3p2/3P1bk1/P3p1Bp/4N2R/8/1PPQ2PP/6K1 b - - 1 24,48,E2025-10_626,f6h8,-396,24,f6g7,0.0133,0.0171,0.0216,0.0266,f6g5,f6g5,f6g5,f6g5,1601.0,0.0266,0.0133,True,elite,03_elite_bands2,2680,2615,2615,False,True,6,0.7164,0.3054
r1b1rq2/pp2Bp2/3P2kb/P3p2p/4N2R/8/1PP1Q1PP/6K1 b - - 5 26,52,E2025-10_626,h6e3,-600,176,e8e7,0.0081,0.006,0.0046,0.0042,f8g7,e8e7,e8e7,e8e7,1394.0,0.0081,-0.0039,True,elite,03_elite_bands2,2680,2615,2615,False,True,6,0.7152,0.3257
r1b1r1k1/b4ppp/p1p5/3p2q1/N3n3/1P2PB2/PB3PPP/2RQ1RK1 b - - 1 16,32,E2025-10_628,e4f2,99,99,e8e6,0.0105,0.0066,0.0067,0.0094,c8h3,c8d7,c8d7,c8d7,138.0,0.0105,-0.0011,True,elite,03_elite_bands2,2691,2664,2664,False,True,2,0.6029,0.014
r5k1/5ppp/p1p5/2bp2q1/4r3/1P2P2Q/PB3PPP/2R2RK1 b - - 0 20,40,E2025-10_628,d5d4,-58,6,c5d6,0.0354,0.0203,0.014,0.0133,e4h4,e4h4,c5d6,c5d6,193.0,0.0354,-0.0221,True,elite,03_elite_bands2,2691,2664,2664,False,True,5,0.6437,0.1642
2Q5/5ppk/p2b4/3p2q1/4r2p/1P2P1P1/PB3PKP/5R2 b - - 2 26,52,E2025-10_628,g5h5,-52,7,e4g4,0.0049,0.0054,0.006,0.0095,h4g3,h4g3,h4g3,h4g3,141.0,0.0095,0.0046,True,elite,03_elite_bands2,2691,2664,2664,False,True,5,0.6353,0.1785
r2n1r1k/pp2b2p/1n4P1/3p2P1/2pP2B1/4B3/1q1N3P/2RQ1RK1 b - - 0 26,52,E2025-10_632,b2a3,-192,15,h7g6,0.0013,0.0009,0.0008,0.0009,f8f1,f8f1,f8f1,f8f1,307.0,0.0013,-0.0004,True,elite,03_elite_bands2,2979,2730,2730,False,True,6,0.6434,0.1595
r2n1b1k/pp6/1n4p1/3p2P1/2pP2B1/4B3/1q1N3P/2R2QK1 b - - 1 28,56,E2025-10_632,h8g8,-228,25,b2a3,0.0316,0.0271,0.0261,0.0394,f8g7,f8g7,f8g7,f8g7,276.0,0.0394,0.0078,True,elite,03_elite_bands2,2979,2730,2730,False,True,6,0.5311,0.049
r2nq1k1/1p4b1/1n4N1/p2p2P1/2pP2B1/7Q/3B3P/4R1K1 b - - 0 34,68,E2025-10_632,e8e1,-624,14,e8f7,0.0234,0.0273,0.0347,0.0395,e8g6,e8g6,e8g6,e8g6,214.0,0.0395,0.0161,True,elite,03_elite_bands2,2979,2730,2730,False,True,6,0.6479,0.1907
1r1q1rk1/p2n1ppp/b2p1n2/b1pPp1B1/2B1P1PP/2N5/PPQN1P2/R3K2R b KQ - 0 14,28,E2025-10_633,d8b6,61,86,d8b6,0.0434,0.039,0.0397,0.0408,a6c4,a6c4,a6c4,a6c4,152.0,0.0434,-0.0026,True,elite,03_elite_bands2,2620,2730,2730,True,False,2,0.659,0.1321
2q1k2r/1p2ppbp/p1rp1np1/3N2B1/2P1P3/3Q4/PP3PPP/R3R1K1 b k - 5 14,28,E2025-10_638,h7h6,-36,82,c8e6,0.0359,0.03,0.0317,0.0472,c6c4,c6c4,f6d5,f6d5,228.0,0.0472,0.0113,True,elite,03_elite_bands2,2658,2978,2978,False,True,2,0.6023,0.0216
4k2r/1p2ppb1/p1r1Rnp1/3N2p1/2P2P2/3Q4/PP4PP/R5K1 b k - 0 18,36,E2025-10_638,f6d5,-556,59,f7e6,0.0035,0.0026,0.0022,0.0021,c6e6,c6e6,c6e6,c6e6,1441.0,0.0035,-0.0014,True,elite,03_elite_bands2,2658,2978,2978,False,True,1,0.7166,0.051
r4rk1/5p1p/3P2p1/p3p3/1p2P3/1P3Q2/P1B1N3/4K3 b - - 0 34,68,E2025-10_643,g8g7,-523,26,a8d8,0.0077,0.0102,0.0124,0.0179,a8d8,a8d8,a8d8,f8d8,115.0,0.0179,0.0102,True,elite,03_elite_bands2,2770,2901,2901,False,True,1,0.6611,0.2189
r3rk2/1b2bpp1/1pp2n1p/p2pB3/P2P4/2PB3P/1P1NRPP1/4R1K1 b - - 0 20,40,E2025-10_645,f6g8,-97,36,f6g8,0.0164,0.0285,0.0432,0.0413,b7a6,b7a6,f6d7,f6d7,155.0,0.0432,0.0249,True,elite,03_elite_bands2,2688,2686,2686,True,False,2,0.5558,0.0793
r4rk1/pp2ppbp/1qn1b1p1/2pn4/4N3/2PP2P1/PPQN1PBP/R1B2RK1 b - - 6 12,24,E2025-10_646,c6a5,-59,0,d5b4,0.0069,0.0039,0.002,0.0009,a8d8,a8d8,a8c8,a8c8,193.0,0.0069,-0.006,True,elite,03_elite_bands2,2621,2670,2670,False,True,3,0.6989,0.0483
r4rk1/1p2ppbp/1p2b1p1/8/8/2Nn2P1/PP1N1PBP/R1B2RK1 b - - 1 16,32,E2025-10_646,b6b5,-220,61,f8d8,0.0197,0.0145,0.0103,0.0091,d3c1,d3c1,d3c1,d3c1,108.0,0.0197,-0.0106,True,elite,03_elite_bands2,2621,2670,2670,False,True,7,0.6366,0.189
1r3r2/2Qq1pk1/1p3n1p/p3R1p1/3P4/P4BP1/1P3PP1/2R3K1 b - - 0 26,52,E2025-10_649,b8c8,468,4,d7d4,0.0406,0.0259,0.0187,0.0175,d7d4,d7d4,d7d4,d7d4,468.0,0.0406,-0.0231,True,elite,03_elite_bands2,2641,2607,2607,False,True,5,0.5504,0.1117
2rqr3/1p2bp1k/p2p1npB/3np2p/6PP/1N1B1P2/PPPQ4/1K1RR3 b - - 0 20,40,E2025-10_650,d8c7,-56,14,d8c7,0.0067,0.0056,0.0057,0.0063,h5g4,h5g4,h5g4,h5g4,144.0,0.0067,-0.0004,True,elite,03_elite_bands2,2784,2761,2761,True,False,2,0.6711,0.1434
1r3r2/1p2bpk1/p2p2p1/3Bn1Pp/3N1R1P/2P5/PP6/1K3R2 b - - 4 34,68,E2025-10_650,a6a5,-88,3,e7d8,0.0189,0.0188,0.017,0.0154,b7b5,b7b5,b7b5,b7b5,140.0,0.0189,-0.0035,True,elite,03_elite_bands2,2784,2761,2761,False,True,2,0.5482,0.0013
1rb2rk1/p2n2bp/4pqp1/2p5/N1Pp1PP1/5B2/PP1Q1B1P/R4RK1 b - - 0 20,40,E2025-10_652,g6g5,165,93,b8b4,0.0299,0.0159,0.0095,0.0069,f6f4,f6f4,f6f4,f6f4,137.0,0.0299,-0.023,True,elite,03_elite_bands2,2892,2778,2778,False,True,0,0.6568,0.0593
2b2rk1/p6p/5qpb/4p3/2Pp1nP1/5BB1/PP1Q3P/4RR1K b - - 1 26,52,E2025-10_652,c8d7,-201,4,f6d6,0.0091,0.0091,0.0086,0.0083,f4h3,f4h3,f4h3,f4h3,307.0,0.0091,-0.0008,True,elite,03_elite_bands2,2892,2778,2778,False,True,0,0.5034,0.0078
r3k3/pp3p1p/2np2p1/5b2/8/q1PP1N2/2QBBPPP/bR4K1 b - - 5 18,36,E2025-10_657,a8c8,-215,16,a8c8,0.0458,0.039,0.0377,0.0484,b7b6,b7b6,b7b6,b7b6,169.0,0.0484,0.0026,True,elite,03_elite_bands2,2666,2633,2633,True,False,6,0.5985,0.0858
3r2k1/pb3ppp/1p1qp3/8/3P1n2/1B2N2P/PP1Q1PP1/2R3K1 b - - 5 22,44,E2025-10_658,d6e7,186,68,h7h5,0.0236,0.0268,0.0264,0.0242,d6d4,d6d4,d6d4,d6d4,147.0,0.0268,0.0006,True,elite,03_elite_bands2,2623,2742,2742,False,True,0,0.6652,0.1715
2k1r1r1/p1p2p1p/2p1q3/b3pp2/2R5/2NP2P1/PPP2PQ1/R5K1 b - - 1 20,40,E2025-10_660,g8g6,211,10,e5e4,0.0209,0.0242,0.0305,0.0497,f5f4,a5c3,a5c3,a5c3,275.0,0.0497,0.0288,True,elite,03_elite_bands2,2636,2624,2624,False,True,0,0.6995,0.1536
8/p2br1k1/5p1p/2NppPp1/P5P1/2P5/1r5P/RR5K b - - 1 32,64,E2025-10_663,b2b6,193,10,b2b1,0.0058,0.0053,0.006,0.0068,b2c2,b2b1,b2c2,b2c2,187.0,0.0068,0.001,True,elite,03_elite_bands2,2617,2603,2603,False,True,0,0.632,0.2143
1rb2rk1/4bppp/p1p1pn2/q2p4/3BPP2/P1N3Q1/1PP1B1PP/2KR3R b - - 7 14,28,E2025-10_665,b8b7,45,43,c8d7,0.0111,0.0092,0.007,0.0049,e7a3,e7a3,c6c5,c6c5,220.0,0.0111,-0.0062,True,elite,03_elite_bands2,2748,2710,2710,False,True,2,0.6178,0.0248
6k1/ppp2pn1/4rqpQ/3pN2p/3P2P1/2P4P/PP3PK1/4R3 b - - 0 26,52,E2025-10_668,f6e7,1,7,f6e7,0.0235,0.0227,0.0224,0.0266,h5g4,h5g4,h5g4,h5g4,116.0,0.0266,0.0031,True,elite,03_elite_bands2,2829,2977,2977,True,False,5,0.5793,0.0258
4r3/pp2q1kp/2p1bpp1/4n1P1/3R4/2N1P1Q1/PP3PBP/6K1 b - - 0 24,48,E2025-10_670,e5f7,-28,1,e5f7,0.0168,0.0237,0.0334,0.0488,f6f5,f6f5,f6f5,f6f5,478.0,0.0488,0.032,True,elite,03_elite_bands2,3021,2981,2981,True,False,5,0.6153,0.0249
Q7/p3rnk1/1p4pp/2pBqb2/5R1P/2N1P3/PP3P2/6K1 b - - 3 32,64,E2025-10_670,e7d7,-13,1,h6h5,0.0311,0.0291,0.0313,0.0358,g6g5,g6g5,g6g5,f7d6,866.0,0.0358,0.0047,True,elite,03_elite_bands2,3021,2981,2981,False,True,5,0.6019,0.0273
4r3/pp4k1/3p1pp1/5b2/2P3PQ/1P3P2/P2Bq2P/R1K4R b - - 2 26,52,E2025-10_672,e2e5,-534,26,e2f3,0.0252,0.0214,0.0173,0.0166,f5d3,f5d3,f5d3,f5d3,145.0,0.0252,-0.0086,True,elite,03_elite_bands2,2705,2688,2688,False,True,7,0.651,0.1515
4r1k1/pp6/3p1ppQ/5P2/2P5/1P3q2/P2B3P/R1K4R b - - 0 28,56,E2025-10_672,f3f5,-672,64,f3h1,0.021,0.0173,0.0143,0.0113,f3h1,f3h1,f3h1,f3h1,159.0,0.021,-0.0097,True,elite,03_elite_bands2,2705,2688,2688,False,True,1,0.7701,0.2667
q4rk1/r3ppbp/1n1p2p1/1N1P2B1/1Pp1P3/3b1NP1/Pn1Q1PBP/2R1R1K1 b - - 4 20,40,E2025-10_675,c4c3,71,275,a7a2,0.0045,0.0026,0.002,0.0016,a7a2,a7a2,a7a2,a7a2,321.0,0.0045,-0.0029,True,elite,03_elite_bands2,2618,2600,2600,False,True,6,0.628,0.0011
5k2/5p1p/3p2p1/3Pb3/1P2P3/q2bQ1P1/1n3PBP/2R1R1K1 b - - 1 28,56,E2025-10_675,a3a6,-449,19,a3b4,0.0081,0.0093,0.0114,0.0132,b2c4,b2c4,b2c4,b2c4,287.0,0.0132,0.0051,True,elite,03_elite_bands2,2618,2600,2600,False,True,1,0.7504,0.1794
2rqkb1r/1R1b1ppp/p7/3pPp2/3B4/2N5/P1PQ2PP/1R4K1 b k - 1 18,36,E2025-10_676,d8a5,-59,60,d8a5,0.0466,0.0361,0.0266,0.0198,f8c5,f8c5,d7c6,d7c6,144.0,0.0466,-0.0268,True,elite,03_elite_bands2,2969,2965,2965,True,False,2,0.5395,0.007
2rk1bN1/5p1p/p2P4/1p6/1P1R4/2P5/PK2Q1q1/4R3 b - - 0 28,56,E2025-10_678,g2e2,-697,154,g2e2,0.0399,0.0408,0.0355,0.0275,g2g8,g2g8,g2g8,g2g8,1302.0,0.0408,-0.0124,True,elite,03_elite_bands2,2723,2902,2902,True,False,1,0.8822,0.4246
2rq2k1/pp3p2/6p1/2N1Rb1p/2pP1Q1P/8/PP3PP1/6K1 b - - 1 26,52,E2025-10_679,c8c7,-12,76,c8c7,0.042,0.0344,0.0263,0.0264,b7b6,b7b6,b7b6,b7b6,139.0,0.042,-0.0156,True,elite,03_elite_bands2,2822,2932,2932,True,False,5,0.5956,0.0794
r1b1r1k1/1p5p/p2b4/3pqpp1/P3n3/1NP1BQPP/1P2NP2/R2R1K2 b - - 0 20,40,E2025-10_681,e5e6,79,14,e4g3,0.0083,0.0113,0.0136,0.013,g5g4,g5g4,f5f4,c8e6,396.0,0.0136,0.0047,True,elite,03_elite_bands2,2628,2607,2607,False,True,2,0.6373,0.0387
3rr2k/1p5p/p2b4/3R4/P7/1NP1p1Nb/1P3P2/3R2K1 b - - 2 28,56,E2025-10_681,d6g3,546,134,e3f2,0.0394,0.0273,0.0164,0.0136,e3f2,e3f2,e3f2,e3f2,128.0,0.0394,-0.0258,True,elite,03_elite_bands2,2628,2607,2607,False,True,0,0.6396,0.2377
1rb1kb1r/5pp1/p1R5/3p3p/3Pp3/1P2P3/1P3PPP/1K3BNR b k - 0 18,36,E2025-10_682,h5h4,23,1,e8d7,0.0048,0.0033,0.0026,0.0033,b8b3,b8b3,b8b3,b8b3,415.0,0.0048,-0.0015,True,elite,03_elite_bands2,2965,2969,2969,False,True,5,0.5525,0.0209
r3qrk1/3n2pp/p2p1bb1/3P4/1PN1Pp2/P2B4/K2Q1BPP/2RR4 b - - 2 24,48,E2025-10_685,e8e7,-99,63,e8e7,0.0366,0.0359,0.0319,0.0247,d7e5,d7e5,d7e5,d7e5,144.0,0.0366,-0.0119,True,elite,03_elite_bands2,2980,2731,2731,True,False,2,0.6432,0.1096
r4rk1/4q1pp/p1Rp2b1/3Pb3/1P2P3/P2B1pP1/K2Q1B1P/4R3 b - - 0 28,56,E2025-10_685,e7d7,-88,31,e7d7,0.0405,0.0405,0.0441,0.0369,g6e8,g6e8,a6a5,a6a5,148.0,0.0441,-0.0036,True,elite,03_elite_bands2,2980,2731,2731,True,False,2,0.5178,0.0734
r4rk1/6pp/3p2b1/3P3q/1PR1P3/P2B1pP1/K4Q2/6R1 b - - 2 34,68,E2025-10_685,a8b8,-136,6,a8c8,0.0048,0.0022,0.001,0.0005,h5e5,h5e5,h5e5,h5e5,102.0,0.0048,-0.0043,True,elite,03_elite_bands2,2980,2731,2731,False,True,5,0.4869,0.0247
3rr1k1/1p3pbp/1pppnnp1/5P2/4P2B/2N2B1P/PPP3P1/3RR1K1 b - - 0 20,40,E2025-10_687,g6g5,-71,9,e6c5,0.0313,0.0352,0.04,0.0341,e6f4,e6f4,e6c5,e6c5,101.0,0.04,0.0028,True,elite,03_elite_bands2,2663,2628,2628,False,True,2,0.5745,0.078
2r1r1k1/2q2p2/p2p1bpB/1p1np3/5nP1/1N1B4/PPP4Q/K4R1R b - - 8 26,52,E2025-10_688,c7d7,-85,9,e8e6,0.0057,0.0049,0.0042,0.0046,f4d3,f4d3,f4d3,f4d3,132.0,0.0057,-0.0011,True,elite,03_elite_bands2,3047,2848,2848,False,True,2,0.5355,0.0049
2r3k1/2q2p2/p2prbpB/1p2pB2/5nP1/1N2n3/PPP4Q/K5RR b - - 12 28,56,E2025-10_688,c8e8,-103,6,c8e8,0.0037,0.0035,0.0028,0.0022,e3c2,e3c2,e3c2,e3c2,250.0,0.0037,-0.0015,True,elite,03_elite_bands2,3047,2848,2848,True,False,6,0.5554,0.0558
6k1/1q3p2/p2prbpB/1p2p3/2n2nP1/PNP5/1P5Q/K4R1R b - - 0 32,64,E2025-10_688,a6a5,-129,18,b7d5,0.0246,0.0283,0.0345,0.0433,c4e3,c4e3,c4e3,f6g7,539.0,0.0433,0.0187,True,elite,03_elite_bands2,3047,2848,2848,False,True,0,0.5334,0.0383
3r3k/1p4pp/4n2r/4R1q1/P4p2/2QB1P1P/6P1/5RK1 b - - 0 30,60,E2025-10_689,d8d3,-26,211,d8d3,0.023,0.0159,0.0107,0.0066,g5g3,g5g3,g5g3,g5g3,292.0,0.023,-0.0164,True,elite,03_elite_bands2,3008,2906,2906,True,False,5,0.6257,0.047
1rk2r2/4Qp2/p7/5P2/4P3/1qP4p/1p5P/1R1R3K b - - 4 34,68,E2025-10_690,b3b5,-688,265,f8g8,0.0255,0.0349,0.0393,0.0403,f8g8,f8g8,f8g8,f8g8,1311.0,0.0403,0.0148,True,elite,03_elite_bands2,2710,2805,2805,False,True,6,0.5142,0.1157
r2qkb1r/pp3pp1/2n1pn2/2pp1b1p/5P2/2NP1NP1/PPP1P1BP/R1B1QRK1 b kq - 3 8,16,E2025-10_694,c6d4,51,47,d5d4,0.0325,0.0245,0.0146,0.0064,f8d6,f8e7,f8e7,f8e7,100.0,0.0325,-0.0261,True,elite,03_elite_bands2,2617,2606,2606,False,True,3,0.774,0.179
5k2/1p1R1p2/r5p1/4p2p/PP2P2P/2r3P1/R5K1/8 b - - 3 34,68,E2025-10_695,a6f6,-1,112,a6f6,0.0142,0.008,0.0046,0.0044,c3c4,c3c4,c3c4,c3c4,351.0,0.0142,-0.0098,True,elite,03_elite_bands2,2935,2824,2824,True,False,5,0.5786,0.1944
r4q1k/pp5p/3p2p1/3P4/2P1N2b/4Bn1Q/PP4BP/1R2n2K b - - 5 24,48,E2025-10_698,f3e5,-240,109,f3e5,0.0324,0.0237,0.0151,0.0111,e1g2,e1g2,e1g2,e1g2,246.0,0.0324,-0.0213,True,elite,03_elite_bands2,2982,2761,2761,True,False,5,0.5939,0.0262
r3rbk1/1bq2ppp/pp1ppn2/2n5/2P1PP2/2N2N2/PPBBQ1PP/4RR1K b - - 9 16,32,E2025-10_699,f6h5,-92,9,g7g6,0.0028,0.0031,0.0031,0.0022,a8d8,a8d8,a8d8,a8d8,130.0,0.0031,-0.0006,True,elite,03_elite_bands2,2786,2794,2794,False,True,3,0.6813,0.0253
3rr1qk/6b1/1pbPp1Qp/p1n4P/2PB1P2/2N5/PPB3P1/4RR1K b - - 0 28,56,E2025-10_699,e6e5,-572,20,e6e5,0.0349,0.022,0.0161,0.0125,g7d4,g7d4,g7d4,g7d4,1426.0,0.0349,-0.0224,True,elite,03_elite_bands2,2786,2794,2794,True,False,6,0.664,0.1624
3rr1qk/6b1/1p1P2Qp/p1n1R2P/2PB1P2/2N5/PPB3bK/5R2 b - - 1 30,60,E2025-10_699,d8d6,-614,84,d8d6,0.0026,0.0021,0.0018,0.0017,g2f1,g2f1,g7e5,g7e5,1384.0,0.0026,-0.0009,True,elite,03_elite_bands2,2786,2794,2794,True,False,6,0.7129,0.1261
r4rk1/pppn3n/3p2pq/3Pp2p/1PP1P3/2NQ1P1R/P3BK2/6R1 b - - 6 20,40,E2025-10_704,a7a5,209,58,f8f6,0.0066,0.0047,0.0035,0.0055,h7g5,h7g5,h7g5,h7g5,404.0,0.0066,-0.0011,True,elite,03_elite_bands2,2636,2682,2682,False,True,0,0.5479,0.0308
1R3bk1/2pq1rpp/1p2np2/1b1QpN1P/2pPP3/5N2/2PB1PP1/6K1 b - - 0 24,48,E2025-10_708,e6d4,-17,26,e6d4,0.0187,0.0163,0.0145,0.0134,d7d5,d7d5,d7d5,d7d5,245.0,0.0187,-0.0053,True,elite,03_elite_bands2,3007,2982,2982,True,False,2,0.5408,0.0014
4k2r/p2bpp2/3p4/1pq3PN/5Qp1/1R6/P1P2nBK/R7 b k - 1 28,56,E2025-10_710,g4g3,493,123,h8h5,0.009,0.0051,0.0032,0.0021,h8h5,h8h5,h8h5,h8h5,128.0,0.009,-0.0069,True,elite,03_elite_bands2,2664,2623,2623,False,True,0,0.6375,0.0562
1r2r1k1/3b2pp/1qp2p2/3p4/p2P4/2R2BP1/PPRQ1P1P/6K1 b - - 7 22,44,E2025-10_714,b6b5,-17,4,b6b5,0.0171,0.0172,0.0179,0.0161,d7f5,d7f5,d7f5,d7f5,176.0,0.0179,-0.001,True,elite,03_elite_bands2,3014,3009,3009,True,False,5,0.5542,0.0398
r4r2/pppk3p/2n3p1/3qN1B1/1b1P1P2/1Pp5/P1Q3PP/2R2R1K b - - 2 20,40,E2025-10_719,d7c8,-71,212,c6e5,0.0183,0.0212,0.0254,0.0275,c6e5,c6e5,c6e5,c6e5,191.0,0.0275,0.0092,True,elite,03_elite_bands2,2629,2676,2676,False,True,6,0.6088,0.0191
r7/pp2kr1p/1qp1P1p1/8/2R2P2/1P5Q/P5PP/5R1K b - - 0 28,56,E2025-10_719,b6b5,-683,2,f7g7,0.003,0.0009,0.0004,0.0002,f7f5,f7f5,f7f5,f7f5,1304.0,0.003,-0.0028,True,elite,03_elite_bands2,2629,2676,2676,False,True,1,0.8087,0.1411
6k1/3N2pp/p1p4r/3b4/3R2P1/1P3P2/P7/6K1 b - - 2 34,68,E2025-10_724,g7g5,-22,11,g7g5,0.0104,0.0062,0.0044,0.0041,d5f3,d5f3,d5f3,d5f3,357.0,0.0104,-0.0063,True,elite,03_elite_bands2,2996,3009,3009,True,False,5,0.5124,0.1593
4rrk1/p4pbp/2q3p1/2pNn3/P1P2B2/1P4P1/R5KP/3Q1R2 b - - 2 20,40,E2025-10_725,h7h5,9,2,e8e6,0.0233,0.0246,0.0311,0.0445,e5g4,e5g4,e5g4,e8d8,114.0,0.0445,0.0212,True,elite,03_elite_bands2,3005,3020,3020,False,True,2,0.5999,0.0447
r2qr1k1/4ppbp/p1npbnp1/P2N4/1p2P3/1N2B3/1PP2PPP/R2QRBK1 b - - 2 14,28,E2025-10_727,f6d7,-81,64,e6d5,0.0072,0.0121,0.0203,0.04,f6e4,f6e4,f6e4,f6e4,246.0,0.04,0.0328,True,elite,03_elite_bands2,2658,2765,2765,False,True,3,0.7347,0.2341
2r3k1/4ppbp/B2p1np1/P3n3/8/1N6/1PPB1PPP/4R1K1 b - - 0 22,44,E2025-10_727,c8b8,-320,53,c8c2,0.01,0.0103,0.0101,0.0086,c8c2,c8c2,c8c2,c8c2,144.0,0.0103,-0.0014,True,elite,03_elite_bands2,2658,2765,2765,False,True,6,0.6137,0.0452
6k1/5pbp/B3pnp1/3p4/2n5/8/5PPP/2B1R1K1 b - - 1 30,60,E2025-10_727,h7h6,-12,4,c4d6,0.009,0.0075,0.0078,0.0109,f6e4,f6e4,f6e4,f6e4,380.0,0.0109,0.0019,True,elite,03_elite_bands2,2658,2765,2765,False,True,0,0.4261,0.0763
2r3k1/4p2p/3p4/7P/P4Nn1/RP2r3/1K6/6R1 b - - 6 34,68,E2025-10_730,g8f7,-265,21,g8f7,0.027,0.0318,0.0377,0.0456,e3e4,e3e4,e3e4,e3e4,164.0,0.0456,0.0186,True,elite,03_elite_bands2,2769,2654,2654,True,False,5,0.4902,0.0598
2r3k1/3b1pbp/1q2pnp1/p1Np4/3P1B1P/2QBP3/1P3PP1/5RK1 b - - 0 20,40,E2025-10_731,d7e8,-41,6,d7e8,0.02,0.0255,0.0318,0.0381,d7b5,d7b5,g7f8,g7f8,308.0,0.0381,0.0181,True,elite,03_elite_bands2,3019,2990,2990,True,False,2,0.5926,0.1026
6k1/5p2/4pn1p/1q2n1p1/8/2Q1P2P/1P3PP1/R5K1 b - - 1 30,60,E2025-10_732,b5b8,30,12,b5b8,0.0388,0.036,0.0284,0.0203,f6e4,g8g7,g8g7,g8g7,442.0,0.0388,-0.0185,True,elite,03_elite_bands2,2761,2823,2823,True,False,0,0.43,0.009
r5k1/ppp2ppp/5n2/3Pb3/8/PP1BB1Pb/5P2/3Q2K1 b - - 0 20,40,E2025-10_735,h7h6,-105,3,h7h6,0.0092,0.0083,0.0088,0.0187,f6d5,f6d5,f6d5,f6d5,347.0,0.0187,0.0095,True,elite,03_elite_bands2,2784,2762,2762,True,False,5,0.456,0.0443
r2qr1k1/1b3pbp/pn1Ppnp1/1p6/4NB2/QB1P1N2/PP3PPP/R3R1K1 b - - 1 16,32,E2025-10_736,a6a5,-29,53,f6d5,0.0391,0.0372,0.0346,0.0316,f6e4,f6e4,b6d5,b6d5,145.0,0.0391,-0.0075,True,elite,03_elite_bands2,2669,2651,2651,False,True,2,0.6451,0.0485
1r3b2/pr1q2p1/5Nk1/1p2Pp2/3R3Q/6P1/PP3P1P/6K1 b - - 3 32,64,E2025-10_738,g6f7,-776,1220,g6f7,0.0085,0.0045,0.0031,0.0027,g7f6,g7f6,g7f6,g7f6,1220.0,0.0085,-0.0058,True,elite,03_elite_bands2,2926,2729,2729,True,False,6,0.6381,0.2371
3rnrk1/pNp2ppp/2q2b2/3b4/3P4/3QB3/P4PPP/1R2RBK1 b - - 0 20,40,E2025-10_740,d8c8,-84,1,d8c8,0.0111,0.0079,0.0064,0.0052,d8b8,d8b8,d8b8,d8b8,210.0,0.0111,-0.0059,True,elite,03_elite_bands2,2791,2825,2825,True,False,2,0.5535,0.0267
r1bq1rk1/3nb1pp/p1n1pp2/1pppP3/3P1P1P/2P1BN2/PP2N1P1/R2Q1BKR b - - 0 12,24,E2025-10_742,d8e8,-61,1,b5b4,0.0116,0.0103,0.0093,0.0146,f6e5,f6e5,f6e5,f6e5,118.0,0.0146,0.003,True,elite,03_elite_bands2,3006,3009,3009,False,True,2,0.6892,0.0201
1r4k1/pb3p1p/1p3bp1/4N3/P1N1P3/1P5P/5PP1/5RK1 b - - 0 20,40,E2025-10_743,f6e7,19,12,b8d8,0.0015,0.0013,0.0011,0.001,b7e4,b7e4,b7e4,b7e4,494.0,0.0015,-0.0005,True,elite,03_elite_bands2,2966,2972,2972,False,True,5,0.5053,0.0864
8/2pk1bp1/3n4/p1Bp2Pp/8/P1PB1P2/2P1RK2/r7 b - - 0 26,52,E2025-10_745,f7e6,-47,2,g7g6,0.0229,0.022,0.0227,0.0262,h5h4,a1h1,a1h1,a1h1,113.0,0.0262,0.0033,True,elite,03_elite_bands2,2887,2679,2679,False,True,5,0.5839,0.1094
r1bq1rk1/p2nbp1p/1pp1p1p1/2Pp3P/3P1P2/2NB1N2/PPQ2PP1/R3K2R b KQ - 0 12,24,E2025-10_748,g6g5,-35,51,g6g5,0.0465,0.0257,0.0134,0.0071,b6c5,b6c5,b6c5,b6c5,146.0,0.0465,-0.0394,True,elite,03_elite_bands2,3033,3060,3060,True,False,3,0.7089,0.0742
r4rk1/1q2bppp/1n1p4/p1pP1N2/8/1Pp1N1P1/P1Q1PPKP/3RR3 b - - 1 22,44,E2025-10_749,f8e8,-97,14,e7f6,0.0419,0.0385,0.0332,0.0302,e7f6,e7f6,e7f6,e7f6,104.0,0.0419,-0.0117,True,elite,03_elite_bands2,2771,2651,2651,False,True,2,0.6897,0.0881
r1b1kb1r/1p2pppp/p1q2n2/6B1/3Q4/2N3P1/PPP2P1P/R3KB1R b KQkq - 1 10,20,E2025-10_750,c8g4,-43,27,c6h1,0.0049,0.0022,0.0013,0.0015,c6h1,c6h1,c6h1,c6h1,228.0,0.0049,-0.0034,True,elite,03_elite_bands2,2708,2690,2690,False,True,3,0.568,0.0823
4kr2/1p2pp1Q/p1br4/8/8/1PNB1qP1/P1PR1P1P/2K5 b - - 0 18,36,E2025-10_750,f3f6,306,330,f3f6,0.0273,0.0387,0.0452,0.0461,f3h1,f3h1,f3h1,f3h1,344.0,0.0461,0.0188,True,elite,03_elite_bands2,2708,2690,2690,True,False,5,0.4467,0.1264
6k1/1br2pp1/4pb2/p3p3/PpB1P2p/1P3P2/1BP2KPP/3R4 b - - 1 26,52,E2025-10_752,b7a6,49,156,g8f8,0.0019,0.0013,0.001,0.0008,g7g5,g7g5,g7g5,g8f8,249.0,0.0019,-0.0011,True,elite,03_elite_bands2,2658,2883,2883,False,True,5,0.5525,0.0597
5r2/ppn2ppk/8/8/1q6/5Q2/P4PPP/2B2RK1 b - - 1 26,52,E2025-10_753,b4c4,-88,4,b4c4,0.0213,0.0153,0.0142,0.0195,c7e6,c7e6,c7e6,c7e6,381.0,0.0213,-0.0018,True,elite,03_elite_bands2,2795,2808,2808,True,False,5,0.5164,0.1123
r2qk2r/1bp1bppp/p2p1n2/Np6/P3P3/5P2/1PP3PP/RNBQ1RK1 b kq - 2 12,24,E2025-10_755,c7c6,-21,18,d8c8,0.0262,0.0244,0.0218,0.0108,b7c8,b7c8,b7c8,b7c8,209.0,0.0262,-0.0154,True,elite,03_elite_bands2,2638,2682,2682,False,True,3,0.6244,0.0405
4r2r/ppp2k2/2p1bp2/8/6Pb/2NRBP2/PPP3K1/7R b - - 4 20,40,E2025-10_759,e6c8,-26,27,e6c8,0.0038,0.0051,0.0061,0.0091,f6f5,h4g5,h4g5,h4g5,168.0,0.0091,0.0053,True,elite,03_elite_bands2,2983,3019,3019,True,False,5,0.6112,0.0715
3qr1k1/1p3ppp/5nb1/1N1P4/1PP1p3/3rR2P/4Q1P1/3N1R1K b - - 7 26,52,E2025-10_763,f6h5,50,17,d8b6,0.0345,0.0394,0.0435,0.0461,d3e3,d3e3,d3e3,d3e3,171.0,0.0461,0.0116,True,elite,03_elite_bands2,2681,2639,2639,False,True,0,0.5483,0.0211
r2r2k1/5p2/4p1pp/p3q3/Qb5P/4P1P1/P1R1BPK1/2R5 b - - 2 22,44,E2025-10_764,b4f8,-2,2,g8g7,0.002,0.0025,0.003,0.0037,e5e4,e5e4,e5e4,e5e4,459.0,0.0037,0.0017,True,elite,03_elite_bands2,2759,2985,2985,False,True,5,0.4575,0.0159
6k1/pp4pp/2q2p2/8/3Pb3/1P1NQ3/P4PPP/6K1 b - - 4 28,56,E2025-10_767,h7h6,-97,4,g8f7,0.0075,0.0092,0.0099,0.0099,e4d3,e4d3,e4d3,e4d3,128.0,0.0099,0.0024,True,elite,03_elite_bands2,2819,2825,2825,False,True,5,0.5634,0.161
r6r/ppp2RBp/1k1p4/7P/6K1/3Bb3/PPP3P1/8 b - - 0 22,44,E2025-10_770,h7h6,-36,216,h8e8,0.0056,0.0049,0.0045,0.0046,h8g8,h8g8,h8g8,h8g8,232.0,0.0056,-0.001,True,elite,03_elite_bands2,2875,2700,2700,False,True,5,0.4471,0.0139
2k4r/ppp1n3/2p2p2/4b2p/4PN2/4B2P/PPP3P1/2K2R2 b - - 1 22,44,E2025-10_771,c8d7,-39,1,a7a5,0.01,0.0124,0.0154,0.0328,h8g8,h8g8,h8g8,h8g8,100.0,0.0328,0.0228,True,elite,03_elite_bands2,2685,2681,2681,False,True,5,0.6451,0.1224
1rr3k1/2qbbppp/3pp3/6Pn/pp1NP2P/3BBP2/PPPQ4/1K1R2R1 b - - 4 20,40,E2025-10_772,e7f8,125,7,g7g6,0.0021,0.004,0.0096,0.0256,b4b3,b4b3,b4b3,b4b3,256.0,0.0256,0.0235,True,elite,03_elite_bands2,2966,2725,2725,False,True,2,0.6549,0.1733
6k1/6p1/1R1p3p/2p5/8/P5KP/1P2r1P1/8 b - - 0 34,68,E2025-10_776,g8f7,0,36,g8f7,0.0105,0.0087,0.0071,0.0084,e2d2,e2d2,e2d2,e2d2,139.0,0.0105,-0.0021,True,elite,03_elite_bands2,2989,3033,3033,True,False,5,0.4708,0.1177
r1bq1rk1/ppp1bppp/2n1pn2/6B1/Q1BPP3/P1N2N2/1P3PPP/3RK2R b K - 2 10,20,E2025-10_786,f6d7,-126,94,h7h6,0.0116,0.013,0.0109,0.007,c8d7,c8d7,c8d7,c8d7,110.0,0.013,-0.0046,True,elite,03_elite_bands2,2732,2890,2890,False,True,3,0.7312,0.1836
rq3r1k/3b1p1p/pB2p3/3pPp2/4N2R/b3Q1P1/2P4P/4K2R b K - 1 26,52,E2025-10_788,b8b6,-336,2,b8b6,0.0068,0.0078,0.0065,0.0052,a3b4,a3b4,a3b4,a3b4,191.0,0.0078,-0.0016,True,elite,03_elite_bands2,3047,2754,2754,True,False,6,0.5453,0.1923
6rk/4bp1p/6q1/4PR2/p1pP4/2P3BP/P4Q1K/8 b - - 4 34,68,E2025-10_790,g8b8,-127,145,g8g7,0.0222,0.0203,0.0252,0.0372,a4a3,g8g7,g8g7,g8g7,193.0,0.0372,0.015,True,elite,03_elite_bands2,2613,2616,2616,False,True,5,0.644,0.1327
3r2k1/5ppp/p1pq4/4n3/BP1bP3/8/P2R2PP/1R2Q2K b - - 3 28,56,E2025-10_793,d6b8,-159,25,d6e7,0.0037,0.0044,0.0049,0.005,e5c4,e5c4,e5c4,d6f6,247.0,0.005,0.0013,True,elite,03_elite_bands2,2985,2706,2706,False,True,5,0.5446,0.0015
2r2rk1/3nqpp1/4p2p/p1bn4/Q1N5/P2BPP2/1B3P1P/1R1R3K b - - 3 20,40,E2025-10_794,g7g6,-110,37,e7h4,0.007,0.0031,0.0013,0.0009,c8a8,c8a8,c5b6,e7h4,216.0,0.007,-0.0061,True,elite,03_elite_bands2,2660,2621,2621,False,True,2,0.584,0.0856
2r3rk/5pp1/3Npn1p/p1bn4/Q6q/P2BPP2/1B3PRP/6RK b - - 11 24,48,E2025-10_794,h4h5,-390,133,h4h5,0.0052,0.0048,0.0048,0.0052,c5d6,c5d6,c5d6,h4a4,1609.0,0.0052,0.0,True,elite,03_elite_bands2,2660,2621,2621,True,False,6,0.6478,0.0979
2r3k1/1p3ppp/pn2p3/3n4/P2B2q1/1Q1B2P1/1PPR3P/1K6 b - - 3 28,56,E2025-10_796,g4g5,-71,229,g4g5,0.0181,0.0181,0.0181,0.0147,g4d4,g4d4,g4d4,g4d4,462.0,0.0181,-0.0034,True,elite,03_elite_bands2,2672,2896,2896,True,False,5,0.5424,0.0683
7k/p2R1Rp1/7p/7P/8/5N2/P3rr2/7K b - - 3 32,64,E2025-10_800,a7a5,-58,1,e2a2,0.004,0.003,0.0027,0.0034,f2f1,f2f1,f2f1,f2f1,147.0,0.004,-0.0006,True,elite,03_elite_bands2,2669,2639,2639,False,True,7,0.5676,0.2386
r6k/p1qR2bb/4Q3/1pp1P2p/7P/2P2P2/P2R2P1/6K1 b - - 8 28,56,E2025-10_803,h7g8,-554,60,c7e5,0.0354,0.0188,0.0113,0.0088,c7e5,c7e5,c7e5,c7e5,1438.0,0.0354,-0.0266,True,elite,03_elite_bands2,2670,2602,2602,False,True,6,0.5579,0.0862
r1b1kb1r/2q2p1p/p2p1p2/3Pn3/1p1N2P1/7Q/PPP2P1P/2K1RB1R b kq - 2 14,28,E2025-10_804,c7b6,235,8,h7h5,0.0063,0.0046,0.0035,0.0029,c8g4,c8g4,c8g4,c8g4,552.0,0.0063,-0.0034,True,elite,03_elite_bands2,2615,2665,2665,False,True,2,0.4939,0.0069
r5k1/1p4pp/1p5r/5P2/2PppqP1/P2P3P/R4P2/5QRK b - - 0 28,56,E2025-10_807,b6b5,0,47,b6b5,0.0012,0.0006,0.0005,0.0004,f4f3,f4f3,f4f3,f4f3,108.0,0.0012,-0.0008,True,elite,03_elite_bands2,2991,2983,2983,True,False,5,0.5289,0.0158
r3k2r/1R1bbppp/p3p3/3pP3/3B1P2/2N5/P1P2KPP/1R6 b kq - 2 18,36,E2025-10_810,e7d8,-62,18,e7d8,0.017,0.0232,0.0269,0.0265,e8g8,d7c6,d7c6,d7c6,198.0,0.0269,0.0095,True,elite,03_elite_bands2,2981,2971,2971,True,False,5,0.5549,0.0635
r4rk1/1b1nppb1/P2p1q2/P1pP3p/2B3p1/1Q2P3/RP1N1PPP/1N2K2R b K - 0 16,32,E2025-10_811,b7c8,-36,171,b7c8,0.0113,0.0099,0.0076,0.0069,b7a6,b7a6,b7a6,b7a6,180.0,0.0113,-0.0044,True,elite,03_elite_bands2,2674,2669,2669,True,False,2,0.5739,0.0684
r6k/4pp2/3p4/2pPbQ2/7q/4PR2/1P6/rN3KR1 b - - 3 34,68,E2025-10_811,a8b8,299,24,h4c4,0.0033,0.0025,0.0024,0.0035,h4c4,h4c4,h4c4,h4c4,299.0,0.0035,0.0002,True,elite,03_elite_bands2,2674,2669,2669,False,True,0,0.5635,0.2387
1k1r4/pp3pB1/8/2bq3p/4p3/4P1P1/PP2Q2P/1KR5 b - - 0 24,48,E2025-10_814,a7a5,34,20,a7a5,0.0061,0.0035,0.0022,0.0019,d5d3,d5d3,d5d3,d5d3,109.0,0.0061,-0.0042,True,elite,03_elite_bands2,3005,3019,3019,True,False,5,0.5845,0.0362
r2q1rk1/pb1nbppp/1p2pn2/2P3N1/2P1p3/6P1/PPQN1PBP/R1BR2K1 b - - 1 12,24,E2025-10_815,d8c8,-10,35,d7c5,0.0018,0.0013,0.0009,0.0011,d7c5,d7c5,d7c5,d7c5,264.0,0.0018,-0.0007,True,elite,03_elite_bands2,2649,2624,2624,False,True,3,0.6789,0.0833
1rq2rk1/B2nbppp/p3p3/1P3b2/N7/1Q2PB2/P4PPP/R4RK1 b - - 0 18,36,E2025-10_820,f5c2,207,168,b8b5,0.0042,0.0027,0.0022,0.0022,b8b5,b8b5,b8b5,b8b5,178.0,0.0042,-0.002,True,elite,03_elite_bands2,2624,2630,2630,False,True,2,0.5031,0.0284
r6k/pp1b3p/1q1P2p1/4bp2/2B5/2N4P/PP1Q2P1/4R2K b - - 3 28,56,E2025-10_822,b6c5,25,17,e5f6,0.033,0.0267,0.0263,0.0266,e5d6,e5d6,e5d6,e5d6,815.0,0.033,-0.0064,True,elite,03_elite_bands2,2679,2675,2675,False,True,5,0.553,0.0491
r5k1/4np1p/4p1p1/pPB5/1p2PP2/1Pb3N1/6PP/3R2K1 b - - 2 24,48,E2025-10_823,c3f6,-236,3,c3f6,0.0309,0.0278,0.0224,0.0189,e7c8,e7c8,e7c8,e7c8,251.0,0.0309,-0.012,True,elite,03_elite_bands2,2898,2668,2668,True,False,6,0.6349,0.0465
5rk1/2p1qrp1/2pb2np/3bp3/pPN1N3/P1Q1RP2/1B4PP/2R3K1 b - - 4 24,48,E2025-10_826,e7e6,125,13,e7e6,0.0337,0.0288,0.0274,0.0236,g6f4,g6f4,g6f4,g6f4,163.0,0.0337,-0.0101,True,elite,03_elite_bands2,2643,2992,2992,True,False,2,0.6336,0.069
r3rbk1/1ppq2pp/1n6/p4p2/3p4/P2P1PPP/1PQN1PB1/3R1RK1 b - - 1 18,36,E2025-10_829,f5f4,-13,110,f5f4,0.0341,0.0284,0.017,0.0062,b6d5,b6d5,e8e2,e8e2,165.0,0.0341,-0.0279,True,elite,03_elite_bands2,2992,3089,3089,True,False,2,0.5754,0.0211
3rr3/5p1p/p2P2p1/2P1k3/8/3RPB2/P2K4/8 b - - 0 30,60,E2025-10_830,g6g5,-267,3,h7h5,0.0158,0.0109,0.0097,0.0111,e8e6,e8e6,e8e6,e8e6,105.0,0.0158,-0.0047,True,elite,03_elite_bands2,2681,2674,2674,False,True,5,0.502,0.04
1r5r/1p2kp2/2ppb3/p1n1nNPp/2P1P3/1PN5/PK1RB3/3R4 b - - 1 26,52,E2025-10_831,e7d8,236,22,e6f5,0.0033,0.0017,0.0009,0.0006,e6f5,e6f5,e6f5,e6f5,122.0,0.0033,-0.0027,True,elite,03_elite_bands2,2766,2619,2619,False,True,0,0.5675,0.0322
r1b1k2r/p2n1ppp/1pp1p3/q5B1/3P4/b1PQPN2/P4PPP/1R2KB1R b Kkq - 1 12,24,E2025-10_834,h7h6,-46,4,e8g8,0.0342,0.0319,0.0262,0.0169,c8a6,c8a6,c8a6,c8a6,341.0,0.0342,-0.0173,True,elite,03_elite_bands2,2670,2676,2676,False,True,2,0.6335,0.0559
2r1r1k1/p4pp1/2p5/2Np3p/3B2nq/1P2P3/P1Q2PP1/2RR2K1 b - - 3 22,44,E2025-10_835,f7f5,-156,38,h4h2,0.0009,0.0007,0.0009,0.0014,h4h2,h4h2,h4h2,h4h2,102.0,0.0014,0.0005,True,elite,03_elite_bands2,2684,2901,2901,False,True,7,0.6825,0.2855
2r1r3/p4pk1/8/2B4p/3p1qn1/1P6/P1Q2P2/3K2R1 b - - 3 32,64,E2025-10_835,g7f6,899,18,f4f3,0.0054,0.0044,0.0048,0.0063,f4f3,f4f3,f4f3,f4f3,310.0,0.0063,0.0009,True,elite,03_elite_bands2,2684,2901,2901,False,True,4,0.9197,0.5699
2kr1br1/pp2pp2/2bp1p1p/q2N4/3RP3/4Q3/PPP2PPP/1K3B1R b - - 9 14,28,E2025-10_836,d8d7,-112,8,c6d5,0.0163,0.0151,0.0121,0.0082,c6d5,c6d5,c8b8,c8b8,288.0,0.0163,-0.0081,True,elite,03_elite_bands2,2848,2791,2791,False,True,2,0.5566,0.1109
r3r1k1/p4pbp/3n2p1/B1p2q2/2Pp1N2/6P1/P1Q1PP1P/2R2RK1 b - - 10 26,52,E2025-10_840,g7h6,146,55,f5c2,0.026,0.0235,0.0208,0.0157,f5c2,f5c2,f5c2,f5c2,144.0,0.026,-0.0103,True,elite,03_elite_bands2,2615,2687,2687,False,True,0,0.5976,0.0045
2r1rb2/p4pkp/3n2p1/B1p5/2Pp4/3N2P1/P1R1PP1P/1R3K2 b - - 6 30,60,E2025-10_840,h7h6,0,0,f7f5,0.0061,0.0053,0.0045,0.0048,d6e4,d6e4,d6e4,c8b8,141.0,0.0061,-0.0013,True,elite,03_elite_bands2,2615,2687,2687,False,True,2,0.5693,0.0146
r2qk2r/pp2nb2/3b4/3Pnp1p/3NpN2/4BP2/PP2PKPP/R2Q1B1R b kq - 4 16,32,E2025-10_841,e8g8,-107,51,e8g8,0.0189,0.0111,0.009,0.0154,e7d5,e7d5,e7d5,e7d5,150.0,0.0189,-0.0035,True,elite,03_elite_bands2,2728,2817,2817,True,False,2,0.6276,0.0056
r2qn1k1/1ppb2bp/3p2p1/2nPp3/p1P1PrPP/P1N1B3/1PQNB3/2KR3R b - - 1 16,32,E2025-10_842,e8f6,-139,26,e8f6,0.0058,0.003,0.0018,0.0011,f4f7,f4f8,f4f8,f4f8,114.0,0.0058,-0.0047,True,elite,03_elite_bands2,2660,2670,2670,True,False,2,0.6252,0.0925
k2r1b1r/ppB1pp1p/2p2np1/2q5/Q1N5/1P6/P1PP1PPP/2KR3R b - - 4 16,32,E2025-10_845,b7b5,-335,74,b7b5,0.0235,0.0237,0.023,0.0227,d8d7,d8d7,d8d7,d8d7,328.0,0.0237,-0.0008,True,elite,03_elite_bands2,2774,2677,2677,True,False,6,0.6497,0.1141
1rb3r1/pp2qp1k/2pb1n1p/P5p1/RBBPp2n/1Q2P1NP/1P3PP1/4RNK1 b - - 5 22,44,E2025-10_848,c8h3,217,107,g5g4,0.0468,0.0487,0.0448,0.0443,d6b4,c8e6,c8e6,d6b4,195.0,0.0487,-0.0025,True,elite,03_elite_bands2,2617,2612,2612,False,True,2,0.6456,0.1501
2r2rk1/4bppp/2P1p3/1q1pP3/1P6/5P1P/2QB1P2/R1R3K1 b - - 0 22,44,E2025-10_849,e7d8,-230,16,d5d4,0.0103,0.0105,0.0093,0.0098,e7b4,e7b4,e7b4,e7b4,145.0,0.0105,-0.0005,True,elite,03_elite_bands2,2673,2778,2778,False,True,5,0.5818,0.0245
2bq1rk1/R3p1b1/1n3np1/3P1p1p/1ppNP3/5PP1/1P3N1P/2BQR1K1 b - - 3 20,40,E2025-10_851,c8d7,-304,53,f5e4,0.0387,0.0321,0.0232,0.0186,f5e4,f5e4,f5e4,f5e4,110.0,0.0387,-0.0201,True,elite,03_elite_bands2,2699,2611,2611,False,True,6,0.6658,0.1403
3q1rk1/4p1b1/R5p1/3n3p/1ppNP1b1/6P1/1P1Q3P/2B1R1K1 b - - 1 24,48,E2025-10_851,d5f4,183,4,d5c7,0.0056,0.0042,0.0034,0.0031,d5c7,d5c7,d5c7,d5c7,452.0,0.0056,-0.0025,True,elite,03_elite_bands2,2699,2611,2611,False,True,0,0.6075,0.1891
r4n2/1p4bk/p3p1Np/q2pP3/3P1B2/3BQ3/Pr3PP1/R5K1 b - - 0 24,48,E2025-10_852,h7g8,-299,207,f8g6,0.0066,0.0063,0.0098,0.0176,f8g6,f8g6,f8g6,f8g6,216.0,0.0176,0.011,True,elite,03_elite_bands2,2639,2612,2612,False,True,6,0.6894,0.1793
r1b1k2r/pp3ppp/n1pBpnq1/8/2P5/5B2/PP1Q1P1P/2KR2NR b kq - 5 12,24,E2025-10_854,e6e5,-41,7,e6e5,0.0345,0.0155,0.0083,0.0067,f6e4,c8d7,c8d7,c8d7,158.0,0.0345,-0.0278,True,elite,03_elite_bands2,2928,2912,2912,True,False,3,0.6086,0.2366
r3k2r/pp3ppp/n1p1bnq1/4B3/2P5/5B2/PP1QNP1P/2KR3R b kq - 2 14,28,E2025-10_854,g6f5,-44,79,g6f5,0.0336,0.0274,0.0276,0.0285,e8g8,e8g8,e8g8,e8g8,257.0,0.0336,-0.0051,True,elite,03_elite_bands2,2928,2912,2912,True,False,3,0.6322,0.2687
2rbqrk1/p2n1pp1/2pP2bp/1p2p2n/4P3/P1N2N1P/BP2QPPB/2RR2K1 b - - 3 20,40,E2025-10_855,c8b8,-161,25,g8h7,0.0186,0.011,0.0059,0.0041,h5f4,h5f4,h5f4,h5f4,109.0,0.0186,-0.0145,True,elite,03_elite_bands2,2607,2662,2662,False,True,2,0.6365,0.1107
3r4/2p1k3/1pp1pNnp/p3P1p1/3r4/1P3PP1/P1P1RK1P/4R3 b - - 1 26,52,E2025-10_856,e7f7,31,3,e7f7,0.0225,0.0203,0.019,0.0214,d4d2,d4d2,d4d2,d4d2,137.0,0.0225,-0.0011,True,elite,03_elite_bands2,2764,2978,2978,True,False,2,0.46,0.0077
4qr1k/3R3p/p4p2/1p3P2/4pN2/P7/1P4PP/3Q3K b - - 1 34,68,E2025-10_863,b5b4,-506,38,e4e3,0.001,0.0005,0.0003,0.0003,e4e3,e4e3,e4e3,e4e3,269.0,0.001,-0.0007,True,elite,03_elite_bands2,2688,2691,2691,False,True,1,0.8536,0.3449
8/pp4p1/8/5k2/2r4P/P5P1/5P2/3R2K1 b - - 0 30,60,E2025-10_872,f5e6,-187,26,f5e6,0.0162,0.0199,0.0219,0.0225,f5g4,f5g4,c4a4,c4a4,112.0,0.0225,0.0063,True,elite,03_elite_bands2,2807,2673,2673,True,False,5,0.5848,0.2579
2rq1rk1/p3bppp/bpB1pn2/8/P7/N5P1/1PQPPP1P/R1B1K2R b KQ - 2 12,24,E2025-10_878,f6d5,552,45,d8d6,0.0457,0.0347,0.0304,0.0307,a6b7,a6b7,a6b7,a6b7,152.0,0.0457,-0.015,True,elite,03_elite_bands2,2639,2643,2643,False,True,4,0.6529,0.0653
r3k2r/ppqnbpp1/2p1p1b1/7p/2NP3P/2B3P1/PPP1QPB1/2KR3R b kq - 0 16,32,E2025-10_887,a7a5,-83,4,b7b5,0.0243,0.0306,0.0279,0.0182,e8c8,e8c8,e8c8,e8c8,164.0,0.0306,-0.0061,True,elite,03_elite_bands2,2634,2650,2650,False,True,2,0.6534,0.0138
3r2r1/2q1bp1k/2p1p2P/p3Pp2/1p4P1/8/PPP1Q3/1K2BR1R b - - 0 28,56,E2025-10_887,c7e5,440,145,c7e5,0.0024,0.002,0.0017,0.0017,g8g4,g8g4,g8g4,g8g4,123.0,0.0024,-0.0007,True,elite,03_elite_bands2,2634,2650,2650,True,False,0,0.6146,0.1131
r3kb1r/1bq2pp1/p3p2n/4P2p/Np1NpPP1/7P/PPP5/2KRQ1BR b kq - 0 18,36,E2025-10_889,a8d8,-106,5,a8c8,0.0366,0.03,0.0209,0.0131,h5g4,h5g4,h5g4,h5g4,141.0,0.0366,-0.0235,True,elite,03_elite_bands2,2612,2649,2649,False,True,2,0.638,0.1213
r1bq1rk1/pp1n1p2/3b1ppp/8/3QP3/1BN2N2/PP3PPP/R3K2R b KQ - 0 12,24,E2025-10_896,d8b6,-14,1,d8b6,0.0181,0.0139,0.0102,0.0064,d6c5,d6c5,d7e5,d7e5,153.0,0.0181,-0.0117,True,elite,03_elite_bands2,2840,2860,2860,True,False,3,0.62,0.0084
1r4k1/2qn1pb1/b2p2p1/2nP4/3BPP2/2P3P1/Q1B2N1P/3NR1K1 b - - 8 32,64,E2025-10_898,b8b5,-301,23,b8b6,0.0032,0.0021,0.0016,0.0017,g7d4,g7d4,g7d4,g7d4,103.0,0.0032,-0.0015,True,elite,03_elite_bands2,2722,2645,2645,False,True,6,0.6575,0.0737
1k1r1bbr/pppq2pp/1n6/nP1P1p2/4p3/P1N1P3/1BQNBPPP/R4RK1 b - - 2 16,32,E2025-10_899,f8d6,12,13,f8d6,0.0114,0.0078,0.0064,0.0075,b6d5,b6d5,b6d5,b6d5,152.0,0.0114,-0.0039,True,elite,03_elite_bands2,2991,2936,2936,True,False,2,0.6435,0.0023
2bqrnk1/1p3ppp/2p1r3/p1b3PP/P1NpPP2/2PP1N2/1P2Q3/R1B1K2R b KQ - 1 22,44,E2025-10_905,e6e4,0,160,e6e7,0.0058,0.0056,0.006,0.0061,d4c3,d4c3,d4c3,d4c3,186.0,0.0061,0.0003,True,elite,03_elite_bands2,2786,2691,2691,False,True,2,0.6094,0.0223
q1rrnnk1/pb2bppp/1p2p3/2p1P3/2P1N2P/1P4PB/PB1NQP2/3RR1K1 b - - 4 20,40,E2025-10_909,c8c7,-88,0,d8d7,0.0301,0.0291,0.0287,0.0234,f8g6,f8g6,f8g6,f8g6,121.0,0.0301,-0.0067,True,elite,03_elite_bands2,2730,2726,2726,False,True,2,0.6668,0.1708
2rq4/pp1PR1nk/6p1/nP1Q3p/P4r1P/2P5/5PP1/R5K1 b - - 0 26,52,E2025-10_911,c8a8,122,476,c8a8,0.0143,0.0156,0.0149,0.0125,c8c7,c8c7,c8c7,c8c7,752.0,0.0156,-0.0018,True,elite,03_elite_bands2,2618,2667,2667,True,False,6,0.4593,0.1525
r4rk1/1b3ppp/pnq2R2/1pbNp1B1/4P3/P2B4/1PPQ2PP/4R2K b - - 5 18,36,E2025-10_918,c5d6,-317,21,c5d6,0.0173,0.0209,0.0265,0.0357,g7f6,g7f6,g7f6,g7f6,1677.0,0.0357,0.0184,True,elite,03_elite_bands2,2629,2608,2608,True,False,6,0.686,0.2255
r4rk1/pp5p/4N1pQ/3p4/4b3/8/PPP2q1P/1K1R3R b - - 1 20,40,E2025-10_919,f8f7,439,180,f2c2,0.0322,0.0277,0.027,0.0401,f2c2,f2c2,f2c2,f2c2,237.0,0.0401,0.0079,True,elite,03_elite_bands2,2619,2622,2622,False,True,0,0.6191,0.2538
r5k1/pp3r1p/4N1pQ/3p4/4b3/8/PPq4P/K2R1R2 b - - 3 22,44,E2025-10_919,c2e2,228,53,a8c8,0.0099,0.0082,0.0073,0.0071,f7f1,f7f1,f7f1,f7f1,2227.0,0.0099,-0.0028,True,elite,03_elite_bands2,2619,2622,2622,False,True,0,0.6339,0.2414
r1b4r/1pb1kp2/2nppnpp/8/P3PP1Q/2P5/1P2B1PP/R4RK1 b - - 0 18,36,E2025-10_921,h8g8,-108,59,c8d7,0.0083,0.0065,0.0049,0.0039,e6e5,e6e5,c8d7,c7d8,338.0,0.0083,-0.0044,True,elite,03_elite_bands2,2611,2630,2630,False,True,6,0.5613,0.0677
3r1k1r/3b1p2/1p2pP1p/PPb3p1/8/2P2B2/1Q4PP/R6K b - - 0 30,60,E2025-10_921,h8g8,-513,32,b6a5,0.0145,0.0157,0.017,0.0172,b6a5,b6a5,b6a5,b6a5,128.0,0.0172,0.0027,True,elite,03_elite_bands2,2611,2630,2630,False,True,1,0.8431,0.2547
3r2k1/1R3ppp/4pn2/p1Q5/8/4PN1P/5PP1/2B2RK1 b - - 0 22,44,E2025-10_924,f6d5,-1003,29,f6e8,0.0384,0.0413,0.0434,0.0392,f6e4,f6e4,f6e4,a5a4,243.0,0.0434,0.0008,True,elite,03_elite_bands2,2971,2969,2969,False,True,1,0.7613,0.338
2b2k2/p3n1p1/7r/3B2Np/4p2P/q5P1/3Q1PK1/7R b - - 0 34,68,E2025-10_925,e4e3,-20,137,a3d6,0.0276,0.0236,0.021,0.0182,h6d6,h6d6,h6d6,h6d6,450.0,0.0276,-0.0094,True,elite,03_elite_bands2,2780,2674,2674,False,True,6,0.552,0.0023
r4r2/2q3kp/2pNn1p1/p1P5/P2PPp2/2P4P/6P1/R2Q1RK1 b - - 1 30,60,E2025-10_927,h7h5,-339,14,c7e7,0.0432,0.0369,0.0274,0.023,e6g5,e6g5,e6g5,e6g5,126.0,0.0432,-0.0202,True,elite,03_elite_bands2,2666,2646,2646,False,True,6,0.6807,0.0145
r1bq1rk1/ppp1b2p/2n1nppB/3pP3/1P6/2PB1N1P/P1Q2PP1/RN2R1K1 b - - 1 14,28,E2025-10_928,c6e5,-63,60,f8f7,0.0036,0.0015,0.0007,0.0003,f8f7,f8f7,f8f7,f8f7,110.0,0.0036,-0.0033,True,elite,03_elite_bands2,2672,2631,2631,False,True,2,0.6287,0.0448
r5k1/1p1n1ppp/2p1rq2/p2pP3/4n3/2BNP2P/PPQ2PP1/2R2RK1 b - - 0 18,36,E2025-10_932,f6e7,4,15,f6g5,0.0169,0.0143,0.015,0.0229,d7e5,d7e5,d7e5,d7e5,370.0,0.0229,0.006,True,elite,03_elite_bands2,2730,2786,2786,False,True,2,0.6149,0.1591
r1bq1r1k/ppp3bp/3p1Pp1/3Nn3/2n1P3/4B3/P3N1BP/1Q1R1RK1 b - - 0 18,36,E2025-10_936,f8f6,364,114,g7f6,0.0327,0.0384,0.0387,0.0368,g7f6,g7f6,g7f6,g7f6,106.0,0.0387,0.0041,True,elite,03_elite_bands2,2671,2620,2620,False,True,0,0.5734,0.0171
r1bq4/2p2pk1/2Pp1b2/rN1Pp1p1/4P2p/4R2P/3Q1PPN/1R4K1 b - - 1 28,56,E2025-10_938,g5g4,-41,96,g5g4,0.0223,0.0187,0.0155,0.0132,a5a1,c8a6,c8a6,c8a6,480.0,0.0223,-0.0091,True,elite,03_elite_bands2,2648,2611,2611,True,False,2,0.5211,0.0443
1k1r4/1pp4r/1b3q2/p1B1pP1p/P2nP1p1/8/1Q3PPP/1RR2BK1 b - - 9 26,52,E2025-10_940,h7h6,0,0,b8a7,0.0086,0.0064,0.0053,0.0061,b6c5,b6c5,h5h4,h5h4,161.0,0.0086,-0.0025,True,elite,03_elite_bands2,3006,3019,3019,False,True,2,0.5545,0.0254
1k1r4/1pp4r/1b3q2/p1B1pP1p/P2nP1p1/8/1Q3PPP/1RR2BK1 b - - 13 28,56,E2025-10_940,h7h6,0,0,b8a7,0.0086,0.0064,0.0053,0.0061,b6c5,b6c5,h5h4,h5h4,188.0,0.0086,-0.0025,True,elite,03_elite_bands2,3006,3019,3019,False,True,2,0.5533,0.0292
2rq1rk1/1p4b1/3p3B/p2Ppb2/R7/1PN2P1P/1P1Q4/4K2R b K - 0 26,52,E2025-10_942,f8f7,-85,0,f8f7,0.0381,0.0436,0.0297,0.0198,d8h4,d8h4,d8h4,d8h4,730.0,0.0436,-0.0183,True,elite,03_elite_bands2,2963,2977,2977,True,False,5,0.6199,0.0617
2r3k1/2q2rb1/3p4/3Pp1B1/Pp2P2R/7P/1P1Q4/4K1R1 b - - 0 32,64,E2025-10_942,c7a7,-55,85,c7a7,0.023,0.0204,0.0178,0.0173,c7c1,c7c1,c7c1,c7c1,739.0,0.023,-0.0057,True,elite,03_elite_bands2,2963,2977,2977,True,False,5,0.4768,0.0618
8/1p2kp2/8/3R4/3Pn3/p1r4P/P7/3K1R2 b - - 1 34,68,E2025-10_946,f7f6,-221,40,f7f6,0.0077,0.0054,0.0039,0.003,c3h3,c3h3,c3h3,c3h3,211.0,0.0077,-0.0047,True,elite,03_elite_bands2,2732,2783,2783,True,False,5,0.5368,0.1954
2rq1k1r/1p2bp2/pn1p1np1/4p1Bp/2P2P2/1N1B4/PP1Q2PP/1K1RR3 b - - 0 18,36,E2025-10_950,f6d7,-73,35,f6d7,0.0392,0.0449,0.0413,0.0486,b6c4,b6c4,b6c4,b6c4,338.0,0.0486,0.0094,True,elite,03_elite_bands2,3009,2756,2756,True,False,2,0.6596,0.1279
r2qk2r/1pp2ppp/p1n2n2/2p1p2b/P1B1P3/3P1N1P/1PPN1PP1/R2Q1RK1 b kq - 2 10,20,E2025-10_953,g7g5,-40,7,h7h6,0.0144,0.012,0.012,0.0138,c6d4,c6d4,c6d4,c6d4,117.0,0.0144,-0.0006,True,elite,03_elite_bands2,2691,2717,2717,False,True,3,0.6891,0.11
6r1/r4p1k/5p1p/p1pBnP1P/P1Pp4/1P6/4KP2/R6R b - - 1 28,56,E2025-10_955,g8g4,106,50,g8g4,0.0274,0.0209,0.0171,0.0148,g8g5,g8g5,g8g5,g8g5,453.0,0.0274,-0.0126,True,elite,03_elite_bands2,2711,2697,2697,True,False,0,0.5054,0.0687
4b2r/4b1kN/1nq1n1P1/3pPP2/1ppP1P2/1P2B2Q/r1P5/2R1R1K1 b - - 0 32,64,E2025-10_956,e8g6,87,300,e8g6,0.0142,0.0137,0.0115,0.007,e6f8,e6f8,e6f8,e6f8,417.0,0.0142,-0.0072,True,elite,03_elite_bands2,2983,2990,2990,True,False,6,0.5277,0.2278
1r4k1/2r3pp/p3p3/3bNpPq/B4P2/P5Q1/2P4R/4K1R1 b - - 7 30,60,E2025-10_957,h5g4,-522,1,b8b1,0.0025,0.0013,0.0008,0.0007,b8b1,b8b1,b8b1,b8b1,139.0,0.0025,-0.0018,True,elite,03_elite_bands2,2771,2758,2758,False,True,1,0.5808,0.055
r4rk1/pp3qp1/1bn1p3/3pNn1p/3N1B1P/2PQ2P1/PP3PK1/R4R2 b - - 0 18,36,E2025-10_960,f5h4,160,148,f5h4,0.0449,0.0308,0.025,0.0235,c6e5,c6e5,c6e5,c6e5,134.0,0.0449,-0.0214,True,elite,03_elite_bands2,2825,2738,2738,True,False,2,0.5493,0.0863
r2q1rk1/1b3ppp/p1nb1n2/2pp4/Pp3N2/1BPP1N2/1P1B1PPP/R2QR1K1 b - - 2 14,28,E2025-10_961,a8c8,44,8,b4c3,0.0042,0.0037,0.0052,0.0092,b4c3,d8c7,d8c7,d8c7,143.0,0.0092,0.005,True,elite,03_elite_bands2,2650,3033,3033,False,True,2,0.6789,0.0461
R4nk1/1p2p1b1/2p5/1P2Pp2/2P2r2/3nKN2/1B4P1/7R b - - 1 24,48,E2025-10_963,f4f3,-41,368,f4f3,0.013,0.0125,0.0114,0.0115,d3b2,d3b2,d3b2,d3b2,408.0,0.013,-0.0015,True,elite,03_elite_bands2,2753,2777,2777,True,False,6,0.4889,0.0086
r1b1kBnr/pp3ppp/n1p1p3/8/2P1q3/8/PP2NPPP/R2QKB1R b KQkq - 3 10,20,E2025-10_966,g8e7,-39,37,g8e7,0.001,0.001,0.0017,0.0028,e8f8,e8f8,e8f8,e8f8,1960.0,0.0028,0.0018,True,elite,03_elite_bands2,2978,2976,2976,True,False,3,0.5897,0.3432
8/pp1k1p1p/2p2Bn1/8/2b5/4QP2/PPq1NKPP/n2r1BR1 b - - 3 22,44,E2025-10_966,c4a2,-21,38,c4a2,0.0325,0.0208,0.0152,0.0149,c4e2,c4e2,c4e2,c4e2,282.0,0.0325,-0.0176,True,elite,03_elite_bands2,2978,2976,2976,True,False,5,0.4138,0.0045
8/pp1k1p1p/2pr2n1/8/7P/2B1QP2/bPq1NKP1/n4BR1 b - - 2 24,48,E2025-10_966,b7b6,-11,86,b7b6,0.0146,0.0218,0.0299,0.0349,g6h4,g6h4,a2c4,a2c4,122.0,0.0349,0.0203,True,elite,03_elite_bands2,2978,2976,2976,True,False,6,0.4809,0.0199
r2q1rk1/bp4pp/2p2p2/p2b1N2/3N1n2/2P4P/PPB2PP1/R2QR1K1 b - - 0 20,40,E2025-10_972,g7g6,-55,6,g8h8,0.0425,0.0277,0.0247,0.0398,f4g2,f4g2,f4g2,f4g2,115.0,0.0425,-0.0027,True,elite,03_elite_bands2,3022,3019,3019,False,True,2,0.6601,0.0104
rn2k2r/pp1bbpp1/1q2p2p/n2pP2P/1P1P4/P1NBBN2/5PP1/R2Q1RK1 b kq - 0 14,28,E2025-10_977,b6c7,-237,22,a5c4,0.0127,0.0073,0.0037,0.0017,a5c4,a5c4,a5c4,a5c4,124.0,0.0127,-0.011,True,elite,03_elite_bands2,2835,2708,2708,False,True,3,0.6168,0.0305
5rk1/n2qb1p1/1p2pP1p/pP1p3P/P2P4/4P3/4Q1PN/1BR3K1 b - - 0 26,52,E2025-10_977,e7d6,-268,31,e7f6,0.0006,0.0004,0.0003,0.0004,e7f6,e7f6,e7f6,e7f6,132.0,0.0006,-0.0002,True,elite,03_elite_bands2,2835,2708,2708,False,True,6,0.6476,0.0452
r4k2/pb1n4/1p1qpp2/3n2Nr/2p1B3/2B5/PP2Q2P/5RRK b - - 1 30,60,E2025-10_978,h5h8,64,51,h5h8,0.0265,0.0293,0.0312,0.0282,d5c3,d5c3,d5c3,d5c3,864.0,0.0312,0.0017,True,elite,03_elite_bands2,3025,3005,3005,True,False,6,0.5689,0.1263
rn1qk1nr/pb4pp/2pb1p2/1p1pp3/2P5/1PNP1NP1/P3PPBP/R1BQ1RK1 b kq - 2 8,16,E2025-10_982,d8d7,-78,16,b5b4,0.0047,0.0042,0.0039,0.0033,b5c4,b5c4,b5c4,b5c4,139.0,0.0047,-0.0014,True,elite,03_elite_bands2,2605,2615,2615,False,True,3,0.7155,0.0776
r1b1k2r/pp1p1ppp/1q1Bp1n1/3n4/4N3/6P1/PP2PPBP/R2Q1RK1 b kq - 7 14,28,E2025-10_984,b6d8,-355,2,f7f5,0.0073,0.0109,0.0115,0.01,b6b2,g6e7,g6e7,g6e7,187.0,0.0115,0.0027,True,elite,03_elite_bands2,2733,2807,2807,False,True,6,0.6322,0.0561
5rk1/8/2p1p3/1bPpP3/3Bq1p1/1P6/R3PP2/2Q3K1 b - - 1 34,68,E2025-10_987,f8f4,0,0,e4g6,0.0044,0.0026,0.0017,0.0017,e4d4,e4d4,e4d4,e4d4,602.0,0.0044,-0.0027,True,elite,03_elite_bands2,2991,3011,3011,False,True,0,0.4569,0.0399
8/1rB2kpp/2nP1p2/1pR1p3/2p5/2P5/1P2KPPP/8 b - - 7 28,56,E2025-10_990,b5b4,-427,6,c6b8,0.0269,0.0186,0.0135,0.0108,c6a7,c6a7,c6a7,c6a7,346.0,0.0269,-0.0161,True,elite,03_elite_bands2,2649,2701,2701,False,True,5,0.5713,0.0875
r1b2rk1/pp1n1ppp/2p2q2/3p4/1bPPp3/1QN1P1P1/PP2NPBP/R3K2R b KQ - 4 10,20,E2025-10_993,f6d6,-28,65,f6d6,0.0181,0.0151,0.015,0.0152,a7a5,a7a5,a7a5,b4c3,123.0,0.0181,-0.0029,True,elite,03_elite_bands2,2838,2840,2840,True,False,3,0.6592,0.1438
2r2rk1/p4pp1/1p6/3N4/3Pp1n1/1QR1P1q1/PPR3B1/6K1 b - - 1 24,48,E2025-10_993,g4h2,0,0,c8e8,0.0033,0.0021,0.002,0.0025,g3h2,g3h2,g3e1,g3e1,355.0,0.0033,-0.0008,True,elite,03_elite_bands2,2838,2840,2840,False,True,7,0.6911,0.2202
3q1rk1/p1r1b1pp/1n2bp2/2p5/3p4/1PN1P1P1/PB3PBP/R1QR2K1 b - - 2 16,32,E2025-10_995,d8d7,-17,3,c7d7,0.0146,0.0128,0.0111,0.0091,c7d7,c7d7,c7d7,c7d7,121.0,0.0146,-0.0055,True,elite,03_elite_bands2,2735,2805,2805,False,True,2,0.6745,0.0951
r2q1rk1/2p2ppp/3p4/1P2p3/p1PnP1B1/Pn2B3/1R3PPP/3Q1RK1 b - - 5 22,44,E2025-10_998,d8b8,-12,8,d8f6,0.0143,0.0154,0.0172,0.0168,d4e6,c7c5,c7c5,f7f5,117.0,0.0172,0.0025,True,elite,03_elite_bands2,3022,2913,2913,False,True,2,0.5531,0.1203
r5k1/1b1q1pp1/3b3p/p1pp4/P3r3/1PBQPNP1/5P1P/3RR1K1 b - - 3 24,48,E2025-10_1000,e4e6,218,25,d7g4,0.0095,0.0121,0.0122,0.0102,c5c4,c5c4,c5c4,d7f5,165.0,0.0122,0.0007,True,elite,03_elite_bands2,2717,2649,2649,False,True,0,0.6317,0.0896
2r4k/pp1b2p1/7p/4R3/3N1R1P/8/PP4PK/3r4 b - - 5 26,52,E2025-10_1002,c8e8,5,18,c8e8,0.0267,0.0244,0.0203,0.0167,c8c4,d1d2,d1d2,c8c1,264.0,0.0267,-0.01,True,elite,03_elite_bands2,3057,3059,3059,True,False,5,0.5643,0.0881
rqb1kb1r/pp1ppppp/2n5/1N2P3/3p1Bn1/5N2/PPP1QPPP/R3KB1R b KQkq - 3 8,16,E2025-10_1004,f7f6,-75,53,f7f6,0.0348,0.0196,0.0135,0.0162,a7a6,a7a6,a7a6,a7a6,103.0,0.0348,-0.0186,True,elite,03_elite_bands2,2772,2699,2699,True,False,3,0.7367,0.2023
8/1p3qk1/p1r1n1p1/3Q1p2/7p/7P/PPP3P1/1K1RR3 b - - 1 34,68,E2025-10_1004,f7f6,-363,3,e6c5,0.0316,0.0301,0.0246,0.021,e6f4,e6f4,e6f4,e6f4,269.0,0.0316,-0.0106,True,elite,03_elite_bands2,2772,2699,2699,False,True,1,0.6697,0.1353
5r2/5pk1/1Q1R2pp/4p3/6q1/2r3P1/P4P2/4R1K1 b - - 0 34,68,E2025-10_1006,f8a8,246,81,f8c8,0.0035,0.0025,0.002,0.0019,c3g3,c3g3,c3g3,c3g3,246.0,0.0035,-0.0016,True,elite,03_elite_bands2,2705,2870,2870,False,True,0,0.5688,0.2413
8/Bp3k1p/4pp2/7P/P1p1P2b/2N2b2/1PP2Pr1/1K3R2 b - - 0 30,60,E2025-10_1008,h4g5,64,28,f3h5,0.0295,0.0347,0.0389,0.0367,f3h5,f3h5,f3h5,f3h5,323.0,0.0389,0.0072,True,elite,03_elite_bands2,2636,2615,2615,False,True,0,0.4823,0.0328
r1bqk2r/ppp2ppp/2nb2n1/1B1pN3/3Pp3/1P2P2P/PBP2PP1/RN1QK2R b KQkq - 3 8,16,E2025-10_1013,d8g5,168,120,c8d7,0.0145,0.014,0.018,0.029,g6e5,c8d7,c8d7,d6e5,150.0,0.029,0.0145,True,elite,03_elite_bands2,2794,2661,2661,False,True,3,0.7425,0.2364
r4rk1/1pp1nppp/p5n1/3p4/B1PPP3/1PB2P1P/P7/R4RK1 b - - 0 18,36,E2025-10_1013,f8b8,33,5,c7c6,0.0,0.0,0.0,0.0,d5e4,d5e4,d5e4,g6f4,114.0,0.0,0.0,True,elite,03_elite_bands2,2794,2661,2661,False,True,2,0.5191,0.0657
3r2k1/1p3ppp/6q1/pPrpPp2/R2QbP2/2P5/1P2BRPP/7K b - - 7 24,48,E2025-10_1017,g6b6,-7,35,b7b6,0.0237,0.0259,0.0298,0.0445,b7b6,b7b6,b7b6,b7b6,132.0,0.0445,0.0208,True,elite,03_elite_bands2,2686,2614,2614,False,True,5,0.5063,0.0267
3rr3/5pbk/p1np2pp/1pp2p2/2P1P1qP/PP1PBNP1/4QPK1/3RR3 b - - 1 22,44,E2025-10_1021,d8b8,0,0,e8e6,0.0017,0.001,0.0007,0.001,f5e4,f5e4,f5e4,f5e4,425.0,0.0017,-0.0007,True,elite,03_elite_bands2,2927,2745,2745,False,True,2,0.6134,0.1097
2r3k1/2q2pp1/4p1p1/3p2N1/1P1P1P2/3NQ2P/rP6/4R1K1 b - - 0 30,60,E2025-10_1022,c7b6,-174,8,c7b6,0.0103,0.0122,0.0148,0.0166,c7c2,c7c2,c7c2,c7c2,251.0,0.0166,0.0063,True,elite,03_elite_bands2,2645,2630,2630,True,False,7,0.5406,0.1458
6k1/5pp1/4p1p1/3pN1N1/1r1q1P1Q/7P/rP6/4R2K b - - 1 34,68,E2025-10_1022,d4b2,-71,156,b4b2,0.0368,0.0259,0.0207,0.0199,d4f4,d4f4,d4f4,d4f4,1110.0,0.0368,-0.0169,True,elite,03_elite_bands2,2645,2630,2630,False,True,7,0.4913,0.0626
4r1k1/2p3pp/p1P5/P4q2/1pPP4/5P2/1P1K4/R1BQ4 b - - 2 30,60,E2025-10_1024,h7h5,-214,3,h7h5,0.0125,0.0092,0.0093,0.0135,f5f4,f5f4,f5f4,f5f4,258.0,0.0135,0.001,True,elite,03_elite_bands2,3088,2797,2797,True,False,7,0.6303,0.2341
rnb1k2r/2p2ppp/p3pn2/1p1q4/P1pP4/5NP1/1P1BPPBP/R2QK1R1 b Qkq - 1 10,20,E2025-10_1029,d5b7,-26,44,d5b7,0.0033,0.0038,0.0033,0.0043,f6e4,c8b7,c8b7,c8b7,274.0,0.0043,0.001,True,elite,03_elite_bands2,2990,2963,2963,True,False,3,0.6283,0.1013
r2q1rk1/1p2bppp/p4n2/P2Pp3/R5b1/4BN2/1PP1BPPP/3Q1RK1 b - - 0 14,28,E2025-10_1031,e5e4,-44,109,e5e4,0.0321,0.0399,0.0495,0.044,f6d5,f6d5,f6d5,f6d5,422.0,0.0495,0.0119,True,elite,03_elite_bands2,2966,2711,2711,True,False,3,0.6557,0.0699
r4rk1/p2Rpp1n/1p4p1/4b3/4N3/8/PP3PP1/R1B3K1 b - - 1 20,40,E2025-10_1033,a8d8,278,7,f8d8,0.042,0.0155,0.0056,0.0027,e7e6,e7e6,e7e6,e7e6,197.0,0.042,-0.0393,True,elite,03_elite_bands2,2642,2681,2681,False,True,0,0.6071,0.1971
r1br2k1/pp3ppp/1qp1pn2/8/2PP4/3BQN2/PP3PPP/R4RK1 b - - 8 14,28,E2025-10_1034,b6c7,-63,9,b6c7,0.0192,0.0312,0.0461,0.0465,b6b2,b6b2,b6b2,b6b2,414.0,0.0465,0.0273,True,elite,03_elite_bands2,2604,2639,2639,True,False,3,0.5794,0.0409
r5k1/p3qpp1/4pn1p/2r1N3/PQ6/4P3/1P3PPP/2R2RK1 b - - 0 26,52,E2025-10_1035,c5c7,-156,8,a8c8,0.0122,0.0123,0.0132,0.0165,c5c1,c5c1,c5c1,c5c1,454.0,0.0165,0.0043,True,elite,03_elite_bands2,2615,2738,2738,False,True,5,0.6344,0.1207
2q3k1/4np2/p3p3/1pr5/6QP/1B4P1/P4P2/3R2K1 b - - 10 30,60,E2025-10_1037,g8h7,-79,79,g8f8,0.0191,0.0227,0.0252,0.0287,g8f8,g8f8,e7g6,e7g6,460.0,0.0287,0.0096,True,elite,03_elite_bands2,2608,2708,2708,False,True,5,0.5875,0.1751
2q2k2/5p2/p3p3/1pr2nQP/8/1B4P1/P4P2/3R2K1 b - - 2 32,64,E2025-10_1037,f5d6,-351,121,f5e7,0.0228,0.0287,0.0332,0.0352,f5e7,f5e7,f5d4,f5d4,162.0,0.0352,0.0124,True,elite,03_elite_bands2,2608,2708,2708,False,True,5,0.6242,0.0091
2q3k1/4np2/p3p3/1pr4P/5Q2/1B4P1/P4P2/3R2K1 b - - 6 34,68,E2025-10_1037,c8c7,-47,19,c5f5,0.0052,0.0045,0.0052,0.0081,c5h5,c5h5,c5h5,c5h5,497.0,0.0081,0.0029,True,elite,03_elite_bands2,2608,2708,2708,False,True,5,0.6113,0.1337
r3kb1r/pp2pppp/2n2n2/qB6/3P4/2N2Q1P/PP3PP1/R1B1K2R b KQkq - 2 10,20,E2025-10_1039,a8d8,-211,94,a8c8,0.0148,0.0071,0.0034,0.0013,a8c8,a8c8,a8c8,a8c8,304.0,0.0148,-0.0135,True,elite,03_elite_bands2,2727,2690,2690,False,True,3,0.6898,0.2552
3r2k1/4pp1p/b5p1/2B5/r7/5BP1/3bPP1P/1R1R2K1 b - - 3 22,44,E2025-10_1040,d8c8,-56,9,e7e5,0.0225,0.0211,0.0213,0.0225,a4c4,d2g5,d2g5,d2g5,506.0,0.0225,0.0,True,elite,03_elite_bands2,2928,2730,2730,False,True,5,0.5741,0.148
6k1/5p1p/b4Bp1/4p3/r2r4/5BP1/3bPP1P/1R1R2K1 b - - 3 24,48,E2025-10_1040,d2h6,-157,234,a4b4,0.0178,0.0167,0.0131,0.0097,d2c3,e5e4,e5e4,e5e4,1840.0,0.0178,-0.0081,True,elite,03_elite_bands2,2928,2730,2730,False,True,5,0.6292,0.0476
r1bq1r1k/ppp3pp/1n6/N1b1p3/2P1Pp2/1Q1P1N2/P2B1PPP/R4RK1 b - - 1 16,32,E2025-10_1042,d8e8,68,25,d8e8,0.0197,0.0204,0.024,0.0352,c8g4,c8g4,c8g4,c8g4,148.0,0.0352,0.0155,True,elite,03_elite_bands2,2673,3031,3031,True,False,2,0.6681,0.1348
1r2r1k1/2p2ppp/3p4/8/2P5/PPq1P3/5PPP/RR1Q2K1 b - - 5 24,48,E2025-10_1044,b8b7,-272,73,h7h6,0.0255,0.0278,0.0299,0.0333,c3f6,c3f6,e8e6,e8e6,121.0,0.0333,0.0078,True,elite,03_elite_bands2,2629,2656,2656,False,True,5,0.6931,0.1399
r1b2rk1/3n1ppp/p1n1p3/qp1pP3/5P1P/1PN5/P1PQ1BP1/2KR1B1R b - - 0 14,28,E2025-10_1046,f7f6,-60,1,f7f6,0.0331,0.0334,0.0288,0.0249,b5b4,b5b4,b5b4,b5b4,117.0,0.0334,-0.0082,True,elite,03_elite_bands2,2740,2840,2840,True,False,3,0.626,0.0025
2rr2k1/1bq3pp/p1n1pn2/1p1p4/5P1P/PPN2B2/1KPQ1BP1/3RR3 b - - 2 20,40,E2025-10_1046,f6e4,-43,43,f6e4,0.0195,0.0151,0.0099,0.0057,d5d4,d5d4,d5d4,d5d4,111.0,0.0195,-0.0138,True,elite,03_elite_bands2,2740,2840,2840,True,False,2,0.6244,0.1163
4r2k/1bq3pp/3rp3/p2n4/Pp1R1P1P/1P4PB/N1P1RQ2/1K6 b - - 2 32,64,E2025-10_1046,d5f6,-120,37,h7h6,0.0204,0.0233,0.0241,0.0258,d5c3,d5c3,d5c3,d5c3,171.0,0.0258,0.0054,True,elite,03_elite_bands2,2740,2840,2840,False,True,5,0.5964,0.0086
4r2k/1b1q2p1/3rp2p/p2n4/Pp1R1P1P/1P4PB/NKP1R3/4Q3 b - - 3 34,68,E2025-10_1046,b7c6,-168,24,d7c7,0.0389,0.0384,0.0388,0.0443,d5c3,d5c3,d5c3,d5c3,221.0,0.0443,0.0054,True,elite,03_elite_bands2,2740,2840,2840,False,True,5,0.5736,0.0172
r1b2rk1/2p1b1pp/2pp1n2/P3pp1q/8/2NN1PP1/1PP1PB1P/R2Q1RK1 b - - 4 16,32,E2025-10_1051,h7h6,150,3,f5f4,0.0023,0.0016,0.0015,0.0024,c8a6,f5f4,f5f4,c8a6,163.0,0.0024,0.0001,True,elite,03_elite_bands2,2714,2678,2678,False,True,2,0.6326,0.1066
r3r1k1/1b2qpbp/pp4p1/2ppn3/8/1P2P1QP/PB3PP1/1BRR1NK1 b - - 1 20,40,E2025-10_1053,e5f3,347,25,a8d8,0.0126,0.0127,0.0121,0.0107,a8d8,a8d8,a8d8,a8d8,111.0,0.0127,-0.0019,True,elite,03_elite_bands2,2637,2798,2798,False,True,0,0.6189,0.0278
3rr3/1b3pk1/1p3qp1/p1p3Np/Pn1pP2P/1P4Q1/5PP1/1BRR2K1 b - - 0 28,56,E2025-10_1053,f6d6,251,4,d4d3,0.0194,0.023,0.0244,0.0216,d4d3,d4d3,d4d3,e8e5,138.0,0.0244,0.0022,True,elite,03_elite_bands2,2637,2798,2798,False,True,0,0.6967,0.12
2r1kb1r/8/3p4/1P1Ppp2/8/5B2/PP3n1P/NKR4R b k - 2 26,52,E2025-10_1059,e8d7,-20,2,c8b8,0.0126,0.0164,0.0244,0.0369,c8c1,c8c1,c8c1,c8c1,243.0,0.0369,0.0243,True,elite,03_elite_bands2,2738,2684,2684,False,True,5,0.5318,0.0782
2r4k/p2r1pp1/1p2b2p/3pR3/2qP1P2/2N1Q2P/PP2R1P1/6K1 b - - 0 26,52,E2025-10_1065,d7d6,-203,140,d7d8,0.0299,0.0202,0.0142,0.0122,b6b5,b6b5,b6b5,b6b5,234.0,0.0299,-0.0177,True,elite,03_elite_bands2,2730,2631,2631,False,True,5,0.6454,0.0657
2rr3k/p2b1pp1/1p3P1p/3pR3/2qP4/2N1Q2P/PP2R1P1/6K1 b - - 0 28,56,E2025-10_1065,c4c6,-327,71,d8e8,0.0387,0.0408,0.0419,0.0403,g7f6,g7f6,d7e6,d7e6,255.0,0.0419,0.0016,True,elite,03_elite_bands2,2730,2631,2631,False,True,6,0.7422,0.0987
r3kb1r/3pqppp/2n5/2p5/P7/4N3/1P2NP1P/R1BQK2B b Qkq - 2 16,32,T2025-09_2,e7d6,-327,5,g7g6,0.0207,0.0268,0.0309,0.0326,c6d4,c6d4,g7g6,g7g6,123.0,0.0326,0.0119,True,elite,03_elite_top,2428,2603,2603,False,True,7,0.4982,0.0539
2rr3k/p2q2p1/1pnb1pbp/1Qp1p3/2P3P1/3PBBNP/P1P2P2/1R3RK1 b - - 3 28,56,T2025-09_5,e5e4,154,107,g6e8,0.0206,0.0142,0.0094,0.0056,g6e8,g6e8,c6d4,d6b8,123.0,0.0206,-0.015,True,elite,03_elite_top,2457,2633,2633,False,True,2,0.6727,0.1754
3r2k1/ppq2pp1/2b1p2p/4P1n1/2BP1PQN/3R4/P5PP/6K1 b - - 0 24,48,T2025-09_6,c6f3,373,244,g5e4,0.001,0.0009,0.0008,0.0006,g5e4,g5e4,g5h7,g5h7,403.0,0.001,-0.0004,True,elite,03_elite_top,2453,2625,2625,False,True,0,0.6573,0.176
r3kb1r/pppnpppp/4bn2/1N2N3/3P1P2/4B3/PqP3PP/R2QKB1R b KQkq - 1 10,20,T2025-09_10,a8c8,-127,111,f6d5,0.0262,0.0268,0.0262,0.0256,b2b4,b2b4,b2b4,b2b4,386.0,0.0268,-0.0006,True,elite,03_elite_top,2528,2655,2655,False,True,3,0.5221,0.0063
r3kb1r/1ppnpppp/p3b3/1N1nN3/q1BP1P2/8/2PB2PP/R2QK2R b Kkq - 3 14,28,T2025-09_10,d7e5,-323,40,d7e5,0.0457,0.0351,0.0314,0.028,a4a1,a4a1,a4a1,a4a1,169.0,0.0457,-0.0177,True,elite,03_elite_top,2528,2655,2655,True,False,6,0.633,0.2082
r2q1k1r/pp1npb2/2p5/4NPQp/3Pp3/8/PPP2P2/2KR1B1R b - - 4 20,40,T2025-09_13,e7e6,-483,11,d7f6,0.031,0.0297,0.0269,0.0233,d7e5,d7e5,d7e5,d7e5,139.0,0.031,-0.0077,True,elite,03_elite_top,2517,2658,2658,False,True,6,0.8007,0.1974
r4r2/p1R3bk/1p1p3p/1N1Pp2n/P3Ppn1/6P1/1P3BKP/5RN1 b - - 1 30,60,T2025-09_15,g4h2,-16,96,f8f6,0.0025,0.0024,0.0023,0.0026,f4g3,f4g3,f4g3,f4g3,129.0,0.0026,0.0001,True,elite,03_elite_top,2599,2653,2653,False,True,5,0.5154,0.0204
2r2rk1/pb1qppb1/1pn3p1/6N1/2BPP3/6Q1/PB3PP1/R3K2R b KQ - 5 16,32,T2025-09_17,c6e5,-547,13,e7e6,0.0043,0.0061,0.0078,0.0073,c6d4,c6d4,c6d4,c6d4,106.0,0.0078,0.003,True,elite,03_elite_top,2531,2661,2661,False,True,6,0.666,0.2577
7r/2p1k3/pp6/3Rp1r1/4P2p/5P2/PPP5/2K4R b - - 0 28,56,T2025-09_22,e7f6,292,168,h4h3,0.0115,0.01,0.0081,0.0075,h4h3,h4h3,h4h3,h4h3,170.0,0.0115,-0.004,True,elite,03_elite_top,2470,2662,2662,False,True,0,0.5697,0.1462
2r4r/1p2kp2/p1q1p3/3pPp2/1Pn2P1p/1NP4P/5QP1/2R2R1K b - - 7 30,60,T2025-09_24,c6b6,109,1,c6b6,0.0343,0.0358,0.0372,0.0366,b7b6,b7b6,b7b6,b7b6,112.0,0.0372,0.0023,True,elite,03_elite_top,2539,2670,2670,True,False,2,0.5119,0.0518
rnk1qb1r/1ppb1p2/p3pn1p/2P1NP2/4P1p1/1BN1B3/PP4PP/R2Q1RK1 b - - 0 14,28,T2025-09_26,f8e7,-331,1,e6f5,0.0117,0.0141,0.0156,0.0152,b8c6,b8c6,b8c6,b8c6,136.0,0.0156,0.0035,True,elite,03_elite_top,2599,2612,2612,False,True,6,0.7721,0.1505
rnk1qbr1/1ppb1N2/p4n1p/2P1Pp2/6p1/1BN1B3/PP4PP/R2Q1RK1 b - - 0 16,32,T2025-09_26,b8c6,-388,12,b8c6,0.034,0.0286,0.0302,0.0371,f6e4,f6e4,f6e4,f6e4,132.0,0.0371,0.0031,True,elite,03_elite_top,2599,2612,2612,True,False,6,0.781,0.18
r1b3k1/2q2ppp/p2bpn2/3p4/2P5/3B1Q2/P1PB1PPP/R4RK1 b - - 2 18,36,T2025-09_28,e6e5,-18,64,c8b7,0.0103,0.006,0.0036,0.0031,d5c4,d5c4,d5c4,d5c4,349.0,0.0103,-0.0072,True,elite,03_elite_top,2545,2602,2602,False,True,2,0.529,0.0471
r4bk1/5pBp/p3p3/3b4/2q1p1Q1/1R6/P1P2PP1/1R5K b - - 0 26,52,T2025-09_28,f7f5,-36,333,f8g7,0.0037,0.0032,0.0043,0.007,f8g7,f8g7,f8g7,f8g7,397.0,0.007,0.0033,True,elite,03_elite_top,2545,2602,2602,False,True,6,0.4272,0.005
r2q1rk1/1ppn1pb1/2n1b1pp/p3p3/P2PP3/3P1NN1/1PB1QPPP/R1B2RK1 b - - 0 14,28,T2025-09_29,e6g4,109,75,e5d4,0.0052,0.0066,0.0101,0.0148,e5d4,c6d4,c6d4,c6d4,204.0,0.0148,0.0096,True,elite,03_elite_top,2505,2605,2605,False,True,2,0.6752,0.0422
r4q1k/p3p2p/1p2n1p1/3N1b2/8/PBP1B1Q1/1b4PP/5RK1 b - - 0 26,52,T2025-09_30,e6g7,-173,112,h7h5,0.0096,0.0127,0.0204,0.0343,b2a3,b2a3,b2a3,b2a3,161.0,0.0343,0.0247,True,elite,03_elite_top,2595,2606,2606,False,True,6,0.6153,0.1215
2k3r1/pbpp4/1p2p3/5p1p/8/2PB4/P1PKNP1P/R7 b - - 1 20,40,T2025-09_31,c8d8,-204,14,g8g2,0.0021,0.0027,0.0031,0.0045,g8g2,g8g2,g8g2,g8g2,158.0,0.0045,0.0024,True,elite,03_elite_top,2526,2663,2663,False,True,7,0.6531,0.2366
b3kb1r/3p1ppp/1p2pn2/4P3/7q/3B4/1PP2PPP/1NBQ1RK1 b k - 0 12,24,T2025-09_37,h4g4,44,90,h4g4,0.0292,0.0213,0.0165,0.018,f6g4,f6g4,f6g4,f6g4,192.0,0.0292,-0.0112,True,elite,03_elite_top,2480,2664,2664,True,False,0,0.4546,0.0024
b3kbr1/3p1p1p/1p2pB2/8/8/3B1n2/1PP3PP/1N3R1K b - - 1 18,36,T2025-09_37,f3e1,583,172,f3g5,0.0151,0.0158,0.0175,0.0247,f3d2,f3g5,f3g5,f3g5,398.0,0.0247,0.0096,True,elite,03_elite_top,2480,2664,2664,False,True,0,0.5674,0.1307
2r2rk1/b3qppp/2p5/QbPBp3/N2p4/1P4P1/PB2PP1P/3RR1K1 b - - 0 20,40,T2025-09_42,c8a8,-241,27,b5a4,0.0482,0.0312,0.0175,0.0141,c6d5,c6d5,c6d5,c6d5,144.0,0.0482,-0.0341,True,elite,03_elite_top,2428,2613,2613,False,True,7,0.6056,0.0998
R7/b2q2pk/5p2/2P5/1P2p2P/2B3R1/5P1P/6K1 b - - 3 34,68,T2025-09_42,e4e3,-6,32,d7b7,0.0177,0.0164,0.0193,0.0233,d7d1,d7d1,d7d1,d7d1,112.0,0.0233,0.0056,True,elite,03_elite_top,2428,2613,2613,False,True,0,0.4432,0.0875
1rr3k1/1q3pbp/6p1/p2Np3/2n4Q/1N5P/1PP2PP1/1K1RR3 b - - 3 26,52,T2025-09_46,g8f8,300,10,g8h8,0.012,0.0153,0.0179,0.022,a5a4,a5a4,a5a4,a5a4,286.0,0.022,0.01,True,elite,03_elite_top,2780,2928,2928,False,True,0,0.6633,0.1774
1rr4k/5p1p/2q2bp1/p3p3/4R1Q1/1N2N2P/1KP2PP1/3R4 b - - 4 30,60,T2025-09_46,h7h5,390,71,h7h5,0.0181,0.0106,0.008,0.0113,a5a4,a5a4,a5a4,a5a4,371.0,0.0181,-0.0068,True,elite,03_elite_top,2780,2928,2928,True,False,7,0.7164,0.178
6k1/pqnr1pp1/1p2p2p/8/PQ1P4/B5P1/1P3P1P/R5K1 b - - 1 32,64,T2025-09_47,e6e5,240,117,e6e5,0.0017,0.0006,0.0003,0.0002,c7d5,c7d5,c7d5,c7d5,108.0,0.0017,-0.0015,True,elite,03_elite_top,2373,2650,2650,True,False,0,0.5587,0.1814
6k1/pq1r1pp1/1p2n2p/4P3/PQ5P/B5P1/1P3P2/R5K1 b - - 0 34,68,T2025-09_47,d7d3,287,8,e6d4,0.0031,0.0028,0.003,0.0036,d7d4,d7d4,d7d4,d7d4,156.0,0.0036,0.0005,True,elite,03_elite_top,2373,2650,2650,False,True,0,0.5396,0.1469
2r5/3r2k1/p3p1pp/q2PPp2/2P1p3/4Q2P/P5P1/2RR2K1 b - - 0 34,68,T2025-09_50,g6g5,-48,3,a5c5,0.0135,0.007,0.0043,0.0048,e6d5,e6d5,e6d5,e6d5,347.0,0.0135,-0.0087,True,elite,03_elite_top,2598,2677,2677,False,True,5,0.6326,0.0888
r1bqnrk1/ppp2p1p/3p2pQ/4P3/8/2NB4/PPP2PPP/R1B3K1 b - - 1 14,28,T2025-09_51,c8e6,44,15,d8e7,0.0086,0.009,0.0095,0.0117,d6e5,d6e5,d6e5,d6e5,391.0,0.0117,0.0031,True,elite,03_elite_top,2569,2836,2836,False,True,3,0.5445,0.1028
r1b2rk1/ppp1qp1p/3n2pQ/8/8/2NB4/PPPB1PPP/R5K1 b - - 1 16,32,T2025-09_51,f7f6,65,43,f7f6,0.0091,0.0097,0.0128,0.0213,d6f5,d6f5,d6f5,d6f5,241.0,0.0213,0.0122,True,elite,03_elite_top,2569,2836,2836,True,False,2,0.4932,0.0233
rnbq1rk1/pp2ppbp/5np1/2p5/2PP4/1P3N2/PB1PBPPP/RN1Q1RK1 b - - 0 8,16,T2025-09_55,f6h5,39,17,f6h5,0.0041,0.006,0.0076,0.0169,c5d4,c5d4,c5d4,c5d4,143.0,0.0169,0.0128,True,elite,03_elite_top,2589,2685,2685,True,False,3,0.6624,0.3688
5k2/4ppbp/2Np1np1/1r1P4/1P2PP2/r1B3P1/q5QP/2R1R1K1 b - - 2 32,64,T2025-09_56,f6g4,-90,6,a2b3,0.0384,0.0248,0.0208,0.026,a2c4,a2c4,a2c4,a2c4,390.0,0.0384,-0.0124,True,elite,03_elite_top,2584,2600,2600,False,True,5,0.5594,0.0646
rnbq1rk1/p3ppbp/1p3np1/2Pp4/1P1P4/2N1BN1P/P4PP1/R2QKB1R b KQ - 0 10,20,T2025-09_57,f6e4,34,10,b6c5,0.0317,0.0272,0.0219,0.0185,b6c5,b6c5,b6c5,a7a5,101.0,0.0317,-0.0132,True,elite,03_elite_top,2545,2661,2661,False,True,3,0.7936,0.2876
6k1/6bp/b5p1/B4p2/Ppp5/6P1/1P1r1PBP/4R1K1 b - - 0 26,52,T2025-09_59,g7d4,211,100,g7d4,0.0249,0.0216,0.0245,0.0335,d2b2,d2b2,d2b2,d2b2,211.0,0.0335,0.0086,True,elite,03_elite_top,2471,2663,2663,True,False,0,0.55,0.1664
6k1/7p/R5p1/B4p2/Pp1b4/6P1/1p3PKP/3r1B2 b - - 1 30,60,T2025-09_59,d1f1,748,139,d1f1,0.0138,0.0227,0.0291,0.0326,b2b1q,b2b1q,b2b1q,b2b1q,103.0,0.0326,0.0188,True,elite,03_elite_top,2471,2663,2663,True,False,4,0.7691,0.2881
r4rk1/1p3p1p/5qp1/p2b4/1p6/8/P1QP1PPP/2R1RBK1 b - - 3 22,44,T2025-09_61,f8d8,366,24,d5e6,0.005,0.0065,0.0108,0.018,f6g5,d5c6,d5c6,a8c8,199.0,0.018,0.013,True,elite,03_elite_top,2594,2669,2669,False,True,4,0.7547,0.1534
1k1rr3/pp1b2b1/1q1p4/2pP1p1p/5N2/3B3P/PPQ2PP1/1K1R3R b - - 2 20,40,T2025-09_64,c5c4,453,236,c5c4,0.04,0.0377,0.0355,0.0313,e8e5,e8e5,e8e5,e8e5,339.0,0.04,-0.0087,True,elite,03_elite_top,2557,2606,2606,True,False,0,0.5961,0.0976
r1q5/p4k1p/3Pb1p1/8/8/4Q3/P1P2PPP/5RK1 b - - 2 24,48,T2025-09_65,f7g8,40,20,c8c6,0.005,0.0087,0.0108,0.0125,c8c2,c8c2,c8d7,c8d7,593.0,0.0125,0.0075,True,elite,03_elite_top,2506,2690,2690,False,True,5,0.485,0.1015
r1b3k1/ppR2ppp/3n1q2/3Pr3/3N4/1Q1B4/P4PPP/5RK1 b - - 7 20,40,T2025-09_66,g7g6,21,5,g7g6,0.0243,0.0177,0.0155,0.024,e5g5,e5g5,e5g5,b7b6,112.0,0.0243,-0.0003,True,elite,03_elite_top,2515,2753,2753,True,False,0,0.5863,0.0122
r3kb1r/1bqn1p1p/p3pp2/1p6/8/2PB1N2/P3QPPP/R1BR2K1 b kq - 0 14,28,T2025-09_69,c7c6,163,50,f8d6,0.0071,0.0041,0.002,0.001,c7c3,c7c3,c7c3,c7c3,134.0,0.0071,-0.0061,True,elite,03_elite_top,2467,2743,2743,False,True,2,0.5799,0.0073
r5k1/1pqn1ppb/2p1pn1p/2P5/1PNNP3/2Q3PP/r4PB1/3RR1K1 b - - 0 24,48,T2025-09_75,a8a4,-130,9,h7g6,0.0358,0.0346,0.0346,0.0342,d7e5,d7e5,d7e5,d7e5,125.0,0.0358,-0.0016,True,elite,03_elite_top,2561,2643,2643,False,True,2,0.6121,0.1516
2r3k1/1p3p2/4bbp1/r2p4/p3pP2/P1P1P3/1P1NB1P1/1K1R3R b - - 4 24,48,T2025-09_77,f6c3,142,51,f6c3,0.0126,0.0114,0.011,0.0109,b7b5,b7b5,b7b5,b7b5,136.0,0.0126,-0.0017,True,elite,03_elite_top,2415,2614,2614,True,False,2,0.5137,0.0296
r1b1r1k1/pp2bppp/nq1P4/2p5/3pN2P/1Q4P1/PP2PPB1/R1B2RK1 b - - 0 16,32,T2025-09_80,e7f8,-23,72,e7f8,0.0115,0.0084,0.0099,0.0236,e7d6,e7d6,e7d6,e7d6,424.0,0.0236,0.0121,True,elite,03_elite_top,2672,2837,2837,True,False,2,0.5949,0.0571
1r1q1nk1/R3rpp1/3Np1p1/1p1pP3/3P2P1/7P/QP3P2/2R3K1 b - - 3 28,56,T2025-09_81,f7f6,-156,11,g6g5,0.0193,0.0119,0.0061,0.0038,e7a7,e7a7,e7a7,e7a7,277.0,0.0193,-0.0155,True,elite,03_elite_top,2564,2641,2641,False,True,5,0.5471,0.066
3r1rk1/pp1q1pb1/2nnb1pp/2p1p3/2PpP3/PP1P1NPP/2QN1PBK/2B1RR2 b - - 4 18,36,T2025-09_83,d8e8,74,1,f7f5,0.0073,0.0047,0.0036,0.0034,f7f5,f7f5,f7f5,f7f5,128.0,0.0073,-0.0039,True,elite,03_elite_top,2479,2703,2703,False,True,2,0.6428,0.0847
4rrk1/pp1q2b1/2n4p/2p2B2/2P2PP1/PP1p3P/2Q4K/2B1RRN1 b - - 0 26,52,T2025-09_83,d7f5,-123,96,d7f5,0.004,0.0041,0.0043,0.005,d3c2,d3c2,d3c2,d3c2,271.0,0.005,0.001,True,elite,03_elite_top,2479,2703,2703,True,False,7,0.531,0.0134
4rrk1/pp4b1/7p/2p5/2Pq1PP1/PP1p3P/3B2QK/4RR2 b - - 1 30,60,T2025-09_83,g8h8,-72,68,d4b2,0.0012,0.0026,0.0056,0.0077,e8e1,e8e1,d4b2,d4b2,203.0,0.0077,0.0065,True,elite,03_elite_top,2479,2703,2703,False,True,5,0.659,0.1966
2q3k1/5pp1/p2Q2p1/1p1N4/6P1/1P3B1P/2n2PK1/4r3 b - - 3 32,64,T2025-09_86,c8f8,400,15,c8e6,0.0099,0.0113,0.0127,0.0173,c2d4,c2d4,c2d4,c2d4,172.0,0.0173,0.0074,True,elite,03_elite_top,2466,2609,2609,False,True,0,0.5566,0.031
r5k1/p2rpbb1/2p3p1/B1P2p1p/1q1Pp2P/1P2P3/P2QBPP1/3RK2R b K - 0 20,40,T2025-09_88,b4b8,-131,1,b4d2,0.0487,0.0399,0.0338,0.0345,b4d2,b4d2,b4d2,b4a3,424.0,0.0487,-0.0142,True,elite,03_elite_top,2507,2692,2692,False,True,2,0.5264,0.0472
r4rk1/p2q1pbp/1pp1Rnp1/8/P1BP4/1QP3N1/1P3PPP/3R2K1 b - - 0 18,36,T2025-09_94,b6b5,322,440,b6b5,0.0317,0.0265,0.0211,0.0166,f7e6,f7e6,f7e6,f7e6,728.0,0.0317,-0.0151,True,elite,03_elite_top,2509,2706,2706,True,False,2,0.4854,0.0316
4rrk1/p4p1p/1p1qbbp1/7P/2PpB3/1P1N2P1/P4P2/R2QR1K1 b - - 2 22,44,T2025-09_95,e8e7,-15,1,f6g5,0.0177,0.0213,0.0246,0.0249,g6g5,d6d7,e6f5,e6f5,149.0,0.0249,0.0072,True,elite,03_elite_top,2682,2858,2858,False,True,2,0.6106,0.0867
4k1r1/pp2qp2/2p1p1pp/4N1n1/5r2/P7/1PB1Q3/1KR4R b - - 1 32,64,T2025-09_96,f4d4,-263,79,f4d4,0.0294,0.0295,0.0288,0.0288,h6h5,h6h5,h6h5,h6h5,179.0,0.0295,-0.0006,True,elite,03_elite_top,2515,2662,2662,True,False,7,0.6436,0.1959
5qk1/3b2rp/1p2p2Q/3p4/3PnP2/2NRP3/PP4PP/6K1 b - - 0 30,60,T2025-09_97,g7g2,670,193,g7g2,0.0166,0.0187,0.0182,0.0176,e4c3,e4c3,e4c3,e4c3,204.0,0.0187,0.001,True,elite,03_elite_top,2517,2692,2692,True,False,4,0.5443,0.0599
4r1k1/5qp1/2r1p2p/p2pQ2P/3B4/2P1R3/P4PP1/6K1 b - - 1 30,60,T2025-09_99,f7c7,139,39,e8e7,0.0072,0.0083,0.0108,0.0145,a5a4,a5a4,a5a4,a5a4,112.0,0.0145,0.0073,True,elite,03_elite_top,2539,2662,2662,False,True,5,0.4599,0.0093
r2q1rk1/pb3ppp/1pnb1n2/3Np3/3pP3/PP1B1N2/1BP1QPPP/R2R2K1 b - - 1 14,28,T2025-09_104,g7g6,-20,5,f8e8,0.0016,0.0007,0.0006,0.0006,f6d5,f6d5,f6d5,f6d5,126.0,0.0016,-0.001,True,elite,03_elite_top,2773,2835,2835,False,True,2,0.7067,0.002
1r1q3k/6N1/p2pb2p/1ppNp1pP/2Pn2P1/1P1Q1P2/P7/R4RK1 b - - 0 26,52,T2025-09_106,e6d5,-255,109,h8g7,0.0035,0.0035,0.0033,0.0026,h8g7,h8g7,h8g7,h8g7,199.0,0.0035,-0.0009,True,elite,03_elite_top,2570,2635,2635,False,True,7,0.4876,0.029
1r5q/4k3/p2pb3/1ppNp1QP/2Pn2P1/1P3P2/P7/R4RK1 b - - 2 32,64,T2025-09_106,e7f8,-654,1,e7f7,0.033,0.0285,0.0278,0.0318,e7d7,e7d7,e7d7,e7d7,1344.0,0.033,-0.0012,True,elite,03_elite_top,2570,2635,2635,False,True,1,0.6085,0.0069
7k/p3q1pp/4P3/1pp1Q3/8/2P3P1/P3R1KP/3r4 b - - 2 34,68,T2025-09_109,h8g8,-73,90,h8g8,0.0275,0.023,0.022,0.031,e7b7,e7b7,e7b7,d1d8,315.0,0.031,0.0035,True,elite,03_elite_top,2518,2694,2694,True,False,5,0.6375,0.199
r1bqk2r/pppp1ppp/3b1nn1/1B2P3/3P1P2/2N5/PPP3PP/R1BQK2R b KQkq - 0 8,16,T2025-09_110,c7c6,-101,13,e8g8,0.0442,0.0348,0.029,0.0358,d8e7,d8e7,d8e7,d8e7,158.0,0.0442,-0.0084,True,elite,03_elite_top,2354,2743,2743,False,True,3,0.6125,0.1161
2b5/3n1pkp/1pq3p1/8/r7/3B1NQP/2P2PP1/1R4K1 b - - 5 26,52,T2025-09_111,c6c5,0,0,d7f6,0.0147,0.0147,0.0151,0.0181,d7c5,d7c5,c8b7,c8b7,238.0,0.0181,0.0034,True,elite,03_elite_top,2479,2697,2697,False,True,5,0.5174,0.0298
1r1r2k1/1b2bppp/pN2pn2/P4q2/1n1P4/1BN1B3/1P2QPPP/R2R2K1 b - - 0 18,36,T2025-09_113,h7h6,-22,2,f6g4,0.0175,0.015,0.0178,0.031,f5g6,f5g6,f5g6,b4d5,141.0,0.031,0.0135,True,elite,03_elite_top,2586,2703,2703,False,True,2,0.6262,0.1159
2rqk2r/1p1n1ppb/p3pn1p/2b1N3/Q3PB2/2N3P1/PP3PBP/R2R2K1 b k - 3 16,32,T2025-09_115,d8e7,-253,43,d8e7,0.0232,0.0258,0.0327,0.0395,b7b5,b7b5,b7b5,c8c7,117.0,0.0395,0.0163,True,elite,03_elite_top,2585,2620,2620,True,False,6,0.6913,0.1114
5rk1/1p2qppb/pnr4p/P1b1p3/4PB2/1QN3P1/1P1R1PBP/3R2K1 b - - 0 22,44,T2025-09_115,b6c4,147,110,e5f4,0.0071,0.0048,0.0038,0.0032,b6c8,b6c8,b6c8,b6c8,327.0,0.0071,-0.0039,True,elite,03_elite_top,2585,2620,2620,False,True,2,0.6004,0.0895
4r3/1p3p1k/r5b1/p2p4/R2PnB2/1PNp1B1P/1Pn2P1K/6R1 b - - 11 28,56,T2025-09_117,b7b5,263,74,b7b5,0.0172,0.0185,0.0212,0.0249,e4f2,e4f2,e4f2,e4f2,195.0,0.0249,0.0077,True,elite,03_elite_top,2671,2816,2816,True,False,0,0.6245,0.1651
1r1qr1k1/1pp3pp/p1n1bb2/2N5/Q7/4B1P1/1P2PPBP/2R2RK1 b - - 1 20,40,T2025-09_118,d8e7,-284,101,d8e7,0.0198,0.0274,0.0344,0.0342,f6b2,f6b2,e6d5,e6d5,146.0,0.0344,0.0144,True,elite,03_elite_top,2569,2680,2680,True,False,6,0.6133,0.0373
1k1r3r/pp2b2p/2n5/q4p2/4pp2/1PP4P/1P1NQPP1/1K1RN2R b - - 1 24,48,T2025-09_121,a7a6,209,1,c6e5,0.0111,0.0095,0.0076,0.0058,f4f3,d8d7,d8d7,d8d7,102.0,0.0111,-0.0053,True,elite,03_elite_top,2529,2616,2616,False,True,0,0.5963,0.0505
r1bqr1k1/p4pbp/n2ppnp1/2p5/Q1P1P3/P1N1B2P/1P1NBPP1/R4RK1 b - - 1 14,28,T2025-09_124,f6d7,-94,12,a8b8,0.0275,0.0281,0.0238,0.02,c8d7,a6c7,a6c7,a6c7,186.0,0.0281,-0.0075,True,elite,03_elite_top,2489,2674,2674,False,True,2,0.7143,0.0309
2r1r1k1/p2q2bp/b2p2p1/3P1p2/2PppB2/PP4QP/4BPP1/1R1R2K1 b - - 3 30,60,T2025-09_124,c8d8,130,25,d4d3,0.0236,0.028,0.0362,0.0467,d4d3,d4d3,d4d3,d4d3,102.0,0.0467,0.0231,True,elite,03_elite_top,2489,2674,2674,False,True,2,0.6224,0.1111
r1b3kr/1pp1b1pp/p1p1p3/4N2n/3RN3/1P5P/PBP2PPK/R7 b - - 7 20,40,T2025-09_126,g8f8,-156,44,g8f8,0.012,0.0106,0.0109,0.0144,h5f4,h5f6,h5f6,h5f6,188.0,0.0144,0.0024,True,elite,03_elite_top,2555,2665,2665,True,False,2,0.5367,0.0036
5k1r/ppp3pp/2nr1p2/2B4q/6b1/2P2N2/PP2QPPP/R3R1K1 b - - 1 16,32,T2025-09_130,c6e5,-161,181,c6e5,0.0273,0.0253,0.0242,0.0165,h5c5,h5c5,h5c5,h5c5,1838.0,0.0273,-0.0108,True,elite,03_elite_top,2359,2683,2683,True,False,6,0.6811,0.1292
1k1r1b1r/pp3p2/2p2N1p/4P1p1/4Q3/q3P3/5P1P/1R2K1R1 b - - 1 24,48,T2025-09_136,a3a2,331,8,f8e7,0.0376,0.0229,0.0155,0.0116,a3c3,a3c3,a3c3,a3c3,137.0,0.0376,-0.026,True,elite,03_elite_top,2490,2672,2672,False,True,0,0.7121,0.1406
r2q2k1/1pp2ppp/2n2b2/1B1p4/p2P1Bb1/P1P2NP1/1P3PP1/R2Q2K1 b - - 2 18,36,T2025-09_138,g4d7,-63,75,g4d7,0.0268,0.0304,0.0263,0.0228,a8a5,c6e7,c6e7,c6e7,103.0,0.0304,-0.004,True,elite,03_elite_top,2577,2698,2698,True,False,2,0.5876,0.0046
2k1r2r/p1p1qp1p/3b1n2/2pbP3/3P2P1/2P1B3/PP2QPP1/RN2R1K1 b - - 0 16,32,T2025-09_139,e7e6,128,83,e7e6,0.024,0.0176,0.0128,0.012,d6e5,d6e5,d6e5,d6e5,171.0,0.024,-0.012,True,elite,03_elite_top,2757,3054,3054,True,False,6,0.495,0.0711
r1bqkb1r/3n1ppp/p2ppn2/8/1p1NP1P1/4BP2/PPPQN2P/R3KB1R b KQkq - 1 10,20,T2025-09_140,h7h6,-66,13,h7h6,0.006,0.0075,0.0107,0.0095,a6a5,a6a5,a6a5,d6d5,139.0,0.0107,0.0035,True,elite,03_elite_top,2789,2887,2887,True,False,3,0.7327,0.1006
r1b1kb1r/2qn1pp1/p4n2/4p1P1/1p1Np3/5P2/PPPQN2B/2KR1B1R b kq - 0 16,32,T2025-09_140,h8h2,-27,77,h8h2,0.0076,0.0117,0.0179,0.0229,e4f3,e4f3,e4f3,e4f3,218.0,0.0229,0.0153,True,elite,03_elite_top,2789,2887,2887,True,False,2,0.5776,0.0674
2kr1b1R/3n1pp1/pn6/6P1/4bq2/1QN5/PPP5/1K1R1B2 b - - 3 24,48,T2025-09_140,c8c7,0,167,c8c7,0.0111,0.0103,0.0082,0.0064,e4f3,e4b7,e4b7,e4b7,177.0,0.0111,-0.0047,True,elite,03_elite_top,2789,2887,2887,True,False,6,0.5517,0.0233
r3n2r/1p1nqkp1/p1pbp1p1/3p2Pp/3PPB1P/3Q1P1B/PPP1N3/2KR3R b - - 0 16,32,T2025-09_141,d7f8,-298,2,d6f4,0.0054,0.0049,0.0045,0.0057,d6f4,d6f4,d6f4,d6f4,157.0,0.0057,0.0003,True,elite,03_elite_top,2535,2635,2635,False,True,6,0.6858,0.0946
3q1nr1/4R1pk/p1p3p1/1p1pQPPp/3P3P/2P4B/PP6/2K5 b - - 0 30,60,T2025-09_141,h7h8,-834,60,h7h8,0.0382,0.0352,0.0319,0.0327,f8d7,f8d7,f8d7,f8d7,1161.0,0.0382,-0.0055,True,elite,03_elite_top,2535,2635,2635,True,False,1,0.8313,0.1839
r1bq1rk1/pp4bp/n4np1/1N1PN3/2B1p3/4B2P/PP2Q1P1/R4RK1 b - - 1 18,36,T2025-09_145,c8f5,-292,4,f8e8,0.0119,0.0116,0.0154,0.0269,f6d5,f6d5,f6d5,f6d5,151.0,0.0269,0.015,True,elite,03_elite_top,2526,2691,2691,False,True,6,0.7902,0.2408
2r5/1p6/kp1bp3/n4p2/3PP3/2NK4/PP6/R3B3 b - - 0 28,56,T2025-09_148,c8h8,-11,4,b6b5,0.022,0.0274,0.0333,0.0424,f5e4,f5e4,f5e4,f5f4,102.0,0.0424,0.0204,True,elite,03_elite_top,2550,2680,2680,False,True,5,0.5512,0.1313
rnbqr1k1/p1p2ppp/1p1b1n2/3p4/1P1P4/P1NBP3/4NPPP/R1BQ1RK1 b - - 0 10,20,T2025-09_150,b8d7,-15,0,c7c6,0.0221,0.0321,0.0358,0.0376,c7c5,c7c5,c7c5,d6h2,209.0,0.0376,0.0155,True,elite,03_elite_top,2591,2663,2663,False,True,3,0.7724,0.2164
5bk1/1R6/5p1p/3N4/p7/4P1P1/5PKP/r7 b - - 1 34,68,T2025-09_152,f8a3,-288,14,f8g7,0.0016,0.0009,0.0005,0.0008,a4a3,a4a3,a4a3,a4a3,1710.0,0.0016,-0.0008,True,elite,03_elite_top,2561,2619,2619,False,True,5,0.554,0.0968
6k1/1b3p1p/1q4p1/1pb2BNn/2p4Q/2Np4/1P3PPP/r1B1R1K1 b - - 5 24,48,T2025-09_154,c5e7,253,17,g6f5,0.0016,0.002,0.0021,0.0023,c5f2,c5f2,c5f2,a1c1,169.0,0.0023,0.0007,True,elite,03_elite_top,2457,2634,2634,False,True,7,0.6193,0.0881
r2r2k1/p3qb1p/2p2p2/1pb3pP/3pP1P1/5N2/PPPQ1P2/1K1R1B1R b - - 1 24,48,T2025-09_156,c5b4,238,11,h7h6,0.0382,0.0361,0.0265,0.0175,e7e4,e7e4,e7e4,e7e4,238.0,0.0382,-0.0207,True,elite,03_elite_top,2570,2782,2782,False,True,0,0.6393,0.0514
r4rk1/pp1b1pbp/n1p2np1/3PN1B1/N1P1P3/q2B4/P5PP/R2Q1R1K b - - 0 14,28,T2025-09_161,f6e4,74,74,c6d5,0.033,0.0386,0.0406,0.038,c6d5,c6d5,c6d5,a3d6,257.0,0.0406,0.005,True,elite,03_elite_top,2536,2681,2681,False,True,2,0.6186,0.0169
2rr2k1/5ppp/p3p3/1pp1PP2/1qn5/2N5/PPP2P1P/K1QRR3 b - - 4 24,48,T2025-09_163,h7h6,-48,24,d8d4,0.0208,0.0173,0.0147,0.0123,e6f5,e6f5,e6f5,e6f5,341.0,0.0208,-0.0085,True,elite,03_elite_top,2594,2664,2664,False,True,0,0.5057,0.0259
4r1k1/1p1q2n1/p2pN2p/P2P1pp1/2P2p1P/1P3Q2/6P1/4R1K1 b - - 0 30,60,T2025-09_164,d7f7,55,29,d7f7,0.0044,0.0041,0.0042,0.0058,g7e6,g7e6,g7e6,g7e6,146.0,0.0058,0.0014,True,elite,03_elite_top,2549,2677,2677,True,False,0,0.5847,0.0785
4rrk1/2pq1ppp/p2b4/P2b4/1P2N3/3P1N2/1P1B1PKP/R2Q2R1 b - - 4 22,44,T2025-09_169,h7h6,-208,0,g8h8,0.0062,0.0035,0.0024,0.0022,d5e4,d5e4,d5e4,d7g4,108.0,0.0062,-0.004,True,elite,03_elite_top,2598,2831,2831,False,True,7,0.7068,0.2321
4rr1k/2pq2pp/p2N4/P2b1p2/1P6/3P1N2/1P1B1P1P/R2Q2RK b - - 0 24,48,T2025-09_169,d7c6,-152,51,d7d6,0.0051,0.0035,0.0037,0.0048,d7d6,d7d6,d7d6,d7d6,103.0,0.0051,-0.0003,True,elite,03_elite_top,2598,2831,2831,False,True,7,0.703,0.3155
3k4/R2p1ppp/1r1b1n2/6B1/3P4/6PB/1P3P1P/6K1 b - - 7 26,52,T2025-09_171,d6c7,-52,3,d6c7,0.0118,0.0136,0.0133,0.0117,b6b2,b6b2,b6b2,b6b2,507.0,0.0136,-0.0001,True,elite,03_elite_top,2576,2723,2723,True,False,5,0.5905,0.1757
8/1p2ppk1/p3b3/4p1pp/1P2Pn2/P3NQ1P/1qB2PP1/6K1 b - - 3 30,60,T2025-09_173,b7b5,321,5,b2c1,0.0052,0.0043,0.0037,0.0039,b2a3,b2a3,b2a3,b2a3,859.0,0.0052,-0.0013,True,elite,03_elite_top,2438,2603,2603,False,True,0,0.6537,0.2275
3rkb1r/1bq1n1pp/p2p1p2/2p1p2N/P3PP2/2B2QPB/1PP4P/R4RK1 b k - 3 18,36,T2025-09_175,e7c6,-214,6,e7g6,0.0362,0.0398,0.0428,0.0454,d6d5,d6d5,d6d5,d6d5,256.0,0.0454,0.0092,True,elite,03_elite_top,2569,2731,2731,False,True,6,0.6584,0.0105
3rkb1r/1bq3pp/p2pBpn1/4pP1N/P1p1P3/2B2QP1/1PP4P/R4RK1 b k - 0 20,40,T2025-09_175,d6d5,-221,60,g6e7,0.0114,0.0091,0.0083,0.008,g6e7,g6e7,g6e7,g6e7,144.0,0.0114,-0.0034,True,elite,03_elite_top,2569,2731,2731,False,True,6,0.6762,0.1022
r1b1kb1r/p2p1ppp/1qp1p3/3nP3/4NP2/P7/1PP3PP/R1BQKB1R b KQkq - 0 10,20,T2025-09_177,c8b7,-45,8,c8b7,0.0377,0.0448,0.0361,0.0249,f8c5,f8c5,f8c5,f8c5,135.0,0.0448,-0.0128,True,elite,03_elite_top,2412,2750,2750,True,False,3,0.6527,0.3085
r3kb1r/pb1p1ppp/1q2p3/2pnP3/2P1NP2/P4Q2/1P4PP/R1B1KB1R b KQkq - 0 12,24,T2025-09_177,f7f5,10,81,f7f5,0.0254,0.0125,0.0115,0.0161,d5e7,d5e7,d5e7,d5e7,329.0,0.0254,-0.0093,True,elite,03_elite_top,2412,2750,2750,True,False,3,0.6731,0.2961
r2q1rk1/pb2n1bp/1p2p1pB/3p1p2/3pP3/1B1P1P2/PPP1N1PP/R1Q2RK1 b - - 1 14,28,T2025-09_180,d8d6,-4,18,f5e4,0.0226,0.0179,0.0183,0.0302,d5e4,d5e4,f5e4,f5e4,104.0,0.0302,0.0076,True,elite,03_elite_top,2521,2619,2619,False,True,2,0.6175,0.0309
rn1qk2r/pp2ppbp/2p2nb1/7p/3P1N2/4B1N1/PPP2PP1/R2QKB1R b KQkq - 6 10,20,T2025-09_181,g7h6,-40,14,d8b6,0.0236,0.0201,0.0148,0.0085,f6g4,f6g4,f6g4,f6g4,292.0,0.0236,-0.0151,True,elite,03_elite_top,2594,2664,2664,False,True,3,0.7529,0.1296
2kr4/2pr4/2pb3p/3n1bp1/3Bp3/PN5N/1PP2PPP/RK5R b - - 1 18,36,T2025-09_186,d6f8,169,4,c6c5,0.0054,0.0054,0.0056,0.0075,g5g4,d5f4,d5f4,d5f4,108.0,0.0075,0.0021,True,elite,03_elite_top,2782,2971,2971,False,True,0,0.6062,0.0355
2kr4/2p2r2/7p/2Nn1b2/4p1p1/P7/1PP1NPPP/RK5R b - - 2 22,44,T2025-09_186,f5h7,181,13,f5g6,0.0076,0.0131,0.0197,0.0221,e4e3,e4e3,e4e3,e4e3,142.0,0.0221,0.0145,True,elite,03_elite_top,2782,2971,2971,False,True,0,0.5191,0.0273
2k1r3/2p5/6b1/2Nn3p/7P/P3p1p1/KPP1NrP1/4RR2 b - - 2 28,56,T2025-09_186,e8g8,209,31,e8g8,0.0004,0.0003,0.0003,0.0003,f2g2,f2g2,f2g2,f2g2,126.0,0.0004,-0.0001,True,elite,03_elite_top,2782,2971,2971,True,False,0,0.6346,0.2095
r2qkb1r/3n1ppp/p3pP2/1p6/P7/2pB1Q2/1P3PPP/R1B2RK1 b kq - 0 14,28,T2025-09_194,a8b8,-102,37,d7e5,0.0011,0.0008,0.0011,0.0035,d7f6,d7f6,d7f6,d7f6,126.0,0.0035,0.0024,True,elite,03_elite_top,2624,2838,2838,False,True,6,0.5811,0.0303
r3k1r1/5p1p/p3pQ2/1P6/8/2pq4/1P3PPK/R1B2R2 b q - 0 20,40,T2025-09_194,a8d8,-369,23,d3f1,0.0019,0.0017,0.0021,0.0027,d3f1,d3f1,d3f1,d3f1,164.0,0.0027,0.0008,True,elite,03_elite_top,2624,2838,2838,False,True,7,0.4735,0.0388
6Q1/3k1p1p/P3p3/8/2r5/2p5/1P3PPK/R1B2q2 b - - 0 24,48,T2025-09_194,f1f2,0,593,f1f2,0.0142,0.0061,0.0038,0.0034,c4h4,c4h4,c4h4,c4h4,717.0,0.0142,-0.0108,True,elite,03_elite_top,2624,2838,2838,True,False,7,0.5302,0.0943
5rk1/pp3qpn/2np1r1p/2p1p3/P1P1Q3/1PP1BN1P/5PP1/R3R1K1 b - - 8 20,40,T2025-09_196,f6e6,51,43,f6e6,0.0053,0.0068,0.0086,0.0092,f6g6,f6g6,c6e7,c6e7,175.0,0.0092,0.0039,True,elite,03_elite_top,2664,2808,2808,True,False,2,0.6363,0.1461
1r2b3/4k1pp/B3P3/N3p3/P7/1P6/2r2bPP/1R1R3K b - - 0 26,52,T2025-09_198,e5e4,150,171,e5e4,0.0217,0.0125,0.0102,0.0105,e7e6,e7e6,e7e6,f2d4,183.0,0.0217,-0.0112,True,elite,03_elite_top,2649,2905,2905,True,False,0,0.5258,0.0136
r7/4k1pp/B1R1P3/8/P3p3/1P6/5bPP/7K b - - 0 30,60,T2025-09_198,a8a6,290,574,a8a6,0.0119,0.0094,0.0072,0.0064,e4e3,e4e3,e4e3,e4e3,617.0,0.0119,-0.0055,True,elite,03_elite_top,2649,2905,2905,True,False,5,0.6656,0.2178
2rqrbk1/p5pp/1pn5/2pnpp2/6b1/PP1PPN2/1B1NBPPP/1QR2RK1 b - - 1 16,32,T2025-09_199,b6b5,19,39,d5f6,0.0455,0.0209,0.0083,0.003,e5e4,d5f6,d5f6,d8f6,126.0,0.0455,-0.0425,True,elite,03_elite_top,2584,2609,2609,False,True,2,0.6671,0.0285
rq3rk1/1b1p2pp/p1nPpn2/1pN5/5P2/P2BB3/1P4PP/R2QK2R b KQ - 3 18,36,T2025-09_202,c6a5,-12,16,c6a5,0.0254,0.0239,0.0215,0.0213,b8d6,b8d6,b8d6,b8d6,562.0,0.0254,-0.0041,True,elite,03_elite_top,2544,2684,2684,True,False,2,0.6726,0.0865
3rr1k1/1pq1bpp1/p1n1bn1p/3pN3/P1pP1P1B/2N4P/1PP3P1/R2QRBK1 b - - 0 16,32,T2025-09_206,c6d4,264,147,c7b6,0.0129,0.011,0.0099,0.0107,c6e5,c6e5,c7b6,c7b6,130.0,0.0129,-0.0022,True,elite,03_elite_top,2459,2631,2631,False,True,2,0.6348,0.0297
3r2k1/1p2rpp1/pqn1b2p/3pN3/P2PnP2/1Pp4P/2P1N1PK/R2QRB2 b - - 1 20,40,T2025-09_206,d8e8,208,7,e6f5,0.018,0.0206,0.0227,0.0241,c6e5,c6e5,c6e5,c6e5,163.0,0.0241,0.0061,True,elite,03_elite_top,2459,2631,2631,False,True,2,0.6612,0.0564
3r2k1/4rpp1/pqp4p/3p1b2/P2PnPP1/1Pp4P/2P1N2K/R2QRB2 b - - 0 22,44,T2025-09_206,f5g4,324,65,f5h7,0.0131,0.0074,0.0047,0.0036,f5h7,f5h7,f5h7,f5c8,175.0,0.0131,-0.0095,True,elite,03_elite_top,2459,2631,2631,False,True,0,0.6043,0.0734
5rk1/6p1/p1pqr2p/4np1P/2P1pB2/2P4Q/PP2RPP1/4R1K1 b - - 2 24,48,T2025-09_207,d6d7,15,12,d6e7,0.037,0.0431,0.0433,0.0406,d6c5,d6c5,d6c5,d6c5,190.0,0.0433,0.0036,True,elite,03_elite_top,2758,2968,2968,False,True,5,0.5529,0.0118
6k1/3q2p1/pQpP1r1p/5p1P/1P2pn2/2P5/P2R1P2/5RK1 b - - 3 32,64,T2025-09_207,f4d5,70,70,f4d5,0.04,0.0387,0.0425,0.0473,f4h5,f4h5,f6d6,f6d6,672.0,0.0473,0.0073,True,elite,03_elite_top,2758,2968,2968,True,False,0,0.5992,0.1856
rr4k1/5p2/4q1pp/3nQ3/2R5/1N5P/1PK1R1P1/8 b - - 0 30,60,T2025-09_220,d5e3,527,88,d5b4,0.0092,0.0083,0.0077,0.007,e6e5,e6e5,e6e5,e6e5,511.0,0.0092,-0.0022,True,elite,03_elite_top,2562,2694,2694,False,True,0,0.6047,0.2018
rn3rk1/pp4pp/2pppq2/8/2P5/4R1P1/PP2PPBP/3Q1RK1 b - - 1 16,32,T2025-09_222,f6e7,-152,5,d6d5,0.0178,0.0252,0.0253,0.0235,d6d5,d6d5,d6d5,d6d5,161.0,0.0253,0.0057,True,elite,03_elite_top,2558,2603,2603,False,True,5,0.6358,0.0833
1r3r1k/p1q2pp1/3Np1b1/2P1P2p/P2P3P/1Rp1BQR1/6P1/6K1 b - - 0 28,56,T2025-09_223,c3c2,-402,70,b8b3,0.0474,0.0291,0.02,0.0144,b8b3,b8b3,b8b3,b8b3,152.0,0.0474,-0.033,True,elite,03_elite_top,2495,2604,2604,False,True,6,0.4568,0.0451
5r2/p1q2pk1/3Np2B/2P1P2Q/P2P3P/1r6/2p3P1/6K1 b - - 1 32,64,T2025-09_223,g7h8,-1215,3801,g7h7,0.0312,0.0313,0.0302,0.029,g7g8,g7g8,g7g8,g7g8,783.0,0.0313,-0.0022,True,elite,03_elite_top,2495,2604,2604,False,True,6,0.6204,0.0937
2kr3r/pp4bp/4b1p1/1BPN4/1PP1p3/3p2P1/P6P/3RR1K1 b - - 3 20,40,T2025-09_224,e6g4,413,21,e6g4,0.0208,0.0124,0.008,0.0062,e6d5,e6d5,e6d5,e6d5,349.0,0.0208,-0.0146,True,elite,03_elite_top,2589,2626,2626,True,False,0,0.5795,0.1574
r1b2rk1/1p2pp1p/5qp1/p7/4R3/Q3P1P1/5PBP/5RK1 b - - 3 20,40,T2025-09_227,a8a6,221,6,c8e6,0.0288,0.022,0.0177,0.0201,c8f5,e7e6,e7e6,e7e6,170.0,0.0288,-0.0087,True,elite,03_elite_top,2468,2608,2608,False,True,0,0.6802,0.2497
5rk1/r3pp1p/4b1p1/2q5/pR5P/Q3PBP1/5P2/1R4K1 b - - 3 26,52,T2025-09_227,f8c8,172,134,c5d6,0.031,0.0299,0.0379,0.05,e6b3,e6b3,e6b3,e6b3,593.0,0.05,0.019,True,elite,03_elite_top,2468,2608,2608,False,True,0,0.616,0.2107
r4rk1/1b1q2b1/P6p/3p4/2p3PP/3p1B2/1P3BP1/R1Q1K2R b KQ - 1 24,48,T2025-09_228,d7e8,335,7,d7e7,0.0003,0.0002,0.0001,0.0001,a8a6,a8a6,a8a6,a8a6,155.0,0.0003,-0.0002,True,elite,03_elite_top,2436,2971,2971,False,True,0,0.6624,0.1918
5rk1/4q3/b6P/4b3/7P/3p1B2/2p2BP1/4Q1KR b - - 1 32,64,T2025-09_228,g8h8,586,8,e7d6,0.014,0.0174,0.0187,0.021,f8f3,f8f3,f8f3,f8f3,169.0,0.021,0.007,True,elite,03_elite_top,2436,2971,2971,False,True,4,0.8708,0.3914
5bk1/5p2/4b1p1/p1n1p2p/1pPnP2P/1P2B1N1/3N1PP1/3B1K2 b - - 3 30,60,T2025-09_229,d4b3,490,13,c5b3,0.0252,0.0093,0.003,0.0012,f8e7,f8e7,f8e7,f8e7,371.0,0.0252,-0.024,True,elite,03_elite_top,2715,2910,2910,False,True,2,0.5013,0.0049
r1b1r1k1/ppp2ppp/4p3/3pP1q1/2P1n2P/2B1P3/PPQ2PP1/R3KB1R b KQ - 0 12,24,T2025-09_230,g5e7,-56,16,g5g6,0.0432,0.0417,0.043,0.0472,g5f5,g5f5,g5f5,g5f5,111.0,0.0472,0.004,True,elite,03_elite_top,2459,2622,2622,False,True,3,0.5529,0.0436
3rr1k1/ppp2ppp/2b1p3/3pP1qP/2P5/2QBP1R1/PP3PP1/2KR4 b - - 4 18,36,T2025-09_230,g5h4,-33,22,g5h5,0.0424,0.0306,0.0209,0.0162,g5h5,g5h5,g5h5,g5h5,313.0,0.0424,-0.0262,True,elite,03_elite_top,2459,2622,2622,False,True,2,0.5133,0.019
3rr1k1/ppp2pp1/2b1p2p/4P3/2PP4/3Q2R1/PPB2qP1/1K1R4 b - - 1 24,48,T2025-09_230,c6e4,107,346,c6e4,0.0042,0.0038,0.0035,0.0028,c6g2,g7g6,g7g6,g7g6,542.0,0.0042,-0.0014,True,elite,03_elite_top,2459,2622,2622,True,False,0,0.4858,0.0068
r4rk1/pb1q1ppp/4pn2/2p4N/8/2PB4/PP3PPP/R2QR1K1 b - - 1 16,32,T2025-09_232,g8h8,-32,45,d7e7,0.0015,0.0046,0.0132,0.0132,f6h5,f6h5,f6h5,f6h5,433.0,0.0132,0.0117,True,elite,03_elite_top,2450,2697,2697,False,True,3,0.48,0.012
7k/2q3bp/Qp4p1/p1r1pp2/P3b3/2P1P2P/1P3PPB/3R1BK1 b - - 3 28,56,T2025-09_233,e4c6,-144,29,e4c2,0.0258,0.0281,0.0289,0.0278,e4c2,e4c2,e4c2,e4c2,1133.0,0.0289,0.002,True,elite,03_elite_top,2599,2697,2697,False,True,5,0.5679,0.0829
4rrk1/ppq2pp1/2pp3p/2nPp3/6QN/2P1P2P/P1P3P1/3R1RK1 b - - 0 18,36,T2025-09_236,g7g6,145,100,g8h7,0.0393,0.0189,0.0091,0.012,c6d5,c6d5,c7d7,c7d7,477.0,0.0393,-0.0273,True,elite,03_elite_top,2658,2918,2918,False,True,2,0.6108,0.0128
5k2/p3rn2/2p2QP1/4p2r/2P5/4P3/P1P1K3/8 b - - 0 34,68,T2025-09_236,e7d7,0,137,h5h2,0.0014,0.0008,0.0006,0.0006,h5h2,h5h2,h5h2,h5h2,155.0,0.0014,-0.0008,True,elite,03_elite_top,2658,2918,2918,False,True,6,0.4403,0.0064
rr4k1/2n1bppb/2p2n1p/N1Pp4/RP1P4/N5P1/5PBP/2B2RK1 b - - 0 20,40,T2025-09_239,b8e8,-32,50,h7d3,0.002,0.0013,0.001,0.0008,h7d3,c7b5,h7d3,h7d3,311.0,0.002,-0.0012,True,elite,03_elite_top,2593,2639,2639,False,True,2,0.5726,0.0443
r1r3k1/4bpp1/2p2n1p/N1PpB3/RP1P4/N5P1/5PKP/8 b - - 0 24,48,T2025-09_239,a8a6,117,0,f6e4,0.0045,0.0044,0.0039,0.0031,f6e4,f6e4,f6e4,f6e4,313.0,0.0045,-0.0014,True,elite,03_elite_top,2593,2639,2639,False,True,2,0.4286,0.0372
rn4k1/pp1q1rpp/3bNn2/2pPp1B1/8/2N5/PPP3PP/R2Q1RK1 b - - 7 14,28,T2025-09_240,f6e8,-331,18,b8a6,0.0339,0.0359,0.0394,0.0359,h7h6,b8a6,b8a6,b8a6,135.0,0.0394,0.002,True,elite,03_elite_top,2534,2670,2670,False,True,6,0.6972,0.0939
1r3rk1/6pp/2q5/2p1pp2/2Pb4/Q3N1P1/P2R1P1P/5RK1 b - - 1 26,52,T2025-09_243,c6h6,192,43,c6f3,0.0049,0.0059,0.0058,0.0051,f5f4,f5f4,f5f4,f5f4,108.0,0.0059,0.0002,True,elite,03_elite_top,2457,2622,2622,False,True,0,0.7041,0.2623
3rr2k/2q1b3/p5Qp/8/1p2n3/8/PP4PP/4RRBK b - - 0 30,60,T2025-09_245,c7d6,-297,108,e7g5,0.0252,0.0358,0.0413,0.0445,e7g5,e7g5,e7g5,e7g5,267.0,0.0445,0.0193,True,elite,03_elite_top,2551,2637,2637,False,True,6,0.6454,0.1419
r6r/1bq1kppp/p3p3/1pNnn3/1P6/P1p2N2/2Q1BPPP/1R3RK1 b - - 1 18,36,T2025-09_247,d5f4,260,13,e5d7,0.0345,0.0261,0.0212,0.0215,e5f3,e5f3,e5f3,e5f3,173.0,0.0345,-0.013,True,elite,03_elite_top,2529,2623,2623,False,True,2,0.6261,0.0487
1r1qkb1r/4pppp/p4n2/3p4/P2P4/2NQP3/1P3PPP/R1B1K2R b KQk - 0 16,32,T2025-09_254,d8c8,-125,16,d8d6,0.0089,0.0057,0.0048,0.0051,e7e6,e7e6,e7e6,e7e6,103.0,0.0089,-0.0038,True,elite,03_elite_top,2545,2632,2632,False,True,3,0.6,0.0033
1r4k1/3r1ppp/2pNp2q/p2nP3/3R3P/P5P1/1P2QP2/5RK1 b - - 0 22,44,T2025-09_258,f7f5,-43,51,f7f5,0.0321,0.0259,0.0219,0.0167,c6c5,c6c5,c6c5,c6c5,104.0,0.0321,-0.0154,True,elite,03_elite_top,2603,2875,2875,True,False,5,0.5696,0.1004
2r5/3q1k1p/1p2p1p1/p2nQp2/P2P4/BP5P/6P1/4R2K b - - 1 30,60,T2025-09_260,g6g5,174,5,c8c6,0.0065,0.0037,0.0031,0.0039,c8c3,c8c3,c8c3,c8c3,601.0,0.0065,-0.0026,True,elite,03_elite_top,2463,2605,2605,False,True,0,0.6335,0.2151
2r3k1/5p2/R4B1p/4Pb1p/P7/7P/1P2r1P1/6RK b - - 0 26,52,T2025-09_262,g8h7,-68,30,g8h7,0.0197,0.0183,0.0134,0.0129,e2b2,e2b2,e2b2,e2b2,223.0,0.0197,-0.0068,True,elite,03_elite_top,2492,2677,2677,True,False,5,0.5983,0.2153
2r5/R7/4p1kp/7p/PP2b3/7P/4r1P1/B5RK b - - 3 32,64,T2025-09_262,h5h4,-48,33,e6e5,0.0464,0.0251,0.014,0.0112,c8c2,c8c2,c8c2,c8c2,495.0,0.0464,-0.0352,True,elite,03_elite_top,2492,2677,2677,False,True,5,0.5419,0.0803
r4r2/p5pk/7p/Qp2p2q/4P2P/3P1bP1/1N3P2/2R2RK1 b - - 0 26,52,T2025-09_263,f8f4,1992,1556,f8f4,0.0039,0.0025,0.0024,0.0043,h5g4,h5g4,h5g4,h5g4,1515.0,0.0043,0.0004,True,elite,03_elite_top,2341,2973,2973,True,False,4,0.6789,0.0488
2r1r1k1/5p1p/3q1np1/3Pp3/1p6/5BQP/1PP1R1P1/4R1K1 b - - 1 28,56,T2025-09_265,g8g7,122,15,g8g7,0.0146,0.0149,0.0104,0.0081,f6d5,f6d7,f6d7,f6d7,111.0,0.0149,-0.0065,True,elite,03_elite_top,2478,2864,2864,True,False,0,0.6007,0.1156
2r1r3/5pk1/3q1np1/3Pp2p/1p6/5BQP/1PP1R1P1/4R2K b - - 1 30,60,T2025-09_265,c8c4,157,47,c8c4,0.0457,0.0429,0.0391,0.0372,f6d5,f6d7,f6d7,f6d7,107.0,0.0457,-0.0085,True,elite,03_elite_top,2478,2864,2864,True,False,0,0.6127,0.1594
r4rk1/pp2qp2/7p/3p1R2/8/2PQn1PK/PP1N4/4R3 b - - 4 22,44,T2025-09_269,f8e8,-20,12,a8e8,0.0376,0.0361,0.0345,0.0407,e7e6,e7e6,e7e6,e7e6,491.0,0.0407,0.0031,True,elite,03_elite_top,2553,2666,2666,False,True,5,0.5184,0.0302
r5k1/1p4pp/2pq4/p1p3rn/P6N/1P1P2P1/2PQ1P2/R4RK1 b - - 3 22,44,T2025-09_277,d6h6,0,0,h7h6,0.0169,0.0156,0.0143,0.015,h5g3,h5g3,g5g3,g5g3,364.0,0.0169,-0.0019,True,elite,03_elite_top,2451,2626,2626,False,True,0,0.5738,0.0701
r1bqkb1r/pp2p1pp/2pp1n2/3Pn1B1/3Qp2P/2N5/PPP2PP1/2KR1BNR b kq - 1 8,16,T2025-09_280,d8b6,49,2,d8b6,0.0204,0.0218,0.0239,0.0297,c6d5,c6c5,c6c5,c6c5,115.0,0.0297,0.0093,True,elite,03_elite_top,2588,2670,2670,True,False,3,0.6646,0.0253
1r2k2r/p2bp2p/1qpp3b/5p2/5PnP/1PN3PN/P1P5/2KRQB1R b k - 2 16,32,T2025-09_280,b6c5,229,25,h6g7,0.0161,0.0152,0.0178,0.0231,g4e3,h6g7,h6g7,h6g7,171.0,0.0231,0.007,True,elite,03_elite_top,2588,2670,2670,False,True,2,0.5985,0.0161
r6k/pp1bq2p/3N1rn1/4ppQ1/8/1BP5/P4PPP/2KR3R b - - 9 22,44,T2025-09_286,a7a5,50,17,d7e6,0.0027,0.0035,0.0035,0.0031,f6d6,f6d6,f6d6,f6d6,309.0,0.0035,0.0004,True,elite,03_elite_top,2654,2869,2869,False,True,0,0.6065,0.0177
r4bk1/1p3p1p/1qp1pBp1/8/1P2B1RQ/7P/r4PP1/1R4K1 b - - 9 28,56,T2025-09_288,f8h6,-309,4,f8g7,0.001,0.0008,0.0006,0.0005,a2a1,a2a1,a8a4,a8a4,158.0,0.001,-0.0005,True,elite,03_elite_top,2315,2688,2688,False,True,7,0.641,0.1743
r2n1r1k/1pp1p1bp/1p4p1/4p1NP/2B3q1/1Q2B3/PP3PP1/2KR3R b - - 0 20,40,T2025-09_293,f8f4,-487,58,g6h5,0.0015,0.0015,0.0018,0.0022,g6h5,g6h5,g6h5,g6h5,116.0,0.0022,0.0007,True,elite,03_elite_top,2595,2678,2678,False,True,1,0.8643,0.2854
5b1k/1pp1pB2/1p1r2Pp/4p1BR/8/8/PP3P2/2K5 b - - 2 30,60,T2025-09_293,b6b5,-498,8,d6d7,0.0058,0.0033,0.0024,0.0027,h8g7,h8g7,h8g7,h8g7,369.0,0.0058,-0.0031,True,elite,03_elite_top,2595,2678,2678,False,True,1,0.7631,0.187
r1b1kb1r/p1q1pp1p/2p3pn/1p2n3/4NB2/5N1P/PPP1QPP1/R3KB1R b KQkq - 1 10,20,T2025-09_295,e5d3,-154,67,e5f3,0.0136,0.0197,0.0322,0.0382,f8g7,f8g7,f8g7,f8g7,145.0,0.0382,0.0246,True,elite,03_elite_top,2346,2637,2637,False,True,3,0.5803,0.0061
r1b1kb1r/p3pp1p/2p3pn/qp6/4NB2/2P2Q1P/PP3PP1/R3KB1R b KQkq - 0 12,24,T2025-09_295,a5b6,-250,37,a5b6,0.0224,0.0277,0.0338,0.0467,b5b4,f8g7,f8g7,f8g7,185.0,0.0467,0.0243,True,elite,03_elite_top,2346,2637,2637,True,False,6,0.6386,0.0642
r1b1kb1r/p3pp1p/1qp3pn/8/p1B1NB2/2P2Q1P/1P3PP1/R3K2R b KQkq - 1 14,28,T2025-09_295,c8f5,-265,22,c8f5,0.0336,0.0363,0.0324,0.0186,b6b2,b6b2,b6b2,f8g7,197.0,0.0363,-0.015,True,elite,03_elite_top,2346,2637,2637,True,False,6,0.6724,0.1263
r3k1r1/p3ppbp/1qp3pn/8/p1B1QBP1/2P4P/1P3P2/R3K2R b KQq - 2 18,36,T2025-09_295,g8f8,-308,1,g8f8,0.0108,0.0214,0.0297,0.0257,b6b2,b6b2,b6b2,b6b2,1688.0,0.0297,0.0149,True,elite,03_elite_top,2346,2637,2637,True,False,6,0.7263,0.1412
r3krn1/pq3pbp/2p1p1p1/6P1/p1B2B2/2PQ3P/1P3P2/3R1RK1 b q - 1 22,44,T2025-09_295,a7a5,-433,37,a7a5,0.0084,0.0073,0.0053,0.0048,g8e7,g8e7,g8e7,g8e7,270.0,0.0084,-0.0036,True,elite,03_elite_top,2346,2637,2637,True,False,6,0.6953,0.1721
r3kr2/1q2n1bp/2pQB1p1/p5p1/p7/2P1B2P/1P1R1P2/5RK1 b q - 0 28,56,T2025-09_295,f8f5,-629,30,f8f5,0.0038,0.0038,0.0042,0.005,e7f5,e7f5,e7d5,e7d5,131.0,0.005,0.0012,True,elite,03_elite_top,2346,2637,2637,True,False,6,0.7781,0.1676
r3k3/1q2n1bp/2pQ4/p4pp1/p7/2P1B2P/1P1R1P2/4R1K1 b q - 1 30,60,T2025-09_295,e8f7,-675,1,g7f8,0.0402,0.0467,0.0479,0.047,f5f4,f5f4,f5f4,f5f4,137.0,0.0479,0.0068,True,elite,03_elite_top,2346,2637,2637,False,True,1,0.8582,0.2182
r3kb2/1q2B2p/2p2Q2/6p1/p4p2/P1P4P/3R1P2/4R1K1 b q - 0 34,68,T2025-09_295,b7e7,-879,1119,f8e7,0.011,0.0142,0.0181,0.0278,f8e7,f8e7,f8e7,f8e7,1119.0,0.0278,0.0168,True,elite,03_elite_top,2346,2637,2637,False,True,1,0.861,0.3482
r1r3k1/2P1np1p/4p1p1/3p4/5PP1/5P2/qbQN1BBP/5RK1 b - - 0 26,52,T2025-09_296,b2d4,488,62,b2f6,0.0089,0.0066,0.005,0.0037,a8a7,a2a3,a2a3,a2a3,208.0,0.0089,-0.0052,True,elite,03_elite_top,2350,2683,2683,False,True,4,0.832,0.3452
7r/2p3pp/1k2pn2/1pb5/3r4/4N1P1/1B1PnPBP/1R3R1K b - - 3 24,48,T2025-09_299,d4a4,0,21,d4b4,0.0112,0.0115,0.0097,0.0103,d4d2,d4d2,d4d2,d4d2,403.0,0.0115,-0.0009,True,elite,03_elite_top,2441,2602,2602,False,True,2,0.5032,0.0093
r3q2r/2p1n1pp/pp2Qp1k/1PP1n3/P2PP3/6P1/3N2KP/R4R2 b - - 0 22,44,T2025-09_300,e8d7,191,16,a8d8,0.0107,0.0144,0.0221,0.0326,e5d3,e5g6,e5g6,e5g6,524.0,0.0326,0.0219,True,elite,03_elite_top,2617,2821,2821,False,True,6,0.5444,0.1682
3r1r2/2p1n1k1/7p/1PpP3P/4PP2/1N4K1/8/R7 b - - 0 34,68,T2025-09_300,e7d5,336,73,c5c4,0.0187,0.0216,0.0279,0.027,c5c4,c5c4,c5c4,c5c4,101.0,0.0279,0.0083,True,elite,03_elite_top,2617,2821,2821,False,True,5,0.3864,0.0586
r4rk1/1q1n1ppp/pp1Pp3/4B3/1PPp3P/6P1/P3QP2/R4RK1 b - - 2 20,40,T2025-09_301,d4d3,-22,16,b7c6,0.0397,0.0351,0.0354,0.0297,d7e5,d7e5,d7e5,d7e5,198.0,0.0397,-0.01,True,elite,03_elite_top,2458,2685,2685,False,True,2,0.5118,0.0133
r2qr3/2pb1p1k/3p1n2/5pQ1/p3P3/6RP/PP3PP1/R5K1 b - - 3 24,48,T2025-09_304,f6g4,447,2445,f6g4,0.0011,0.0007,0.0007,0.0007,e8g8,e8g8,e8g8,e8g8,2445.0,0.0011,-0.0004,True,elite,03_elite_top,2549,2657,2657,True,False,6,0.4235,0.1279
2r1r1k1/Q7/2p2b2/1qBp2p1/p2P1p2/8/2R2PP1/2R3K1 b - - 2 30,60,T2025-09_307,e8e6,237,45,b5d3,0.0046,0.0056,0.0073,0.0115,c8a8,c8a8,c8a8,c8a8,176.0,0.0115,0.0069,True,elite,03_elite_top,2481,2623,2623,False,True,0,0.6178,0.2426
1rb1k2r/p1p4p/3bp1pQ/2pp1q2/P7/R4N1P/1PP2PP1/2B1R1K1 b k - 0 20,40,T2025-09_312,b8b4,41,20,b8b4,0.0442,0.0328,0.0296,0.0326,d6f8,d6f8,d6f8,d6f8,225.0,0.0442,-0.0116,True,elite,03_elite_top,2748,2978,2978,True,False,2,0.5105,0.0497
1Rb4r/p1pk3p/3bpqpQ/2pp4/r7/5N1P/1PPB1PP1/4R1K1 b - - 5 24,48,T2025-09_312,a7a6,95,14,a7a6,0.0073,0.0108,0.0148,0.0147,a4a2,c7c6,a4e4,a4e4,120.0,0.0148,0.0074,True,elite,03_elite_top,2748,2978,2978,True,False,0,0.553,0.06
r4rk1/p2n4/2p4p/2Ppp2b/3P4/P3P2N/5NPP/2R1R1K1 b - - 3 28,56,T2025-09_314,h5g6,-41,27,a8e8,0.0071,0.0085,0.01,0.0128,e5d4,e5d4,e5d4,e5e4,250.0,0.0128,0.0057,True,elite,03_elite_top,2547,2611,2611,False,True,5,0.6549,0.1298
3rr3/1kp2ppp/3b4/3q4/3p1B2/3N1PP1/1P5P/2R2QK1 b - - 5 26,52,T2025-09_315,d5b5,309,9,e8e3,0.02,0.0276,0.0319,0.0263,d6f4,d6f4,d6f4,d6f4,309.0,0.0319,0.0063,True,elite,03_elite_top,2512,2666,2666,False,True,0,0.5616,0.1718
r2qr1k1/3n1pbp/p1R3p1/8/Pp2p3/4B1PP/1P3PB1/3QR1K1 b - - 0 20,40,T2025-09_322,g7f8,-28,4,g7b2,0.0012,0.0011,0.0009,0.0009,g7b2,g7b2,g7b2,g7b2,295.0,0.0012,-0.0003,True,elite,03_elite_top,2465,2632,2632,False,True,2,0.5578,0.0209
r2q2k1/3nrp1p/p2R2p1/6B1/Pp2p3/6PP/1b3PB1/3QR1K1 b - - 3 22,44,T2025-09_322,b4b3,-395,28,f7f6,0.0019,0.0007,0.0003,0.0001,f7f6,f7f6,f7f6,f7f6,102.0,0.0019,-0.0018,True,elite,03_elite_top,2465,2632,2632,False,True,6,0.7109,0.1567
4r1k1/p2q2bp/Pp2bn2/1P1p2p1/1BrPp3/2N1PpP1/5P1P/1R1QRBK1 b - - 1 24,48,T2025-09_323,c4c3,413,93,e8c8,0.0091,0.0046,0.0027,0.0018,c4c7,c4c7,c4c7,c4c7,154.0,0.0091,-0.0073,True,elite,03_elite_top,2575,2663,2663,False,True,0,0.546,0.0374
2q4k/p5bp/Pp1B4/1P1Q2p1/3Pp3/2r1P1P1/5PpP/1R4K1 b - - 2 34,68,T2025-09_323,c8d7,-402,67,h7h6,0.0019,0.0015,0.0013,0.0017,c3c1,c3c1,c3c1,c3c1,219.0,0.0019,-0.0002,True,elite,03_elite_top,2575,2663,2663,False,True,1,0.6938,0.0579
1r4k1/1bqnppbp/2pp2p1/8/2P3n1/1R1P1NP1/P1Q1PPBP/5RK1 b - - 3 16,32,T2025-09_327,b8a8,163,67,c6c5,0.0294,0.0179,0.0126,0.0161,c6c5,c6c5,g4e5,c6c5,163.0,0.0294,-0.0133,True,elite,03_elite_top,2447,2627,2627,False,True,2,0.5204,0.0928
r5k1/1pq2p1p/2r3p1/4b3/2npP3/P5P1/QB4BP/2RR2K1 b - - 1 24,48,T2025-09_328,d4d3,465,37,a8d8,0.0157,0.0126,0.0117,0.0126,c4b2,c4b2,c4b2,c4b2,109.0,0.0157,-0.0031,True,elite,03_elite_top,2542,2701,2701,False,True,4,0.7624,0.0793
r3n1k1/ppp4p/q4pp1/2pPB3/2P2Q2/5R1P/5PP1/6K1 b - - 1 28,56,T2025-09_330,a8d8,0,0,a8d8,0.0226,0.0224,0.0214,0.023,f6e5,f6e5,f6e5,f6e5,1999.0,0.023,0.0004,True,elite,03_elite_top,2746,2872,2872,True,False,0,0.5665,0.0458
1r3rk1/pp1n1ppp/1b2b3/2nNp1P1/8/4B2P/PPP1NPB1/2KR3R b - - 2 16,32,T2025-09_332,f7f5,-206,20,b6d8,0.0062,0.0061,0.008,0.0094,e6d5,e6d5,e6d5,e6d5,152.0,0.0094,0.0032,True,elite,03_elite_top,2592,2606,2606,False,True,2,0.6136,0.0386
3r2k1/1r3qp1/2R2b1p/3n1Q2/2BpNP2/3P3P/2PB2PK/8 b - - 2 28,56,T2025-09_339,f6h4,-477,63,g8h8,0.0228,0.0135,0.0083,0.0056,b7d7,b7d7,b7d7,b7d7,149.0,0.0228,-0.0172,True,elite,03_elite_top,2501,2603,2603,False,True,6,0.7338,0.2016
r2qkbnr/pp3ppp/2p1p3/8/4P3/2Nn2PP/PPQP1PB1/R1B2RK1 b kq - 0 12,24,T2025-09_340,a7a5,45,12,f8c5,0.0015,0.0013,0.0007,0.0007,d3c1,d3c1,d3c1,d3c1,106.0,0.0015,-0.0008,True,elite,03_elite_top,2500,2654,2654,False,True,3,0.5266,0.0039
3r2k1/pp2nppp/2p1p3/8/P3PP2/1PP3PP/3r2BK/2R2R2 b - - 0 24,48,T2025-09_340,e6e5,160,19,g8f8,0.0008,0.0002,0.0001,0.0,d2b2,d2b2,d2b2,d2b2,107.0,0.0008,-0.0008,True,elite,03_elite_top,2500,2654,2654,False,True,0,0.484,0.0936
5r1k/p5p1/1p5p/5P2/2pq3P/P5Q1/KPP2P2/4rB1R b - - 3 30,60,T2025-09_341,e1c1,538,66,d4d1,0.0383,0.0358,0.0326,0.0367,f8f5,d4d5,d4d5,d4d5,528.0,0.0383,-0.0016,True,elite,03_elite_top,2592,2603,2603,False,True,4,0.7691,0.2389
3r2k1/p4p1p/qp4pb/3Pp3/1pR1P3/1P3N2/P3QPPP/6K1 b - - 3 24,48,T2025-09_342,f7f6,-244,9,h6g7,0.0238,0.0246,0.0292,0.0431,b6b5,b6b5,a6a3,a6a3,112.0,0.0431,0.0193,True,elite,03_elite_top,2389,2681,2681,False,True,5,0.6871,0.0655
r4rk1/1p1nbppp/p1q1p3/3p3b/P2P1P2/1QPB2B1/1P1N2PP/R3R1K1 b - - 0 16,32,T2025-09_344,a8e8,8,0,e7d6,0.0106,0.007,0.0059,0.0071,d7f6,d7f6,h5g6,h5g6,102.0,0.0106,-0.0035,True,elite,03_elite_top,2595,2701,2701,False,True,2,0.6792,0.0918
6r1/1p4k1/2p2pp1/p1p1r3/2P1P2R/1P1PK3/P6P/6R1 b - - 0 30,60,T2025-09_345,e5e8,0,10,e5e8,0.0082,0.0051,0.0036,0.0041,g8h8,g8h8,g8h8,g8h8,371.0,0.0082,-0.0041,True,elite,03_elite_top,2598,2653,2653,True,False,5,0.4933,0.1072
r1b2rk1/1p3p1p/p4bp1/3RB2P/q1p1B3/6Q1/2P2PP1/1R4K1 b - - 0 28,56,T2025-09_348,a4c6,-267,58,f6e5,0.0314,0.0315,0.0315,0.0373,f6e5,f6e5,f6e5,f6e5,172.0,0.0373,0.0059,True,elite,03_elite_top,2378,2618,2618,False,True,6,0.6506,0.1128
r1b1qrk1/1p3p1p/p4Qp1/3R3P/2p1B3/8/2P2PP1/1R4K1 b - - 2 30,60,T2025-09_348,h7h6,-482,18,h7h6,0.0019,0.0011,0.0008,0.0011,e8e4,e8e4,e8e4,e8e4,1514.0,0.0019,-0.0008,True,elite,03_elite_top,2378,2618,2618,True,False,6,0.5882,0.1005
rnbq1rk1/pp2ppb1/3p3p/2p3pn/2PP4/2N1PNB1/PPQ1BPPP/R3K2R b KQ - 1 10,20,T2025-09_352,g5g4,82,69,h5g3,0.0295,0.0231,0.0225,0.0247,h5g3,h5g3,h5g3,b8c6,148.0,0.0295,-0.0048,True,elite,03_elite_top,2580,2680,2680,False,True,3,0.7324,0.1202
r4rk1/1b3pp1/ppnbpq1p/4N3/3PBB2/P1P3Q1/5PPP/R4RK1 b - - 6 16,32,T2025-09_353,c6d4,195,216,a8c8,0.0125,0.0108,0.0097,0.0065,a8c8,a8c8,a8c8,a8c8,229.0,0.0125,-0.006,True,elite,03_elite_top,2436,2601,2601,False,True,2,0.5444,0.0147
3q1rk1/3n1ppp/rn2p3/p7/3N4/4P1P1/R2Q1PBP/2R3K1 b - - 0 20,40,T2025-09_363,d7b8,-28,1,a5a4,0.0248,0.0209,0.019,0.0187,a5a4,b6d5,b6d5,a5a4,182.0,0.0248,-0.0061,True,elite,03_elite_top,2710,2927,2927,False,True,2,0.5104,0.0578
3r1rk1/bpp1n1p1/p1n5/2PN1b2/1P5p/P6P/1B2NPB1/3RK2R b K - 2 18,36,T2025-09_368,b7b6,-72,16,e7d5,0.0075,0.0029,0.0011,0.0008,e7d5,e7d5,e7d5,e7d5,130.0,0.0075,-0.0067,True,elite,03_elite_top,2510,2704,2704,False,True,2,0.5908,0.0209
1R6/4k3/p2np1p1/8/N2P4/3Q1P1q/PP5r/2K5 b - - 12 34,68,T2025-09_374,d6c4,160,110,d6c4,0.0003,0.0002,0.0002,0.0004,h2h1,h2h1,h2h1,h2h1,164.0,0.0004,0.0001,True,elite,03_elite_top,2654,2904,2904,True,False,0,0.5229,0.111
5rk1/p4pp1/1r2b2p/1Bp1Bn2/P1P4P/5P2/6P1/R2R2K1 b - - 0 26,52,T2025-09_377,b6b7,-97,3,e6c8,0.0052,0.0053,0.0051,0.0056,f5h4,f5h4,f5h4,f5h4,257.0,0.0056,0.0004,True,elite,03_elite_top,2424,2742,2742,False,True,5,0.5246,0.0575
3r3k/3r2pp/5p2/p3P3/2Q2P2/PP1PR3/4B1KP/4q3 b - - 2 34,68,T2025-09_386,d7d3,296,42,d7d3,0.0045,0.0026,0.0017,0.0012,f6e5,f6e5,f6e5,f6e5,166.0,0.0045,-0.0033,True,elite,03_elite_top,2563,2670,2670,True,False,0,0.434,0.0215
r1b1rnk1/ppq2ppp/3b1p2/5P1N/3P4/3B4/PP4PP/R1BQ1RK1 b - - 0 14,28,T2025-09_389,c7b6,-108,21,b7b6,0.0178,0.0149,0.0148,0.0127,d6h2,d6h2,d6h2,d6h2,170.0,0.0178,-0.0051,True,elite,03_elite_top,2427,2681,2681,False,True,6,0.6527,0.0677
r3r1k1/1pp2q1p/5B2/p1p1Pp2/5N1Q/1P3pP1/P3nP1P/3R3K b - - 5 28,56,T2025-09_392,a8d8,-404,72,e2d4,0.0107,0.004,0.002,0.0022,e2f4,e2f4,e2f4,e2f4,198.0,0.0107,-0.0085,True,elite,03_elite_top,2482,2631,2631,False,True,6,0.5656,0.0982
2r4r/p3kppp/1p2pn2/1Nn5/5P2/8/PP2PPBP/R2R2K1 b - - 0 18,36,T2025-09_393,a7a5,-147,38,f6e4,0.0486,0.0476,0.0311,0.0239,a7a6,a7a6,a7a6,a7a6,143.0,0.0486,-0.0247,True,elite,03_elite_top,2438,2622,2622,False,True,5,0.5691,0.0761
r2q1rk1/2p3p1/p1n1b2p/1p1pp3/8/2P1BN2/PPB3PP/R2Q1NK1 b - - 1 16,32,T2025-09_398,d8d6,-62,37,d8d6,0.0113,0.011,0.0155,0.028,e5e4,e5e4,e5e4,e6g4,142.0,0.028,0.0167,True,elite,03_elite_top,2455,2723,2723,True,False,7,0.6725,0.2179
3r1rk1/1p4p1/2q1pp1p/8/p2p2Q1/P2nN1P1/1PR2P1P/2R3K1 b - - 1 28,56,T2025-09_399,f6f5,482,13,c6d7,0.0082,0.0063,0.0046,0.0044,d3c1,d3c1,d3c1,d3c1,169.0,0.0082,-0.0038,True,elite,03_elite_top,2485,2691,2691,False,True,4,0.6549,0.0156
3r1rk1/1pRq2p1/4p1Qp/5p2/p2p4/P2nN1P1/1P3P1P/2R3K1 b - - 1 30,60,T2025-09_399,d3e5,310,220,d3e5,0.0199,0.0168,0.0143,0.0137,d7d6,d7d6,d7f7,d7f7,690.0,0.0199,-0.0062,True,elite,03_elite_top,2485,2691,2691,True,False,0,0.5305,0.1417
rn1q1rk1/1pp1ppbp/2b2np1/6N1/pPQ1P3/P5P1/1B1P1PBP/RN2K2R b KQ - 0 12,24,T2025-09_403,f6e4,251,117,f6e4,0.0219,0.0105,0.0055,0.002,b7b5,b7b5,b7b5,h7h6,122.0,0.0219,-0.0199,True,elite,03_elite_top,2447,2613,2613,True,False,2,0.6491,0.0757
5r2/r2qppkp/2p3p1/2Rn4/pP6/P5P1/3PQPBP/2R3K1 b - - 2 24,48,T2025-09_403,f8d8,-261,16,e7e6,0.0078,0.0084,0.009,0.0102,f8c8,f8c8,f8c8,f8c8,298.0,0.0102,0.0024,True,elite,03_elite_top,2447,2613,2613,False,True,5,0.6821,0.0269
2k3r1/pp3p2/2nrp1pp/4N1q1/Q1BP4/2P5/P4PP1/1R2R1K1 b - - 2 22,44,T2025-09_413,g5e7,-645,11,c8c7,0.0254,0.0354,0.0446,0.0471,c6e5,c6e5,c6e5,c6e5,125.0,0.0471,0.0217,True,elite,03_elite_top,2572,2604,2604,False,True,1,0.9285,0.4012
2kr4/1p2q1p1/p1b1p3/3nP3/3PN1r1/8/P5B1/R1Q2RK1 b - - 1 26,52,T2025-09_417,g4g2,639,23,c8b8,0.0112,0.0139,0.0176,0.0249,g4e4,g4e4,c8b8,c8b8,101.0,0.0249,0.0137,True,elite,03_elite_top,2500,2624,2624,False,True,4,0.8686,0.2895
1k1rq3/pp1b2bB/2n2p2/3Qp3/8/2P1B3/PPP3PP/4RRK1 b - - 0 20,40,T2025-09_421,d7f5,-272,156,d7f5,0.0357,0.0286,0.0209,0.0164,d7e6,d7e6,d7e6,d7e6,157.0,0.0357,-0.0193,True,elite,03_elite_top,2590,2661,2661,True,False,6,0.5439,0.0695
1k3q2/pp1R4/2n2p2/4pBb1/8/2P3P1/PPP2B1P/5RK1 b - - 2 26,52,T2025-09_421,e5e4,-353,20,f8h6,0.0439,0.04,0.039,0.0354,c6e7,c6e7,c6e7,c6e7,191.0,0.0439,-0.0085,True,elite,03_elite_top,2590,2661,2661,False,True,6,0.5467,0.0284
r5rk/pp5p/1n2N3/1Q2bbpP/8/2P3P1/PP3PB1/6K1 b - - 3 28,56,T2025-09_423,b6d7,-370,14,b6d7,0.0083,0.0074,0.0067,0.0065,f5e6,f5e6,f5e6,f5e6,537.0,0.0083,-0.0018,True,elite,03_elite_top,2588,2660,2660,True,False,6,0.6463,0.2082
4r1rk/pp1Q3p/4N3/3BbbpP/8/2P3P1/PP3P2/6K1 b - - 2 30,60,T2025-09_423,e8f8,-431,5,g5g4,0.0086,0.0052,0.0037,0.0037,f5e6,f5e6,f5e6,f5e6,123.0,0.0086,-0.0049,True,elite,03_elite_top,2588,2660,2660,False,True,6,0.6043,0.1387
4r1k1/p1b1npp1/2p5/PrNpPPqp/3B4/2PQ2P1/7P/4RRK1 b - - 0 26,52,T2025-09_425,e7c8,-361,20,c7d8,0.009,0.0081,0.0068,0.0072,b5a5,c7a5,c7a5,c7a5,149.0,0.009,-0.0018,True,elite,03_elite_top,2484,2698,2698,False,True,6,0.6052,0.0782
3br1k1/p2Nn1p1/2p1PB2/Pr1p1P1p/2q5/2P3P1/2Q4P/4RRK1 b - - 2 30,60,T2025-09_425,e8f8,-647,50,g7f6,0.0014,0.0008,0.0004,0.0003,g7f6,g7f6,g7f6,g7f6,236.0,0.0014,-0.0011,True,elite,03_elite_top,2484,2698,2698,False,True,6,0.7378,0.0508
3br2k/p3n3/2p1PN2/Pr1p1P1p/2q5/2P3P1/7P/3QRRK1 b - - 2 32,64,T2025-09_425,c4g4,-916,67,c4g4,0.0019,0.0026,0.0037,0.0054,e8f8,e8f8,e8f8,e8f8,1080.0,0.0054,0.0035,True,elite,03_elite_top,2484,2698,2698,True,False,6,0.7273,0.0228
r4r2/1q4bk/p1p1pppp/P2p4/1P1PnB2/2PNQ2P/5PP1/1R2R1K1 b - - 1 20,40,T2025-09_426,b7a7,-161,20,e4c3,0.0045,0.0035,0.0028,0.0023,e4c3,e4c3,e4c3,a8e8,158.0,0.0045,-0.0022,True,elite,03_elite_top,2574,2603,2603,False,True,2,0.6761,0.0718
r1bq1rk1/pp1nb1pp/2n1pp2/2ppP3/3P1N2/2PB1N2/PP3PPP/R1BQ1RK1 b - - 1 10,20,T2025-09_433,d7e5,-24,218,d7b6,0.0017,0.0027,0.0035,0.0049,f6e5,f6e5,f6e5,f6e5,350.0,0.0049,0.0032,True,elite,03_elite_top,2552,2693,2693,False,True,3,0.7182,0.1981
r5k1/pp3np1/2q1b1Q1/3pp3/2nB4/2P2R2/PP3PPP/4R1K1 b - - 3 28,56,T2025-09_433,f7h8,237,367,e5d4,0.024,0.0201,0.016,0.0136,e5d4,e5d4,e5d4,e5d4,385.0,0.024,-0.0104,True,elite,03_elite_top,2552,2693,2693,False,True,0,0.5126,0.0332
r4rk1/3q2p1/p3p2p/1p1p4/P1nQ1N2/1B2P3/1P3PPP/5RK1 b - - 0 20,40,T2025-09_434,a8d8,232,12,a8d8,0.0277,0.0338,0.0382,0.0401,e6e5,e6e5,e6e5,e6e5,129.0,0.0401,0.0124,True,elite,03_elite_top,2577,2602,2602,True,False,0,0.5098,0.1015
2n1rb2/1N3p1k/2p1p1pp/1b1pP3/r2P3P/2B2N2/5PP1/1Q2R1K1 b - - 0 24,48,T2025-09_435,h7g8,-391,1,h7g8,0.0032,0.0031,0.0032,0.0048,c8b6,c8b6,c8b6,c8b6,111.0,0.0048,0.0016,True,elite,03_elite_top,2545,2619,2619,True,False,1,0.8114,0.2747
2n1rbk1/1N3p2/2p1p2p/1b1pP1pP/r2P4/2B5/5PPN/1Q2R1K1 b - - 1 26,52,T2025-09_435,f8g7,-441,9,a4a7,0.0078,0.0081,0.0077,0.007,c8b6,c8b6,c8b6,c8b6,148.0,0.0081,-0.0008,True,elite,03_elite_top,2545,2619,2619,False,True,1,0.8389,0.2695
2rrb1k1/1p2qpb1/1np1p2p/p3N1pP/P2P4/2N1P3/1PQ2PP1/1B1RR1K1 b - - 5 20,40,T2025-09_439,g8f8,14,38,g8f8,0.049,0.0375,0.0218,0.0118,f7f5,f7f5,f7f5,f7f5,150.0,0.049,-0.0372,True,elite,03_elite_top,2578,3077,3077,True,False,2,0.6736,0.1326
r3qr1k/1p1n2p1/5n1p/3p1b2/p2PpB2/2Q1P2P/PP1N1P2/1KR2B1R b - - 1 20,40,T2025-09_440,d7b8,19,24,e8e6,0.0091,0.0055,0.0031,0.0023,a8c8,d7b6,d7b6,d7b6,147.0,0.0091,-0.0068,True,elite,03_elite_top,2584,2653,2653,False,True,2,0.5627,0.1571
5r1k/3Q2p1/6qp/3p4/3Pp1n1/4P3/PP1N1P2/1KR2R2 b - - 0 32,64,T2025-09_440,f8f5,-538,18,f8f2,0.0101,0.0062,0.0044,0.005,g4f2,g4f2,g4f2,g4f2,200.0,0.0101,-0.0051,True,elite,03_elite_top,2584,2653,2653,False,True,1,0.8811,0.4339
r3r1k1/3q1p1p/1p3Pp1/p1p3Q1/Pn1N1p1P/1P1P4/1BP2P2/2KR4 b - - 1 24,48,T2025-09_444,b4d5,-201,256,g8h8,0.0358,0.0306,0.0258,0.0234,c5d4,c5d4,c5d4,c5d4,1795.0,0.0358,-0.0124,True,elite,03_elite_top,2596,2710,2710,False,True,6,0.4716,0.0945
r5rk/3q1p1p/1p3PpQ/p1p5/Pn3p1P/1P1P1N2/1BP2P2/2KR4 b - - 5 26,52,T2025-09_444,g6g5,-647,136,g6g5,0.0389,0.0346,0.0284,0.0246,b4a2,d7g4,d7g4,d7f5,1345.0,0.0389,-0.0143,True,elite,03_elite_top,2596,2710,2710,True,False,6,0.6565,0.1309
r1bqn2k/ppp3pp/3p4/3N2p1/3bQ3/3B4/PPP2PPP/R5K1 b - - 3 18,36,T2025-09_445,c8f5,-15,39,c8f5,0.0084,0.0044,0.0025,0.0013,e8f6,e8f6,e8f6,e8f6,102.0,0.0084,-0.0071,True,elite,03_elite_top,2509,2971,2971,True,False,3,0.467,0.1574
8/p4pkp/1p1qp3/8/2P2p2/1P1b1P2/P2N1QPP/6K1 b - - 1 32,64,T2025-09_447,h7h5,73,24,d6e5,0.0119,0.0111,0.0123,0.0201,d6a3,d6a3,d6a3,d6a3,525.0,0.0201,0.0082,True,elite,03_elite_top,2442,2633,2633,False,True,0,0.4924,0.0434
8/p4pkp/1p2p3/8/2P2p2/1P1b1P1P/P2N1QPK/q7 b - - 2 34,68,T2025-09_447,a1b2,26,6,a1b2,0.0103,0.007,0.0059,0.006,a1a2,a1a2,a1a2,a1a2,550.0,0.0103,-0.0043,True,elite,03_elite_top,2442,2633,2633,True,False,5,0.4828,0.0254
5rk1/p4p2/Bp1q2p1/3Pp2p/1P2Pn2/P3QN2/7K/2R5 b - - 0 30,60,T2025-09_449,f4d5,-187,108,f8e8,0.0041,0.002,0.0011,0.0007,d6f6,d6f6,d6f6,d6f6,161.0,0.0041,-0.0034,True,elite,03_elite_top,2538,2665,2665,False,True,7,0.7101,0.2996
4r3/p4pk1/1pR3p1/3Pp2p/1P2Pnq1/P4NQ1/7K/5B2 b - - 8 34,68,T2025-09_449,f7f6,-315,6,f7f6,0.0201,0.0159,0.0137,0.0137,g4g3,g4d7,g4d7,g4d7,116.0,0.0201,-0.0064,True,elite,03_elite_top,2538,2665,2665,True,False,7,0.6778,0.2069
2brr1k1/ppb2pp1/3q3p/2Ppnp1N/3B4/1PQ3PP/P4P2/1B1RR1K1 b - - 0 26,52,T2025-09_451,d6e7,-73,90,d6e7,0.0426,0.0336,0.0261,0.0187,d6g6,d6g6,d6g6,d6g6,214.0,0.0426,-0.0239,True,elite,03_elite_top,2793,2990,2990,True,False,6,0.5868,0.006
r1bq1rk1/1pp2pp1/1p1p2np/7Q/2BNn3/2P4P/PP3PP1/R1B1R1K1 b - - 1 14,28,T2025-09_455,g6e5,53,62,g6e5,0.0063,0.0039,0.0026,0.0019,e4f6,e4f6,e4f6,e4f6,120.0,0.0063,-0.0044,True,elite,03_elite_top,2690,2936,2936,True,False,3,0.5788,0.0101
rq4k1/1p1b1n2/1p3Bp1/1Npp1p2/5rPQ/1BP4P/PP6/R5K1 b - - 0 28,56,T2025-09_455,c5c4,366,34,c5c4,0.0377,0.0372,0.0389,0.045,f5g4,f5g4,f5g4,f5g4,262.0,0.045,0.0073,True,elite,03_elite_top,2690,2936,2936,True,False,0,0.5365,0.0384
1r4k1/Qpq2p1p/p2p2pB/b2Pp1P1/4P3/1R6/5PP1/6K1 b - - 4 30,60,T2025-09_457,a5d2,250,47,a5d2,0.0282,0.0343,0.0382,0.048,c7c1,c7c1,c7c1,b7b5,165.0,0.048,0.0198,True,elite,03_elite_top,2646,2818,2818,True,False,0,0.578,0.2002
3r2k1/p4p1p/1p3Qp1/2p4P/2P5/1P2P3/q4PP1/5RK1 b - - 1 22,44,T2025-09_461,d8d7,-85,98,d8d2,0.0349,0.0334,0.0251,0.0203,d8f8,d8f8,d8f8,d8f8,1154.0,0.0349,-0.0146,True,elite,03_elite_top,2427,2614,2614,False,True,5,0.6206,0.1115
r1b2rk1/pp2n2R/2p3p1/q1P2pN1/2p2B2/2P5/P1Q2PP1/2KR4 b - - 1 20,40,T2025-09_462,f8f7,-746,123,e7d5,0.0049,0.0065,0.0079,0.0092,a5c5,a5a3,a5a3,a5a3,1242.0,0.0092,0.0043,True,elite,03_elite_top,2485,2658,2658,False,True,1,0.7351,0.0631
4rrk1/5n2/1pR1bp1q/4p1p1/2P1P1P1/2Q5/1PPN1P1N/R5K1 b - - 1 24,48,T2025-09_463,f7h8,-217,52,g8g7,0.0497,0.0437,0.0332,0.0273,g8g7,g8g7,g8g7,g8g7,109.0,0.0497,-0.0224,True,elite,03_elite_top,2590,2635,2635,False,True,6,0.5754,0.0663
4r3/R4nk1/1pR1bpqr/4p1p1/2P1P1P1/5PQ1/1PP4N/5NK1 b - - 2 28,56,T2025-09_463,g6h7,-336,11,e6c8,0.037,0.0434,0.0412,0.0297,e8h8,e8h8,e8h8,e8h8,153.0,0.0434,-0.0073,True,elite,03_elite_top,2590,2635,2635,False,True,6,0.6146,0.03
4rr2/p2qn1bk/2bp2pp/2p1pp2/2N1P3/P1BP3P/B1P2PP1/1R1QR1K1 b - - 3 20,40,T2025-09_465,f8f6,38,12,c6a8,0.0117,0.0104,0.0091,0.0111,f5e4,f5e4,f5f4,f5f4,101.0,0.0117,-0.0006,True,elite,03_elite_top,2477,2853,2853,False,True,2,0.6977,0.1852
8/pb4kp/1p1r2p1/2p2R2/P3p2P/1PP1K1N1/2P3P1/8 b - - 0 26,52,T2025-09_467,d6d1,-3,51,d6d1,0.0374,0.0337,0.0306,0.0334,g6f5,g6f5,g6f5,g6f5,352.0,0.0374,-0.004,True,elite,03_elite_top,2534,2622,2622,True,False,5,0.5373,0.0961
2kr1b1r/1pqb2pp/p3p1n1/2ppP3/P7/NPP3B1/4BPPP/R2Q1RK1 b - - 2 14,28,T2025-09_470,h7h5,19,59,g6e5,0.0122,0.0198,0.0293,0.0389,g6e5,g6e5,g6e5,g6e5,117.0,0.0389,0.0267,True,elite,03_elite_top,2559,2603,2603,False,True,2,0.6944,0.0953
r3r3/1ppn1ppk/p3bq1p/2b1pN2/4P3/2P3PP/PPB1QPK1/R1B1R3 b - - 2 20,40,T2025-09_471,a6a5,-42,1,a8d8,0.003,0.0018,0.0016,0.0031,g7g6,g7g6,g7g6,g7g6,153.0,0.0031,0.0001,True,elite,03_elite_top,2548,2637,2637,False,True,2,0.6974,0.1488
2b5/4k1p1/p1Pp3p/4p2P/5P2/2N1K1P1/P7/8 b - - 1 34,68,T2025-09_476,c8e6,12,12,c8e6,0.0222,0.0266,0.0301,0.0446,e5f4,e5f4,e5f4,e7e6,502.0,0.0446,0.0224,True,elite,03_elite_top,2643,2825,2825,True,False,5,0.4755,0.092
7k/pp6/2pp1P1p/6N1/2PP4/1P1q2PP/P3bQ2/6K1 b - - 0 34,68,T2025-09_477,d3b1,-568,20,d3d1,0.0335,0.0307,0.03,0.0351,d3d1,d3d1,h6g5,h6g5,251.0,0.0351,0.0016,True,elite,03_elite_top,2547,2626,2626,False,True,6,0.5762,0.0898
r4rk1/1p3ppp/1qp1b3/2n1Q3/2P1P3/1PN2P2/P3N1PP/2KR3R b - - 0 18,36,T2025-09_480,f7f6,45,17,f8d8,0.0497,0.0328,0.0211,0.0174,c5b3,c5b3,c5b3,c5b3,259.0,0.0497,-0.0323,True,elite,03_elite_top,2459,2647,2647,False,True,2,0.5458,0.0218
rnbq1rk1/p1p1bppp/4p3/3n4/PpNP4/6P1/1PQ1PPBP/RNB2RK1 b - - 0 10,20,T2025-09_481,c7c5,-71,43,c7c5,0.0417,0.0379,0.037,0.0406,b8c6,c8b7,c8b7,c8b7,137.0,0.0417,-0.0011,True,elite,03_elite_top,2461,2645,2645,True,False,3,0.7982,0.2547
r2q1rk1/p2n1ppp/b3p3/2bn4/PpN5/1N4P1/1PQ1PPBP/R1BR2K1 b - - 5 14,28,T2025-09_481,c5f2,175,104,d8e7,0.0171,0.0177,0.0162,0.0112,a8c8,a8c8,a8c8,a8c8,109.0,0.0177,-0.0059,True,elite,03_elite_top,2461,2645,2645,False,True,3,0.6406,0.0899
2kr3r/ppq2pp1/4p1b1/1Q2P1Pp/1p5P/1B6/PPP2P2/K2RR3 b - - 1 24,48,T2025-09_483,a7a5,0,31,c8b8,0.0116,0.0152,0.0224,0.0375,d8d1,g6c2,g6c2,g6c2,347.0,0.0375,0.0259,True,elite,03_elite_top,2559,2619,2619,False,True,0,0.5845,0.0343
1k6/ppq2pp1/4p1b1/4P1Pp/1QP4r/1B6/PP6/K1R5 b - - 0 30,60,T2025-09_483,h4d4,296,31,a7a6,0.0222,0.0271,0.0377,0.0456,c7e5,h4g4,h4g4,h4g4,296.0,0.0456,0.0234,True,elite,03_elite_top,2559,2619,2619,False,True,0,0.6774,0.2614
8/kpq2pQ1/p3p3/4P1Pp/2P1b3/1B6/PP6/K7 b - - 0 34,68,T2025-09_483,c7b6,966,103,c7d7,0.0043,0.0024,0.0012,0.0006,h5h4,e4g6,e4g6,e4g6,594.0,0.0043,-0.0037,True,elite,03_elite_top,2559,2619,2619,False,True,4,0.597,0.036
r4rk1/ppp1b1pp/2np4/4p3/2P1Npn1/PP1P1NPq/1BQ1PP1P/2K3RR b - - 3 14,28,T2025-09_487,h3h5,-84,4,c6d8,0.0117,0.016,0.019,0.026,f4g3,f4g3,f4g3,f4g3,340.0,0.026,0.0143,True,elite,03_elite_top,2592,2727,2727,False,True,2,0.6539,0.1134
r6k/ppp3pp/4nb1q/4p3/2P1Qp2/PP3N2/4PPRP/1K4R1 b - - 1 24,48,T2025-09_487,h6h3,40,40,e6c5,0.0053,0.0044,0.0033,0.0025,e6c5,e6c5,e6c5,e6c5,373.0,0.0053,-0.0028,True,elite,03_elite_top,2592,2727,2727,False,True,0,0.5212,0.0618
r1bq1rk1/ppp2pbp/3p1npn/3p2P1/2P1PP2/2N4P/PP1BB3/R2QK1NR b KQ - 0 12,24,T2025-09_488,d5d4,216,134,f6e4,0.0241,0.0164,0.0126,0.0089,f6e4,f6e4,f6e4,f6e4,119.0,0.0241,-0.0152,True,elite,03_elite_top,2591,2619,2619,False,True,2,0.5226,0.0173
1rb5/p1q3bk/5rpp/3p4/4p3/QN5P/PPP2PP1/1K1RN2R b - - 1 24,48,T2025-09_491,f6a6,504,111,f6f2,0.0123,0.0142,0.0163,0.0199,f6f2,f6f2,f6f2,f6f2,150.0,0.0199,0.0076,True,elite,03_elite_top,2505,2617,2617,False,True,0,0.6736,0.1432
3qr1k1/1r3ppp/pp2pNn1/3pP1P1/P7/2P1Q1P1/1P3PK1/R3R3 b - - 2 26,52,T2025-09_497,g8f8,-294,118,g8f8,0.012,0.0048,0.0025,0.0018,g7f6,g7f6,g7f6,g7f6,318.0,0.012,-0.0102,True,elite,03_elite_top,2504,2602,2602,True,False,6,0.4471,0.011
r2qkb1r/pp3p2/1np1b2p/8/3PpP2/2N3N1/PP3BPP/R2QK2R b KQkq - 3 14,28,T2025-09_501,d8e7,-29,13,b6c4,0.0204,0.0204,0.0124,0.0041,b6c4,f7f5,f7f5,f7f5,105.0,0.0204,-0.0163,True,elite,03_elite_top,2581,2614,2614,False,True,2,0.6015,0.0007
6k1/p4qp1/2p1p1bp/1p2P3/2pP3Q/P4NP1/1P4PK/8 b - - 4 32,64,T2025-09_503,f7f8,238,27,g8h7,0.0137,0.0107,0.0077,0.0064,a7a5,a7a5,a7a5,a7a5,174.0,0.0137,-0.0073,True,elite,03_elite_top,2502,2603,2603,False,True,0,0.6317,0.2386
2r1k2r/1p3ppp/4p3/1p4P1/1b1qp3/1PN1Q3/1K1B1P1P/R6R b k - 1 22,44,T2025-09_507,b4c5,-132,77,d4e5,0.0128,0.0097,0.0078,0.0066,d4e5,d4e5,d4e5,d4e5,203.0,0.0128,-0.0062,True,elite,03_elite_top,2581,2800,2800,False,True,7,0.7274,0.2786
1rb2r2/3p3p/4p2k/Rp3n2/3pRp2/1B1P1P1P/1PP3PK/5N2 b - - 5 28,56,T2025-09_508,f5e7,56,31,f5e3,0.0076,0.0056,0.0045,0.0047,f5e3,f5e3,f5e3,f5e3,174.0,0.0076,-0.0029,True,elite,03_elite_top,2510,2662,2662,False,True,0,0.4893,0.0053
1R1qrk2/5pbp/Q2p2p1/3P4/4N3/2p2PP1/2r4P/1R4K1 b - - 1 28,56,T2025-09_512,c2b2,217,17,c2b2,0.0217,0.0218,0.0201,0.0188,d8b8,d8b8,d8b8,d8b8,217.0,0.0218,-0.0029,True,elite,03_elite_top,2549,2669,2669,True,False,0,0.4745,0.0787
r1bqr1k1/1p3pb1/2pp1npp/p1n5/2PNPB2/2N2B1P/PP3PP1/R2QR1K1 b - - 1 14,28,T2025-09_515,f6h7,64,52,f6h7,0.0116,0.0254,0.0342,0.0116,g6g5,g6g5,g6g5,c5e6,112.0,0.0342,0.0,True,elite,03_elite_top,2469,2619,2619,True,False,3,0.7162,0.2708
5rk1/6pp/2p1p1q1/p3r1P1/p3N3/3R4/PPP1QPB1/6K1 b - - 1 24,48,T2025-09_517,g6g5,-113,116,h7h6,0.035,0.0339,0.0356,0.0359,e5g5,e5g5,e5g5,e5g5,397.0,0.0359,0.0009,True,elite,03_elite_top,2558,2655,2655,False,True,7,0.6158,0.1436
6k1/6p1/2p1p1qP/p3r3/p3Nr2/6R1/PPP1QPB1/6K1 b - - 2 26,52,T2025-09_517,e5e4,-101,188,g6h6,0.0362,0.036,0.0425,0.0481,g6h6,g6h6,g6h6,g6h6,172.0,0.0481,0.0119,True,elite,03_elite_top,2558,2655,2655,False,True,7,0.5755,0.1183
4r2r/ppR1B3/2bPB1pk/8/1p5P/3P3P/P4P2/6K1 b - - 0 28,56,T2025-09_518,e8e7,-445,54,e8e7,0.0068,0.0056,0.006,0.0063,h8h7,h8h7,h8h7,h8h7,1553.0,0.0068,-0.0005,True,elite,03_elite_top,2491,2607,2607,True,False,6,0.6247,0.1547
1r2r1k1/2p3pp/4q3/b3Pp2/p1pp1P2/P3n1B1/2PNQ1PP/R1R3K1 b - - 1 34,68,T2025-09_521,e3c2,436,40,e3c2,0.0011,0.0005,0.0002,0.0001,b8b2,b8b2,b8b2,b8b2,213.0,0.0011,-0.001,True,elite,03_elite_top,2497,2623,2623,True,False,4,0.7467,0.0579
2r2r1k/1p4p1/p3pq1p/3p1p1Q/8/1P1B1K2/P7/6RR b - - 5 32,64,T2025-09_524,c8c7,289,8,e6e5,0.0074,0.0076,0.0072,0.0071,c8c3,c8c3,c8c3,c8c3,289.0,0.0076,-0.0003,True,elite,03_elite_top,2476,2654,2654,False,True,7,0.6241,0.022
2r2r1k/1p4p1/p4qRp/3p1p1Q/4pK2/1P1B4/P7/7R b - - 1 34,68,T2025-09_524,f6g6,-182,69,e4d3,0.0183,0.0126,0.0081,0.0056,f6d4,f6d4,f6d4,f6d4,1815.0,0.0183,-0.0127,True,elite,03_elite_top,2476,2654,2654,False,True,7,0.5926,0.1111
5rk1/1B3ppp/1n2p3/3PP3/p5RP/5N2/5PP1/2b3K1 b - - 0 26,52,T2025-09_528,f8b8,379,8,a4a3,0.0199,0.0139,0.0091,0.0069,e6d5,e6d5,e6d5,b6d5,390.0,0.0199,-0.013,True,elite,03_elite_top,2506,2697,2697,False,True,0,0.599,0.1883
r2qk2r/ppp2ppp/2n5/3bp3/6Q1/P1NP4/1PP2PPP/R1B1K2R b KQkq - 1 10,20,T2025-09_531,h8g8,-23,19,g7g6,0.0104,0.0115,0.0108,0.0091,e8g8,e8g8,e8g8,e8g8,246.0,0.0115,-0.0013,True,elite,03_elite_top,2542,2613,2613,False,True,3,0.6615,0.229
2k1rb1r/1pp1q1p1/2n4p/p3pp1b/P1B5/2PPQN1P/1P3PP1/R1B1R1K1 b - - 0 16,32,T2025-09_532,e7d6,65,27,g7g5,0.0091,0.0146,0.0207,0.0278,f5f4,f5f4,f5f4,g7g5,132.0,0.0278,0.0187,True,elite,03_elite_top,2534,2652,2652,False,True,2,0.6445,0.1312
7r/2p5/2p4p/B5pb/P1P1kp2/7P/1P3PP1/R5K1 b - - 0 30,60,T2025-09_532,h5f7,-244,11,h8a8,0.0237,0.0264,0.0303,0.0325,f4f3,h8h7,h8h7,h8h7,116.0,0.0325,0.0088,True,elite,03_elite_top,2534,2652,2652,False,True,5,0.6452,0.2059
r5k1/np1qbppp/3pbn2/N3p1B1/P3P3/2P2Q1P/2P2PP1/2RR1BK1 b - - 0 18,36,T2025-09_538,d7c7,-298,5,a7c8,0.0159,0.0144,0.0151,0.018,d7a4,d7a4,d7a4,d7a4,101.0,0.018,0.0021,True,elite,03_elite_top,2530,2635,2635,False,True,2,0.5558,0.0829
2rq4/5kbQ/p3p1p1/1p6/3P4/P1nR4/5PPP/1R4K1 b - - 2 26,52,T2025-09_541,c3e2,493,182,c3b1,0.0493,0.0386,0.0346,0.0352,c3b1,c3b1,c3b1,c3b1,236.0,0.0493,-0.0141,True,elite,03_elite_top,2575,2613,2613,False,True,0,0.5753,0.1142
r4rk1/4p2p/2ppNbp1/p3p3/2P1P3/1P3QB1/Pq3P1P/3R3K b - - 7 32,64,T2025-09_542,f6h4,421,103,f8f7,0.0369,0.0343,0.0368,0.0354,f8f7,f8f7,f8f7,f8f7,129.0,0.0369,-0.0015,True,elite,03_elite_top,2578,2698,2698,False,True,4,0.7159,0.1204
2r1k2r/1b2q1pp/p2ppb2/1p6/2n1P1Q1/P1N3PB/1PP4P/2BR1RK1 b k - 3 20,40,T2025-09_544,c8c5,29,37,e8f7,0.0292,0.0284,0.0251,0.0175,c4e5,c4e5,c4e5,e8f7,174.0,0.0292,-0.0117,True,elite,03_elite_top,2667,2855,2855,False,True,2,0.5632,0.0958
7r/1b2qkpp/p2ppb1B/1pr5/2n1P1Q1/P1N3PB/1PP4P/3R1RK1 b - - 7 22,44,T2025-09_544,f7e8,52,94,h8g8,0.0214,0.0247,0.0214,0.0135,g7h6,g7h6,g7h6,g7h6,186.0,0.0247,-0.0079,True,elite,03_elite_top,2667,2855,2855,False,True,2,0.5479,0.0368
r2qr1k1/5pb1/2p1bnp1/2Np4/7p/3PP1P1/2Q2PBP/1RB2RK1 b - - 1 20,40,T2025-09_553,e6c8,30,7,e6c8,0.033,0.0284,0.0233,0.0323,h4g3,h4g3,h4g3,h4h3,290.0,0.033,-0.0007,True,elite,03_elite_top,2657,2861,2861,True,False,2,0.5659,0.0956
r3qrk1/1pp3pp/2np4/p4b2/2PPp3/1Q2B1P1/PP4BP/R4RK1 b - - 4 16,32,T2025-09_555,e8d7,86,27,a8b8,0.0084,0.0106,0.0138,0.0186,b7b6,b7b6,b7b6,b7b6,108.0,0.0186,0.0102,True,elite,03_elite_top,2531,2616,2616,False,True,2,0.5681,0.0544
4r1k1/1pp3pp/3p4/p7/1nPP4/2Q1BqP1/PP5P/4R1K1 b - - 6 24,48,T2025-09_555,f3f5,114,61,b4a2,0.0074,0.0095,0.0111,0.01,b4a2,b4a2,b4a2,b4a2,114.0,0.0111,0.0026,True,elite,03_elite_top,2531,2616,2616,False,True,0,0.5843,0.1366
r2q1rk1/p3npbp/3p1np1/3Pp3/1p2P1P1/1P1BBN1P/P4P2/R2QK2R b KQ - 0 16,32,T2025-09_569,e7d5,42,25,f6d5,0.0058,0.0057,0.0081,0.0101,a7a5,a7a5,a7a5,a7a5,158.0,0.0101,0.0043,True,elite,03_elite_top,2479,2615,2615,False,True,2,0.6364,0.0508
r1b1k2r/2qp1pp1/p1n1pn1p/8/1b1NP1PP/2N1BP2/1PPQB3/2KR3R b kq - 1 14,28,T2025-09_574,c6e7,-158,14,c6e5,0.0021,0.0031,0.0035,0.0026,a6a5,a6a5,a6a5,d7d5,124.0,0.0035,0.0005,True,elite,03_elite_top,2578,2611,2611,False,True,3,0.632,0.0616
8/4ppkp/2N3p1/8/p7/P1n3P1/4PP1P/6K1 b - - 0 28,56,T2025-09_575,c3b5,364,1,c3e2,0.0251,0.0219,0.0191,0.0219,c3e2,c3e2,c3e2,c3e2,162.0,0.0251,-0.0032,True,elite,03_elite_top,2570,2636,2636,False,True,0,0.365,0.0915
1q3r2/1b1nNp2/8/2p1p1k1/2B1R3/2P5/1PQ2PP1/6K1 b - - 0 30,60,T2025-09_576,g5f6,-248,163,b7e4,0.0326,0.0262,0.0212,0.0226,b7e4,b7e4,b7e4,b7e4,268.0,0.0326,-0.01,True,elite,03_elite_top,2519,2651,2651,False,True,6,0.5951,0.1046
r1bq1rk1/5pbp/2p3p1/1pn1p3/1P6/2N1PNP1/B1P1QPP1/R3K2R b KQ - 0 16,32,T2025-09_579,c8g4,303,96,c5a6,0.0122,0.011,0.0106,0.0097,c5a4,c5a4,c5a4,c5a4,127.0,0.0122,-0.0025,True,elite,03_elite_top,2500,2644,2644,False,True,0,0.6135,0.044
6k1/p1p2p1p/6p1/3R4/P3r3/5R1P/2r2PP1/6K1 b - - 1 30,60,T2025-09_582,e4e7,50,14,e4e7,0.0018,0.0036,0.0082,0.0142,e4a4,e4a4,e4a4,e4a4,121.0,0.0142,0.0124,True,elite,03_elite_top,2582,2920,2920,True,False,5,0.4641,0.0147
r2qkb1r/1p3ppp/p1nppn2/8/2B1PBb1/2N2N2/PP2QPPP/R2R2K1 b kq - 1 10,20,T2025-09_587,f6h5,158,90,d8b8,0.0104,0.0132,0.0131,0.0122,f8e7,f8e7,d8c7,d8c7,110.0,0.0132,0.0018,True,elite,03_elite_top,2555,2776,2776,False,True,3,0.7432,0.1292
rq3rk1/4bppp/p2ppn2/1p2n3/4P3/1BN2P1P/PP1RQP1B/3R2K1 b - - 1 16,32,T2025-09_587,g7g5,146,26,f8c8,0.0036,0.0013,0.0006,0.0003,f8d8,f8d8,f8d8,f8d8,109.0,0.0036,-0.0033,True,elite,03_elite_top,2555,2776,2776,False,True,2,0.6668,0.1163
3r2k1/pQ3pp1/3P1pn1/4q3/7p/P2R3P/1P3PP1/5NK1 b - - 0 28,56,T2025-09_590,g6f8,-237,1,g6f4,0.0099,0.006,0.0043,0.004,g6f4,d8d6,d8d6,d8d6,313.0,0.0099,-0.0059,True,elite,03_elite_top,2589,2748,2748,False,True,5,0.6071,0.147
r4r1k/1p1nbpp1/2p1b3/pP2p3/7q/P1N1PB1P/1BQP1P2/R3K1R1 b Q - 0 18,36,T2025-09_593,a8d8,147,26,f7f5,0.0014,0.001,0.0008,0.0009,h4h3,h4h3,h4h3,h4h3,488.0,0.0014,-0.0005,True,elite,03_elite_top,2594,2639,2639,False,True,2,0.599,0.022
5r1k/3nb1p1/2p1b1R1/p3pp2/7q/Pr2PB1P/1BQPNP2/2R1K3 b - - 5 22,44,T2025-09_593,e7f6,206,107,e7f6,0.0127,0.0137,0.0134,0.0123,h4h3,e6f7,e6f7,e6f7,146.0,0.0137,-0.0004,True,elite,03_elite_top,2594,2639,2639,True,False,2,0.5549,0.0178
5r1k/3n2p1/1r2bbR1/p3pp2/7q/P3PB1P/1BQPNP2/2R1K3 b - - 2 24,48,T2025-09_593,e6f7,214,36,e6f7,0.0398,0.038,0.0311,0.0261,h4h3,h4h3,h4h3,h4h3,183.0,0.0398,-0.0137,True,elite,03_elite_top,2594,2639,2639,True,False,0,0.5789,0.0404
5r1k/3n1bp1/1r3q2/p3pp2/8/P3PB1P/2QPNP2/B1R1K3 b - - 1 26,52,T2025-09_593,f6d6,229,66,f6d6,0.0076,0.008,0.0089,0.0085,f7b3,f7b3,f7b3,f7b3,131.0,0.0089,0.0009,True,elite,03_elite_top,2594,2639,2639,True,False,0,0.4965,0.0389
5r1k/6p1/1r6/Q2n1p2/3PpP2/P3P2P/4N2q/B1R1K3 b - - 0 34,68,T2025-09_593,f8d8,488,45,f8d8,0.015,0.0142,0.0166,0.0232,d5e3,d5e3,d5e3,d5e3,567.0,0.0232,0.0082,True,elite,03_elite_top,2594,2639,2639,True,False,0,0.5415,0.0056
3r2k1/3q1p2/p5p1/3p4/3Q4/3R4/P4PP1/6K1 b - - 1 28,56,T2025-09_594,d7e7,0,0,d8e8,0.0101,0.0079,0.0073,0.0105,d7b5,d7b5,d7b5,d7b5,728.0,0.0105,0.0004,True,elite,03_elite_top,2476,2602,2602,False,True,5,0.4911,0.0429
6k1/5p2/p5p1/3pq3/7Q/6PR/P4P1K/4r3 b - - 2 32,64,T2025-09_594,g6g5,0,531,d5d4,0.0103,0.0038,0.0019,0.0013,g8f8,g8f8,g8f8,g8f8,878.0,0.0103,-0.009,True,elite,03_elite_top,2476,2602,2602,False,True,0,0.5037,0.1231
r2q1rk1/1b1nbppp/p2p1n2/1p2pP2/4P3/PNN1BB2/1PP1Q1PP/3R1R1K b - - 8 16,32,T2025-09_596,h7h6,19,57,a8c8,0.0329,0.0246,0.0131,0.0057,a8c8,a8c8,a8c8,d8c7,138.0,0.0329,-0.0272,True,elite,03_elite_top,2572,2648,2648,False,True,2,0.6833,0.0542
2k1r1r1/2p2Rp1/1p2p1n1/p1p1P1p1/6P1/1P1R3P/PBP2P2/6K1 b - - 1 30,60,T2025-09_598,g6h8,21,19,e8d8,0.0159,0.0095,0.0053,0.0037,g6f4,g6f4,g6f4,g6f4,206.0,0.0159,-0.0122,True,elite,03_elite_top,2782,2977,2977,False,True,5,0.5136,0.0946
2k5/2p3R1/1p2p3/p1p1P1p1/6Pn/BP5P/P1P2P1K/3r4 b - - 4 34,68,T2025-09_598,c8d8,0,0,c8d8,0.0005,0.0003,0.0002,0.0003,h4f3,h4f3,h4f3,h4f3,109.0,0.0005,-0.0002,True,elite,03_elite_top,2782,2977,2977,True,False,5,0.4299,0.0456
6k1/p6p/2b1p3/8/1R2R3/5KP1/P6P/4r3 b - - 0 32,64,T2025-09_602,e6e5,192,194,e1a1,0.0118,0.0121,0.017,0.0234,c6e4,c6e4,e1f1,e1f1,634.0,0.0234,0.0116,True,elite,03_elite_top,2492,2685,2685,False,True,0,0.3081,0.0566
r5k1/1p3rpp/2p5/p2p4/PqnP4/3Q2B1/1P3PPP/1R2R1K1 b - - 3 22,44,T2025-09_604,b7b5,-11,2,c4d2,0.0162,0.0111,0.0075,0.0064,b4a4,b4a4,b4a4,b4a4,290.0,0.0162,-0.0098,True,elite,03_elite_top,2527,2607,2607,False,True,0,0.474,0.0197
r3k2r/p1q2ppp/1bb5/2p1P1BN/2pp4/8/PPPQ1PPP/R4RK1 b kq - 5 18,36,T2025-09_607,h8g8,-75,56,e8g8,0.0115,0.0124,0.0135,0.0116,e8g8,e8g8,e8g8,e8g8,500.0,0.0135,0.0001,True,elite,03_elite_top,2554,2676,2676,False,True,2,0.5875,0.0373
4rrk1/p1qn2np/2p1pbp1/2Pp4/1p1P4/1P2NNP1/PB3PKP/2RQR3 b - - 5 22,44,T2025-09_614,h7h5,-86,1,h7h5,0.0172,0.0158,0.013,0.0095,e6e5,e6e5,e6e5,e6e5,138.0,0.0172,-0.0077,True,elite,03_elite_top,2471,2617,2617,True,False,2,0.7487,0.1797
4r1k1/5q2/Q1p1N1p1/p1Pp1n1p/1p6/1P4P1/P4PKP/4R3 b - - 4 32,64,T2025-09_614,f7d7,424,309,f7d7,0.0075,0.0077,0.01,0.0143,e8e6,e8e6,e8e6,e8e6,802.0,0.0143,0.0068,True,elite,03_elite_top,2471,2617,2617,True,False,0,0.5137,0.1272
r5nr/pp2kp1p/2pp1qp1/4n3/2P1P3/2N5/PP1QBPPP/3R1RK1 b - - 6 14,28,T2025-09_615,g6g5,-263,144,a8d8,0.0244,0.0132,0.0097,0.0077,a8d8,a8d8,a8d8,a8d8,190.0,0.0244,-0.0167,True,elite,03_elite_top,2361,2647,2647,False,True,6,0.6847,0.1422
r2q1rk1/4bppp/p7/1p1bp3/8/P3N2P/1QPB1PP1/R4RK1 b - - 0 18,36,T2025-09_619,d5g2,198,133,f7f6,0.0235,0.0188,0.0144,0.0087,e7f6,e7f6,e7f6,e7f6,241.0,0.0235,-0.0148,True,elite,03_elite_top,2562,2604,2604,False,True,0,0.6189,0.0689
r1b4k/bpN2rpp/p6q/4np2/2P2Nn1/P3P1PP/1P4B1/R1BQ1R1K b - - 0 18,36,T2025-09_622,g7g5,-163,79,f7d7,0.0085,0.0094,0.0139,0.0239,f7c7,f7c7,f7c7,f7c7,1836.0,0.0239,0.0154,True,elite,03_elite_top,2493,2606,2606,False,True,6,0.6355,0.1224
rr4k1/2qn1pb1/2p1b1pp/3np3/N1N5/3P2P1/1B1QPPBP/R4RK1 b - - 5 22,44,T2025-09_630,h6h5,13,3,g8h7,0.0058,0.0045,0.0037,0.0038,b8b4,d7b6,b8b4,b8b4,166.0,0.0058,-0.002,True,elite,03_elite_top,2460,2623,2623,False,True,2,0.5924,0.1453
r1k4r/1p2bppp/4p3/1Q4Pn/P7/2N1BP1q/1P5P/2R3K1 b - - 2 20,40,T2025-09_633,a8a6,-464,104,a8a6,0.0083,0.0092,0.0084,0.0075,h3f3,h3f3,c8b8,c8b8,1532.0,0.0092,-0.0008,True,elite,03_elite_top,2426,2603,2603,True,False,6,0.6249,0.2864
5rk1/2pb1ppp/3p4/5n2/1P2B3/2P5/q4PPP/1N1QR1K1 b - - 0 22,44,T2025-09_634,h7h6,-8,3,g7g6,0.0167,0.0123,0.0093,0.0067,f5h4,f8e8,f5h6,f8e8,453.0,0.0167,-0.01,True,elite,03_elite_top,2602,2906,2906,False,True,5,0.5645,0.0548
4r1k1/2pb1p1p/3p2p1/5n2/1P2B3/2P4P/q2N1PP1/3QR1K1 b - - 2 24,48,T2025-09_634,g8f8,-6,1,g8f8,0.0029,0.0035,0.0045,0.008,d6d5,d6d5,d6d5,d6d5,119.0,0.008,0.0051,True,elite,03_elite_top,2602,2906,2906,True,False,5,0.5436,0.027
r2q1rk1/pp4pp/3p1n2/2pPpnB1/4N3/8/PPP2PPP/R2Q1RK1 b - - 1 14,28,T2025-09_636,d8e8,-76,23,d8d7,0.025,0.0168,0.0153,0.0173,h7h6,h7h6,h7h6,h7h6,135.0,0.025,-0.0077,True,elite,03_elite_top,2453,2607,2607,False,True,3,0.5834,0.037
r3k2r/pppq3p/2np2p1/2BBp3/7Q/8/PPP3PP/R4RK1 b kq - 0 16,32,T2025-09_640,d7e7,-532,97,d6c5,0.013,0.0131,0.0148,0.019,d6c5,d6c5,d6c5,d6c5,138.0,0.019,0.006,True,elite,03_elite_top,2754,2871,2871,False,True,1,0.7606,0.1171
r1b1k2r/ppbnqppp/2p5/2p1p3/4P2P/1P1P1N2/PBPNQPP1/R3K2R b KQkq - 0 10,20,T2025-09_643,h7h5,63,17,h7h5,0.0377,0.0338,0.0308,0.0292,e8g8,d7f6,d7f6,h7h6,105.0,0.0377,-0.0085,True,elite,03_elite_top,2737,2864,2864,True,False,3,0.6681,0.0075
2b3r1/p1b2k2/Prp2p2/1p2pP2/3pN2P/1P1P4/2P3NK/R4R2 b - - 4 28,56,T2025-09_643,c8d7,129,1,c6c5,0.0079,0.0089,0.011,0.0104,b6a6,b6a6,b6a6,b6a6,562.0,0.011,0.0025,True,elite,03_elite_top,2737,2864,2864,False,True,2,0.5462,0.0063
r4rk1/ppp1q1pp/2n5/2b5/3PB1b1/2P2NP1/P1Q1P2P/R1B1K2R b KQ - 0 14,28,T2025-09_649,f8f3,11,11,f8f3,0.01,0.0095,0.0114,0.0162,c5d6,c5d6,c5b6,c5b6,254.0,0.0162,0.0062,True,elite,03_elite_top,2428,2654,2654,True,False,6,0.557,0.0355
r1b2rk1/2b2pp1/2pp1qnp/pp2p3/1P2P3/PBPPBN1P/1N1Q1P1K/R5R1 b - - 0 20,40,T2025-09_650,a5b4,78,101,f6f3,0.0233,0.0061,0.0014,0.0003,f6f3,f6f3,f6f3,f6f3,101.0,0.0233,-0.023,True,elite,03_elite_top,2500,2701,2701,False,True,7,0.6401,0.1066
r3kb1r/pp1n1ppp/2p1qn2/8/2NN2b1/2P1B3/PP3PPP/R2QKB1R b KQkq - 0 10,20,T2025-09_654,e6e3,9,48,e6d5,0.0027,0.0027,0.0029,0.003,e6e4,e6e4,e6e4,e6e4,324.0,0.003,0.0003,True,elite,03_elite_top,2556,2628,2628,False,True,3,0.562,0.0474
3r1rk1/p3bppp/2N3b1/1p1n4/8/2P2P2/PP2qBPP/2QR1RK1 b - - 0 22,44,T2025-09_654,e2c4,74,95,e2c4,0.0128,0.0146,0.0192,0.0317,d8d6,d8d7,d8d7,d8d7,398.0,0.0317,0.0189,True,elite,03_elite_top,2556,2628,2628,True,False,6,0.4823,0.0601
r1b1k2r/ppqn1pbp/2p3p1/7n/2P1P1N1/3BB2P/P2N1PP1/R2Q1RK1 b kq - 4 14,28,T2025-09_655,h5f4,43,70,d7e5,0.0133,0.0135,0.0124,0.0121,g7a1,g7a1,g7a1,g7a1,281.0,0.0135,-0.0012,True,elite,03_elite_top,2580,2823,2823,False,True,2,0.674,0.0359
r1b1k2r/ppq2p1p/2p3p1/4b2n/2P1PP2/3BB2P/P2N2P1/R2Q1RK1 b kq - 0 16,32,T2025-09_655,e5f4,129,10,h5f4,0.0457,0.0461,0.0409,0.0368,e5a1,e5a1,e5a1,e5a1,198.0,0.0461,-0.0089,True,elite,03_elite_top,2580,2823,2823,False,True,2,0.5017,0.0172
1q1r2k1/5Nbp/1p2p1p1/3n4/1p1PQ3/5N1P/rP3PP1/2R1R1K1 b - - 0 24,48,T2025-09_658,d8e8,-191,275,g8f7,0.0354,0.0233,0.0182,0.0194,g8f7,g8f7,g8f7,g8f7,1798.0,0.0354,-0.016,True,elite,03_elite_top,2522,2667,2667,False,True,6,0.7152,0.1833
3rk2r/4qp2/p1ppbn1p/1p2b3/4PB2/P1NQ4/1PP1B1PP/3R1RK1 b k - 0 18,36,T2025-09_660,f6d7,-45,52,f6d7,0.005,0.0054,0.0062,0.0091,e6c4,e6c4,e6c4,e6c4,189.0,0.0091,0.0041,True,elite,03_elite_top,2717,2858,2858,True,False,2,0.6157,0.095
2r2rk1/pbqn1ppp/1p2pn2/2p1N3/3P1P2/P1PBP3/4Q1PP/R1B2RK1 b - - 4 14,28,T2025-09_663,c5c4,102,54,f6e4,0.0355,0.0318,0.0278,0.0223,c5d4,c5d4,c5d4,f8d8,143.0,0.0355,-0.0132,True,elite,03_elite_top,2423,2607,2607,False,True,2,0.6656,0.0193
2k4r/ppp1b1pp/5p2/3r1b2/8/P1B1PP2/1P4PP/R3KB1R b KQ - 0 14,28,T2025-09_667,h8e8,-12,1,f5e6,0.0307,0.0282,0.0225,0.017,h8d8,h8d8,h8d8,h8d8,414.0,0.0307,-0.0137,True,elite,03_elite_top,2568,2613,2613,False,True,5,0.5024,0.0215
2kr1b1r/1ppbqp1p/p1n5/4P1p1/B3Q3/2N3B1/PPP2PPP/R3K2R b KQ - 1 12,24,T2025-09_669,d8e8,-29,90,d8e8,0.0442,0.0442,0.026,0.0125,f7f5,f7f5,f7f5,f7f5,198.0,0.0442,-0.0317,True,elite,03_elite_top,2523,2608,2608,True,False,3,0.6227,0.1184
2k1rb1r/1ppbqp2/p1n5/4P1pp/B7/2N1Q1B1/PPP2PPP/2KR3R b - - 1 14,28,T2025-09_669,b7b5,-44,27,b7b5,0.0304,0.0279,0.0242,0.0204,h5h4,h5h4,h5h4,h5h4,119.0,0.0304,-0.01,True,elite,03_elite_top,2523,2608,2608,True,False,3,0.5931,0.0461
3r2k1/pp3p2/2p3p1/6qn/2P1P3/1PQ1P3/PKB5/7R b - - 1 28,56,T2025-09_670,c6c5,141,0,d8e8,0.0058,0.0066,0.0085,0.0105,g5g2,g5g2,g5g2,g5f6,124.0,0.0105,0.0047,True,elite,03_elite_top,2462,2651,2651,False,True,0,0.5957,0.1309
2r1k2r/pp4p1/1bp1bp1p/4n2N/4R2B/P1N4P/1PP3P1/2K2R2 b - - 2 20,40,T2025-09_671,e6c4,-227,55,c8c7,0.0234,0.0079,0.0029,0.0014,e8f7,e8f7,e8f7,e8f7,171.0,0.0234,-0.022,True,elite,03_elite_top,2565,2643,2643,False,True,6,0.5955,0.0882
4k2r/ppr5/1bp1bR1p/4n3/4R2B/P1N4P/1PP3P1/2K5 b - - 0 22,44,T2025-09_671,e6f7,-249,91,c7e7,0.0143,0.0216,0.0327,0.0452,c7e7,c7e7,c7e7,e6d5,186.0,0.0452,0.0309,True,elite,03_elite_top,2565,2643,2643,False,True,6,0.6453,0.082
5k2/pp2R3/2p2B2/8/3KN1r1/P6r/1PP5/8 b - - 3 34,68,T2025-09_671,h3h5,-145,23,h3h6,0.0404,0.0431,0.0412,0.0378,c6c5,c6c5,c6c5,c6c5,229.0,0.0431,-0.0026,True,elite,03_elite_top,2565,2643,2643,False,True,7,0.5405,0.1191
r1b1k1nr/1p1n2bp/p2Qpqp1/2p5/P3P3/2N2N2/1PP1BPPP/R1B1K2R b KQkq - 2 10,20,T2025-09_672,h7h6,-346,4,g8e7,0.0232,0.0219,0.0189,0.0333,g8e7,g8e7,g8e7,g8e7,101.0,0.0333,0.0101,True,elite,03_elite_top,2586,2666,2666,False,True,6,0.7084,0.1695
1qr1r1k1/1b1n1pbp/pp1ppnp1/2p5/P2P4/1QP1PN1P/1P1N1PPB/R3RBK1 b - - 1 16,32,T2025-09_673,g7f8,-34,6,g7f8,0.0122,0.0149,0.018,0.0217,c5d4,c5d4,b8a8,b8a8,153.0,0.0217,0.0095,True,elite,03_elite_top,2497,2679,2679,True,False,2,0.6765,0.0028
r3r1k1/p1qNppb1/1p3np1/6Bp/7Q/2N3P1/PPP2PKP/3RR3 b - - 0 16,32,T2025-09_680,c7b7,-29,28,f6d7,0.0419,0.0321,0.0257,0.023,f6d7,f6d7,f6d7,f6d7,102.0,0.0419,-0.0189,True,elite,03_elite_top,2576,2615,2615,False,True,2,0.5034,0.0052
r3r1k1/p2nppb1/1pq3p1/3N2Bp/4Q3/6P1/PPP2PKP/3RR3 b - - 3 18,36,T2025-09_680,g8h8,-181,42,g8h8,0.0022,0.002,0.0012,0.0008,e7e6,e7e6,e7e6,e7e6,538.0,0.0022,-0.0014,True,elite,03_elite_top,2576,2615,2615,True,False,6,0.5974,0.0022
3rk2r/ppB3pp/2p1bp2/4p3/n3P1P1/K1P2P2/P1P1B2P/3R3R b - - 4 18,36,T2025-09_682,d8d7,-2,22,d8d7,0.0278,0.0229,0.0181,0.0131,a4c3,a4c3,a4c3,a4c3,572.0,0.0278,-0.0147,True,elite,03_elite_top,2648,2805,2805,True,False,0,0.5183,0.0549
2n5/p4kp1/1pp1Pp2/2B1p3/4P2r/K1P5/P1P1B3/3R4 b - - 0 28,56,T2025-09_682,f7e8,-512,129,f7e6,0.016,0.0189,0.0226,0.0287,f7e6,f7e6,f7e6,f7e6,1487.0,0.0287,0.0127,True,elite,03_elite_top,2648,2805,2805,False,True,7,0.6259,0.2114
3r2k1/p2qb1p1/n7/1ppb4/2p1NB2/P2r2P1/1PQ2P1P/R3RBK1 b - - 5 24,48,T2025-09_683,d5b7,-50,2,d5c6,0.0093,0.0122,0.0157,0.0203,d5e4,d5e4,d5e4,d5e4,151.0,0.0203,0.011,True,elite,03_elite_top,2619,2892,2892,False,True,2,0.5825,0.0845
3r2k1/p2qb1p1/4n3/1bp1B3/2p1N3/3r1PP1/1PQ4P/R3RBK1 b - - 1 28,56,T2025-09_683,a7a6,-49,6,a7a6,0.005,0.0034,0.0026,0.0022,d3f3,d3f3,d3f3,d3f3,129.0,0.005,-0.0028,True,elite,03_elite_top,2619,2892,2892,True,False,2,0.5937,0.0536
r2qkbr1/pp1n1pp1/2p1p3/6PN/2BP4/2P1BQ2/PPb2P2/R3K2R b KQq - 0 18,36,T2025-09_685,f8d6,-29,7,g7g6,0.0226,0.0209,0.0213,0.0263,g7g6,g7g6,c2g6,c2g6,179.0,0.0263,0.0037,True,elite,03_elite_top,2794,2874,2874,False,True,2,0.6587,0.0853
8/r4ppp/2k1p3/P2pPb1P/8/2P1KP2/6P1/R6R b - - 0 30,60,T2025-09_686,a7a8,-516,9,h7h6,0.0029,0.0025,0.0024,0.0026,c6b5,c6b5,c6b5,c6b5,114.0,0.0029,-0.0003,True,elite,03_elite_top,2797,2871,2871,False,True,1,0.797,0.3837
r1bq1rk1/1p1n3p/p2b2P1/3Ppp2/2P5/3BN3/PP3PP1/R1BQK2R b KQ - 0 14,28,T2025-09_687,e5e4,-235,102,h7g6,0.0279,0.0352,0.0277,0.0108,h7g6,h7g6,h7g6,h7g6,141.0,0.0352,-0.0171,True,elite,03_elite_top,2712,2926,2926,False,True,6,0.7306,0.1837
r1bq1rk1/1p1n4/p2b4/3Ppp1Q/2P5/4N3/PP3PP1/R1B1K2R b KQ - 1 16,32,T2025-09_687,d8e7,-1074,125,d7f6,0.0341,0.0433,0.045,0.0435,d7f6,d7f6,d8f6,d8f6,925.0,0.045,0.0094,True,elite,03_elite_top,2712,2926,2926,False,True,6,0.7328,0.351
r5rk/2q1b2p/p1P1bp2/1pN1pp1B/8/7Q/P4PPP/2R2RK1 b - - 3 26,52,T2025-09_688,e6c4,234,11,e7c5,0.0392,0.0321,0.0313,0.0307,e7c5,e7c5,e7c5,e7c5,141.0,0.0392,-0.0085,True,elite,03_elite_top,2689,2909,2909,False,True,0,0.65,0.1018
3r4/2q3kp/p1P1bp2/1pR1ppr1/8/5BPQ/P4P1P/2R3K1 b - - 2 30,60,T2025-09_688,h7h5,108,52,d8d2,0.0057,0.0044,0.0037,0.0043,e6a2,e5e4,e5e4,e5e4,289.0,0.0057,-0.0014,True,elite,03_elite_top,2689,2909,2909,False,True,0,0.5822,0.1138
r1b1k2r/pp2n1b1/1q4pp/n1pP4/2B1NB2/1P4P1/P1PN1P1P/R2QK2R b KQ - 1 14,28,T2025-09_689,c8h3,-407,32,g7a1,0.0106,0.0119,0.0136,0.0182,g7a1,g7a1,g7a1,g7a1,207.0,0.0182,0.0076,True,elite,03_elite_top,2656,2905,2905,False,True,6,0.7544,0.1731
r5r1/2pb1pk1/pp1p1q2/3PpPb1/1PP1B2p/2R2N1P/P4QP1/6NK b - - 0 30,60,T2025-09_692,a6a5,231,3,a6a5,0.0391,0.0221,0.0161,0.0156,g7f8,g7f8,g7f8,g7f8,112.0,0.0391,-0.0235,True,elite,03_elite_top,2716,2906,2906,True,False,2,0.5334,0.0197
2r2bk1/1p3pp1/p2p3p/3Np3/P1P1P3/1P6/5PPP/3R2K1 b - - 0 24,48,T2025-09_693,h6h5,-129,58,f7f6,0.0049,0.004,0.0033,0.0032,b7b5,b7b5,b7b5,b7b5,328.0,0.0049,-0.0017,True,elite,03_elite_top,2752,2896,2896,False,True,5,0.5654,0.1701
q5k1/7p/3pprp1/2p1b3/1p1pP1Q1/1N1P2PP/rPP2P2/R3R1K1 b - - 0 30,60,T2025-09_694,c5c4,8,183,g8g7,0.0167,0.0142,0.0168,0.0218,a2a1,a2a1,a2a1,a2a1,291.0,0.0218,0.0051,True,elite,03_elite_top,2701,2814,2814,False,True,5,0.6017,0.0102
r4rk1/2qbbp1p/p2pp1p1/5PPn/Np1NP3/1P2B3/1PP1Q2P/1K1R3R b - - 0 18,36,T2025-09_698,f8e8,-14,1,e6e5,0.0022,0.0016,0.0013,0.0019,e6f5,e6f5,e6f5,e6f5,149.0,0.0022,-0.0003,True,elite,03_elite_top,2692,2867,2867,False,True,2,0.6955,0.2039
7r/p1p1kppp/4bb2/8/4B3/2P5/Pr1B1PPP/R1K4R b - - 6 20,40,T2025-09_699,h8d8,145,99,h8d8,0.0123,0.0104,0.0091,0.007,b2b6,b2b6,h8b8,h8b8,102.0,0.0123,-0.0053,True,elite,03_elite_top,2637,2873,2873,True,False,0,0.5187,0.0809
r2q1rk1/pp5p/2p1pnp1/3p1n2/P2P1b2/2NN4/1PP1QBPP/R4RK1 b - - 1 16,32,T2025-09_705,d8c7,184,63,f4c7,0.0417,0.0381,0.0286,0.0185,f4h6,f4h6,f4h6,f4h6,245.0,0.0417,-0.0232,True,elite,03_elite_top,2793,2850,2850,False,True,2,0.6489,0.0801
4rr2/6k1/3p3p/p1pP2p1/P1PbN1P1/3N4/6PK/4R3 b - - 2 28,56,T2025-09_707,f8f7,495,2,d4e5,0.0274,0.0246,0.0255,0.0305,d4e5,d4e5,d4e5,d4e5,174.0,0.0305,0.0031,True,elite,03_elite_top,2735,2857,2857,False,True,0,0.5751,0.0094
1k1r4/pp3pb1/5q2/2R3p1/3pQ3/7P/PP3PP1/5RK1 b - - 2 26,52,T2025-09_712,d8d7,-398,14,a7a6,0.0009,0.0005,0.0003,0.0002,d4d3,d4d3,d4d3,d4d3,106.0,0.0009,-0.0007,True,elite,03_elite_top,2657,2857,2857,False,True,5,0.6294,0.1161
r4rk1/p3bppp/5n2/1pN1p2q/8/1PQ3Pb/P3PP1P/R1B1R1KB b - - 1 18,36,T2025-09_713,b5b4,189,9,a8c8,0.0106,0.0066,0.0049,0.0059,a8c8,a8c8,a8c8,a8c8,112.0,0.0106,-0.0047,True,elite,03_elite_top,2690,2923,2923,False,True,0,0.5908,0.0294
7k/p4p1p/6r1/1p3p2/5P2/3B1P1b/P3P2P/6RK b - - 1 34,68,T2025-09_713,g6c6,-224,50,g6c6,0.0078,0.0074,0.0089,0.0125,g6g1,g6g1,g6g1,b5b4,117.0,0.0125,0.0047,True,elite,03_elite_top,2690,2923,2923,True,False,5,0.5221,0.2278
3r4/p4pkp/6p1/3B4/3RP1P1/7P/Pr3PK1/8 b - - 0 30,60,T2025-09_718,d8d7,141,7,d8d7,0.0035,0.0052,0.0081,0.0108,f7f5,g7f6,g7f6,g7f6,117.0,0.0108,0.0073,True,elite,03_elite_top,2676,2837,2837,True,False,5,0.381,0.022
r3r1k1/2p2p2/1b1pnPpB/3q4/p2p2N1/5R1P/PP1Q2PK/5R2 b - - 3 32,64,T2025-09_721,a8a5,0,0,d5h5,0.0089,0.0104,0.0133,0.0194,d5a2,d5a2,d5a2,d5a2,425.0,0.0194,0.0105,True,elite,03_elite_top,2375,3082,3082,False,True,2,0.5737,0.0498
3rrb1k/pp1n1Q1p/1q3ppB/4P3/5P2/4P3/PP4PP/3R1R1K b - - 4 22,44,T2025-09_726,d7c5,0,14,d7c5,0.0104,0.0114,0.0135,0.0133,f8h6,f8h6,f8h6,f8h6,1288.0,0.0135,0.0029,True,elite,03_elite_top,2664,2850,2850,True,False,6,0.4902,0.0417
3rrb1k/pp3Q1p/3R1ppB/1qn1P3/5P2/4P3/PP4PP/1R5K b - - 8 24,48,T2025-09_726,d8c8,0,0,d8c8,0.0023,0.0017,0.0014,0.0014,f8d6,f8d6,f8d6,f8d6,1999.0,0.0023,-0.0009,True,elite,03_elite_top,2664,2850,2850,True,False,6,0.5664,0.1467
3r4/p2k4/1p3pp1/P2n3p/3B3P/3P1KP1/5P2/2R5 b - - 4 34,68,T2025-09_727,d7d6,0,0,d8e8,0.0146,0.0196,0.0205,0.0183,b6a5,d8c8,d8c8,d8c8,209.0,0.0205,0.0037,True,elite,03_elite_top,2667,2847,2847,False,True,5,0.4921,0.112
8/p4kpp/1p2bpn1/r1r5/PR1N4/2P2PB1/6PP/R5K1 b - - 6 30,60,T2025-09_731,e6c4,13,13,e6c4,0.0209,0.0221,0.0213,0.0224,c5c3,c5c3,c5c3,c5c3,260.0,0.0224,0.0015,True,elite,03_elite_top,2663,2851,2851,True,False,5,0.5551,0.0574
8/p1r1nkpp/1p3p2/r7/P2N3P/2Pb1P2/1R3BP1/R5K1 b - - 2 34,68,T2025-09_731,a5d5,22,4,e7c6,0.0015,0.0014,0.0017,0.0029,c7c3,c7c3,c7c3,c7c3,278.0,0.0029,0.0014,True,elite,03_elite_top,2663,2851,2851,False,True,5,0.5544,0.0358
1r1qr1k1/p1p1bpp1/5n1p/N7/2p1P1bB/P1N1Q3/1PP3PP/R4RK1 b - - 1 18,36,T2025-09_733,b8b6,48,35,b8b6,0.0209,0.0243,0.0286,0.0281,b8b2,b8b2,b8b2,b8b2,181.0,0.0286,0.0072,True,elite,03_elite_top,2662,2851,2851,True,False,0,0.5671,0.0042
6k1/p1p1rpp1/3q1n1p/8/2p1P1b1/P1N1Q3/1rP2BPP/2R2RK1 b - - 1 22,44,T2025-09_733,g4h5,32,1,g4h5,0.0233,0.0316,0.0389,0.0386,d6a3,d6a3,d6a3,d6a3,314.0,0.0389,0.0153,True,elite,03_elite_top,2662,2851,2851,True,False,0,0.5897,0.0582
2r2rk1/1p2qpp1/p3bn1p/n2pN3/P2P1B2/b1NQ2P1/2R1PPBP/1R4K1 b - - 4 18,36,T2025-09_734,a5c6,-15,8,a5c4,0.0403,0.033,0.0237,0.0145,a5c4,a5c4,a5c4,a5c4,168.0,0.0403,-0.0258,True,elite,03_elite_top,2707,2815,2815,False,True,2,0.6326,0.1183
r1b2rk1/pp3ppp/2n5/1Bbp4/5B2/4PN2/PP3PPP/R4RK1 b - - 3 12,24,T2025-09_738,c5e7,-70,9,c8d7,0.0034,0.0049,0.0047,0.0042,a7a6,a7a6,a7a6,c8g4,120.0,0.0049,0.0008,True,elite,03_elite_top,2667,2814,2814,False,True,3,0.6375,0.1231
r1r3k1/1p1b1ppp/pbn5/3R4/B4B2/4PN2/PP3PPP/2R3K1 b - - 0 16,32,T2025-09_738,c6d4,23,51,d7e6,0.0086,0.007,0.0072,0.0089,d7e6,d7e6,d7e6,d7e6,111.0,0.0089,0.0003,True,elite,03_elite_top,2667,2814,2814,False,True,5,0.4829,0.0134
r4rk1/4pp2/p5p1/5qPp/2nb1P1P/P1N5/1PP2N2/1RQ1K2R b K - 1 22,44,T2025-09_743,a8d8,642,24,a8b8,0.0241,0.0199,0.0194,0.024,d4f2,d4f2,d4f2,d4f2,163.0,0.0241,-0.0001,True,elite,03_elite_top,2575,2818,2818,False,True,4,0.8824,0.3631
r3r1k1/p1p2ppp/b2q4/P1p5/3pPP2/1N6/1PP3PP/R2QR1K1 b - - 0 20,40,T2025-09_747,a8b8,81,2,a8b8,0.0347,0.0289,0.0267,0.0322,d6f4,d6f4,d6f4,d6f4,120.0,0.0347,-0.0025,True,elite,03_elite_top,2662,2852,2852,True,False,0,0.6668,0.0996
1r2r1k1/p1p2ppp/b1q5/P1p5/3pPP2/1N6/1PP2QPP/R3R1K1 b - - 4 22,44,T2025-09_747,f7f6,72,7,h7h6,0.0031,0.0023,0.0021,0.003,e8e4,e8e4,e8e4,e8e4,172.0,0.0031,-0.0001,True,elite,03_elite_top,2662,2852,2852,False,True,0,0.6928,0.099
r1bk3r/pp1npp1p/2p3p1/8/3N1P2/8/PP1RPPBP/R5K1 b - - 1 16,32,T2025-09_750,a7a5,120,104,d8c7,0.0083,0.005,0.0022,0.0015,d8c7,d8c7,d8c7,d8c7,120.0,0.0083,-0.0068,True,elite,03_elite_top,2524,2881,2881,False,True,2,0.5349,0.0615
r2qk2r/pp1b1ppp/2n1pn2/4P1B1/QbppN3/5N2/PP3PPP/2KR1B1R b kq - 5 10,20,T2025-09_760,b4e7,5,101,b4e7,0.0458,0.0489,0.0459,0.0328,c6e5,c6e5,c6e5,c6e5,429.0,0.0489,-0.013,True,elite,03_elite_top,2650,2871,2871,True,False,3,0.5596,0.1527
r2qk2r/pp1bbp1p/2n1pp2/8/Q1ppN2B/5N2/PP3PPP/2KR1B1R b kq - 1 12,24,T2025-09_760,a7a6,15,15,a7a6,0.019,0.0243,0.0323,0.0355,c6e5,c6e5,c6e5,c6e5,147.0,0.0355,0.0165,True,elite,03_elite_top,2650,2871,2871,True,False,7,0.6593,0.2371
2rq1rk1/1p1b1p1p/p4p2/2b1n3/5P1B/2N5/PP1Q2PP/2KR1B1R b - - 4 18,36,T2025-09_760,d8b6,123,216,d8b6,0.0055,0.0062,0.007,0.0054,e5g6,e5g6,e5g6,e5g6,288.0,0.007,-0.0001,True,elite,03_elite_top,2650,2871,2871,True,False,2,0.4879,0.0289
2r3k1/1p3p1p/p3bp2/q7/1b3PnB/P4Q2/1P4PP/K2R1B1R b - - 2 26,52,T2025-09_760,b4c3,613,232,b4c3,0.0099,0.0082,0.0072,0.0065,b4a3,b4a3,b4a3,b4e7,825.0,0.0099,-0.0034,True,elite,03_elite_top,2650,2871,2871,True,False,0,0.5638,0.1475
r3kbnr/p4ppp/2n1p3/qp1pP3/2pP2b1/PP2BN2/1NP1BPPP/R1QR2K1 b kq - 2 14,28,T2025-09_763,g4f3,-57,46,g4f3,0.0399,0.0372,0.0257,0.0168,f8a3,f8a3,f8a3,f8a3,203.0,0.0399,-0.0231,True,elite,03_elite_top,2789,2987,2987,True,False,2,0.6621,0.0432
6k1/2r4p/p4pp1/1p2p3/nb2BP2/4P1B1/PP2K1PP/3R4 b - - 0 24,48,T2025-09_764,f6f5,0,0,f6f5,0.0317,0.0304,0.0312,0.0328,a4b2,a4b2,a4b2,a4b2,218.0,0.0328,0.0011,True,elite,03_elite_top,2650,2874,2874,True,False,5,0.5443,0.0815
3r2k1/p2q1pp1/1pp2b1p/3p1n2/3P1BQ1/2P2N1P/PP3PP1/4R1K1 b - - 5 24,48,T2025-09_765,f5e7,-22,2,g7g6,0.0304,0.0383,0.0491,0.0432,d8e8,d8e8,d8e8,d8e8,415.0,0.0491,0.0128,True,elite,03_elite_top,2653,2869,2869,False,True,2,0.6248,0.0111
3r2k1/p2q1p2/1pp2bp1/3p1n1p/3P1Q2/2P2N1P/PP3PPB/4R1K1 b - - 1 26,52,T2025-09_765,h5h4,-20,3,h5h4,0.0058,0.0037,0.0019,0.0012,d8e8,d8e8,d8e8,d8e8,426.0,0.0058,-0.0046,True,elite,03_elite_top,2653,2869,2869,True,False,2,0.6105,0.0238
r3nn2/1b3Npk/1pp2q1p/r3RP2/3P1Q1P/1B6/P4PP1/3R2K1 b - - 8 30,60,T2025-09_766,a5b5,-184,12,c6c5,0.0021,0.0014,0.0009,0.0007,a5e5,a5e5,a5e5,a5e5,318.0,0.0021,-0.0014,True,elite,03_elite_top,2719,2876,2876,False,True,6,0.6725,0.1845
r3nn1k/1b4p1/1p3q1p/r1P1RPN1/5Q1P/1B6/P4PP1/3R2K1 b - - 0 34,68,T2025-09_766,f6c6,-251,116,f6c6,0.0088,0.005,0.0034,0.0035,h6g5,h6g5,h6g5,h6g5,214.0,0.0088,-0.0053,True,elite,03_elite_top,2719,2876,2876,True,False,6,0.7162,0.2428
r1q2rk1/p4pp1/1p2pn1p/2b5/5B2/2N2QP1/PP2PPKP/R2R4 b - - 3 18,36,T2025-09_769,c5e7,-59,39,c5e7,0.0199,0.0296,0.0285,0.019,f8d8,f8d8,f8d8,f8d8,128.0,0.0296,-0.0009,True,elite,03_elite_top,2602,2829,2829,True,False,5,0.5511,0.0058
3rr1k1/p1p2pp1/q1b5/2B4p/8/PP3PP1/4nNKP/RQ3R2 b - - 2 26,52,T2025-09_773,c6f3,724,173,c6f3,0.0048,0.0062,0.0083,0.01,e2c3,e2c3,e2c3,e2c3,137.0,0.01,0.0052,True,elite,03_elite_top,2740,2898,2898,True,False,4,0.7605,0.1524
r5k1/1p1n1pp1/1q5p/3p1P2/p2Np3/6RP/PP1Q1PP1/6K1 b - - 2 26,52,T2025-09_774,a8d8,182,7,d7e5,0.0024,0.0021,0.0016,0.0014,d7e5,d7e5,d7e5,d7e5,119.0,0.0024,-0.001,True,elite,03_elite_top,2751,2896,2896,False,True,0,0.7187,0.225
r6r/ppp1bkp1/2p1b3/4Pp1p/3N1P2/4B2P/PPPR2P1/3R2K1 b - - 5 18,36,T2025-09_776,a7a5,-6,1,h5h4,0.003,0.0029,0.0028,0.0035,e6a2,e6d5,e6d5,e6d5,165.0,0.0035,0.0005,True,elite,03_elite_top,2799,2917,2917,False,True,2,0.5308,0.0753
r3r1k1/pp2qppp/2p2n2/P2Pb3/2P1p2n/2N1P1N1/1B2QPPP/1R1R2K1 b - - 2 20,40,T2025-09_777,e7c7,-70,30,a8c8,0.01,0.0116,0.0134,0.0126,c6d5,c6d5,c6d5,c6d5,161.0,0.0134,0.0026,True,elite,03_elite_top,2765,2870,2870,False,True,2,0.6624,0.1102
2r1r1k1/pp2qppp/5n2/P2Pb3/N3p2n/4P1N1/1B2QPPP/1R1R2K1 b - - 0 22,44,T2025-09_777,e7d7,-25,22,c8c7,0.0437,0.0396,0.0338,0.0275,e5b2,e5b2,e5b2,e5b2,112.0,0.0437,-0.0162,True,elite,03_elite_top,2765,2870,2870,False,True,2,0.5944,0.0566
1b1qr1k1/1b3pp1/1p3n2/1Q6/p2Pp2p/P3P2P/1P2NP1P/R1B1R1K1 b - - 1 26,52,T2025-09_778,d8c8,333,52,d8c8,0.02,0.0186,0.0205,0.0264,d8d6,d8d6,d8d6,d8d6,174.0,0.0264,0.0064,True,elite,03_elite_top,2524,3060,3060,True,False,0,0.6498,0.1689
r2r2k1/p4p1p/2pp2p1/4b3/4P3/5Q2/q1P1N1PP/3R1R1K b - - 1 22,44,T2025-09_783,a2c4,401,76,a7a5,0.0117,0.0146,0.0198,0.0288,a2c2,a2c2,a2c2,a2c2,335.0,0.0288,0.0171,True,elite,03_elite_top,2511,2873,2873,False,True,0,0.6612,0.0392
r2r2k1/5p1p/2Np2p1/4b3/2q1P3/p1PR1Q2/6PP/5R1K b - - 0 26,52,T2025-09_783,a3a2,455,128,a3a2,0.0321,0.0237,0.0221,0.0196,c4c6,c4c6,c4c6,c4c6,456.0,0.0321,-0.0125,True,elite,03_elite_top,2511,2873,2873,True,False,0,0.7027,0.1239
3qk2r/3bbppp/p1nppn2/8/1r2PB2/1PN2N2/2PQ1PPP/1K1R1B1R b k - 2 14,28,T2025-09_785,c6a5,148,90,c6a5,0.0177,0.0167,0.0149,0.0128,a6a5,a6a5,f6e4,f6e4,338.0,0.0177,-0.0049,True,elite,03_elite_top,2467,3054,3054,True,False,2,0.6127,0.0564
3q1rk1/3b1ppp/p4b2/2QRN3/r3p3/8/N4PPP/K2R4 b - - 1 26,52,T2025-09_785,d8e8,697,58,d8e8,0.0153,0.0117,0.0101,0.0122,f6e5,f6e5,f6e5,f6e5,224.0,0.0153,-0.0031,True,elite,03_elite_top,2467,3054,3054,True,False,4,0.8005,0.2144
2q2rk1/5ppp/p4b2/3QN3/r3p1P1/8/NK3P1P/3R4 b - - 0 30,60,T2025-09_785,a4a2,1188,368,a4a2,0.04,0.0398,0.0396,0.0401,c8b8,c8b8,c8b8,c8b8,417.0,0.0401,0.0001,True,elite,03_elite_top,2467,3054,3054,True,False,4,0.9103,0.538
r3r1k1/3b1ppp/2pb4/1p1n4/3P4/pPP1BBPP/P4PK1/RN2R3 b - - 0 22,44,T2025-09_788,d6f8,12,5,g7g6,0.0012,0.0018,0.0032,0.0087,d5e3,d5e3,d5e3,b5b4,162.0,0.0087,0.0075,True,elite,03_elite_top,2798,2995,2995,False,True,2,0.5912,0.0571
r4rk1/p2bppbp/6p1/n1p5/8/P1NB1N1P/1PP2PP1/2KR3R b - - 1 16,32,T2025-09_791,f8d8,57,22,a8b8,0.0354,0.0282,0.0228,0.0266,c5c4,c5c4,c5c4,c5c4,172.0,0.0354,-0.0088,True,elite,03_elite_top,2515,2801,2801,False,True,2,0.564,0.0167
1r3rk1/p2bpp1p/6Bb/n1p5/8/P1N2N1P/1PP2PP1/1K1R3R b - - 2 18,36,T2025-09_791,a5c4,171,19,h6g7,0.0263,0.0277,0.0303,0.0261,f7g6,f7g6,h7g6,h7g6,136.0,0.0303,-0.0002,True,elite,03_elite_top,2515,2801,2801,False,True,0,0.5418,0.0481
1r3rk1/p2bpp1p/6Bb/n1p5/8/P1N2N1P/1PP2PP1/1K1R3R b - - 6 20,40,T2025-09_791,h6g7,200,21,a5c4,0.0138,0.0112,0.008,0.0051,f7g6,f7g6,h7g6,h7g6,162.0,0.0138,-0.0087,True,elite,03_elite_top,2515,2801,2801,False,True,0,0.5411,0.0474
1r4k1/2rbpp1p/8/8/pn2N3/K2B3P/2PN1PP1/1R6 b - - 1 34,68,T2025-09_791,b4c6,349,122,b4c6,0.0153,0.0127,0.0124,0.0163,b4c2,b4c2,b4c2,b4c2,231.0,0.0163,0.001,True,elite,03_elite_top,2515,2801,2801,True,False,0,0.5245,0.0755
1r4k1/2R2p1p/4b1n1/1p2qp2/1Q2p3/6P1/P4P1P/2R2BK1 b - - 0 32,64,T2025-09_794,b8a8,-134,5,f5f4,0.0187,0.0171,0.0143,0.0148,f5f4,f5f4,f5f4,f5f4,136.0,0.0187,-0.0039,True,elite,03_elite_top,2696,2893,2893,False,True,5,0.5387,0.0262
8/3bkppp/8/1p1P4/p3P2P/1r3P2/5BP1/R5K1 b - - 1 34,68,T2025-09_795,b3c3,161,34,b3c3,0.023,0.0196,0.0167,0.0158,a4a3,a4a3,a4a3,a4a3,420.0,0.023,-0.0072,True,elite,03_elite_top,2609,2874,2874,True,False,0,0.5249,0.112
6rk/6pp/p7/3pQp2/B1pPn3/P1q2P1P/6P1/5RK1 b - - 3 30,60,T2025-09_796,e4c5,171,38,e4d2,0.0003,0.0001,0.0001,0.0001,c3e3,c3e3,c3e3,c3e3,108.0,0.0003,-0.0002,True,elite,03_elite_top,2699,2898,2898,False,True,0,0.6021,0.2114
6rk/6pp/p7/3pQp2/B1pPn3/P1q2P1P/6P1/5RK1 b - - 7 32,64,T2025-09_796,e4c5,175,28,c3a3,0.0003,0.0001,0.0001,0.0001,c3e3,c3e3,c3e3,c3e3,117.0,0.0003,-0.0002,True,elite,03_elite_top,2699,2898,2898,False,True,0,0.5993,0.2122
r1b1k3/1pp1q2p/4r1p1/p1pQ1p1P/8/2B5/PPB2PP1/3R2K1 b - - 0 32,64,T2025-09_799,a5a4,133,65,a5a4,0.0137,0.0129,0.0131,0.0157,c7c6,c7c6,e6d6,a8a6,105.0,0.0157,0.002,True,elite,03_elite_top,2755,3027,3027,True,False,2,0.4149,0.003
r1b1k3/1p2q2p/2p1r1p1/2p2p1P/p7/2BB1Q2/PP3PP1/3R2K1 b - - 1 34,68,T2025-09_799,e7h4,158,5,e6d6,0.0274,0.0285,0.0272,0.0235,b7b5,b7b5,b7b5,b7b5,158.0,0.0285,-0.0039,True,elite,03_elite_top,2755,3027,3027,False,True,0,0.4422,0.0035
r3r1k1/pb1n1ppp/1q6/1pbP4/4PB2/1Np5/P1B2PPP/1R1Q1RK1 b - - 1 18,36,T2025-09_801,c5f8,25,84,c5f8,0.0029,0.0055,0.0106,0.0263,d7f6,d7f6,b5b4,b5b4,117.0,0.0263,0.0234,True,elite,03_elite_top,2667,2871,2871,True,False,2,0.6919,0.0904
7r/4bp1N/2k1b1PP/3p1p2/p1pP1P2/PrN5/1PK5/1R4R1 b - - 0 34,68,T2025-09_802,b3b8,-294,75,f7g6,0.0379,0.028,0.0251,0.0306,f7g6,f7g6,f7g6,f7g6,122.0,0.0379,-0.0073,True,elite,03_elite_top,2714,2854,2854,False,True,6,0.6501,0.0416
r1bq1r1k/p5pp/2p5/2nppP2/6Pb/2NB1Q1P/PPP2P2/R1BR2K1 b - - 0 16,32,T2025-09_803,d8e7,156,20,d8e7,0.0028,0.002,0.0021,0.004,e5e4,e5e4,e5e4,e5e4,288.0,0.004,0.0012,True,elite,03_elite_top,2417,2976,2976,True,False,2,0.6743,0.0918
6rk/p6p/b1p2qr1/2Pp1p2/4pQ2/2N4P/P1P2P1K/R2R3B b - - 9 28,56,T2025-09_803,f6g7,494,172,f6g7,0.0153,0.015,0.014,0.0151,f6c3,f6c3,f6c3,f6c3,164.0,0.0153,-0.0002,True,elite,03_elite_top,2417,2976,2976,True,False,0,0.6118,0.0625
3R2rk/p5qp/b1p5/2P2p2/P7/2p2Q1P/2P2P1K/R5r1 b - - 5 34,68,T2025-09_803,g7e5,1995,2,g7e5,0.0136,0.0138,0.0178,0.0292,g7g2,g7g2,g7g2,g7g2,1237.0,0.0292,0.0156,True,elite,03_elite_top,2417,2976,2976,True,False,4,0.8678,0.4058
4r2k/2p3pp/5q2/1p1P1P2/2n5/2P5/1P2Q2P/R2B2K1 b - - 0 26,52,T2025-09_804,c4d6,64,3,c4d6,0.0091,0.0139,0.0159,0.0139,e8e2,e8e2,e8e2,e8e2,2061.0,0.0159,0.0048,True,elite,03_elite_top,2678,2861,2861,True,False,0,0.5421,0.1544
7k/2p4p/8/1pQP2q1/4rp2/2P5/1P1R3P/5K2 b - - 3 34,68,T2025-09_804,g5h6,26,26,g5f5,0.0011,0.0012,0.0011,0.0012,f4f3,f4f3,f4f3,f4f3,146.0,0.0012,0.0001,True,elite,03_elite_top,2678,2861,2861,False,True,5,0.4782,0.0108
br3rk1/4bp1p/pqn1p1pP/2npP3/5P2/2B3P1/NPPNBQ1R/1K1R4 b - - 7 24,48,T2025-09_808,b6b7,280,28,a6a5,0.0192,0.0169,0.0124,0.0104,c5a4,c5a4,c5a4,c5a4,170.0,0.0192,-0.0088,True,elite,03_elite_top,2412,2986,2986,False,True,2,0.619,0.0188
br3rk1/1q2bp1p/2n1p1pP/p1npP3/5P2/2B3P1/NPPNBQ2/1K1R3R b - - 3 26,52,T2025-09_808,d5d4,459,131,d5d4,0.0479,0.0359,0.0294,0.0238,c5a4,c5a4,c5a4,c5a4,122.0,0.0479,-0.0241,True,elite,03_elite_top,2412,2986,2986,True,False,0,0.6132,0.0601
r4rk1/5ppp/bp2pn2/p7/2NR4/P5P1/1P2PPBP/R5K1 b - - 0 16,32,T2025-09_811,f8d8,0,0,a8d8,0.047,0.0328,0.0259,0.025,a6c4,a6c4,a6c4,a6c4,315.0,0.047,-0.022,True,elite,03_elite_top,2659,2873,2873,False,True,5,0.5923,0.094
4b3/4kppp/4p3/p7/1Pn1BP1P/P1N3P1/8/6K1 b - - 0 30,60,T2025-09_811,a5a4,0,9,a5a4,0.0317,0.0232,0.0155,0.0105,c4a3,c4a3,c4a3,c4a3,220.0,0.0317,-0.0212,True,elite,03_elite_top,2659,2873,2873,True,False,5,0.4392,0.108
2r2k1r/p2n1p2/qp2p1p1/2ppPnQp/P1PP3P/5NP1/1P1N1P2/3RR1K1 b - - 0 22,44,T2025-09_814,f8g7,-124,56,c5d4,0.0119,0.0144,0.0189,0.0274,c5d4,c5d4,c5d4,c5d4,149.0,0.0274,0.0155,True,elite,03_elite_top,2729,2895,2895,False,True,6,0.5899,0.0344
r5k1/5pb1/1np2npp/pp1p4/3P3B/P1N2B1P/1PP2PPK/4R3 b - - 0 20,40,T2025-09_815,f6d7,255,42,f6d7,0.0129,0.0122,0.0091,0.009,b6c4,b6c4,b6c4,b6c4,151.0,0.0129,-0.0039,True,elite,03_elite_top,2442,2986,2986,True,False,2,0.5163,0.0406
r1q2rk1/1pp3p1/2npp2p/p2P3n/P3P3/1Q2RN1P/1P3PP1/RN4K1 b - - 0 16,32,T2025-09_821,f8f3,-19,49,f8f3,0.0077,0.0064,0.0057,0.0063,e6d5,e6d5,e6d5,e6d5,442.0,0.0077,-0.0014,True,elite,03_elite_top,2481,2818,2818,True,False,2,0.5648,0.0657
r5k1/pp3ppp/q4n2/3b4/3P1Q2/P1P1rN2/1PB3PP/1KR4R b - - 8 24,48,T2025-09_822,a6c4,-51,3,a6c4,0.0188,0.0115,0.0088,0.0077,a8e8,a8e8,a8e8,a8e8,155.0,0.0188,-0.0111,True,elite,03_elite_top,2524,2815,2815,True,False,5,0.5255,0.0238
r5k1/pp3rbp/1qp1bp1n/2n1p1p1/2P1P3/2N2NB1/PPQ1BPPP/1R1R2K1 b - - 11 18,36,T2025-09_830,a7a5,-2,33,a7a5,0.0208,0.0251,0.0247,0.0354,a8d8,a8d8,a8d8,a8d8,110.0,0.0354,0.0146,True,elite,03_elite_top,2584,2816,2816,True,False,2,0.733,0.116
2rq1rk1/pb2ppbp/1p1p1np1/6B1/2nNP3/P1NQ3P/1PP1BPP1/1K1R3R b - - 4 14,28,T2025-09_831,b6b5,169,32,b6b5,0.024,0.0219,0.0202,0.0207,c4e5,c4e5,c4e5,c4e5,143.0,0.024,-0.0033,True,elite,03_elite_top,2691,2985,2985,True,False,2,0.5957,0.0632
6r1/pkp1b1p1/1p6/PPp1Pp1b/R1P2P1p/3NB2P/6P1/4K3 b - - 7 34,68,T2025-09_832,h5e8,87,45,h5e8,0.0343,0.0374,0.0304,0.0272,g7g5,g7g5,g7g5,g7g5,157.0,0.0374,-0.0071,True,elite,03_elite_top,2480,2861,2861,True,False,2,0.4784,0.0115
N1b2rk1/1p6/2p4p/4n1p1/2PbpP1q/4P2P/PPQ3B1/R1BR2K1 b - - 0 26,52,T2025-09_835,f8f4,223,223,f8f4,0.0202,0.019,0.0196,0.0304,e5f3,e5f3,e5f3,g5f4,280.0,0.0304,0.0102,True,elite,03_elite_top,2649,2823,2823,True,False,7,0.5998,0.1485
N1b3k1/1p6/2p4p/6p1/2PPpr1q/5n1P/PPQ3B1/R1BR3K b - - 2 28,56,T2025-09_835,f4g4,441,244,f4g4,0.0292,0.0237,0.0188,0.0165,c8h3,c8h3,c8h3,c8h3,441.0,0.0292,-0.0127,True,elite,03_elite_top,2649,2823,2823,True,False,7,0.5876,0.2032
r3r1k1/2p2pp1/2Qbb2p/p6q/8/1P1PN1PP/P2BPP2/R3K2R b KQ - 0 18,36,T2025-09_836,f7f6,-97,6,d6a3,0.007,0.004,0.0023,0.0017,e6h3,e6h3,e6h3,e6h3,283.0,0.007,-0.0053,True,elite,03_elite_top,2646,2827,2827,False,True,2,0.5133,0.0209
2r3k1/5pp1/7p/p2q4/Pr6/1P1PP1PP/1Q2KP2/1R5R b - - 8 34,68,T2025-09_836,c8c6,-57,51,c8c6,0.0112,0.01,0.0101,0.0105,c8b8,c8b8,c8b8,c8b8,120.0,0.0112,-0.0007,True,elite,03_elite_top,2646,2827,2827,True,False,5,0.5829,0.1686
r3k2r/1p2bppp/5n2/pq1pNb2/NnpPPB2/P4P2/1R2B1PP/3Q1RK1 b kq - 0 16,32,T2025-09_839,f5g6,-336,17,f5d7,0.0429,0.0424,0.0443,0.0436,d5e4,d5e4,d5e4,d5e4,139.0,0.0443,0.0007,True,elite,03_elite_top,2709,2802,2802,False,True,6,0.6455,0.1135
r1bq1rk1/2p3b1/1P1p2n1/1N1Pp3/1P2Ppp1/3B4/2QB2PP/1R3RK1 b - - 0 22,44,T2025-09_840,g4g3,212,108,g4g3,0.0326,0.0201,0.009,0.0033,c7b6,c7b6,c7b6,c7b6,153.0,0.0326,-0.0293,True,elite,03_elite_top,2646,2820,2820,True,False,2,0.5609,0.0922
1r3rk1/p2Pnqbp/1p4p1/6B1/4b3/P4N2/1P1Q1PPP/R3R1K1 b - - 2 20,40,T2025-09_849,h7h6,-231,97,e4f3,0.011,0.0063,0.0045,0.0041,e4f3,e4f3,e4f3,e4f3,180.0,0.011,-0.0069,True,elite,03_elite_top,2626,2873,2873,False,True,6,0.6868,0.1984
rnb1qrk1/pp2b3/3p1n1p/3P1pp1/1P1Q4/4pPPN/PB2P1BP/RN3RK1 b - - 1 14,28,T2025-09_850,a7a5,4,4,e7d8,0.0138,0.0085,0.0039,0.0029,g5g4,b8d7,e8g6,e8g6,110.0,0.0138,-0.0109,True,elite,03_elite_top,2699,2820,2820,False,True,2,0.6564,0.1468
4r3/p7/1b1pP2k/6q1/1PQ2pP1/5B2/P3PpKP/3R4 b - - 2 34,68,T2025-09_850,h6g7,-300,48,g5e5,0.0146,0.0137,0.0123,0.0118,g5e5,g5e5,g5e5,g5e5,182.0,0.0146,-0.0028,True,elite,03_elite_top,2699,2820,2820,False,True,6,0.6442,0.0565
r1b2b1r/1p3kpp/p2q4/3Ppp2/8/2N5/PP2QPPP/R1B1R1K1 b - - 3 16,32,T2025-09_851,c8d7,19,28,e5e4,0.0168,0.0149,0.0109,0.0076,e5e4,e5e4,e5e4,e5e4,150.0,0.0168,-0.0092,True,elite,03_elite_top,2714,2832,2832,False,True,2,0.5557,0.0486
r1b2b1r/1p3kpp/p2q4/3P1p2/8/2N2Q2/PP4PP/R1B1R1K1 b - - 0 18,36,T2025-09_851,d6g6,-148,0,c8d7,0.0248,0.0161,0.0093,0.0061,f8e7,f8e7,f8e7,f8e7,216.0,0.0248,-0.0187,True,elite,03_elite_top,2714,2832,2832,False,True,5,0.5101,0.0011
r4b1r/1p1b1kpp/pq6/3P1p2/5B2/2N2Q2/PP4PP/R3R2K b - - 4 20,40,T2025-09_851,b6g6,-215,10,f8d6,0.0081,0.0088,0.0065,0.0044,b6b2,b6b2,f8d6,f8d6,208.0,0.0088,-0.0037,True,elite,03_elite_top,2714,2832,2832,False,True,6,0.6201,0.0331
4q1k1/6pp/p7/1bNP1p2/5Q2/7P/PP4PK/8 b - - 2 30,60,T2025-09_851,a6a5,-317,46,g7g6,0.0107,0.0041,0.0018,0.0011,g7g6,g7g6,g7g6,g7g6,123.0,0.0107,-0.0096,True,elite,03_elite_top,2714,2832,2832,False,True,5,0.624,0.0824
r1b1k2r/1p2npp1/p1q5/7p/8/2P1P1P1/PP2BK1P/RN1Q3R b kq - 1 14,28,T2025-09_852,h8h6,236,72,h8h6,0.0103,0.0071,0.0049,0.004,c6f6,c8h3,c8h3,c8h3,131.0,0.0103,-0.0063,True,elite,03_elite_top,2351,2823,2823,True,False,0,0.5749,0.1013
r3k3/1p2npp1/pq3r2/7p/8/2P1PBPb/PP1NQ2P/R5KR b q - 9 18,36,T2025-09_852,e7g6,268,51,e7g6,0.0027,0.0024,0.0022,0.0019,b6b2,b6b2,e8c8,e8c8,113.0,0.0027,-0.0008,True,elite,03_elite_top,2351,2823,2823,True,False,0,0.6588,0.1575
2kr4/1p3p2/p4rp1/8/P1N3b1/2P1PnP1/1P4KP/R6R b - - 2 26,52,T2025-09_852,f3e5,632,45,f3e5,0.0157,0.0147,0.0141,0.0154,f3d2,f3d2,f3g5,f3g5,114.0,0.0157,-0.0003,True,elite,03_elite_top,2351,2823,2823,True,False,4,0.8889,0.4508
1r4k1/5ppp/4p3/1qbpPP2/4b3/2Qp3P/1P4PK/2B2R2 b - - 1 24,48,T2025-09_854,d3d2,742,140,e4f5,0.0085,0.0064,0.0056,0.0067,e4f5,e4f5,e4f5,e4f5,175.0,0.0085,-0.0018,True,elite,03_elite_top,2690,2877,2877,False,True,4,0.9216,0.5526
1rq2r1k/1p4b1/3P1np1/BP2pn1p/4pp2/P2N1P2/4B1PP/2RQ1RK1 b - - 2 22,44,T2025-09_855,c8e8,27,131,c8e8,0.0317,0.028,0.0284,0.0317,c8d7,c8d7,c8d7,c8d7,221.0,0.0317,0.0,True,elite,03_elite_top,2590,2878,2878,True,False,2,0.5486,0.0372
r2r2k1/3BbP1p/pQ4p1/1p6/8/1q6/5PPP/R4RK1 b - - 0 26,52,T2025-09_863,g8g7,11,0,g8f7,0.0099,0.0077,0.008,0.0113,b3f7,b3f7,b3f7,b3f7,569.0,0.0113,0.0014,True,elite,03_elite_top,2779,2993,2993,False,True,5,0.5376,0.0608
rn1q1rk1/pp2bpp1/4bn1p/3p4/3P1B2/PQN2NP1/1P2P1BP/R4RK1 b - - 1 12,24,T2025-09_864,g7g5,-9,25,g7g5,0.0076,0.0037,0.0019,0.0011,b7b6,b7b6,b7b6,d8d7,172.0,0.0076,-0.0065,True,elite,03_elite_top,2773,2887,2887,True,False,3,0.6896,0.3123
5rb1/2q3k1/p2b3p/1p1p1Bp1/1PrP4/P2NP1P1/3Q3P/2R2RK1 b - - 0 30,60,T2025-09_864,f8f5,0,0,d6g3,0.0303,0.0238,0.0181,0.0111,c4c1,c4c1,g8h7,g8h7,199.0,0.0303,-0.0192,True,elite,03_elite_top,2773,2887,2887,False,True,5,0.544,0.0276
2k5/p2r1p2/4pP2/2q5/Rpp3P1/3n1P2/1P2Q2P/5R1K b - - 0 28,56,T2025-09_865,d7d5,-48,23,d7d5,0.014,0.014,0.0159,0.0216,d3f4,d3f4,d3f4,d3f4,271.0,0.0216,0.0076,True,elite,03_elite_top,2783,2877,2877,True,False,0,0.5582,0.1274
2k5/p4p2/R3pP2/2qr4/2p3PP/1p1n1P2/1P2Q3/5R1K b - - 0 30,60,T2025-09_865,c4c3,0,82,c4c3,0.046,0.0289,0.0226,0.0189,d3f4,d3f4,d3f4,d3f4,165.0,0.046,-0.0271,True,elite,03_elite_top,2783,2877,2877,True,False,0,0.5604,0.1638
1rr3k1/2q1ppbp/p2pbnp1/4P1Q1/1P1B4/2NB3P/1PP2PP1/1K1R3R b - - 0 18,36,T2025-09_866,f6d7,165,83,f6d7,0.0247,0.0266,0.025,0.0235,d6e5,d6e5,d6e5,d6e5,142.0,0.0266,-0.0012,True,elite,03_elite_top,2693,2990,2990,True,False,0,0.5515,0.0004
2q3k1/B2Rppbp/4b1p1/4p1Q1/1r6/2N4P/1PP2PP1/1K5R b - - 0 22,44,T2025-09_866,c8c3,574,431,c8c3,0.0322,0.0291,0.0337,0.0401,c8d7,c8d7,c8d7,c8d7,431.0,0.0401,0.0079,True,elite,03_elite_top,2693,2990,2990,True,False,0,0.6665,0.1326
r1r4k/pp4p1/2n5/b4qN1/2Q2P2/P3BpP1/1PP4P/2KRR3 b - - 2 22,44,T2025-09_873,c6d4,231,231,c6d4,0.0243,0.032,0.0406,0.0465,a5e1,c6e5,c6e5,c6e5,337.0,0.0465,0.0222,True,elite,03_elite_top,2635,3056,3056,True,False,6,0.4618,0.0967
3q1rk1/5ppp/1r1bpn2/pN1p4/8/2P1B3/PP2QPPP/R4RK1 b - - 3 16,32,T2025-09_875,d6h2,102,74,d6h2,0.0113,0.0086,0.0065,0.0041,b6b8,b6b8,b6b8,b6b8,110.0,0.0113,-0.0072,True,elite,03_elite_top,2589,2828,2828,True,False,2,0.5921,0.044
8/7p/4k3/2pn4/2P1K3/5PN1/r5PP/7R b - - 0 34,68,T2025-09_876,d5b6,-47,85,d5f6,0.0395,0.0375,0.035,0.0336,d5c3,d5f6,d5f6,d5f6,153.0,0.0395,-0.0059,True,elite,03_elite_top,2592,2844,2844,False,True,5,0.5968,0.2392
k1r5/6pp/4pp2/8/2r5/2BRQP2/q5PP/2K4R b - - 1 28,56,T2025-09_877,c4b4,736,97,c8b8,0.0121,0.0149,0.0186,0.0218,a2a3,a2a3,a2a3,a2a3,736.0,0.0218,0.0097,True,elite,03_elite_top,2586,2833,2833,False,True,7,0.5643,0.0073
6k1/5ppp/1p3n2/p2pb3/N6Q/1P1qPP1P/P5P1/4B1K1 b - - 0 30,60,T2025-09_879,b6b5,289,109,b6b5,0.0156,0.0111,0.0083,0.0078,d3e3,d3e3,d3e3,d3e3,131.0,0.0156,-0.0078,True,elite,03_elite_top,2662,2804,2804,True,False,0,0.5831,0.2017
6k1/5ppp/5n2/1pNp4/p7/1Pb1PP1P/P3Q1P1/1q2BK2 b - - 1 34,68,T2025-09_879,f6h5,359,34,f6h5,0.0256,0.0221,0.0193,0.0189,a4b3,a4b3,a4b3,a4b3,174.0,0.0256,-0.0067,True,elite,03_elite_top,2662,2804,2804,True,False,0,0.5754,0.1618
3rr1k1/1b4pp/2q2n2/1p1Np3/2pnP3/4B2Q/1P3PPP/RB3RK1 b - - 1 24,48,T2025-09_884,h7h6,83,26,h7h6,0.0037,0.0017,0.001,0.0013,f6d5,f6d5,f6d5,f6d5,381.0,0.0037,-0.0024,True,elite,03_elite_top,2604,2876,2876,True,False,2,0.5551,0.0502
3qr2k/1pp2ppb/p1n1rn1p/P2pp3/BP2P1P1/B1PPQN1P/5PK1/3RR3 b - - 9 24,48,T2025-09_886,d8c8,-4,18,d8c8,0.0216,0.0146,0.0137,0.0148,d5d4,d5d4,d5d4,d5d4,167.0,0.0216,-0.0068,True,elite,03_elite_top,2730,2883,2883,True,False,2,0.6891,0.1805
2qr3k/1pp2ppb/p1n1rn1p/P2pp3/1P2P1P1/B1PPQN1P/2B2P2/3RRK2 b - - 13 26,52,T2025-09_886,b7b6,47,5,e6e8,0.0088,0.0036,0.002,0.0022,d5d4,d5d4,d5d4,d5d4,153.0,0.0088,-0.0066,True,elite,03_elite_top,2730,2883,2883,False,True,2,0.6465,0.1839
r1bq1rk1/2p2pp1/p1n1p2p/1p1nP3/1bpPN3/2N3P1/PP3PBP/R1BQR1K1 b - - 1 12,24,T2025-09_890,b4e7,40,97,c6e7,0.0192,0.0204,0.0215,0.0256,d5c3,c8b7,c8b7,c8b7,277.0,0.0256,0.0064,True,elite,03_elite_top,2612,2885,2885,False,True,3,0.7051,0.0534
r1b1qrk1/2p1npp1/p3p2p/1p1nP1BQ/1bpPN3/2N3P1/PP3PBP/R3R1K1 b - - 5 14,28,T2025-09_890,b4c3,80,33,f7f5,0.0296,0.0205,0.0186,0.0251,e7f5,h6g5,h6g5,h6g5,2077.0,0.0296,-0.0045,True,elite,03_elite_top,2612,2885,2885,False,True,2,0.6109,0.0755
r7/2p2kp1/p3r2p/1p2Pp2/P1pP4/2P3P1/5P1P/R3R1K1 b - - 0 22,44,T2025-09_890,b5b4,-19,43,c7c6,0.0223,0.0128,0.0072,0.0045,b5a4,c7c6,c7c6,c7c6,134.0,0.0223,-0.0178,True,elite,03_elite_top,2612,2885,2885,False,True,5,0.6417,0.2013
r4r2/6k1/2pPb1pp/2p3q1/4pp2/8/P2QNPPP/R3R1K1 b - - 3 26,52,T2025-09_896,g7g8,182,4,e4e3,0.0004,0.0004,0.0004,0.0004,f4f3,f4f3,f4f3,f4f3,202.0,0.0004,0.0,True,elite,03_elite_top,2731,2818,2818,False,True,0,0.6909,0.2089
4rrk1/5p2/p2b3p/1p1Q1bp1/3P4/2P1R1Pq/PP1B1P1P/RN4K1 b - - 2 20,40,T2025-09_897,e8e6,0,0,e8e6,0.0225,0.0194,0.0206,0.0274,e8e3,e8e3,e8e3,e8e3,180.0,0.0274,0.0049,True,elite,03_elite_top,2646,2822,2822,True,False,0,0.5195,0.0503
5rk1/5p2/p2b3p/1p1Q1bp1/3P4/N1P1B1Pq/PP3P1P/R5K1 b - - 0 22,44,T2025-09_897,f8e8,240,193,f8e8,0.0287,0.0203,0.0159,0.0161,f8d8,f8d8,f8d8,f8d8,232.0,0.0287,-0.0126,True,elite,03_elite_top,2646,2822,2822,True,False,0,0.4919,0.0938
r1b2rk1/1p1nqpp1/pb3n1p/3pp3/1P6/P1N1P1BB/2P1NPPP/2RQ1RK1 b - - 3 14,28,T2025-09_902,f8e8,42,6,f8e8,0.0236,0.023,0.0249,0.0284,d5d4,d5d4,d5d4,d5d4,149.0,0.0284,0.0048,True,elite,03_elite_top,2779,2806,2806,True,False,2,0.6446,0.0597
1rq2k1r/5pp1/p2p1b1p/4p3/2Pp4/1P3QN1/P4PPP/3RR1K1 b - - 1 20,40,T2025-09_903,c8c7,78,14,c8b7,0.0148,0.0189,0.0182,0.0132,a6a5,g7g6,g7g6,g7g6,694.0,0.0189,-0.0016,True,elite,03_elite_top,2743,2877,2877,False,True,0,0.587,0.0038
4b1k1/5p2/4p1p1/nR5p/Q2Pq3/6PK/5P1P/8 b - - 4 34,68,T2025-09_905,e8c6,706,5,e8b5,0.0019,0.0013,0.0012,0.0017,e8b5,e8b5,e8b5,e8b5,142.0,0.0019,-0.0002,True,elite,03_elite_top,2713,2853,2853,False,True,4,0.7822,0.2291
4r1k1/pR4p1/4p2p/q1b1Pr2/4QP2/P3B3/6P1/2R3K1 b - - 2 28,56,T2025-09_908,a5d2,508,506,c5e3,0.0014,0.0008,0.0007,0.0009,c5e3,c5e3,c5e3,c5e3,520.0,0.0014,-0.0005,True,elite,03_elite_top,2650,2803,2803,False,True,5,0.5043,0.006
rn2k2r/pp3pp1/2pbp1p1/3n2B1/3P3q/P5N1/1PPQ1PPP/R3KB1R b KQkq - 6 12,24,T2025-09_911,d6f4,-30,238,d6f4,0.0134,0.0112,0.0093,0.0073,h4g4,h4g4,h4g4,h4g4,409.0,0.0134,-0.0061,True,elite,03_elite_top,2715,2890,2890,True,False,2,0.5416,0.0002
r3r1k1/p1qn1p1p/b2p1npQ/1ppP4/7N/P1N3P1/1P2PPBP/R1R3K1 b - - 2 20,40,T2025-09_913,c7b6,29,34,c7b6,0.0247,0.028,0.0298,0.0331,b5b4,b5b4,b5b4,b5b4,222.0,0.0331,0.0084,True,elite,03_elite_top,2648,2838,2838,True,False,2,0.6793,0.1638
r3k3/2p1q1pp/pp1b4/3b1r2/3Pp3/1P2P2P/PB1QBP2/1K1R2R1 b q - 3 20,40,T2025-09_915,b6b5,132,17,b6b5,0.0134,0.0084,0.0064,0.0049,f5f2,f5f2,f5f2,f5f2,322.0,0.0134,-0.0085,True,elite,03_elite_top,2520,3057,3057,True,False,2,0.5721,0.0159
r4k2/2p1q1pp/p2b4/1p1b1r2/3Pp2P/1P2P3/PB1QBP2/1K3RR1 b - - 2 22,44,T2025-09_915,c7c6,177,3,f8g8,0.0233,0.0234,0.0231,0.0246,e7h4,e7h4,e7h4,e7h4,126.0,0.0246,0.0013,True,elite,03_elite_top,2520,3057,3057,False,True,0,0.5578,0.004
r1b1k2r/4b2p/p1p1pp2/4p3/4N3/q7/P1PQB1PP/1R2K2R b Kkq - 3 16,32,T2025-09_916,h7h5,-9,109,h7h5,0.0017,0.002,0.0038,0.008,a3a2,a3a2,a3a2,f6f5,880.0,0.008,0.0063,True,elite,03_elite_top,2716,2883,2883,True,False,0,0.4422,0.0026
r1b1k2r/4b3/p1p1p3/4p3/q1P4p/1R1B2P1/P2Q3P/5RK1 b kq - 1 22,44,T2025-09_916,h8g8,36,36,h8g8,0.0174,0.0144,0.0149,0.022,h4g3,h4g3,h4g3,h4g3,2035.0,0.022,0.0046,True,elite,03_elite_top,2716,2883,2883,True,False,6,0.5432,0.1472
r1b3r1/3kb3/p1p1p3/4p3/q1P4p/1R1B2P1/P4Q1P/3R2K1 b - - 5 24,48,T2025-09_916,a4a5,157,269,a4a5,0.0314,0.0326,0.0309,0.0319,h4g3,h4g3,d7c7,d7c7,970.0,0.0326,0.0005,True,elite,03_elite_top,2716,2883,2883,True,False,6,0.5645,0.2185
5r2/2kb3B/pqp1p3/2b1p3/2P4p/4R1P1/P3Q2P/4R1K1 b - - 8 30,60,T2025-09_916,h4h3,269,66,h4h3,0.0403,0.0346,0.0353,0.0395,c5e3,c5e3,h4g3,h4g3,226.0,0.0403,-0.0008,True,elite,03_elite_top,2716,2883,2883,True,False,0,0.6383,0.3044
5r2/2kb4/pqp1p3/4p3/2PbB3/4R1Pp/P2Q3P/4R1K1 b - - 7 34,68,T2025-09_916,a6a5,370,5,a6a5,0.0162,0.0175,0.0213,0.0238,d4e3,d4e3,d4e3,f8f3,929.0,0.0238,0.0076,True,elite,03_elite_top,2716,2883,2883,True,False,0,0.6397,0.1653
3r2k1/1p3pbp/4pnp1/p7/1q1B4/1B2PN2/2Q2PPP/5NK1 b - - 1 26,52,T2025-09_918,f6e8,116,7,d8a8,0.0221,0.0248,0.0236,0.0304,b7b5,b7b5,b7b5,b7b5,116.0,0.0304,0.0083,True,elite,03_elite_top,2765,2879,2879,False,True,7,0.5942,0.1823
3q1rk1/1p1b1pbp/3p2p1/p2Pp1P1/4P1B1/2r1B3/Pn1NQP2/R4K1R b - - 1 20,40,T2025-09_924,c3e3,285,55,c3e3,0.0054,0.0056,0.0071,0.0081,b2d3,b2d3,b2d3,b2d3,165.0,0.0081,0.0027,True,elite,03_elite_top,2700,2989,2989,True,False,0,0.6974,0.1264
r1b1k1r1/pp2qp2/2p5/3pP3/1b2P1pp/2NB4/PP1NQ1PP/R3K2R b KQq - 0 18,36,T2025-09_925,g8g5,-138,6,d5d4,0.0059,0.0032,0.0014,0.0009,e7e5,e7e5,e7e5,e7e5,157.0,0.0059,-0.005,True,elite,03_elite_top,2722,2875,2875,False,True,7,0.7029,0.1973
1k1r3r/1bpnq1p1/1p5p/pP1p1p2/P2PnN2/3BP3/2QN1PPP/R4RK1 b - - 3 18,36,T2025-09_932,h8g8,39,52,h8g8,0.0384,0.0365,0.029,0.0221,g7g5,g7g5,g7g5,g7g5,237.0,0.0384,-0.0163,True,elite,03_elite_top,2761,3010,3010,True,False,2,0.657,0.1474
1kr2r2/1bpnq3/3n3p/pPPp1ppN/P7/4P3/2Q1BPPP/2R2RK1 b - - 0 24,48,T2025-09_932,f5f4,80,93,f5f4,0.0045,0.0028,0.0019,0.0014,d6e4,d6e4,d6e4,d6e4,192.0,0.0045,-0.0031,True,elite,03_elite_top,2761,3010,3010,True,False,6,0.5638,0.0769
5r1k/p3N1pp/1q3p2/8/3PQp2/7P/PP3PP1/1K6 b - - 0 24,48,T2025-09_933,b6b5,330,8,b6b5,0.0058,0.0072,0.0083,0.0081,f8e8,f8e8,f8e8,f8e8,341.0,0.0083,0.0023,True,elite,03_elite_top,2427,2895,2895,True,False,0,0.4876,0.1046
1b2r1k1/p2q2p1/1p5p/3p1p2/3P4/P2QPN1P/1P4P1/2R3K1 b - - 2 30,60,T2025-09_934,b8g3,45,3,b8g3,0.0237,0.031,0.0368,0.0405,d7d6,d7d6,d7d6,d7d6,221.0,0.0405,0.0168,True,elite,03_elite_top,2692,2989,2989,True,False,0,0.5534,0.024
2rq1rk1/Qp1nbpp1/8/3pp3/1Pn4p/2P1PN1P/P3NPPB/2R2RK1 b - - 1 18,36,T2025-09_936,e7f6,99,33,e7f6,0.0181,0.0253,0.0318,0.0381,e5e4,e5e4,e5e4,c8a8,190.0,0.0381,0.02,True,elite,03_elite_top,2758,2899,2899,True,False,0,0.5655,0.0207
r2nk2r/pp4b1/2p1bnpp/5p2/2P1p3/NP4PN/P3PPBP/1RBR2K1 b kq - 0 14,28,T2025-09_945,e6f7,37,5,e6f7,0.006,0.0058,0.0063,0.0073,e8g8,e8g8,e8g8,d8f7,251.0,0.0073,0.0013,True,elite,03_elite_top,2538,3058,3058,True,False,2,0.642,0.0895
1r4k1/p1p2ppp/2p2n2/8/1P6/P3PP2/6PP/R1B2K2 b - - 0 24,48,T2025-09_947,f6d7,-79,3,c6c5,0.0284,0.0293,0.0299,0.0401,f6d5,f6d5,f6d5,f6d5,172.0,0.0401,0.0117,True,elite,03_elite_top,2644,2860,2860,False,True,5,0.6378,0.2137
r1b1k2r/4bp1p/p3p1pP/q2pP3/1p1NnP2/4B3/PPP3P1/R2QKB1R b KQkq - 2 16,32,T2025-09_952,a5c7,16,8,a5c7,0.0146,0.0245,0.035,0.0408,b4b3,b4b3,b4b3,b4b3,119.0,0.0408,0.0262,True,elite,03_elite_top,2775,3034,3034,True,False,2,0.6413,0.0949
2kr3r/1bp1qp1p/1p4pQ/p1p1p3/P1N1Pn2/2NP3P/1PP2PP1/3R1RK1 b - - 3 16,32,T2025-09_954,c8b8,126,6,f7f6,0.038,0.0435,0.037,0.0345,f7f5,f7f5,f7f5,f7f5,113.0,0.0435,-0.0035,True,elite,03_elite_top,2426,3020,3020,False,True,2,0.606,0.0975
1k1r4/1bp1q2p/1p2npr1/pNp1p1pQ/P1N1P3/1P1P1PPP/2P2R2/3R2K1 b - - 5 22,44,T2025-09_954,d8h8,437,129,d8h8,0.0348,0.0375,0.037,0.0411,e6d4,e6d4,e6d4,e6d4,294.0,0.0411,0.0063,True,elite,03_elite_top,2426,3020,3020,True,False,0,0.4736,0.0034
r2q1rk1/3b2bp/p1np4/3Np3/PP3p2/8/1PN1BPPP/R2QK2R b KQ - 1 18,36,T2025-09_956,g8h8,101,15,g8h8,0.008,0.0175,0.0266,0.0347,e5e4,d7e6,d7e6,d7e6,137.0,0.0347,0.0267,True,elite,03_elite_top,2304,2827,2827,True,False,2,0.596,0.0774
N4r1k/6bp/p2pq3/8/PP1np3/4Np2/1P3PPP/R2Q1RK1 b - - 2 24,48,T2025-09_956,g7e5,322,151,g7e5,0.0099,0.0087,0.0092,0.0145,f8a8,f8a8,f8a8,f8a8,223.0,0.0145,0.0046,True,elite,03_elite_top,2304,2827,2827,True,False,7,0.6146,0.0593
q4rk1/pb2bpp1/1pR1p2p/1N2P3/3PQ3/8/PP2PP1P/2R3K1 b - - 2 22,44,T2025-09_957,e7c5,-67,139,e7c5,0.0069,0.0095,0.0145,0.0188,b7c6,b7c6,b7c6,b7c6,146.0,0.0188,0.0119,True,elite,03_elite_top,2677,2921,2921,True,False,0,0.4629,0.0004
q4rk1/1b2bpp1/1pR1p2p/1N2P3/3PQ3/8/PP2PP1P/2R3K1 b - - 2 24,48,T2025-09_957,e7c5,0,74,e7c5,0.0072,0.0117,0.0199,0.0282,b7c6,b7c6,b7c6,b7c6,128.0,0.0282,0.021,True,elite,03_elite_top,2677,2921,2921,True,False,5,0.5045,0.015
6k1/1r2ppbp/3p1np1/r2P4/1pB5/1P3P2/P3RBPP/1K1R4 b - - 4 24,48,T2025-09_960,a5a8,-14,3,h7h5,0.0272,0.0312,0.0315,0.0238,f6d7,f6d7,f6d7,f6d7,110.0,0.0315,-0.0034,True,elite,03_elite_top,2688,3037,3037,False,True,2,0.5608,0.0945
rn1qk1nr/pppb2pp/3b4/1B2pp2/8/4PNN1/PPPPQ1PP/R1B1K2R b KQkq - 4 8,16,T2025-09_963,g8h6,54,9,g8h6,0.0047,0.0038,0.0035,0.003,e5e4,e5e4,g8f6,g8f6,183.0,0.0047,-0.0017,True,elite,03_elite_top,2423,3017,3017,True,False,3,0.744,0.2458
6k1/4b2p/6rp/3P4/2P1K3/6P1/P2r2P1/R2R4 b - - 2 34,68,T2025-09_963,d2f2,297,90,d2f2,0.006,0.0049,0.0039,0.0033,d2g2,d2g2,d2g2,d2g2,142.0,0.006,-0.0027,True,elite,03_elite_top,2423,3017,3017,True,False,5,0.4148,0.0603
6r1/pp3R1p/8/4k3/7P/4P3/Pr1R2P1/4K3 b - - 2 34,68,T2025-09_964,g8g2,12,8,b2d2,0.032,0.0268,0.029,0.0356,b2b1,b2b1,b2b1,b2b1,189.0,0.0356,0.0036,True,elite,03_elite_top,2650,2822,2822,False,True,5,0.4718,0.0897
3r1r2/p1p1q1pk/3b3p/4pp1n/7P/1PNP1QPb/PB2PP1N/2RR2K1 b - - 3 20,40,T2025-09_965,e7e8,71,10,e7e8,0.0039,0.0031,0.0026,0.0023,h3g4,h3g4,h3g4,h3g4,331.0,0.0039,-0.0016,True,elite,03_elite_top,2741,3017,3017,True,False,2,0.6078,0.1135
3r2k1/5ppp/1r6/q2bp1b1/pN2P3/2PQ4/1P3PPP/R2R2K1 b - - 1 22,44,T2025-09_968,h7h5,-5,2,h7h6,0.0009,0.0004,0.0002,0.0002,b6d6,b6d6,b6d6,b6d6,314.0,0.0009,-0.0007,True,elite,03_elite_top,2584,2828,2828,False,True,6,0.4668,0.0193
5rk1/pbp3p1/1p4r1/2q5/P4n2/2P1NPPp/1P5P/R1BQ1R1K b - - 0 22,44,T2025-09_970,g6d6,467,157,g6d6,0.0339,0.0337,0.0354,0.0466,f4g2,f4g2,f4g2,f4g2,252.0,0.0466,0.0127,True,elite,03_elite_top,2421,3017,3017,True,False,0,0.7082,0.1706
7k/pbp3p1/1p1r4/2q5/PP6/2PnNRPp/2Q4P/R1B4K b - - 0 26,52,T2025-09_970,c5h5,767,98,c5c6,0.0161,0.0138,0.0162,0.025,b7f3,b7f3,b7f3,b7f3,183.0,0.025,0.0089,True,elite,03_elite_top,2421,3017,3017,False,True,0,0.6132,0.007
2bq1k1r/p3ppbp/1p3np1/2p5/N4P2/3Pp1PP/PPP1P1B1/R2Q1RK1 b - - 1 14,28,T2025-09_971,e7e5,42,7,e7e5,0.0094,0.004,0.0022,0.0021,f6h5,f6h5,f6h5,f6h5,106.0,0.0094,-0.0073,True,elite,03_elite_top,2738,2928,2928,True,False,2,0.626,0.1077
3q1k1r/p4pn1/1p2b1p1/2p5/6P1/3PRQ2/PPP1P1Bb/R2N1K2 b - - 2 24,48,T2025-09_971,e6g4,35,35,e6g4,0.0359,0.0325,0.0243,0.0155,h8h4,h8h4,h8h4,h8h4,172.0,0.0359,-0.0204,True,elite,03_elite_top,2738,2928,2928,True,False,2,0.5562,0.0262
3r1k2/5p2/qp2p1pp/1N6/1PQP4/3n2PP/5P2/1R4K1 b - - 0 34,68,T2025-09_976,d8d5,37,16,d8d5,0.0251,0.0225,0.0223,0.0233,d3e5,d3e5,d3e5,d3e5,481.0,0.0251,-0.0018,True,elite,03_elite_top,2584,2828,2828,True,False,0,0.503,0.0228
1r4k1/3n1pbp/p2p2p1/3Pn3/2P1P3/q1B3PP/2Q1NPB1/4R1K1 b - - 2 28,56,T2025-09_977,a3b3,31,2,a3b3,0.0427,0.0465,0.0427,0.0375,e5c4,e5c4,e5c4,e5c4,394.0,0.0465,-0.0052,True,elite,03_elite_top,2526,2823,2823,True,False,2,0.5443,0.0047
r1r3k1/pp3p2/3R2p1/4Pn1p/2P4q/8/PB1Q1PP1/R5K1 b - - 1 28,56,T2025-09_979,c8e8,-75,55,c8e8,0.0039,0.0032,0.0033,0.0041,f5d6,f5d6,f5d6,f5d6,234.0,0.0041,0.0002,True,elite,03_elite_top,2757,2819,2819,True,False,5,0.5655,0.0537
4r1k1/pbpqbr1p/1pp1N1p1/5P2/4QB1n/2NP4/PPP2P1P/3RR1K1 b - - 0 20,40,T2025-09_984,e7f6,283,56,e7f6,0.004,0.0028,0.0021,0.0022,h4f5,h4f5,h4f5,h4f5,403.0,0.004,-0.0018,True,elite,03_elite_top,2412,3016,3016,True,False,0,0.5988,0.0207
r5k1/pp2p1bp/3ppnp1/q7/2r1PP2/2N1B2P/PPPQ2P1/3R1RK1 b - - 0 16,32,T2025-09_985,a5b4,42,4,a5c7,0.0093,0.0075,0.0071,0.0074,f6e4,f6e4,f6e4,f6e4,230.0,0.0093,-0.0019,True,elite,03_elite_top,2697,2819,2819,False,True,2,0.605,0.0276
2r3k1/pp2p1bp/2r1pnp1/q7/3B1Q2/2N4P/PPP3P1/3R1RK1 b - - 7 22,44,T2025-09_985,a7a6,80,6,a7a6,0.0088,0.0176,0.0322,0.0479,f6h5,f6h5,f6h5,f6h5,2077.0,0.0479,0.0391,True,elite,03_elite_top,2697,2819,2819,True,False,0,0.573,0.0401
2br2k1/r4ppp/1n2p3/p1b4N/4R3/3BP2P/1PP2PPB/4K2R b - - 6 22,44,T2025-09_987,f7f6,55,16,f7f6,0.003,0.003,0.0031,0.0037,a5a4,c8b7,c8b7,c8b7,235.0,0.0037,0.0007,True,elite,03_elite_top,2734,2943,2943,True,False,2,0.5346,0.0567
rr4k1/2q1bp1p/6p1/2nRP1P1/p6P/8/PPQ1N1B1/1K5R b - - 2 28,56,T2025-09_993,a8a6,82,28,a8a6,0.0106,0.0112,0.0128,0.0146,a4a3,a4a3,a4a3,a4a3,111.0,0.0146,0.004,True,elite,03_elite_top,2636,2875,2875,True,False,0,0.5815,0.0422
2kr1b1r/1pq2p2/p1b1pn1p/2p3p1/P3P3/2N5/1PPNQPPP/R1B1R1K1 b - - 3 14,28,T2025-09_995,c8b8,60,20,c8b8,0.0139,0.0114,0.0087,0.012,h6h5,h6h5,h6h5,h6h5,256.0,0.0139,-0.0019,True,elite,03_elite_top,2406,2957,2957,True,False,2,0.6994,0.0951
1k2r1r1/1pb1P3/p6p/2Pb4/P4B2/3P1N1Q/6PP/q3R2K b - - 0 32,64,T2025-09_995,a1b2,515,44,a1b2,0.0206,0.0186,0.0187,0.0195,a1a4,a1a4,a1f6,a1f6,221.0,0.0206,-0.0011,True,elite,03_elite_top,2406,2957,2957,True,False,4,0.6863,0.2371
1rr5/3bnpk1/3q1npp/3p4/1p1PpN1P/4P1P1/NP2BPK1/2RQ3R b - - 1 26,52,T2025-09_998,c8h8,167,14,c8h8,0.0024,0.0035,0.0029,0.0012,b4b3,b4b3,b4b3,b4b3,137.0,0.0035,-0.0012,True,elite,03_elite_top,2725,2961,2961,True,False,0,0.5302,0.0135
6k1/5pp1/6r1/2QpPn2/7q/P3P3/1P5P/R1B2K2 b - - 3 26,52,T2025-09_999,h4e4,1196,238,h4e4,0.008,0.0089,0.0122,0.0169,h4h2,h4h2,h4h2,h4h2,1196.0,0.0169,0.0089,True,elite,03_elite_top,2397,3018,3018,True,False,4,0.8337,0.3589
2Q5/5ppk/8/4Pn2/3p3q/P3P3/RP4rP/2BK4 b - - 9 32,64,T2025-09_999,h4h5,1998,0,h4g4,0.022,0.0238,0.0245,0.0254,f5e3,f5e3,f5e3,f5e3,1074.0,0.0254,0.0034,True,elite,03_elite_top,2397,3018,3018,False,True,4,0.8908,0.5451
r1bqr1k1/5pp1/p2b1n1p/1ppPp3/7N/P2P1Q1P/BPP2PP1/R1B1R1K1 b - - 2 16,32,T2025-09_1000,a8a7,55,15,a8a7,0.011,0.017,0.0247,0.0457,c8b7,c8b7,c8b7,c8b7,243.0,0.0457,0.0347,True,elite,03_elite_top,2573,2805,2805,True,False,3,0.6438,0.0715
3qr1k1/r4pp1/p2b1n1p/1ppPpQ2/8/P2P3P/BPP2PP1/R1B1R1K1 b - - 0 18,36,T2025-09_1000,e5e4,66,56,e5e4,0.032,0.0204,0.0137,0.0085,a7e7,a7e7,a7e7,a7e7,239.0,0.032,-0.0235,True,elite,03_elite_top,2573,2805,2805,True,False,2,0.6419,0.0929
4r1k1/ppp2pp1/2n2q1p/8/2PPr1n1/1Q1RBNPb/P3BP1P/4K1R1 b - - 6 22,44,T2025-09_1002,a7a5,457,3,a7a5,0.029,0.0226,0.0204,0.0217,c6a5,c6a5,g4e3,g4e3,157.0,0.029,-0.0073,True,elite,03_elite_top,2395,3017,3017,True,False,0,0.6331,0.0373
4r1k1/1Qp2pp1/5q1p/p7/1nPPr1n1/2R1BNPb/P3BP1P/4K1R1 b - - 2 24,48,T2025-09_1002,c7c5,617,114,c7c5,0.0378,0.0292,0.0273,0.0378,b4a2,g4e3,g4e3,g4e3,123.0,0.0378,0.0,True,elite,03_elite_top,2395,3017,3017,True,False,4,0.8164,0.2816
4r1k1/5pp1/7p/pQ6/2Pq2n1/6P1/P1R1B1bP/2K5 b - - 1 34,68,T2025-09_1002,g4f6,782,74,e8d8,0.0214,0.0223,0.0214,0.0194,d4g1,d4g1,d4g1,d4g1,172.0,0.0223,-0.002,True,elite,03_elite_top,2395,3017,3017,False,True,4,0.932,0.5034
2r1r3/pp1q2pk/2n4p/b1Qb1p2/5P1N/P3P3/1B1P2PP/RN3RK1 b - - 0 20,40,T2025-09_1003,d5e4,227,67,d5e4,0.0369,0.0386,0.0441,0.045,a5b6,a5b6,a5b6,a5b6,126.0,0.045,0.0081,True,elite,03_elite_top,2393,3017,3017,True,False,0,0.5735,0.0827
r1b2rk1/1pqn1pbp/p3p3/4n3/3NBBp1/N1P4P/P3QPP1/1R2R1K1 b - - 0 22,44,T2025-09_1006,c7c5,67,23,d7c5,0.0093,0.0096,0.0111,0.0161,g4h3,g4h3,g4h3,g4h3,316.0,0.0161,0.0068,True,elite,03_elite_top,2570,2808,2808,False,True,2,0.5747,0.0766
r1bqn1k1/Pp3pp1/2r4p/1B1p4/Q2Pp3/4P2P/P2N1PP1/R3K2R b KQ - 2 20,40,T2025-09_1010,c6e6,57,110,c6e6,0.0321,0.0293,0.0297,0.0322,c6b6,c6b6,c6b6,c6g6,121.0,0.0322,0.0001,True,elite,03_elite_top,2713,3020,3020,True,False,2,0.546,0.0641
2krr3/pp1nbp1p/2p3p1/q7/3PQB2/P4NPP/5PK1/2RR4 b - - 2 20,40,T2025-09_1012,a5a6,0,2,a5a4,0.0015,0.0015,0.0015,0.0013,e7a3,e7a3,e7a3,e7a3,1997.0,0.0015,-0.0002,True,elite,03_elite_top,2669,2895,2895,False,True,2,0.4814,0.0036
2krr3/pp1nb2p/2p2pp1/3Q4/q1RP1B2/P4NPP/5PK1/3R4 b - - 1 22,44,T2025-09_1012,d7c5,26,291,d7c5,0.0012,0.0011,0.001,0.0009,a4d1,a4d1,a4d1,a4d1,2024.0,0.0012,-0.0003,True,elite,03_elite_top,2669,2895,2895,True,False,6,0.5624,0.1469
3rr1k1/2p2pp1/2P1b2p/pB6/4N3/b1P2P2/P5PP/1R2R1K1 b - - 4 20,40,T2025-09_1013,f7f5,36,11,f7f5,0.0434,0.0399,0.0409,0.0415,e6a2,e6a2,e6a2,e6a2,201.0,0.0434,-0.0019,True,elite,03_elite_top,2665,2902,2902,True,False,0,0.5197,0.0097
Q4bk1/3q1pp1/1p3n1p/3P4/2Pn4/P2B3P/5PP1/4R1K1 b - - 2 26,52,T2025-09_1015,d7c7,210,92,d7c7,0.0195,0.0217,0.0241,0.0209,g7g6,g7g6,g7g6,g7g6,152.0,0.0241,0.0014,True,elite,03_elite_top,2698,2972,2972,True,False,0,0.4811,0.1291
5bk1/1p3pp1/2p1q2p/pr1P4/4P3/P4N1P/1P2R1P1/3Q3K b - - 0 34,68,T2025-09_1016,e6g6,27,17,e6g6,0.0073,0.0063,0.0056,0.0066,c6d5,c6d5,c6d5,c6d5,282.0,0.0073,-0.0007,True,elite,03_elite_top,2554,2870,2870,True,False,0,0.5486,0.0543
r1bq1rk1/ppp2ppp/3p3n/3Nn1N1/1b2P3/8/PP2BPPP/R1BQ1RK1 b - - 7 10,20,T2025-09_1017,a7a5,10,115,a7a5,0.027,0.0193,0.0094,0.0051,b4c5,b4c5,b4c5,b4c5,109.0,0.027,-0.0219,True,elite,03_elite_top,2396,2974,2974,True,False,3,0.704,0.1747
5r1k/3rbpp1/p1qp1n1p/1p2pP1P/4P2B/5P2/PPPQ4/1K1R1BR1 b - - 3 20,40,T2025-09_1018,f6e4,61,39,f6e4,0.0127,0.0141,0.019,0.025,f6h5,f6h5,f6h5,f6h5,110.0,0.025,0.0123,True,elite,03_elite_top,2743,2803,2803,True,False,2,0.6389,0.0745
r2r2k1/pp1bbpp1/3ppn1p/q4P2/3QP2B/2NB4/PPP3PP/1K1R3R b - - 1 14,28,T2025-09_1023,a5e5,-14,17,a8c8,0.0067,0.0101,0.0188,0.0403,e6e5,e6e5,e6e5,e6e5,150.0,0.0403,0.0336,True,elite,03_elite_top,2628,2801,2801,False,True,2,0.6776,0.1214
1k5r/p2r4/P1p2p1b/Qp1Pp2p/1P5N/3P2Pq/4PP2/R4RK1 b - - 0 22,44,T2025-09_1024,d7g7,682,272,d7g7,0.0036,0.0039,0.0046,0.007,d7d5,d7d5,d7d5,d7d5,419.0,0.007,0.0034,True,elite,03_elite_top,2696,3023,3023,True,False,0,0.5498,0.1141
1k5r/p5r1/P1P2p1b/Qp2pN2/1P5p/3P2Pq/4PP2/R4RK1 b - - 0 24,48,T2025-09_1024,b8a8,843,68,h4g3,0.0007,0.0006,0.0006,0.0007,h3f5,h3f5,h3f5,h3f5,522.0,0.0007,0.0,True,elite,03_elite_top,2696,3023,3023,False,True,6,0.4407,0.083
5r1k/r5pb/2n2q1p/2p2p2/n3p3/2PP4/P2BBPPP/RQ1RN1K1 b - - 2 26,52,T2025-09_1029,c5c4,250,100,c5c4,0.0056,0.0019,0.0007,0.0004,a4c3,a4c3,a4c3,a4c3,222.0,0.0056,-0.0052,True,elite,03_elite_top,2696,2975,2975,True,False,0,0.5506,0.0116
5r1k/r5pb/2n2q1p/8/n1pPpp2/2P5/P2BBPPP/R1QRN1K1 b - - 1 28,56,T2025-09_1029,c6e7,253,22,c6e7,0.0244,0.0276,0.0279,0.0228,f4f3,f4f3,f4f3,f4f3,136.0,0.0279,-0.0016,True,elite,03_elite_top,2696,2975,2975,True,False,0,0.5452,0.0211
1r4k1/pr1qb1p1/2p1bp1p/2p1p3/Q1Nn3P/P1NPB1P1/1P2PP1K/1R2R3 b - - 1 20,40,T2025-09_1030,g8h7,153,5,g8h7,0.0173,0.0253,0.0319,0.0472,d4f5,d4f5,d4f5,f6f5,141.0,0.0472,0.0299,True,elite,03_elite_top,2389,3024,3024,True,False,2,0.5994,0.0501
r7/2n1k2p/3N2p1/1pK1Pp2/1p3P2/1PpNn1P1/P6P/2R5 b - - 3 32,64,T2025-09_1033,c7e6,-42,68,c7e6,0.0337,0.0358,0.036,0.0359,a8a2,a8a2,a8a2,a8a2,258.0,0.036,0.0022,True,elite,03_elite_top,2577,2811,2811,True,False,5,0.4876,0.024
r1b1qrk1/bp4pp/2pp1n2/P7/2PNp1nP/PQN1P1P1/3B1PB1/R4RK1 b - - 1 16,32,T2025-09_1034,g7g5,103,12,g7g5,0.0045,0.0031,0.0024,0.0027,c6c5,g8h8,g8h8,g8h8,103.0,0.0045,-0.0018,True,elite,03_elite_top,2692,3029,3029,True,False,2,0.7029,0.1535
1rb2rk1/bp5p/P1p2n2/2Pp2q1/3N2n1/P1N1P2R/2QB2B1/5RK1 b - - 2 24,48,T2025-09_1034,g4f2,121,13,c8d7,0.0086,0.0114,0.0126,0.0126,b7a6,a7c5,a7c5,a7c5,121.0,0.0126,0.004,True,elite,03_elite_top,2692,3029,3029,False,True,2,0.5226,0.0608
4r1k1/Rb4p1/2q1r2p/1pn4P/2p1p3/6Q1/1PBB1PP1/4R1K1 b - - 2 30,60,T2025-09_1039,e6e7,123,9,e8e7,0.0407,0.0313,0.023,0.0188,c5d3,c5d3,c5d3,c5d3,131.0,0.0407,-0.0219,True,elite,03_elite_top,2621,2920,2920,False,True,0,0.4759,0.0176
5r1k/1p1R2pp/pqp2p2/4r3/2Q5/1PN5/P1P2bPP/5R1K b - - 1 24,48,T2025-09_1040,f6f5,50,7,f2c5,0.0037,0.003,0.0029,0.0033,e5e1,e5e1,e5e1,f8e8,114.0,0.0037,-0.0004,True,elite,03_elite_top,2676,2890,2890,False,True,0,0.5593,0.1112
1rbq2k1/p1p2p1p/8/2b3pN/3pr3/P3P1QP/2P2PP1/R1B2RK1 b - - 1 20,40,T2025-09_1041,c5e7,21,8,c5e7,0.0094,0.0151,0.0245,0.0386,d4e3,d4e3,d4e3,d4e3,313.0,0.0386,0.0292,True,elite,03_elite_top,2689,3029,3029,True,False,0,0.5493,0.0172
5k2/p1p1b2p/1r3p2/6pN/5PP1/P2qP2P/Q2BbK2/R7 b - - 4 30,60,T2025-09_1041,d3a6,2,2,d3e4,0.0151,0.0132,0.0108,0.0088,g5f4,g5f4,g5f4,g5f4,313.0,0.0151,-0.0063,True,elite,03_elite_top,2689,3029,3029,False,True,0,0.5567,0.1448
2b2r1k/7p/r7/2bB4/p1Pq1P1Q/P5N1/R4P2/4R2K b - - 6 34,68,T2025-09_1042,d4g7,-4,9,d4g7,0.006,0.0078,0.0085,0.0078,f8f4,f8f4,f8f4,f8f4,752.0,0.0085,0.0018,True,elite,03_elite_top,2774,3022,3022,True,False,0,0.5608,0.0318
r1b1r1k1/pp1nqpp1/2pb1n1p/3p4/3P3N/2NBP2P/PPQB1PP1/R4RK1 b - - 7 12,24,T2025-09_1043,d7b6,45,7,d7b6,0.0298,0.0358,0.0385,0.0291,f6e4,f6e4,f6e4,f6e4,208.0,0.0385,-0.0007,True,elite,03_elite_top,2393,3024,3024,True,False,3,0.7585,0.1894
2r3k1/p4qp1/7p/4BPp1/3P2P1/1P1Q4/P7/6K1 b - - 2 32,64,T2025-09_1045,f7b7,347,11,f7d5,0.0085,0.0113,0.0153,0.0228,c8c1,c8c1,c8c1,f7d5,100.0,0.0228,0.0143,True,elite,03_elite_top,2535,2810,2810,False,True,0,0.42,0.1462
r1bq1rk1/3nbpp1/4p3/pp1nP1PQ/2ppNB2/6P1/PP3PB1/R3R1K1 b - - 1 16,32,T2025-09_1046,a8a7,117,2,c8b7,0.0017,0.0024,0.0035,0.0063,d5f4,d5f4,d5f4,d5f4,100.0,0.0063,0.0046,True,elite,03_elite_top,2715,2808,2808,False,True,6,0.5498,0.0888
5r2/p5pk/2Qb3p/4p3/5pq1/1P1P3b/PB2PP2/2RR3K b - - 1 26,52,T2025-09_1048,g4h4,711,19,g4h5,0.0247,0.0291,0.0297,0.0256,g4e2,f8f6,f8f6,f8f6,203.0,0.0297,0.0009,True,elite,03_elite_top,2692,3024,3024,False,True,0,0.6256,0.1853
r2qkb1r/pp1nnpp1/4p2p/P1p1Pb2/2BP4/5N2/1P3PPP/RNBQ1RK1 b kq - 0 10,20,T2025-09_1049,g7g5,-33,37,e7c6,0.0162,0.0063,0.0027,0.0023,c5d4,c5d4,c5d4,c5d4,141.0,0.0162,-0.0139,True,elite,03_elite_top,2430,2885,2885,False,True,3,0.7486,0.1601
r3k2r/2n2pp1/p2b3p/Rp1p4/2p5/2N1BN2/1P3PPP/5RK1 b kq - 5 24,48,T2025-09_1049,e8c8,-74,20,e8c8,0.0189,0.0122,0.0132,0.0182,e8g8,e8g8,e8g8,e8g8,132.0,0.0189,-0.0007,True,elite,03_elite_top,2430,2885,2885,True,False,7,0.7225,0.2446
8/2p2p2/3r1p2/kp3B2/pb1P1PPp/7P/1P2K3/3R4 b - - 3 34,68,T2025-09_1051,d6d5,243,13,d6d8,0.0273,0.0226,0.019,0.0192,a4a3,a4a3,a4a3,a4a3,145.0,0.0273,-0.0081,True,elite,03_elite_top,2393,3026,3026,False,True,0,0.5856,0.2523
8/1b1n1pk1/1p1pp2Q/8/4q3/3r2NK/6PP/8 b - - 1 34,68,T2025-09_1056,g7g8,857,857,g7h6,0.0464,0.0488,0.049,0.0487,g7h6,g7h6,g7h6,g7h6,857.0,0.049,0.0023,True,elite,03_elite_top,2672,2816,2816,False,True,4,0.7867,0.4986
r3k2r/ppp2pp1/4bq1p/b7/1p1PN1PP/P3P3/2P2P2/R2QKB1R b KQkq - 0 14,28,T2025-09_1063,b4b3,184,128,b4a3,0.0373,0.0285,0.0278,0.0329,f6e7,f6e7,f6e7,f6e7,140.0,0.0373,-0.0044,True,elite,03_elite_top,2664,2825,2825,False,True,2,0.5145,0.0267
5rk1/pp3qp1/2pN3p/3b1r2/3P3P/Q1PBPP2/4K3/5R1R b - - 6 24,48,T2025-09_1063,f7e7,-406,72,f7h5,0.0211,0.0176,0.0166,0.0212,d5f3,d5f3,d5f3,d5f3,299.0,0.0212,0.0001,True,elite,03_elite_top,2664,2825,2825,False,True,7,0.6224,0.0087
3R4/pkp2r1p/1p6/8/5B2/n1n3P1/2P3KP/4R3 b - - 1 30,60,T2025-09_1064,a7a5,-78,9,a3b5,0.0041,0.0046,0.0056,0.0089,a3c2,a3c2,a3c2,a3c2,312.0,0.0089,0.0048,True,elite,03_elite_top,2672,2875,2875,False,True,5,0.4308,0.0837
r2q4/pp3kpp/2p1nn2/7b/P2b4/2N1B1QP/1PP2PP1/R3R1K1 b - - 6 18,36,T2025-09_1065,d8d7,123,15,a7a5,0.0156,0.0163,0.02,0.0274,d4e3,d4e3,d4e3,d4e3,107.0,0.0274,0.0118,True,elite,03_elite_top,2392,3019,3019,False,True,0,0.483,0.0266
r2q2k1/1p4pp/2p1nn1B/p6b/P2b4/R1N3QP/1PP2PP1/4R1K1 b - - 3 20,40,T2025-09_1065,d8b8,180,6,d8b8,0.0021,0.0014,0.0012,0.0011,d4c3,h5g6,h5g6,h5g6,180.0,0.0021,-0.001,True,elite,03_elite_top,2392,3019,3019,True,False,0,0.5613,0.0877
1qr1r1k1/5p2/6p1/4p1Pn/8/pPPR1P2/P1B4Q/1K2R3 b - - 8 34,68,T2025-09_1066,c8c5,-85,22,c8c5,0.022,0.025,0.0333,0.0498,h5f4,h5f4,h5f4,h5f4,273.0,0.0498,0.0278,True,elite,03_elite_top,2698,2886,2886,True,False,5,0.5816,0.1012
2kr1b1r/1p1n1p2/1q5p/2p1n1p1/p2pP2P/P2P2P1/1PPBNQB1/1K1R3R b - - 0 20,40,T2025-09_1069,h8g8,31,4,h8g8,0.0128,0.0096,0.0078,0.0075,g5g4,f7f6,f7f6,f7f6,188.0,0.0128,-0.0053,True,elite,03_elite_top,2689,3021,3021,True,False,2,0.6861,0.1583
kn4r1/1p4b1/qr5p/2p1nBp1/p2pP1P1/P2P2QR/1PP1N3/1KBR4 b - - 4 32,64,T2025-09_1069,g8e8,204,23,g8e8,0.0095,0.0081,0.0079,0.0097,a6b5,a6b5,b8c6,b8c6,128.0,0.0097,0.0002,True,elite,03_elite_top,2689,3021,3021,True,False,2,0.5623,0.0788
5rk1/p3q3/2p3r1/4p3/5Np1/3Pb2p/PPP2R2/R5K1 b - - 2 32,64,T2025-09_1070,e7h4,1991,4,e7h4,0.0194,0.0153,0.0133,0.015,e3f2,e3f2,e3f2,f8f4,786.0,0.0194,-0.0044,True,elite,03_elite_top,2391,3023,3023,True,False,4,0.8599,0.5914
r1b1kb1r/1p3pp1/p7/3p3p/3PN2q/2N1P2n/PP2B1K1/R1BQ1R2 b kq - 1 18,36,T2025-09_1073,h8h6,518,126,h8h6,0.0262,0.0191,0.0132,0.0149,d5e4,d5e4,d5e4,d5e4,112.0,0.0262,-0.0113,True,elite,03_elite_top,2391,3025,3025,True,False,7,0.5603,0.0172
1r4k1/5q1p/3Qb1p1/2P2p2/4pB2/6P1/rp2PPBP/1R4K1 b - - 1 24,48,T2025-09_1074,b8e8,121,25,f7e8,0.0044,0.0075,0.014,0.0232,a2a1,a2a1,a2a1,a2a1,656.0,0.0232,0.0188,True,elite,03_elite_top,2745,2807,2807,False,True,0,0.4719,0.0993
5r2/2kb4/pqp1p1B1/4p3/2Pb4/4R1Pp/P3Q2P/4R1K1 b - - 3 32,64,T2025-09_1075,a6a5,307,16,a6a5,0.0064,0.0061,0.0074,0.0092,d4e3,d4e3,d4e3,d4e3,114.0,0.0092,0.0028,True,elite,03_elite_top,2678,2824,2824,True,False,0,0.6445,0.1433
r3r1k1/1ppnqpb1/2n1b1pp/p7/3pP3/1P1P1NNP/P1QBBPP1/R1R3K1 b - - 1 16,32,T2025-09_1076,a8a6,46,1,e8c8,0.0304,0.0192,0.0138,0.0179,d7e5,d7e5,d7e5,d7e5,109.0,0.0304,-0.0125,True,elite,03_elite_top,2685,3027,3027,False,True,2,0.6742,0.1565
r4rk1/1p2q2p/1P3pp1/2P5/3QN1b1/4Pp2/P4P2/2K2B1R b - - 0 24,48,T2025-09_1082,g8g7,167,6,g8g7,0.004,0.0049,0.0056,0.0068,a8a2,a8a2,a8a2,a8a2,242.0,0.0068,0.0028,True,elite,03_elite_top,2682,3030,3030,True,False,0,0.4805,0.0505
r2r4/1p2q1kp/1P1N1pp1/2P5/2BQ2b1/4Pp2/P4P2/2K4R b - - 4 26,52,T2025-09_1082,a8c8,233,70,a8c8,0.0048,0.0024,0.0013,0.0009,g4e6,g4e6,g4e6,g4e6,515.0,0.0048,-0.0039,True,elite,03_elite_top,2682,3030,3030,True,False,5,0.4184,0.0091
r2q4/pp3pkp/2npb1p1/2p5/8/1P3NP1/P2QPPBP/5RK1 b - - 2 16,32,T2025-09_1086,f7f6,125,5,b7b5,0.0117,0.009,0.0075,0.0106,d8d7,d8d7,d8d7,d6d5,113.0,0.0117,-0.0011,True,elite,03_elite_top,2599,2804,2804,False,True,0,0.6071,0.021
2r5/p4pkp/2npq1p1/1pp5/8/1P2P1P1/P2Q1PBP/3R2K1 b - - 0 20,40,T2025-09_1086,h7h5,63,2,c6e5,0.003,0.0021,0.0014,0.0014,c8d8,c8d8,c8d8,c8d8,518.0,0.003,-0.0016,True,elite,03_elite_top,2599,2804,2804,False,True,0,0.5322,0.0197
7r/1RBp2p1/3Pkp2/P3p3/2n4p/6P1/2r2P1P/R5K1 b - - 1 34,68,T2025-09_1089,e5e4,195,9,c4d2,0.0036,0.0024,0.0023,0.0029,h4g3,h4g3,h4g3,h4g3,190.0,0.0036,-0.0007,True,elite,03_elite_top,2552,2868,2868,False,True,0,0.4798,0.0989
2kr3r/1bpq4/1nn1ppRp/p6P/P1pP4/R4N2/1P1BBPP1/3QK3 b - - 3 18,36,T2025-09_1090,d7d5,151,56,c6d4,0.0062,0.0048,0.0042,0.0044,c6d4,c6d4,c6d4,c6d4,138.0,0.0062,-0.0018,True,elite,03_elite_top,2716,2811,2811,False,True,2,0.5772,0.0516
2kr3r/1bp5/1n2ppRp/B6P/P1pq4/R7/1P2BPP1/3QK3 b - - 0 20,40,T2025-09_1090,d4h4,240,118,d4e5,0.0218,0.0182,0.0191,0.0211,d4b2,d4b2,d4b2,d4b2,285.0,0.0218,-0.0007,True,elite,03_elite_top,2716,2811,2811,False,True,0,0.5213,0.1507
r4r2/pNpn3p/2p1k1p1/3p4/Q2Pp3/1P2P1qP/P1P3P1/1K1R3R b - - 6 24,48,T2025-09_1093,e6f7,-284,11,d7b8,0.0024,0.0031,0.003,0.0026,g3e3,g3e3,g3e3,g3e3,147.0,0.0031,0.0002,True,elite,03_elite_top,2793,2810,2810,False,True,6,0.64,0.0198
r5k1/ppp1q1r1/3p1pb1/nB2p2n/3PP2B/2P2N1P/P1P2P1K/R2Q2R1 b - - 1 18,36,T2025-09_1094,a7a6,-117,17,h5f4,0.0445,0.04,0.0365,0.032,g6e4,g6e4,g6e4,g6e4,289.0,0.0445,-0.0125,True,elite,03_elite_top,2760,2856,2856,False,True,2,0.6518,0.0727
r5k1/ppp3r1/4qp2/n3p2b/4Pn1B/2PB1NRP/P1P2P1K/R5Q1 b - - 5 22,44,T2025-09_1094,g8h8,174,65,g7g3,0.0016,0.0008,0.0005,0.0005,g7g3,g7g3,g7g3,g7g3,220.0,0.0016,-0.0011,True,elite,03_elite_top,2760,2856,2856,False,True,2,0.5822,0.0384
5r2/ppp2q1k/5p2/n3p2b/4Pn1B/2P3QP/P1P2P1K/4NBR1 b - - 6 26,52,T2025-09_1094,f4g6,-81,6,f4g6,0.0491,0.0368,0.0258,0.0207,f8g8,f8g8,f8g8,f8g8,279.0,0.0491,-0.0284,True,elite,03_elite_top,2760,2856,2856,True,False,5,0.561,0.0025
2r2rk1/4npp1/pn2p2p/P2pP3/1qpP4/2N5/2QN1PPP/R1R3K1 b - - 0 22,44,T2025-09_1095,e7c6,11,1,e7c6,0.0372,0.0243,0.0167,0.0139,b6d7,b6d7,b6d7,b6d7,319.0,0.0372,-0.0233,True,elite,03_elite_top,2674,2833,2833,True,False,2,0.387,0.0714
2kr1br1/pppq3p/2n1pp2/NB1p4/1P1P4/2P2PPb/P6P/R1BQ1RK1 b - - 2 16,32,T2025-09_1097,d7d6,181,159,d7d6,0.0287,0.0346,0.035,0.0229,h3f1,h3f1,h3f1,h3f1,366.0,0.035,-0.0058,True,elite,03_elite_top,2301,3026,3026,True,False,2,0.6153,0.0437
3r2k1/pnrb1pp1/7p/p2p4/3N4/1BP1PP2/3K2PP/RR6 b - - 5 24,48,T2025-09_1098,d7e8,19,10,d7e8,0.0209,0.0259,0.0342,0.0435,d8c8,d8c8,d8c8,d8c8,139.0,0.0435,0.0226,True,elite,03_elite_top,2667,2915,2915,True,False,2,0.5851,0.0313
4rrk1/pppq3p/3n2p1/3pB3/1P6/3P1N1P/P4PP1/2Q1R1K1 b - - 0 22,44,T2025-09_1101,a7a6,156,17,a7a6,0.0084,0.0074,0.005,0.0036,d6f7,d6f7,d6f7,f8f3,113.0,0.0084,-0.0048,True,elite,03_elite_top,2766,2899,2899,True,False,0,0.4454,0.0013
5rk1/1ppqr2p/p2n2p1/2QpB3/1P6/P2P1N1P/5PP1/4R1K1 b - - 2 24,48,T2025-09_1101,d7b5,164,9,d7b5,0.014,0.0108,0.0083,0.0071,f8e8,f8e8,f8e8,f8e8,101.0,0.014,-0.0069,True,elite,03_elite_top,2766,2899,2899,True,False,0,0.5038,0.042
r5k1/4bpp1/2n4p/1pNb4/1P6/2P1B2P/3N1PP1/3R2K1 b - - 4 28,56,T2025-09_1103,f7f5,-37,10,f7f5,0.0123,0.0123,0.0125,0.0133,a8a3,a8a3,a8a3,a8a3,286.0,0.0133,0.001,True,elite,03_elite_top,2781,2809,2809,True,False,5,0.5369,0.0651
2r1r3/1p2b2k/p2p2pB/4p2n/2q5/1NP2Q2/P1P5/1K4RR b - - 5 30,60,T2025-09_1105,e5e4,-276,95,e5e4,0.0241,0.026,0.0341,0.0445,h7h6,h7h6,h7h6,h7h6,275.0,0.0445,0.0204,True,elite,03_elite_top,2661,2870,2870,True,False,6,0.6399,0.1894
2r1r3/1p2bq1k/p2p2p1/7n/4p1Q1/1NP1B3/P1P5/1K4RR b - - 3 32,64,T2025-09_1105,d6d5,-303,15,c8c4,0.0156,0.0168,0.0223,0.033,c8c3,c8c3,c8c3,c8c3,363.0,0.033,0.0174,True,elite,03_elite_top,2661,2870,2870,False,True,6,0.6483,0.1396
6k1/pq4p1/2rBpp1p/3R2b1/1p3N2/1P3PP1/P2Q1PKP/8 b - - 0 26,52,T2025-09_1116,g5f4,8,211,g5f4,0.0277,0.0172,0.0118,0.0108,e6d5,e6d5,e6d5,e6d5,438.0,0.0277,-0.0169,True,elite,03_elite_top,2708,2900,2900,True,False,7,0.4906,0.0483
8/pq5k/2rB1ppp/8/1p2Q3/1P3PP1/P4PKP/8 b - - 1 30,60,T2025-09_1116,c6b6,125,79,c6b6,0.0154,0.0179,0.0206,0.0252,b7d7,b7d7,b7d7,b7d7,133.0,0.0252,0.0098,True,elite,03_elite_top,2708,2900,2900,True,False,5,0.468,0.129
8/1p4pk/p1bNp1pp/2Q1P3/5r2/P4rPq/1P1R1P1P/1R4K1 b - - 12 28,56,T2025-09_1117,f3d3,535,71,f3d3,0.0365,0.0378,0.0401,0.037,f3f2,f3f2,f3f2,f3f2,865.0,0.0401,0.0005,True,elite,03_elite_top,2413,2988,2988,True,False,4,0.6885,0.1389
2br2k1/2b2pp1/pr5p/2p1p1q1/PpB1Pn2/3PNQ1P/1BP2PPK/1R2R3 b - - 4 24,48,T2025-09_1119,g8h7,68,10,g8h7,0.0025,0.002,0.0018,0.0022,b6g6,b6g6,b6g6,b6g6,144.0,0.0025,-0.0003,True,elite,03_elite_top,2513,2806,2806,True,False,2,0.6629,0.1694
2k3r1/p1pq1p1p/6r1/3p4/4n2Q/2P1P1P1/PP5P/RN3RK1 b - - 0 18,36,T2025-09_1120,d7e6,587,57,d7e6,0.0157,0.0173,0.0193,0.0215,e4g3,g6g4,g6g4,g6g4,110.0,0.0215,0.0058,True,elite,03_elite_top,2366,2831,2831,True,False,4,0.7102,0.0954
3r2k1/R4p1p/2p1q1p1/2Q5/4r3/7P/P1P2PP1/5RK1 b - - 0 20,40,T2025-09_1124,e6c4,20,6,e6c4,0.004,0.0034,0.0031,0.003,e4e1,e4e1,d8d5,d8d5,344.0,0.004,-0.001,True,elite,03_elite_top,2672,2905,2905,True,False,5,0.5058,0.0523
5k2/1p2n1pp/p2r3q/3Bp3/4PbQ1/2P4P/PP3P1P/3R1R1K b - - 7 24,48,T2025-09_1129,f8e8,-444,23,d6f6,0.0033,0.0033,0.0037,0.0043,d6g6,d6g6,d6g6,d6g6,108.0,0.0043,0.001,True,elite,03_elite_top,2687,2890,2890,False,True,1,0.6254,0.0247
r5r1/bp2k2p/2p2p1B/p1n1p1pP/P1P1P1b1/1P6/2BRNPP1/4R1K1 b - - 2 22,44,T2025-09_1131,a8d8,438,4,a8d8,0.034,0.0224,0.0221,0.0447,g4h5,g4h5,g4h5,g4h5,108.0,0.0447,0.0107,True,elite,03_elite_top,2413,2989,2989,True,False,0,0.5913,0.024
6k1/2p2ppp/2p5/p5r1/1P6/3B1b2/2P2P1P/R4K2 b - - 0 24,48,T2025-09_1134,a5a4,55,34,a5a4,0.009,0.0048,0.0035,0.0029,f3g2,g7g6,g7g6,g7g6,160.0,0.009,-0.0061,True,elite,03_elite_top,2674,2903,2903,True,False,0,0.5434,0.0649
3rr1k1/p2n1p1p/5qp1/1ppQ4/3P1bPP/P3PN2/1PB1KP2/3R3R b - - 2 20,40,T2025-09_1139,f6e7,16,8,f6e7,0.0057,0.0049,0.0041,0.0047,c5d4,c5d4,c5d4,c5d4,119.0,0.0057,-0.001,True,elite,03_elite_top,2669,2908,2908,True,False,2,0.5262,0.0557
3rr1k1/p3qp1p/5np1/1pQ5/3P1bPP/P3PN2/1PB2P2/3R1K1R b - - 0 22,44,T2025-09_1139,e7b7,5,81,e7b7,0.0203,0.0236,0.0312,0.0407,f4d6,f4d6,f4d6,f4d6,162.0,0.0407,0.0204,True,elite,03_elite_top,2669,2908,2908,True,False,2,0.4669,0.0314
3rr1k1/pq3p1p/6p1/1p1P4/3Q1bnP/P3PN2/1PB2P2/3R1K1R b - - 1 24,48,T2025-09_1139,g4f2,3,0,g4f2,0.008,0.0057,0.0048,0.0035,f4e5,f4e5,f4e5,f4e5,417.0,0.008,-0.0045,True,elite,03_elite_top,2669,2908,2908,True,False,6,0.52,0.0227
r4rk1/pp1qppbp/3p1np1/8/2PQP3/1PN5/PB3PPP/R4RK1 b - - 2 12,24,T2025-09_1143,e7e6,-40,9,a7a6,0.0149,0.0172,0.0157,0.0174,f6g4,f6g4,f6g4,f6e4,369.0,0.0174,0.0025,True,elite,03_elite_top,2607,2803,2803,False,True,3,0.6165,0.0804
r1b2qk1/p3b1pp/5r2/2p2p2/N2nPQ2/BPN5/P2P1PPP/2R2RK1 b - - 4 20,40,T2025-09_1144,g7g5,184,46,g7g5,0.0106,0.0055,0.0037,0.0047,f5e4,f5e4,f5e4,f5e4,282.0,0.0106,-0.0059,True,elite,03_elite_top,2761,3070,3070,True,False,2,0.5331,0.0581
r4qk1/p4r1p/Q2bb3/2p2pp1/N2nP3/BPN5/P2P1PPP/2R2RK1 b - - 7 24,48,T2025-09_1144,d6h2,435,263,d6h2,0.0287,0.0383,0.0391,0.0426,f5e4,f5e4,f5e4,f5e4,767.0,0.0426,0.0139,True,elite,03_elite_top,2761,3070,3070,True,False,2,0.5353,0.0576
2rr2k1/1pq1bpp1/p1bppn1p/P7/2B1PB2/1PN4P/R1P1QPP1/3R2K1 b - - 2 16,32,T2025-09_1145,g7g5,13,2,e7f8,0.0194,0.0142,0.0146,0.0217,e6e5,e6e5,e6e5,e6e5,118.0,0.0217,0.0023,True,elite,03_elite_top,2624,3064,3064,False,True,2,0.6186,0.0771
2r5/1p6/p1b1pk1p/P2p1pp1/1q6/1PbB1Q1P/R1P2PP1/5RK1 b - - 5 30,60,T2025-09_1145,c8h8,232,47,c8h8,0.0144,0.0173,0.0177,0.0153,d5d4,d5d4,d5d4,d5d4,105.0,0.0177,0.0009,True,elite,03_elite_top,2624,3064,3064,True,False,0,0.5976,0.2018
4br1k/p3r1p1/3pBn1p/2pP1P2/R1P2N1P/2P1R3/3K4/8 b - - 0 30,60,T2025-09_1148,g7g5,1,45,f6h5,0.0085,0.005,0.0033,0.0028,e8a4,e8a4,e8a4,e8a4,622.0,0.0085,-0.0057,True,elite,03_elite_top,2693,2862,2862,False,True,5,0.5595,0.0618
1n1q1rk1/Qp2bppp/1n1p4/3Pp3/1P2P1b1/3B1N2/1B1N1PPP/5RK1 b - - 4 16,32,T2025-09_1151,f7f5,-68,17,b8d7,0.0181,0.0179,0.0201,0.0221,d8c7,d8c7,d8c7,d8c7,141.0,0.0221,0.004,True,elite,03_elite_top,2709,2847,2847,False,True,2,0.6252,0.1215
5nk1/3r1pp1/1p1N3p/3QP3/p1P5/q7/5PPP/3R2K1 b - - 0 34,68,T2025-09_1153,a3b2,192,15,a3b3,0.0315,0.03,0.0295,0.0325,a3b3,a3b3,f8e6,f8e6,174.0,0.0325,0.001,True,elite,03_elite_top,2582,2804,2804,False,True,0,0.5713,0.157
r3k2r/1q1bbpp1/3ppn2/6Bp/ppBNP2P/5P2/PPP1Q1P1/1K1RR3 b kq - 3 22,44,T2025-09_1157,a8a5,-24,9,e8g8,0.005,0.0046,0.0059,0.011,a4a3,b4b3,b4b3,b4b3,109.0,0.011,0.006,True,elite,03_elite_top,2695,2801,2801,False,True,2,0.6511,0.1023
r1bq1rk1/4n1b1/ppnp2pp/2p1pp2/P3P2B/2PP1N2/1PBN1PPP/R2QR1K1 b - - 1 14,28,T2025-09_1159,d8c7,10,0,g8h8,0.017,0.0197,0.0262,0.0478,g6g5,g6g5,g6g5,g6g5,100.0,0.0478,0.0308,True,elite,03_elite_top,2754,3081,3081,False,True,2,0.6411,0.0187
2b3rk/6pp/4Rr2/3P1p1q/5P2/2PQ1P2/P1B2N1P/4R1K1 b - - 4 32,64,T2025-09_1160,c8d7,-404,40,c8e6,0.0015,0.0012,0.0015,0.0027,c8e6,c8e6,c8e6,c8e6,127.0,0.0027,0.0012,True,elite,03_elite_top,2779,2814,2814,False,True,1,0.7399,0.1814
1k1r3r/p1p2ppp/1pBq1n2/4p3/P1QP3n/2P1PP1P/3B1P2/1R2K2R b K - 2 18,36,T2025-09_1165,h8e8,103,78,f6d5,0.0076,0.004,0.0026,0.0031,h4f3,e5d4,e5d4,e5d4,240.0,0.0076,-0.0045,True,elite,03_elite_top,2721,2901,2901,False,True,2,0.5825,0.0824
1k1r3r/p1p1nppp/1p1q4/1B2p3/P1QP3n/2P1PP1P/3BKP2/1R5R b - - 6 20,40,T2025-09_1165,d6g6,120,33,d6f6,0.025,0.0164,0.0121,0.0159,e5d4,e5d4,e5d4,e5d4,144.0,0.025,-0.0091,True,elite,03_elite_top,2721,2901,2901,False,True,2,0.5718,0.0632
1k1r3r/p1p1nppp/1p3q2/1B6/P1QPPp1n/2P4P/3BKP2/1R5R b - - 0 22,44,T2025-09_1165,f6g6,71,8,f6g6,0.0191,0.0137,0.0118,0.0125,f4f3,f4f3,f4f3,f4f3,176.0,0.0191,-0.0066,True,elite,03_elite_top,2721,2901,2901,True,False,2,0.5941,0.0751
6k1/1p1q3p/p1b2Pp1/P1Q2pB1/2P5/5P2/6PP/1r3BK1 b - - 0 34,68,T2025-09_1168,b1d1,231,20,b1e1,0.04,0.0463,0.0462,0.0452,d7d1,d7d1,d7d1,d7d1,2224.0,0.0463,0.0052,True,elite,03_elite_top,2578,2853,2853,False,True,0,0.4063,0.0143
1r3r2/4b1k1/p1Pp2pp/Pq1Bp3/1P2Pp2/3R4/5PPP/3RQ1K1 b - - 0 32,64,T2025-09_1169,e7d8,-327,14,e7d8,0.037,0.0334,0.0279,0.027,b5b4,b5b4,b5b4,b5b4,138.0,0.037,-0.01,True,elite,03_elite_top,2724,2909,2909,True,False,6,0.704,0.0842
3q2k1/1pp2p2/5rp1/p2pN2p/P2Pn2Q/2P4P/1P3PP1/4R1K1 b - - 9 28,56,T2025-09_1172,f6d6,-10,22,f6d6,0.0048,0.0065,0.0099,0.0146,f6f2,f6f2,f6f2,f6f2,869.0,0.0146,0.0098,True,elite,03_elite_top,2687,2887,2887,True,False,5,0.5305,0.0057
4r1k1/b3q2p/p2p2p1/1p1Pr3/PP2p3/2P3PP/2Q3K1/2R1R3 b - - 0 28,56,T2025-09_1174,e5f5,603,36,e5f5,0.0436,0.0437,0.0404,0.0343,e5d5,e5d5,e5d5,e5d5,114.0,0.0437,-0.0093,True,elite,03_elite_top,2300,2830,2830,True,False,4,0.9278,0.4899
1rb1r1k1/p1p2pp1/2p2n1p/2b5/4PB2/P1N5/1PP1B1PP/1R1R3K b - - 0 16,32,T2025-09_1176,f6g4,37,42,f6g4,0.0336,0.0282,0.0261,0.0262,f6e4,f6e4,f6e4,f6e4,365.0,0.0336,-0.0074,True,elite,03_elite_top,2647,2932,2932,True,False,3,0.5697,0.0795
3rkb1r/Q6p/2bq4/2pNnpp1/2P1p3/P3P3/3P1PPP/R1B1KB1R b KQk - 0 16,32,T2025-09_1177,d8d7,82,159,d8d7,0.0326,0.0282,0.03,0.0404,c6d5,c6d5,c6d5,c6d5,175.0,0.0404,0.0078,True,elite,03_elite_top,2300,2831,2831,True,False,2,0.5386,0.0503
8/1r3k1p/Q1bq4/2pNbpp1/2P1p3/P2nP2P/3PBPP1/2B2RK1 b - - 0 24,48,T2025-09_1177,g5g4,148,77,g5g4,0.0303,0.0216,0.0159,0.0135,d3c1,d3c1,d3c1,d3c1,277.0,0.0303,-0.0168,True,elite,03_elite_top,2300,2831,2831,True,False,2,0.4728,0.0492
r3rk2/pR3npQ/2ppbbB1/5P2/8/4B1K1/2q3PP/8 b - - 1 32,64,T2025-09_1178,c2d3,1097,1,e6d5,0.0396,0.0375,0.038,0.0427,f6e5,f6e5,f6e5,f6e5,308.0,0.0427,0.0031,True,elite,03_elite_top,2702,2830,2830,False,True,4,0.6298,0.2433
r2q1rk1/1p2p1b1/p3p1pp/8/nP2pBB1/P3P2P/2P2PP1/R2Q1RK1 b - - 1 16,32,T2025-09_1179,g8f7,115,50,g8f7,0.0025,0.0025,0.0038,0.0075,g7a1,g7a1,g7a1,g7a1,237.0,0.0075,0.005,True,elite,03_elite_top,2689,2889,2889,True,False,2,0.5381,0.0373
3r2k1/4p1b1/p3p2p/1p1q2pP/1P2p1B1/P1nrP1B1/1QR2PPK/R7 b - - 11 28,56,T2025-09_1179,g7f6,231,8,g7f6,0.0056,0.0047,0.0043,0.0049,c3a4,c3a4,c3a4,c3d1,230.0,0.0056,-0.0007,True,elite,03_elite_top,2689,2889,2889,True,False,0,0.5229,0.0166
r2r2k1/3qppbp/2p3p1/6P1/pP1PQ3/P1N1B2P/1PK3P1/3R4 b - - 5 26,52,T2025-09_1181,d7c8,89,1,a8c8,0.0087,0.0091,0.008,0.006,e7e6,e7e6,e7e6,e7e6,106.0,0.0091,-0.0027,True,elite,03_elite_top,2688,2857,2857,False,True,2,0.4265,0.0261
r2q1rk1/1b1nppbp/1n1p2p1/2p5/4PB2/P1NP1N1P/B1PQ1PP1/R3R1K1 b - - 0 16,32,T2025-09_1184,c5c4,-60,23,b6a4,0.0158,0.0132,0.0102,0.0067,a8a3,a8a3,a8a3,a8a3,289.0,0.0158,-0.0091,True,elite,03_elite_top,2681,2852,2852,False,True,2,0.6878,0.0863
3rr1k1/1B3p1p/1p4p1/1Q2n3/3R4/PN3PPb/1P2Pq1P/6RK b - - 0 28,56,T2025-09_1189,e5d7,221,21,h7h5,0.0128,0.0112,0.0096,0.0091,d8d4,d8d4,d8d4,d8d4,934.0,0.0128,-0.0037,True,elite,03_elite_top,2538,2832,2832,False,True,0,0.5416,0.1233
4r1k1/p1p1bppp/1pNq4/3P4/4Q3/8/P1P2PPP/1R4K1 b - - 5 22,44,T2025-09_1193,f7f5,-102,24,d6h2,0.0184,0.0158,0.0148,0.0163,g8f8,g8f8,g8f8,g8f8,126.0,0.0184,-0.0021,True,elite,03_elite_top,2587,2803,2803,False,True,5,0.5989,0.1553
r4r2/4q1kp/ppR2pp1/1n2p3/1P2P3/P2N4/1Q3PPP/2R3K1 b - - 1 24,48,T2025-09_1194,e7d7,11,11,a8d8,0.0274,0.0263,0.0232,0.0194,b5d4,b5d4,b5d4,b5d4,461.0,0.0274,-0.008,True,elite,03_elite_top,2659,2821,2821,False,True,5,0.5812,0.0411
r1b1nr2/2p5/1pPp1q1k/3P3p/1P2P3/3Q1BpP/3NR1P1/5RK1 b - - 1 30,60,T2025-09_1197,f6g7,-222,6,f6g5,0.0182,0.0215,0.0208,0.018,c8a6,c8a6,c8a6,c8a6,154.0,0.0215,-0.0002,True,elite,03_elite_top,2731,2828,2828,False,True,6,0.6377,0.0395
2r5/1b3pk1/1p1p1np1/1P4q1/N2P4/P3p1PR/Q4P2/R2B2K1 b - - 3 30,60,T2025-09_1198,c8e8,-88,12,f6e4,0.0206,0.0169,0.0141,0.0171,e3f2,e3f2,e3f2,e3f2,201.0,0.0206,-0.0035,True,elite,03_elite_top,2517,2807,2807,False,True,7,0.6092,0.0144
2r5/1b3pk1/1p1p1qp1/1P6/N2PnP2/P3pBPR/Q7/R5K1 b - - 2 32,64,T2025-09_1198,e3e2,-74,47,e3e2,0.0267,0.0182,0.0126,0.0094,f6d4,f6d4,f6d4,f6d4,263.0,0.0267,-0.0173,True,elite,03_elite_top,2517,2807,2807,True,False,7,0.6765,0.13
5rk1/p1q1ppbp/2np2p1/5b2/4N3/P1BQ1N1P/1rP2PP1/2KR1BR1 b - - 3 20,40,T2025-09_1200,f5e4,555,267,f5e4,0.0256,0.0233,0.0194,0.0195,g7c3,g7c3,g7c3,g7c3,248.0,0.0256,-0.0061,True,elite,03_elite_top,2529,2800,2800,True,False,7,0.6348,0.0717
1r4k1/p3pp1p/2np2p1/q7/2Q5/P1bB1N1P/1R3PP1/2K3R1 b - - 0 26,52,T2025-09_1200,a5a3,783,194,a5a3,0.0376,0.0285,0.0204,0.0166,c3b2,c3b2,c3b2,c3b2,278.0,0.0376,-0.021,True,elite,03_elite_top,2529,2800,2800,True,False,4,0.7151,0.1158
6k1/p3pp1p/2np2p1/8/2Q5/q1b2N1P/1rB2PP1/3K2R1 b - - 1 28,56,T2025-09_1200,b2c2,812,125,c6b4,0.0336,0.0365,0.0393,0.0373,a3a1,a3a1,a3a1,a3a1,140.0,0.0393,0.0037,True,elite,03_elite_top,2529,2800,2800,False,True,4,0.8985,0.4228
r2b1rk1/1p3p2/pnqP2p1/4p2p/8/1N6/PPP1BQPP/1K1R3R b - - 5 20,40,T2025-09_1201,a6a5,-52,25,a8c8,0.035,0.0397,0.0406,0.0341,b6d5,b6d5,b6d5,b6d5,130.0,0.0406,-0.0009,True,elite,03_elite_top,2660,2800,2800,False,True,2,0.6006,0.0731
2rb1rk1/1p1n1p2/p2P2p1/4p2p/6q1/1NPB4/PP4PP/1K1RQ2R b - - 6 24,48,T2025-09_1201,d7f6,-70,59,c8b8,0.0111,0.0096,0.0083,0.007,g4g2,g4g2,g4g2,g4e6,104.0,0.0111,-0.0041,True,elite,03_elite_top,2660,2800,2800,False,True,2,0.6527,0.0825
5rk1/pp2npp1/5r1p/3P3Q/2pP1PP1/8/PP1q2BP/1R3RK1 b - - 0 22,44,T2025-09_1204,e7g6,359,146,d2d4,0.0102,0.0099,0.0105,0.0097,d2d4,d2d4,d2d4,d2d4,136.0,0.0105,-0.0005,True,elite,03_elite_top,2641,2835,2835,False,True,0,0.6372,0.2084
3qnrk1/1p3pp1/p3b2p/3p4/1Q1PpB2/P3P1P1/P4PBP/2R3K1 b - - 0 20,40,T2025-09_1205,g7g5,242,234,g7g5,0.0488,0.0314,0.0209,0.0231,b7b5,b7b5,b7b5,d8d7,257.0,0.0488,-0.0257,True,elite,03_elite_top,2610,2800,2800,True,False,2,0.5514,0.0498
r5r1/1p1kbp1p/pQb1pq2/P2p4/8/5PB1/1PP3PP/R2R1BK1 b - - 3 24,48,T2025-09_1211,g8g3,138,121,g8g3,0.0326,0.0315,0.0314,0.034,e7d8,e7d8,e7d8,e7d8,132.0,0.034,0.0014,True,elite,03_elite_top,2594,2929,2929,True,False,2,0.5207,0.0363
r7/1p1k1p1p/pQbbpq2/P2p4/8/3B1PP1/1PP3P1/R2R2K1 b - - 2 26,52,T2025-09_1211,f6e7,253,74,f6e7,0.0068,0.0053,0.0039,0.004,d6g3,d6g3,d6g3,d6g3,120.0,0.0068,-0.0028,True,elite,03_elite_top,2594,2929,2929,True,False,0,0.6118,0.1921
8/1p1k1p1p/p1b1p3/P1bp4/2P5/1Q1B1P2/1P3q2/R1KR2r1 b - - 0 34,68,T2025-09_1211,d5c4,313,42,d5c4,0.01,0.0076,0.0072,0.0094,c5e3,c5e3,c5e3,c5e3,119.0,0.01,-0.0006,True,elite,03_elite_top,2594,2929,2929,True,False,0,0.6846,0.205
r1b4r/ppk1n1p1/n1p3B1/7p/5P2/2N1q3/PPQ3PP/1K1R3R b - - 1 16,32,T2025-09_1212,e3c5,381,66,e7g6,0.0062,0.0056,0.0051,0.0055,e3f4,e3f4,e3f4,e3f4,472.0,0.0062,-0.0007,True,elite,03_elite_top,2684,2823,2823,False,True,4,0.5447,0.0197
r7/4q1p1/2k1p1Pp/3pPp1P/2pP1P2/1pP3K1/1P4B1/5Q2 b - - 4 32,64,T2025-09_1213,c6b6,284,6,c6b5,0.0036,0.003,0.0029,0.0035,a8a2,a8a2,a8a2,a8a2,584.0,0.0036,-0.0001,True,elite,03_elite_top,2670,2881,2881,False,True,0,0.334,0.0396
r1q1k2r/4b2p/p1p1p1pB/3pN3/1p3Q2/2p5/P4PPP/4R1K1 b kq - 1 22,44,T2025-09_1214,a8a7,241,22,g6g5,0.0236,0.0305,0.0295,0.0291,e8d8,e8d8,h8f8,h8f8,1118.0,0.0305,0.0055,True,elite,03_elite_top,2637,2869,2869,False,True,6,0.4564,0.0303
r2qk3/pp6/5n2/1p2p2P/2pPP2B/P1P2Q2/7P/5K1R b q - 1 26,52,T2025-09_1216,b5b4,-521,7,f6e4,0.008,0.0034,0.0016,0.0012,e5d4,e5d4,e5d4,e5d4,124.0,0.008,-0.0068,True,elite,03_elite_top,2797,2876,2876,False,True,1,0.7702,0.1019
1r4R1/pp5P/4kB2/1p2P3/2p5/P1P5/7P/5K2 b - - 2 34,68,T2025-09_1216,b5b4,-1036,956,b8g8,0.0329,0.0253,0.0268,0.0382,b8g8,b8g8,b8g8,b8g8,956.0,0.0382,0.0053,True,elite,03_elite_top,2797,2876,2876,False,True,1,0.7775,0.4466
r1bq1rk1/ppp2pp1/1npb3p/8/3PP3/2N1BN2/PPQ2PPP/R4RK1 b - - 2 12,24,T2025-09_1218,f7f5,24,31,f7f5,0.0148,0.0229,0.0418,0.0412,b6c4,b6c4,c8g4,c8g4,101.0,0.0418,0.0264,True,elite,03_elite_top,2478,2837,2837,True,False,3,0.7424,0.1143
r4r1k/1pp1b1p1/2p1q2p/3nP3/4Qp2/pPB2N2/P4PPP/2R1R1K1 b - - 9 26,52,T2025-09_1218,c6c5,164,51,c6c5,0.0307,0.0251,0.0231,0.0201,d5c3,d5c3,d5c3,d5c3,107.0,0.0307,-0.0106,True,elite,03_elite_top,2478,2837,2837,True,False,2,0.6437,0.0741
3rr3/p1q2p1k/2p1pb2/2P1np1P/PP1N2p1/2Q5/4NPP1/3RR1K1 b - - 2 26,52,T2025-09_1224,d8d7,163,30,d8d7,0.0162,0.0128,0.0118,0.0134,h7h6,h7h6,h7h6,h7h6,121.0,0.0162,-0.0028,True,elite,03_elite_top,2476,2831,2831,True,False,0,0.6189,0.0399
6k1/b4rp1/p4r2/3P4/2P3QP/6PK/P7/8 b - - 4 34,68,T2025-09_1226,f7f8,194,0,a7f2,0.0266,0.0313,0.0336,0.033,a7c5,a7c5,a7c5,a7c5,216.0,0.0336,0.0064,True,elite,03_elite_top,2627,2910,2910,False,True,5,0.3639,0.0696
2r2bk1/6p1/R4pp1/P1P1p3/1P6/6P1/2p2PKP/R1Br4 b - - 0 30,60,T2025-09_1229,g8h7,-118,78,e5e4,0.0314,0.0321,0.0233,0.0151,c8b8,c8b8,c8b8,c8b8,215.0,0.0321,-0.0163,True,elite,03_elite_top,2791,2823,2823,False,True,5,0.5043,0.0672
r3k2r/ppR5/7p/5pN1/8/6P1/bP3PP1/4K2R b Kkq - 0 20,40,T2025-09_1230,e8d8,6,92,e8d8,0.0497,0.0444,0.0371,0.0394,a2d5,a2d5,a2d5,a2d5,130.0,0.0497,-0.0103,True,elite,03_elite_top,2627,2944,2944,True,False,5,0.5656,0.1705
2r2b2/p2r1kpp/1p3p2/1R6/R2PpBPP/8/P4P2/6K1 b - - 0 30,60,T2025-09_1232,c8c3,120,16,c8c3,0.0223,0.0196,0.0191,0.0201,f8d6,f8d6,f8d6,f8d6,109.0,0.0223,-0.0022,True,elite,03_elite_top,2638,2940,2940,True,False,0,0.5745,0.1365
rnb1k2r/pp3ppp/4pn2/2bpB3/2P5/4PN2/Pq2BPPP/RN1QK2R b KQkq - 1 8,16,T2025-09_1235,d5d4,7,62,d5d4,0.002,0.0007,0.0003,0.0001,b2b4,c5b4,c5b4,c5b4,428.0,0.002,-0.0019,True,elite,03_elite_top,2643,2942,2942,True,False,3,0.7072,0.2118
2r1kb1r/1b1qnp2/p2p2pp/1p1P4/2nN1P1B/2N2Q2/PP4PP/2R1R1K1 b k - 1 20,40,T2025-09_1236,g6g5,234,133,c8c7,0.0305,0.0226,0.0206,0.0162,c4b2,f8g7,f8g7,f8g7,439.0,0.0305,-0.0143,True,elite,03_elite_top,2760,2835,2835,False,True,6,0.6782,0.1704
r2qk2r/1b2bpp1/p1np3p/1p1N1p2/4P3/1B2B3/PP4PP/2RQR1K1 b kq - 1 20,40,T2025-09_1238,e7h4,-177,20,e8g8,0.0171,0.0076,0.0043,0.0036,f5e4,f5e4,f5e4,f5e4,215.0,0.0171,-0.0135,True,elite,03_elite_top,2757,2838,2838,False,True,6,0.6488,0.0502
r2k4/np2pp2/6pr/PB1p4/3P3p/2P4P/5PP1/1R3RK1 b - - 2 20,40,T2025-09_1239,e7e6,0,0,e7e6,0.0109,0.0151,0.019,0.0244,a7b5,a7b5,a7b5,a7b5,191.0,0.0244,0.0135,True,elite,03_elite_top,2686,2837,2837,True,False,5,0.5438,0.0643
N3r3/1p3ppp/2kn4/1p6/P5b1/3QP3/1PP3qP/R3KR2 b Q - 0 18,36,T2025-09_1242,b5b4,320,244,b5b4,0.0474,0.0366,0.0355,0.0388,e8a8,e8a8,e8a8,e8a8,711.0,0.0474,-0.0086,True,elite,03_elite_top,2516,2839,2839,True,False,0,0.5877,0.1692
6rk/1p1bb2p/p2qpp1r/3p4/P2NpP2/1PP1P1P1/3QN2P/5RRK b - - 0 30,60,T2025-09_1243,h6h5,118,50,h6h5,0.004,0.0039,0.004,0.0041,e6e5,e6e5,e6e5,e6e5,109.0,0.0041,0.0001,True,elite,03_elite_top,2647,2949,2949,True,False,2,0.5679,0.0701
3r2k1/pp4p1/2b4p/1r2pp2/2R1P3/3N1P2/PP2K1PP/7R b - - 2 24,48,T2025-09_1244,b5b6,194,113,b5b6,0.0069,0.0092,0.0124,0.0212,f5e4,f5e4,f5e4,f5e4,112.0,0.0212,0.0143,True,elite,03_elite_top,2405,2976,2976,True,False,0,0.5041,0.0337
r1bq1rk1/pp3p1p/3B2p1/1NnP4/8/5N2/Pb2BPPP/3Q1RK1 b - - 0 16,32,T2025-09_1245,b7b6,14,24,b7b6,0.0294,0.0335,0.0404,0.0319,f8e8,c5e4,c5e4,c5e4,379.0,0.0404,0.0025,True,elite,03_elite_top,2478,2893,2893,True,False,3,0.5294,0.0703
2r2qk1/p4p1p/1p1P2bb/1N4p1/4n1P1/5N1Q/P3BP1P/4R1K1 b - - 3 26,52,T2025-09_1245,h6g7,70,38,a7a6,0.0139,0.0153,0.0207,0.034,e4d6,e4d6,e4d6,e4d6,389.0,0.034,0.0201,True,elite,03_elite_top,2478,2893,2893,False,True,2,0.5011,0.0217
1r4k1/1q4bp/1r2p1p1/p2n2N1/3pp3/2P4P/QP1B1PP1/KR4R1 b - - 1 34,68,T2025-09_1247,a5a4,646,129,a5a4,0.0418,0.0276,0.0205,0.0227,d4c3,d4c3,d4c3,d4c3,102.0,0.0418,-0.0191,True,elite,03_elite_top,2756,2908,2908,True,False,4,0.8748,0.3339
3n1r2/4qpk1/1pr2Rp1/3QP1N1/3P4/P7/6P1/5RK1 b - - 0 28,56,T2025-09_1248,g7g8,-378,47,e7a3,0.0021,0.0014,0.0011,0.0011,c6f6,c6f6,c6f6,c6f6,621.0,0.0021,-0.001,True,elite,03_elite_top,2695,2843,2843,False,True,6,0.631,0.0256
1r3rk1/1p2q3/p1bpPp1p/P1p1n1p1/3bP3/2NPN1B1/1PPQ2PP/R4R1K b - - 0 24,48,T2025-09_1249,d4e3,-52,175,d4e3,0.0435,0.0454,0.0386,0.0252,e7e6,e7e6,e7e6,e7e6,195.0,0.0454,-0.0183,True,elite,03_elite_top,2700,2839,2839,True,False,2,0.6818,0.0661
r4rk1/5pb1/pqNp2p1/1p1Pp3/4n1P1/8/PPP1B2P/1K1RQ2R b - - 2 20,40,T2025-09_1252,g7h6,16,11,g7h6,0.0079,0.0076,0.0074,0.0082,e4f2,e4f2,e4f2,e4f2,433.0,0.0082,0.0003,True,elite,03_elite_top,2658,2817,2817,True,False,2,0.5804,0.0588
4rrk1/3Q1p2/2Np2p1/p2Pp1b1/2B1n1P1/P3q3/1PP4P/1K1R1R2 b - - 3 26,52,T2025-09_1252,g8g7,-30,23,g8g7,0.0088,0.0055,0.0048,0.0062,e4d2,e4d2,e4d2,e4d2,139.0,0.0088,-0.0026,True,elite,03_elite_top,2658,2817,2817,True,False,0,0.5433,0.0327
4Q3/5rk1/2Np2p1/p2Pp1b1/2B1n1P1/P3q3/1PP4P/1K1R4 b - - 0 28,56,T2025-09_1252,e3f3,385,86,f7b7,0.0388,0.034,0.029,0.0246,e4d2,e4d2,e4d2,e4d2,346.0,0.0388,-0.0142,True,elite,03_elite_top,2658,2817,2817,False,True,0,0.542,0.1036
r2r2k1/pp3p1p/4pn2/2qp2p1/8/2PQPBP1/PP3PP1/R3K2R b KQ - 2 18,36,T2025-09_1256,b7b5,20,4,g8g7,0.0288,0.0234,0.018,0.0195,e6e5,e6e5,e6e5,e6e5,343.0,0.0288,-0.0093,True,elite,03_elite_top,2657,2939,2939,False,True,2,0.5513,0.0209
4r2k/6pp/3br3/3Q1p1q/Pp1P1P1P/2P3P1/1P1NbB2/R3R1K1 b - - 0 26,52,T2025-09_1259,h7h6,-41,28,h7h6,0.0425,0.0367,0.0357,0.0421,h5g4,h5g4,h5g4,h5g4,192.0,0.0425,-0.0004,True,elite,03_elite_top,2630,2801,2801,True,False,2,0.4784,0.0184
7k/6p1/4R2p/5p1q/Pp1P1b1P/2P2bP1/1P3B2/4RNK1 b - - 1 30,60,T2025-09_1259,f4g5,0,27,f4g3,0.0259,0.0247,0.0177,0.0138,h5g4,h5g4,h5g4,h5g4,299.0,0.0259,-0.0121,True,elite,03_elite_top,2630,2801,2801,False,True,0,0.5032,0.1495
4r1k1/5pp1/pq2r3/1p3n2/P1p1P1NP/2P2B2/1P3Q2/4K1R1 b - - 5 30,60,T2025-09_1261,b6d8,467,14,b6f2,0.0126,0.0102,0.01,0.0168,b6f2,b6f2,b6f2,b6f2,108.0,0.0168,0.0042,True,elite,03_elite_top,2687,2808,2808,False,True,4,0.7554,0.174
5r2/2kb4/pqp1p3/4p3/2Pb4/4R1Pp/P2Q3P/4R1KB b - - 5 32,64,T2025-09_1263,a6a5,367,9,b6c5,0.0137,0.0135,0.0149,0.0157,d4e3,d4e3,d4e3,f8f3,867.0,0.0157,0.002,True,elite,03_elite_top,2673,2804,2804,False,True,0,0.6333,0.0434
3q1rk1/5pbp/p1p3p1/2Ppn3/Nr6/1P2B2P/P3QPP1/R2R2K1 b - - 1 18,36,T2025-09_1268,f7f5,167,45,d8c8,0.0145,0.0145,0.016,0.0164,b4e4,b4e4,b4e4,b4e4,172.0,0.0164,0.0019,True,elite,03_elite_top,2680,2817,2817,False,True,0,0.6682,0.0625
r3bb1k/7p/n2r1pp1/4p3/p1B5/4BN1P/1P3PP1/R4RK1 b - - 1 24,48,T2025-09_1270,d6d8,136,58,d6d8,0.0077,0.0067,0.0066,0.0091,a6b4,a6b4,a6b4,a6b4,188.0,0.0091,0.0014,True,elite,03_elite_top,2629,2910,2910,True,False,0,0.5409,0.0384
r3r3/5kpR/q1p1np2/3p1Qp1/p2P2P1/1p2PN2/PP3PP1/1KR5 b - - 1 30,60,T2025-09_1272,a4a3,148,93,a4a3,0.0314,0.0245,0.0185,0.0144,b3a2,b3a2,b3a2,b3a2,168.0,0.0314,-0.017,True,elite,03_elite_top,2679,2818,2818,True,False,0,0.4755,0.0323
1rr3k1/5p1p/4b3/4P3/4B3/6PP/1p3P2/3RR1K1 b - - 1 34,68,T2025-09_1274,b8b4,235,51,b8b4,0.0171,0.0234,0.0337,0.0415,e6a2,e6a2,e6a2,e6a2,131.0,0.0415,0.0244,True,elite,03_elite_top,2547,3088,3088,True,False,0,0.5948,0.2208
1r6/r2k4/2P1pq2/p2p1p1p/P6P/1p1Q2P1/4NP2/4R1K1 b - - 0 28,56,T2025-09_1275,d7c8,198,165,d7c8,0.0175,0.0193,0.0209,0.0215,d7c6,d7c6,d7c6,d7c6,185.0,0.0215,0.004,True,elite,03_elite_top,2789,3033,3033,True,False,6,0.4602,0.0361
r1b3k1/p6p/2pb4/n2n2p1/4B3/2N2rP1/PPPP1P2/R1B1R1K1 b - - 1 18,36,T2025-09_1276,f3f5,0,0,f3f7,0.0291,0.0182,0.0118,0.0087,f3f6,f3f8,f3f8,f3f6,346.0,0.0291,-0.0204,True,elite,03_elite_top,2483,2849,2849,False,True,3,0.4644,0.2688
r1bq1rk1/2p1bpp1/p1n1p2p/3nP2Q/P1BP4/2P2N2/5PPP/R1B2RK1 b - - 1 14,28,T2025-09_1278,d8e8,266,12,d8e8,0.0061,0.0104,0.0178,0.022,d5c3,d5c3,d5c3,d5c3,201.0,0.022,0.0159,True,elite,03_elite_top,2604,3035,3035,True,False,3,0.5206,0.0132
8/4kp2/4p3/1P1q4/P1p3Q1/8/1P2RK2/r7 b - - 2 34,68,T2025-09_1283,a1d1,133,22,a1d1,0.0054,0.0046,0.0046,0.0064,a1a4,a1a4,a1a4,a1a4,106.0,0.0064,0.001,True,elite,03_elite_top,2670,2934,2934,True,False,0,0.496,0.2142
q2b1rk1/1b3ppp/1p1Rpn2/1p1pN3/3P1B2/6P1/PP2PPBP/3Q2K1 b - - 4 20,40,T2025-09_1284,a8c8,143,2,a8c8,0.0089,0.0075,0.0072,0.0051,d8c7,d8e7,d8e7,d8e7,363.0,0.0089,-0.0038,True,elite,03_elite_top,2667,2876,2876,True,False,2,0.5867,0.069
5rk1/pp1np1bp/q2pp1p1/4P3/2r2P2/2N1B2P/PPPQ2P1/R4RK1 b - - 2 18,36,T2025-09_1287,f8d8,25,1,f8d8,0.0151,0.0231,0.028,0.0278,d6e5,d6e5,d6d5,d6d5,158.0,0.028,0.0127,True,elite,03_elite_top,2679,2800,2800,True,False,2,0.6442,0.0812
8/pB1nkp2/4p1b1/2p3p1/2P4p/1PN4P/P4PP1/6K1 b - - 2 30,60,T2025-09_1288,a7a5,81,2,a7a5,0.0476,0.0495,0.0437,0.0324,d7e5,d7e5,d7e5,e7d6,181.0,0.0495,-0.0152,True,elite,03_elite_top,2673,2991,2991,True,False,2,0.4149,0.0164
3r4/pQ2p1k1/8/3pq2p/PR6/2P1PbP1/5P1P/6K1 b - - 3 30,60,T2025-09_1289,a7a5,449,65,a7a5,0.0472,0.0396,0.0335,0.0324,e5c3,e5c3,e5c3,e5c3,900.0,0.0472,-0.0148,True,elite,03_elite_top,2554,3050,3050,True,False,4,0.621,0.027
3r4/Q3p1k1/8/pR1pq3/P6p/2P1PbP1/5P1P/6K1 b - - 1 32,64,T2025-09_1289,d8c8,507,98,d8c8,0.0107,0.0093,0.0116,0.0263,h4g3,h4g3,h4g3,h4g3,141.0,0.0263,0.0156,True,elite,03_elite_top,2554,3050,3050,True,False,4,0.7933,0.2479
4r1k1/pb3ppp/1p1b4/3p4/P1P3n1/2P1P3/1BB2P2/3RR1K1 b - - 0 24,48,T2025-09_1290,g4e5,61,94,g4e5,0.0168,0.0207,0.0289,0.0484,d6h2,d6h2,d6h2,e8e5,179.0,0.0484,0.0316,True,elite,03_elite_top,2685,2937,2937,True,False,0,0.5252,0.0444
R1b1r1k1/5pp1/1p6/3p4/6n1/2P1P2p/5P1b/1BBR1K2 b - - 5 34,68,T2025-09_1290,h2b8,97,10,h2b8,0.0053,0.0053,0.0054,0.0053,h2e5,h2e5,h2e5,h2e5,102.0,0.0054,0.0,True,elite,03_elite_top,2685,2937,2937,True,False,0,0.5465,0.1438
2r5/1b4bk/1qr3p1/p3ppQp/P2p4/1P1B1P1P/1BPR2P1/4R2K b - - 3 28,56,T2025-09_1294,c6c5,133,5,g7f6,0.0174,0.0155,0.0119,0.0093,g7h6,g7h6,g7h6,g7h6,198.0,0.0174,-0.0081,True,elite,03_elite_top,2688,2939,2939,False,True,0,0.5175,0.008
2r5/7k/Bqr2bp1/p3pp1p/P2p4/1P3PQP/1BPR2P1/4R2K b - - 0 30,60,T2025-09_1294,f5f4,172,110,f5f4,0.0009,0.0005,0.0004,0.0004,b6a6,b6a6,b6a6,b6a6,119.0,0.0009,-0.0005,True,elite,03_elite_top,2688,2939,2939,True,False,0,0.5583,0.0798
2r5/7k/1q3bp1/p3R2p/P2B1p2/1P3P1P/2r2QP1/4R2K b - - 0 34,68,T2025-09_1294,b6b4,161,9,b6d8,0.0365,0.0316,0.0275,0.0266,c2f2,c2f2,c2f2,c2f2,210.0,0.0365,-0.0099,True,elite,03_elite_top,2688,2939,2939,False,True,0,0.5118,0.1316
r1bq1rk1/4b1pp/3p4/1NpPp3/P4p2/3B1P2/2P3PP/R2Q1RK1 b - - 1 20,40,T2025-09_1295,c5c4,0,13,e7f6,0.0067,0.0035,0.0022,0.002,c8a6,c8a6,c8a6,c8f5,100.0,0.0067,-0.0047,True,elite,03_elite_top,2781,2836,2836,False,True,2,0.6115,0.1249
4q2k/2r1Ppp1/pR2p2b/1b1pP2p/3B3P/2P3P1/P3NK2/1Q6 b - - 8 32,64,T2025-09_1301,h8g8,-41,25,h8g8,0.004,0.0036,0.0043,0.0093,e8e7,e8e7,c7e7,c7e7,219.0,0.0093,0.0053,True,elite,03_elite_top,2672,3081,3081,True,False,2,0.5035,0.0029
5bk1/2q2pp1/rn2r2p/3nNN2/2pB2R1/7P/2Q2PP1/1R4K1 b - - 7 32,64,T2025-09_1302,c4c3,99,44,c4c3,0.0341,0.0286,0.0234,0.0229,e6e5,e6e5,e6e5,e6e5,632.0,0.0341,-0.0112,True,elite,03_elite_top,2683,2944,2944,True,False,2,0.5151,0.0189
Qn1qkb1r/p4ppp/2p1n3/8/8/2p2N2/PPPP1PPP/R1B1K2R b KQk - 0 12,24,T2025-09_1304,d8b6,95,246,d8b6,0.0147,0.0127,0.0128,0.0256,c3d2,c3d2,c3d2,c3d2,351.0,0.0256,0.0109,True,elite,03_elite_top,2428,2803,2803,True,False,2,0.3723,0.0059
5rk1/p3Q1p1/2p1n2p/P6P/2q5/5N2/1nPP1PP1/1R2K2R b - - 6 26,52,T2025-09_1304,f8b8,-37,70,f8b8,0.0037,0.0029,0.0033,0.0051,c4c2,c4e4,e6f4,e6f4,300.0,0.0051,0.0014,True,elite,03_elite_top,2428,2803,2803,True,False,0,0.4699,0.0244
6k1/p3Q1p1/2p4p/P6P/2qP1r2/5N2/1nP2PP1/R3K3 b - - 0 32,64,T2025-09_1304,c6c5,-128,22,b2d3,0.0011,0.0005,0.0004,0.0006,c4c3,c4c3,c4c3,c4c3,184.0,0.0011,-0.0005,True,elite,03_elite_top,2428,2803,2803,False,True,5,0.5699,0.1354
5rk1/pp1Q1p1p/6p1/2P5/8/1Pb5/q2N1PPP/3R2K1 b - - 3 26,52,T2025-09_1307,c3a5,196,101,c3a5,0.0067,0.0048,0.0037,0.0043,c3d2,c3d2,c3d2,a2c2,110.0,0.0067,-0.0024,True,elite,03_elite_top,2447,3041,3041,True,False,0,0.5752,0.1133
rq2r3/1ppn1bkp/3p1pp1/p7/2PQPP2/1PN3PP/P5BK/3RR3 b - - 4 20,40,T2025-09_1308,e8e7,-147,6,c7c6,0.0336,0.0303,0.031,0.0315,d7c5,d7c5,d7c5,d7c5,186.0,0.0336,-0.0021,True,elite,03_elite_top,2737,2960,2960,False,True,2,0.6701,0.1246
r2qr1k1/5ppp/b1p2b2/2Ppn3/pB1N4/6P1/P1Q1PPBP/R2R2K1 b - - 5 20,40,T2025-09_1310,h7h5,34,6,h7h5,0.0013,0.0009,0.0009,0.0016,e5c4,e5c4,e5c4,e5c4,245.0,0.0016,0.0003,True,elite,03_elite_top,2664,2807,2807,True,False,2,0.6642,0.1405
r3r1k1/5pp1/2p2b2/2Pp4/pB1N2qp/2Q5/P2RbPB1/1R4K1 b - - 1 26,52,T2025-09_1310,g4h5,221,11,g4g5,0.0017,0.0013,0.001,0.0008,h4h3,h4h3,h4h3,h4h3,425.0,0.0017,-0.0009,True,elite,03_elite_top,2664,2807,2807,False,True,7,0.6699,0.057
2r1r1k1/N4pp1/5b2/2Pp4/pB3qbp/Q7/P2R1PB1/1R5K b - - 2 30,60,T2025-09_1310,f6e5,504,147,f6e5,0.0181,0.0154,0.0184,0.0274,c8c7,h4h3,h4h3,h4h3,229.0,0.0274,0.0093,True,elite,03_elite_top,2664,2807,2807,True,False,7,0.5927,0.0241
r2qkb1r/1p3p1p/p2pb3/2pNp1pQ/2PnP2P/1P1N4/PB1P1PP1/R4RK1 b kq - 0 14,28,T2025-09_1315,h8g8,-113,92,h8g8,0.0274,0.0198,0.0151,0.0164,g5h4,g5h4,g5h4,g5h4,138.0,0.0274,-0.011,True,elite,03_elite_top,2690,2903,2903,True,False,6,0.6037,0.0027
1k1rr3/p1p4p/1pnq1np1/4p3/2QP4/2P1PP2/P2BBP1P/1R3KR1 b - - 6 16,32,T2025-09_1316,c6e7,-104,28,e8f8,0.0032,0.0025,0.002,0.0032,e5d4,e5d4,e5d4,e5d4,107.0,0.0032,0.0,True,elite,03_elite_top,2707,2802,2802,False,True,2,0.5483,0.0457
1k1r1r2/p1pq3p/1pn2np1/4p3/2QP4/2P1PP1P/P2BBPK1/1R4R1 b - - 2 18,36,T2025-09_1316,g6g5,-96,19,e5e4,0.0126,0.0093,0.0057,0.0048,e5d4,e5d4,e5d4,e5d4,106.0,0.0126,-0.0078,True,elite,03_elite_top,2707,2802,2802,False,True,2,0.5888,0.0694
1k1r1r2/p1pqn2p/1p3np1/1R6/2QPpP2/2P1P2P/P2BBPK1/6R1 b - - 2 20,40,T2025-09_1316,h7h6,-15,86,e7f5,0.0277,0.0286,0.0289,0.0334,e7f5,e7f5,e7f5,e7f5,123.0,0.0334,0.0057,True,elite,03_elite_top,2707,2802,2802,False,True,2,0.5677,0.096
r2q1rk1/1pp1n1b1/3p2pp/P1nP1b2/2P1p2N/R1N5/Q2BBPPP/5RK1 b - - 1 18,36,T2025-09_1318,f5c8,117,31,f5d7,0.006,0.0064,0.0066,0.009,g6g5,g6g5,g6g5,g6g5,184.0,0.009,0.003,True,elite,03_elite_top,2771,2959,2959,False,True,2,0.6728,0.1735
3r4/p1q1n1bk/b1p3pp/2B1p3/2P4N/2NP4/PP2Q1PP/5RK1 b - - 0 20,40,T2025-09_1320,e7d5,-326,70,d8f8,0.0078,0.0084,0.0079,0.0074,g6g5,a6c8,a6c8,a6c8,139.0,0.0084,-0.0004,True,elite,03_elite_top,2718,2894,2894,False,True,6,0.7382,0.1107
1k1r1b1r/1b3p2/p3pp2/q2P3p/4P3/1Rp5/2Q1BPPP/3R2K1 b - - 1 22,44,T2025-09_1323,f8c5,260,9,d8d7,0.0214,0.0217,0.0237,0.0297,e6d5,f8b4,f8b4,f8b4,264.0,0.0297,0.0083,True,elite,03_elite_top,2610,3000,3000,False,True,0,0.508,0.0366
r3r1k1/p1b2ppp/1p6/2pp4/P5Q1/1PP1P1PP/1Bq2P2/1R3RK1 b - - 4 22,44,T2025-09_1330,f7f5,76,24,f7f5,0.0123,0.0101,0.0131,0.021,c2b3,c2b3,c2b3,c2b3,254.0,0.021,0.0087,True,elite,03_elite_top,2684,2946,2946,True,False,0,0.6203,0.1343
r5k1/4bpp1/1q1p4/pp2p2P/8/PN3P1P/1PPQ4/1K1R4 b - - 0 22,44,T2025-09_1333,b6c6,42,6,b6c6,0.007,0.0091,0.0127,0.024,a5a4,b5b4,b5b4,b5b4,112.0,0.024,0.017,True,elite,03_elite_top,2799,2807,2807,True,False,0,0.5582,0.0324
r1b2nk1/pp4pp/n1p2p2/q2prP2/3B4/1RNB2Q1/P1P3PP/5RK1 b - - 1 22,44,T2025-09_1335,f8d7,-39,45,f8d7,0.0034,0.0034,0.0037,0.0034,e5e7,e5e7,e5e7,e5e8,259.0,0.0037,0.0,True,elite,03_elite_top,2733,2874,2874,True,False,2,0.5858,0.0927
8/pbP5/4pk1p/4pp2/8/5NP1/2K2P1P/8 b - - 0 32,64,T2025-09_1337,b7a6,128,68,b7a6,0.002,0.0018,0.0017,0.0023,e5e4,f6e7,b7f3,b7f3,718.0,0.0023,0.0003,True,elite,03_elite_top,2659,2894,2894,True,False,5,0.4091,0.0228
r1brnbk1/pp2pp1p/6p1/8/3N1B2/2P2N2/PP3PPP/R3R1K1 b - - 4 16,32,T2025-09_1341,h7h6,52,2,h7h6,0.0058,0.0042,0.0054,0.0101,f8g7,f8g7,f8g7,f8g7,161.0,0.0101,0.0043,True,elite,03_elite_top,2493,2835,2835,True,False,2,0.5778,0.0809
r1brnbk1/pp2pp2/7p/6p1/3N4/2P2N1P/PP1B1PP1/R3R1K1 b - - 1 18,36,T2025-09_1341,e8c7,64,15,e8d6,0.0294,0.0345,0.0368,0.0484,f7f6,f8g7,f8g7,f8g7,136.0,0.0484,0.019,True,elite,03_elite_top,2493,2835,2835,False,True,2,0.579,0.0776
1r3rk1/5ppp/3p4/3Pb3/8/3b1QP1/1Pq3BP/R1B1R1K1 b - - 3 24,48,T2025-09_1343,f8e8,304,29,d3g6,0.0165,0.0131,0.0098,0.0074,e5b2,e5b2,e5b2,e5b2,125.0,0.0165,-0.0091,True,elite,03_elite_top,2624,2818,2818,False,True,0,0.6787,0.2108
r2qkb1r/pp1b1ppp/2n1p3/2pp2Bn/3P4/4PN2/PPP1BPPP/RN1Q1RK1 b kq - 7 8,16,T2025-09_1351,d8c7,8,5,d8c7,0.0324,0.0301,0.0322,0.0401,f7f6,f7f6,f7f6,f7f6,149.0,0.0401,0.0077,True,elite,03_elite_top,2602,3029,3029,True,False,3,0.7441,0.2991
rb3rk1/pp3ppp/1np2n2/5PB1/3PP3/2N2Q2/PP3KBq/R4R2 b - - 0 18,36,T2025-09_1354,h7h6,-114,17,h7h6,0.0452,0.0342,0.03,0.0294,b6c4,f6h5,f6h5,f6h5,334.0,0.0452,-0.0158,True,elite,03_elite_top,2517,2813,2813,True,False,6,0.5866,0.0557
r4rk1/pp3pp1/1np2n2/4PPp1/3P4/2N3K1/PP4B1/R6R b - - 0 22,44,T2025-09_1354,f6e8,-181,94,f6d5,0.0157,0.0106,0.0085,0.0123,f6d5,f6d5,f6d5,f6d5,113.0,0.0157,-0.0034,True,elite,03_elite_top,2517,2813,2813,False,True,6,0.5486,0.011
6r1/1p2k2p/p3Nn2/q5B1/3PP3/bQ6/P4PPP/R3n1K1 b - - 0 30,60,T2025-09_1355,e1g2,-364,7,a5b4,0.0323,0.0322,0.0301,0.0315,g8g5,g8g5,g8g5,g8g5,134.0,0.0323,-0.0008,True,elite,03_elite_top,2620,2826,2826,False,True,6,0.6703,0.1827
r3k3/1b1pbp2/p3p3/2p2P1r/7p/1PNB2nP/P1PB1RP1/2K1R3 b q - 0 24,48,T2025-09_1362,a8b8,8,2,a8b8,0.0021,0.0017,0.0012,0.001,g3f5,g3f5,g3f5,g3f5,361.0,0.0021,-0.0011,True,elite,03_elite_top,2679,2923,2923,True,False,2,0.6075,0.109
4r1k1/p1q2p1p/1p2P1p1/nPp5/3rP3/P7/2Q1B1PP/3RR1K1 b - - 1 22,44,T2025-09_1363,c7e5,101,47,c7e5,0.0077,0.0095,0.0124,0.0146,e8e6,e8e6,e8e6,e8e6,516.0,0.0146,0.0069,True,elite,03_elite_top,2539,2841,2841,True,False,0,0.6325,0.1724
3r4/p4k1p/1p4p1/nPp5/3qP3/P7/2Q3PP/4RB1K b - - 1 26,52,T2025-09_1363,f7e7,217,6,d4d2,0.0089,0.0091,0.0086,0.009,c5c4,f7g7,f7g7,f7g7,152.0,0.0091,0.0001,True,elite,03_elite_top,2539,2841,2841,False,True,0,0.5036,0.0239
4r1k1/5pp1/pp5p/8/2QRn3/B1P1P2P/2q2PPK/8 b - - 1 28,56,T2025-09_1364,e8e6,22,22,e8e6,0.001,0.0009,0.0012,0.0027,c2f2,c2f2,c2f2,c2f2,419.0,0.0027,0.0017,True,elite,03_elite_top,2675,2958,2958,True,False,0,0.531,0.0628
8/2b4p/1n2k1p1/p2p4/Pp1PpP1B/1P2P2P/4B1K1/8 b - - 1 34,68,T2025-09_1369,e6f7,-23,15,h7h5,0.0238,0.0229,0.0195,0.0181,e6f5,b6d7,b6d7,b6d7,108.0,0.0238,-0.0057,True,elite,03_elite_top,2751,2826,2826,False,True,5,0.3503,0.0078
r3r1k1/pb1p1pp1/1pnBpn1p/8/1NP5/1QP3Pq/P3PPBP/R4RK1 b - - 7 16,32,T2025-09_1370,c6d4,445,373,c6d4,0.0007,0.0003,0.0001,0.0,h3h5,h3h5,h3h5,h3h5,366.0,0.0007,-0.0007,True,elite,03_elite_top,2649,2846,2846,True,False,2,0.5287,0.0309
r1k4r/2p1bpp1/1pp1b1np/p3P3/3N2P1/1P1R3P/PBP1NP2/3R2K1 b - - 4 18,36,T2025-09_1371,a5a4,-27,27,a5a4,0.0062,0.003,0.002,0.0027,g6e5,e6d5,e6d5,e6d5,124.0,0.0062,-0.0035,True,elite,03_elite_top,2788,2898,2898,True,False,2,0.6182,0.1011
r1br2k1/pp4bp/1qn2pp1/1B1p4/P2PnN2/5N2/1P3PPP/R1BQR1K1 b - - 1 14,28,T2025-09_1372,c8f5,-33,61,c8f5,0.03,0.0297,0.031,0.0404,a7a6,a7a6,a7a6,c8g4,226.0,0.0404,0.0104,True,elite,03_elite_top,2439,2831,2831,True,False,2,0.6902,0.0446
1kb3r1/p1p1qn2/1pp2pr1/4p2Q/1PN1P1p1/P2PP1N1/2P2RPP/5RK1 b - - 1 26,52,T2025-09_1374,b8b7,222,29,b8b7,0.0204,0.0279,0.0296,0.0283,g8h8,g8h8,g8h8,f7g5,169.0,0.0296,0.0079,True,elite,03_elite_top,2602,2804,2804,True,False,2,0.509,0.0162
7r/pkp3q1/1pp2prn/4p3/1PN1P3/P2PP1pQ/2PR2PP/5RK1 b - - 1 32,64,T2025-09_1374,h6f7,479,49,g6g4,0.0363,0.0321,0.0333,0.0433,g3h2,g3h2,g3h2,g3h2,362.0,0.0433,0.007,True,elite,03_elite_top,2602,2804,2804,False,True,4,0.6186,0.075
2kr4/1b1n1p2/p2b3Q/3n1BP1/1p2R3/5P2/PPP1N2q/2KR4 b - - 6 24,48,T2025-09_1376,c8c7,-103,3,c8b8,0.0062,0.0048,0.004,0.0042,h2h6,h2h6,h2h6,h2h6,173.0,0.0062,-0.002,True,elite,03_elite_top,2658,2921,2921,False,True,6,0.4745,0.0075
4q1k1/r3nbnp/p2R4/1p6/7P/5QR1/P4PP1/6K1 b - - 0 28,56,T2025-09_1379,f7g6,292,10,f7g6,0.0326,0.0393,0.0395,0.0346,e7f5,e7f5,e7f5,e7f5,481.0,0.0395,0.002,True,elite,03_elite_top,2597,3025,3025,True,False,0,0.3986,0.1182
2r1q1k1/4n1np/p2R4/1p5b/8/3R4/P2Q1PP1/6K1 b - - 5 32,64,T2025-09_1379,e8f7,313,15,e8f8,0.009,0.0084,0.0067,0.0057,e7f5,h5g6,h5g6,h5g6,131.0,0.009,-0.0033,True,elite,03_elite_top,2597,3025,3025,False,True,0,0.4198,0.1132
r5k1/1b2qppp/p3p3/1pb1P3/3nN1Q1/1B4B1/PP3PPP/5RK1 b - - 1 22,44,T2025-09_1381,h7h5,322,211,b7e4,0.0014,0.0009,0.0007,0.0007,d4b3,d4b3,d4b3,d4b3,241.0,0.0014,-0.0007,True,elite,03_elite_top,2789,2807,2807,False,True,2,0.5432,0.0535
2r3k1/3q1ppp/p3p3/1pb1P3/4Q3/1P4BP/1P3PPK/5R2 b - - 2 26,52,T2025-09_1381,c5b6,77,30,c5f8,0.0236,0.0258,0.0229,0.0134,d7d4,d7d5,d7d5,d7d5,208.0,0.0258,-0.0102,True,elite,03_elite_top,2789,2807,2807,False,True,0,0.5443,0.0469
4r3/5pbk/3p1np1/B2P1q1p/P1P2P2/1P1p3P/3N1RP1/3Q3K b - - 2 28,56,T2025-09_1382,g6g5,43,97,g6g5,0.0338,0.0196,0.0142,0.0142,f6e4,f6e4,f6e4,f6e4,271.0,0.0338,-0.0196,True,elite,03_elite_top,2657,2814,2814,True,False,2,0.5229,0.0215
bqr1r1k1/4bpp1/p2p1n1p/1p2pP2/4P1P1/PNNR4/1PP1Q1BP/4R2K b - - 2 20,40,T2025-09_1384,d6d5,218,74,c8c4,0.0473,0.0201,0.0071,0.0041,e8d8,f6h7,f6h7,f6h7,107.0,0.0473,-0.0432,True,elite,03_elite_top,2386,2839,2839,False,True,2,0.6585,0.09
1r2r1k1/1bR2pb1/3p1qpp/1p2p3/1P2n3/P3PNP1/1B3PBP/1Q1R2K1 b - - 4 26,52,T2025-09_1385,f6f5,14,2,b7a8,0.0219,0.0179,0.0149,0.0123,e8c8,e8c8,e4g5,e4g5,156.0,0.0219,-0.0096,True,elite,03_elite_top,2626,2840,2840,False,True,2,0.607,0.1214
6r1/3p1kpp/1RqPppb1/p2p4/6Q1/P3B2P/5PP1/6K1 b - - 6 30,60,T2025-09_1386,h7h5,243,13,h7h5,0.003,0.0024,0.0023,0.0026,c6c3,c6c3,c6c3,c6c3,183.0,0.003,-0.0004,True,elite,03_elite_top,2492,2833,2833,True,False,0,0.6786,0.2752
6r1/3p1kp1/1R1Pppb1/p2p3p/3Q4/P3B2P/2q2PP1/6K1 b - - 3 32,64,T2025-09_1386,g6f5,263,4,g6f5,0.0165,0.0151,0.0119,0.0106,g8c8,g8c8,g8c8,g8c8,158.0,0.0165,-0.0059,True,elite,03_elite_top,2492,2833,2833,True,False,0,0.6668,0.2701
r2r2k1/p4ppp/1p2p3/3q4/8/B2n2Q1/PP3PPP/3R1RK1 b - - 3 24,48,T2025-09_1388,d3f4,249,35,d3f4,0.0009,0.0007,0.0005,0.0004,d5a2,d5a2,d5a2,d5a2,649.0,0.0009,-0.0005,True,elite,03_elite_top,2631,2815,2815,True,False,0,0.6884,0.2514
7k/r1p2r1n/1pRp1q2/P2P2pp/2RP1p2/5P1P/3B2P1/1Q4K1 b - - 0 32,64,T2025-09_1389,g5g4,82,106,g5g4,0.043,0.0459,0.0473,0.0494,b6a5,b6a5,b6a5,b6a5,531.0,0.0494,0.0064,True,elite,03_elite_top,2723,2928,2928,True,False,0,0.4821,0.0138
4rrk1/1p3pp1/1q1b3p/1b2N3/p2PQ3/P4N1P/1P1R1PP1/2R3K1 b - - 2 24,48,T2025-09_1391,d6b8,-45,8,e8e7,0.0143,0.0164,0.0243,0.0431,f7f6,f7f6,f7f6,f7f6,175.0,0.0431,0.0288,True,elite,03_elite_top,2720,2833,2833,False,True,2,0.5644,0.0173
rb2k2r/pb1q1p2/1p2ppn1/1N1p3p/3P3P/1Q2P1P1/PP1N1PB1/2R2RK1 b kq - 7 16,32,T2025-09_1393,e8f8,-74,2,e8f8,0.0072,0.0084,0.0093,0.0133,a7a6,a7a6,a7a6,a7a6,108.0,0.0133,0.0061,True,elite,03_elite_top,2569,2841,2841,True,False,2,0.6848,0.11
rb1r4/pb1q1pk1/1p4n1/3p3p/3P1p1P/2N3P1/PP3PB1/2RQRNK1 b - - 1 22,44,T2025-09_1393,d8h8,-35,6,f4g3,0.0196,0.0192,0.0168,0.018,f4g3,f4g3,f4g3,f4g3,153.0,0.0196,-0.0016,True,elite,03_elite_top,2569,2841,2841,False,True,2,0.6799,0.1325
r1b2r1k/p1q1bpp1/1p2pn1p/2Pn4/2N5/2PBBN2/PPQ2PPP/3R1RK1 b - - 0 16,32,T2025-09_1395,b6b5,106,42,d5e3,0.0087,0.0053,0.004,0.003,b6c5,b6c5,b6c5,b6c5,140.0,0.0087,-0.0057,True,elite,03_elite_top,2615,2844,2844,False,True,2,0.6532,0.0165
3b1rk1/p5pp/1p6/3p3q/4r2P/P4p1Q/1P1B1P1N/R4RK1 b - - 1 28,56,T2025-09_1396,d8c7,459,4,d8c7,0.016,0.0101,0.0075,0.0068,e4h4,e4h4,e4h4,e4h4,372.0,0.016,-0.0092,True,elite,03_elite_top,2649,2811,2811,True,False,7,0.6439,0.0555
r4rk1/3nbppp/1pP1pn2/1p1p4/p2P4/P1B1PN2/3N1PPP/1R2K2R b K - 0 16,32,T2025-09_1397,f8c8,276,38,d7b8,0.0289,0.0239,0.0243,0.0358,d7b8,d7b8,d7b8,d7b8,107.0,0.0358,0.0069,True,elite,03_elite_top,2645,2822,2822,False,True,2,0.5552,0.0839
r3n3/2rk1ppp/4p3/3p4/NR1P4/R3P3/4KPPP/8 b - - 0 30,60,T2025-09_1397,d7d8,22,3,d7e7,0.0019,0.0021,0.0023,0.0026,e8d6,e8d6,e8d6,e8d6,489.0,0.0026,0.0007,True,elite,03_elite_top,2645,2822,2822,False,True,5,0.4742,0.0711
rn2k2r/6pp/p3pq2/1p6/1bp1N3/4PN2/PP3PPP/R2Q1K1R b kq - 2 14,28,T2025-09_1398,f6g6,31,54,f6g6,0.0185,0.031,0.0377,0.0348,f6b2,f6b2,f6b2,f6b2,137.0,0.0377,0.0163,True,elite,03_elite_top,2675,3072,3072,True,False,5,0.5036,0.0115
r5k1/1q5p/p5NP/Pp5R/2p5/4b1P1/1PQ3P1/5K2 b - - 1 32,64,T2025-09_1398,b7d7,41,18,b7d7,0.0025,0.0016,0.0013,0.0014,b7f7,b7f7,b7f7,b7f7,125.0,0.0025,-0.0011,True,elite,03_elite_top,2675,3072,3072,True,False,0,0.5706,0.0977
3q4/2p2p1k/pp4pp/1b1P4/1PN2b1n/P1N2B2/2P1QPPP/4R1K1 b - - 12 34,68,T2025-09_1400,c7c5,-470,29,b5c4,0.0044,0.0019,0.0011,0.0011,h4f3,h4f3,h4f3,h4f3,165.0,0.0044,-0.0033,True,elite,03_elite_top,2576,2836,2836,False,True,1,0.6581,0.1136
6k1/1p5p/p1b3p1/2N1b1N1/1P4P1/P3Pr2/r4P2/2R2RK1 b - - 4 24,48,T2025-09_1401,f3e3,129,104,f3e3,0.0113,0.0098,0.0087,0.0095,f3f6,f3f6,f3f6,f3f6,117.0,0.0113,-0.0018,True,elite,03_elite_top,2612,2811,2811,True,False,0,0.535,0.0571
8/1p3k2/p1b3p1/8/1P4P1/P2NR3/r4P2/6K1 b - - 8 34,68,T2025-09_1401,f7f6,0,20,f7f6,0.0204,0.0208,0.0235,0.0314,a2a3,a2a3,a2a3,a2a3,255.0,0.0314,0.011,True,elite,03_elite_top,2612,2811,2811,True,False,5,0.5704,0.2257
3r2nr/pp2k3/2bPpppp/8/2BB3P/P1P2P2/6P1/2KR3R b - - 0 22,44,T2025-09_1407,e7d7,-161,114,e7f7,0.0077,0.0046,0.0036,0.0022,d8d6,d8d6,d8d6,d8d6,490.0,0.0077,-0.0055,True,elite,03_elite_top,2668,2821,2821,False,True,5,0.6343,0.0207
1k6/5r2/2pr1p1p/4pR2/P2pP3/1P6/2P3PP/5R1K b - - 2 30,60,T2025-09_1414,d6e6,-122,48,d6e6,0.0092,0.0066,0.0054,0.0058,d4d3,d4d3,b8c7,b8c7,102.0,0.0092,-0.0034,True,elite,03_elite_top,2327,2844,2844,True,False,5,0.586,0.2578
3r1rk1/p3q1pp/Q1pb4/2pb1p2/8/2N1P2P/PB3PP1/R2R2K1 b - - 6 22,44,T2025-09_1416,e7e6,117,31,d6b8,0.0224,0.0223,0.0217,0.0215,e7g5,e7g5,e7g5,e7g5,207.0,0.0224,-0.0009,True,elite,03_elite_top,2710,2826,2826,False,True,0,0.67,0.1533
1b1r1rk1/p3q1pp/Q1p5/2pb4/4Pp2/2N4P/PB3PP1/2RR2K1 b - - 0 24,48,T2025-09_1416,d5f7,25,0,d5e6,0.0234,0.0257,0.0252,0.0348,d5e4,d5e4,d5e4,d5e4,382.0,0.0348,0.0114,True,elite,03_elite_top,2710,2826,2826,False,True,0,0.5803,0.083
r2qkbnr/pp1n1ppp/2p1p3/8/4P1P1/8/PPPBQP1P/R3KBNR b KQkq - 2 8,16,T2025-09_1423,d7c5,-36,4,d8c7,0.0417,0.0241,0.0147,0.0108,g8f6,g8f6,g8f6,g8f6,122.0,0.0417,-0.0309,True,elite,03_elite_top,2337,2857,2857,False,True,3,0.6422,0.0612
r2q1rk1/pb1nbppp/4pn2/2P5/PpN5/5NP1/1PQ1PPBP/R1BR2K1 b - - 0 12,24,T2025-09_1425,b7e4,40,56,b7e4,0.0273,0.0233,0.0216,0.0303,e7c5,e7c5,e7c5,e7c5,108.0,0.0303,0.003,True,elite,03_elite_top,2724,2856,2856,True,False,3,0.6516,0.0743
r2qk2r/pp1n1pp1/2pbp1p1/8/1npPP1P1/1PN1B2P/P4PB1/R2Q1RK1 b kq - 0 14,28,T2025-09_1427,e6e5,19,48,c4b3,0.0437,0.0297,0.0157,0.0085,c4b3,c4b3,c4b3,c4b3,133.0,0.0437,-0.0352,True,elite,03_elite_top,2323,2862,2862,False,True,3,0.6805,0.0406
r1q3k1/3n1pbn/2P3p1/2Pp2Pp/B2P1p1P/2NQ4/5P2/4R1K1 b - - 0 26,52,T2025-09_1431,d7c5,343,114,d7c5,0.0342,0.0274,0.0256,0.0209,d7f8,d7f8,d7f8,d7f8,229.0,0.0342,-0.0133,True,elite,03_elite_top,2714,2820,2820,True,False,6,0.5223,0.1278
8/p1p1k3/1p2r1p1/n7/2PR2B1/1P5P/P5P1/7K b - - 2 30,60,T2025-09_1432,a5c6,-179,112,e6d6,0.017,0.0076,0.0039,0.0021,e6e1,e6e1,e6e1,e6e1,121.0,0.017,-0.0149,True,elite,03_elite_top,2713,2827,2827,False,True,5,0.6408,0.2252
2bqr1k1/p1p2p2/2p4p/8/3PN2p/8/Pr3PPP/R2QR1K1 b - - 0 18,36,T2025-09_1439,e8e6,92,25,e8e6,0.0068,0.0086,0.0128,0.0154,c8f5,c8f5,c8f5,c8f5,277.0,0.0154,0.0086,True,elite,03_elite_top,2401,2998,2998,True,False,0,0.5958,0.0878
rnb2rk1/ppp1q1bp/3p1n2/3PppN1/2P3P1/2N4P/PP3P2/R1BQKBR1 b Q - 2 12,24,T2025-09_1440,b8a6,-46,1,b8a6,0.011,0.0088,0.0113,0.031,f5f4,f5f4,f5f4,h7h6,101.0,0.031,0.02,True,elite,03_elite_top,2719,2827,2827,True,False,2,0.7043,0.0721
r4rk1/pp4bp/n1ppqn2/8/1PP1p1P1/P1N5/1BQ2P2/2KR1BR1 b - - 1 20,40,T2025-09_1440,a8e8,-94,78,d6d5,0.0119,0.015,0.0195,0.0371,f6g4,f6g4,f6g4,f6g4,197.0,0.0371,0.0252,True,elite,03_elite_top,2719,2827,2827,False,True,2,0.5766,0.0527
3r3k/pp5p/2p5/3n2Pn/1PB1Q3/P4r2/K4P2/3R3R b - - 0 30,60,T2025-09_1440,f3f7,-618,13,d5c3,0.0071,0.0042,0.0026,0.0018,d5c3,d5c3,d5c3,d5c3,163.0,0.0071,-0.0053,True,elite,03_elite_top,2719,2827,2827,False,True,6,0.5494,0.118
5r1k/1b2q1p1/p2R1p1p/1P2pP2/8/1Q2P3/4B1PP/2rR3K b - - 0 30,60,T2025-09_1441,e7d6,124,2,e7d6,0.0017,0.0009,0.0005,0.0003,c1d1,c1d1,c1d1,c1d1,233.0,0.0017,-0.0014,True,elite,03_elite_top,2455,3035,3035,True,False,0,0.5396,0.0382
5r1k/1b4p1/5p1p/1Q2pP2/4q3/4P3/6PP/3R1B1K b - - 0 34,68,T2025-09_1441,e4g4,147,71,e4g4,0.0051,0.0045,0.004,0.0036,e4e3,e4e3,e4e3,e4e3,497.0,0.0051,-0.0015,True,elite,03_elite_top,2455,3035,3035,True,False,0,0.5557,0.1149
r1q2rk1/1pn1bpp1/1np4p/4N3/1P1PN3/p4P2/P1QB2PP/R3R1K1 b - - 2 22,44,T2025-09_1443,c8d8,123,7,c8d8,0.0159,0.011,0.0104,0.0143,c7d5,c7d5,c7d5,c7d5,105.0,0.0159,-0.0016,True,elite,03_elite_top,2400,2925,2925,True,False,2,0.6262,0.1447
r2q4/1pp1pkr1/p2P4/P2Pb2p/NP3p2/3Q1P1P/4B1p1/R3R1K1 b - - 0 26,52,T2025-09_1444,d8d7,319,204,d8d7,0.0305,0.0281,0.0265,0.028,e5a1,e7d6,e7d6,e7d6,205.0,0.0305,-0.0025,True,elite,03_elite_top,2755,2849,2849,True,False,7,0.68,0.2314
2r3k1/pp1q3p/3p1np1/2r1p1N1/7Q/2PR3P/P1PK1PP1/4R3 b - - 3 22,44,T2025-09_1447,c8c7,46,3,g8g7,0.0168,0.0193,0.0169,0.0158,c5c4,c5c4,c5c4,d7f5,434.0,0.0193,-0.001,True,elite,03_elite_top,2642,2905,2905,False,True,0,0.6459,0.1276
2kr1b1r/pb1n1p2/1q2pP2/2pP2B1/1pp5/2N3P1/PP3PBP/1R1Q1RK1 b - - 1 16,32,T2025-09_1450,b6a6,-28,78,b6a6,0.0027,0.0022,0.0021,0.0029,b4c3,b4c3,b4c3,b4c3,427.0,0.0029,0.0002,True,elite,03_elite_top,2685,2852,2852,True,False,2,0.6185,0.03
2kr3r/p2nPp2/q7/2p3B1/1pp5/2N3P1/PP3P1P/1R1Q1K2 b - - 0 20,40,T2025-09_1450,d8g8,-43,132,d8g8,0.0469,0.0419,0.04,0.0456,d8e8,d8e8,d8e8,d8e8,110.0,0.0469,-0.0013,True,elite,03_elite_top,2685,2852,2852,True,False,6,0.5457,0.1484
8/p1kn1Q2/5p2/2p1r3/qp6/2P3P1/3N1P1P/2R3K1 b - - 0 30,60,T2025-09_1450,a7a5,-25,3,a7a5,0.0352,0.0375,0.0399,0.0473,b4c3,b4c3,b4c3,a4a3,263.0,0.0473,0.0121,True,elite,03_elite_top,2685,2852,2852,True,False,0,0.5111,0.0302
8/2p2k1p/1p1n2p1/p3rp2/P2Rp2P/1Pr1N1P1/2PR1PK1/8 b - - 6 28,56,T2025-09_1453,c3c6,118,1,e5c5,0.0199,0.0217,0.0199,0.0167,f7e6,f7e6,f7e6,f7e6,118.0,0.0217,-0.0032,True,elite,03_elite_top,2604,2977,2977,False,True,0,0.5137,0.0229
r3rb1k/2p3pp/1p3p2/p1P1pN1P/4P3/P1q3P1/2n1QP2/2RR2K1 b - - 1 26,52,T2025-09_1454,b6c5,16,0,c3a3,0.0436,0.0233,0.0138,0.0114,c3c5,c3c5,c3c5,c3c5,106.0,0.0436,-0.0322,True,elite,03_elite_top,2697,2886,2886,False,True,6,0.4654,0.063
r3rb1k/2pR2pp/5p2/p1p1pN1P/4P3/q5P1/2R1QP2/6K1 b - - 1 28,56,T2025-09_1454,a3b3,60,48,a3b3,0.0156,0.0185,0.0221,0.0249,a3a1,a3a1,a3a1,a3a1,113.0,0.0249,0.0093,True,elite,03_elite_top,2697,2886,2886,True,False,0,0.4758,0.0324
r3r2k/3R2bp/2pRqppP/2p1p3/p3P3/6P1/4QP2/6K1 b - - 1 34,68,T2025-09_1454,e6d7,0,109,e6d7,0.0264,0.0245,0.0214,0.0152,e6g8,e6g8,e6b3,e6b3,111.0,0.0264,-0.0112,True,elite,03_elite_top,2697,2886,2886,True,False,6,0.4453,0.114
1k2r3/ppp1qp2/3r3p/3p1QpR/3P2P1/P1P1PP2/5KP1/4R3 b - - 5 24,48,T2025-09_1455,d6c6,77,3,d6e6,0.0387,0.0412,0.0438,0.0456,d6f6,d6f6,d6f6,d6f6,153.0,0.0456,0.0069,True,elite,03_elite_top,2768,2870,2870,False,True,0,0.5818,0.0924
8/p2q1k2/1pRr1pp1/1Q1p3p/3P3P/1P4P1/P4PB1/6K1 b - - 0 32,64,T2025-09_1457,f7g7,-283,95,a7a6,0.0113,0.012,0.0112,0.0118,d7c6,d7c6,d7c6,d7c6,230.0,0.012,0.0005,True,elite,03_elite_top,2759,2878,2878,False,True,5,0.4068,0.0044
r5k1/2R3pp/1p3r2/p2p1n2/q2PpN1P/4P3/3Q1P2/5KR1 b - - 1 26,52,T2025-09_1458,f6c6,371,34,a8f8,0.0063,0.0051,0.0049,0.0051,a4a1,a4a1,a4b5,a4b5,199.0,0.0063,-0.0012,True,elite,03_elite_top,2560,2813,2813,False,True,0,0.6808,0.193
3r4/1pp3R1/pk2b1Bp/2b1p1qP/8/4PQ2/2P3P1/1K6 b - - 1 30,60,T2025-09_1460,c5a3,732,80,g5e3,0.0142,0.0109,0.0069,0.0044,c5e3,c5e3,c5e3,c5e3,123.0,0.0142,-0.0098,True,elite,03_elite_top,2605,2976,2976,False,True,4,0.9129,0.5113
r2qk2r/pp1n1ppp/2p1p1n1/3p2b1/3PP3/2NQ2P1/PPP1NP1P/R3KB1R b KQkq - 0 12,24,T2025-09_1461,g6e5,447,6,d7e5,0.0004,0.0002,0.0,0.0,e8g8,e8g8,d5e4,e8g8,467.0,0.0004,-0.0004,True,elite,03_elite_top,2601,2813,2813,False,True,3,0.6416,0.0211
r5k1/p5p1/2p1p1p1/8/1q3P2/8/P4P2/3N1K2 b - - 2 26,52,T2025-09_1461,b4b5,1981,791,g8h7,0.0169,0.0115,0.0076,0.006,b4f4,b4f4,b4f4,b4f4,1107.0,0.0169,-0.0109,True,elite,03_elite_top,2601,2813,2813,False,True,4,0.8721,0.6046
rnbqrbk1/p4ppp/1pp5/1N1pN3/3Pn3/1P1BPP2/P5PP/R1BQ1RK1 b - - 0 12,24,T2025-09_1462,e4c5,58,55,e4c5,0.0074,0.005,0.004,0.0036,c6b5,c6b5,c6b5,c6b5,386.0,0.0074,-0.0038,True,elite,03_elite_top,2410,3006,3006,True,False,3,0.6781,0.0259
3r1rk1/2q3b1/Rp5p/1Qpnp1pP/2N2p2/2PP4/1P1B1PP1/4R1K1 b - - 1 26,52,T2025-09_1464,g8h8,87,47,g8h8,0.0012,0.0013,0.0013,0.0017,d8b8,d8b8,d8b8,d8b8,147.0,0.0017,0.0005,True,elite,03_elite_top,2491,2838,2838,True,False,2,0.5565,0.0529
5r1k/2qn2b1/7p/1Q2p1pP/1PP5/3P1P2/3B1P2/4R1K1 b - - 0 34,68,T2025-09_1464,e5e4,253,156,e5e4,0.0117,0.0056,0.0032,0.0022,f8f3,f8f3,f8f3,f8f3,158.0,0.0117,-0.0095,True,elite,03_elite_top,2491,2838,2838,True,False,0,0.3849,0.0118
r1bq1rk1/pp1nn1bp/2p3p1/3ppp2/1P2P3/P2P1NP1/2PN1PBP/R1BQR1K1 b - - 0 10,20,T2025-09_1465,d7b6,-69,2,f5f4,0.0425,0.0299,0.0193,0.0136,f5e4,f5f4,f5f4,f5f4,121.0,0.0425,-0.0289,True,elite,03_elite_top,2608,2800,2800,False,True,3,0.6993,0.0668
r1r3k1/p3n1p1/1p2R1np/5p2/7P/2P2N2/5PPB/1R4K1 b - - 10 24,48,T2025-09_1468,c8c6,77,50,c8c6,0.0151,0.021,0.0296,0.0392,c8c3,c8c3,c8c3,c8c3,295.0,0.0392,0.0241,True,elite,03_elite_top,2734,3009,3009,True,False,5,0.4835,0.0307
1rb2rk1/p4ppp/2n5/3p4/1P6/4P3/1B1K1PPP/R4B1R b - - 0 18,36,T2025-09_1469,f8d8,0,0,c6b4,0.0042,0.0029,0.0015,0.0009,b8b4,b8b4,b8b4,b8b4,212.0,0.0042,-0.0033,True,elite,03_elite_top,2709,2808,2808,False,True,5,0.5237,0.101
5rk1/5ppp/4b3/3p4/3P4/2K3P1/R4P1P/1r3B1R b - - 0 24,48,T2025-09_1469,b1d1,240,153,f8b8,0.0025,0.0019,0.0014,0.0013,f8c8,f8c8,f8c8,f8c8,193.0,0.0025,-0.0012,True,elite,03_elite_top,2709,2808,2808,False,True,0,0.5956,0.2122
5b2/5p1k/1pq1pn1p/r2b4/2pP1BpP/2P5/1QP1BPP1/R3N1K1 b - - 3 28,56,T2025-09_1476,c6a8,211,50,c6a8,0.0151,0.015,0.0137,0.0173,a5b5,a5b5,a5b5,a5b5,115.0,0.0173,0.0022,True,elite,03_elite_top,2403,3007,3007,True,False,0,0.6019,0.0984
q4b2/5p1k/4p2p/1p1bB3/2pPn1BP/2P5/r1P2PP1/2QRN1K1 b - - 2 32,64,T2025-09_1476,f7f6,297,105,f7f6,0.0277,0.0257,0.0278,0.0309,e4c3,e4c3,e4c3,e4c3,419.0,0.0309,0.0032,True,elite,03_elite_top,2403,3007,3007,True,False,0,0.5836,0.0664
r2q1rk1/pp2np1p/1bp2p2/3p3b/PP1P4/3B1N1P/5PP1/R1BQR1K1 b - - 2 16,32,T2025-09_1478,f8e8,23,10,b6c7,0.0371,0.0241,0.0151,0.0154,b6d4,b6d4,b6d4,b6d4,192.0,0.0371,-0.0217,True,elite,03_elite_top,2632,2879,2879,False,True,2,0.6584,0.0975
2r1r1k1/ppb1np1p/3q1p2/1R1p3b/P2P4/3BBN1P/5PP1/3QR1K1 b - - 0 24,48,T2025-09_1478,e7c6,129,85,e7c6,0.009,0.0055,0.0041,0.0043,b7b6,b7b6,b7b6,b7b6,111.0,0.009,-0.0047,True,elite,03_elite_top,2632,2879,2879,True,False,2,0.6116,0.0861
2kr3r/p4bQ1/2pb4/2p2p2/N7/1P1pP2q/P2P1R1N/R1K5 b - - 3 24,48,T2025-09_1480,h3g3,481,98,h8h7,0.0072,0.0051,0.0042,0.0042,f7d5,f7d5,f7d5,f7d5,644.0,0.0072,-0.003,True,elite,03_elite_top,2686,2822,2822,False,True,0,0.6513,0.0263
2r3k1/1qr1ppb1/pp1p1npp/3P4/P2B4/1P1R1Q1P/N4PP1/4R1K1 b - - 2 26,52,T2025-09_1483,f6e8,132,16,f6h7,0.003,0.003,0.0035,0.0061,f6d5,f6d5,f6d5,f6d5,364.0,0.0061,0.0031,True,elite,03_elite_top,2621,2914,2914,False,True,0,0.6308,0.0257
rn3rk1/1bp1qppp/pp2pn2/3p4/2PP4/5NP1/PP1NPPBP/2RQ1RK1 b - - 3 10,20,T2025-09_1486,a6a5,-42,5,c7c5,0.0054,0.0039,0.0022,0.0013,b8d7,b8d7,b8d7,b8d7,125.0,0.0054,-0.0041,True,elite,03_elite_top,2785,2802,2802,False,True,3,0.7046,0.1246
2r2rk1/1b1nqppp/p2Pp3/2p5/8/5NPP/PPQ2PB1/2R1R1K1 b - - 0 20,40,T2025-09_1486,e7d8,-154,0,e7f6,0.01,0.0114,0.0118,0.0079,e7d6,e7d6,e7d6,e7d6,337.0,0.0118,-0.0021,True,elite,03_elite_top,2785,2802,2802,False,True,2,0.5072,0.0294
2bq1rk1/2p2ppp/prp1p3/2Q5/3P4/2N3P1/P3PP1P/1R3RK1 b - - 3 16,32,T2025-09_1488,h7h6,-26,10,h7h6,0.0133,0.0123,0.0119,0.0145,b6b1,b6b1,b6b1,d8d6,539.0,0.0145,0.0012,True,elite,03_elite_top,2659,2864,2864,True,False,5,0.5805,0.0812
2b5/2p1q1pk/p3pp1p/r1P5/8/1QN2PP1/P3P1KP/3R4 b - - 4 28,56,T2025-09_1488,c8d7,-2,3,e7c5,0.0207,0.02,0.0166,0.0194,a5c5,a5c5,a5c5,a5c5,386.0,0.0207,-0.0013,True,elite,03_elite_top,2659,2864,2864,False,True,5,0.5499,0.052
2QR4/2p3pk/p3p2p/2q2p2/8/2r2PP1/P3P1KP/8 b - - 0 32,64,T2025-09_1488,c5c4,0,0,c5e3,0.0241,0.0257,0.0257,0.0267,c3c2,c3c2,c3c2,c3c2,1995.0,0.0267,0.0026,True,elite,03_elite_top,2659,2864,2864,False,True,0,0.4806,0.0594
2rq1rk1/Np1b1ppp/4pb2/8/1Qn1P3/2N3P1/PPP2PBP/R4RK1 b - - 2 14,28,T2025-09_1490,f6e7,253,253,f6e7,0.041,0.0368,0.0352,0.0345,c8c7,c8c7,c8c7,c8c7,253.0,0.041,-0.0065,True,elite,03_elite_top,2312,2816,2816,True,False,6,0.5712,0.0037
3q2k1/pp6/4p1p1/3p3p/Q7/P2BNP1P/1P3K2/2r5 b - - 1 30,60,T2025-09_1495,d8f6,90,43,d8f6,0.0174,0.0225,0.0313,0.0444,d8h4,d8h4,d8h4,d8h4,928.0,0.0444,0.027,True,elite,03_elite_top,2634,3053,3053,True,False,7,0.5868,0.1895
r2nk2r/p2qpp1p/2p3p1/1PPpb3/P2Nb3/2N1B2P/5PP1/R2QR1K1 b kq - 0 18,36,T2025-09_1497,a8c8,-130,36,e4f5,0.0291,0.0301,0.037,0.0447,c6b5,e4f5,e4f5,e8g8,218.0,0.0447,0.0156,True,elite,03_elite_top,2634,2815,2815,False,True,2,0.6683,0.0582
r3k1r1/p1pb1p2/3b1n1q/2pP4/7Q/P1N4p/1PP1PB1P/1R2KB1R b Kq - 4 28,56,T2025-09_1498,g8g6,47,2,h6h4,0.0039,0.0031,0.0032,0.0039,h6g6,h6g6,h6g6,h6g6,188.0,0.0039,0.0,True,elite,03_elite_top,2761,3001,3001,False,True,0,0.5717,0.0804
r3q2k/6p1/p2pBn1p/1p1Pp3/5r1P/4QP2/PPP5/2K3RR b - - 5 24,48,T2025-09_1499,e8b8,95,5,e8h5,0.0038,0.0044,0.0046,0.0047,e8h5,e8h5,e8h5,e8h5,167.0,0.0047,0.0009,True,elite,03_elite_top,2691,2823,2823,False,True,0,0.581,0.0832
6rk/6p1/p3Bn1p/1p1Pp3/7r/2Q2q2/PPP5/2K3RR b - - 3 28,56,T2025-09_1499,f3h1,463,331,f3h1,0.0215,0.0136,0.0099,0.0076,h4h1,h4h1,h4h1,h4h1,354.0,0.0215,-0.0139,True,elite,03_elite_top,2691,2823,2823,True,False,0,0.5618,0.0646
rnbqr3/p4kp1/3b1n1p/8/2p1p3/2N5/PPQBBPPP/3R1RK1 b - - 1 16,32,T2025-09_1502,d8e7,162,104,d8e7,0.0112,0.0144,0.0228,0.0458,d8c7,d8c7,d8c7,d8c7,195.0,0.0458,0.0346,True,elite,03_elite_top,2696,2985,2985,True,False,2,0.5203,0.0115
1r2k2r/1q2bp1p/p1p1P1p1/8/N3p3/8/PPQ3PP/3R1RK1 b k - 0 22,44,T2025-09_1509,b7a7,-16,53,b7a7,0.0308,0.0207,0.0141,0.0138,f7e6,f7e6,f7e6,f7e6,342.0,0.0308,-0.017,True,elite,03_elite_top,2542,3053,3053,True,False,5,0.5977,0.0447
1r3r1k/6qp/Rb1pb1p1/1pp1pP2/3n4/3PNNPP/1PPQ1PBK/5R2 b - - 0 26,52,T2025-09_1510,e6c8,47,7,d4f3,0.0122,0.0082,0.0086,0.0113,g6f5,d4f5,g6f5,g6f5,128.0,0.0122,-0.0009,True,elite,03_elite_top,2752,2866,2866,False,True,2,0.5866,0.1483
r4k2/1pp3pp/6q1/pP1Bp3/P4n2/1QP5/5bPP/R3N2K b - - 3 22,44,T2025-09_1511,a8e8,182,23,a8e8,0.0082,0.0054,0.0045,0.0051,f2e1,f2e1,f2e1,f2e1,182.0,0.0082,-0.0031,True,elite,03_elite_top,2508,3070,3070,True,False,0,0.634,0.2087
5k2/1pp1r1pp/6q1/pP1Bp3/P4n2/2P5/Q4bPP/R3N2K b - - 7 24,48,T2025-09_1511,f2a7,229,5,f2b6,0.002,0.0023,0.0027,0.0033,f2e1,f2e1,f2e1,f2e1,213.0,0.0033,0.0013,True,elite,03_elite_top,2508,3070,3070,False,True,0,0.6815,0.2047
5k2/1Bp1r1pp/1b4q1/pP6/P3pn2/2P5/Q5PP/3RN2K b - - 1 26,52,T2025-09_1511,c7c6,327,114,c7c6,0.0309,0.0209,0.0138,0.0106,e4e3,e4e3,e4e3,f4d3,344.0,0.0309,-0.0203,True,elite,03_elite_top,2508,3070,3070,True,False,0,0.6945,0.2507
2r3k1/1q3p2/4p1p1/3p3p/1n1Q4/6PP/4rP1K/1RB2R2 b - - 1 32,64,T2025-09_1514,b4c6,306,256,c8c4,0.0147,0.011,0.0093,0.0106,c8c4,c8c4,c8c4,c8c4,268.0,0.0147,-0.0041,True,elite,03_elite_top,2698,2820,2820,False,True,0,0.5318,0.103
r1bq1k1r/ppppb2p/5p2/1R5Q/3P4/8/PPP2PPP/RN4K1 b - - 0 12,24,T2025-09_1515,h8g8,257,24,h7h6,0.0441,0.0266,0.0155,0.0083,c7c6,c7c6,d8e8,d8e8,136.0,0.0441,-0.0358,True,elite,03_elite_top,2625,3000,3000,False,True,0,0.4225,0.0086
8/p4pk1/1q4p1/3P1p2/4n2Q/1P1r3P/P3R1K1/R7 b - - 5 28,56,T2025-09_1518,g6g5,520,69,b6d6,0.0303,0.0219,0.0185,0.0216,d3g3,d3g3,d3g3,d3g3,131.0,0.0303,-0.0087,True,elite,03_elite_top,2451,3034,3034,False,True,0,0.6432,0.0925
2r1k2r/3p1p1p/4pP2/p2p4/6q1/2PRQ3/PP4PP/1K5R b k - 0 20,40,T2025-09_1521,g4e4,0,2,g4f5,0.0233,0.0275,0.0344,0.0456,g4g2,g4g2,g4g2,g4g2,105.0,0.0456,0.0223,True,elite,03_elite_top,2659,2807,2807,False,True,5,0.5467,0.099
2rqk3/3p1p1p/3Qp3/R7/8/2P5/PP4rP/K2R4 b - - 0 26,52,T2025-09_1521,c8c3,0,102,c8c6,0.003,0.0032,0.003,0.0033,d8a5,d8a5,d8a5,d8a5,215.0,0.0033,0.0003,True,elite,03_elite_top,2659,2807,2807,False,True,5,0.5265,0.0899
r1b2rk1/2pq3p/1b6/2p2p2/P2p1Qp1/3P4/3B1PPP/RN2R1K1 b - - 1 22,44,T2025-09_1525,c8a6,129,8,d7d6,0.0334,0.0291,0.0286,0.0449,a8a4,a8a4,a8a4,a8a4,562.0,0.0449,0.0115,True,elite,03_elite_top,2606,2853,2853,False,True,2,0.5314,0.0177
3qr3/1p1r1p1k/p1bpp1np/P4P1Q/1P3P1P/2N3P1/B1P5/R2R2K1 b - - 0 28,56,T2025-09_1526,g6f4,142,42,d8f6,0.0401,0.0307,0.0248,0.022,e6f5,e6f5,e6f5,e6f5,345.0,0.0401,-0.0181,True,elite,03_elite_top,2633,2861,2861,False,True,2,0.5124,0.0361
1rr5/4ppkp/p1np1np1/3N4/1P2PQ2/q1p2N1P/2P2PP1/3RR1K1 b - - 1 22,44,T2025-09_1528,f6g8,8,24,c8d8,0.0012,0.0015,0.0024,0.0051,c6b4,f6d5,f6d5,f6d5,178.0,0.0051,0.0039,True,elite,03_elite_top,2645,2818,2818,False,True,2,0.5649,0.0531
1n1q1rk1/1r2b1pp/p2pp3/1p1Np3/4P3/5N2/PPPQ1PPP/R4RK1 b - - 5 16,32,T2025-09_1530,d8d7,3,0,h7h6,0.0017,0.001,0.0008,0.0007,e6d5,e6d5,e6d5,e6d5,362.0,0.0017,-0.001,True,elite,03_elite_top,2642,2821,2821,False,True,2,0.4988,0.0244
2kr1b1r/p1pqn2p/1p2bp2/nP1pp1p1/Q3P3/1NPP1NP1/P4PBP/R1B2RK1 b - - 1 12,24,T2025-09_1532,a7a6,-84,21,d5e4,0.0084,0.0069,0.0045,0.0024,a5b3,a5b3,a5b3,a5b3,201.0,0.0084,-0.006,True,elite,03_elite_top,2707,2806,2806,False,True,2,0.6522,0.0731
2kr1b1r/p1pqn2p/1pN1bp2/1P2p1p1/Q7/2PP1pP1/P4PBP/R1B2RK1 b - - 1 14,28,T2025-09_1532,a7a5,146,360,d7d5,0.0019,0.0011,0.0008,0.0007,e7c6,e7c6,e7c6,e7c6,436.0,0.0019,-0.0012,True,elite,03_elite_top,2707,2806,2806,False,True,6,0.5481,0.0777
2brr3/k1p5/1pP5/p2P2pp/P2QPp2/6P1/3K3P/1R6 b - - 0 30,60,T2025-09_1532,e8e7,-303,31,f4g3,0.0072,0.0069,0.0077,0.0124,f4g3,f4g3,f4g3,f4g3,188.0,0.0124,0.0052,True,elite,03_elite_top,2707,2806,2806,False,True,6,0.6246,0.0827
2brr3/k1p5/1pP5/p2P2p1/P2QP2P/8/3K4/1R6 b - - 0 32,64,T2025-09_1532,c8b7,-397,33,g5h4,0.0,0.0,0.0,0.0,g5h4,g5h4,g5h4,g5h4,120.0,0.0,0.0,True,elite,03_elite_top,2707,2806,2806,False,True,6,0.6175,0.0639
1kr5/2r2pp1/ppn1p2p/3nP3/P2P2PP/5P2/2RBNK2/2R5 b - - 1 26,52,T2025-09_1534,c6e5,264,184,b8b7,0.0002,0.0002,0.0002,0.0003,b8b7,b8b7,b8b7,b8b7,214.0,0.0003,0.0001,True,elite,03_elite_top,2774,2862,2862,False,True,5,0.4543,0.0129
2b2r2/6pk/p1pp1r1p/7q/2P2P1n/1PN3QP/1P3BP1/R3R1K1 b - - 3 34,68,T2025-09_1537,h4g2,412,163,h4g2,0.0099,0.0117,0.0136,0.0131,f6f4,f6f4,f6f4,f6f4,134.0,0.0136,0.0032,True,elite,03_elite_top,2535,3066,3066,True,False,0,0.5319,0.0473
7r/pp2kp2/2pqb3/3PN1p1/4p3/P1Q1P1P1/1P4P1/1K1R4 b - - 0 24,48,T2025-09_1540,h8c8,-121,162,e6d5,0.003,0.0021,0.0015,0.0014,c6d5,c6d5,c6d5,c6d5,221.0,0.003,-0.0016,True,elite,03_elite_top,2738,2866,2866,False,True,5,0.5166,0.0055
7Q/pp3k2/2pq4/3b2p1/4p3/P3P1P1/1P4P1/1K1R4 b - - 0 26,52,T2025-09_1540,d5a2,-364,30,d5a2,0.0269,0.0148,0.0095,0.0079,d6g3,d6g3,d6g3,d6g3,336.0,0.0269,-0.019,True,elite,03_elite_top,2738,2866,2866,True,False,5,0.417,0.0436
R7/8/2p5/pp1bk1p1/4p3/P1P1P1P1/6P1/2K5 b - - 1 34,68,T2025-09_1540,e5f5,-207,122,e5f5,0.0141,0.0075,0.0046,0.0058,a5a4,a5a4,a5a4,a5a4,156.0,0.0141,-0.0083,True,elite,03_elite_top,2738,2866,2866,True,False,5,0.4759,0.1609
6k1/2q2ppp/8/3pP3/1b6/4P2P/5PP1/Q5K1 b - - 1 34,68,T2025-09_1542,c7c6,378,2,c7a5,0.0038,0.0029,0.0032,0.0044,h7h6,h7h6,h7h6,h7h6,138.0,0.0044,0.0006,True,elite,03_elite_top,2669,3034,3034,False,True,4,0.6431,0.1868
r1r3k1/3n1ppp/1p2p3/4P3/P1p2P2/2P3P1/1P1N3P/R3R1K1 b - - 0 24,48,T2025-09_1543,a8a5,-161,24,d7c5,0.0199,0.0238,0.0312,0.0414,d7c5,d7c5,d7c5,d7c5,147.0,0.0414,0.0215,True,elite,03_elite_top,2630,2865,2865,False,True,5,0.6989,0.1564
r2r2k1/5ppp/p1pb4/1p1n4/P2BQ1b1/1BP3Pq/1P1N1P1P/R3R1K1 b - - 2 20,40,T2025-09_1544,a8c8,-21,8,a8c8,0.0049,0.0042,0.0045,0.0067,d8e8,d5f6,d5f6,f7f5,261.0,0.0067,0.0018,True,elite,03_elite_top,2690,3062,3062,True,False,2,0.5698,0.0888
2r5/6k1/p5pp/1pp1pn2/3PB1q1/N2P3R/PP2p3/1K5Q b - - 0 30,60,T2025-09_1549,g4h3,818,140,g4h3,0.0014,0.0013,0.0012,0.0015,c5d4,c5d4,c5d4,c5d4,365.0,0.0015,0.0001,True,elite,03_elite_top,2653,2809,2809,True,False,4,0.651,0.0612
6rk/p4r1p/1p1qbPp1/2p1p1QP/3pP3/1P1B2R1/P5P1/5RK1 b - - 2 32,64,T2025-09_1554,a7a6,-139,30,f7f8,0.0327,0.0288,0.03,0.0353,d6f8,d6f8,d6f8,d6f8,285.0,0.0353,0.0026,True,elite,03_elite_top,2699,2844,2844,False,True,2,0.5755,0.0092
2kr1bnr/pp3ppb/2n1p3/1NppP1Pp/1P1P4/2P2P1q/P3K1NP/R1BQ1B1R b - - 0 16,32,T2025-09_1558,c5c4,0,0,c5c4,0.0362,0.0256,0.0202,0.0151,h3f5,h3f5,h3f5,h3f5,356.0,0.0362,-0.0211,True,elite,03_elite_top,2344,2827,2827,True,False,6,0.5414,0.0224
2kr1b1r/pp2nppb/2n1p3/1N1pP1Pp/QPpP4/2P2P1q/P4KNP/R1B2B1R b - - 3 18,36,T2025-09_1558,f7f6,-4,28,c8b8,0.032,0.02,0.0124,0.0084,a7a6,a7a6,a7a6,a7a6,110.0,0.032,-0.0236,True,elite,03_elite_top,2344,2827,2827,False,True,2,0.5646,0.0283
1k1r1b1r/pp3Npb/2n1p3/3pPnPp/QPpP4/2P2P1q/P4KNP/R1B2B1R b - - 0 20,40,T2025-09_1558,f8b4,81,77,f8b4,0.02,0.0226,0.0256,0.031,f5d4,f5d4,f5d4,f5d4,225.0,0.031,0.011,True,elite,03_elite_top,2344,2827,2827,True,False,6,0.588,0.1244
1k3r2/pp4p1/2n1p3/1P1pP1Pp/2pn4/5q2/P1b3NP/R1B1QBKR b - - 0 26,52,T2025-09_1558,f3g4,672,204,f3g4,0.0126,0.0123,0.011,0.0116,c6e5,c6e5,c6e5,c6e5,902.0,0.0126,-0.001,True,elite,03_elite_top,2344,2827,2827,True,False,7,0.582,0.0476
1k3r2/pp4p1/2n1p3/1P1pP1Pp/2p3q1/B4n2/P1b2KNP/R3QB1R b - - 4 28,56,T2025-09_1558,f3g5,1987,1427,f3g5,0.0079,0.0077,0.0077,0.0083,f3e1,f3e1,f3e1,f3e1,1350.0,0.0083,0.0004,True,elite,03_elite_top,2344,2827,2827,True,False,4,0.82,0.3989
2R5/p2r3p/2p1k1p1/2b1p3/4P3/5K2/PB4PP/8 b - - 2 34,68,T2025-09_1565,d7f7,317,79,e6d6,0.0452,0.039,0.0332,0.0323,e6d6,e6d6,e6d6,e6d6,115.0,0.0452,-0.0129,True,elite,03_elite_top,2737,2827,2827,False,True,0,0.5621,0.132
rnb1kb1r/1p3p1p/p2p1p2/4pP2/4P3/qNN5/P1PQ2PP/1R2KB1R b Kkq - 1 12,24,T2025-09_1567,b8d7,-78,19,b8d7,0.0223,0.0246,0.0286,0.0321,b8c6,b8c6,b8c6,b8c6,171.0,0.0321,0.0098,True,elite,03_elite_top,2383,2834,2834,True,False,2,0.636,0.086
1rb1kb1r/1p1n1p1p/p2p1p2/3NpP2/4P3/qN6/P1PQB1PP/1R2K2R b Kk - 5 14,28,T2025-09_1567,b7b6,-76,12,b7b6,0.0099,0.0094,0.0085,0.0071,a3a2,a3a2,a3a2,a3a2,388.0,0.0099,-0.0028,True,elite,03_elite_top,2383,2834,2834,True,False,2,0.6004,0.0928
1r2kb1r/1b1n1p1p/pp1p1p2/3NpP1B/4P3/qN6/P1PQ2PP/1R3RK1 b k - 3 16,32,T2025-09_1567,b8c8,-62,4,b8c8,0.0363,0.0359,0.0358,0.0418,b7d5,b7d5,b7d5,b7d5,170.0,0.0418,0.0055,True,elite,03_elite_top,2383,2834,2834,True,False,2,0.6073,0.1297
3bkr2/3n1p1p/p2p1p2/1p1PpP2/q3P3/3N4/P3B1PP/1R3QK1 b - - 3 24,48,T2025-09_1567,d8a5,300,32,d8a5,0.0034,0.003,0.0033,0.005,a4a2,a4e4,a4e4,a4e4,154.0,0.005,0.0016,True,elite,03_elite_top,2383,2834,2834,True,False,0,0.6424,0.1501
r3r1k1/pp3p1p/3p1bp1/2pP1B1P/7q/2P5/P2QN1P1/1R3RK1 b - - 0 20,40,T2025-09_1569,f6g5,323,115,f6g5,0.0415,0.0412,0.0349,0.0245,g6f5,g6f5,g6f5,g6f5,100.0,0.0415,-0.017,True,elite,03_elite_top,2641,2808,2808,True,False,7,0.6764,0.0755
1r3rk1/3b1pbp/pqp1pp2/3p3Q/4P3/1B2R3/PPPR1PPP/2KN4 b - - 5 16,32,T2025-09_1572,b6c7,-69,1,b6c7,0.0143,0.0165,0.0172,0.0144,a6a5,a6a5,a6a5,a6a5,336.0,0.0172,0.0001,True,elite,03_elite_top,2375,2832,2832,True,False,2,0.578,0.0713
r1bqk1nr/1p1p1pbp/p3p1p1/2p1P3/3n1P2/2NB1N2/PPPP2PP/R1BQ1RK1 b kq - 1 8,16,T2025-09_1577,f7f5,43,25,d7d6,0.005,0.0021,0.0013,0.0016,g8e7,g8e7,g8e7,g8e7,164.0,0.005,-0.0034,True,elite,03_elite_top,2796,2889,2889,False,True,3,0.7547,0.0804
r1bqk1nr/1p3pbp/p3p1p1/2p1P3/3nN3/3B1N2/PPPP2PP/R1BQ1RK1 b kq - 0 10,20,T2025-09_1577,f7f5,-59,98,g8h6,0.0215,0.0086,0.0037,0.0026,d4f3,d4f3,d4f3,d4f3,220.0,0.0215,-0.0189,True,elite,03_elite_top,2796,2889,2889,False,True,2,0.6274,0.0095
r4kr1/pp5n/2p1Rn1p/7P/3P2q1/5NP1/PPP1QP2/R5K1 b - - 0 20,40,T2025-09_1578,g8g7,113,9,g8g7,0.0177,0.0211,0.0259,0.0323,a8e8,a8e8,a8e8,a8e8,501.0,0.0323,0.0146,True,elite,03_elite_top,2646,2973,2973,True,False,5,0.5349,0.0125
r1b1kb1r/1p2pp1p/p1q1n1p1/2p1P3/8/N1Pp2Q1/PP1P1PPP/R1B1NRK1 b kq - 1 14,28,T2025-09_1579,h7h5,136,45,h7h5,0.0151,0.0093,0.0059,0.0084,c5c4,c5c4,c5c4,c5c4,154.0,0.0151,-0.0067,True,elite,03_elite_top,2621,2908,2908,True,False,2,0.6239,0.0899
r3b1rk/1p1n3p/2pnp3/p2pNp2/2PP1P1q/1P2P3/P1Q1N1BP/2R3RK b - - 4 24,48,T2025-09_1581,a5a4,32,14,d7f6,0.0024,0.0012,0.0009,0.0016,e8h5,d6e4,d6e4,d6e4,111.0,0.0024,-0.0008,True,elite,03_elite_top,2596,2874,2874,False,True,2,0.6034,0.0977
r5rk/1p5p/2pnpn2/p2pNp1B/2PP1P1q/1P2P3/P1Q1N2P/2R3RK b - - 0 26,52,T2025-09_1581,f6e4,149,186,h4h5,0.0099,0.0075,0.0073,0.0086,h4h5,h4h5,h4h5,h4h5,188.0,0.0099,-0.0013,True,elite,03_elite_top,2596,2874,2874,False,True,7,0.5028,0.0043
1rbq1rk1/2pn1ppp/p1Qp4/2b1p3/2P1P3/1N1P1N2/PP3PPP/R1B2RK1 b - - 0 12,24,T2025-09_1585,b8b4,87,28,b8b4,0.0032,0.0018,0.0013,0.0015,c8b7,c8b7,c8b7,c8b7,130.0,0.0032,-0.0017,True,elite,03_elite_top,2631,3063,3063,True,False,2,0.5907,0.0979
r4k2/pb4pB/1p3p2/n2nq3/8/P3PQ2/1P3PPP/R3K2R b KQ - 0 18,36,T2025-09_1586,d5e7,249,0,d5e7,0.0358,0.0394,0.041,0.0427,e5b2,e5b2,e5b2,e5b2,169.0,0.0427,0.0069,True,elite,03_elite_top,2602,2875,2875,True,False,0,0.5328,0.1347
r4k2/pb2n1pB/1p3p2/nq6/8/P3P1Q1/1P3PPP/3RK2R b K - 4 20,40,T2025-09_1586,f6f5,275,155,f6f5,0.0042,0.003,0.0023,0.0023,b5b2,b5b2,b5b2,b5b2,201.0,0.0042,-0.0019,True,elite,03_elite_top,2602,2875,2875,True,False,0,0.5425,0.1582
r4k2/pb2n1pB/1p6/1q3p2/1P2P3/Pn4Q1/5PPP/3RK2R b K - 0 22,44,T2025-09_1586,b7a6,427,209,b7a6,0.0274,0.0259,0.024,0.0261,b7e4,b7e4,b7e4,b7e4,187.0,0.0274,-0.0013,True,elite,03_elite_top,2602,2875,2875,True,False,0,0.497,0.147
5rk1/R1p5/1pP5/1P1pqpp1/7P/4pP1Q/2Pn3P/4R1K1 b - - 0 32,64,T2025-09_1587,e5f4,431,1,e5f4,0.0212,0.0242,0.0283,0.0365,g5h4,g5h4,g5h4,g5h4,631.0,0.0365,0.0153,True,elite,03_elite_top,2712,2823,2823,True,False,0,0.6098,0.1766
2r2rk1/1p1q1ppp/p3p3/8/1Q1P1B2/1NnbP3/P4PPP/R3K2R b - - 1 20,40,T2025-09_1588,e6e5,539,92,d7d5,0.0043,0.0026,0.0018,0.002,c3d5,c3d5,c3d5,c3d5,161.0,0.0043,-0.0023,True,elite,03_elite_top,2690,2806,2806,False,True,4,0.7026,0.089
4k3/ppp1rrb1/3p2p1/3P1p2/3P2p1/1PR1P1PP/P2B2K1/2R5 b - - 0 26,52,T2025-09_1593,g7d4,237,195,g4h3,0.0053,0.0032,0.0026,0.0027,g4h3,g4h3,g4h3,g4h3,189.0,0.0053,-0.0026,True,elite,03_elite_top,2585,2818,2818,False,True,0,0.5238,0.0314
q4r1k/7p/4ppp1/p6b/5P2/2P1P1QP/3p1P1K/R5R1 b - - 0 30,60,T2025-09_1599,a8c6,330,17,a8c6,0.0141,0.0159,0.0174,0.0229,d2d1q,f8d8,f8d8,f8d8,128.0,0.0229,0.0088,True,elite,03_elite_top,2592,2838,2838,True,False,0,0.6971,0.1747
2r2rk1/1p4bp/p2pp1p1/q1n2P2/P1P5/1P2B2P/N3NPP1/1Q2R1K1 b - - 0 24,48,T2025-09_1600,c5b3,199,147,c5e4,0.003,0.0019,0.0015,0.0012,e6f5,e6f5,e6f5,e6f5,219.0,0.003,-0.0018,True,elite,03_elite_top,2784,2872,2872,False,True,2,0.4696,0.0425
4rrk1/1p4bp/p2pP1p1/4q3/P1P1nNP1/1P5P/N4P2/1QB1R1K1 b - - 2 28,56,T2025-09_1600,e4c3,-165,94,f8f4,0.0457,0.0396,0.0364,0.0329,f8f4,f8f4,f8f4,f8f4,118.0,0.0457,-0.0128,True,elite,03_elite_top,2784,2872,2872,False,True,6,0.5309,0.1179
4r1k1/1p5p/p2pP1pq/4b3/PNP1R1P1/1P1Q3P/5P2/6K1 b - - 4 32,64,T2025-09_1600,g6g5,-364,82,e8e6,0.0068,0.0043,0.0033,0.003,e8e6,e8e6,e8e6,e8e6,120.0,0.0068,-0.0038,True,elite,03_elite_top,2784,2872,2872,False,True,6,0.6765,0.0586
1rr3k1/4ppbp/p1bp1np1/q3n3/8/1PN1P3/PBNQBPPP/2RR2K1 b - - 4 18,36,T2025-09_1602,e5d7,-10,3,c6a8,0.0317,0.0394,0.0375,0.027,f6e4,f6e4,f6e4,f6e4,324.0,0.0394,-0.0047,True,elite,03_elite_top,2634,2865,2865,False,True,2,0.6046,0.0812
5rk1/1p1b2p1/pB1p1n1p/P2Pp1qP/2r1PpP1/1PN2P2/3Q2K1/6RR b - - 0 26,52,T2025-09_1606,c4e4,217,148,c4c3,0.004,0.0029,0.0022,0.0021,c4b4,c4c8,c4c8,c4c8,258.0,0.004,-0.0019,True,elite,03_elite_top,2766,3030,3030,False,True,0,0.5173,0.0159
2r3k1/1p1b2p1/pB1p1n1p/P2Pp1qP/4PpP1/1P3P2/3Q2K1/6RR b - - 2 28,56,T2025-09_1606,f6e4,417,499,f6e4,0.0315,0.0301,0.032,0.0354,d7b5,d7b5,d7b5,d7b5,618.0,0.0354,0.0039,True,elite,03_elite_top,2766,3030,3030,True,False,0,0.4962,0.0514
r3k2r/1R1nbpp1/p2pbn1p/8/3NP3/q1NBB3/P1PQ2PP/4K2R b Kkq - 1 14,28,T2025-09_1607,f6g4,57,44,f6g4,0.0219,0.0198,0.022,0.0286,e6a2,e8g8,e8g8,d7c5,167.0,0.0286,0.0067,True,elite,03_elite_top,2642,2870,2870,True,False,2,0.5648,0.0198
5r1k/3qr1p1/1ppb1pQp/3p1P1P/P3P3/5P2/P5R1/2BR3K b - - 0 30,60,T2025-09_1608,d7c7,185,1,d7c7,0.0183,0.0195,0.0205,0.0222,d5e4,d5e4,d5e4,d5e4,196.0,0.0222,0.0039,True,elite,03_elite_top,2627,2958,2958,True,False,0,0.602,0.1434
1r1qkb1r/1bpn1ppp/p3pn2/1p6/3P1B2/2NQ1NP1/PP2PPBP/R3K2R b KQk - 3 10,20,T2025-09_1609,b8c8,12,5,b8c8,0.0141,0.0123,0.0136,0.0123,f8b4,f8e7,f8e7,c7c5,205.0,0.0141,-0.0018,True,elite,03_elite_top,2798,3048,3048,True,False,3,0.7546,0.2588
1rn3k1/1pR2pb1/3r2pp/R2bp3/1P6/4BN1P/4BPP1/6K1 b - - 2 24,48,T2025-09_1610,g7f6,34,7,g7f6,0.0092,0.0075,0.0073,0.0144,b7b6,b7b6,d5c6,d5c6,115.0,0.0144,0.0052,True,elite,03_elite_top,2548,2818,2818,True,False,2,0.5262,0.0428
2kr3r/pp3p1p/2n1p2Q/1B1pP3/8/P1q3N1/5PP1/1R3K2 b - - 1 22,44,T2025-09_1612,c8b8,456,64,c3e5,0.0077,0.0121,0.0133,0.0121,c3e5,c3e5,c3e5,c3e5,128.0,0.0133,0.0044,True,elite,03_elite_top,2541,2870,2870,False,True,4,0.7561,0.1537
r4rk1/4bp2/6p1/qp1Pp1Pn/2p4Q/2P1BP1P/1P6/2KR1BR1 b - - 0 24,48,T2025-09_1613,e7a3,521,96,e7a3,0.0193,0.0239,0.0251,0.0229,a5a1,a5a1,a5a1,b5b4,155.0,0.0251,0.0036,True,elite,03_elite_top,2604,2851,2851,True,False,4,0.6784,0.0423
r2q1rk1/ppp1npbp/3p2p1/2PPp3/1PB1Pnb1/2N2N1P/P4PP1/R1BQ1RK1 b - - 0 12,24,T2025-09_1615,g4h5,-45,37,g4h5,0.0492,0.0313,0.02,0.0093,g4f3,g4f3,g4d7,g4d7,123.0,0.0492,-0.0399,True,elite,03_elite_top,2685,2909,2909,True,False,2,0.6462,0.0053
3r3k/7p/1R1p1r2/5n1P/4Bp2/5N2/P4PP1/5K2 b - - 0 30,60,T2025-09_1615,d8c8,52,4,d8c8,0.031,0.0294,0.0288,0.0283,d6d5,d6d5,d6d5,d6d5,246.0,0.031,-0.0027,True,elite,03_elite_top,2685,2909,2909,True,False,5,0.4625,0.1797
4qrk1/4bppp/pp2p3/8/P1NBn3/2r3P1/4QP1P/R2R2K1 b - - 1 26,52,T2025-09_1616,e8a8,121,95,e8a8,0.0255,0.0238,0.02,0.0138,c3c4,c3c4,c3c4,c3c4,110.0,0.0255,-0.0117,True,elite,03_elite_top,2602,2853,2853,True,False,0,0.5303,0.0704
4rrk1/pp1n1ppp/1q4b1/2pP4/2Pb1PP1/4B2P/PP2Q1B1/R2N1RK1 b - - 0 18,36,T2025-09_1619,e8e3,123,20,e8e3,0.023,0.0211,0.0196,0.0205,g6e4,g6e4,g6e4,g6e4,101.0,0.023,-0.0025,True,elite,03_elite_top,2763,2966,2966,True,False,2,0.6145,0.0171
4r1k1/pp1n1ppp/1q6/2pP4/2Pb1PP1/4N1RP/PP2Q1K1/R7 b - - 0 22,44,T2025-09_1619,e8e3,127,312,e8e3,0.01,0.0081,0.0076,0.0089,b6b2,d7f6,d7f6,b6b2,558.0,0.01,-0.0011,True,elite,03_elite_top,2763,2966,2966,True,False,0,0.4846,0.009
r2k1r2/2q3p1/3b1pQ1/p2npPPP/Ppb1B3/1N6/1PPB2K1/2R4R b - - 1 32,64,T2025-09_1621,d5b6,-199,18,f6g5,0.0135,0.0131,0.0137,0.0164,d5f4,d5f4,d5f4,d5f4,117.0,0.0164,0.0029,True,elite,03_elite_top,2660,2806,2806,False,True,2,0.5412,0.0162
r1bq1rk1/pp1p1pbp/4p1p1/4n3/4P1P1/2N1B3/PP2BP1Q/3R1RK1 b - - 4 16,32,T2025-09_1622,b7b5,59,10,g6g5,0.01,0.0043,0.0022,0.0016,b7b6,b7b6,b7b6,b7b6,113.0,0.01,-0.0084,True,elite,03_elite_top,2630,2970,2970,False,True,2,0.6347,0.1013
5r1k/4qn1p/3pB3/p4P2/3b1B2/7Q/1r4R1/6RK b - - 1 34,68,T2025-09_1622,a5a4,88,17,b2g2,0.0166,0.0071,0.0041,0.0036,d4g1,d4g1,d4g1,d4g1,2082.0,0.0166,-0.013,True,elite,03_elite_top,2630,2970,2970,False,True,0,0.6026,0.1972
r2k3r/1Rn4p/5n2/P1pp4/P7/2NP4/3K1PPP/R7 b - - 0 22,44,T2025-09_1625,f6d7,186,3,h8g8,0.0052,0.0045,0.0047,0.005,a8a5,a8a5,a8a5,a8a5,606.0,0.0052,-0.0002,True,elite,03_elite_top,2604,2846,2846,False,True,5,0.4732,0.0554
r2kn1r1/1R5p/5n2/PNpp4/P7/3P4/3K1PPP/4R3 b - - 4 24,48,T2025-09_1625,f6d7,182,123,f6d7,0.0187,0.0255,0.0358,0.0464,g8g2,g8g2,g8g2,a8a5,146.0,0.0464,0.0277,True,elite,03_elite_top,2604,2846,2846,True,False,5,0.5028,0.0047
2k1nr2/3n3p/2N1R3/1R1p4/r1pP1P2/8/3K2PP/8 b - - 0 30,60,T2025-09_1625,e8g7,310,22,e8g7,0.0203,0.0198,0.0222,0.0308,a4a2,a4a2,e8c7,e8c7,310.0,0.0308,0.0105,True,elite,03_elite_top,2604,2846,2846,True,False,4,0.5366,0.0189
5r2/2kn2np/8/1R1p4/rNpP1P2/8/3K2PP/4R3 b - - 4 32,64,T2025-09_1625,a4b4,404,96,a4b4,0.0055,0.0067,0.0067,0.0066,f8f4,f8f4,f8f4,f8f4,394.0,0.0067,0.0011,True,elite,03_elite_top,2604,2846,2846,True,False,0,0.5384,0.0842
2kr3r/pp1qbp1p/4p1p1/n2pP3/3P4/2P2R2/P4PPP/R1BQN1K1 b - - 1 16,32,T2025-09_1627,d7e8,31,25,d7e8,0.0133,0.0132,0.0139,0.0166,a5c4,a5c4,d8f8,d8f8,132.0,0.0166,0.0033,True,elite,03_elite_top,2790,2811,2811,True,False,2,0.6356,0.1695
k3r3/pp2rpQp/4p1p1/n1NpP3/3P4/2P2R2/q4PPP/5RK1 b - - 1 28,56,T2025-09_1627,a5c6,-205,22,a5c6,0.0187,0.0204,0.0229,0.0218,a5c4,a5c4,a5c4,a5c4,184.0,0.0229,0.0031,True,elite,03_elite_top,2790,2811,2811,True,False,0,0.5076,0.0501
k7/1p2r3/2n1p1p1/p1NpP3/3P4/2P4Q/1q3PPP/5RK1 b - - 1 32,64,T2025-09_1627,g6g5,-238,5,a8a7,0.0237,0.0177,0.013,0.008,b7b6,b7b6,c6d8,c6d8,111.0,0.0237,-0.0157,True,elite,03_elite_top,2790,2811,2811,False,True,5,0.5836,0.1171
2r2k2/2rpbpp1/pp2pn2/7p/P1P2P2/1PN1P2P/1B1R1P2/3R2K1 b - - 2 22,44,T2025-09_1628,d7d5,150,127,d7d5,0.0373,0.0305,0.0305,0.0252,f8e8,f8e8,f8e8,f8e8,173.0,0.0373,-0.0121,True,elite,03_elite_top,2549,2864,2864,True,False,2,0.609,0.1166
r2q1rk1/4ppbp/3p1np1/1bpP4/P7/5NPP/1P2PPB1/R1BQR1K1 b - - 0 14,28,T2025-09_1632,d8d7,-8,2,b5c4,0.0494,0.0473,0.0416,0.0376,b5c4,b5c4,b5d7,b5d7,172.0,0.0494,-0.0118,True,elite,03_elite_top,2610,2808,2808,False,True,2,0.6669,0.0328
r1bqk1nr/bpp2ppp/p2p4/4p3/1n1PP3/5NP1/PBP2PBP/RN1Q1RK1 b kq - 0 8,16,T2025-09_1636,f7f6,78,27,f7f6,0.0404,0.0373,0.0342,0.0333,e5d4,e5d4,e5d4,e5d4,105.0,0.0404,-0.0071,True,elite,03_elite_top,2729,2802,2802,True,False,3,0.7032,0.1234
2r1r3/p3p1kp/5pp1/N7/2p1R2P/1bR3P1/5P2/6K1 b - - 1 30,60,T2025-09_1640,c8b8,327,0,g7f7,0.025,0.0241,0.0239,0.0261,f6f5,f6f5,c8c5,c8c5,603.0,0.0261,0.0011,True,elite,03_elite_top,2655,2803,2803,False,True,0,0.6304,0.2465
3r1r1k/1b5p/3b2pP/2p3P1/1pB1pP2/pP2R3/P1P1N3/2KR4 b - - 5 30,60,T2025-09_1641,b7c8,78,15,b7c8,0.0173,0.0114,0.0086,0.0098,d6f4,d6f4,d6f4,d6f4,105.0,0.0173,-0.0075,True,elite,03_elite_top,2630,2911,2911,True,False,0,0.4785,0.047
3r1r1k/7p/3b2pP/2p3P1/1pB1RPb1/pP6/P1PRN3/2K5 b - - 0 32,64,T2025-09_1641,d6b8,136,52,d6b8,0.0096,0.009,0.0109,0.0188,g4e2,g4e2,g4e2,g4f3,177.0,0.0188,0.0092,True,elite,03_elite_top,2630,2911,2911,True,False,0,0.4298,0.0019
r1bqkb1r/pp1p1ppp/2n1p3/4P3/1n2Q3/2N3N1/PPP2PPP/R1B1KB1R b KQkq - 5 8,16,T2025-09_1642,f7f6,71,3,f7f5,0.0094,0.0049,0.0019,0.001,d7d5,d7d5,d8c7,d8c7,207.0,0.0094,-0.0084,True,elite,03_elite_top,2745,2807,2807,False,True,3,0.6974,0.2028
4r3/5p1k/1pq1p2p/2b2p2/p4P1P/3R2P1/1QR2P2/6K1 b - - 1 32,64,T2025-09_1645,e8c8,52,11,e8c8,0.0256,0.0261,0.0274,0.0339,a4a3,a4a3,a4a3,a4a3,146.0,0.0339,0.0083,True,elite,03_elite_top,2796,2807,2807,True,False,0,0.6027,0.2372
r1bqk2r/pp2ppbp/2np1np1/6NP/3P4/2NB4/PP3PP1/R1BQK2R b KQkq - 0 10,20,T2025-09_1648,h7h6,196,58,h7h6,0.0233,0.019,0.0177,0.0213,c6d4,c6d4,c6d4,c6d4,352.0,0.0233,-0.002,True,elite,03_elite_top,2631,2809,2809,True,False,3,0.6943,0.1144
2rr2k1/1p1bppbp/p2p1np1/q7/3NPP2/P1NQ3P/1PP2BP1/3RR1K1 b - - 0 16,32,T2025-09_1659,d7e8,-61,3,e7e5,0.0046,0.0067,0.011,0.0152,e7e5,e7e5,b7b5,b7b5,223.0,0.0152,0.0106,True,elite,03_elite_top,2780,2843,2843,False,True,2,0.6977,0.0558
3r2k1/1p1n3p/p1b1p1p1/8/4P3/PNP4P/2P2BP1/3R2K1 b - - 0 24,48,T2025-09_1659,d8c8,-52,40,c6e4,0.019,0.0279,0.0353,0.0423,c6e4,c6e4,c6e4,c6e4,181.0,0.0423,0.0233,True,elite,03_elite_top,2780,2843,2843,False,True,5,0.5993,0.1289
3r2k1/1p1n3p/pB2p1p1/8/8/PNP4P/2bR2P1/6K1 b - - 1 26,52,T2025-09_1659,d8f8,0,9,d8c8,0.0267,0.0201,0.0155,0.016,c2b3,c2b3,c2b3,c2b3,201.0,0.0267,-0.0107,True,elite,03_elite_top,2780,2843,2843,False,True,5,0.4258,0.0394
r2qrbk1/ppp2ppp/5n2/3Pnb2/1P2N3/P2PP1P1/2Q1NPBP/R1B1K2R b KQ - 0 12,24,T2025-09_1667,e5d3,22,30,e5d3,0.0073,0.0128,0.0219,0.0211,d8d5,d8d5,d8d5,f6d5,135.0,0.0219,0.0138,True,elite,03_elite_top,2762,2979,2979,True,False,3,0.5842,0.0082
r2qr1k1/1pp3p1/1b1n1pp1/3P4/pP2P3/P1Q2PP1/1B4BP/1R3K1R b - - 1 24,48,T2025-09_1667,c7c6,102,51,d8d7,0.0293,0.0175,0.0087,0.0045,d6b5,d6b5,d6b5,d6b5,236.0,0.0293,-0.0248,True,elite,03_elite_top,2762,2979,2979,False,True,2,0.5468,0.0367
