fen,ply,game_id,engine_best,best_cp,engine_margin,played_move,p_engine_move_1100,p_engine_move_1400,p_engine_move_1700,p_engine_move_2000,human_top_1100,human_top_1400,human_top_1700,human_top_2000,human_cost_cp,p_max,p_slope,machine_unique,source,batch,white_elo,black_elo,mover_elo,real_found,hard_core
r4rk1/1p1bq1p1/p1n2n1p/2Ppp3/7N/P1PB4/1P1N1PPP/2RQR1K1 b - - 1 16,32,5hd19YaA,f6g4,127,83,e5e4,0.0467,0.0403,0.0327,0.029,e5e4,e5e4,e5e4,e5e4,270.0,0.0467,-0.0177,True,club,03_disagreements,1952,1979,1979,False,True
r1bq1rk1/ppp2p2/2n1p2R/3p4/1bPP2p1/2NBPNP1/PP3PP1/2RQK3 b - - 0 12,24,ZmIK0RUK,d5c4,-247,10,g4f3,0.0107,0.0069,0.0094,0.022,g4f3,g4f3,g4f3,g4f3,129.0,0.022,0.0113,True,club,03_disagreements,2951,2616,2616,False,True
r4rk1/5p2/5qp1/7p/1p2R2P/3Q1P2/1PP2bR1/1NK5 b - - 1 26,52,6SE2GH52,f8d8,434,33,f2h4,0.0088,0.0074,0.0081,0.0113,f2h4,f2h4,f2h4,f2h4,269.0,0.0113,0.0025,True,club,03_disagreements,2123,2061,2061,False,True
2k3rr/p1qn1p2/4p3/2p1P1Pp/2PpR3/P6Q/2PB2PP/1R5K b - - 0 24,48,dJVtH2o5,h5h4,-269,34,c7c6,0.0332,0.0216,0.015,0.0146,d7e5,d7e5,d7e5,d7e5,313.0,0.0332,-0.0186,True,club,03_disagreements,2157,2101,2101,False,True
2kr3r/1pp2ppp/2n1p3/8/1b2N3/1BPPP1PP/1P6/2KR3R b - - 0 20,40,DbNLygqd,b4f8,-114,0,b4e7,0.0073,0.0057,0.004,0.0042,b4a5,b4a5,b4a5,b4e7,130.0,0.0073,-0.0031,True,club,03_disagreements,1940,1954,1954,False,True
1k1r3r/1pp1bppp/2n1p3/8/3PN3/1BP1P1PP/RPK5/7R b - - 4 24,48,DbNLygqd,b7b5,-105,39,b7b6,0.0112,0.0058,0.0036,0.0024,f7f5,f7f5,f7f5,f7f5,248.0,0.0112,-0.0088,True,club,03_disagreements,1940,1954,1954,False,True
r2q1rk1/p4p1p/6pQ/1ppnPb2/3p1P2/1P1P2PP/P1P5/R1B2RK1 b - - 0 20,40,qN5vDDhz,f8e8,375,12,d5e7,0.0142,0.0143,0.0135,0.0181,d5e3,d5e3,d8d7,d8d7,140.0,0.0181,0.0039,True,club,03_disagreements,1986,2075,2075,False,True
3r2k1/5p2/1R4np/2p3pq/4P3/4QPR1/1P3P1P/7K b - - 0 32,64,OMBhQLoH,c5c4,-296,6,d8d1,0.0292,0.017,0.0128,0.0135,d8d1,d8d1,g6f4,g6f4,413.0,0.0292,-0.0157,True,club,03_disagreements,2044,2077,2077,False,True
2r1kr2/pp4pp/2n1P1n1/2b5/Bqp5/2N5/PP2Q1PP/1RB2R1K b - - 8 22,44,ovr0cZUd,c5d4,-280,75,f8f1,0.0481,0.0319,0.0219,0.0177,f8f1,f8f1,f8f1,f8f1,237.0,0.0481,-0.0304,True,club,03_disagreements,1892,1889,1889,False,True
8/p5p1/1p3k1p/8/P2RPP1P/6P1/4r3/6K1 b - - 0 34,68,KMD4FowC,h6h5,-129,60,e2e3,0.0174,0.0204,0.0305,0.0497,e2e3,e2e3,e2e3,e2e3,183.0,0.0497,0.0323,True,club,03_disagreements,2260,2002,2002,False,True
r2q1r1k/pp1b3p/1n2pb2/4B3/2PP1N2/1P2Q2P/P1R5/4KNR1 b - - 2 24,48,Hkk7cbBb,d7e8,-511,127,d8e7,0.0179,0.0174,0.0171,0.017,f6e5,f6e5,f6e5,f6e5,1475.0,0.0179,-0.0009,True,club,03_disagreements,1996,2031,2031,False,True
1r6/1p1q1pk1/pR1p2pp/3Ppn2/2P1n3/5N2/PQ3PPP/1R4K1 b - - 3 26,52,KEezw1Yx,d7e7,-195,38,e4c5,0.0143,0.0106,0.0084,0.0092,e4c5,e4c5,e4c5,e4c5,244.0,0.0143,-0.0051,True,club,03_disagreements,2097,2095,2095,False,True
rn1q4/pp1b1kp1/2pP1p2/4Q1B1/7N/2P5/PPP3PP/R4RK1 b - - 0 24,48,3Y7KRrw3,d7e8,-817,18,d8b6,0.0037,0.0039,0.0046,0.0045,d8b6,d8b6,d8b6,d7e6,250.0,0.0046,0.0008,True,club,03_disagreements,1827,1907,1907,False,True
r3r1k1/1ppq4/pb1pN2p/3P2p1/3Pn3/1Q3N1P/P2B1PP1/R5K1 b - - 1 20,40,wGhEsRRL,d7b5,204,86,d7f7,0.0192,0.0215,0.0256,0.0307,e4d2,e4d2,e4d2,e4d2,239.0,0.0307,0.0115,True,club,03_disagreements,2028,1946,1946,False,True
2r1k2r/pR1nNpp1/4p1p1/6P1/3P4/5Q1P/P1q2P2/2B1R1K1 b k - 0 20,40,KMkj8gty,c8c3,-417,72,e8e7,0.0479,0.036,0.0256,0.0224,e8e7,e8e7,e8e7,e8e7,655.0,0.0479,-0.0255,True,club,03_disagreements,2166,2106,2106,False,True
rn3r2/pp2p1kp/2p3p1/3pPq2/3P3P/3Q1P2/PPP1K3/RN5R b - - 2 16,32,TNsrzgx8,c6c5,146,24,f5d3,0.0126,0.0106,0.013,0.0145,f5d3,f5d3,f5d3,f5f4,112.0,0.0145,0.0019,True,club,03_disagreements,1919,1937,1937,False,True
r1b4r/pp3kp1/2p5/1n1pBP2/6P1/3P2K1/PPP5/RN6 b - - 4 26,52,ss7tWtvS,c8f5,413,59,h8h1,0.0091,0.0064,0.0049,0.0045,h8h1,c8d7,c8d7,c8d7,103.0,0.0091,-0.0046,True,club,03_disagreements,1876,1863,1863,False,True
2kr4/ppb2R2/8/2p4p/1q4pP/2N1P3/PP1R1PP1/3Q2K1 b - - 0 34,68,4X0qke7z,c7h2,-812,13,g4g3,0.0059,0.0047,0.0036,0.0029,d8d2,d8d2,d8d2,d8d2,152.0,0.0059,-0.003,True,club,03_disagreements,1982,1878,1878,False,True
r1b1k2r/ppp2ppp/2n1p3/2Np4/8/3B4/PPPN2PP/R4K1R b kq - 1 14,28,WfaSyiJE,e8e7,-23,12,e8g8,0.0017,0.0027,0.0074,0.0343,b7b6,b7b6,b7b6,b7b6,102.0,0.0343,0.0326,True,club,03_disagreements,2161,2032,2032,False,True
r1b2rk1/5ppp/2p5/p3P3/Pp3N1Q/1B2q2P/1PP3P1/5R1K b - - 2 24,48,jkthL8ab,a8a7,149,51,c8a6,0.005,0.0062,0.0065,0.0076,e3e5,e3e5,e3e5,e3e5,199.0,0.0076,0.0026,True,club,03_disagreements,1874,1962,1962,False,True
r4rk1/5ppp/b1p1P3/p7/Pp3N1Q/1B5P/1PPq2P1/4R2K b - - 0 26,52,jkthL8ab,a8a7,-465,32,g7g6,0.0099,0.016,0.0205,0.0245,f7e6,f7e6,f7e6,f7e6,520.0,0.0245,0.0146,True,club,03_disagreements,1874,1962,1962,False,True
1r1r4/p5bk/8/2p3qp/2NpPpP1/1PPR4/P4Q1P/3R2K1 b - - 0 30,60,bKScTyX2,d4c3,263,90,h5g4,0.0033,0.0018,0.0016,0.0026,g5g4,g5g4,g5g4,g5g4,228.0,0.0033,-0.0007,True,club,03_disagreements,1970,1963,1963,False,True
2r3k1/pp1qRppp/n7/Q2b2B1/3P4/6P1/PP3P1P/6K1 b - - 1 22,44,U67JkNqw,d7e7,558,107,d7c6,0.0133,0.0084,0.0051,0.0045,d7c6,d7c6,d7c6,d7c6,109.0,0.0133,-0.0088,True,club,03_disagreements,1912,1898,1898,False,True
r1b1kbnr/ppQp2pp/3n4/4qP2/4p3/8/PPPPNPPP/RNB2RK1 b kq - 0 10,20,50ivql8o,b7b6,308,18,g8f6,0.0046,0.0059,0.0064,0.005,d6f5,d6f5,d6f5,d6f5,918.0,0.0064,0.0004,True,club,03_disagreements,1895,1879,1879,False,True
r1b1k1n1/pppp1p2/8/3P4/5pp1/2P5/PP4P1/RNB1K3 b Qq - 0 16,32,SRiomDPO,g8e7,255,93,f4f3,0.0088,0.0083,0.0057,0.0044,f4f3,f4f3,f4f3,f4f3,137.0,0.0088,-0.0044,True,club,03_disagreements,1802,1878,1878,False,True
2kr4/ppp2p2/3p1n2/3P2K1/2P3b1/8/PP6/RNB5 b - - 4 22,44,SRiomDPO,f6d5,-54,97,d8e8,0.0033,0.0029,0.0031,0.0033,f6e4,f6e4,f6e4,f6e4,216.0,0.0033,0.0,True,club,03_disagreements,1802,1878,1878,False,True
8/1QR2pbk/6p1/1P1Np2p/P2nP2P/8/5PPK/4q3 b - - 6 34,68,wQo6NXYY,d4e2,1987,1987,e1f2,0.0484,0.0334,0.0232,0.0209,e1f2,e1f2,e1f2,e1f2,1987.0,0.0484,-0.0275,True,club,03_disagreements,1876,1873,1873,False,True
r4rk1/1b1p1p2/3N2p1/4N1Qp/4P2P/P7/1P3qP1/1K5R b - - 0 22,44,NoOt7opT,f8b8,406,130,a8b8,0.0073,0.0062,0.006,0.0076,b7e4,b7e4,b7e4,b7e4,714.0,0.0076,0.0003,True,club,03_disagreements,1974,1982,1982,False,True
r4qk1/2p1b1p1/1pN2p1p/pP1r4/2QP4/P3P2P/5PP1/R4RK1 b - - 3 26,52,eeFGKExL,g8h7,-540,2,a8d8,0.0258,0.0198,0.016,0.015,f8f7,f8f7,f8f7,f8f7,293.0,0.0258,-0.0108,True,club,03_disagreements,1875,1876,1876,False,True
r1r1b1k1/pp2qpp1/4p2p/2n1N3/2RN1P2/1P4Q1/P5PP/4R1K1 b - - 0 24,48,9EFUuGbC,c5a6,186,102,b7b5,0.0409,0.0399,0.0418,0.0384,c5d7,c5d7,c5d7,b7b5,128.0,0.0418,-0.0025,True,club,03_disagreements,1823,1938,1938,False,True
4r1k1/3Q2pp/4ppb1/p7/3P4/1P2PP1K/r6P/6R1 b - - 5 34,68,8SZ2oxr5,g6f7,-247,82,a2b2,0.0194,0.0236,0.0243,0.0219,g6f5,g6f5,g6f5,a2e2,395.0,0.0243,0.0025,True,club,03_disagreements,2059,2194,2194,False,True
rn2k2r/ppp1nppp/5q2/3P4/2B4b/2N4b/PPPPQ2N/R1B3RK b kq - 6 12,24,dJcUkGAg,f6f2,38,110,b8d7,0.0462,0.0286,0.0184,0.0123,e8g8,e8g8,e8g8,e8g8,115.0,0.0462,-0.0339,True,club,03_disagreements,1993,1942,1942,False,True
r2r2k1/1p4bp/2pNpnp1/p1P5/2NpP3/P6P/1P3PP1/R3K2R b KQ - 1 20,40,n0Sg3gMb,a5a4,0,0,b7b5,0.0384,0.0294,0.0232,0.0213,g7f8,g7f8,g7f8,g7f8,202.0,0.0384,-0.0171,True,club,03_disagreements,2228,2102,2102,False,True
2r3k1/1r5p/1P2p1p1/2b1N3/2Np1PPn/P6P/1P6/1K1R3R b - - 4 30,60,n0Sg3gMb,c8a8,-377,18,c5b6,0.0078,0.0065,0.0046,0.0038,h4g2,c5b6,c5b6,c5b6,106.0,0.0078,-0.004,True,club,03_disagreements,2228,2102,2102,False,True
5qk1/1p1Q3p/p2br1p1/3p4/P5R1/2PB3P/5PP1/6K1 b - - 2 30,60,LwGqOM2R,e6e7,638,638,e6e1,0.0208,0.0149,0.0128,0.0109,e6e1,e6e1,e6e1,e6e1,644.0,0.0208,-0.0099,True,club,03_disagreements,2034,2033,2033,False,True
r2qr1k1/1pp2pbp/p1n1bnp1/3p4/3P1B2/P1N1PN1P/1P2BPP1/2RQ1RK1 b - - 0 12,24,tokLHJ8O,g7f8,-99,0,d8d7,0.0048,0.0051,0.0047,0.0051,b7b5,b7b5,d8d7,d8d7,105.0,0.0051,0.0003,True,club,03_disagreements,1824,1841,1841,False,True
r3r1k1/pp3ppp/5q2/2b5/P4Nnn/3B3R/1PPB4/R2Q1K2 b - - 3 22,44,zADakUT5,f6d4,941,133,g4e3,0.0222,0.0197,0.0189,0.0239,g4e3,g4e3,g4e3,g4e3,261.0,0.0239,0.0017,True,club,03_disagreements,1949,1898,1898,False,True
8/1R6/p5pb/k2N4/4r1P1/8/PPP5/1K1R4 b - - 0 32,64,quD2llwO,h6f8,-765,28,e4g4,0.0119,0.0131,0.0135,0.017,e4g4,e4g4,e4g4,e4g4,205.0,0.017,0.0051,True,club,03_disagreements,1961,1880,1880,False,True
r1r5/1p1k1pp1/2q1p2p/P2pP3/5P2/8/3N2PP/QR5K b - - 0 24,48,owOZ8uBD,a8a5,535,141,c8c7,0.0113,0.0114,0.0113,0.0102,b7b6,c6c3,c6c3,c6c3,129.0,0.0114,-0.0011,True,club,03_disagreements,1873,1948,1948,False,True
r1b1k2r/p4ppp/2pqp3/1p5Q/2p1P2P/P1Nn2P1/1P3PB1/3R1RK1 b kq - 1 18,36,GFBX5Vxo,e6e5,285,54,e8g8,0.0423,0.0458,0.0454,0.0467,g7g6,e8g8,d6e5,d6e5,130.0,0.0467,0.0044,True,club,03_disagreements,2013,1981,1981,False,True
kr6/5p1p/4bp2/2p2P2/3pR1P1/qP1P3P/1NP5/1K1R4 b - - 0 30,60,8FPn7lBJ,b8b3,536,104,e6d5,0.0041,0.0037,0.0038,0.0049,e6b3,e6b3,e6b3,e6b3,155.0,0.0049,0.0008,True,club,03_disagreements,2026,2050,2050,False,True
2r1kb1r/Nppn1ppp/4p3/4P3/1PB3b1/3PQ1P1/P1PB3q/R3K1R1 b Qk - 0 18,36,kMr4oeWP,d7e5,424,159,c8a8,0.0097,0.004,0.0025,0.0021,c8a8,c8a8,c8a8,c8a8,190.0,0.0097,-0.0076,True,club,03_disagreements,1870,2001,2001,False,True
2r1kb1r/Nppn1ppp/4p3/4P3/1PB3b1/3PQ1P1/P1PB3q/R3K1R1 b Qk - 4 20,40,kMr4oeWP,d7e5,410,131,c8d8,0.0097,0.004,0.0025,0.0021,c8a8,c8a8,c8a8,c8a8,171.0,0.0097,-0.0076,True,club,03_disagreements,1870,2001,2001,False,True
r2q1rk1/p3b3/1p2R1bp/3p1pp1/3P4/1QP3N1/PP1B1PPP/R5K1 b - - 1 22,44,1HMEsCjM,d8d7,-92,36,g6f7,0.0102,0.005,0.0031,0.0028,f8f6,f8f6,g8g7,g8g7,202.0,0.0102,-0.0074,True,club,03_disagreements,1857,1847,1847,False,True
r4rk1/p3qb2/1p5R/3p2p1/3P1p2/1QP5/PP1B1PPP/4R1K1 b - - 1 26,52,1HMEsCjM,e7e1,-476,117,e7d7,0.0493,0.0343,0.0272,0.022,e7d7,e7d7,e7d7,e7d7,317.0,0.0493,-0.0273,True,club,03_disagreements,1857,1847,1847,False,True
8/1bp1nk2/1q2pp2/1P1p2p1/3P3p/r1PNPN1P/2Q2PP1/5RK1 b - - 8 24,48,7KZFSaU8,f7g7,-212,44,b6b5,0.0005,0.0007,0.0011,0.0018,b6b5,b6b5,b6b5,b6b5,158.0,0.0018,0.0013,True,club,03_disagreements,1916,1863,1863,False,True
8/1bp1nk2/q3pp2/2Np2p1/3P3p/r1P1PN1P/2Q2PP1/1R4K1 b - - 3 26,52,7KZFSaU8,e7f5,-504,65,a3a2,0.0007,0.0004,0.0002,0.0001,a6c6,a6a7,a6a7,a6a7,1488.0,0.0007,-0.0006,True,club,03_disagreements,1916,1863,1863,False,True
r1b3k1/1p1p1r1p/pq2n2Q/5p2/2B2P1P/8/PB3RP1/3R2K1 b - - 1 22,44,2nJ3npPd,a6a5,-742,8,b6c7,0.035,0.026,0.02,0.0169,b6b2,b6c5,b6c5,b6c5,1254.0,0.035,-0.0181,True,club,03_disagreements,1891,1990,1990,False,True
8/pppk4/4pp1p/3r4/8/K1Pn3R/5PPP/5R2 b - - 4 26,52,0mmS2wIJ,d3e5,-16,6,h6h5,0.0216,0.023,0.0237,0.0197,h6h5,h6h5,h6h5,h6h5,226.0,0.0237,-0.0019,True,club,03_disagreements,2193,2188,2188,False,True
7r/p2Nnpk1/1qp1p1p1/4P1B1/2p3P1/2Pb4/P2Q1PK1/R7 b - - 0 28,56,OJiE9v1e,e7d5,-575,40,b6d8,0.0248,0.023,0.0265,0.034,b6b7,b6b7,b6b7,b6b7,605.0,0.034,0.0092,True,club,03_disagreements,1837,1824,1824,False,True
3q2kB/p2Nnp2/2p1p1p1/4P3/2p3P1/2Pb4/P2Q1PK1/R7 b - - 0 30,60,OJiE9v1e,d3e4,-877,135,d8d7,0.025,0.0177,0.0105,0.0062,g8h8,g8h8,g8h8,g8h8,1121.0,0.025,-0.0188,True,club,03_disagreements,1837,1824,1824,False,True
r1b2rk1/ppp2ppp/2n5/2b1P3/5P2/5N2/PPP1K1PP/R1B2B1R b - - 4 10,20,8YNV2CAi,c6b4,0,64,c8g4,0.0295,0.0232,0.0259,0.0432,c8g4,c8g4,c8g4,c8g4,115.0,0.0432,0.0137,True,club,03_disagreements,1870,1911,1911,False,True
r3k2r/1b2b2p/p1nqNn2/8/Pp6/7Q/BPP2PPP/R1B1R1K1 b - - 4 20,40,oF60vL8I,h8g8,-477,69,a8d8,0.0497,0.0386,0.038,0.035,b7c8,b7c8,b7c8,b7c8,134.0,0.0497,-0.0147,True,club,03_disagreements,1962,1965,1965,False,True
3rk2r/1b2b2p/p2qNn2/4B3/Pp6/7Q/BPP2PPP/R3R1K1 b - - 0 22,44,oF60vL8I,f6e4,-821,9,d6c6,0.0016,0.0012,0.0009,0.0007,d6d2,d6d2,d6c6,d6c6,125.0,0.0016,-0.0009,True,club,03_disagreements,1962,1965,1965,False,True
5k1r/1b1Qb2p/p7/6q1/Pp6/6P1/BPP2P1P/3RR1K1 b - - 0 30,60,oF60vL8I,b7h1,-1044,41,b7f3,0.0025,0.0045,0.0066,0.0081,b7f3,b7f3,b7f3,b7f3,944.0,0.0081,0.0056,True,club,03_disagreements,1962,1965,1965,False,True
3rk2r/ppq1bpp1/1n2pn1p/2pP4/2P4P/2BQ1NN1/PP3PP1/1K1RR3 b k - 0 16,32,Q0T226Ot,f6g4,-221,2,e6d5,0.0404,0.0241,0.0127,0.0054,e6d5,e6d5,e6d5,e6d5,288.0,0.0404,-0.035,True,club,03_disagreements,1840,1829,1829,False,True
3rk2r/ppq1bpp1/1n3n1p/2p2N2/2p4P/2B2N2/PP2QPP1/1K1RR3 b k - 1 18,36,Q0T226Ot,f6g8,-477,1,b6d5,0.0071,0.0054,0.004,0.0035,d8d1,d8d1,d8d1,b6d5,119.0,0.0071,-0.0036,True,club,03_disagreements,1840,1829,1829,False,True
8/ppq1NkB1/5p1p/2pr4/2p3nP/5N2/PP2QPP1/1K2R3 b - - 0 24,48,Q0T226Ot,c7d6,-799,3,d5h5,0.0157,0.0142,0.0136,0.0147,f7g7,f7g7,f7g7,f7g7,237.0,0.0157,-0.001,True,club,03_disagreements,1840,1829,1829,False,True
r4rk1/6b1/3p1NR1/2pPq3/1pP5/pP2B3/P2N4/1QK4R b - - 0 28,56,pL2KZ01P,e5f6,-811,59,f8f6,0.0152,0.0107,0.0077,0.0056,f8f6,f8f6,f8f6,f8f6,366.0,0.0152,-0.0096,True,club,03_disagreements,2000,1972,1972,False,True
1rb2rk1/1p1p1ppp/p2N4/4b3/1PP5/4PB2/P4P1P/1R1R2K1 b - - 1 22,44,NpBkJhog,g7g6,-215,19,e5d6,0.0218,0.0213,0.0246,0.0483,e5d6,e5d6,b7b5,b7b5,116.0,0.0483,0.0265,True,club,03_disagreements,2061,2120,2120,False,True
r3kb1r/5p2/3p3p/1p2p1p1/p2P4/2P1Pq2/BPQ5/R2R2K1 b kq - 0 26,52,u9Ht2Q8H,f8g7,275,33,f3e3,0.0041,0.0041,0.005,0.0089,f3e3,f3e3,f3e3,f3e3,221.0,0.0089,0.0048,True,club,03_disagreements,1962,2037,2037,False,True
r3r1k1/pp3ppp/3p4/n1p1pNq1/4P3/2PP1Q2/PPB1KP2/6RR b - - 1 20,40,XPd7mHZC,g5g6,-861,1,g5f6,0.0034,0.0019,0.0011,0.0007,g5f6,g5f6,g5f6,g5f6,165.0,0.0034,-0.0027,True,club,03_disagreements,1882,1852,1852,False,True
r2qkb1r/1p4pp/p2p1p1n/2p1n3/8/1PN1P2N/PBP2PP1/R2QK2R b KQkq - 1 12,24,5Nk2VPjJ,d8e7,-168,4,f8e7,0.012,0.014,0.0151,0.0108,f8e7,f8e7,f8e7,f8e7,120.0,0.0151,-0.0012,True,club,03_disagreements,1826,1811,1811,False,True
r2r2k1/pQp1qpbp/6p1/8/1PP5/P2b1B2/R4PPP/2BR2K1 b - - 2 18,36,UGZv44oL,d3e4,375,390,d3c4,0.0148,0.0105,0.0076,0.007,d3c4,d3c4,d3c4,d3c4,446.0,0.0148,-0.0078,True,club,03_disagreements,2054,2181,2181,False,True
3q2k1/pQp2p1p/6pB/8/1Pb5/P1b2B2/5PPP/6K1 b - - 1 22,44,UGZv44oL,c3d2,-10,8,a7a5,0.0208,0.0205,0.0182,0.0162,c3g7,c3g7,c3g7,c3g7,175.0,0.0208,-0.0046,True,club,03_disagreements,2054,2181,2181,False,True
2k3rr/pp3pp1/2q1p3/2ppP2p/3P1P1Q/2P5/PP1BN3/R5K1 b - - 0 22,44,oolVGWz8,c5c4,19,0,c5d4,0.0396,0.031,0.026,0.0206,g7g5,g7g5,g7g5,g7g5,129.0,0.0396,-0.019,True,club,03_disagreements,1979,1961,1961,False,True
r1b1r1k1/2qn1p2/2p4Q/pp2p3/4N2b/PB5P/1PP2PP1/3R1RK1 b - - 0 20,40,kTEvY7pu,d7f6,-512,44,c7d8,0.0058,0.0044,0.0031,0.0012,h4e7,h4e7,h4e7,h4e7,1480.0,0.0058,-0.0046,True,club,03_disagreements,1829,1822,1822,False,True
r1br2k1/5p2/2p1nQ2/1p2p3/p7/P6P/BPP2PP1/4R1K1 b - - 1 26,52,kTEvY7pu,b5b4,-621,26,c6c5,0.0102,0.0047,0.0027,0.0023,d8d2,d8d2,d8d2,d8d2,165.0,0.0102,-0.0079,True,club,03_disagreements,1829,1822,1822,False,True
2r5/5ppk/7p/3PPp2/3q3P/1p6/1Pb2RQP/6K1 b - - 5 34,68,8F9PUpX6,c2d3,1988,1151,d4e5,0.0034,0.0023,0.0016,0.0014,d4e5,c2e4,c2e4,c2e4,937.0,0.0034,-0.002,True,club,03_disagreements,1897,1835,1835,False,True
2r5/5ppp/4k3/4p3/8/1KB2P2/1P4PP/2N5 b - - 2 26,52,y2nrDib7,h7h5,-188,11,e6d5,0.008,0.0093,0.0125,0.0172,c8b8,e6d5,f7f5,f7f5,109.0,0.0172,0.0092,True,club,03_disagreements,2043,1966,1966,False,True
2kr3r/p1p3pp/1np1b3/4p3/1bP1Pp2/1P3P2/P1KNNBPP/R2R4 b - - 3 16,32,VHHDCEEk,b4a3,-80,6,d8d7,0.0112,0.0084,0.0051,0.003,d8d7,d8d7,d8d7,d8d7,102.0,0.0112,-0.0082,True,club,03_disagreements,2078,2123,2123,False,True
r4r1k/pp1qp2p/2n1b3/3pPp2/5N2/8/PP4PP/R1BQ1RK1 b - - 2 18,36,FxQQNTxi,d5d4,40,30,f8g8,0.0403,0.0247,0.0195,0.0251,c6e5,c6e5,c6e5,c6e5,526.0,0.0403,-0.0152,True,club,03_disagreements_b2,2027,2036,2036,False,True
1b3rk1/1p2n3/p2qb3/4p1pp/2Pp2P1/1B2NP2/PP2Q1KP/3R1R2 b - - 0 28,56,reurrcYS,e5e4,128,128,d6c6,0.0366,0.0313,0.0262,0.0225,h5g4,h5g4,h5g4,h5g4,292.0,0.0366,-0.0141,True,club,03_disagreements_b2,2049,2020,2020,False,True
3Q4/1r5r/k1q1p2p/PpPp1Pp1/3B4/8/P5PP/3RR2K b - - 6 32,64,lRjkJLbh,b7e7,-721,8,a6a7,0.0066,0.0055,0.0045,0.0038,e6f5,e6f5,e6f5,e6f5,1272.0,0.0066,-0.0028,True,club,03_disagreements_b2,1872,1861,1861,False,True
r1r3k1/4pp1p/p2pqnpQ/1p6/3BP3/2P4P/PP3PP1/R3R1K1 b - - 3 18,36,u8bu4tZk,f6e8,-125,22,c8c4,0.0079,0.0079,0.0138,0.0457,c8c4,c8c4,c8c4,c8c4,106.0,0.0457,0.0378,True,club,03_disagreements_b2,1978,1955,1955,False,True
r1bq1rk1/5ppp/p1n1pn2/1pb5/4N3/2PB1N1P/PP2QPP1/R1B2RK1 b - - 0 12,24,lZZTgk7H,f6d7,-211,89,c5e7,0.0015,0.0008,0.0004,0.0003,f6e4,f6e4,f6e4,f6e4,213.0,0.0015,-0.0012,True,club,03_disagreements_b2,2074,2094,2094,False,True
r1r3k1/1p3ppp/2p1Pn2/1p6/4P3/1BP4P/P4PP1/R3R1K1 b - - 0 22,44,d1nWp79K,g8f8,-268,81,f7e6,0.0071,0.008,0.0105,0.0155,f7e6,f7e6,f7e6,f7e6,210.0,0.0155,0.0084,True,club,03_disagreements_b2,1967,1825,1825,False,True
r5k1/3q1ppp/2pb1n2/p2P4/P1P5/N5Pb/1P3P1P/R1B1QRK1 b - - 0 16,32,m2bgZklz,d7f5,273,64,d6a3,0.0084,0.0065,0.0061,0.009,h3f1,h3f1,h3f1,h3f1,341.0,0.009,0.0006,True,club,03_disagreements_b2,1986,1995,1995,False,True
rn3rk1/2qb2pp/pp2N3/2P3N1/8/4QP2/P4K1P/2R4R b - - 2 22,44,qRIl7qu2,f8f3,-534,37,d7e6,0.0128,0.0126,0.0105,0.0085,d7e6,d7e6,d7e6,d7e6,108.0,0.0128,-0.0043,True,club,03_disagreements_b2,2071,2168,2168,False,True
5rk1/pp2b1pp/8/4p3/4N3/PP1Pp1PP/1P6/4R1K1 b - - 2 24,48,uILNQowt,e7d8,0,5,f8c8,0.008,0.0071,0.0054,0.0045,f8f3,f8f3,f8f3,f8f3,110.0,0.008,-0.0035,True,club,03_disagreements_b2,1839,1854,1854,False,True
4b3/5p1N/2k5/1pP4P/1K3p2/P7/5PP1/8 b - - 0 34,68,4VkMOjQc,c6c7,-766,25,f7f5,0.0254,0.0223,0.0199,0.0228,c6d5,c6d5,c6d5,c6d5,169.0,0.0254,-0.0026,True,club,03_disagreements_b2,1923,1866,1866,False,True
r1b2rk1/2b2ppp/p3pn2/1P1pn3/1P6/2N3QP/2P1N1P1/R3KB1R b KQ - 0 18,36,NBLusDr8,c7d6,-290,15,a8a7,0.0236,0.0251,0.0221,0.0244,e5d3,e5d3,e5d3,e5d3,213.0,0.0251,0.0008,True,club,03_disagreements_b2,1983,1961,1961,False,True
1r1q1r1k/p1pbb1pn/Q1np3p/8/3PB3/5N1P/PP3PP1/RNB1R1K1 b - - 2 16,32,96k4QOHe,d6d5,76,213,b8b6,0.0136,0.0069,0.0042,0.0039,b8b6,b8b6,b8b6,c6b4,217.0,0.0136,-0.0097,True,club,03_disagreements_b2,2142,2040,2040,False,True
4r2k/1ppb2qp/p6p/3P4/4B3/3Q2RP/PP4P1/6K1 b - - 5 28,56,2mnGPS7t,g7f6,-114,130,g7e7,0.0272,0.026,0.0211,0.0178,g7e7,g7e7,g7e7,g7e7,132.0,0.0272,-0.0094,True,club,03_disagreements_b2,1850,1850,1850,False,True
3k3r/3brp2/1q3b1p/1p1Q1Pp1/3P2P1/PR5P/6K1/1B1N1R2 b - - 0 28,56,mZpxsPpE,b6c6,215,141,d8c7,0.0494,0.0466,0.0408,0.04,f6d4,f6d4,f6d4,f6d4,343.0,0.0494,-0.0094,True,club,03_disagreements_b2,1887,1920,1920,False,True
rnb1k2r/pp2nppp/2p2b2/q2P4/2BN1B2/2N5/PPP2PPP/R2Q1RK1 b kq - 0 10,20,oFogTQoA,a5c5,-172,8,c6d5,0.0168,0.0129,0.0094,0.0081,c6d5,c6d5,c6d5,c6d5,102.0,0.0168,-0.0087,True,club,03_disagreements_b2,1954,1834,1834,False,True
q3kb1r/3bnpp1/3p1n1p/4p3/2B1P3/5N2/1P1N1PPP/2BQ1RK1 b k - 0 16,32,pLlA59fC,a8b8,-11,1,f6e4,0.0014,0.001,0.0007,0.0005,f6e4,f6e4,f6e4,f6e4,305.0,0.0014,-0.0009,True,club,03_disagreements_b2,1902,1829,1829,False,True
4kb1r/3bnpp1/3p3p/4p3/2B1q3/1Q3N2/1P3PPP/2B2RK1 b k - 1 18,36,pLlA59fC,e4f5,-199,61,d6d5,0.0158,0.0175,0.0163,0.0127,d6d5,d6d5,d6d5,d6d5,300.0,0.0175,-0.0031,True,club,03_disagreements_b2,1902,1829,1829,False,True
1Qn1kb1r/3b1pp1/7p/1B1pp3/4q3/5N2/1P3PPP/2B2RK1 b k - 3 20,40,pLlA59fC,e8d8,-519,1,e4f5,0.0129,0.0093,0.0075,0.0069,f8d6,f8d6,f8d6,f8d6,1477.0,0.0129,-0.006,True,club,03_disagreements_b2,1902,1829,1829,False,True
3b1k1r/2q2pp1/b1pNp3/2PnP3/8/B5P1/1P3PB1/3QR1K1 b - - 4 26,52,ddkf3KbK,g7g5,-298,36,c7e7,0.02,0.0174,0.0165,0.0171,c7a5,d8e7,d8g5,d8g5,184.0,0.02,-0.0029,True,club,03_disagreements_b2,2058,2035,2035,False,True
r2r2k1/RpQ3pp/5p2/3P1n2/2P5/7P/2bB2P1/6K1 b - - 0 28,56,2LfMlX64,h7h5,-365,8,a8c8,0.0019,0.0015,0.0016,0.0026,a8a7,a8a7,a8a7,a8a7,422.0,0.0026,0.0007,True,club,03_disagreements_b2,2033,1933,1933,False,True
4k1r1/pp2np1Q/4pp2/7p/3P3P/2r3P1/Pq3PB1/RR2K3 b - - 5 22,44,FJIKm6JU,c3e3,468,454,b2a3,0.0209,0.0216,0.0244,0.0281,b2a3,b2a3,b2a3,b2a3,461.0,0.0281,0.0072,True,club,03_disagreements_b2,1991,1995,1995,False,True
3q1rk1/1ppbbppp/3p1n2/r7/p2PP1P1/P1N2Q1P/1BP2PB1/R4RK1 b - - 0 16,32,6ddnhthl,h7h5,72,113,d8c8,0.0099,0.0108,0.0142,0.038,d7c6,d7c6,d7c6,d7c6,188.0,0.038,0.0281,True,club,03_disagreements_b2,1802,1821,1821,False,True
4rr1k/2q4p/p2b2pN/1pp1np2/3P1B2/3P2QP/PP3RP1/2R3K1 b - - 0 30,60,S8IRhbd6,e5c4,-298,25,e5f7,0.0102,0.0101,0.0113,0.0146,e5d3,e5d3,e5d3,e5d3,191.0,0.0146,0.0044,True,club,03_disagreements_b2,1860,1869,1869,False,True
3r1rk1/1b3pb1/ppB2n1p/2p1N1p1/2N5/2P3P1/PP4PP/R3R1K1 b - - 1 18,36,MYYX6V2f,d8b8,-33,120,b7c6,0.0272,0.0313,0.0335,0.0234,b7c6,b7c6,b7c6,b7c6,198.0,0.0335,-0.0038,True,club,03_disagreements_b2,2048,2158,2158,False,True
3r4/8/R4nk1/2p4p/2N3pN/2b3PP/P3r1P1/5RK1 b - - 1 34,68,MYYX6V2f,g6h7,-34,35,g6f7,0.0049,0.0063,0.0076,0.009,g6g5,g6g5,g6g5,g6g5,157.0,0.009,0.0041,True,club,03_disagreements_b2,2048,2158,2158,False,True
2r1r1k1/p4pp1/1q3b1p/3p1P2/3pn1N1/3Q4/PP4PP/R1B2R1K b - - 2 24,48,KbcAaLyv,f6e5,315,13,h6h5,0.0437,0.0401,0.0342,0.0265,f6g5,f6g5,f6g5,f6g5,120.0,0.0437,-0.0172,True,club,03_disagreements_b2,1912,1890,1890,False,True
6k1/p4pp1/1q6/3p1P1p/3p2nB/1P5Q/P1r1r1PP/R5RK b - - 4 30,60,KbcAaLyv,c2c3,672,4,g4e3,0.0319,0.0272,0.0223,0.02,d4d3,d4d3,d4d3,d4d3,274.0,0.0319,-0.0119,True,club,03_disagreements_b2,1912,1890,1890,False,True
6k1/p1q2pp1/5P2/3p3p/3p4/1P2n1BQ/P1r1r1PP/R5RK b - - 2 32,64,KbcAaLyv,c7c8,314,76,c7c6,0.0208,0.024,0.025,0.0258,c7c3,c7c3,c7c3,c7c3,101.0,0.0258,0.005,True,club,03_disagreements_b2,1912,1890,1890,False,True
5rk1/5ppp/3Q4/8/1P1PpPb1/2N1P1P1/1B1q2P1/R5K1 b - - 2 30,60,KwwzPjCa,g4f3,561,304,d2b2,0.002,0.0009,0.0004,0.0002,d2b2,d2b2,d2b2,d2b2,268.0,0.002,-0.0018,True,club,03_disagreements_b2,1841,1884,1884,False,True
6k1/Q4p1p/3Np1p1/3n4/3P4/7P/5PPK/1rr5 b - - 1 28,56,aIr3ukrN,d5c7,-61,460,c1c7,0.0086,0.0085,0.0068,0.0054,c1h1,c1h1,c1c7,c1c7,592.0,0.0086,-0.0032,True,club,03_disagreements_b2,1826,1899,1899,False,True
r1b2rk1/p1p2ppp/1nppq3/4P3/2P5/1P1B1N2/P2Q1PPP/R3K2R b KQ - 1 14,28,98ulg688,e6e7,-16,1,h7h6,0.0021,0.0015,0.0011,0.001,d6e5,d6e5,d6e5,d6e5,149.0,0.0021,-0.0011,True,club,03_disagreements_b2,2457,2499,2499,False,True
2kr4/pp1r1p2/1q1b4/2p2Q1p/7P/1PP3P1/P3PP2/RN2K2R b KQ - 0 18,36,2d8BEu6p,b6c7,-124,25,b6c6,0.0409,0.0366,0.03,0.0271,c5c4,c5c4,b6c6,c5c4,205.0,0.0409,-0.0138,True,club,03_disagreements_b2,1841,1824,1824,False,True
7r/pp1r1p2/2k5/2p5/6QP/1PN1P3/P4P2/R4RK1 b - - 0 26,52,2d8BEu6p,h8h6,-741,40,d7d8,0.0269,0.0312,0.0389,0.0435,f7f5,f7f5,f7f5,f7f5,256.0,0.0435,0.0166,True,club,03_disagreements_b2,1841,1824,1824,False,True
rn1q1rk1/1p1bnppp/Pb2p3/3pP3/P4B2/2PB1N2/5PPP/RN1QK2R b KQ - 0 12,24,C7RCmAI9,e7g6,-65,4,b8a6,0.0005,0.0009,0.0015,0.0014,b8a6,b8a6,b8a6,b8a6,123.0,0.0015,0.0009,True,club,03_disagreements_b2,1859,1876,1876,False,True
1r2kb1r/p1p1pppp/1q6/8/5B2/2P2Q1P/PP3PP1/RN3RK1 b k - 0 14,28,MyxzEAko,e7e5,-516,11,b6b2,0.0286,0.0175,0.0137,0.0167,b6b2,b6b2,b6b2,b6b2,1481.0,0.0286,-0.0119,True,club,03_disagreements_b2,1895,1836,1836,False,True
2rr1bk1/6pp/2np4/1p1Npp2/8/1P2P3/PB1RKPPP/2R5 b - - 3 22,44,PE1YjHbJ,c6b8,-107,53,c6e7,0.004,0.0038,0.0045,0.0064,c6e7,c6e7,c6e7,g8f7,314.0,0.0064,0.0024,True,club,03_disagreements_b2,2193,2195,2195,False,True
2r2r2/1pqn1k2/p3p3/3p1PQ1/3Pb3/PBP4P/1P4P1/4RRK1 b - - 0 22,44,ksbz2UkN,c7d6,-541,8,f8g8,0.0034,0.0027,0.0029,0.0042,f7e8,f7e8,f8g8,f8g8,1446.0,0.0042,0.0008,True,club,03_disagreements_b2,1852,1850,1850,False,True
rnbqr1k1/p1p2pp1/1p1b1n1p/3PN3/2PP1p2/2N5/PP2B1PP/R1BQ1RK1 b - - 1 10,20,3FQi7QTZ,g7g5,-81,117,d6e5,0.0468,0.0279,0.0213,0.0195,d6e5,d6e5,d6e5,d6e5,208.0,0.0468,-0.0273,True,club,03_disagreements_b2,2108,2020,2020,False,True
8/6p1/p1n1p1kp/1pBp1p2/1P1P3P/PR2PKP1/r4P2/8 b - - 4 34,68,YWzTSfDP,c6b8,34,12,g6h5,0.012,0.0135,0.0149,0.0186,h6h5,h6h5,h6h5,h6h5,122.0,0.0186,0.0066,True,club,03_disagreements_b2,1890,1841,1841,False,True
r1bqk2r/ppp3pp/1n1ppn2/6B1/3P1N2/3Q4/PPP1PPB1/2KR3R b kq - 4 12,24,JAhZNZdU,d8d7,-321,45,c7c6,0.03,0.0255,0.0229,0.0174,h7h6,c8d7,c8d7,c8d7,132.0,0.03,-0.0126,True,club,03_disagreements_b2,1902,1963,1963,False,True
8/ppkb2Q1/2ppp3/8/1qn5/8/PPP2PB1/2K4R b - - 3 26,52,JAhZNZdU,e6e5,334,300,a7a5,0.0373,0.0303,0.031,0.032,b4d2,b4d2,b4d2,b4d2,295.0,0.0373,-0.0053,True,club,03_disagreements_b2,1902,1963,1963,False,True
r4k2/ppp2p2/2n3p1/2R5/6N1/2B2P2/PP3KPP/3r4 b - - 12 26,52,l6JkO8RR,f7f5,227,8,a8d8,0.0491,0.0389,0.0379,0.0415,d1c1,d1c1,d1c1,d1c1,224.0,0.0491,-0.0076,True,club,03_disagreements_b2,1928,1816,1816,False,True
2r3k1/pp1bbpp1/1q2p2p/3pPn2/2rP1B2/P1NQ1N1P/1P3PP1/1R1R2K1 b - - 4 18,36,IyUSUvwP,e7a3,85,5,a7a5,0.0422,0.0391,0.04,0.0455,d7b5,d7b5,b6b3,b6b3,271.0,0.0455,0.0033,True,club,03_disagreements_b2,2218,2215,2215,False,True
rn5Q/p3kp2/1p1rb1qB/2p5/2B5/8/PPP3PP/4R2K b - - 7 30,60,bKmPWZev,b8d7,447,27,d6d8,0.0144,0.0153,0.0183,0.02,g6c2,g6c2,g6c2,g6c2,894.0,0.02,0.0056,True,club,03_disagreements_b2,2038,1983,1983,False,True
1nq2rk1/QR4pp/2p1p1b1/8/2N1pp2/2P1P3/P4PPP/R5K1 b - - 0 20,40,zPCxZkut,g8h8,-545,9,f4e3,0.0052,0.004,0.0031,0.003,f4e3,f4e3,f8f7,f8f7,111.0,0.0052,-0.0022,True,club,03_disagreements_b2,1967,1970,1970,False,True
2r3k1/p4p1p/1p2p1pQ/8/P2P4/7P/1q3PP1/3R2K1 b - - 0 30,60,EgHAeJLD,b2a3,385,6,b2b4,0.027,0.0284,0.0243,0.0181,b2c2,b2c2,b2c2,b2e2,146.0,0.0284,-0.0089,True,club,03_disagreements_b2,1919,1938,1938,False,True
3r2k1/7p/1pP3p1/2p2p2/4p3/PP5P/2R2KP1/3R4 b - - 0 32,64,GEBRqzeZ,d8c8,-514,15,d8d1,0.0197,0.0084,0.0035,0.0018,d8d1,d8d1,d8d1,d8d1,153.0,0.0197,-0.0179,True,club,03_disagreements_b2,1957,2103,2103,False,True
r1k4r/1p3Rpp/pq4n1/3pP3/P2P4/6RP/1P1B2P1/4Q1K1 b - - 0 22,44,hAdZLTQ6,c8b8,-506,10,b6d4,0.0213,0.0298,0.029,0.0243,b6d4,b6d4,b6d4,b6d4,135.0,0.0298,0.003,True,club,03_disagreements_b2,1817,1953,1953,False,True
6k1/5ppp/p1q2b2/1p6/2r1p3/PNP4P/1P4P1/3Q1R1K b - - 1 28,56,dUHFQzzR,c6e8,229,2,e4e3,0.0075,0.0094,0.0095,0.01,e4e3,e4e3,h7h6,h7h6,301.0,0.01,0.0025,True,club,03_disagreements_b2,2050,2068,2068,False,True
r6k/1Q4pp/p2p4/2b5/7q/3p1P1P/PP3P2/R4RK1 b - - 0 22,44,7TZSIWlZ,h4g3,308,233,a8f8,0.0299,0.0282,0.0215,0.0191,a8f8,a8f8,a8f8,a8f8,239.0,0.0299,-0.0108,True,club,03_disagreements_b2,1898,1950,1950,False,True
7k/6p1/p2p3p/2b2r2/8/3p1PQ1/4qPK1/3RR3 b - - 7 32,64,7TZSIWlZ,e2a2,134,10,e2c2,0.0399,0.0293,0.0215,0.0216,f5g5,f5g5,f5g5,f5g5,133.0,0.0399,-0.0183,True,club,03_disagreements_b2,1898,1950,1950,False,True
r4rk1/pp1q1ppp/1n3b2/3B4/8/2N2Q1P/PP3PP1/2RR2K1 b - - 0 18,36,YOyuPCPa,d7e7,-143,24,b6d5,0.0091,0.0085,0.0126,0.0198,b6d5,b6d5,b6d5,b6d5,261.0,0.0198,0.0107,True,club,03_disagreements_b2,2244,2251,2251,False,True
r1b2q1k/bp2n1p1/p4p1p/3p3P/PP1P1B1N/8/2Q2PP1/R3R1K1 b - - 3 28,56,0j3Fv3Cv,c8f5,-557,2,c8g4,0.0138,0.0067,0.0029,0.0014,a7d4,a7d4,a7d4,a7d4,184.0,0.0138,-0.0124,True,club,03_disagreements_b2,2265,2152,2152,False,True
r1bqr1k1/ppp2ppp/2n5/3p4/3Pn3/1B1Q1N2/PB3PPP/R3R1K1 b - - 3 14,28,GxSKeh0D,c6a5,254,24,c8f5,0.0043,0.006,0.0105,0.0184,c8f5,c8f5,c8f5,c8f5,101.0,0.0184,0.0141,True,club,03_disagreements_b2,1830,1872,1872,False,True
1r1qr1k1/ppp2ppp/2n5/1Q1B1b2/3Pn3/5N2/PB3PPP/R3R1K1 b - - 0 16,32,GxSKeh0D,f5g6,61,8,e4d6,0.0031,0.0041,0.005,0.0052,a7a6,a7a6,a7a6,a7a6,417.0,0.0052,0.0021,True,club,03_disagreements_b2,1830,1872,1872,False,True
4r1k1/p4ppp/1q6/3R4/3Q4/5P2/PP2bKPP/2r2B1R b - - 3 22,44,uam9VKbo,b6b8,169,38,c1c2,0.0015,0.0015,0.0015,0.0017,b6d4,b6d4,b6d4,b6d4,169.0,0.0017,0.0002,True,club,03_disagreements_b2,1841,1828,1828,False,True
r1b1kn1r/ppq1bpp1/2p2n1p/4p3/4P3/1BN1BN1P/PPP1QPP1/R2R2K1 b kq - 6 12,24,73nBAVJH,f8e6,-45,33,f8g6,0.0069,0.0059,0.0074,0.0078,g7g5,g7g5,g7g5,g7g5,198.0,0.0078,0.0009,True,club,03_disagreements_b2,2135,2106,2106,False,True
r5k1/p4pp1/1p1Bqbnp/4p3/2r1P3/Q6P/1PPR1PP1/3RN1K1 b - - 4 28,56,73nBAVJH,f6g5,129,56,c4e4,0.0237,0.0198,0.0158,0.0133,c4e4,c4e4,c4e4,c4e4,306.0,0.0237,-0.0104,True,club,03_disagreements_b2,2135,2106,2106,False,True
5k1r/QBp5/5pp1/1b6/3PP3/P1K2N1n/1P3qP1/R3R3 b - - 5 32,64,L07w87Bo,c7c6,-518,43,f2g2,0.0035,0.0029,0.0026,0.0029,h3f4,h3f4,h3f4,h3f4,185.0,0.0035,-0.0006,True,club,03_disagreements_b2,1854,1930,1930,False,True
1k5r/p1r5/q1PN1p2/1p1pp1p1/bQ3P1p/2P1P2P/1K4PB/R7 b - - 1 34,68,DbYc1h1I,g5f4,350,90,a6c6,0.042,0.0283,0.0234,0.023,a6c6,a6c6,a6c6,a6c6,167.0,0.042,-0.019,True,club,03_disagreements_b2,1876,1963,1963,False,True
r1b2rk1/2q1bppp/p1nppn2/1p6/3PP3/P1NBBN1P/1P3PP1/2RQ1RK1 b - - 1 12,24,hly3EFB7,b5b4,-133,8,c8b7,0.0204,0.0099,0.005,0.0023,c8b7,c8b7,c8b7,c8b7,118.0,0.0204,-0.0181,True,club,03_disagreements_b2,1947,1891,1891,False,True
2rbr1k1/1b1q1ppp/p1np1n2/1p1NP3/1P2PPP1/P2QB2P/7N/1BR2RK1 b - - 0 20,40,hly3EFB7,c6e5,-306,43,d6e5,0.0173,0.016,0.0126,0.0097,d6e5,d6e5,d6e5,d6e5,358.0,0.0173,-0.0076,True,club,03_disagreements_b2,1947,1891,1891,False,True
1rb1nrk1/p4pp1/1p1q3p/2pPp2B/P1P1P3/2P3BP/1RQ2PP1/6RK b - - 2 24,48,Uo4SifHY,a7a5,-178,5,e8f6,0.0272,0.0193,0.0162,0.0125,e8f6,e8f6,e8f6,f7f5,133.0,0.0272,-0.0147,True,club,03_disagreements_b2,1840,1867,1867,False,True
5rk1/3b2p1/1R1n2qp/p1pPp3/2P1Pp2/2PQ1B1P/5PPB/7K b - - 0 34,68,Uo4SifHY,d6e4,267,254,f8a8,0.0025,0.0019,0.0013,0.0007,a5a4,a5a4,a5a4,a5a4,278.0,0.0025,-0.0018,True,club,03_disagreements_b2,1840,1867,1867,False,True
2r5/pp2k1N1/2n1b2p/3pPp2/3P1P2/P3KNP1/1P6/2R5 b - - 1 28,56,LXAvbt8Y,c6e5,-149,160,e6d7,0.0074,0.0044,0.0033,0.0028,c8g8,c8g8,c8g8,c8g8,161.0,0.0074,-0.0046,True,club,03_disagreements_b2,1953,1850,1850,False,True
r5k1/pp1r2p1/7p/3bPp2/3P4/BP1RN2P/P5P1/6K1 b - - 8 28,56,hOXRdMar,g8f7,173,65,d5e4,0.0035,0.0025,0.0018,0.002,d5e4,d5e4,d5e4,d5e4,104.0,0.0035,-0.0015,True,club,03_disagreements_b2,2081,1970,1970,False,True
2k1r2r/1Rp2pp1/p5b1/2bp4/7p/2NP1PqP/2PB2P1/1R3Q1K b - - 0 28,56,Wawnp3vR,g3f2,-123,41,c5b6,0.01,0.0119,0.0134,0.0145,c8d7,c8d7,c5b6,c5b6,194.0,0.0145,0.0045,True,club,03_disagreements_b2,2082,2028,2028,False,True
5r2/1pkr2q1/2nb1p2/1QpBp3/2P4p/P1BP4/5RPP/5RK1 b - - 1 30,60,KWbLArvl,c7d8,-299,74,c6d4,0.0248,0.0297,0.034,0.0381,h4h3,h4h3,h4h3,h4h3,244.0,0.0381,0.0133,True,club,03_disagreements_b2,2369,2352,2352,False,True
r4rk1/1Qp2ppp/p7/4P3/8/7P/qPP3P1/2KR1R2 b - - 0 20,40,Q0uDy45N,a8d8,552,129,a2a1,0.02,0.0124,0.0077,0.0076,a2a1,a2a1,a8b8,a8b8,103.0,0.02,-0.0124,True,club,03_disagreements_b2,1889,2222,2222,False,True
3r2k1/pp4pp/3p2r1/5b2/3p4/N2P3P/PP3PP1/3RRK2 b - - 9 22,44,EBKZKQ1B,g6g5,-118,26,f5d7,0.021,0.016,0.0094,0.0063,d6d5,a7a6,a7a6,a7a6,101.0,0.021,-0.0147,True,club,03_disagreements_b2,2301,1808,1808,False,True
5rk1/4bppp/q3p2B/p2pPP1P/b2N1QP1/Pp1P4/1Pr5/1K1R3R b - - 4 24,48,udaIpNyp,a6c8,-160,47,g7h6,0.0037,0.003,0.0024,0.0022,e7a3,e7a3,e7a3,e7a3,270.0,0.0037,-0.0015,True,club,03_disagreements_b2,2918,2727,2727,False,True
r2q2k1/pbpn2r1/1p1p4/7Q/2PP2B1/2P1P3/5PPP/1RB2RK1 b - - 0 20,40,9rkhf8Yq,d8e7,-288,86,d7f6,0.004,0.0039,0.0035,0.0035,d7f6,d7f6,d7f6,d7f6,160.0,0.004,-0.0005,True,club,03_disagreements_b2,1952,1988,1988,False,True
r6r/pbp1k3/1p1pP3/8/2P5/2P1P1P1/5P1P/1RB2RK1 b - - 0 28,56,9rkhf8Yq,h8h2,-3,24,e7e6,0.0018,0.0028,0.0073,0.0213,e7e6,e7e6,e7e6,e7e6,186.0,0.0213,0.0195,True,club,03_disagreements_b2,1952,1988,1988,False,True
7r/2p5/1p1pk3/p7/2r1P2P/2P2bP1/1B3P1K/R3R3 b - - 0 34,68,9rkhf8Yq,h8f8,35,22,h8h5,0.0155,0.0172,0.0236,0.0382,c4e4,c4e4,c4e4,c4e4,136.0,0.0382,0.0227,True,club,03_disagreements_b2,1952,1988,1988,False,True
r4r2/1pp3pk/3p1p1p/1Pn2P2/2B1PK2/2PP4/8/R4R2 b - - 1 30,60,9qXAghd3,a8a4,-32,4,c5d7,0.0155,0.0208,0.025,0.0272,a8a1,a8a1,b7b6,b7b6,116.0,0.0272,0.0117,True,club,03_disagreements_b2,1837,1847,1847,False,True
4rrk1/bppb1ppp/p1n5/4P3/1q1P4/1N1BB3/P4QPP/4RRK1 b - - 1 20,40,c1LfGk0G,f7f5,35,10,d7e6,0.0097,0.0103,0.0111,0.0136,d7e6,d7e6,d7e6,d7e6,115.0,0.0136,0.0039,True,club,03_disagreements_b2,2129,2085,2085,False,True
N1b3nr/pp1pkppp/4p3/8/Pn3B2/3pPK2/q1P2PPP/3Q1BNR b - - 1 12,24,rmZUXXo2,d7d6,244,8,d3c2,0.0041,0.0039,0.0043,0.007,d3c2,d3c2,d3c2,d3c2,2235.0,0.007,0.0029,True,club,03_disagreements_b2,2039,2035,2035,False,True
r4rk1/pp2qpp1/1np1p1b1/4B2B/7P/3P2Q1/PPP3P1/R4R1K b - - 0 20,40,YaYqEzP1,a8d8,-293,7,b6d7,0.0361,0.0259,0.0199,0.0167,g6h5,g6h5,b6d7,b6d7,148.0,0.0361,-0.0194,True,club,03_disagreements_b2,1861,1858,1858,False,True
r1bqk2r/pp1p2pp/2n2p2/2b1pn2/8/2N1PNB1/PPP2PPP/R2QKB1R b KQkq - 2 8,16,bOMDZnK2,c5b4,43,9,f5g3,0.0196,0.0172,0.0181,0.031,f5g3,f5g3,f5g3,f5g3,104.0,0.031,0.0114,True,club,03_disagreements_b2,1894,1888,1888,False,True
2rr4/p4pkp/5np1/8/3N1R2/6P1/PP3P1P/R5K1 b - - 2 24,48,9WcOnERm,d8d7,-30,3,d8d5,0.0131,0.0102,0.0095,0.0103,c8c4,c8c4,c8c4,c8c4,456.0,0.0131,-0.0028,True,club,03_disagreements_b2,2918,2781,2781,False,True
8/p4pk1/5np1/7p/R7/1N1r2PP/PPr2P2/1R4K1 b - - 2 28,56,9WcOnERm,f6d7,-26,8,a7a5,0.0204,0.0139,0.0101,0.0107,d3f3,d3f3,d3f3,d3f3,341.0,0.0204,-0.0097,True,club,03_disagreements_b2,2918,2781,2781,False,True
2R3k1/pq3np1/1p2Np1p/1P1p4/3P4/2Q1PP2/P5PP/6K1 b - - 0 34,68,M5sJG9UE,f7d8,-944,1048,g8h7,0.0185,0.008,0.0052,0.0051,g8h7,g8h7,g8h7,g8h7,1048.0,0.0185,-0.0134,True,club,03_disagreements_b2,1839,1851,1851,False,True
r6k/ppp1r2p/3p1p2/2b1pP1Q/2Bn3P/3P4/PPPK1P1N/6R1 b - - 7 22,44,bsQlKSk2,d6d5,-508,76,c7c6,0.0318,0.0304,0.031,0.0339,e7g7,e7g7,c7c6,c7c6,293.0,0.0339,0.0021,True,club,03_disagreements_b2,1834,1819,1819,False,True
6rk/p5rp/4Pp1N/1pp2P1Q/3bK2P/8/PP2R3/8 b - - 7 34,68,bsQlKSk2,a7a6,-851,83,g8e8,0.0022,0.0011,0.0007,0.0004,g8f8,g8f8,g8d8,g8d8,1141.0,0.0022,-0.0018,True,club,03_disagreements_b2,1834,1819,1819,False,True
3r2k1/4R1pp/1p6/3p4/1P1Pp3/4PP2/1r4PP/5RK1 b - - 0 26,52,lTqRAlYx,d8c8,-97,29,g8f8,0.0066,0.0042,0.0038,0.0055,b2b4,b2b4,b2b4,b2b4,199.0,0.0066,-0.0011,True,club,03_disagreements_b2,1981,1978,1978,False,True
r2qkb1r/pp3ppp/2p1p3/3n2P1/3PN3/6QP/PPP5/2KR1B1R b kq - 2 14,28,OzHxYSgZ,d8b8,107,10,g7g6,0.0035,0.0055,0.0098,0.0159,f8e7,f8e7,f8e7,f8e7,176.0,0.0159,0.0124,True,club,03_disagreements_b2,2155,2025,2025,False,True
r6r/pp1qk1b1/2p1p1pP/3n4/3PN3/P5Q1/1PP1B3/2KR3R b - - 0 22,44,OzHxYSgZ,g7f6,-447,51,g7h6,0.024,0.0219,0.0181,0.0154,h8h6,h8h6,h8h6,h8h6,140.0,0.024,-0.0086,True,club,03_disagreements_b2,2155,2025,2025,False,True
r2qr1k1/pp1nbppp/4bn2/3p2B1/5P2/1N1B3P/PPP1N1P1/R2Q1RK1 b - - 0 12,24,HW0MlOOH,d7b6,33,25,d7c5,0.0216,0.0243,0.0224,0.0159,h7h6,h7h6,h7h6,f6e4,349.0,0.0243,-0.0057,True,club,03_disagreements_b2,1945,1988,1988,False,True
r1bq1rk1/pp3pb1/3p1npp/4p3/2Pn4/P1NBB2P/1P3PP1/R2QK1NR b KQ - 1 12,24,JGuAYGJA,b7b5,314,13,f8e8,0.002,0.0012,0.0006,0.0004,d4c6,d4c6,d4f5,c8e6,118.0,0.002,-0.0016,True,club,03_disagreements_b2,1887,1931,1931,False,True
r1bqr1k1/pp1n1pb1/3p2pp/4p3/1PPn4/P1NBB2P/4NPP1/R2QK2R b KQ - 0 14,28,JGuAYGJA,d7b6,210,35,a7a5,0.0323,0.0309,0.0292,0.0249,d4e2,d4e2,d4e2,f7f5,110.0,0.0323,-0.0074,True,club,03_disagreements_b2,1887,1931,1931,False,True
4r3/1p3pbk/1N4pp/2P2b2/3p3q/7P/5PP1/2QR1BK1 b - - 0 26,52,JGuAYGJA,e8e5,239,65,d4d3,0.0433,0.0401,0.0363,0.0321,d4d3,d4d3,e8d8,e8d8,101.0,0.0433,-0.0112,True,club,03_disagreements_b2,1887,1931,1931,False,True
8/1p4k1/1N4pp/2P2b2/3b3q/3p3P/5PP1/3RQBK1 b - - 2 30,60,JGuAYGJA,h6h5,-544,13,h4f4,0.0141,0.011,0.0103,0.0135,d4c5,d4c5,d4c5,d4c5,145.0,0.0141,-0.0006,True,club,03_disagreements_b2,1887,1931,1931,False,True
2r5/1q1n1pbk/4b2p/Bp2pNpP/1P1pP3/3P1Q2/4NPP1/3B2K1 b - - 1 34,68,0sOdf8BC,c8a8,315,0,g7f8,0.0105,0.0068,0.0054,0.0073,e6f5,e6f5,e6f5,e6f5,112.0,0.0105,-0.0032,True,club,03_disagreements_b2,2236,2384,2384,False,True
rnb1k2r/ppp1ppbp/6p1/3NP2n/5B2/8/PPP2PPP/3RKBNR b Kkq - 2 8,16,i6MJs4rw,c8d7,-98,6,e8g8,0.0008,0.0004,0.0003,0.0003,h5f4,h5f4,h5f4,h5f4,1900.0,0.0008,-0.0005,True,club,03_disagreements_b2,1883,1893,1893,False,True
1r4k1/p4pbp/2p5/2Nn3p/8/2P5/PP3PPP/2B1R1K1 b - - 4 24,48,i6MJs4rw,f7f5,-297,19,g8f8,0.0498,0.037,0.0264,0.0223,b8b5,b8b5,b8b5,b8b5,1699.0,0.0498,-0.0275,True,club,03_disagreements_b2,1883,1893,1893,False,True
3r1r2/p3bp1k/1qpp2p1/4p2N/4P1QP/1P1R4/P1P2PP1/3R2K1 b - - 0 22,44,X9KylSoM,b6c7,-181,9,f8h8,0.0044,0.0038,0.0027,0.0022,g6h5,g6h5,g6h5,g6h5,1815.0,0.0044,-0.0022,True,club,03_disagreements_b2,1878,1945,1945,False,True
3r2k1/p1q1bppp/2p2n2/4p3/1p2P3/1B1P1QB1/PP1r1PPP/R3R1K1 b - - 0 18,36,lStAso5K,e7c5,102,23,d8d3,0.009,0.005,0.0037,0.0037,d2d3,d2d3,d2d3,d2d3,126.0,0.009,-0.0053,True,club,03_disagreements_b2,2174,2007,2007,False,True
4rr1k/1p4p1/p1p2n1p/3n3Q/3P4/2BB2P1/PP3P1P/R3R1K1 b - - 0 32,64,MpNfo5hH,e8e1,-287,176,f6h5,0.0499,0.0325,0.0272,0.0242,f6h5,f6h5,f6h5,f6h5,188.0,0.0499,-0.0257,True,club,03_disagreements_b2,1813,1825,1825,False,True
4rbk1/1p3p1p/5rp1/Pp1Pp3/1Pp1P1P1/6PP/2B3K1/1R1R4 b - - 0 28,56,oSbn6Apj,f6a6,182,25,f8d6,0.0198,0.0237,0.0267,0.033,f8d6,f8d6,f8d6,f8d6,627.0,0.033,0.0132,True,club,03_disagreements_b2,2218,2202,2202,False,True
6k1/p1p2qp1/1p1p1n1p/5Q2/2PN4/2PP3P/P4PPK/8 b - - 0 26,52,2L9bz0T7,d6d5,-107,32,f6d7,0.0411,0.0317,0.0245,0.0198,g7g6,c7c5,c7c5,f7d7,117.0,0.0411,-0.0213,True,club,03_disagreements_b2,2028,1951,1951,False,True
1kr4r/pN2bp2/2n2p2/4pq2/Q7/2RP1NP1/PP2P1KP/2R5 b - - 0 20,40,JRiOqq5T,f5d7,-469,29,f5h3,0.0093,0.0069,0.005,0.0042,b8b7,b8b7,b8b7,b8b7,191.0,0.0093,-0.0051,True,club,03_disagreements_b2,1912,2063,2063,False,True
3rr1k1/2q1b1pp/p4p2/1p1bNn2/8/P1P4P/1P3QP1/2BNRR1K b - - 0 24,48,zzCDHA7k,d5e6,463,92,g7g6,0.0239,0.0236,0.0234,0.0226,f6e5,f6e5,f6e5,f6e5,348.0,0.0239,-0.0013,True,club,03_disagreements_b2,2203,2005,2005,False,True
4r1k1/4rpb1/1q1p2pp/2p5/1pP2BP1/pP3QNP/P6K/3R1R2 b - - 0 32,64,kmVFISeM,d6d5,-287,44,g7e5,0.009,0.0065,0.0059,0.0075,g7e5,g7e5,g7e5,g7e5,141.0,0.009,-0.0015,True,club,03_disagreements_b2,1981,2020,2020,False,True
r3kbnr/pppbqp1p/2np4/6p1/P1BPPp2/2N2N2/1PP3PP/R1BQ1RK1 b kq - 0 8,16,DersPekk,h7h6,-95,49,e8c8,0.0201,0.023,0.0274,0.05,e8c8,e8c8,e8c8,e8c8,204.0,0.05,0.0299,True,club,03_disagreements_b2,1896,1849,1849,False,True
2krq1nr/1ppb1pbp/p1np4/P2N2N1/2BPPp2/2P5/1P4PP/R1BQ1RK1 b - - 0 12,24,DersPekk,g8h6,-355,33,h7h6,0.0388,0.0302,0.0237,0.041,h7h6,h7h6,h7h6,h7h6,135.0,0.041,0.0022,True,club,03_disagreements_b2,1896,1849,1849,False,True
7N/ppkn2Q1/4p3/2bp4/6p1/6P1/P2q4/2R2R1K b - - 2 28,56,fClHcVgc,d2b4,-425,15,b7b6,0.0184,0.0183,0.0142,0.0115,b7b6,b7b6,b7b6,c7d6,111.0,0.0184,-0.0069,True,club,03_disagreements_b2,1876,1848,1848,False,True
6k1/1pp3pp/1p6/1P2p3/P7/5P2/1r1r2PP/R5RK b - - 2 26,52,a6miTqye,b2c2,192,5,b2a2,0.0308,0.0276,0.0253,0.0241,b2a2,b2a2,b2a2,b2a2,145.0,0.0308,-0.0067,True,club,03_disagreements_b2,1887,1841,1841,False,True
3r4/5kpp/5p2/3N2P1/1P5r/3RB3/1K3P2/8 b - - 0 32,64,i4654ujN,h4e4,-257,6,h4g4,0.0272,0.03,0.0339,0.0423,f6g5,f6g5,f6g5,f6g5,146.0,0.0423,0.0151,True,club,03_disagreements_b2,1840,1879,1879,False,True
r6r/ppk4p/n2p2q1/1BpP1p2/7Q/5N2/PPP2PP1/2KR4 b - - 0 22,44,8QHM6Uda,a8g8,-16,19,a8d8,0.005,0.0056,0.0082,0.0137,a6b4,a6b4,a6b4,a6b4,225.0,0.0137,0.0087,True,club,03_disagreements_b2,1924,1925,1925,False,True
r1r5/7k/4Qp2/p2p4/Pp1P1P1N/8/1Pq3P1/R5K1 b - - 0 32,64,AMRnMZPI,c8c7,-30,25,c2e4,0.0101,0.0121,0.0128,0.0145,c2b2,c2b2,c2e4,c2e4,734.0,0.0145,0.0044,True,club,03_disagreements_b2,1910,1844,1844,False,True
3r1r2/1p2bpk1/3p4/pNpPn1p1/2P1N3/PP3PP1/4R1K1/R7 b - - 0 28,56,Av8qu2b4,a5a4,-52,32,f8h8,0.0084,0.0048,0.0039,0.0049,f8h8,f8h8,f7f5,f7f5,125.0,0.0084,-0.0035,True,club,03_disagreements_b2,1801,1888,1888,False,True
1br1r1k1/1p1q1pp1/p5p1/P2pn2n/5N2/1P1PB1PP/2PQ2BK/R4R2 b - - 8 26,52,KBQtHhA3,h5g3,350,103,h5f4,0.0169,0.0158,0.0151,0.0143,h5f4,h5f4,h5f4,h5f4,335.0,0.0169,-0.0026,True,club,03_disagreements_b2,2157,2105,2105,False,True
1k1rb3/1pp5/p1n4p/2bN2p1/8/5NBP/PPP2PP1/2KR4 b - - 0 24,48,5P3eoSzH,b8c8,-213,12,e8f7,0.0083,0.0073,0.0081,0.0098,c5d6,c5d6,c5d6,e8f7,301.0,0.0098,0.0015,True,club,03_disagreements_b2,1879,1995,1995,False,True
1r1r1k2/3bppb1/B2p2pp/1p6/8/P1P1B2P/1P3PP1/1R1R2K1 b - - 0 20,40,72I1IWr3,g6g5,135,12,d7c6,0.0202,0.0143,0.0124,0.0144,d7f5,d7f5,d7f5,b8a8,129.0,0.0202,-0.0058,True,club,03_disagreements_b2,2023,2038,2038,False,True
r1b1r1k1/1p3ppp/p7/4q3/3p4/1Q6/P1PB1PPP/R4RK1 b - - 1 20,40,6uC5DRxS,e5c5,130,4,c8e6,0.0044,0.0045,0.0044,0.0043,b7b5,b7b5,b7b5,b7b5,552.0,0.0045,-0.0001,True,club,03_disagreements_b2,1902,1866,1866,False,True
2kr3r/pbq2ppp/2n1pn2/1B4B1/1b6/2NP1N2/PPPQ1PPP/R3K2R b KQ - 3 10,20,47ZgDixI,c6e5,56,53,c6d4,0.0397,0.0437,0.0444,0.0491,h7h6,c6d4,c6d4,c6d4,139.0,0.0491,0.0094,True,club,03_disagreements_b2,1903,2008,2008,False,True
3r4/pk3p1p/4pp2/8/1b1r1q2/2NPQ1R1/PPPK1P2/6R1 b - - 3 20,40,47ZgDixI,b4c5,-52,47,d4e4,0.0091,0.0069,0.0059,0.0045,f4e3,f4e3,f4f5,f4f5,278.0,0.0091,-0.0046,True,club,03_disagreements_b2,1903,2008,2008,False,True
3r3r/p1k3p1/Pnb1p1qp/3pPp2/3P4/3BP1P1/3NQKP1/1R5R b - - 2 24,48,DsXvbfaW,d8c8,-251,13,d8b8,0.0149,0.0145,0.0148,0.0153,d8b8,d8b8,d8b8,d8b8,133.0,0.0153,0.0004,True,club,03_disagreements_b2,1812,1820,1820,False,True
2rr4/pb1N1ppk/1pn1pn2/8/5B2/P1qR4/P3QPPP/4R1K1 b - - 1 18,36,kvXsdoPF,c3e1,290,107,c3a5,0.0075,0.0094,0.0108,0.0099,c3c4,c3c4,c3c4,c3c4,810.0,0.0108,0.0024,True,club,03_disagreements_b2,2038,2065,2065,False,True
rnb3k1/pp4pp/2p5/3p4/7q/1P1PPB2/PBPKNn1b/R3Q2R b - - 4 16,32,5jIJ8Y6l,b8d7,-382,34,h4g3,0.0286,0.0287,0.0294,0.0274,f2h1,f2h1,f2h1,f2h1,494.0,0.0294,-0.0012,True,club,03_disagreements_b2,1905,2095,2095,False,True
rnb3k1/pp4pp/2p5/3p4/8/1P1PPBb1/PBPKQn2/R6R b - - 1 18,36,5jIJ8Y6l,b8d7,-677,12,f2h1,0.0083,0.0076,0.0075,0.0066,f2h1,f2h1,f2h1,f2h1,209.0,0.0083,-0.0017,True,club,03_disagreements_b2,1905,2095,2095,False,True
rnb3k1/pp5p/2pb2p1/8/4Q3/1P1P1B2/PBPK4/6R1 b - - 0 22,44,5jIJ8Y6l,g8f7,-918,236,c6c5,0.0285,0.0255,0.0252,0.0431,c8f5,c8f5,c8f5,c8f5,1070.0,0.0431,0.0146,True,club,03_disagreements_b2,1905,2095,2095,False,True
3r2k1/pp1P1p1p/5b2/6p1/2P2p1q/B2Q1B2/6PP/3R3K b - - 2 30,60,CmkeptU5,g8g7,-593,23,b7b6,0.0431,0.0317,0.0217,0.0203,g5g4,g5g4,g5g4,g5g4,176.0,0.0431,-0.0228,True,club,03_disagreements_b2,2197,2070,2070,False,True
2rqk2r/1b1nbppp/p1n1p3/1pppP3/5B2/2PP1N2/PPQ1BPPP/RN3RK1 b k - 4 12,24,DEGZPuGF,g7g5,232,57,e8g8,0.0155,0.0159,0.0221,0.0491,e8g8,e8g8,e8g8,e8g8,141.0,0.0491,0.0336,True,club,03_disagreements_b2,1861,1928,1928,False,True
r4rk1/p1p1b1p1/1p1ppn1p/7q/3PbP2/2P1PNQ1/PP1B2PP/R4RK1 b - - 3 20,40,P9d0RKhf,e4f5,608,22,f6g4,0.0257,0.0296,0.0291,0.0243,f6g4,f6g4,f6g4,f6g4,109.0,0.0296,-0.0014,True,club,03_disagreements_b2,1892,1888,1888,False,True
3r1rk1/ppp1qpb1/2n1b2p/2n1p1p1/4P1B1/3P1NBP/PPQN1PP1/1K4RR b - - 8 20,40,Yci3yFej,e6a2,516,26,c6b4,0.0119,0.0136,0.0154,0.0206,c5d3,c5d3,c5d3,c5d3,267.0,0.0206,0.0087,True,club,03_disagreements_b2,2060,2046,2046,False,True
r3kbnr/1ppqpp2/p1n4p/3pBbp1/3P4/3BPN1P/PPP2PP1/RN1Q1RK1 b kq - 1 8,16,Iy9peOrb,f5d3,-60,41,f7f6,0.009,0.0052,0.004,0.0041,f7f6,f7f6,f7f6,f7f6,167.0,0.009,-0.0049,True,club,03_disagreements_b2,1836,1903,1903,False,True
2r1kbnr/1pB1p1q1/p1n2p2/3N1Q2/3P3p/4P3/PPP2PPN/R4RK1 b k - 2 16,32,Iy9peOrb,c6a7,-352,105,c8a8,0.0229,0.0234,0.0254,0.0296,c8c7,c8c7,c8c7,c8c7,230.0,0.0296,0.0067,True,club,03_disagreements_b2,1836,1903,1903,False,True
r5k1/1pp2ppp/1r4b1/p1Q5/4N3/qN1P3P/2P2PP1/1K1R1B1R b - - 7 24,48,ItjNIvun,b6b4,-119,174,a3a4,0.0093,0.0079,0.0075,0.0078,b6b3,b6b3,b6b3,b6b3,245.0,0.0093,-0.0015,True,club,03_disagreements_b2,2136,2147,2147,False,True
r5k1/1pQ2ppp/6b1/p7/qr6/1N1P3P/2P2PP1/2KR1B1R b - - 2 28,56,ItjNIvun,g6f5,0,76,a4a2,0.0068,0.0047,0.0039,0.0035,a4a3,b4b3,b4b3,b4b3,191.0,0.0068,-0.0033,True,club,03_disagreements_b2,2136,2147,2147,False,True
r4rk1/p2pbpp1/bqp1pn1p/8/3P3B/1N3N2/PPP2PPP/R2QR1K1 b - - 1 12,24,iGhBOhHF,d7d6,26,10,f8e8,0.0185,0.0275,0.0374,0.0403,a6c4,a6c4,d7d5,d7d5,141.0,0.0403,0.0218,True,club,03_disagreements_b2,1825,1867,1867,False,True
r1br2k1/p4pq1/1p1p1n1B/2pP4/7Q/2P4P/P1B3P1/R5K1 b - - 0 26,52,YhVbTjDO,g7h6,-777,10,g7h8,0.0325,0.0289,0.0285,0.024,g7h8,g7h8,g7h8,g7h8,1221.0,0.0325,-0.0085,True,club,03_disagreements_b2,1885,1996,1996,False,True
r3k2r/pppq1pb1/7p/4p1p1/4N3/P1P1P1P1/1P3PP1/R2QK2R b KQkq - 1 16,32,LhsnDHcf,f7f5,-28,41,d7c6,0.021,0.0209,0.0293,0.035,d7d1,d7d1,e8c8,e8c8,116.0,0.035,0.014,True,club,03_disagreements_b2,1994,2235,2235,False,True
r1bqk2r/pp2ppbp/2np1np1/8/3NP1P1/2N1B3/PPP1BP1P/R2QK2R b KQkq - 0 8,16,a9cmFKUZ,f6g4,128,16,c8d7,0.0337,0.0399,0.0404,0.0199,e8g8,e8g8,e8g8,e8g8,156.0,0.0404,-0.0138,True,club,03_disagreements_b2,1885,1969,1969,False,True
r1b2k1r/ppp1nppp/8/1B1PNq2/1PNb4/P7/4Q1PP/R1BK3R b - - 5 16,32,GPlWMTDU,f7f6,-108,151,d4a1,0.0129,0.0111,0.0097,0.0104,d4a1,d4a1,d4a1,d4a1,325.0,0.0129,-0.0025,True,club,03_disagreements_b2,1908,1937,1937,False,True
4r1k1/p2n2pp/1ppq2p1/3p4/P2P2P1/1QN1Pr2/1P1R1P2/2K4R b - - 0 20,40,mLTZEfMY,d6e6,337,49,d7f6,0.0312,0.0265,0.0268,0.0334,e8f8,e8f8,e8f8,e8f8,119.0,0.0334,0.0022,True,club,03_disagreements_b2,1867,1812,1812,False,True
r5k1/6p1/p3qpB1/1pp1p3/7R/2B4P/PP4P1/3R2K1 b - - 1 30,60,yWhGfTFj,c5c4,-320,14,b5b4,0.0375,0.0278,0.0212,0.0185,b5b4,g8f8,f6f5,f6f5,113.0,0.0375,-0.019,True,club,03_disagreements_b2,2095,1984,1984,False,True
r5k1/6p1/4qp2/p1p1p3/1p5R/3B3P/PP4P1/3RB1K1 b - - 1 32,64,yWhGfTFj,e5e4,-455,105,a8d8,0.0161,0.0145,0.015,0.0141,e6a2,e6a2,e6a2,e6a2,141.0,0.0161,-0.002,True,club,03_disagreements_b2,2095,1984,1984,False,True
r2q3r/pb3kbp/2p1pnp1/3p2B1/8/1QN5/PPP1BPPP/R3K2R b KQ - 1 14,28,PKgFMUsV,b7c8,32,10,a8b8,0.0119,0.0078,0.0048,0.0047,a8b8,a8b8,a8b8,a8b8,119.0,0.0119,-0.0072,True,club,03_disagreements_b2,2074,2002,2002,False,True
2b1r1k1/3r3p/p2q2p1/1ppp1p2/7R/P1Q1P3/1P3PPP/1B2R1K1 b - - 1 34,68,o78bLTK5,d6e7,323,103,b5b4,0.0152,0.0172,0.0163,0.0139,d5d4,d5d4,d5d4,d5d4,132.0,0.0172,-0.0013,True,club,03_disagreements_b2,1837,1879,1879,False,True
2r1r3/2p3pp/3q4/5pk1/5p2/3P3Q/PPP3PP/R4RK1 b - - 3 24,48,A0AkWlZP,c8b8,-21,14,e8e3,0.0093,0.0067,0.0063,0.0066,e8e3,e8e3,e8e3,e8e3,191.0,0.0093,-0.0027,True,club,03_disagreements_b2,1905,1943,1943,False,True
rnb1r3/pp3Npk/1qp4p/2p1Pp1Q/2BP4/8/P1P3PP/R4RK1 b - - 3 20,40,kzzmh7G8,b6d8,-846,1136,c5d4,0.0015,0.0012,0.0009,0.0008,c5d4,c5d4,c5d4,c5d4,1152.0,0.0015,-0.0007,True,club,03_disagreements_b2,2234,2072,2072,False,True
rk4r1/ppp1n1q1/4QN2/4p3/3p3p/6P1/PPP2P1P/R1B1R1K1 b - - 5 20,40,41amNhN0,a7a5,-617,12,g8h8,0.0106,0.0075,0.0055,0.0059,h4g3,h4g3,h4g3,h4g3,149.0,0.0106,-0.0047,True,club,03_disagreements_b2,1987,1916,1916,False,True
2r2nk1/pp2bppp/1q2p3/3pP3/5P2/1P1Q1N2/PBr3PP/1R3R1K b - - 7 18,36,eHoycNUB,b6b4,181,11,h7h5,0.0117,0.011,0.0111,0.011,f8g6,f8g6,f8g6,f8g6,154.0,0.0117,-0.0007,True,club,03_disagreements_b2,1813,1819,1819,False,True
r2qnrk1/1p1b1p1p/p1pp1bpB/5P2/4P3/2N3Q1/PPP1B1PP/R4R1K b - - 2 16,32,lWEDHQzo,f6e5,-129,31,f6g7,0.0135,0.013,0.0187,0.0298,f6g7,f6g7,f6g7,f6g7,135.0,0.0298,0.0163,True,club,03_disagreements_b2,1884,1957,1957,False,True
8/p2kn2p/1p3Q2/3p4/3P4/1P4K1/PB4P1/3q2b1 b - - 1 30,60,P3HfXYCR,d1h5,735,118,d1d3,0.0072,0.0055,0.0045,0.0053,d1d3,d1d3,d1d3,d1d3,161.0,0.0072,-0.0019,True,club,03_disagreements_b2,1841,1833,1833,False,True
8/4P3/1q3kpp/1p3p2/1p1r4/1P2Q3/P5PP/5R1K b - - 0 32,64,naMVHzky,d4c4,-945,82,d4f4,0.0025,0.0022,0.0019,0.0018,d4d1,d4d1,d4d1,d4e4,1040.0,0.0025,-0.0007,True,club,03_disagreements_b2,1803,1818,1818,False,True
1k6/1p1R1Bp1/1p3b2/p1r4P/7P/5p2/P4P2/6K1 b - - 0 34,68,l3Dt2Iz3,f6e5,285,176,f6h4,0.0122,0.0077,0.0054,0.0048,f6h4,f6h4,f6h4,f6h4,259.0,0.0122,-0.0074,True,club,03_disagreements_b2,1876,1886,1886,False,True
r1bqr1k1/pp3ppn/7p/2p1P3/3P4/2P2Q1P/P3NBP1/R4RK1 b - - 2 20,40,sg2UuKHO,c8e6,-43,13,h7g5,0.0214,0.0251,0.0287,0.0412,c5d4,c5d4,c5d4,c5d4,106.0,0.0412,0.0198,True,club,03_disagreements_b2,1995,2082,2082,False,True
r4r1k/p2qbpp1/3pb2p/Q1n1p3/2N1Pn2/2PP1N1P/PPB2PP1/R1B2RK1 b - - 8 16,32,Paj5UPCq,f4g2,244,95,f4h3,0.026,0.0272,0.0302,0.0329,f4e2,e6h3,e6h3,e6h3,262.0,0.0329,0.0069,True,club,03_disagreements_b2,1927,1901,1901,False,True
r3kbnr/ppp1qppp/2np2b1/1B2P3/4P1P1/5N1P/PPP2P2/RNBQ1RK1 b kq - 0 8,16,zQKy0Byz,h7h5,-125,81,g6e4,0.0029,0.0026,0.0023,0.0019,g6e4,g6e4,e8c8,e8c8,103.0,0.0029,-0.001,True,club,03_disagreements_b2,1916,1886,1886,False,True
1k1r1bnr/p1p1qppp/2Q5/4R3/5BP1/7P/PPP2P2/RN4K1 b - - 0 14,28,zQKy0Byz,e7e5,-682,47,d8d1,0.0098,0.0082,0.0083,0.0122,d8d1,d8d1,d8d1,d8d1,126.0,0.0122,0.0024,True,club,03_disagreements_b2,1916,1886,1886,False,True
5rk1/np2bpp1/1q2p2p/R2pN3/1PrP4/2PQ2N1/5PPP/4R1K1 b - - 4 22,44,w7hLNpw7,c4c3,87,140,c4c7,0.0065,0.0033,0.0019,0.0013,c4c7,c4c7,c4c7,c4c7,249.0,0.0065,-0.0052,True,club,03_disagreements_b2,1813,1809,1809,False,True
5r2/pp3p2/2p2k2/5N2/7p/3r4/PP3R2/4R1K1 b - - 1 30,60,wmnT0YUo,f8d8,-314,4,f6g5,0.0136,0.0088,0.0076,0.0102,f8g8,f8g8,f8g8,f8g8,104.0,0.0136,-0.0034,True,club,03_disagreements_b2,3011,2816,2816,False,True
rn1q3r/pbpkp1b1/1p1p1BB1/8/8/2N5/PPP2PPP/R2QR1K1 b - - 0 14,28,oRcbL31I,d7c8,-597,36,g7f6,0.0002,0.0001,0.0001,0.0002,g7f6,g7f6,g7f6,g7f6,1399.0,0.0002,0.0,True,club,03_disagreements_b2,1856,1832,1832,False,True
r1b2rk1/p1pp1ppp/1p6/2bPn3/Q3p1q1/P3P3/1P1P1PBP/R1B2KNR b - - 2 14,28,2XEmWd4e,c8a6,933,331,a7a5,0.0428,0.0325,0.0282,0.0324,e5d3,e5d3,e5d3,a7a5,293.0,0.0428,-0.0104,True,club,03_disagreements_b2,1819,1818,1818,False,True
8/p4k2/2p1p1p1/P2p4/3K4/5R2/4r3/4B3 b - - 7 34,68,sJ8wz6wA,f7e8,6,36,f7e7,0.0098,0.0114,0.0117,0.0135,f7e7,f7e7,f7e7,f7e7,434.0,0.0135,0.0037,True,club,03_disagreements_b2,2048,1959,1959,False,True
6k1/3r1ppp/3Bp1n1/1p1bP3/pP1P4/P1r4P/6P1/R4RKN b - - 5 34,68,HnGq0lLa,h7h6,314,3,d5c4,0.0263,0.0351,0.0397,0.0316,c3d3,c3d3,g6h4,g6h4,225.0,0.0397,0.0053,True,club,03_disagreements_b2,1894,1880,1880,False,True
4r1k1/4qppp/1P6/8/3P4/1Q1PnR1P/6P1/5BK1 b - - 0 32,64,oAZIO8vY,g7g6,-157,3,e3f1,0.0093,0.0079,0.0067,0.0101,e3f1,e3f1,e3f1,e3f1,155.0,0.0101,0.0008,True,club,03_disagreements_b2,1967,1811,1811,False,True
r4rk1/1p3ppp/p7/2q3b1/2P1p3/1P4Q1/PB3PPP/2R2R1K b - - 3 20,40,IFBvykbl,a8d8,-5,11,g7g6,0.0357,0.0255,0.0219,0.0231,g5c1,g5c1,g5c1,g5c1,1994.0,0.0357,-0.0126,True,club,03_disagreements_b2,1838,1894,1894,False,True
3r1rk1/1p3p1p/p5p1/2q3b1/2P1p2P/1P4Q1/PB3PP1/3R1R1K b - - 0 22,44,IFBvykbl,g5d2,20,28,g5h6,0.048,0.0318,0.0197,0.0125,g5h6,g5h6,g5h6,g5h6,606.0,0.048,-0.0355,True,club,03_disagreements_b2,1838,1894,1894,False,True
r4rk1/pp1nbppp/1q2pn2/3pNP2/3P4/2NQ4/PPP3PP/R1B2R1K b - - 2 12,24,nXQcjEgA,e7b4,6,5,e7d6,0.0266,0.0209,0.0158,0.0094,d7e5,e6f5,e6f5,e6f5,226.0,0.0266,-0.0172,True,club,03_disagreements_b2,2096,1975,1975,False,True
8/5pkp/6p1/1PpBq3/2P5/4Q1Pn/3P2K1/8 b - - 1 30,60,blVVxLI1,e5c7,-578,26,e5h5,0.0064,0.0059,0.0061,0.0074,e5h5,e5h5,e5h5,e5h5,149.0,0.0074,0.001,True,club,03_disagreements_b2,2015,1970,1970,False,True
2q5/5pkp/1P4p1/2pQ4/2P5/5BPn/3P2K1/8 b - - 0 34,68,blVVxLI1,c8e8,-631,10,h7h6,0.012,0.0087,0.007,0.0066,h3g5,h3g5,h3g5,h3g5,146.0,0.012,-0.0054,True,club,03_disagreements_b2,2015,1970,1970,False,True
1rbr2k1/2p2p1p/p2Rp1pB/8/2Q5/1P5P/P1P2PP1/2K5 b - - 0 20,40,PtoTeGO7,c8d7,-1020,60,c7d6,0.0019,0.0011,0.0008,0.0007,c7d6,c7d6,c7d6,c7d6,976.0,0.0019,-0.0012,True,club,03_disagreements_b2,1824,1872,1872,False,True
r3kb1r/pp2n1pp/2p2p2/2Nb4/5qBN/2P5/P5PP/R2QR2K b kq - 5 22,44,YF7sxHKK,g7g6,-204,34,f4c7,0.0177,0.0183,0.0195,0.0225,g7g5,g7g5,g7g5,f4c7,290.0,0.0225,0.0048,True,club,03_disagreements_b2,1879,1928,1928,False,True
r4b1r/ppq2k1p/2p1Bpp1/2Nn4/6QN/8/P5PP/4R2K b - - 1 28,56,YF7sxHKK,f7e8,-700,187,f7g7,0.0258,0.0157,0.0099,0.0076,f7g7,f7g7,f7g7,f7g7,1299.0,0.0258,-0.0182,True,club,03_disagreements_b2,1879,1928,1928,False,True
2r2rk1/Bp3qp1/3bb2p/3pp3/8/1B6/PP1Q1PPP/R3R1K1 b - - 0 20,40,HedlJWUj,c8c6,97,15,d5d4,0.0209,0.0241,0.029,0.0355,e5e4,d5d4,d5d4,d5d4,115.0,0.0355,0.0146,True,club,03_disagreements_b2,1841,1977,1977,False,True
r4b1k/3q2pp/6n1/3p1p1Q/p2BbPP1/1P5P/BP6/4RRK1 b - - 0 26,52,ZvSxdh6Q,f8b4,-5,3,a4a3,0.0456,0.0358,0.0299,0.0372,a4b3,a4b3,a4b3,a4b3,100.0,0.0456,-0.0084,True,club,03_disagreements_b2,2010,2024,2024,False,True
r5k1/5pp1/4pn1p/3p4/8/qP4P1/P1RQPPBP/6K1 b - - 2 26,52,SlovoILs,h6h5,-211,5,a3a5,0.0065,0.006,0.007,0.0081,f6e4,f6e4,f6d7,f6d7,111.0,0.0081,0.0016,True,club,03_disagreements_b2,1960,1924,1924,False,True
rnb1k1nr/pp1p3p/2p3q1/4Q3/1b6/2N5/PPP1BPPP/R1B1K2R b KQkq - 1 10,20,BTTMA1FT,e8f8,-443,74,g6e6,0.0433,0.0309,0.0311,0.0482,g8e7,g6e6,g6e6,g6e6,105.0,0.0482,0.0049,True,club,03_disagreements_b2,1954,1952,1952,False,True
rn4n1/pp1bk3/2p1p3/6P1/1b2N3/P7/1PP2PP1/2KR3R b - - 0 20,40,BTTMA1FT,a7a5,-494,2,b4a5,0.0024,0.0019,0.0016,0.0023,b4a5,b4a5,b4a5,b4a5,112.0,0.0024,-0.0001,True,club,03_disagreements_b2,1954,1952,1952,False,True
5k2/1p3p1p/7q/p7/PnPB4/NP1p1Q2/3P1PPP/5K2 b - - 0 26,52,PaltU4Ci,h6g6,-537,6,h6d2,0.0022,0.0019,0.0016,0.0018,h6d2,h6d2,h6d2,h6d2,154.0,0.0022,-0.0004,True,club,03_disagreements_b2,2186,2072,2072,False,True
r3qkn1/1p4pQ/3B1p2/pP1p4/P1pP2P1/2n2P2/6P1/RB4K1 b - - 1 26,52,3CKErfbk,e8e7,-779,32,f8f7,0.0052,0.0043,0.0042,0.0036,f8f7,f8f7,f8f7,f8f7,696.0,0.0052,-0.0016,True,club,03_disagreements_b2,1905,1988,1988,False,True
r1b1k3/ppq2p2/4p3/3p2n1/3P2Q1/P1N1K1br/BP5P/R4R2 b q - 1 24,48,Wq1gXdTd,e6e5,628,58,g3h4,0.024,0.0191,0.0158,0.0156,g3h2,g3h2,g3h2,g3h2,112.0,0.024,-0.0084,True,club,03_disagreements_b2,1846,1863,1863,False,True
r3k2r/p2qnp1p/4p1p1/3p4/3Q1P2/2N5/PPP3PP/R3K2R b KQkq - 0 14,28,Zyj5IPnk,e8c8,9,54,e8g8,0.0451,0.0245,0.0089,0.0028,e8g8,e8g8,e8g8,e8g8,163.0,0.0451,-0.0423,True,club,03_disagreements_b2,1877,1839,1839,False,True
r4rk1/p2q1p1p/4p1p1/3p1n2/5P2/2N5/PPP2QPP/2KR3R b - - 4 16,32,Zyj5IPnk,h7h5,157,23,a8b8,0.0126,0.0076,0.0042,0.0048,d5d4,a7a5,a7a5,a7a5,111.0,0.0126,-0.0078,True,club,03_disagreements_b2,1877,1839,1839,False,True
r2r2k1/6pp/p7/1p1Np1b1/3nP1b1/N2R4/PPP3PP/1K3B1R b - - 2 18,36,qM8wguQQ,g4h5,-21,13,a8c8,0.0098,0.0109,0.011,0.0086,b5b4,a8c8,a8c8,a8c8,126.0,0.011,-0.0012,True,club,03_disagreements_b2,2030,2114,2114,False,True
2r3k1/6pp/8/pp1Pp1b1/4b3/2PR2P1/PPK4P/5BR1 b - - 2 24,48,qM8wguQQ,c8f8,84,284,g5e3,0.0192,0.0226,0.0319,0.0442,b5b4,b5b4,b5b4,b5b4,303.0,0.0442,0.025,True,club,03_disagreements_b2,2030,2114,2114,False,True
rnb2rk1/qp2bppp/8/p1PnP3/3p4/1R1B1N2/3BQ1PP/1N3RK1 b - - 2 16,32,eGwoUHMg,g7g6,170,8,c8e6,0.0005,0.0003,0.0002,0.0005,e7c5,e7c5,e7c5,e7c5,597.0,0.0005,0.0,True,club,03_disagreements_b2,1920,1922,1922,False,True
6k1/3n1r2/4N1p1/p3qnNp/8/7Q/3p2PP/5R1K b - - 1 34,68,eGwoUHMg,f5g3,1996,5,e5e1,0.0335,0.0364,0.0345,0.0334,e5e1,e5e1,f7e7,f7e7,1672.0,0.0364,-0.0001,True,club,03_disagreements_b2,1920,1922,1922,False,True
r3k2r/ppp1bppp/2n2n2/1B5q/3P1Bb1/2N2N2/PPP1Q1PP/R4RK1 b kq - 4 12,24,enAeY4PL,g4e6,-176,17,f6d5,0.0019,0.0019,0.0016,0.0008,e8g8,e8g8,e8g8,e8g8,267.0,0.0019,-0.0011,True,club,03_disagreements_b2,1813,1819,1819,False,True
r1bqr1n1/pp1n1pbk/2pp2pP/8/3PP2P/3BBPN1/PP1Q4/RN2K2R b KQ - 0 14,28,5PSvl8w2,g7f6,-235,28,g7h6,0.0124,0.0113,0.012,0.0142,g8h6,g8h6,g8h6,g8h6,129.0,0.0142,0.0018,True,club,03_disagreements_b2,1917,1904,1904,False,True
r1b4k/pp3p2/2p4n/4r1pP/3q4/2NBn1N1/PP3Q2/R4RK1 b - - 5 24,48,5PSvl8w2,h6g4,596,140,d4d3,0.0396,0.0273,0.0222,0.0233,d4d3,d4d3,d4d3,d4d3,513.0,0.0396,-0.0163,True,club,03_disagreements_b2,1917,1904,1904,False,True
r7/pp3p1k/2p2R1n/3b2QP/8/3q2N1/PP2N3/5K2 b - - 8 32,64,5PSvl8w2,h6g4,-513,12,h6g8,0.0161,0.0095,0.0079,0.0095,d3d1,d3d1,d3d1,d3d1,146.0,0.0161,-0.0066,True,club,03_disagreements_b2,1917,1904,1904,False,True
r5n1/pp3p1k/2p2R2/3b1NQP/8/5q2/PP2N3/4K3 b - - 12 34,68,5PSvl8w2,f3f5,-966,1029,f3h1,0.003,0.0028,0.0032,0.0049,f3h1,f3h1,f3h1,f3h1,1030.0,0.0049,0.0019,True,club,03_disagreements_b2,1917,1904,1904,False,True
r1b1r1k1/2p2ppp/p2b4/1p6/3P2nq/1BP1BQ1P/PP3PP1/RN2R1K1 b - - 4 16,32,FfwV0ZEv,c8d7,-342,19,d6h2,0.0145,0.0127,0.0115,0.0115,d6h2,c8e6,c8e6,c8e6,168.0,0.0145,-0.003,True,club,03_disagreements_b2,1918,1918,1918,False,True
r3r1k1/2p2ppp/p3B3/1p6/3P2nq/2P1BQ1P/PP3PPb/RN2R2K b - - 0 18,36,FfwV0ZEv,g4h6,-559,6,f7e6,0.0003,0.0002,0.0001,0.0001,e8e6,e8e6,e8e6,e8e6,1438.0,0.0003,-0.0002,True,club,03_disagreements_b2,1918,1918,1918,False,True
rbb1r1k1/pp3pp1/2p4p/q1P1p3/3P4/1Q1B1N2/PP3PPP/R3R1K1 b - - 2 16,32,zGwEPRKO,b7b6,-117,45,c8g4,0.0415,0.0404,0.0253,0.0092,a5c7,a5c7,a5c7,a5c7,112.0,0.0415,-0.0323,True,club,03_disagreements_b2,1991,2037,2037,False,True
r1b1k2r/ppqn1pp1/2pbp2p/3pN3/3PnB1P/2PBPN2/PP3PP1/R2QK2R b KQkq - 0 10,20,HI5PFv9Q,c6c5,-78,3,b7b6,0.0182,0.0164,0.0199,0.0221,f7f6,f7f6,f7f6,f7f6,197.0,0.0221,0.0039,True,club,03_disagreements_b2,1928,2079,2079,False,True
6k1/2q2ppp/1np5/p3N3/Pr1Pb3/2Q4P/5PP1/2R2BK1 b - - 3 30,60,RhlSnWg6,c7d6,-11,16,b6a4,0.0192,0.0262,0.0288,0.0314,b6a4,b6a4,b6a4,b6a4,279.0,0.0314,0.0122,True,club,03_disagreements_b2,1993,1933,1933,False,True
2rqr1k1/3n2p1/1p2b1np/p1ppP3/3P4/1P2QNP1/P2B2BP/R3R1K1 b - - 0 24,48,Yhg2wUMT,e6f5,29,15,d8e7,0.0138,0.0148,0.0166,0.0196,c5d4,c5d4,c5d4,c5d4,152.0,0.0196,0.0058,True,club,03_disagreements_b2,1871,1865,1865,False,True
3r2k1/1bb2ppp/1p4q1/2p5/4pP2/P1BrP1NP/1PQR2PK/4R3 b - - 9 28,56,F0PTGNCP,c7f4,794,607,h7h5,0.0201,0.0171,0.0112,0.006,d3d2,d3d2,h7h5,h7h5,622.0,0.0201,-0.0141,True,club,03_disagreements_b2,2238,1920,1920,False,True
r2qr1k1/1pp1ppbp/3p1np1/p2Pn3/2P1P3/2N1B3/PP2BPPP/2RQ1RK1 b - - 4 12,24,SfnTgVlN,e5d7,-131,3,e7e6,0.0292,0.0429,0.049,0.0419,d8d7,d8d7,d8d7,f6d7,290.0,0.049,0.0127,True,club,03_disagreements_b2,2100,2060,2060,False,True
3r3r/p3kpbp/1pb1p1p1/2p5/2P1PN2/4P1P1/PP4BP/2KR1R2 b - - 5 18,36,dR87RTgs,d8b8,226,6,d8d1,0.0033,0.0027,0.0015,0.0008,d8d1,d8d1,d8d1,g7e5,124.0,0.0033,-0.0025,True,club,03_disagreements_b2,1856,1870,1870,False,True
r1b1k2r/pp2nppp/1q2p3/b1NpP3/1P6/P2B1Q2/5PPP/R1B2RK1 b kq - 0 14,28,X45G8Ukg,b6c6,-176,25,a5b4,0.0169,0.0102,0.005,0.0025,a5b4,a5b4,a5b4,a5b4,306.0,0.0169,-0.0144,True,club,03_disagreements_b2,2111,2149,2149,False,True
r3k2r/p2b1ppp/2pBp3/3pP3/7q/3N1Q2/5PPP/R4RK1 b kq - 1 20,40,X45G8Ukg,f7f5,-515,11,f7f6,0.0426,0.0308,0.0273,0.024,h4d4,h4d4,h4d4,h4d4,199.0,0.0426,-0.0186,True,club,03_disagreements_b2,2111,2149,2149,False,True
r5r1/p1k5/R1p2pq1/3pp2p/7P/5QB1/5PP1/2R3K1 b - - 5 34,68,X45G8Ukg,c7d8,-753,15,g6e8,0.0324,0.0295,0.0226,0.0176,c7b7,c7b7,c7b7,c7d7,436.0,0.0324,-0.0148,True,club,03_disagreements_b2,2111,2149,2149,False,True
8/5Qbk/p2q2pp/5p2/1p1N4/4P2P/P4PP1/6K1 b - - 1 32,64,QOrFkA4i,d6b8,-73,8,d6f6,0.0015,0.0009,0.0006,0.0006,a6a5,a6a5,a6a5,a6a5,469.0,0.0015,-0.0009,True,club,03_disagreements_b2,1879,1872,1872,False,True
r2q1rk1/1b2npbp/pp2p1p1/2p3B1/P2nP3/3P1N1P/BP1N1PP1/1R1Q1RK1 b - - 3 14,28,9F9QDRJ6,d4c6,90,6,d8d7,0.0137,0.0165,0.0185,0.0144,b6b5,d8d7,d8d7,d8d7,176.0,0.0185,0.0007,True,club,03_disagreements_b2,1962,1845,1845,False,True
1r1r2k1/1b3pbp/p2qp1p1/Q1p5/P1B1P3/3P1N1P/1P3PP1/1R1R2K1 b - - 6 22,44,9F9QDRJ6,b7c6,-8,65,g7d4,0.0269,0.026,0.0272,0.0342,b8a8,b8a8,g7d4,g7d4,163.0,0.0342,0.0073,True,club,03_disagreements_b2,1962,1845,1845,False,True
2rq1rk1/1p2nppp/pbn1p3/3pP3/3P1PPB/P4N1P/1P2B3/2RQ1RK1 b - - 2 18,36,X27H7gYN,c6d4,100,172,d8d7,0.0472,0.0183,0.0076,0.004,d8d7,d8d7,d8d7,d8d7,181.0,0.0472,-0.0432,True,club,03_disagreements_b2,2017,1987,1987,False,True
2r2rk1/1p1q1ppp/pbn1p1n1/3pP3/3P1PP1/P2Q1NBP/1P2B3/2R2RK1 b - - 6 20,40,X27H7gYN,c6d4,14,74,c8c7,0.0228,0.0138,0.0096,0.0084,b6a7,b6a7,b6a7,c6a5,106.0,0.0228,-0.0144,True,club,03_disagreements_b2,2017,1987,1987,False,True
r5k1/p3qppp/2pr4/2b2b2/Q3p3/4P1NP/PP3PP1/R1B2RK1 b - - 5 16,32,j6iAHnQo,f5h3,57,11,f5g6,0.0295,0.0343,0.0221,0.0083,f5g6,f5g6,f5g6,f5g6,102.0,0.0343,-0.0212,True,club,03_disagreements_b2,2187,2230,2230,False,True
r3k2r/ppp2p2/2p1qp1p/8/3QP3/2P5/2P2PPP/3R1RK1 b kq - 3 16,32,n2ELxpvr,a7a5,101,35,e8e7,0.0066,0.0089,0.0091,0.0097,e8g8,e8g8,e8g8,e8e7,286.0,0.0097,0.0031,True,club,03_disagreements_b2,1823,1855,1855,False,True
r2q1r1k/1b1p2pp/4p3/1N2Pp2/p4P1n/2P1Q2P/PPB3P1/R5RK b - - 0 28,56,rv9OgJLU,a8b8,69,15,f8g8,0.0302,0.0338,0.035,0.0443,a8a5,a8a5,b7c6,b7c6,108.0,0.0443,0.0141,True,club,03_disagreements_b2,1930,2055,2055,False,True
8/p2b3p/1p3k2/1Pp2p2/2P1p2P/P1K3P1/4BP2/8 b - - 0 30,60,B6HrxGuF,f5f4,327,211,f6g7,0.0041,0.0023,0.0017,0.0021,f6e5,f6e5,f6e5,f6e5,245.0,0.0041,-0.002,True,club,03_disagreements_b2,1829,1866,1866,False,True
3r1k2/R3n2p/6p1/pB1Pp3/4P3/P1r5/3K3P/1R6 b - - 5 34,68,yXBQVkce,c3f3,-230,38,c3a3,0.0222,0.015,0.0113,0.01,c3a3,c3a3,c3a3,c3a3,194.0,0.0222,-0.0122,True,club,03_disagreements_b2,1956,1952,1952,False,True
r1bqk2r/ppp1bpp1/1n1p1n1p/3Pp3/2P1P2B/2NB4/PP3PPP/R2QK1NR b KQkq - 1 8,16,IRuM2Uo8,f6e4,164,35,c8g4,0.0087,0.0214,0.0371,0.0437,g7g5,g7g5,e8g8,e8g8,156.0,0.0437,0.035,True,club,03_disagreements_b2,1876,1865,1865,False,True
3rr3/1p6/1pp2k2/6p1/1P2P1K1/8/P7/3R1R2 b - - 1 34,68,sppe3y42,f6e6,178,72,f6g6,0.0102,0.008,0.0072,0.0083,f6g6,f6g6,f6g6,f6g6,154.0,0.0102,-0.0019,True,club,03_disagreements_b2,1919,1947,1947,False,True
2r3k1/5ppp/4p3/2Bpn3/2qP4/6P1/2BQ1PKP/1R6 b - - 4 28,56,cNHxdFK1,h7h6,-412,9,e5d7,0.0275,0.0244,0.0197,0.0173,e5g4,e5g4,e5d7,e5d7,149.0,0.0275,-0.0102,True,club,03_disagreements_b2,2067,2107,2107,False,True
1r4k1/4pp2/6p1/R1n1Pb1p/2r4P/P1N2P2/1PP1N1P1/1K1R4 b - - 4 28,56,7G1LxMeM,g6g5,-403,13,c5b3,0.0062,0.0018,0.0007,0.0005,c5b3,c5b3,c4h4,c4h4,115.0,0.0062,-0.0057,True,club,03_disagreements_b2,2045,2133,2133,False,True
rb3rk1/1pqn1pp1/p3b2p/3p4/1P1P2B1/P1N1B2P/2P3P1/2RQ1RK1 b - - 0 20,40,Nl5zcapy,f7f5,483,22,c7c3,0.0047,0.0045,0.0043,0.0031,c7h2,c7h2,c7h2,c7h2,143.0,0.0047,-0.0016,True,club,03_disagreements_b2,2130,2035,2035,False,True
4r1k1/5pp1/7p/ppbp4/3N4/2P1RPP1/PP3KP1/8 b - - 1 32,64,z3IFpDLC,c5d4,-4,2,e8e3,0.0395,0.0358,0.0316,0.0231,e8e3,e8e3,e8e3,e8e3,204.0,0.0395,-0.0164,True,club,03_disagreements_b2,2002,1988,1988,False,True
r2qkb1r/pp2nppp/2n1p3/1BPpP3/6b1/2P1BN2/PP3PPP/RN1QK2R b KQkq - 3 8,16,ceu607iQ,d8a5,-48,23,e7f5,0.0136,0.0144,0.0156,0.0133,e7f5,e7f5,e7f5,e7f5,144.0,0.0156,-0.0003,True,club,03_disagreements_b2,2150,2102,2102,False,True
2k3rr/p1q2p1p/2p1pQ2/3pP3/8/2P1bN2/PP1N2PP/2KR3R b - - 3 16,32,ceu607iQ,c8b8,-428,1,h7h5,0.0032,0.0042,0.0047,0.006,g8g2,g8g2,g8g2,g8g2,200.0,0.006,0.0028,True,club,03_disagreements_b2,2150,2102,2102,False,True
5Q2/pkq2p2/2p1p3/3pP2p/8/1N5P/rP4P1/2KR3R b - - 3 24,48,ceu607iQ,c6c5,-659,20,a7a5,0.044,0.033,0.029,0.0299,c7e5,c7e5,c7e5,c7e5,500.0,0.044,-0.0141,True,club,03_disagreements_b2,2150,2102,2102,False,True
r3k2r/ppq1bppp/2n1bn2/2p1p3/P1NpP3/3P2P1/1PPN1PBP/R1BQ1RK1 b kq - 4 10,20,vksrdlR3,g7g5,80,40,h7h5,0.0047,0.0057,0.0077,0.016,e8g8,e8g8,e8g8,e8g8,103.0,0.016,0.0113,True,club,03_disagreements_b2,2271,2346,2346,False,True
rnb2rk1/pppp1ppp/8/8/1b5q/5N2/PPPPN1PP/R1BQ1BKR b - - 4 8,16,Yz3VqAx5,h4d8,-391,28,h4f6,0.0129,0.0104,0.0116,0.0127,b4c5,b4c5,b4c5,b4c5,163.0,0.0129,-0.0002,True,club,03_disagreements_b2,2131,2042,2042,False,True
r2q3k/pp5p/2p1QRb1/8/3Pp3/4P3/PP4PP/5RK1 b - - 4 22,44,rpMvmypD,a7a5,-634,29,d8d5,0.0202,0.0256,0.0267,0.0243,h8g7,d8d5,d8d5,d8d5,341.0,0.0267,0.0041,True,club,03_disagreements_b2,1945,1944,1944,False,True
8/R7/2p3bp/1p5k/P2Pp3/4P2P/1P4P1/6K1 b - - 0 34,68,rpMvmypD,g6f5,-714,10,b5a4,0.023,0.019,0.0151,0.0146,b5a4,b5a4,b5a4,b5a4,231.0,0.023,-0.0084,True,club,03_disagreements_b2,1945,1944,1944,False,True
1r1q1rk1/ppp2pp1/1b1pbn1p/8/N7/Q5P1/PP2PPBP/R1B1R1K1 b - - 5 14,28,Bfkd6PLe,b6f2,168,64,f8e8,0.0136,0.0221,0.0379,0.0493,b6a5,b6a5,b6a5,b6a5,147.0,0.0493,0.0357,True,club,03_disagreements_b2,1865,1804,1804,False,True
1r1q1rk1/2pbbppp/3p4/1p1B2N1/p2nPB2/P2P3P/1PPQ2P1/R3K2R b KQ - 2 16,32,maccGUuk,d4c2,147,31,c7c6,0.0037,0.0026,0.0024,0.0027,e7g5,c7c6,c7c6,c7c6,147.0,0.0037,-0.001,True,club,03_disagreements_b2,1872,1876,1876,False,True
5rk1/1p4p1/1q5p/5p2/1p2pP2/PPb5/2P1Q1PP/1R3R1K b - - 0 22,44,r0KDFmrm,e4e3,-27,36,f8c8,0.0264,0.0193,0.0132,0.0076,b4a3,b4a3,b4a3,b4a3,292.0,0.0264,-0.0188,True,club,03_disagreements_b2,2022,2009,2009,False,True
8/2q1r1pk/7p/1Q3R2/4pP2/1Pb3P1/2P4P/3R3K b - - 0 30,60,r0KDFmrm,c7c8,-351,34,e4e3,0.0114,0.009,0.0066,0.0057,e4e3,e4e3,e4e3,e4e3,180.0,0.0114,-0.0057,True,club,03_disagreements_b2,2022,2009,2009,False,True
r4rk1/p1p2qpp/2Qp4/5p2/2bPpP2/2P1B1P1/P3PK1P/R4R2 b - - 1 18,36,JHquPDMt,a7a6,245,20,d6d5,0.019,0.0207,0.0229,0.021,f7h5,f7h5,f7h5,f7h5,633.0,0.0229,0.002,True,club,03_disagreements_b2,2258,2321,2321,False,True
r4rk1/p1p3pp/2Q5/3p1p2/2bPpPP1/2P1B3/Pq5P/R3R1K1 b - - 0 22,44,JHquPDMt,b2b6,318,37,f5g4,0.0092,0.0111,0.014,0.0182,b2c3,b2c3,b2c3,b2c3,111.0,0.0182,0.009,True,club,03_disagreements_b2,2258,2321,2321,False,True
r4rk1/p4pp1/1n6/1N1pP1qp/2pP4/4PRPP/1PQ5/R5K1 b - - 1 24,48,K3DcsTsi,f7f6,-73,40,a7a5,0.0328,0.0299,0.0274,0.0232,h5h4,h5h4,h5h4,h5h4,127.0,0.0328,-0.0096,True,club,03_disagreements_b2,2090,1981,1981,False,True
8/1pp2kp1/1p2pn1p/4p2P/3qP3/3P2Q1/2P2RPK/8 b - - 0 30,60,UJJHMGZE,f7f8,-215,9,f7e8,0.0189,0.0214,0.0259,0.0378,b6b5,b6b5,b6b5,b6b5,284.0,0.0378,0.0189,True,club,03_disagreements_b2,1939,1924,1924,False,True
2rq1rk1/pp2bp1p/5p2/3p4/3P1PP1/1Q1N1N1P/PPn5/2R2RK1 b - - 3 20,40,uai0h4MN,d8b6,-245,151,c2e3,0.0038,0.0035,0.0038,0.0036,c2e3,c2e3,c2e3,c2e3,136.0,0.0038,-0.0002,True,club,03_disagreements_b2,2138,2193,2193,False,True
4q1k1/pp3ppp/1r3p2/3B1N2/6P1/7P/PP3P2/2R3K1 b - - 0 28,56,8jeaAC7B,g8f8,377,77,h7h6,0.0044,0.0054,0.0056,0.0059,b6b2,g7g6,g7g6,g7g6,256.0,0.0059,0.0015,True,club,03_disagreements_b2,2269,2245,2245,False,True
2rq2k1/pp3pbp/2nnr1p1/2p2P2/2Pp4/P2P2NP/BP4P1/R1BQ1RK1 b - - 0 18,36,Amx4Ek5r,e6e3,193,57,e6e8,0.0057,0.0042,0.004,0.0051,d6f5,d6f5,d6f5,d6f5,133.0,0.0057,-0.0006,True,club,03_disagreements_b2,1917,1932,1932,False,True
r2qkr2/1pp4Q/3p2p1/p2Ppb2/2P1n1P1/8/PP2BP2/R3K1NR b KQ - 0 18,36,zPNUB90Q,e4f6,-177,55,e4g5,0.0466,0.0322,0.0214,0.0182,f5d7,f5d7,f5d7,f5d7,427.0,0.0466,-0.0284,True,club,03_disagreements_b2,2035,2084,2084,False,True
r2qkr2/1pp3Q1/3p2p1/p2Pp1n1/2P1b1P1/5P2/PP2B3/R3K1NR b KQ - 0 20,40,zPNUB90Q,d8e7,-306,44,e4c2,0.0209,0.0175,0.0154,0.0172,g5f3,g5f3,g5f3,g5f3,207.0,0.0209,-0.0037,True,club,03_disagreements_b2,2035,2084,2084,False,True
rn5Q/ppp1p1r1/5kp1/5p2/5P2/B1PP4/P1P1q1PP/4RRK1 b - - 10 20,40,FyrzPjqr,b8c6,-799,63,e2c2,0.002,0.0015,0.0015,0.0015,e2c2,e2c2,e2c2,e2c2,1199.0,0.002,-0.0005,True,club,03_disagreements_b2,1925,1924,1924,False,True
r2q1rk1/3b2p1/p2bp1Pp/1p1p1p1Q/3P3P/7B/PPPB1P2/1K2R2R b - - 1 20,40,xM3d1PVP,a8a7,0,25,a8c8,0.0023,0.0019,0.0015,0.0016,d8f6,d8f6,d8f6,d8f6,348.0,0.0023,-0.0007,True,club,03_disagreements_b2,2006,1949,1949,False,True
r1b1k2r/p5pp/1qp2n2/2b3N1/N2pp3/4B3/PPP2PPP/R2QR1K1 b kq - 1 14,28,5ru0JOpW,d4e3,-55,181,b6b4,0.0085,0.0063,0.0055,0.0044,b6b4,b6b5,b6b5,b6a5,313.0,0.0085,-0.0041,True,club,03_disagreements_b2,1831,1826,1826,False,True
2rqr1k1/pQ3ppp/5n2/3p1b2/P2Pn3/3BPN2/5PPP/R1B2RK1 b - - 0 16,32,oAirrjeJ,c8b8,0,18,c8c7,0.0382,0.0349,0.0291,0.0264,c8c7,c8c7,c8c7,c8c7,106.0,0.0382,-0.0118,True,club,03_disagreements_b2,1906,1856,1856,False,True
6k1/p4ppp/4rn2/3p4/P2B4/Q3PP2/2q3PP/5RK1 b - - 3 32,64,oAirrjeJ,f6e8,-45,48,a7a6,0.0102,0.0075,0.0071,0.0099,a7a6,a7a6,a7a6,a7a6,116.0,0.0102,-0.0003,True,club,03_disagreements_b2,1906,1856,1856,False,True
r4rk1/ppq2p2/4bp1p/3p4/2pP4/2P2BP1/PP1N4/R2QR2K b - - 0 18,36,JBZtTTzw,g8h7,-366,20,c7g3,0.0118,0.0134,0.0112,0.0048,c7g3,c7g3,c7g3,c7g3,151.0,0.0134,-0.007,True,club,03_disagreements_b2,1955,1984,1984,False,True
6r1/pp3pk1/4bp1p/3p4/2pP1QB1/2P5/PP1N4/7K b - - 4 26,52,JBZtTTzw,g8e8,-582,19,b7b5,0.0088,0.0086,0.0116,0.0193,e6g4,e6g4,g7f8,g7f8,208.0,0.0193,0.0105,True,club,03_disagreements_b2,1955,1984,1984,False,True
8/ppp3kp/4r1p1/4R1Q1/8/5P2/PP3P1P/6K1 b - - 1 26,52,s85GI732,g7f7,-821,1,e6f6,0.0183,0.0176,0.0195,0.023,e6e5,e6e5,e6e5,e6d6,1173.0,0.023,0.0047,True,club,03_disagreements_b2,1961,1973,1973,False,True
3rr1k1/npp1qppn/p6p/3Pp3/1PP5/P4N1P/2B1QPP1/3RR1K1 b - - 0 22,44,I975x4Wa,e5e4,-268,14,h7g5,0.0296,0.0186,0.0123,0.0083,f7f6,f7f6,f7f6,f7f6,143.0,0.0296,-0.0213,True,club,03_disagreements_b2,2228,1828,1828,False,True
2k3rr/pp1bbp2/4p3/3pPnpp/1Ppq4/2Q3PP/P3BP1N/RNB2RK1 b - - 1 18,36,w5v0nO20,f5g3,276,106,d4b6,0.0295,0.0286,0.0285,0.0292,d4c3,d4b6,d4b6,d4b6,157.0,0.0295,-0.0003,True,club,03_disagreements_b2,2185,2171,2171,False,True
r2qr1k1/3bN1pn/p4p1p/1ppP4/8/2P4P/PPQ3P1/1B2RRK1 b - - 3 26,52,15Wkba1A,d8e7,-861,27,e8e7,0.0144,0.0085,0.0081,0.009,e8e7,e8e7,e8e7,e8e7,1128.0,0.0144,-0.0054,True,club,03_disagreements_b2,1982,1910,1910,False,True
r2qnrk1/pb1n1p2/1p1p3p/2p1pN2/2PPPP1p/2PB4/P2Q2PP/R4RK1 b - - 0 16,32,I4Ar14tc,c5d4,114,21,d8f6,0.0419,0.0231,0.0132,0.0081,g8h7,g8h7,g8h7,g8h7,183.0,0.0419,-0.0338,True,club,03_disagreements_b2,2313,2375,2375,False,True
2rqkbnr/5ppp/p3p3/1p6/2nN2PP/2N1BQ2/PP2KP2/R6R b k - 5 16,32,rrYpPTnF,f8d6,141,42,c4b2,0.0049,0.0055,0.0062,0.0071,c4b2,c4b2,c4e3,c4e3,142.0,0.0071,0.0022,True,club,03_disagreements_b2,2022,2060,2060,False,True
2rqkbnr/5ppp/p3p3/1p6/2nNN1PP/4BQ2/P3KP2/3R3R b k - 3 18,36,rrYpPTnF,d8d5,129,8,d8c7,0.0125,0.0106,0.0105,0.0156,d8a5,d8a5,d8a5,c4e3,203.0,0.0156,0.0031,True,club,03_disagreements_b2,2022,2060,2060,False,True
3Rn3/4pk1p/3p2p1/p1n5/2NrP2P/5P2/4KP2/2R5 b - - 3 26,52,9TI8Fxe5,c5e6,-79,9,a5a4,0.0383,0.0392,0.0373,0.0422,a5a4,a5a4,a5a4,a5a4,121.0,0.0422,0.0039,True,club,03_disagreements_b2,1967,1924,1924,False,True
2kr1b1r/pp1q1pp1/4p1p1/3n4/3P2P1/P5BP/1KP1QPB1/3R3R b - - 0 18,36,T7iSzK3x,f8a3,146,146,d7a4,0.0483,0.0346,0.0241,0.0183,d7a4,d7a4,d7a4,d7a4,156.0,0.0483,-0.03,True,club,03_disagreements_b2,1915,1903,1903,False,True
2kr4/ppp2ppp/r6b/2P5/1P6/P7/R2N1PPP/3R1K2 b - - 2 26,52,Fje4arnx,d8d2,308,21,d8d3,0.0069,0.0063,0.0062,0.0058,a6e6,a6e6,a6e6,a6e6,156.0,0.0069,-0.0011,True,club,03_disagreements_b2,1882,1886,1886,False,True
r2q1rk1/pp1nbppp/4pn2/3p4/3P1Bb1/1Q2PN2/PP1NBPPP/R4RK1 b - - 1 10,20,1pX40Aiz,f6e4,22,29,b7b6,0.024,0.0151,0.0105,0.0075,b7b6,b7b6,b7b6,b7b6,173.0,0.024,-0.0165,True,club,03_disagreements_b2,1949,1839,1839,False,True
r1bq1rk1/3n1ppp/2pp1n2/ppb1p1B1/P3PP2/1BNP4/1PPQ2PP/2KR2NR b - - 0 10,20,J4AQjgj9,c5b4,136,5,d8b6,0.0328,0.0345,0.0342,0.0378,b5b4,b5b4,b5b4,b5b4,138.0,0.0378,0.005,True,club,03_disagreements_b2,2056,1963,1963,False,True
r1b2rk1/3n1ppp/1qp2n2/ppb1p1B1/P3P3/1BNP1N2/1PPQ2PP/2KR3R b - - 1 12,24,J4AQjgj9,b6c7,51,0,h7h6,0.0018,0.0022,0.003,0.0053,b5a4,b5a4,b5a4,b5a4,133.0,0.0053,0.0035,True,club,03_disagreements_b2,2056,1963,1963,False,True
r4rk1/1pp2pp1/p2p3p/8/P1B1Pq1n/2PPRnNP/1P2QP2/R4K2 b - - 6 20,40,5JDjS7vS,g8h8,178,89,f3e5,0.0033,0.0093,0.0198,0.0295,f3h2,f3h2,f3h2,f3h2,106.0,0.0295,0.0262,True,club,03_disagreements_b2,1913,1940,1940,False,True
r4rk1/1p2bpp1/pq2b2p/3pPp2/N1nP1P2/P3BN2/1P4PP/2RQ1RK1 b - - 4 18,36,tzgrCE8T,b6c6,129,33,b6a5,0.049,0.0486,0.0453,0.0408,b6b5,b6b5,b6b5,c4e3,312.0,0.049,-0.0082,True,club,03_disagreements_b2,1957,1956,1956,False,True
2q5/Q1nk4/1B1pn1p1/3Np1P1/4P3/8/7P/4K3 b - - 10 34,68,MLSgxZxH,c8a6,-1,0,d7d8,0.044,0.0289,0.0256,0.0363,d7c6,d7c6,d7c6,d7c6,796.0,0.044,-0.0077,True,club,03_disagreements_b2,2305,2153,2153,False,True
r2kr3/1p2p3/p2p1n1p/5qp1/1BN5/2P2P2/4Q1PP/R3R2K b - - 5 24,48,3dI38cFT,d8c7,-524,39,f6d5,0.0326,0.0355,0.0409,0.045,f6d5,f6d5,f6d5,f6d5,207.0,0.045,0.0124,True,club,03_disagreements_b2,1812,1860,1860,False,True
rnbqk2r/pppn1ppp/1b2p3/3pP3/1P1P4/P1N1BP2/2P3PP/R2QKBNR b KQkq - 2 8,16,oYXFF3p7,d7e5,76,81,c7c6,0.0113,0.0127,0.0231,0.0314,e8g8,e8g8,e8g8,a7a5,154.0,0.0314,0.0201,True,club,03_disagreements_b2,1997,1915,1915,False,True
2kr3r/p1p1b3/1p1p1p2/n3qQp1/1P1N4/2P5/P5PP/R1BR2K1 b - - 2 22,44,sYNmuiPC,d8d7,-170,52,e5f5,0.0377,0.0162,0.0068,0.004,e5f5,e5f5,e5f5,e5f5,156.0,0.0377,-0.0337,True,club,03_disagreements_b2,1901,1872,1872,False,True
1k1r3r/p1p1N3/1p1p1p2/nP4p1/2P5/8/P5PP/R1BR2K1 b - - 0 26,52,sYNmuiPC,h8h6,-395,0,a5c4,0.009,0.0103,0.0123,0.0118,a5c4,a5c4,a5c4,a5c4,121.0,0.0123,0.0028,True,club,03_disagreements_b2,1901,1872,1872,False,True
2q2rk1/p4p1p/bp1b2p1/2p4n/2NP4/3Q2P1/PPB1RP1P/4R1K1 b - - 0 22,44,TKuFHqMJ,h5f4,0,189,d6b8,0.0089,0.0068,0.005,0.0036,c5d4,c5d4,c5d4,c5d4,468.0,0.0089,-0.0053,True,club,03_disagreements_b2,1802,1867,1867,False,True
1b3rk1/p3Rp1p/b4Qp1/1pp5/2NP4/1P4Pq/P1B2P1P/4R1K1 b - - 0 26,52,TKuFHqMJ,h3h6,-678,36,a6c8,0.0205,0.0196,0.0143,0.0105,b5c4,b5c4,b5c4,b5c4,1313.0,0.0205,-0.01,True,club,03_disagreements_b2,1802,1867,1867,False,True
r4r1k/pp2Q1p1/8/3p3p/2pP4/2P3NP/PPq5/4R2K b - - 1 32,64,KULfAAWN,f8e8,487,2,a8e8,0.0212,0.0103,0.0049,0.003,f8f2,f8f2,f8f2,c2f2,169.0,0.0212,-0.0182,True,club,03_disagreements_b2,2177,2134,2134,False,True
r2q3k/1b1pnrbp/p1n1ppp1/1p6/4PB2/2N2N2/PP1Q1PPP/1BRR2K1 b - - 7 16,32,57yJXhaD,g6g5,57,74,e7c8,0.0466,0.0407,0.0325,0.0222,d7d5,d7d5,d7d5,d7d5,101.0,0.0466,-0.0244,True,club,03_disagreements_b2,1907,1986,1986,False,True
r2r1nk1/pb1qppbp/1pn3p1/2pNP3/2P1BP2/P3BN2/1P2Q1PP/R4RK1 b - - 4 18,36,cFYXMMyM,f7f5,-85,32,f8e6,0.0344,0.0181,0.0088,0.0055,e7e6,f8e6,f8e6,f8e6,103.0,0.0344,-0.0289,True,club,03_disagreements_b2,2080,2119,2119,False,True
1rb2rk1/4qpp1/2p4p/ppn1p3/4Pn2/P1N1QN1P/1PP2PP1/2RR1BK1 b - - 3 18,36,V4F3bAnv,f4g6,-37,0,b5b4,0.0091,0.0118,0.0131,0.0108,b5b4,b5b4,b5b4,c5e6,132.0,0.0131,0.0017,True,club,03_disagreements_b2,2035,1955,1955,False,True
r1bqr1k1/pp2b2p/1n2p1pB/4P3/2PpN3/5NQ1/PP4P1/R4RK1 b - - 1 18,36,liAHHVEZ,b6d7,-504,58,b6c4,0.01,0.012,0.0154,0.0192,b6c4,b6c4,b6c4,b6c4,180.0,0.0192,0.0092,True,club,03_disagreements_b2,1801,1804,1804,False,True
r1bqr1k1/pp2b2p/4p1p1/4P3/3pN3/4BNQ1/PP4P1/3R1RK1 b - - 0 20,40,liAHHVEZ,c8d7,-552,17,d4e3,0.0278,0.0214,0.0161,0.0139,d8b6,d8b6,d8b6,d8b6,112.0,0.0278,-0.0139,True,club,03_disagreements_b2,1801,1804,1804,False,True
6k1/pp5p/4p1p1/1b6/8/4Q3/PP4PK/5r2 b - - 3 34,68,liAHHVEZ,a7a6,-20,41,b5c6,0.0207,0.016,0.0118,0.0098,f1f6,f1f6,f1f6,f1f6,208.0,0.0207,-0.0109,True,club,03_disagreements_b2,1801,1804,1804,False,True
7k/6p1/4n1p1/3PP2p/2q1N3/7P/5PP1/3Q2K1 b - - 0 32,64,byeY73yB,e6c7,-481,2,e6f4,0.0454,0.0281,0.0169,0.0143,c4e4,c4e4,c4e4,c4e4,363.0,0.0454,-0.0311,True,club,03_disagreements_b2,2023,1917,1917,False,True
4rkr1/pQ1bb3/2p2p2/5p2/3P4/2P2NBq/P4PP1/R3R1K1 b - - 1 26,52,fjYifssl,d7c8,-372,113,g8g3,0.044,0.039,0.0371,0.0381,g8g3,g8g3,g8g3,g8g3,267.0,0.044,-0.0059,True,club,03_disagreements_b2,1967,1881,1881,False,True
4rrk1/1R5p/1Rq2np1/4ppQ1/3p4/5P2/P4BPP/6K1 b - - 3 34,68,ZAI4ipF1,c6c5,16,16,c6d5,0.0373,0.0324,0.0293,0.0304,c6c1,c6c1,c6c1,c6c2,348.0,0.0373,-0.0069,True,club,03_disagreements_b2,1934,2061,2061,False,True
r1q3k1/1b1np3/pp1pN3/2pP3p/P1Pbp1p1/2N5/1PQB2PP/5R1K b - - 2 24,48,Fg55hUTj,d7f8,-255,167,d7f6,0.0249,0.0234,0.0186,0.02,d7f6,d7f6,d7f6,d7f6,241.0,0.0249,-0.0049,True,club,03_disagreements_b2,1926,1888,1888,False,True
r1q3k1/1b2p3/pp1pN3/2pP3p/P1PbQ1p1/8/1P1B2PP/5R1K b - - 0 26,52,Fg55hUTj,g8h8,-823,197,d4f6,0.0199,0.02,0.0199,0.0211,c8e8,c8e8,d4f6,d4f6,1173.0,0.0211,0.0012,True,club,03_disagreements_b2,1926,1888,1888,False,True
rn3bnr/2q1k2p/1NpNPpp1/p7/P3P3/8/1PP2PPP/R1BQ1RK1 b - - 0 14,28,HSvXwDMM,b8a6,-703,46,a8a6,0.0136,0.0102,0.0085,0.0092,c7b6,c7b6,c7b6,c7b6,161.0,0.0136,-0.0044,True,club,03_disagreements_b2,2208,2066,2066,False,True
r6r/pp3k2/2n1q1p1/3R1nBp/7P/P2Q4/1P2NP2/5RK1 b - - 2 26,52,Nre4rxJN,f5d4,-401,5,h8e8,0.0032,0.0015,0.0008,0.0006,c6e5,c6e5,c6e5,h8e8,103.0,0.0032,-0.0026,True,club,03_disagreements_b2,2084,2063,2063,False,True
r2qkb1r/1p1b1pp1/p1nppn1p/8/4P3/1P2QN1P/P1P1BPP1/RNB1K2R b KQkq - 1 10,20,aaUyuNaG,d6d5,170,92,f8e7,0.043,0.0257,0.0166,0.0299,f8e7,f8e7,f8e7,f8e7,137.0,0.043,-0.0131,True,club,03_disagreements_b2,1961,1962,1962,False,True
3qnrk1/1p1b1pp1/4p2p/3pP1b1/8/1PBBNN1P/5PP1/2Q3K1 b - - 3 24,48,aaUyuNaG,d5d4,227,77,b7b5,0.0095,0.0059,0.004,0.0036,g5e3,g5e3,g5e3,g5e3,109.0,0.0095,-0.0059,True,club,03_disagreements_b2,1961,1962,1962,False,True
4rrk1/pp4pp/2p5/2Npp1q1/3P4/P2P2Pb/BP3P2/R2Q1RK1 b - - 0 20,40,OTNObjYR,g8h8,361,152,h3f1,0.0013,0.0013,0.0016,0.0028,h3f1,h3f1,h3f1,h3f1,236.0,0.0028,0.0015,True,club,03_disagreements_b2,1836,1873,1873,False,True
1k5r/pppB1ppp/8/8/Qb1q4/4rPK1/PP4PP/R6R b - - 3 18,36,ZWMr0aVH,g7g5,772,77,b4d6,0.0057,0.0048,0.0047,0.0058,b4d6,b4d6,b4d6,b4d6,218.0,0.0058,0.0001,True,club,03_disagreements_b2,1848,1858,1858,False,True
1k5r/pppB1ppp/3b4/1Q2q3/8/4rP1K/PP4PP/R6R b - - 7 20,40,ZWMr0aVH,c7c5,671,89,e5f6,0.0053,0.0043,0.0045,0.0058,e5b5,e5b5,e5f4,e5f4,179.0,0.0058,0.0005,True,club,03_disagreements_b2,1848,1858,1858,False,True
r1bq1r2/ppp1npkp/3p1np1/3Pp3/4P3/2N2P2/PPPQN1PP/R3KB1R b KQ - 2 10,20,VbGYxADT,h7h5,10,2,f6g8,0.0087,0.006,0.0082,0.0139,c7c6,c7c6,c7c6,f6h5,164.0,0.0139,0.0052,True,club,03_disagreements_b2,2001,1995,1995,False,True
r4r1k/pppb3p/3p4/3Pp3/4P2Q/2Nq2N1/PP3n2/K4RR1 b - - 1 26,52,VbGYxADT,a8e8,-252,69,d3e3,0.0094,0.0091,0.0104,0.0139,f8f4,f8f4,f8f4,f8f4,200.0,0.0139,0.0045,True,club,03_disagreements_b2,2001,1995,1995,False,True
r4rk1/1pp2pb1/3p1qpp/p1n5/b1QPP3/P5P1/4NPBP/RN3RK1 b - - 1 16,32,J0sDnOhC,f6e6,289,30,b7b5,0.0173,0.0147,0.012,0.0102,a4b3,a4b3,b7b5,a4b3,188.0,0.0173,-0.0071,True,club,03_disagreements_b2,2005,1965,1965,False,True
r1bq1rk1/pp1pbppp/2p5/P2nP2Q/1P1PN3/2P3P1/1B4BP/R4RK1 b - - 2 20,40,jgV7B9d4,f7f5,-205,48,d7d6,0.0049,0.0085,0.02,0.0378,d5e3,d5e3,d5e3,d5e3,300.0,0.0378,0.0329,True,club,03_disagreements_b2,2015,2130,2130,False,True
1r3rk1/q4pbp/3p2pn/1ppN1P2/6P1/1PP4P/P2Q4/2KR2BR b - - 0 22,44,5eu2HVAd,f7f6,-165,65,b8a8,0.0137,0.0133,0.0111,0.009,a7a3,a7a3,a7a3,a7a3,141.0,0.0137,-0.0047,True,club,03_disagreements_b2,1910,1907,1907,False,True
r4rk1/5pbp/3p1Ppn/1ppN4/6P1/qPP4P/P2Q4/1K1R2BR b - - 2 24,48,5eu2HVAd,f8e8,-445,26,c5c4,0.0179,0.0115,0.0105,0.0126,g7h8,g7h8,g7h8,g7h8,1554.0,0.0179,-0.0053,True,club,03_disagreements_b2,1910,1907,1907,False,True
r4b1r/pp1k1ppp/2p1b3/8/4BB2/8/PPP2PPP/R3R1K1 b - - 1 14,28,7Sb47dxb,g7g6,-18,18,a8d8,0.0368,0.0362,0.0334,0.0284,a8d8,a8d8,f8d6,f8d6,510.0,0.0368,-0.0084,True,club,03_disagreements_b2,1804,1833,1833,False,True
r3kb1r/ppqn1ppp/2p1pn2/4Nb2/3P1P2/2N5/PPPBB1PP/R2Q1RK1 b kq - 3 10,20,W7xFtGyZ,c7b6,34,32,c6c5,0.0124,0.0119,0.0113,0.0155,f8d6,f8d6,f8d6,f8e7,179.0,0.0155,0.0031,True,club,03_disagreements_b2,1985,2045,2045,False,True
r1b1kb1r/ppp1qpp1/2np1n1p/8/2BPP3/1Q3N2/PP3PPP/RNB2RK1 b kq - 0 8,16,5qNXu8jA,f6d7,-171,41,a8b8,0.0005,0.0019,0.0064,0.012,c8e6,c6a5,c6a5,c6a5,288.0,0.012,0.0115,True,club,03_disagreements_b2,2043,1935,1935,False,True
2br2k1/p1q1bppp/2p2n2/1p2pPB1/4P3/1NPr3P/PP2Q1PN/R4RK1 b - - 4 18,36,ytHVOUtt,f6e4,249,86,a7a5,0.0128,0.0088,0.0062,0.0033,c7b6,a7a5,a7a5,a7a5,167.0,0.0128,-0.0095,True,club,03_disagreements_b2,1990,2045,2045,False,True
2br2k1/2q1bppp/2p2n2/p3pPB1/Pp2P3/1NPr3P/1P2Q1PN/3R1RK1 b - - 1 20,40,ytHVOUtt,c7a7,470,7,d3d1,0.0028,0.0019,0.0013,0.0009,d3d1,d3d1,c8a6,c8a6,145.0,0.0028,-0.0019,True,club,03_disagreements_b2,1990,2045,2045,False,True
2b3k1/2q1bppp/2p2n2/p3pPB1/Pp2P3/1NP4P/1P4PN/3Q2K1 b - - 0 22,44,ytHVOUtt,c7a7,448,17,f6e4,0.0074,0.0041,0.002,0.0015,b4c3,b4c3,f6e4,f6e4,237.0,0.0074,-0.0059,True,club,03_disagreements_b2,1990,2045,2045,False,True
2b3k1/4qppp/2p5/p3pP2/PP2n3/1N5P/1P4PN/3Q2K1 b - - 0 24,48,ytHVOUtt,e7a7,315,203,a5b4,0.0213,0.0186,0.0159,0.0189,a5b4,a5b4,a5b4,a5b4,203.0,0.0213,-0.0024,True,club,03_disagreements_b2,1990,2045,2045,False,True
6k1/5ppp/b1p5/4pP2/Pp2n3/1N3Q1P/1P4P1/4KNq1 b - - 7 28,56,ytHVOUtt,h7h5,434,60,a6f1,0.0005,0.0002,0.0002,0.0003,a6f1,a6f1,a6f1,a6f1,235.0,0.0005,-0.0002,True,club,03_disagreements_b2,1990,2045,2045,False,True
r1bqr1k1/ppp1bppp/2n2n2/6B1/3PN3/3B1N2/PP2QPPP/R4RK1 b - - 0 12,24,VT0eRSlP,c8f5,61,2,f6e4,0.0318,0.0213,0.0134,0.0098,f6e4,f6e4,f6e4,c6d4,101.0,0.0318,-0.022,True,club,03_disagreements_b2,1926,1990,1990,False,True
4R3/6pk/2pB3p/5p2/2PPn3/1P3P1P/6PK/4r3 b - - 0 30,60,YhCa9KbV,g7g5,-522,33,e4d6,0.0381,0.0271,0.0221,0.0218,e4d6,e4d6,e4d6,e4d6,122.0,0.0381,-0.0163,True,club,03_disagreements_b2,1985,1972,1972,False,True
2kr1bnr/pppb1ppp/8/8/2qn3N/2N3P1/PP1PPPBP/R1BQ1RK1 b - - 10 12,24,Z23gTZIV,c4a6,-198,9,f8c5,0.0058,0.0066,0.0058,0.0052,f8b4,f8b4,g7g5,g7g5,146.0,0.0066,-0.0006,True,club,03_disagreements_b2,1831,1877,1877,False,True
r1b2rk1/p3b1pp/4pn2/q2pNp2/2pP1B2/2P1P3/P1Q1BPPP/R3K2R b KQ - 0 14,28,zxjApN2H,a5a3,21,1,f6e4,0.0236,0.0172,0.0126,0.0141,f6e4,f6e4,f6e4,f6e4,103.0,0.0236,-0.0095,True,club,03_disagreements_b2,1855,1841,1841,False,True
r3r1k1/8/p3p2p/1bBpN3/2pP1p2/8/PbB2PPP/5RK1 b - - 5 28,56,zxjApN2H,e8c8,330,21,a8c8,0.0111,0.0098,0.0092,0.009,c4c3,c4c3,c4c3,c4c3,143.0,0.0111,-0.0021,True,club,03_disagreements_b2,1855,1841,1841,False,True
3r2k1/pq4p1/1p2pp1p/3b4/3P1QN1/P1R3P1/1P3P1P/6K1 b - - 1 24,48,MtkFrgQO,d8d7,65,16,d5h1,0.0207,0.0318,0.0426,0.0493,d5h1,d5h1,d5h1,d5h1,301.0,0.0493,0.0286,True,club,03_disagreements_b2,1869,1849,1849,False,True
r5k1/pb3p1p/1pnq1p1B/1B3N2/3Pr3/P7/1P3PPP/R2Q2K1 b - - 5 18,36,Gbkn9tba,d6c7,-393,40,d6d5,0.0287,0.0285,0.0233,0.0156,d6d5,d6d5,d6d5,d6d5,273.0,0.0287,-0.0131,True,club,03_disagreements_b2,1838,1852,1852,False,True
r3kb1r/ppp2n2/2n5/3pp3/8/3B3q/PPPP1PQ1/RNB2RK1 b kq - 1 12,24,wNPRPuSY,f7g5,595,78,h3h4,0.0079,0.0044,0.0028,0.0021,h3g2,h3g2,h3g2,h3g2,191.0,0.0079,-0.0058,True,club,03_disagreements_b2,2113,2122,2122,False,True
r2qr1k1/1bp2pbp/pp1p1np1/4n3/2PNP1PP/2N1BP2/PP1QB3/1K1R3R b - - 0 14,28,uAIJeZoG,e5g4,39,121,h7h5,0.0151,0.0211,0.0246,0.0146,b6b5,c7c5,c7c5,h7h5,253.0,0.0246,-0.0005,True,club,03_disagreements_b2,2069,2202,2202,False,True
r2qr1k1/1bp2pb1/p2p1np1/1p2n1BP/2PNP2P/2N2P2/PP1QB3/1K1R3R b - - 0 16,32,uAIJeZoG,c7c5,-212,80,g6h5,0.008,0.0114,0.0162,0.0177,g6h5,g6h5,e5c4,b5c4,118.0,0.0177,0.0097,True,club,03_disagreements_b2,2069,2202,2202,False,True
r5kb/2p5/p2p4/3P3B/2p4P/5P2/PP2r3/1K1R4 b - - 0 28,56,uAIJeZoG,a8b8,883,250,e2b2,0.0369,0.0323,0.0377,0.0411,e2b2,e2b2,e2b2,e2b2,214.0,0.0411,0.0042,True,club,03_disagreements_b2,2069,2202,2202,False,True
4r3/pk2q3/1pprp2p/3n1ppQ/3P4/P1P4P/1P1BRPP1/4R1K1 b - - 1 26,52,cblJFIbG,d5c7,-173,36,e7f8,0.0184,0.0171,0.0152,0.0174,f5f4,e7f6,e7f6,e7f6,343.0,0.0184,-0.001,True,club,03_disagreements_b2,1935,1830,1830,False,True
8/2q1bkpp/pNP1p3/Pp3p2/3rp3/3r3P/5PP1/1RR1Q1K1 b - - 0 30,60,rQOAxhk2,d4d8,282,45,d3d2,0.0154,0.0177,0.0196,0.0195,d4d6,d4d6,d4d6,d4d6,394.0,0.0196,0.0041,True,club,03_disagreements_b2,2111,1973,1973,False,True
r3nrk1/1pq1bppp/2p5/p2p1PPP/6Q1/2N2P2/PPP1B3/2KR3R b - - 1 18,36,F0j5hMdz,e7c5,7,60,c7e5,0.0066,0.0051,0.0046,0.0037,b7b5,b7b5,b7b5,b7b5,224.0,0.0066,-0.0029,True,club,03_disagreements_b2,1868,1812,1812,False,True
r3nQ2/1p3ppk/2p2b1p/p2p3P/5q2/2N2P2/PPP5/1K4RR b - - 0 26,52,F0j5hMdz,f4b4,130,5,f4c7,0.0056,0.0052,0.0056,0.0061,e8d6,e8d6,e8d6,e8d6,360.0,0.0061,0.0005,True,club,03_disagreements_b2,1868,1812,1812,False,True
3rnQ2/1pq2ppk/2p2b1p/p2p3P/6R1/2N2P2/PPP5/1K4R1 b - - 4 28,56,F0j5hMdz,f6g5,219,146,b7b5,0.028,0.0217,0.0143,0.0094,c7e7,c7e7,c7e7,c7e7,771.0,0.028,-0.0186,True,club,03_disagreements_b2,1868,1812,1812,False,True
r1b1kbnr/ppp2ppp/8/4Pq2/3Q4/8/PPPBB1PP/RN2K2R b KQkq - 2 10,20,ngFFD484,g8e7,-15,135,c8e6,0.04,0.0441,0.0469,0.0481,f5c2,f5c2,f5c2,f5c2,216.0,0.0481,0.0081,True,club,03_disagreements_b2,1947,1918,1918,False,True
r4k2/1b3p1p/1ppr2pP/P7/2B5/R3P3/1P2KPP1/7R b - - 0 26,52,rWfwebq3,c6c5,-97,3,b6b5,0.0169,0.0095,0.0052,0.0029,b6a5,b6a5,a8a5,a8a5,136.0,0.0169,-0.014,True,club,03_disagreements_b2,2153,2162,2162,False,True
3r4/4k2p/b1p3pP/Pp3p2/1P6/3RP3/4KPP1/3B4 b - - 2 32,64,rWfwebq3,d8e8,-348,23,d8d3,0.0096,0.0106,0.0132,0.0158,d8d3,d8d3,d8d3,d8d3,222.0,0.0158,0.0062,True,club,03_disagreements_b2,2153,2162,2162,False,True
r5k1/pprbppbp/3p1np1/q3n3/4P3/1PN1B1PP/P1PQNPB1/1R3RK1 b - - 2 14,28,VmC5FNuX,d7h3,217,212,a8c8,0.0029,0.0019,0.001,0.0004,a8c8,a8c8,a8c8,a8c8,233.0,0.0029,-0.0025,True,club,03_disagreements_b2,2212,2192,2192,False,True
2r3k1/pprbppbp/q2p1np1/4n3/1P2P3/2N1B1PP/P1PQNPB1/1R1R2K1 b - - 2 16,32,VmC5FNuX,d7h3,277,111,e5c4,0.002,0.0013,0.001,0.0009,e5c4,e5c4,e5c4,e5c4,103.0,0.002,-0.0011,True,club,03_disagreements_b2,2212,2192,2192,False,True
r1b1k2r/pp1p2bp/6p1/3Np3/1q2P3/4B3/PPP3PP/R2Q1RK1 b - - 3 14,28,aFwK7So9,b4c4,-769,23,b4e4,0.0193,0.0214,0.0223,0.0263,b4e4,b4e4,b4e4,b4e4,505.0,0.0263,0.007,True,club,03_disagreements_b2,2044,2038,2038,False,True
1Q6/2p1kppp/p1b1p3/8/1npq4/6P1/1P3P1P/R4RK1 b - - 3 22,44,gF9Qs385,d4b6,0,40,d4d5,0.0112,0.0162,0.0201,0.0214,d4e4,d4e4,d4e4,d4e4,516.0,0.0214,0.0102,True,club,03_disagreements_b2,1834,1844,1844,False,True
2r5/1r3q1k/1p1R2p1/p3Bp1p/b1p1pP2/2P1Q3/1P3RPP/6K1 b - - 3 32,64,873IuBfD,f7e7,-104,0,c8c6,0.0264,0.0171,0.0106,0.0091,b6b5,b6b5,c8c6,c8c6,408.0,0.0264,-0.0173,True,club,03_disagreements_b2,1889,1890,1890,False,True
r3k3/ppp1nb2/2n2p2/2Pp4/3P4/4RN1q/PP1N1P2/R2Q2K1 b q - 1 20,40,TxNTbfyp,h3h6,171,31,e8c8,0.0047,0.003,0.0015,0.0008,e8c8,e8c8,e8c8,e8c8,171.0,0.0047,-0.0039,True,club,03_disagreements_b2,1839,1930,1930,False,True
r3kb1r/pp2pppp/1qn2n2/3p3b/3P1B2/1P1B1P2/P1P1N1PP/RN1Q1R1K b kq - 2 10,20,4LSqEVks,c6b4,-27,14,h5g6,0.0234,0.0133,0.011,0.0078,c6d4,c6d4,c6d4,c6d4,406.0,0.0234,-0.0156,True,club,03_disagreements_b2,1808,1889,1889,False,True
2kbRN1r/pp3p2/2p5/8/8/2P5/PP3PKP/8 b - - 7 26,52,T9wQ7A4X,h8h5,0,0,c8c7,0.0275,0.0233,0.022,0.0294,h8g8,h8g8,h8g8,c8c7,576.0,0.0294,0.0019,True,club,03_disagreements_b2,1869,1856,1856,False,True
rq3rk1/1b1p1ppp/p1nPp3/1pp1n1N1/5P2/1P6/PBPPB1PP/R2Q1RK1 b - - 0 14,28,KNoDpvPI,f7f6,-116,119,e5g6,0.0445,0.0279,0.0189,0.0124,e5g6,e5g6,e5g6,e5g6,134.0,0.0445,-0.0321,True,club,03_disagreements_b2,1844,1846,1846,False,True
5rk1/3p1rp1/p2np2p/1p6/3q1P2/1PR3P1/P2PQ2P/5R1K b - - 6 30,60,KNoDpvPI,b5b4,520,12,d4b4,0.0413,0.0272,0.0218,0.0211,d6e4,d6e4,d6e4,d6e4,276.0,0.0413,-0.0202,True,club,03_disagreements_b2,1844,1846,1846,False,True
2r1k2r/1n3pp1/7p/pp1pP3/3PbP2/B1P1RN1P/P5P1/2R3K1 b k - 0 24,48,GsBSNrfF,h6h5,-129,26,e8d7,0.0093,0.0071,0.0069,0.0088,b5b4,b5b4,b5b4,b5b4,109.0,0.0093,-0.0005,True,club,03_disagreements_b2,1862,1849,1849,False,True
4r1k1/1p2P2b/p1nQ1R1p/b1p5/2P5/PPq3PP/6BK/8 b - - 0 30,60,Bh5PkiEZ,g8g7,443,60,c6e7,0.02,0.0155,0.0139,0.0135,c6e7,c6e7,c6e7,c3e5,1525.0,0.02,-0.0065,True,club,03_disagreements_b2,1814,1863,1863,False,True
4r1k1/2b2p1p/2p5/pp4K1/3P4/P1PQ2P1/1P1N1Pq1/4R3 b - - 0 28,56,slvkifBU,h7h6,764,83,e8e1,0.0214,0.0208,0.0256,0.0352,g2d5,g2d5,g2d5,g2d5,174.0,0.0352,0.0138,True,club,03_disagreements_b2,1983,2138,2138,False,True
rn1q4/1b4kp/p7/6b1/1p1P2QP/8/PP3PP1/R3R1K1 b - - 0 20,40,HTYvGIvQ,b8d7,-336,13,h7h5,0.0235,0.0207,0.0191,0.02,h7h6,h7h6,h7h6,h7h6,247.0,0.0235,-0.0035,True,club,03_disagreements_b2,1987,2035,2035,False,True
2r1r2k/2q1b1pp/5p2/5P2/5N2/P4Q1P/2p3P1/2R2RK1 b - - 3 30,60,yFK8jZPi,c7a7,426,39,c7c5,0.0202,0.0209,0.019,0.0189,e7a3,e7a3,e7a3,e7a3,628.0,0.0209,-0.0013,True,club,03_disagreements_b2,1979,1993,1993,False,True
2r1r2k/4b1pp/5p2/5P1Q/5N2/q6P/2p3PK/2R2R2 b - - 1 32,64,yFK8jZPi,a3c5,363,4,e7d6,0.0014,0.001,0.0009,0.001,e7d6,e7d6,e7d6,e7d6,284.0,0.0014,-0.0004,True,club,03_disagreements_b2,1979,1993,1993,False,True
2N3k1/5pp1/p3pn1p/2Nn4/1P1Pb3/P7/5RPP/7K b - - 4 32,64,H2AnAoBF,e4h7,-406,1,f6g4,0.004,0.0042,0.0041,0.0042,f6g4,d5c7,d5c7,d5c7,114.0,0.0042,0.0002,True,club,03_disagreements_b2,1901,1884,1884,False,True
6k1/R4bp1/1r3p1p/4p3/4P2b/P4PN1/6PP/3R3K b - - 1 34,68,jFWnhy8B,g7g6,-436,31,f7e6,0.0122,0.0112,0.0129,0.0184,h4g3,h4g3,h4g3,f7b3,222.0,0.0184,0.0062,True,club,03_disagreements_b2,1985,1975,1975,False,True
3r3r/1k1nb1pp/1pp2p2/4p3/1P2P3/2P1B3/2KN1PPP/R2R4 b - - 3 20,40,JfiyWDre,e7d6,-135,60,b6b5,0.005,0.0044,0.0035,0.0022,d8a8,d8a8,d8a8,d8a8,144.0,0.005,-0.0028,True,club,03_disagreements_b2,2182,2191,2191,False,True
3r3r/2k3pp/1npb1p2/Np2p3/1P2P3/1KP1B3/3R1PPP/R7 b - - 7 24,48,JfiyWDre,d6e7,-49,7,d8d7,0.0215,0.0218,0.0219,0.0275,b6c4,d8a8,d8a8,d8a8,521.0,0.0275,0.006,True,club,03_disagreements_b2,2182,2191,2191,False,True
2rq1r2/p4pkp/4pnp1/3pP3/1pPP4/3Q4/PP1N1PPP/R4RK1 b - - 0 20,40,kseLFk2a,f6g8,-217,17,f6d7,0.0065,0.0089,0.0116,0.0154,d5c4,d5c4,d5c4,d5c4,233.0,0.0154,0.0089,True,club,03_disagreements_b2,1888,1911,1911,False,True
2r1r1k1/1b1q1pp1/3p1b1p/pP2p3/3pP3/1B1P1PP1/1PP1QNKP/R3R3 b - - 0 20,40,oGNJWAKo,f6d8,-71,20,c8a8,0.0101,0.0093,0.0089,0.0199,d7b5,d7b5,d7b5,d7b5,124.0,0.0199,0.0098,True,club,03_disagreements_b2,1926,1911,1911,False,True
r1bq1bkr/pp4pp/2npN3/3Q4/8/8/PPP2PPP/RNB1K2R b KQ - 0 12,24,gwcdlcjb,d8e8,445,4,d8a5,0.047,0.0315,0.023,0.0258,c8e6,c8e6,c8e6,c8e6,2444.0,0.047,-0.0212,True,club,03_disagreements_b2,1877,2058,2058,False,True
r1b2k1r/p5pp/3p4/np6/5B2/8/PPP2PPP/RN3RK1 b - - 1 16,32,gwcdlcjb,f8f7,-255,41,d6d5,0.0231,0.0266,0.0218,0.0133,d6d5,d6d5,d6d5,d6d5,130.0,0.0266,-0.0098,True,club,03_disagreements_b2,1877,2058,2058,False,True
3rr1k1/pRp2p2/q7/6pp/2NPB3/P1PQPPPb/5K2/8 b - - 3 26,52,DtfdMN8v,e8e4,323,133,h5h4,0.0109,0.019,0.0303,0.0427,h3e6,h3e6,h3e6,h3e6,228.0,0.0427,0.0318,True,club,03_disagreements_b2,2042,2029,2029,False,True
3rr1k1/p4p2/8/2R3p1/2NPB3/P1PQPP1b/3K4/6q1 b - - 8 32,64,DtfdMN8v,h3e6,130,15,h3f1,0.0103,0.0096,0.0116,0.0158,h3f1,h3f1,h3f1,h3f1,101.0,0.0158,0.0055,True,club,03_disagreements_b2,2042,2029,2029,False,True
2r5/1p2kpp1/p3p3/4n2r/1P6/P6P/4BPP1/3RR1K1 b - - 1 26,52,L52yn6JS,h5h4,0,5,h5h6,0.0329,0.0285,0.0274,0.0346,h5g5,h5g5,h5g5,h5g5,347.0,0.0346,0.0017,True,club,03_disagreements_b2,1869,1919,1919,False,True
rn2kb1r/ppq1pppp/2p2n2/8/3PP1b1/1QN5/PP1B1PPP/2R1KBNR b Kkq - 4 8,16,WRwHBw5z,c7b6,-138,28,b8d7,0.0058,0.0064,0.0099,0.0188,e7e6,e7e6,e7e6,e7e6,112.0,0.0188,0.013,True,club,03_disagreements_b2,1830,1813,1813,False,True
2k4b/1p1qp3/1nP1p3/4Prpp/3P4/1Q2B3/5PPP/2R2RK1 b - - 0 26,52,WRwHBw5z,d7c6,-917,27,b7c6,0.0281,0.0253,0.0198,0.0149,b7c6,b7c6,b7c6,b7c6,1064.0,0.0281,-0.0132,True,club,03_disagreements_b2,1830,1813,1813,False,True
6r1/2p1k3/pB5p/1p2pP2/6n1/2P2b2/PP3PP1/R4RK1 b - - 0 22,44,xVf5Epea,g4f6,274,254,c7b6,0.023,0.01,0.005,0.0047,c7b6,c7b6,c7b6,c7b6,263.0,0.023,-0.0183,True,club,03_disagreements_b2,1992,2149,2149,False,True
6r1/8/pp1R3p/1p3k2/5p2/2P5/PP3P2/7K b - - 1 28,56,xVf5Epea,f5e4,401,174,g8g6,0.0225,0.0111,0.0041,0.0026,g8g6,g8g6,g8g6,g8g6,187.0,0.0225,-0.0199,True,club,03_disagreements_b2,1992,2149,2149,False,True
6k1/2p1rpp1/p2p1q2/1p3PP1/5p2/P2Q3P/1b3P1K/1B1R4 b - - 0 32,64,D8Y4uWpP,f6c3,229,43,f6e5,0.0239,0.0233,0.0251,0.0347,f6g5,f6g5,f6g5,f6g5,529.0,0.0347,0.0108,True,club,03_disagreements_b2,2023,2171,2171,False,True
4rrk1/pp3pp1/8/3Bn1R1/8/P1K4b/1P3P1P/3R4 b - - 0 24,48,8p8x6lrS,e8e7,441,14,h3e6,0.0124,0.0135,0.0166,0.0242,h3e6,h3e6,h3e6,h3e6,430.0,0.0242,0.0118,True,club,03_disagreements_b2,1915,1914,1914,False,True
1r6/p1p1rpk1/1p1p2p1/1P5p/n1P1P2P/5PPB/P4R2/3R2K1 b - - 5 26,52,PtpQax3w,b8a8,53,5,b8e8,0.0071,0.0075,0.0074,0.0099,a4c3,a4c3,a4c3,a4c3,170.0,0.0099,0.0028,True,club,03_disagreements_b2,1974,1952,1952,False,True
r2q1rk1/5ppp/2p2n2/ppp5/P2pPP1P/1B1P1P2/1PPQ4/2KR3R b - - 0 16,32,99AKoaGp,g8h8,-48,5,f6d7,0.0007,0.0011,0.0019,0.0035,b5a4,b5a4,b5a4,c5c4,151.0,0.0035,0.0028,True,club,03_disagreements_b2,2089,2199,2199,False,True
r1bqk2r/pp3pp1/2n5/2b1p1N1/2B3p1/3P4/PPP2PP1/RNBQ1RK1 b kq - 1 10,20,0ufgwGXi,f7f5,-142,67,d8f6,0.0128,0.0133,0.0128,0.0108,f7f6,d8f6,d8f6,d8f6,165.0,0.0133,-0.002,True,club,03_disagreements_b2,1983,2044,2044,False,True
r5k1/pp3ppp/2p3q1/8/1P6/P1Q1R2P/1B4PK/3r4 b - - 4 30,60,nWc9dnbU,d1d5,469,19,a8d8,0.0115,0.0148,0.0204,0.0229,g6d6,g6d6,a8d8,a8d8,147.0,0.0229,0.0114,True,club,03_disagreements_b2,1921,1881,1881,False,True
3r4/2pr1p1k/pb3q1p/1p2p3/4P2p/1PP2N1P/1P2QPP1/3R1RK1 b - - 9 22,44,Ohhe4t5B,b6f2,169,187,f6f4,0.0022,0.0011,0.0005,0.0003,d7d1,d7d1,d7d1,d8g8,685.0,0.0022,-0.0019,True,club,03_disagreements_b2,2100,2134,2134,False,True
r3kb1r/pp1b1ppN/1q2p2n/3pP3/3n4/3B4/PP3PPP/RNBQ1RK1 b kq - 0 10,20,nuf5sLYR,h8h7,82,18,e8c8,0.0403,0.0269,0.0139,0.0062,h6f5,h6f5,h6f5,d4f5,160.0,0.0403,-0.0341,True,club,03_disagreements_b2,2002,1969,1969,False,True
1k1r3r/pp1N1p2/3bp2p/3p4/3Q4/2N5/Pq3PPP/2R2RK1 b - - 0 18,36,nuf5sLYR,b8a8,-546,318,d8d7,0.0357,0.0315,0.0333,0.0363,d8d7,d8d7,d8d7,d8d7,1451.0,0.0363,0.0006,True,club,03_disagreements_b2,2002,1969,1969,False,True
rnbqk2r/1p2bppp/p2ppn2/6B1/2PNP3/2NB4/PP3PPP/R2QK2R b KQkq - 3 8,16,rQ8mdYxh,f6e4,71,112,b8c6,0.0082,0.0166,0.0203,0.0227,e8g8,e8g8,e8g8,e8g8,121.0,0.0227,0.0145,True,club,03_disagreements_b2,2033,2087,2087,False,True
2b1rrk1/5p1p/p2p2p1/2pP4/2P5/1P1B1QR1/Pq4PP/5R1K b - - 5 24,48,rQ8mdYxh,b2d4,74,26,b2a2,0.0154,0.0204,0.0267,0.0314,b2a2,b2a2,b2a2,b2a2,135.0,0.0314,0.016,True,club,03_disagreements_b2,2033,2087,2087,False,True
2br4/5kb1/1Q1p1q1p/2pPpp2/p1N1P1p1/P2P4/4BPPP/1R4K1 b - - 1 26,52,djt49k3Y,f7g8,-224,12,g7f8,0.0181,0.0264,0.0282,0.026,f5e4,f5f4,f5f4,f5f4,109.0,0.0282,0.0079,True,club,03_disagreements_b2,2446,2625,2625,False,True
2br4/R3bk2/1Q1p1q1p/2pPp3/p1N1P1p1/P2P1p2/5PPP/5BK1 b - - 3 30,60,djt49k3Y,g4g3,-315,3,f3g2,0.0252,0.0143,0.0099,0.0072,f3g2,f3g2,f3g2,f3g2,363.0,0.0252,-0.018,True,club,03_disagreements_b2,2446,2625,2625,False,True
r2q1r2/2p2p1k/1p1p1bp1/p1nPp1Bn/2P1P2P/2N2Q2/PP3P2/2KR3R b - - 4 20,40,KlCLwedW,f8h8,401,5,f6g5,0.0141,0.0162,0.0181,0.016,f6g5,f6g5,f6g5,f6g5,119.0,0.0181,0.0019,True,club,03_disagreements_b2,1900,1999,1999,False,True
r4qk1/1p2n2p/p2p4/3PbpB1/3N4/7P/PP1Q2P1/R6K b - - 3 24,48,BHdtFaxa,a8e8,-89,10,e5d4,0.0089,0.0117,0.0134,0.0212,e7d5,e7d5,e7d5,e7d5,258.0,0.0212,0.0123,True,club,03_disagreements_b2,1894,2026,2026,False,True
r1b2rk1/ppp1qppp/3b4/3p4/4n3/1PP1P2P/PB1N1PP1/R2QKB1R b KQ - 4 12,24,8fgsm3DB,e4g3,252,85,e7g5,0.0164,0.0189,0.0228,0.0245,e7f6,e7f6,e7f6,e4f2,294.0,0.0245,0.0081,True,club,03_disagreements_b2,1875,1876,1876,False,True
rr6/7p/5ppk/8/4pP1P/8/PBR5/1K4R1 b - - 0 34,68,8fgsm3DB,a8a6,-245,1,b8b6,0.0181,0.023,0.0263,0.0258,f6f5,f6f5,f6f5,f6f5,241.0,0.0263,0.0077,True,club,03_disagreements_b2,1875,1876,1876,False,True
r2qk1nr/pp2b1pp/2n1pp2/2ppPb2/5P2/2NP1N2/PPP1B1PP/R1BQ1RK1 b kq - 5 8,16,RPcrrPQH,f5g6,45,2,g8h6,0.0037,0.0066,0.0133,0.0233,f6e5,f6e5,f6e5,f6e5,120.0,0.0233,0.0196,True,club,03_disagreements_b2,1986,1913,1913,False,True
2r1r1k1/pp1q1ppp/3b4/5b2/3P4/1PB2Q1P/P2K1PP1/R6R b - - 2 20,40,SsRdlpbU,d6b4,1991,1170,d6a3,0.0168,0.0169,0.0171,0.0164,f5e4,f5e4,f5e4,f5e4,1127.0,0.0171,-0.0004,True,club,03_disagreements_b2,1967,1914,1914,False,True
2r1r1k1/pp1q1ppp/6b1/8/3P2P1/bPB2Q1P/P2K1P2/4R2R b - - 0 22,44,SsRdlpbU,a3b4,771,114,b7b5,0.0466,0.0463,0.045,0.0399,e8e1,e8e1,e8e1,e8e1,198.0,0.0466,-0.0067,True,club,03_disagreements_b2,1967,1914,1914,False,True
r4r1k/2pb1ppp/1p1p4/3Pp3/p1P1Pq2/P2R3P/1PB1QPP1/5RK1 b - - 3 24,48,Rl0fBuS7,f7f6,47,0,f4h6,0.0051,0.0047,0.0042,0.0041,f4g5,f4g5,f4g5,f7f5,119.0,0.0051,-0.001,True,club,03_disagreements_b2,2286,2264,2264,False,True
2bqkb1r/Q2n1ppp/1pp1pn2/2Pp4/1P1P1B2/2N5/4PPPP/4KBNR b Kk - 2 10,20,8SxcdQNQ,e6e5,31,89,b6c5,0.0227,0.0145,0.0124,0.0233,b6c5,b6c5,b6c5,b6c5,327.0,0.0233,0.0006,True,club,03_disagreements_b2,1957,1922,1922,False,True
r2qk2r/1b1pbppp/p1n1p3/3nP3/3P4/2PQ1N1P/2B2PP1/RNB2RK1 b kq - 4 14,28,iFDXiv5U,a8c8,-45,2,d8b6,0.0121,0.0204,0.0368,0.0467,e8g8,a6a5,g7g6,g7g6,133.0,0.0467,0.0346,True,club,03_disagreements_b2,1902,1829,1829,False,True
r3k2r/1b1p1ppp/pqn1p3/3nP1N1/3P4/2PQ3P/2B2PP1/RN3RK1 b kq - 0 16,32,iFDXiv5U,f7f5,-96,32,d5f4,0.016,0.0181,0.0192,0.0169,g7g6,g7g6,g7g6,h7h6,147.0,0.0192,0.0009,True,club,03_disagreements_b2,1902,1829,1829,False,True
8/3p4/R2Np2Q/3kP3/1r1n4/7P/5P2/5K2 b - - 0 32,64,iFDXiv5U,d4b5,-832,95,b4b1,0.0021,0.0013,0.0008,0.0006,b4b1,b4b1,b4b1,b4b1,276.0,0.0021,-0.0015,True,club,03_disagreements_b2,1902,1829,1829,False,True
r5k1/2q3p1/2p1prbp/1p1n4/pPpP4/P1P2BN1/3Q1PPP/R3R1K1 b - - 1 24,48,aBdZ4a4J,f6f3,117,69,a8f8,0.0105,0.0067,0.0033,0.0017,a8f8,a8f8,a8f8,a8f8,220.0,0.0105,-0.0088,True,club,03_disagreements_b2,1960,1936,1936,False,True
6k1/2q2bp1/2p4p/1p1nRN2/pPpP4/P2r4/4QP1P/R5K1 b - - 3 30,60,aBdZ4a4J,c7d8,199,105,f7g6,0.0111,0.0152,0.0204,0.0297,d5f4,d5f4,d5f4,d5f4,307.0,0.0297,0.0186,True,club,03_disagreements_b2,1960,1936,1936,False,True
8/2q3pk/2p3Np/1p1nR3/pPpP4/P2r4/4QP1P/R5K1 b - - 0 32,64,aBdZ4a4J,c7f7,-332,17,h7g6,0.0307,0.0304,0.0278,0.0275,h7g6,h7g6,h7g6,h7g6,118.0,0.0307,-0.0032,True,club,03_disagreements_b2,1960,1936,1936,False,True
5r2/6kp/p1bq4/1p1p2p1/2pP1rB1/P1Q4P/2P2PP1/4RRK1 b - - 5 28,56,R10ueRL8,f8e8,-103,0,f8f6,0.0214,0.0138,0.01,0.0092,d6f6,d6f6,d6f6,d6f6,247.0,0.0214,-0.0122,True,club,03_disagreements_b2,2001,1971,1971,False,True
2bq1rk1/Q3ppbp/2r3p1/nBP4n/4P3/2N1BN2/PP3PPP/1R2K2R b K - 2 16,32,E1DnWcHr,c8g4,-417,2,c6e6,0.0059,0.0061,0.0072,0.0087,c6c7,c6c7,c6c7,c6c7,132.0,0.0087,0.0028,True,club,03_disagreements_b2,1986,1916,1916,False,True
2kr2nr/pp4pp/2p1p3/4P3/1P2NBb1/8/P1P2PPP/R3K2R b - - 0 14,28,pN5zwQvu,c8b8,-256,13,g4f5,0.0055,0.0062,0.0039,0.002,d8d4,g4f5,g8e7,d8d4,138.0,0.0062,-0.0035,True,club,03_disagreements_b2,1919,1858,1858,False,True
1r1q1rk1/3B1p2/3p2p1/1ppPb3/p6P/P1N1P3/1PPQ4/2K3RR b - - 0 20,40,yzfXg6K5,b5b4,-41,67,d8d7,0.0098,0.0091,0.0124,0.0202,d8d7,d8d7,d8d7,d8d7,102.0,0.0202,0.0104,True,club,03_disagreements_b2,2044,1960,1960,False,True
4k3/p2r1prp/1p2p1p1/2n1P3/q1pNP3/2P5/PP3QPP/R4RK1 b - - 1 24,48,oUEtLFHP,a4a5,-78,81,e8f8,0.0033,0.004,0.0049,0.0067,c5e4,c5e4,c5e4,c5e4,387.0,0.0067,0.0034,True,club,03_disagreements_b2,1894,2045,2045,False,True
r3k2r/1p1b1pb1/p7/2pP3p/8/2N2R1P/PPP1B1P1/3R3K b kq - 2 18,36,Gzo7L9Bp,g7d4,-165,3,f7f5,0.023,0.0229,0.0293,0.0402,e8c8,e8c8,e8c8,e8c8,132.0,0.0402,0.0172,True,club,03_disagreements_b2,1904,1889,1889,False,True
5rk1/1p1b2b1/p7/2pPrp1p/8/3B1RPP/PPP1N3/5R1K b - - 2 22,44,Gzo7L9Bp,c5c4,-67,38,b7b5,0.0145,0.0117,0.0113,0.0138,e5d5,e5d5,e5d5,e5d5,471.0,0.0145,-0.0007,True,club,03_disagreements_b2,1904,1889,1889,False,True
3r2k1/pQ3r1p/3P4/4qpp1/8/1B6/P4PPP/3R2K1 b - - 0 34,68,18h89uIa,e5e8,-503,156,e5f6,0.0141,0.013,0.0134,0.0152,d8d7,d8d7,d8d7,d8d7,1484.0,0.0152,0.0011,True,club,03_disagreements_b2,1886,1914,1914,False,True
r2q3k/2p3p1/p2p1n1p/1p1Pp3/4NrPb/1Q1P1P1P/PP2B3/2K2R1R b - - 2 24,48,PdknttYI,a6a5,147,18,f6e4,0.0205,0.0183,0.0187,0.0216,f6e4,f6e4,f6e4,f6e4,127.0,0.0216,0.0011,True,club,03_disagreements_b2,2039,2004,2004,False,True
5rk1/p2b3n/Qpp5/3P3p/3P2p1/1P2q3/PB4BP/5R1K b - - 3 30,60,WpYCPp3x,b6b5,161,136,c6c5,0.0003,0.0001,0.0001,0.0001,f8f1,f8f1,f8f1,f8f1,171.0,0.0003,-0.0002,True,club,03_disagreements_b2,2085,2036,2036,False,True
r1bq1rk1/ppp2ppp/1b1p1n2/1P6/3nP3/P1NP1N2/2PB1PPP/R2QKB1R b KQ - 1 10,20,G5n9xii3,f6g4,211,151,c8g4,0.0445,0.0295,0.0191,0.0144,c8g4,c8g4,c8g4,c8g4,206.0,0.0445,-0.0301,True,club,03_disagreements_b2,1867,1943,1943,False,True
r1bq1rk1/1p2b1pp/p2p1n2/P2P4/2N1P3/3Q2P1/1PP1BB2/R3K2R b KQ - 2 20,40,Bb13fVqm,d8e8,-232,51,f6g4,0.0259,0.028,0.0288,0.0313,c8g4,c8g4,c8g4,c8g4,132.0,0.0313,0.0054,True,club,03_disagreements_b2,2416,2211,2211,False,True
2r1k2r/Q3bp2/4p1p1/1q1pPnNp/N1p2P2/BP5P/P5P1/2R4K b k - 0 22,44,1vzGbjEq,b5b8,367,9,e7a3,0.0152,0.0169,0.0182,0.0221,e7a3,e7a3,e7a3,e7a3,2365.0,0.0221,0.0069,True,club,03_disagreements_b2,1859,1826,1826,False,True
1r5k/p6p/2p2nq1/2Pp2N1/3P1Q2/1P4PP/P7/5RK1 b - - 2 30,60,gIwIUqIo,f6d7,-433,65,b8f8,0.0269,0.0224,0.0221,0.0237,b8f8,b8f8,b8f8,b8f8,133.0,0.0269,-0.0032,True,club,03_disagreements_b2,1961,1991,1991,False,True
2r2r2/pp3pk1/4p1p1/3p3q/3Pn3/2P1QN1P/PP3P1K/R5R1 b - - 5 26,52,xfHTNMCw,h5f5,117,80,f8h8,0.0238,0.0189,0.0148,0.0134,f8h8,f8h8,f8h8,f8h8,101.0,0.0238,-0.0104,True,club,03_disagreements_b2,1813,1890,1890,False,True
2r3k1/3q2b1/pnrpp1pp/1p3p2/3P3P/1PPQ2B1/P2N1PP1/2R1R1K1 b - - 1 24,48,KXooTXIy,e6e5,107,46,b6d5,0.0376,0.0213,0.0158,0.0149,b6d5,b6d5,b6d5,b6d5,104.0,0.0376,-0.0227,True,club,03_disagreements_b2,1905,1974,1974,False,True
rn1qk2r/ppp1bppp/4p1b1/3p4/3PnB2/3BPN1P/PPPN1PP1/R2Q1RK1 b kq - 4 8,16,9e1xWR3k,e4d2,-44,3,f7f5,0.047,0.0323,0.0269,0.0151,b8d7,b8d7,b8d7,f7f5,115.0,0.047,-0.0319,True,club,03_disagreements_b2,1996,1966,1966,False,True
2kr3r/ppp1q2p/5ppQ/2b1pb2/2Bp4/P6P/1PP1R1P1/RNB4K b - - 0 16,32,LINDD5mv,e7d7,127,3,a7a6,0.014,0.0152,0.0192,0.0276,d4d3,d4d3,d4d3,d4d3,203.0,0.0276,0.0136,True,club,03_disagreements_b2,1817,1809,1809,False,True
2kr3r/bpp1q2p/p4ppQ/4pb2/1PBp4/P6P/1BP1R1P1/RN5K b - - 2 18,36,LINDD5mv,e7d6,83,1,c7c5,0.0128,0.018,0.0232,0.0233,d4d3,d4d3,d4d3,d4d3,152.0,0.0233,0.0105,True,club,03_disagreements_b2,1817,1809,1809,False,True
2kr3r/bp5p/p4ppQ/2q2b2/3p4/PB2pN1P/1BP1R1P1/R6K b - - 1 22,44,LINDD5mv,h8e8,130,15,d8d7,0.0237,0.0212,0.0218,0.0329,d4d3,d4d3,d4d3,d4d3,427.0,0.0329,0.0092,True,club,03_disagreements_b2,1817,1809,1809,False,True
r4rk1/2q1bppp/1nb5/p2pP3/P1pP4/1pP2BP1/1P1NR1QP/R1B3K1 b - - 1 20,40,NKLzw4Cn,a8a6,46,3,c7d7,0.001,0.001,0.0008,0.0008,b6a4,b6a4,b6a4,b6a4,132.0,0.001,-0.0002,True,club,03_disagreements_b2,1936,2016,2016,False,True
r2q2k1/1p1b1pp1/p6p/3p4/3N1Q2/2P5/PP3PPP/4R1K1 b - - 0 20,40,xCeaCGPv,d8f8,-61,22,d8b6,0.0352,0.0409,0.042,0.0364,d8b6,d8b6,d8b6,d8b6,165.0,0.042,0.0012,True,club,03_disagreements_b2,2040,2021,2021,False,True
r1b1k2r/2qpbppp/p1p1p1n1/2p1P3/2P5/1PN2N2/P2P1PPP/R1BQR1K1 b kq - 0 10,20,wHh64Eo0,f7f6,21,108,e8g8,0.0152,0.0157,0.0136,0.013,e8g8,e8g8,e8g8,e8g8,121.0,0.0157,-0.0022,True,club,03_disagreements_b2,1841,1844,1844,False,True
r4rk1/7p/p1pq2p1/2p2b2/N1Ppp3/BP4P1/P2PQ1PP/4R1K1 b - - 2 26,52,wHh64Eo0,d6f6,122,112,d4d3,0.0046,0.0037,0.0026,0.0014,d4d3,d4d3,d4d3,d4d3,174.0,0.0046,-0.0032,True,club,03_disagreements_b2,1841,1844,1844,False,True
2kr4/ppp2Qpp/2n5/8/4r3/P3P3/1P3PqP/R1B1KR2 b Q - 0 16,32,chGdVlGg,c8b8,677,63,c6e5,0.0039,0.0052,0.0059,0.0068,g2h2,g2h2,c6e5,c6e5,152.0,0.0068,0.0029,True,club,03_disagreements_b2,1923,1937,1937,False,True
3qk2r/pp3p1p/7b/2rPpQ2/4B3/P7/1P3PPP/R3K2R b KQk - 0 18,36,LXhZFsXz,d8g5,-135,114,c5c1,0.0338,0.037,0.0375,0.0344,d8a5,d8a5,d8a5,d8a5,521.0,0.0375,0.0006,True,club,03_disagreements_b2,1894,1846,1846,False,True
7r/pp3k1p/5b2/3P4/4BRP1/P5K1/1q5P/8 b - - 4 26,52,LXhZFsXz,f7e8,808,37,b2a3,0.0005,0.0004,0.0004,0.0003,b2a3,b2e5,b2e5,b2e5,146.0,0.0005,-0.0002,True,club,03_disagreements_b2,1894,1846,1846,False,True
1r1q2k1/3b2p1/4pP1p/1p1p1p2/pn1P3P/6Q1/PP3PP1/R2B1RK1 b - - 0 24,48,LYtEBZEc,d8f8,-478,82,d8f6,0.0027,0.0012,0.0009,0.0008,d8f6,d8f6,d8f6,d8f6,100.0,0.0027,-0.0019,True,club,03_disagreements_b2,1818,1817,1817,False,True
r3k2r/2p2ppp/p3b3/3PN3/5QPq/1PNP3P/1PP2P2/R3K2R b KQkq - 0 20,40,QAGeDo1p,h4f6,-760,22,g7g5,0.0292,0.026,0.0208,0.0175,e6d5,e6d7,e6d7,g7g5,132.0,0.0292,-0.0117,True,club,03_disagreements_b2,1967,1901,1901,False,True
r3kr2/2p2p1p/p3PQ2/4N1p1/6Pq/1PNP3P/1PP2P2/R3K2R b KQq - 0 22,44,QAGeDo1p,h4f2,-1003,993,f7e6,0.0056,0.0062,0.0092,0.0109,f7e6,f7e6,f7e6,f7e6,995.0,0.0109,0.0053,True,club,03_disagreements_b2,1967,1901,1901,False,True
6k1/6p1/4b3/1P4R1/2P1PpP1/2PP4/1r6/5BK1 b - - 0 34,68,NHnmdIfw,g8h7,-427,19,f4f3,0.0134,0.0108,0.0075,0.0057,f4f3,f4f3,f4f3,b2c2,172.0,0.0134,-0.0077,True,club,03_disagreements_b2,1884,1878,1878,False,True
r1q5/p6k/P1p2Brp/3pP3/2nP3R/2P5/2Q1KPP1/R7 b - - 4 26,52,GRaXV8Hr,c8f8,-658,901,c8e6,0.0225,0.0199,0.0174,0.0149,c8g8,c8g8,c8e6,c8e6,1338.0,0.0225,-0.0076,True,club,03_disagreements_b2,1912,1906,1906,False,True
6k1/1pp2pqp/4p1p1/2r5/P7/QPPn1P2/5PPP/2R2RK1 b - - 4 24,48,KNLkXgKz,g7e5,-207,33,c5c3,0.0126,0.0118,0.0114,0.0122,d3c1,d3c1,d3c1,d3c1,203.0,0.0126,-0.0004,True,club,03_disagreements_b2,2049,1906,1906,False,True
1r3rk1/2pq1pp1/p3bB1p/2ppP2Q/3P1R2/1P6/P1P3PP/R6K b - - 1 18,36,hCxpxyCF,b8b6,-368,26,g7f6,0.0023,0.0023,0.0021,0.002,g7f6,c5d4,c5d4,g8h7,415.0,0.0023,-0.0003,True,club,03_disagreements_b2,1988,1914,1914,False,True
r1q1k2r/3bppbp/3p2p1/p1nN4/4P3/4BN1P/PP2QPP1/2R2RK1 b kq - 1 16,32,7vACvRFZ,d7c6,-170,5,a8b8,0.0121,0.0079,0.0049,0.0022,e8g8,c8a6,c8a6,c8a6,510.0,0.0121,-0.0099,True,club,03_disagreements_b2,2075,2146,2146,False,True
r5k1/1Q3pp1/7p/3p2q1/8/4P1P1/P4P2/3R2K1 b - - 4 28,56,zuGz5bZe,a8a5,-49,14,a8a2,0.0079,0.0066,0.006,0.0061,a8a2,a8a2,a8a2,a8a2,525.0,0.0079,-0.0018,True,club,03_disagreements_b2,2146,2162,2162,False,True
rn1q1rk1/ppp2pp1/4b2p/3pP2Q/8/1BP5/P4PPP/R1B1R1K1 b - - 0 14,28,O4HdPOhH,d8e8,-193,47,c7c5,0.002,0.0018,0.002,0.0023,b8c6,b8c6,b8d7,c7c5,173.0,0.0023,0.0003,True,club,03_disagreements_b2,2002,1985,1985,False,True
r4rk1/pp2qpp1/7p/2p1P2Q/2b3P1/1BPp3P/P7/R1B1R1K1 b - - 1 22,44,O4HdPOhH,c4e6,-151,59,e7e6,0.0287,0.0267,0.0199,0.0122,c4b3,c4b3,b7b5,b7b5,131.0,0.0287,-0.0165,True,club,03_disagreements_b2,2002,1985,1985,False,True
3r1rk1/1p1b1ppp/p1n2q2/8/Q2p3N/6P1/PP1RPPBP/3R2K1 b - - 1 18,36,IDVAi1SI,h7h6,-19,1,f8e8,0.0235,0.0198,0.0179,0.0185,c6e5,c6e5,c6e5,c6e5,301.0,0.0235,-0.005,True,club,03_disagreements_b2,1946,1835,1835,False,True
1q4k1/1P3rp1/Q1p1p3/2Pp1p2/P2Pp3/2r5/7P/1R1K1R2 b - - 5 34,68,FZGqCeWT,f7f8,170,86,c3d3,0.0294,0.0221,0.0176,0.0156,c3d3,c3d3,c3d3,c3d3,170.0,0.0294,-0.0138,True,club,03_disagreements_b2,1883,1839,1839,False,True
5rk1/1b3pbn/pp2p3/2p4Q/2Pr1q2/P2P3P/1P2NPP1/3RRBK1 b - - 6 24,48,qZLPT0hp,f4c7,318,34,f4g5,0.0139,0.0078,0.0054,0.0053,f4g5,f4g5,f4g5,f4g5,110.0,0.0139,-0.0086,True,club,03_disagreements_b2,2132,2046,2046,False,True
r4k1r/1p2RNpp/pq1P4/5p2/2p2n2/2Nn1Q1P/PP3PP1/R5K1 b - - 2 18,36,OM2qHjrb,g7g5,-437,44,h8g8,0.0132,0.0119,0.0125,0.0159,b6b2,b6b2,h8g8,h8g8,163.0,0.0159,0.0027,True,club,03_disagreements_b2,2063,2056,2056,False,True
6r1/2R2Nkp/p2P4/5pp1/2pq1n2/2Nn1Q1P/PP3PP1/R5K1 b - - 2 22,44,OM2qHjrb,h7h5,-600,8,g5g4,0.0115,0.0124,0.0148,0.0201,g5g4,g5g4,g7f6,g7f6,138.0,0.0201,0.0086,True,club,03_disagreements_b2,2063,2056,2056,False,True
r4rk1/pp2q1b1/2bp2pp/4pp2/8/2P1BN2/PP1Q1PPP/3RR1K1 b - - 3 18,36,0g9lTXH6,g6g5,143,26,f8c8,0.0271,0.0221,0.0177,0.0134,a8d8,a8d8,a8d8,a8d8,123.0,0.0271,-0.0137,True,club,03_disagreements_b2,1950,1875,1875,False,True
r1b1k2r/1p1p2pp/2qBp3/p3PnN1/3P1Q2/8/P5PP/R4RK1 b kq - 4 20,40,Pi96Pipq,h7h5,-326,41,f5d6,0.0056,0.0063,0.0072,0.0082,h7h6,h7h6,h7h6,h7h6,108.0,0.0082,0.0026,True,club,03_disagreements_b2,1849,1820,1820,False,True
r3qrk1/pb5p/4pb1Q/1p1nNpp1/2pPp3/P1P1P2P/1P3PPB/1B2RRK1 b - - 7 20,40,TaHL3yIB,f6d8,21,108,f6e5,0.0011,0.001,0.001,0.0008,f6g7,f6g7,f6g7,f6g7,205.0,0.0011,-0.0003,True,club,03_disagreements_b2,1964,1964,1964,False,True
r3r1k1/ppqn1ppp/2pb1n2/6B1/2BP4/5N2/PPQ2PPP/4RRK1 b - - 2 14,28,O1eoiKWa,f6d5,-37,16,d6f4,0.0115,0.0228,0.0472,0.0439,e8e1,h7h6,h7h6,h7h6,181.0,0.0472,0.0324,True,club,03_disagreements_b2,1847,1867,1867,False,True
r2qkb1r/pbp2ppp/2pn4/4N3/3N4/P2P4/1PP2PPP/R1BQK2R b KQkq - 0 10,20,MAIk18Zx,d6b5,-210,12,c6c5,0.0361,0.0237,0.0182,0.0152,c6c5,d8e7,d8e7,d8e7,206.0,0.0361,-0.0209,True,club,03_disagreements_b2,2240,2127,2127,False,True
3q1rk1/1pb2pp1/4p2p/2P5/3PP3/rb1B1N1P/3Q2P1/1R3R1K b - - 2 26,52,1TOowowk,d8a8,-37,56,a3a2,0.0194,0.0213,0.0268,0.0404,c7a5,c7a5,c7a5,c7a5,255.0,0.0404,0.021,True,club,03_disagreements_b2,1854,1838,1838,False,True
r7/1b4kp/pp2p1p1/2p1K3/2Pr2R1/P4P2/1PR3PP/8 b - - 4 30,60,9MXxoxBD,d4d1,492,7,d4g4,0.0335,0.0205,0.0151,0.0163,d4g4,d4g4,d4g4,d4g4,143.0,0.0335,-0.0172,True,club,03_disagreements_b2,1961,1994,1994,False,True
2kr1b2/pbpn1p2/1p2p3/q7/3P1N2/3Q4/P1PR1PPP/4KB1R b K - 6 18,36,HthOEeAT,d7c5,334,91,d7e5,0.0405,0.0428,0.0408,0.0384,a5a2,a5a2,a5a2,a5a2,193.0,0.0428,-0.0021,True,club,03_disagreements_b3,1887,1828,1828,False,True
1r3bk1/Rbq2p1p/4p1pn/3pP1N1/2pP1PP1/N1P4P/1Q3B2/6K1 b - - 7 30,60,2TSXD8wy,b7a6,0,58,c7c6,0.0081,0.0072,0.0069,0.007,f8a3,f8a3,f8a3,c7c6,126.0,0.0081,-0.0011,True,club,03_disagreements_b3,1884,1909,1909,False,True
rn1q1rk1/5pbp/pN1pp1p1/5b2/1p1NnPP1/4BB2/PPP4P/R2Q1R1K b - - 1 14,28,n6LCfN7J,f5g4,-52,280,d8b6,0.0247,0.0277,0.0298,0.0284,d8b6,d8b6,d8b6,d8b6,282.0,0.0298,0.0037,True,club,03_disagreements_b3,1884,1945,1945,False,True
rq3r1k/2p3pp/3p4/2n5/3QPP2/1p5B/PP4RP/2KR4 b - - 1 26,52,J021OQFn,f8f6,143,27,f8f7,0.0096,0.0104,0.0128,0.0212,b3a2,b3a2,b3a2,b3a2,2142.0,0.0212,0.0116,True,club,03_disagreements_b3,1959,1967,1967,False,True
rq5k/4r1pp/3pB3/2p5/4PP2/PpQ5/1P4RP/2K3R1 b - - 1 30,60,J021OQFn,d6d5,-513,53,b8c7,0.0301,0.0169,0.0122,0.0092,b8f8,b8f8,b8f8,b8f8,109.0,0.0301,-0.0209,True,club,03_disagreements_b3,1959,1967,1967,False,True
6k1/6pp/4pn2/1R1b2N1/8/1P3P2/2r3PP/6K1 b - - 0 28,56,ADNyZHJd,g8f8,435,5,f6d7,0.0142,0.0231,0.026,0.0274,h7h6,h7h6,h7h6,h7h6,2432.0,0.0274,0.0132,True,club,03_disagreements_b3,2113,2169,2169,False,True
r7/1qkN1Q2/p1bbp3/1p6/8/2N5/PPB2PPP/2R3K1 b - - 0 30,60,hHCrAnBq,c7d8,-594,44,c6d7,0.0023,0.0015,0.0013,0.0017,c6d7,c6d7,c6d7,c6d7,107.0,0.0023,-0.0006,True,club,03_disagreements_b3,1806,1803,1803,False,True
1r4k1/p2n1ppp/8/4p3/N2pP1P1/3P1Pq1/PP2K3/2Q2R2 b - - 2 26,52,RA0XpKRM,h7h5,298,3,g3h4,0.0106,0.0116,0.0159,0.0363,g3g2,g3g2,g3g2,g3g2,298.0,0.0363,0.0257,True,club,03_disagreements_b3,1838,1869,1869,False,True
r1b2rk1/pp1n2pp/1qn1pb2/2Pp4/8/1NP2N2/PPQ1BPPP/R1B2RK1 b - - 0 12,24,XKVWmbvY,b6d8,-166,47,d7c5,0.0159,0.0118,0.0087,0.0047,d7c5,d7c5,d7c5,d7c5,123.0,0.0159,-0.0112,True,club,03_disagreements_b3,1824,1904,1904,False,True
3q1r1k/Q3n1p1/4bb1p/2Bpp3/2P1B3/5N2/Pr3PPP/3R1RK1 b - - 0 24,48,XKVWmbvY,d8a8,-171,28,d5d4,0.0295,0.0215,0.0158,0.0128,d5d4,d5d4,d5d4,d5d4,207.0,0.0295,-0.0167,True,club,03_disagreements_b3,1824,1904,1904,False,True
3q1r1k/Q3b1p1/4b2p/4N3/2PpB3/8/Pr3PPP/3R1RK1 b - - 0 26,52,XKVWmbvY,f8e8,-403,22,f8f4,0.008,0.0071,0.0059,0.0063,e7f6,e7f6,e7f6,e7f6,108.0,0.008,-0.0017,True,club,03_disagreements_b3,1824,1904,1904,False,True
r3k2r/pp1nnppp/2p5/8/2P2B2/7P/PP3PP1/R2BR1K1 b kq - 3 16,32,kB6nSqTI,d7f8,-291,4,e8d8,0.0022,0.0038,0.007,0.0192,d7c5,f7f6,f7f6,f7f6,223.0,0.0192,0.017,True,club,03_disagreements_b3,1994,1996,1996,False,True
2r2r1k/pp4p1/7p/2N1pp2/3p4/1B1K4/PP4bP/2RR4 b - - 3 30,60,Rt2mwPFh,f8e8,129,54,b7b6,0.0092,0.0085,0.0078,0.0095,b7b6,b7b6,b7b6,b7b6,120.0,0.0095,0.0003,True,club,03_disagreements_b3,2097,2120,2120,False,True
8/8/8/p1p1pk1p/2P2P1P/1P3KP1/P7/8 b - - 1 34,68,CgHERqj5,a5a4,-1172,272,e5f4,0.0027,0.002,0.0023,0.004,e5e4,e5e4,e5e4,e5e4,806.0,0.004,0.0013,True,club,03_disagreements_b3,1896,1924,1924,False,True
1r1qk2r/Q1p2ppp/3b4/3p4/6b1/1P6/PB1PPP1P/R3K1NR b KQk - 2 12,24,44dAWEEM,c7c5,163,99,e8g8,0.0248,0.0124,0.0056,0.0036,e8g8,e8g8,e8g8,e8g8,264.0,0.0248,-0.0212,True,club,03_disagreements_b3,1813,1816,1816,False,True
1r4k1/5p2/4p1p1/2QpP1Pp/p1p2q1P/PrP4K/1P1R2R1/8 b - - 1 32,64,C6o0t5uB,b3c3,651,8,f4e5,0.0008,0.0007,0.0007,0.0007,f4e5,f4e5,f4e5,f4e5,294.0,0.0008,-0.0001,True,club,03_disagreements_b3,1877,1851,1851,False,True
r1bq1rk1/pppp1ppp/3P1n2/8/2Bp4/8/PPPP1PPP/RNBQR1K1 b - - 0 8,16,gXkx6k9e,b7b5,-434,59,c7d6,0.0024,0.0023,0.0032,0.0068,c7d6,c7d6,c7d6,c7d6,138.0,0.0068,0.0044,True,club,03_disagreements_b3,1812,1817,1817,False,True
r1b1k1nr/1p1q1p2/p1pPp2p/4P1pQ/8/2PB4/PP4PP/R1B2R1K b kq - 3 20,40,bT7Pkulk,g8f6,-724,34,b7b5,0.0034,0.0009,0.0003,0.0001,b7b5,b7b5,b7b5,b7b5,120.0,0.0034,-0.0033,True,club,03_disagreements_b3,2093,2006,2006,False,True
5kn1/8/p1bPp2p/1pB2rPQ/1P6/2P5/P5P1/6K1 b - - 0 34,68,bT7Pkulk,c6d7,-541,86,f5g5,0.0045,0.0064,0.0087,0.0117,f5g5,f5g5,f5g5,f5g5,1447.0,0.0117,0.0072,True,club,03_disagreements_b3,2093,2006,2006,False,True
4rrk1/pb2q2p/1pn1N1p1/2n5/2Bp1B2/P7/1P3PPP/R2QR1K1 b - - 2 18,36,AlBMEZ7P,e7f7,-310,112,g8h8,0.0031,0.0023,0.0021,0.0023,c5e6,c5e6,c5e6,c5e6,105.0,0.0031,-0.0008,True,club,03_disagreements_b3,2314,2269,2269,False,True
5q1k/pb5p/1pn3p1/2n5/2Bp1B2/P7/1P1Q1PPP/4R1K1 b - - 3 22,44,AlBMEZ7P,g6g5,-603,38,f8f6,0.0124,0.0047,0.0026,0.0022,c6a5,c6a5,c6a5,c6a5,1395.0,0.0124,-0.0102,True,club,03_disagreements_b3,2314,2269,2269,False,True
8/3k1ppp/3bpn2/1p1b4/1P1BP3/5P2/2N2KPP/1B6 b - - 0 30,60,A3ZxFkWS,e6e5,-3,226,d5e4,0.0362,0.0312,0.0283,0.0229,d5c4,d5c4,d5c4,d5c4,431.0,0.0362,-0.0133,True,club,03_disagreements_b3,2065,2083,2083,False,True
r4q1k/ppQbb1p1/3p3p/8/8/1P6/P4PPP/3RR1K1 b - - 4 28,56,gPbyoWQ9,d7g4,179,9,d7c6,0.0464,0.0255,0.0157,0.0156,d7c6,d7c6,d7c6,d7c6,608.0,0.0464,-0.0308,True,club,03_disagreements_b3,2054,2095,2095,False,True
1r2r1k1/5pp1/b2q1n1p/N1pp4/P1P1p3/4P2P/1P1Q1PP1/1BR1R1K1 b - - 0 22,44,R5e5d1AX,e8e5,59,50,d5d4,0.0376,0.0368,0.0322,0.0279,d5d4,d5d4,d5d4,d5d4,115.0,0.0376,-0.0097,True,club,03_disagreements_b3,2037,2068,2068,False,True
rn2kb1r/pp2pppp/2p5/3p1b2/1P1Pq3/P1Q1B3/2P2PPP/2R1KBNR b Kkq - 7 12,24,CABMFAwF,e4e6,85,15,b8d7,0.0302,0.0303,0.0294,0.0299,e7e6,e7e6,e7e6,e7e6,252.0,0.0303,-0.0003,True,club,03_disagreements_b3,2200,2100,2100,False,True
r3kb1r/pp1nppp1/2p4p/3p1b2/1P1Pq3/P1Q1BN1P/2P2PP1/2R1KB1R b Kkq - 0 14,28,CABMFAwF,a7a6,72,5,e4e6,0.02,0.0216,0.0266,0.0427,e7e6,e7e6,e7e6,e7e6,490.0,0.0427,0.0227,True,club,03_disagreements_b3,2200,2100,2100,False,True
r2k1b1r/ppNbpppp/5n2/Q1npN3/3q4/6B1/PP3PPP/R1K2B1R b - - 1 16,32,RycPZ68f,d8c8,-498,51,b7b6,0.0143,0.0131,0.012,0.0114,b7b6,b7b6,b7b6,b7b6,140.0,0.0143,-0.0029,True,club,03_disagreements_b3,2313,2103,2103,False,True
2r4r/1k4pp/pp1b1n2/3p4/7B/4P3/PP1Q2PP/RK5R b - - 0 30,60,RycPZ68f,d6e5,-498,15,c8c5,0.0296,0.0277,0.0278,0.0319,f6e4,f6e4,f6e4,f6e4,123.0,0.0319,0.0023,True,club,03_disagreements_b3,2313,2103,2103,False,True
2rq1rk1/1b3p1p/p4bp1/1p1nN3/2pP4/P1P3BR/1PB1Q1PP/5R1K b - - 3 24,48,EGOIXM8F,d8e7,39,24,f6g7,0.0349,0.0378,0.0404,0.0368,f8e8,f8e8,f6g7,f6g7,234.0,0.0404,0.0019,True,club,03_disagreements_b3,2128,2015,2015,False,True
2rq1k2/6bQ/p4p2/1p6/2pP4/P1P1n1BR/1P4bP/4R1K1 b - - 1 32,64,EGOIXM8F,d8d5,-152,63,g2h3,0.0153,0.0131,0.0137,0.0198,g2h3,g2h3,g2h3,g2h3,143.0,0.0198,0.0045,True,club,03_disagreements_b3,2128,2015,2015,False,True
1r4k1/p4pnp/1n2p1p1/4q3/3N4/5BPP/PP3P2/1Q1R2K1 b - - 5 26,52,vqk7OltM,e5c7,-110,5,b8d8,0.0042,0.0077,0.012,0.0173,b6c4,b6c4,b6c4,b6c4,370.0,0.0173,0.0131,True,club,03_disagreements_b3,1893,1903,1903,False,True
2rqk2r/5p2/pn1pb2B/1p2p3/4P2b/1NN2Pn1/PPPQB3/1K1R2R1 b k - 1 18,36,GrgACs3e,c8c3,44,92,b5b4,0.0108,0.0133,0.0168,0.025,g3e2,g3e2,g3e2,b6c4,218.0,0.025,0.0142,True,club,03_disagreements_b3,2279,2414,2414,False,True
2r1k2b/5p2/p2Qb3/1q2p3/1p2P3/1N2BP2/PPP1n3/1K1R4 b - - 0 24,48,GrgACs3e,h8g7,282,29,b5c6,0.0232,0.0189,0.0168,0.0157,h8f6,h8f6,h8f6,h8f6,251.0,0.0232,-0.0075,True,club,03_disagreements_b3,2279,2414,2414,False,True
r3kbnr/pppnpppp/8/5b2/3P1B2/5N2/PP2BPPP/RN1R2K1 b kq - 2 8,16,PIV5w7iY,a8c8,-56,4,e8c8,0.015,0.0101,0.0061,0.0057,e8c8,e8c8,e8c8,e8c8,128.0,0.015,-0.0093,True,club,03_disagreements_b3,1995,1987,1987,False,True
2kr1bnr/1ppnpppp/p7/5b2/3P1B2/2N2N2/PP2BPPP/2RR2K1 b - - 1 10,20,PIV5w7iY,d7f6,-216,2,e7e6,0.026,0.0172,0.011,0.0049,e7e6,e7e6,c7c6,c7c6,159.0,0.026,-0.0211,True,club,03_disagreements_b3,1995,1987,1987,False,True
2r3r1/p3qk1p/Qpb1p3/3pPp2/2p2B2/2P2P2/PP3RPP/5RK1 b - - 3 24,48,CzRCmu8H,d5d4,-19,30,e7d7,0.0151,0.007,0.0044,0.0041,e7h4,e7h4,g8g6,g8g6,514.0,0.0151,-0.011,True,club,03_disagreements_b3,1839,1858,1858,False,True
r1b1kbnr/pp2pppp/2n5/3q4/3P4/N1P5/5PPP/R1BQKBNR b KQkq - 1 8,16,JUnN0Rgl,d5a5,-48,14,d5e4,0.0328,0.0197,0.0138,0.0114,e7e5,e7e5,e7e5,e7e6,154.0,0.0328,-0.0214,True,club,03_disagreements_b3,2579,2504,2504,False,True
6k1/1p4p1/p1b2p2/3r3q/8/PP3QPp/2P1R2P/4N1K1 b - - 2 34,68,KMLK5dDi,h5g5,98,6,h5f7,0.0272,0.0285,0.032,0.0369,d5d1,d5d1,d5d1,d5d1,811.0,0.0369,0.0097,True,club,03_disagreements_b3,2120,2044,2044,False,True
2kr2nr/ppp1qppp/2nbb3/8/2P1P3/2NB4/PP2NPPP/R1BQK2R b KQ - 4 8,16,dsUIraul,e7h4,98,50,g8f6,0.0112,0.0128,0.0158,0.0161,g8f6,g8f6,e6c4,e6c4,405.0,0.0161,0.0049,True,club,03_disagreements_b3,1874,1909,1909,False,True
r4rk1/bp1b2pp/p1p2q2/2Ppnp2/1PnN1N2/P3P1PP/2Q2PB1/R1B2RK1 b - - 10 20,40,bbhbF07C,f6f7,0,37,a8e8,0.0082,0.0078,0.0064,0.0045,a8e8,a8e8,a8e8,a8e8,119.0,0.0082,-0.0037,True,club,03_disagreements_b3,1849,1836,1836,False,True
1b2rr2/6kp/p1p4p/2P5/1PB5/P5Pn/2Q2PK1/R4R2 b - - 1 32,64,bbhbF07C,h3f4,-586,105,h3g5,0.0255,0.0142,0.009,0.0068,h3g5,h3g5,h3g5,h3g5,198.0,0.0255,-0.0187,True,club,03_disagreements_b3,1849,1836,1836,False,True
1b2rr2/7p/p1p3kp/2P3n1/1P6/P1QB2P1/5PK1/R4R2 b - - 5 34,68,bbhbF07C,e8e4,-825,6,g6f7,0.0104,0.0088,0.008,0.0088,g6h5,g6h5,g6h5,g6h5,1172.0,0.0104,-0.0016,True,club,03_disagreements_b3,1849,1836,1836,False,True
5rk1/3r1ppp/p2p1P2/1p1Np3/4n3/2P5/PP4PP/R4RK1 b - - 0 22,44,haKnTtqk,g8h8,54,30,g7g6,0.0036,0.0069,0.0093,0.0102,e4f6,g7g6,g7g6,e4f6,390.0,0.0102,0.0066,True,club,03_disagreements_b3,2051,2042,2042,False,True
3r1r2/Q5pk/2p4p/4P3/2P1b3/1PB3qP/P4RP1/5RK1 b - - 2 30,60,cph1jnwf,e4g2,537,219,f8f2,0.031,0.0173,0.0112,0.0085,f8f2,f8f2,f8f2,f8f2,222.0,0.031,-0.0225,True,club,03_disagreements_b3,1925,1950,1950,False,True
rnbq1rk1/ppp2Np1/5n1p/8/1bBP4/2N5/PP3PPP/R1BQK2R b KQ - 0 10,20,tEDjRlB5,b4c3,177,114,f8f7,0.0394,0.0208,0.0108,0.0055,f8f7,f8f7,f8f7,f8f7,118.0,0.0394,-0.0339,True,club,03_disagreements_b3,1864,1830,1830,False,True
r2r2k1/1pq1bpp1/2p1p1np/2PpP3/1P1P1P2/2NQ3P/6PN/R4RK1 b - - 0 20,40,ApbOJkp6,g6f4,125,13,a8a1,0.0165,0.0083,0.0037,0.002,a8a1,b7b6,b7b6,b7b6,168.0,0.0165,-0.0145,True,club,03_disagreements_b3,1848,1953,1953,False,True
5rk1/3q1pp1/2p1p1np/2PpP1bN/3P2NP/5QP1/8/5RK1 b - - 0 32,64,ApbOJkp6,d7d8,-151,7,g5d8,0.0018,0.0018,0.0013,0.0009,g5e7,g5e7,g5e7,g5e7,182.0,0.0018,-0.0009,True,club,03_disagreements_b3,1848,1953,1953,False,True
5rk1/pppb1p2/3p2p1/8/4P2R/4qP2/PPP5/1K1R3Q b - - 3 24,48,C1ZaB6yh,f8e8,-375,134,g8g7,0.02,0.0114,0.0072,0.0076,g8g7,g8g7,g8g7,g8g7,136.0,0.02,-0.0124,True,club,03_disagreements_b3,1817,1881,1881,False,True
k6r/p3bp2/2p1p1p1/4P3/5P2/3pB1p1/P6r/1RR3K1 b - - 5 30,60,beo0UipM,c6c5,598,6,d3d2,0.0409,0.0411,0.0401,0.0464,h2h1,h2h1,h2h1,h2h1,120.0,0.0464,0.0055,True,club,03_disagreements_b3,1848,1828,1828,False,True
r5k1/3Rpp1p/pBnp2p1/8/2P1P1n1/2b2P2/P3B1PP/5RK1 b - - 0 20,40,4UoYy3I9,a8b8,-48,256,g4f6,0.0492,0.0233,0.0164,0.0198,g4e5,g4e5,g4e5,g4e5,258.0,0.0492,-0.0294,True,club,03_disagreements_b3,2111,2039,2039,False,True
rr4k1/2n1p1bp/1q1pPn2/2p2N2/8/2N5/PP4PP/R1BQ1R1K b - - 0 18,36,AGjvVA8g,b8f8,-304,5,g8f8,0.0047,0.0055,0.0059,0.0068,c7e6,c7e6,c7e6,c7e6,110.0,0.0068,0.0021,True,club,03_disagreements_b3,1804,1921,1921,False,True
4k3/p1rrbp1p/R3p3/R1p3p1/2Pp1P2/3P2P1/P2BP1KP/8 b - - 0 32,64,MmdX8Ew4,c7b7,-67,22,g5g4,0.0321,0.0221,0.0157,0.0188,g5f4,g5f4,g5f4,g5f4,160.0,0.0321,-0.0133,True,club,03_disagreements_b3,2225,2161,2161,False,True
r1bq1rk1/pp1n1pbp/3p1np1/2p5/4P3/N1P1BP2/PP1Q2PP/R3KBNR b KQ - 1 10,20,KCTUx0sa,d6d5,92,15,d7e5,0.0155,0.0117,0.0109,0.0202,d7e5,d7e5,d7e5,d7e5,106.0,0.0202,0.0047,True,club,03_disagreements_b3,1919,1930,1930,False,True
r1bq1rk1/pp3pbp/5np1/2pPn3/8/N1P1BP2/PP1Q2PP/2KR1BNR b - - 0 12,24,KCTUx0sa,f8e8,56,11,b7b6,0.0359,0.0352,0.0254,0.0209,f6d5,f6d5,c8f5,c8f5,145.0,0.0359,-0.015,True,club,03_disagreements_b3,1919,1930,1930,False,True
r5k1/2P1N1p1/r2ppn1p/nq6/R7/4P1P1/4P2P/Q1R3K1 b - - 1 28,56,MNsRwt9u,g8f8,-29,91,g8f7,0.0482,0.0269,0.019,0.0167,g8h7,g8h7,g8h7,g8h7,335.0,0.0482,-0.0315,True,club,03_disagreements_b3,1934,1935,1935,False,True
r1bqkb1r/1p1p1ppp/p3pn2/6B1/P2QP3/2N5/1PP2PPP/R3KB1R b KQkq - 2 8,16,OhSvehBH,d8a5,-37,17,f8e7,0.0208,0.0187,0.0153,0.032,f8e7,f8e7,f8e7,f8e7,120.0,0.032,0.0112,True,club,03_disagreements_b3,1968,2079,2079,False,True
6k1/2b1qpp1/2p1p1b1/p3P1Pp/2BN3P/P2P2P1/1rP1Q1K1/R7 b - - 0 34,68,NwkFUCyV,c7b6,209,40,e7c5,0.0392,0.0325,0.0225,0.0156,e7c5,e7c5,e7c5,e7c5,153.0,0.0392,-0.0236,True,club,03_disagreements_b3,2007,2099,2099,False,True
2kr3r/ppp2ppp/8/2B5/2P1P2q/2P2P2/PP2Q2P/R6K b - - 0 18,36,KMpOxqbl,f7f5,283,29,b7b6,0.0283,0.0254,0.0211,0.0157,b7b6,b7b6,b7b6,b7b6,137.0,0.0283,-0.0126,True,club,03_disagreements_b3,2071,2128,2128,False,True
r5k1/2q3pp/2p5/p3p3/1bP5/1PN1Rr1P/P2Q1P2/3R2K1 b - - 4 24,48,mZmNFoIy,f3f7,124,100,c7f7,0.0222,0.0196,0.017,0.0138,f3e3,a8f8,a8f8,a8f8,110.0,0.0222,-0.0084,True,club,03_disagreements_b3,1963,2017,2017,False,True
r2b1rk1/pR3ppp/q2N4/2pQ2B1/4P1n1/2PP4/5PPP/5RK1 b - - 2 20,40,Ci90SE1C,g4e5,-453,27,d8g5,0.0016,0.002,0.0023,0.0026,d8g5,d8g5,d8g5,d8g5,208.0,0.0026,0.001,True,club,03_disagreements_b3,1938,1923,1923,False,True
Q6k/p3n1pp/3q2p1/1p6/3p2Pb/1B1P3P/PP3P2/R4RK1 b - - 0 28,56,iG7ctBOk,e7c8,-916,1081,e7g8,0.038,0.0195,0.0123,0.0116,e7g8,e7g8,e7g8,e7g8,1083.0,0.038,-0.0264,True,club,03_disagreements_b3,1863,1897,1897,False,True
r1b1kbnr/1p3ppp/p1npp3/8/3NPPPq/2N5/PPP1K2P/R1BQ1B1R b kq - 2 8,16,LMDEqcMg,e6e5,257,98,h4g4,0.0325,0.0297,0.0289,0.0232,h4g4,h4g4,h4g4,h4g4,126.0,0.0325,-0.0093,True,club,03_disagreements_b3,1822,1816,1816,False,True
N3k1nr/1p3ppp/p7/2b1p3/4P3/7q/PPP1N2P/R1BQK2R b - - 4 20,40,LMDEqcMg,h3c8,-535,17,h3g2,0.0093,0.0067,0.0056,0.0058,h3h4,h3h4,h3h4,h3h4,111.0,0.0093,-0.0035,True,club,03_disagreements_b3,1822,1816,1816,False,True
r4rk1/2pbq3/1p1n2p1/pPpPpP2/2P1P3/P1NBbP2/2Q1N3/1K1R3R b - - 0 22,44,FQiv6A5s,g8g7,-174,53,g6f5,0.0069,0.0063,0.0056,0.0051,g6f5,g6f5,g6f5,g6f5,141.0,0.0069,-0.0018,True,club,03_disagreements_b3,2329,2424,2424,False,True
3r1rk1/1pp1nppp/p7/4Nb2/2Bq1P2/1Q6/PP4PP/R4R1K b - - 1 16,32,CBMqr3pn,h7h6,-79,74,b7b5,0.0104,0.0028,0.0007,0.0003,b7b5,e7d5,e7d5,e7d5,392.0,0.0104,-0.0101,True,club,03_disagreements_b3,1982,2136,2136,False,True
r2q2kr/pppn2p1/3b1nBp/3pp1pP/3P2P1/2N1P3/PPPBQP2/2KR3R b - - 1 14,28,8IAxpyQV,a7a6,-282,3,e5e4,0.0069,0.0056,0.0052,0.0066,e5d4,e5e4,e5e4,e5e4,105.0,0.0069,-0.0003,True,club,03_disagreements_b3,2036,2175,2175,False,True
3rr3/1pq1k1p1/5nBp/2P3pP/p1QPpbP1/P3B3/1P3P2/1K1R3R b - - 6 28,56,8IAxpyQV,e7f8,-443,25,f6g4,0.0098,0.008,0.0074,0.0093,e8f8,e8f8,e8f8,e8f8,157.0,0.0098,-0.0005,True,club,03_disagreements_b3,2036,2175,2175,False,True
r1b2rk1/1p2ppbp/p2p1np1/2q5/1nP5/1PN1PN2/PB1QBPPP/R4RK1 b - - 3 12,24,oKpXxMki,a6a5,-90,7,c8f5,0.0218,0.0258,0.0275,0.0224,c8f5,c8f5,c8f5,c8f5,129.0,0.0275,0.0006,True,club,03_disagreements_b3,2176,2208,2208,False,True
b1r2r2/2q1bppk/p2pp1np/1p5n/3NP1NP/2P2PP1/PP1BBQK1/2RR4 b - - 2 24,48,SpRaDeDW,c7d7,185,78,f7f5,0.0379,0.0405,0.0377,0.0341,d6d5,d6d5,d6d5,d6d5,310.0,0.0405,-0.0038,True,club,03_disagreements_b3,1891,1884,1884,False,True
5rk1/2q2pp1/p1r1p2p/1p1pP3/2nP1PPP/5R2/PP2RQ1K/3N4 b - - 1 26,52,NTmudUlu,f7f6,-58,51,c7a5,0.0466,0.0393,0.0296,0.0209,f8c8,f8c8,f8c8,f8c8,118.0,0.0466,-0.0257,True,club,03_disagreements_b3,1854,1867,1867,False,True
2r3k1/3q1p2/p3pP1p/1p1pP1P1/3P1NP1/nP3R2/P1r1R1QK/8 b - - 0 34,68,NTmudUlu,d7c6,-402,38,h6g5,0.002,0.0012,0.0009,0.0009,c2e2,c2e2,c2e2,h6g5,1591.0,0.002,-0.0011,True,club,03_disagreements_b3,1854,1867,1867,False,True
q5k1/3r1pp1/1p5p/8/2QP4/8/1P3PPP/3R2K1 b - - 0 24,48,U4aufAm5,d7d5,-48,47,a8d8,0.0319,0.0316,0.0355,0.0458,a8e4,a8b7,a8e4,a8e4,645.0,0.0458,0.0139,True,club,03_disagreements_b3,2072,1808,1808,False,True
2kr3r/pp1b1p2/2p1p2p/4P2Q/2P1pP2/4P3/PP1qBKP1/1R5R b - - 2 18,36,o6uFrnOr,h8g8,-154,19,d8f8,0.0259,0.0235,0.0238,0.0218,d7e8,d7e8,d7e8,d7e8,110.0,0.0259,-0.0041,True,club,03_disagreements_b3,2071,1966,1966,False,True
8/ppkb3r/2p1pr2/2P4p/1P1RpP2/4P2B/P4KP1/3R4 b - - 0 28,56,o6uFrnOr,a7a5,-292,1,b7b6,0.0015,0.0012,0.0013,0.0026,e6e5,e6e5,e6e5,e6e5,1023.0,0.0026,0.0011,True,club,03_disagreements_b3,2071,1966,1966,False,True
2r3k1/4bpp1/p3pnp1/q2pN1B1/3P2P1/pQP4P/P4P2/K1R4R b - - 1 22,44,y4Ve6P4n,e7f8,-392,1,e7d6,0.0067,0.0092,0.0159,0.0316,f6e4,f6e4,f6e4,f6e4,263.0,0.0316,0.0249,True,club,03_disagreements_b3,1820,1817,1817,False,True
r1bq1rk1/pp3ppn/2np1b1p/2p5/4PP2/1PN2N1P/PBPP2Q1/2KR1B1R b - - 4 12,24,hEHEUXlL,g8h8,-249,9,c8e6,0.0058,0.0104,0.0188,0.0251,c6d4,c6d4,c6d4,c6d4,122.0,0.0251,0.0193,True,club,03_disagreements_b3,1981,1937,1937,False,True
r1b2rk1/4bp2/3pqnpP/2p3B1/1pB1PQ2/P4P2/2P5/1NKR3R b - - 2 22,44,HZaRciCX,f6h7,-134,76,e6e5,0.0294,0.0382,0.0373,0.0289,e6c4,e6c4,e6c4,e6c4,159.0,0.0382,-0.0005,True,club,03_disagreements_b3,1829,1889,1889,False,True
rn1qk1nr/1bp5/1p1pp3/p4p1p/3P2p1/P1BNP1P1/1PP1BP1P/R2QK1R1 b Qkq - 0 12,24,7IS6Uo4v,d8e7,81,5,d6d5,0.0106,0.0112,0.0147,0.0171,h5h4,h5h4,h5h4,h5h4,168.0,0.0171,0.0065,True,club,03_disagreements_b3,2068,2097,2097,False,True
1rr1bk2/4p2Q/p2p2p1/1p1P2P1/8/3B4/PPP5/2K5 b - - 0 28,56,c9Hw9Tq4,a6a5,-429,9,e8f7,0.0136,0.0073,0.0038,0.0028,e8f7,e8f7,e8f7,e8f7,1564.0,0.0136,-0.0108,True,club,03_disagreements_b3,1914,1943,1943,False,True
rnbq1b1r/pp1kp1p1/2p3Qn/5pN1/2B1p3/2NP4/PPP2PPP/R1B1K2R b KQ - 0 8,16,8mmBwre4,e7e5,-491,13,e4d3,0.0181,0.0132,0.0126,0.0179,d7c7,d7c7,d7c7,d7c7,163.0,0.0181,-0.0002,True,club,03_disagreements_b3,1971,2048,2048,False,True
q5k1/4br2/2p1QppR/B2p4/1PpP1P2/4P2P/5P1K/8 b - - 2 30,60,1AEdVI5a,e7f8,-325,29,g8g7,0.0495,0.0428,0.0358,0.037,g8g7,g8g7,g8g7,g8g7,180.0,0.0495,-0.0125,True,club,03_disagreements_b3,1814,1824,1824,False,True
rnbq1rk1/p3ppbp/5np1/1pp1N3/4P3/2PBN3/PP2QPPP/R1B2RK1 b - - 1 12,24,cvl51e70,f6h5,115,131,c8b7,0.0174,0.0243,0.0307,0.0351,c5c4,c5c4,c5c4,c5c4,141.0,0.0351,0.0177,True,club,03_disagreements_b3,1960,1932,1932,False,True
r1b3k1/pppp1ppp/3b1qn1/2N5/2BP1n2/2P4P/PP3PP1/R1BQN1K1 b - - 0 14,28,Lt3dOWym,d6e7,-17,6,f6g5,0.0043,0.003,0.0023,0.0023,g6h4,f4h3,f4h3,f4h3,317.0,0.0043,-0.002,True,club,03_disagreements_b3,1843,1868,1868,False,True
r2qr1k1/2pbbpnp/2n3pB/p3P3/1pQ5/P4N1P/1PBN1PP1/R3R1K1 b - - 4 20,40,o8O9ylSR,d8c8,-222,9,c6a7,0.007,0.0079,0.0111,0.0137,g7f5,d7e6,d7e6,d7e6,266.0,0.0137,0.0067,True,club,03_disagreements_b3,1973,1966,1966,False,True
r3r1k1/n1p1bpnp/6pB/pb2P3/1p2N1P1/P4N2/1PB2PP1/3RR1K1 b - - 0 24,48,o8O9ylSR,a5a4,-127,43,b4a3,0.0318,0.0194,0.0103,0.0062,b4a3,b4a3,g7e6,g7e6,144.0,0.0318,-0.0256,True,club,03_disagreements_b3,1973,1966,1966,False,True
r3r1k1/n1p1bpnp/2b3pB/p3P1N1/4N1P1/P7/2B2PP1/3RR1K1 b - - 2 26,52,o8O9ylSR,a8b8,-181,20,c6e4,0.0151,0.0105,0.0105,0.0144,e7a3,e7a3,e7a3,e7a3,720.0,0.0151,-0.0007,True,club,03_disagreements_b3,1973,1966,1966,False,True
6k1/2qn1pp1/2p1pn1p/p1Pp4/P2P4/2N1PN1P/1Q3PP1/6K1 b - - 0 22,44,zq3uUTiW,c7c8,-45,7,c7b8,0.0202,0.019,0.0142,0.0095,c7b8,c7b8,c7b8,c7b8,181.0,0.0202,-0.0107,True,club,03_disagreements_b3,2085,2055,2055,False,True
5rk1/pb1r1p2/1p2p1pq/2p1Q3/3pP3/1PPP1R2/PB5P/6RK b - - 0 26,52,knEavsaR,d7d5,-183,29,h6g7,0.0049,0.0037,0.0032,0.0041,d4c3,d4c3,d4c3,d4c3,180.0,0.0049,-0.0008,True,club,03_disagreements_b3,2190,2145,2145,False,True
7k/pp4rp/5Q2/8/3P4/6qP/P4RP1/6K1 b - - 3 32,64,0Q99wlIy,g3g5,-286,13,g3c3,0.0054,0.004,0.0032,0.0038,g3h3,g3h3,g3h3,g3h3,1699.0,0.0054,-0.0016,True,club,03_disagreements_b3,1818,1869,1869,False,True
7k/2p3p1/5p1p/P7/8/7P/2r2PP1/R5K1 b - - 1 30,60,q2I3yrcc,c2e2,-402,4,c2d2,0.0174,0.0097,0.0061,0.0057,c2c6,c2c6,c2c6,c2c6,243.0,0.0174,-0.0117,True,club,03_disagreements_b3,2016,2075,2075,False,True
8/pp2k2r/1b4Rp/3K3B/5P2/1P6/P7/8 b - - 0 34,68,q0sTJe2I,e7f8,-54,2,h7f7,0.0395,0.0383,0.0317,0.0291,b6e3,b6e3,b6e3,b6e3,536.0,0.0395,-0.0104,True,club,03_disagreements_b3,1888,1896,1896,False,True
r1b2rk1/p1p3pp/1pnq4/4ppN1/8/2PP2NP/PPQ2PP1/R3R1K1 b - - 0 16,32,dsszGWrZ,g8h8,71,6,c8a6,0.0009,0.0013,0.0019,0.0033,f5f4,h7h6,h7h6,h7h6,287.0,0.0033,0.0024,True,club,03_disagreements_b3,2060,2002,2002,False,True
5rk1/1bq3pp/p6r/R2p1p2/2p1n3/2P1PBP1/RPQ1NPP1/6K1 b - - 5 24,48,Ozg3AnjD,c7f7,39,39,f8f6,0.035,0.0383,0.0381,0.0376,f8f6,f8f6,f8f6,f8f6,112.0,0.0383,0.0026,True,club,03_disagreements_b3,2183,2176,2176,False,True
6k1/1b1q2pp/p4r1r/R2p1p2/2p1nN2/2P1PBP1/RP3PP1/3Q2K1 b - - 9 26,52,Ozg3AnjD,h6h1,371,367,f6d6,0.0062,0.0052,0.0033,0.0022,f6d6,f6d6,f6d6,f6d6,324.0,0.0062,-0.004,True,club,03_disagreements_b3,2183,2176,2176,False,True
2rq1rk1/pb2ppbp/1p1p1np1/2nP4/P1P1P3/2NB1N2/1B3PPP/R2Q1RK1 b - - 0 12,24,m0ONQrwx,f6e4,187,130,a7a6,0.0094,0.0114,0.0147,0.0245,c5d3,c5d3,c5d3,c5d3,207.0,0.0245,0.0151,True,club,03_disagreements_b3,1901,1885,1885,False,True
r5k1/pp1b3n/2n1pr2/1N3p1Q/1bP4P/3B1N2/Pq3PP1/1R3K1R b - - 6 20,40,HI7JbcE1,b2b1,443,133,b2a2,0.005,0.0054,0.007,0.0099,b2a2,b2a2,b2a2,b2a2,133.0,0.0099,0.0049,True,club,03_disagreements_b3,1875,1803,1803,False,True
4rbk1/3n1p2/2p2p2/2P4p/1N1PrP1P/1P2B3/1K3P2/3RR3 b - - 0 26,52,WSplDOjo,d7c5,-327,134,f6f5,0.0256,0.023,0.0213,0.0181,d7b8,d7b8,d7b8,d7b8,127.0,0.0256,-0.0075,True,club,03_disagreements_b3,2162,1895,1895,False,True
7Q/p4pp1/3k4/7p/5P2/1q2n3/1P3PBP/2R3K1 b - - 0 26,52,fSCK3dD2,b3b6,-826,5,e3g2,0.0014,0.0011,0.001,0.0009,e3g2,e3g2,e3g2,e3g2,1159.0,0.0014,-0.0005,True,club,03_disagreements_b3,1900,1913,1913,False,True
7Q/p4pp1/3k4/3q3p/5P2/8/1P3P1P/2R3K1 b - - 2 28,56,fSCK3dD2,d6e7,-702,84,d5d2,0.0085,0.0097,0.0117,0.0149,d5d2,d5d2,d5d2,d5d2,1288.0,0.0149,0.0064,True,club,03_disagreements_b3,1900,1913,1913,False,True
2r1r1k1/3R1pp1/pqp4p/1p3P2/PP3P2/1Q2n1P1/6BP/5R1K b - - 4 28,56,dEWPDRSG,e3d5,35,38,e3c4,0.0164,0.019,0.0181,0.017,e3f1,e3f1,e3f1,e3f1,2033.0,0.019,0.0006,True,club,03_disagreements_b3,1849,1852,1852,False,True
2r3k1/3R1pp1/pqp2P1p/1p6/PPn2P2/4r1P1/6BP/3Q1R1K b - - 2 30,60,dEWPDRSG,e3e6,-197,29,g7g6,0.0264,0.0256,0.0231,0.021,g7f6,g7f6,g7f6,g7f6,436.0,0.0264,-0.0054,True,club,03_disagreements_b3,1849,1852,1852,False,True
1qr3k1/3R1p2/p1p2Ppp/Pp6/1PnQ1P2/4r1P1/6BP/5R1K b - - 2 32,64,dEWPDRSG,c8f8,-137,93,b8a8,0.0188,0.0226,0.0237,0.0241,c8e8,c8e8,c8e8,c8e8,148.0,0.0241,0.0053,True,club,03_disagreements_b3,1849,1852,1852,False,True
1r4k1/5pp1/p2N3p/P1P1p3/1n2P3/1r2P3/qP4PP/1QKR3R b - - 0 26,52,f1FvICRW,b3b2,1996,1411,a2a5,0.0387,0.0262,0.0159,0.0119,a2a5,a2a5,a2a5,a2a5,1412.0,0.0387,-0.0268,True,club,03_disagreements_b3,2002,1951,1951,False,True
2kq3r/Qp2n1b1/2p5/4p2p/PP3pp1/1NPP4/5PPP/R3R1K1 b - - 0 24,48,i2UgkIr6,d8c7,-461,21,g4g3,0.0293,0.0379,0.0421,0.0392,d8d3,d8d3,d8d3,d8d3,331.0,0.0421,0.0099,True,club,03_disagreements_b3,1898,1840,1840,False,True
3q3r/1Q2n1b1/2p1k3/4p2p/PP2Np2/2PP2P1/6PP/R3R1K1 b - - 0 28,56,i2UgkIr6,h5h4,-561,9,f4g3,0.0193,0.0244,0.033,0.0419,f4g3,f4g3,f4g3,f4g3,139.0,0.0419,0.0226,True,club,03_disagreements_b3,1898,1840,1840,False,True
r7/1ppb1kq1/p2p2n1/2PPp1b1/1P2PpP1/2N2B2/P2BK1P1/1R3Q2 b - - 7 28,56,qyAxT4aT,g7f8,-4,55,a8h8,0.015,0.0209,0.0273,0.0432,a8h8,a8h8,a8h8,a8h8,115.0,0.0432,0.0282,True,club,03_disagreements_b3,1942,2008,2008,False,True
r1bq1rk1/pp2bppp/2nppn2/6N1/2B1P2P/2N1B3/PP2QPP1/R3K2R b KQ - 4 10,20,Ag0mY8jf,d8a5,170,13,c6e5,0.0106,0.0103,0.0147,0.0323,h7h6,h7h6,h7h6,d6d5,115.0,0.0323,0.0217,True,club,03_disagreements_b3,2175,2243,2243,False,True
r6k/1R4pp/2q1B3/pp4N1/7P/2P5/P2B2P1/R3K3 b Q - 0 26,52,Ag0mY8jf,h7h6,-263,232,c6b7,0.0174,0.0166,0.0148,0.0187,c6b7,c6b7,c6b7,c6b7,437.0,0.0187,0.0013,True,club,03_disagreements_b3,2175,2243,2243,False,True
2r1q1k1/3b2bp/3Bp1p1/1pNpPn2/1P6/P4P2/5P1P/2RQR1K1 b - - 1 26,52,KHzhVP8u,h7h5,-217,34,e8f7,0.0088,0.0079,0.0088,0.0121,f5d6,f5d6,f5d6,f5d6,169.0,0.0121,0.0033,True,club,03_disagreements_b3,1876,1926,1926,False,True
r3r3/pp3ppk/2pq1n1p/4pP2/4B2R/4BQ2/PP4PP/5RK1 b - - 3 26,52,I3ZRN2oC,a7a5,-331,4,d6b4,0.0124,0.0119,0.0098,0.0089,f6e4,f6e4,f6e4,f6e4,114.0,0.0124,-0.0035,True,club,03_disagreements_b3,2074,2107,2107,False,True
r3r3/pp2qppk/2p2n1p/4pP2/4B2R/1P2B2Q/P5PP/5RK1 b - - 2 28,56,I3ZRN2oC,a8d8,-352,55,f6e4,0.0369,0.0165,0.0099,0.006,f6e4,f6g8,f6g8,f6g8,1638.0,0.0369,-0.0309,True,club,03_disagreements_b3,2074,2107,2107,False,True
r3r1k1/pp3pp1/2p2q2/4pPp1/6R1/1P2B2Q/P6P/5RK1 b - - 1 32,64,I3ZRN2oC,f6d6,-517,11,f6h6,0.0176,0.0157,0.0162,0.0203,e5e4,g8f8,g8f8,a8d8,170.0,0.0203,0.0027,True,club,03_disagreements_b3,2074,2107,2107,False,True
r3k1nr/pbpq1pp1/1pn1p2p/3pP1NQ/3P4/P1PB4/2P2PPP/R1B1K2R b KQkq - 1 10,20,gCHDM3CA,c6d8,-107,118,g7g6,0.0129,0.0142,0.0166,0.0339,e8c8,e8c8,e8c8,e8c8,236.0,0.0339,0.021,True,club,03_disagreements_b3,1873,1864,1864,False,True
2kr3r/pppqbp2/2np3p/1B4p1/3NPPb1/2N3P1/PPPQ2P1/2K1R1R1 b - - 2 16,32,ituJJOBm,d6d5,-283,118,e7f6,0.0182,0.0116,0.007,0.0048,a7a6,a7a6,a7a6,a7a6,139.0,0.0182,-0.0134,True,club,03_disagreements_b3,2042,1977,1977,False,True
2r3k1/p3Rp2/5p1p/8/2pp4/8/PPP2PPP/4R1K1 b - - 0 22,44,8HVH06kT,c8c6,-588,9,d4d3,0.0053,0.0053,0.0069,0.0105,d4d3,d4d3,d4d3,d4d3,205.0,0.0105,0.0052,True,club,03_disagreements_b3,2137,2186,2186,False,True
r5k1/p4ppp/R1p3r1/8/5n2/PB1P2PP/1PP2P2/4R2K b - - 0 32,64,l8d5iBTF,f4d5,-552,7,f4h3,0.0247,0.0205,0.0192,0.0227,f4h3,f4h3,f4h3,f4h3,117.0,0.0247,-0.002,True,club,03_disagreements_b3,1851,1827,1827,False,True
1r3k2/p2RNpp1/7p/5Q2/4P3/P6P/4qPP1/6K1 b - - 5 30,60,PPgzzPqc,f7f6,-740,133,e2a2,0.0056,0.0053,0.0045,0.0053,b8b1,b8b1,b8b1,b8b1,1250.0,0.0056,-0.0003,True,club,03_disagreements_b3,1876,1896,1896,False,True
r2k1bnr/1p3pp1/pqn1p1b1/3pP3/BP1P1NP1/P1N1B3/7P/R2QK2R b KQ - 2 16,32,SbIOs3iE,c6e5,62,292,g8h6,0.0043,0.0064,0.0124,0.0313,g6h7,g6h7,g6h7,g6h7,348.0,0.0313,0.027,True,club,03_disagreements_b3,1855,1966,1966,False,True
r3k2r/2qnbppp/p1b1p3/1pp5/4P3/P1N1QN1P/1PP2PP1/3RRBK1 b kq - 7 16,32,nRmma4ee,d7b6,77,52,c5c4,0.0137,0.0119,0.0099,0.0106,e8g8,e8g8,e8g8,e8g8,112.0,0.0137,-0.0031,True,club,03_disagreements_b3,1887,1918,1918,False,True
2r3k1/6rp/2npp1p1/pp2p3/4P3/2PN1PP1/PP1R4/1K5R b - - 2 26,52,4W7EHMZY,c6d8,121,8,g7f7,0.0037,0.0036,0.0032,0.004,b5b4,b5b4,b5b4,b5b4,121.0,0.004,0.0003,True,club,03_disagreements_b3,2025,2006,2006,False,True
1r2n3/3bq1k1/3p2p1/1p1Pp1Pp/p2pP2P/P2B1N2/1PP2Q2/1K3R2 b - - 2 28,56,YFXChSV4,d7h3,-73,7,b5b4,0.039,0.0227,0.0123,0.0097,e8c7,b5b4,b5b4,b5b4,134.0,0.039,-0.0293,True,club,03_disagreements_b3,1928,2057,2057,False,True
4n3/3bq1k1/3p2p1/3Pp1Pp/pr1pP2P/3B4/1PP2Q2/1K2NR2 b - - 1 30,60,YFXChSV4,d7h3,51,54,a4a3,0.0217,0.0142,0.0095,0.0097,a4a3,a4a3,a4a3,a4a3,198.0,0.0217,-0.012,True,club,03_disagreements_b3,1928,2057,2057,False,True
r1b2rk1/1p2n1pp/3p2q1/p2P1p2/PnP1p2B/1N6/1P2BPPP/R2QR1K1 b - - 2 18,36,dwHky4UU,e7d5,-60,67,g6f7,0.0176,0.0131,0.0123,0.0091,f5f4,f5f4,f5f4,f5f4,245.0,0.0176,-0.0085,True,club,03_disagreements_b3,2077,2103,2103,False,True
3r3r/k1q5/1p1pbp2/p7/1QP1Pp1p/R4P1P/P4P2/1K1R1B2 b - - 0 32,64,9AXkZwcs,h8h5,82,16,c7c5,0.0318,0.0237,0.0189,0.0211,a7b7,a7b7,a7b7,a7b7,152.0,0.0318,-0.0107,True,club,03_disagreements_b3,1982,2085,2085,False,True
r5k1/p1p3pp/7r/3ppq2/3p1pR1/1P1P1P1P/P1PB1Q1K/R7 b - - 1 24,48,ij7bcoJ6,h6h3,-226,10,a8f8,0.0166,0.0185,0.0207,0.0209,f5h5,f5h5,f5h5,f5h5,109.0,0.0209,0.0043,True,club,03_disagreements_b3,1928,1969,1969,False,True
1rb2rk1/p4pb1/2pp1qp1/4p3/4P3/1BN1P1Q1/PPP3P1/2K2R1R b - - 9 18,36,Vy4nFFT2,f6f1,-544,66,f6e7,0.0014,0.001,0.0008,0.0009,f6e7,f6e7,f6e7,f6e7,1449.0,0.0014,-0.0005,True,club,03_disagreements_b3,1994,2038,2038,False,True
r3r1k1/pp4pp/1qp2n2/3pb1B1/1P1P4/P1P4P/4Q1P1/RN3R1K b - - 1 18,36,2LDcoemx,f6e4,480,169,e5f4,0.0193,0.0144,0.0104,0.008,e5d4,e5d4,e5d4,e5d4,276.0,0.0193,-0.0113,True,club,03_disagreements_b3,2038,2066,2066,False,True
7r/p5k1/2Qb1pp1/5q2/3P4/P5P1/1B3P2/2R3K1 b - - 0 34,68,kpok5YSI,g6g5,-53,63,d6g3,0.0086,0.004,0.0024,0.0022,f5h3,f5h3,f5h3,f5h3,120.0,0.0086,-0.0064,True,club,03_disagreements_b3,1857,1869,1869,False,True
2k1r2r/p1p2ppp/3q4/1p1n4/3P4/PK1B1P2/1P1P2b1/RNBQ2R1 b - - 0 22,44,ddFMmm6O,d6e6,-1,218,g2h3,0.0147,0.0122,0.0105,0.0099,g2h3,g2h3,g2h3,d5f4,275.0,0.0147,-0.0048,True,club,03_disagreements_b3,1855,1903,1903,False,True
2k4r/p1p2ppp/4r3/1p3b2/3P4/P1QP4/KP1B4/R2q4 b - - 1 32,64,ddFMmm6O,b5b4,571,64,d1a4,0.0049,0.0028,0.0021,0.002,d1a4,d1a4,d1a4,d1a4,274.0,0.0049,-0.0029,True,club,03_disagreements_b3,1855,1903,1903,False,True
r1b1r1kb/p1q2p1p/6pB/1pnpp1Q1/8/2P1N1PP/PP1NPP2/R2R2K1 b - - 1 18,36,ljdtgrIr,c7c6,260,37,d5d4,0.0262,0.0227,0.0203,0.0182,d5d4,d5d4,d5d4,d5d4,105.0,0.0262,-0.008,True,club,03_disagreements_b3,2143,2121,2121,False,True
r6k/pp3Q1p/3qN1p1/8/3P4/8/PP3PPP/R5K1 b - - 0 26,52,SWvsjtQc,d6e6,-950,1041,a8g8,0.0263,0.0147,0.0086,0.007,a8g8,a8g8,a8g8,a8g8,1048.0,0.0263,-0.0193,True,club,03_disagreements_b3,1818,1813,1813,False,True
7r/ppp1k1p1/2n5/6pr/2Qp4/6B1/PPP2PPP/RN4K1 b - - 1 18,36,zfJdegTu,g7g6,-693,7,g5g4,0.0051,0.0046,0.0047,0.0039,g5g4,g5g4,e7d7,e7d7,190.0,0.0051,-0.0012,True,club,03_disagreements_b3,2166,2071,2071,False,True
4r1k1/1ppq1ppp/p4B2/2b2N2/3pP3/1P1P4/1PP3PP/R3QRK1 b - - 0 18,36,dJ7uESp1,g7g6,-781,37,g7f6,0.0384,0.0298,0.0198,0.0121,g7f6,g7f6,g7f6,g7f6,1217.0,0.0384,-0.0263,True,club,03_disagreements_b3,1967,1927,1927,False,True
5rk1/Q4ppp/4p3/8/3P1B2/P3P3/1qrN1PbP/3RK1R1 b - - 1 20,40,B3hPrr7k,c2d2,0,235,g2h3,0.0369,0.0361,0.0285,0.0226,g2f3,g2f3,g2f3,g2d5,424.0,0.0369,-0.0143,True,club,03_disagreements_b3,1823,1881,1881,False,True
1r2kb1r/p2q4/1p1p1n1p/2p1P3/3p1Pp1/1Q3R1N/PPPB2PP/4R1K1 b - - 0 22,44,EBpWTVP7,f6e4,-104,5,d6e5,0.0167,0.0106,0.0081,0.0076,d6e5,g4f3,g4f3,g4f3,188.0,0.0167,-0.0091,True,club,03_disagreements_b3,1963,2013,2013,False,True
1r2k3/p2qb2r/1p3n1p/2p1R3/3p1P2/1QP4p/PP1B2PP/4R1K1 b - - 0 26,52,EBpWTVP7,d7c6,506,62,h3g2,0.0042,0.0035,0.0033,0.0039,h3g2,h3g2,h3g2,h3g2,220.0,0.0042,-0.0003,True,club,03_disagreements_b3,1963,2013,2013,False,True
4r2k/1b4b1/ppq3pp/8/P4N2/1B5P/2PQ1RP1/6K1 b - - 1 28,56,kpCT5sDf,c6f6,-2,9,h8h7,0.0134,0.0138,0.0134,0.0142,g7c3,h8h7,h8h7,h8h7,266.0,0.0142,0.0008,True,club,03_disagreements_b3,2212,2321,2321,False,True
5rk1/P1p2pp1/1p1p1n1p/8/4q3/1PN1P3/R1P2P2/4KQN1 b - - 2 20,40,cHAZ6XtR,e4h1,-407,18,e4c6,0.0279,0.0165,0.0109,0.0097,e4b4,e4b4,e4b4,e4b4,122.0,0.0279,-0.0182,True,club,03_disagreements_b3,1820,1835,1835,False,True
r2q1rk1/pp2bppp/n1p1p3/3pPP2/3P2P1/2PQB3/PP1N3P/R4RK1 b - - 0 14,28,EeSLbpv7,f7f6,-149,14,c6c5,0.0324,0.0387,0.0309,0.0163,e6f5,e6f5,e6f5,e6f5,131.0,0.0387,-0.0161,True,club,03_disagreements_b3,2048,2089,2089,False,True
2r2rk1/pp3ppp/n7/3pPR2/3P2Pq/P2QR2P/1P1N2K1/8 b - - 0 22,44,EeSLbpv7,h4h6,-19,12,c8c1,0.0212,0.0218,0.0179,0.0147,c8c1,c8c1,c8c1,c8c1,368.0,0.0218,-0.0065,True,club,03_disagreements_b3,2048,2089,2089,False,True
r3kbnr/pppq1p1p/3p4/n5p1/3PPp2/2PB1Q1P/PP4P1/RNB2RK1 b kq - 0 10,20,9Rujgivv,f8g7,-54,28,g8f6,0.0139,0.0151,0.0179,0.035,e8c8,e8c8,e8c8,e8c8,147.0,0.035,0.0211,True,club,03_disagreements_b3,1890,1961,1961,False,True
2r5/1b5k/1n1qp3/pp1p1pRB/3P1P2/1P2P3/P4P1P/3Q3K b - - 0 26,52,r9FPi0Hd,d6c7,-547,44,e6e5,0.0199,0.0284,0.0385,0.0463,c8g8,c8g8,c8g8,c8g8,123.0,0.0463,0.0264,True,club,03_disagreements_b3,2346,2187,2187,False,True
r3r1k1/p4ppp/2p3n1/2bq4/6Q1/2P5/PP4PP/RNBR3K b - - 4 16,32,H7hj8oGi,g6e5,580,126,d5e6,0.0256,0.017,0.0138,0.0114,d5e5,d5e5,d5e5,d5e5,223.0,0.0256,-0.0142,True,club,03_disagreements_b3,2088,2077,2077,False,True
4r1k1/p4ppp/2p1r1n1/8/1P6/2P1b3/P5PP/RN1RB2K b - - 4 20,40,H7hj8oGi,e3c1,418,302,e3b6,0.0127,0.0131,0.0147,0.0181,e3b6,e3b6,e3b6,e3b6,360.0,0.0181,0.0054,True,club,03_disagreements_b3,2088,2077,2077,False,True
1k1r1bnr/pppbqpp1/2p4p/4N3/4PP2/2NPB3/PPP3PP/R2Q1RK1 b - - 2 10,20,cnQiXnp1,d7c8,-236,5,d7e8,0.0246,0.0221,0.0252,0.0377,f7f6,f7f6,f7f6,f7f6,205.0,0.0377,0.0131,True,club,03_disagreements_b3,1945,1947,1947,False,True
r1q1r1k1/pb1np1bp/1p3pp1/2pNP3/2P2P1Q/4BB2/PP4PP/R4RK1 b - - 1 16,32,pEJVyXfx,b6b5,-204,23,g8h8,0.0054,0.0023,0.0012,0.001,f6e5,f6e5,f6e5,f6e5,116.0,0.0054,-0.0044,True,club,03_disagreements_b3,2443,2557,2557,False,True
r2qk2r/ppp2ppp/2nb4/8/2BPp3/2P2P1P/P1P2P2/R1BQR1K1 b kq - 0 12,24,ZcProtP6,e4e3,-160,80,e8g8,0.0064,0.0036,0.0025,0.0015,e8g8,d8h4,d8h4,d8h4,447.0,0.0064,-0.0049,True,club,03_disagreements_b3,1834,1864,1864,False,True
r1b1k2r/2p1npp1/p1p2q2/1p2N2p/5P2/2P1PB2/P5PP/R2Q1RK1 b kq - 1 20,40,A6jZFS3t,c8e6,-13,6,c8b7,0.0148,0.0223,0.0313,0.0384,c8g4,c8b7,c8b7,c8b7,525.0,0.0384,0.0236,True,club,03_disagreements_b3,1813,1911,1911,False,True
8/p1p3pp/2n3k1/3r1pP1/1p5P/8/PPPBNR2/2K5 b - - 5 30,60,4WqyBTe9,d5a5,-464,1,a7a5,0.0187,0.018,0.017,0.0192,g6h5,g6h5,g6h5,g6h5,263.0,0.0192,0.0005,True,club,03_disagreements_b3,1994,2045,2045,False,True
r4kr1/ppqb3p/2p2BP1/8/1P2B3/2P2Q2/P4PPP/3RR1K1 b - - 0 20,40,06DajgrA,d7f5,-1151,63,c7a5,0.0008,0.0009,0.001,0.001,h7g6,h7g6,h7g6,h7g6,832.0,0.001,0.0002,True,club,03_disagreements_b3,1874,1803,1803,False,True
2r2rk1/2qbnp2/p1n1pBp1/1p1pP3/3P4/P1PB1N2/3Q1PPP/R4RK1 b - - 5 20,40,Ohqi3ZSx,c6d4,-1096,230,f8e8,0.003,0.002,0.0015,0.0015,e7f5,e7f5,e7f5,e7f5,896.0,0.003,-0.0015,True,club,03_disagreements_b3,2005,1973,1973,False,True
r4rk1/1p4bp/pn1p1qp1/2pPp3/4P3/1PN3Q1/1PP2P2/2KR2R1 b - - 1 22,44,1R0gowxI,f6f3,488,0,f6f4,0.0336,0.0351,0.0389,0.0381,f6f2,f6f2,f6f2,f6f2,131.0,0.0389,0.0045,True,club,03_disagreements_b3,1818,1830,1830,False,True
r3r2k/ppp1q1p1/2nbb1Qp/3pp2N/8/3P4/PPPB1PPP/2KR2NR b - - 13 14,28,vtfm0eYT,e6g8,243,7,e7f7,0.0105,0.0128,0.0196,0.0338,e6f7,e6f7,e6f7,e6f7,2242.0,0.0338,0.0233,True,club,03_disagreements_b3,1961,1976,1976,False,True
7k/p1p3p1/5r1p/1p1pp3/1P4RP/2PPb3/P2B1r2/2KR4 b - - 10 34,68,vtfm0eYT,f2d2,631,246,e3d2,0.02,0.0234,0.0242,0.0224,e3d2,e3d2,e3d2,e3d2,260.0,0.0242,0.0024,True,club,03_disagreements_b3,1961,1976,1976,False,True
r4rk1/1pq2ppp/p3p3/3pP3/2P1bP2/P5P1/3BQ2P/2R1R1K1 b - - 0 20,40,uYsuDTne,c7d7,195,73,c7c5,0.0165,0.0266,0.0352,0.0308,c7c5,c7c5,c7c5,c7c5,109.0,0.0352,0.0143,True,club,03_disagreements_b3,1894,1839,1839,False,True
2r3k1/r4p1p/4b1p1/8/4B3/1Pp3P1/5P1P/1RR3K1 b - - 1 32,64,iRW3tdAN,a7d7,160,81,a7a3,0.0116,0.0099,0.0083,0.0082,a7a3,a7a3,a7a3,a7a3,133.0,0.0116,-0.0034,True,club,03_disagreements_b3,2007,1965,1965,False,True
r5k1/1p3p2/1Q2b2p/4R1p1/p1q5/3r1NPP/4R1PK/8 b - - 5 30,60,zDrYpIKI,c4a6,118,64,d3f3,0.0124,0.0127,0.0117,0.0107,a4a3,a4a3,a4a3,a4a3,118.0,0.0127,-0.0017,True,club,03_disagreements_b3,1917,1896,1896,False,True
2kr3r/pbpq1p2/1pnbpp2/8/3P3p/2P3P1/PP1N1PBP/R1BQ1RK1 b - - 1 14,28,4Wc6vto7,d8g8,200,22,h4g3,0.0169,0.0192,0.0183,0.0338,h4g3,h4g3,h4g3,h4g3,144.0,0.0338,0.0169,True,club,03_disagreements_b3,2033,2060,2060,False,True
r1bq1rk1/pp3p1p/2p1pnp1/6N1/3P3R/2PB4/PP2QPPP/R5K1 b - - 2 16,32,sJwx5Pbm,d8e7,-179,5,f6h5,0.0176,0.0139,0.0083,0.0052,h7h5,h7h5,h7h5,g8g7,121.0,0.0176,-0.0124,True,club,03_disagreements_b3,2044,2079,2079,False,True
1brqk2r/pp3pp1/2n1pnbp/1B1p4/3P2PB/2P2N1P/PP3PK1/RN1QR3 b k - 1 14,28,VHCs7h4O,h6h5,141,4,g6e4,0.0204,0.0202,0.0179,0.0138,d8d6,g6e4,g6e4,g6e4,123.0,0.0204,-0.0066,True,club,03_disagreements_b3,1988,1964,1964,False,True
r2qk2r/ppp3p1/2np1p2/2b1pbB1/2P3pN/2NP2P1/PP2PPB1/R2Q1RK1 b kq - 1 12,24,6hVNqiip,f5h7,-172,11,f5d7,0.0047,0.0032,0.0027,0.0031,f6g5,f6g5,f6g5,f6g5,101.0,0.0047,-0.0016,True,club,03_disagreements_b3,1999,1895,1895,False,True
6k1/p5pp/np1Br3/4P3/8/2p5/PbP3PP/5RK1 b - - 5 24,48,roN2PK5B,h7h5,381,35,h7h6,0.024,0.0195,0.0163,0.0178,e6e8,e6e8,e6e8,e6e8,161.0,0.024,-0.0062,True,club,03_disagreements_b3,1860,1853,1853,False,True
r2q1rk1/ppp2p2/1bnp1n1p/4p1pb/2B1P3/1NPP1NBP/PPQ2PP1/R3K2R b KQ - 2 12,24,xa0EA9j7,g8g7,23,3,a7a5,0.0053,0.0101,0.02,0.0382,h5f3,h5f3,h5f3,h5f3,124.0,0.0382,0.0329,True,club,03_disagreements_b3,1854,1857,1857,False,True
rnb3nr/p2pqkb1/2p4p/1p4p1/3PPp2/2N2NP1/PPP1Q2P/R1B2RK1 b - - 0 10,20,uCxitH8m,b5b4,251,53,f7e8,0.0431,0.0355,0.0339,0.0381,f4g3,f4g3,f4g3,f4g3,503.0,0.0431,-0.005,True,club,03_disagreements_b3,1891,1874,1874,False,True
7r/2rq1k2/p1n2bpp/1p1p1n1P/1PpP4/P1P2NN1/2QBRPP1/4R1K1 b - - 0 22,44,FUWCpkgb,f5e7,-482,59,h8g8,0.0093,0.0095,0.0105,0.013,f5g3,f5g3,f5g3,f5g3,1515.0,0.013,0.0037,True,club,03_disagreements_b3,2286,2287,2287,False,True
r1b1kb1r/pp1np1pp/4P1n1/q7/8/2N2N2/PP4PP/R1BQKB1R b KQkq - 0 12,24,nyQzmrdF,a7a6,-434,54,d7f6,0.0,0.0,0.0,0.0,d7e5,d7f6,d7f6,d7f6,344.0,0.0,0.0,True,club,03_disagreements_b3,2191,2031,2031,False,True
1k1r3r/2p1qpb1/Qn2b2p/3pN1p1/3P4/P3B2P/1PP2PP1/2KRR3 b - - 2 18,36,rAghHJCR,e7e8,273,30,e7d6,0.0102,0.0095,0.0084,0.0088,g7e5,g7e5,g7e5,g7e5,113.0,0.0102,-0.0014,True,club,03_disagreements_b3,1974,1988,1988,False,True
r1q4r/3nkpp1/p6p/1p1pP3/2p5/P1P2N2/1PQ1BPPP/3R2K1 b - - 1 18,36,9owLwzob,d7c5,10,10,d7b6,0.0461,0.0335,0.0277,0.0246,h8e8,c8c6,d7b6,d7b6,123.0,0.0461,-0.0215,True,club,03_disagreements_b3,1858,1852,1852,False,True
5r2/6k1/pn1q2pp/1p1p4/2p5/P1P1RB2/1P3PPP/4Q1K1 b - - 7 28,56,9owLwzob,d6f4,-155,20,f8f7,0.011,0.0077,0.0043,0.0026,f8f7,f8f7,f8f7,f8f7,183.0,0.011,-0.0084,True,club,03_disagreements_b3,1858,1852,1852,False,True
Q7/ppp2pk1/7p/5b2/2P5/4BN2/PP2BPKP/R3R3 b - - 0 20,40,CoIIljO5,f7f6,-1253,14,a7a6,0.0234,0.0232,0.027,0.0275,f5e4,f5h3,f5h3,f5h3,741.0,0.0275,0.0041,True,club,03_disagreements_b3,1869,1876,1876,False,True
2k4r/1pp5/p1p1bp2/6p1/3PPbP1/1PP2N1r/P1KN4/4R1R1 b - - 0 26,52,esdPh4c9,b7b6,154,8,f4d2,0.0199,0.0179,0.0188,0.023,f4d2,f4d2,f4d2,f4d2,132.0,0.023,0.0031,True,club,03_disagreements_b3,1836,1829,1829,False,True
r1rq2k1/1b2npp1/1pp2n1p/p2pN3/P2P4/1Q1NPP2/1PR1B1PP/2R3K1 b - - 0 24,48,gprYuRNZ,d8c7,-83,10,f6d7,0.0178,0.014,0.0094,0.006,e7f5,f6d7,f6d7,f6d7,134.0,0.0178,-0.0118,True,club,03_disagreements_b3,1884,1910,1910,False,True
r6r/1p2kp2/p1bR1p1p/4p3/4P3/5N2/PPP2PPP/2KR4 b - - 0 16,32,QvK2OdFp,h8c8,-62,40,c6e4,0.0013,0.0016,0.0016,0.0017,c6e4,c6e4,a8d8,a8d8,148.0,0.0017,0.0004,True,club,03_disagreements_b3,1927,1853,1853,False,True
r2qk1nr/pp3pb1/2bp2p1/2pNp3/2P1P1B1/3P4/PP4PP/R1BQ1RK1 b kq - 1 12,24,ZNqHjmtb,g7h6,-96,19,d8h4,0.0119,0.0101,0.0081,0.0058,d8h4,c6d5,g8f6,g8f6,353.0,0.0119,-0.0061,True,club,03_disagreements_b3,1945,2067,2067,False,True
1nk2r1r/1p3q2/p2pb1p1/N1p1p1Bp/P1PnP2P/R2P1P2/1P1QB3/4KR2 b - - 6 24,48,rCfjIXJ0,e6d7,162,8,f7c7,0.0161,0.0199,0.0231,0.0234,e6h3,e6h3,e6h3,b8c6,114.0,0.0234,0.0073,True,club,03_disagreements_b3,1884,1827,1827,False,True
r2qnbk1/1b3ppp/8/p4N2/Pp1B2Q1/1P6/1P3PPP/R5K1 b - - 1 22,44,yazZF7oX,a8a6,533,81,g7g6,0.0302,0.0378,0.0429,0.0415,g7g6,g7g6,d8d5,d8d5,158.0,0.0429,0.0113,True,club,03_disagreements_b3,1830,1837,1837,False,True
8/3k1ppp/K7/4p3/P7/1r6/R4P2/8 b - - 7 34,68,tuzc8WKi,g7g5,408,13,h7h5,0.0055,0.0034,0.0025,0.0026,d7c7,d7c7,d7c7,d7c7,103.0,0.0055,-0.0029,True,club,03_disagreements_b3,2322,2333,2333,False,True
N4bnr/pp1k1ppp/8/4p3/3n4/4B3/PP3PPP/R2K1B1R b - - 1 12,24,KkJV2gn0,g8e7,-402,21,f8d6,0.0069,0.0094,0.0113,0.0132,f8c5,f8c5,f8c5,f8c5,116.0,0.0132,0.0063,True,club,03_disagreements_b3,1975,1984,1984,False,True
r4bnr/ppp2Bpp/5k2/4Nbq1/8/2N5/PPP2PPP/R2QR1K1 b - - 3 12,24,1lJmjlcr,g7g6,-752,65,c7c6,0.0034,0.0054,0.0082,0.0118,f5h3,f5h3,f8d6,f8d6,1247.0,0.0118,0.0084,True,club,03_disagreements_b3,1972,1979,1979,False,True
4rrk1/1b4pp/1p4n1/p1qp1NP1/3Q1PB1/1R6/7P/5RK1 b - - 1 32,64,Ic1MP7L8,b7c8,415,47,c5d4,0.0229,0.0116,0.0056,0.0031,c5d4,c5d4,c5d4,c5d4,157.0,0.0229,-0.0198,True,club,03_disagreements_b3,2187,2194,2194,False,True
2rr2k1/p3ppbp/1qn3p1/1p1nP1B1/3P2b1/5N1P/PPN1B1P1/R2Q1R1K b - - 0 16,32,lEghbZTl,h7h6,65,24,g4f3,0.0206,0.0124,0.0083,0.0056,g4f3,g4f3,g4f3,g4f3,141.0,0.0206,-0.015,True,club,03_disagreements_b3,1889,2033,2033,False,True
6k1/p1pR2p1/1p4Bp/2P5/5b2/2P4P/4K3/r7 b - - 4 34,68,PzTXp595,f4g5,-325,35,g8f8,0.0068,0.0065,0.0074,0.0066,a1a2,a1a2,a1a2,a1a2,114.0,0.0074,-0.0002,True,club,03_disagreements_b3,2019,1865,1865,False,True
4r1k1/1R3ppp/1p2bn2/3p2N1/5P2/3B2P1/rP3P1P/6KR b - - 0 20,40,1tr0KDCg,e6c8,263,229,a2b2,0.002,0.001,0.0006,0.0006,a2b2,a2b2,a2b2,a2b2,245.0,0.002,-0.0014,True,club,03_disagreements_b3,1801,2302,2302,False,True
2kr3r/ppp3p1/1n5p/4p3/4P2P/BBPn3R/P4PP1/R4K2 b - - 1 18,36,eFfHLofw,c7c5,-109,58,d3f4,0.0165,0.0166,0.021,0.0384,d3f4,d3f4,d3f4,d3f4,107.0,0.0384,0.0219,True,club,03_disagreements_b3,1871,1890,1890,False,True
1k1r1b1r/1ppq4/P2p3p/n3ppp1/P3P3/2PP1PPP/2BN4/R2QK2R b KQ - 0 18,36,9ZRemvDC,d6d5,37,2,b7a6,0.0029,0.0033,0.004,0.006,b7a6,b7a6,b7a6,b7a6,106.0,0.006,0.0031,True,club,03_disagreements_b3,1818,1848,1848,False,True
1rbqk2r/2pnp1bp/p3p1p1/1p4N1/6n1/1PN3P1/P1P2PBP/R1BQ1RK1 b k - 1 12,24,VcLDiPvA,b8b6,-139,42,d7f6,0.0324,0.0255,0.0217,0.0198,g7c3,g7c3,g7c3,g7c3,269.0,0.0324,-0.0126,True,club,03_disagreements_b3,1865,1934,1934,False,True
4qrk1/1r4b1/p2Rp1pp/1pNn4/8/1PP2NP1/P4P1P/4R1K1 b - - 5 26,52,VcLDiPvA,e8f7,653,94,b7b6,0.0059,0.0061,0.0066,0.0062,b7c7,b7c7,b7e7,b7e7,119.0,0.0066,0.0003,True,club,03_disagreements_b3,1865,1934,1934,False,True
r2qkb1r/4pp1p/p5p1/1p1Pn2n/8/1PN1Q2P/P1B3P1/R1B1K2R b KQkq - 1 20,40,UpUiiQKL,a8c8,215,114,f8g7,0.0081,0.0028,0.0013,0.001,f8g7,f8g7,f8g7,f8g7,142.0,0.0081,-0.0071,True,club,03_disagreements_b3,1903,1918,1918,False,True
r4rk1/3n1p1p/p2p2p1/3N4/1p4P1/1P2Q1bP/PBq1R1K1/8 b - - 1 30,60,UpUiiQKL,c2e2,36,6,c2c6,0.0093,0.0149,0.0268,0.0414,c2c6,c2c6,c2c6,c2c6,130.0,0.0414,0.0321,True,club,03_disagreements_b3,1903,1918,1918,False,True
2r2rk1/1bq2p2/p3p1nQ/1pp5/3pP3/1P1P3N/P1P2RPP/5RK1 b - - 0 26,52,VqBvTRef,f7f6,-478,22,c7e5,0.0244,0.0185,0.0132,0.0116,c5c4,c7e7,c7e7,c7e7,547.0,0.0244,-0.0128,True,club,03_disagreements_b3,2072,2087,2087,False,True
2r2rk1/5p2/p3pRnQ/1pp1q3/3pP3/1P5N/P1P3PP/5RK1 b - - 0 28,56,VqBvTRef,d4d3,-722,41,e5e4,0.04,0.0299,0.025,0.0233,e5e4,e5e4,e5e4,e5e4,150.0,0.04,-0.0167,True,club,03_disagreements_b3,2072,2087,2087,False,True
1r1r1k2/pb2bp1p/1p1pp1p1/nPp3Pn/2P1N2P/P2PPN2/1B3PB1/1R1K2R1 b - - 4 20,40,Rvn6gPcg,a5c4,130,60,b7e4,0.0048,0.0056,0.0062,0.0048,d6d5,d6d5,d6d5,d6d5,131.0,0.0062,0.0,True,club,03_disagreements_b3,1873,1907,1907,False,True
2r2rk1/p1q1n1pp/Q3p3/4Pp2/3Pp3/2B3P1/PP5P/R4RK1 b - - 2 22,44,091c40O1,c7c4,239,25,c7d7,0.0216,0.0148,0.011,0.0094,e7d5,e7d5,e7d5,e7d5,300.0,0.0216,-0.0122,True,club,03_disagreements_b3,2265,2288,2288,False,True
5r1k/pq2n1pp/2r5/4P2P/6P1/P4p2/QP2pR2/R5K1 b - - 2 32,64,091c40O1,b7c8,1372,92,b7b6,0.0064,0.0052,0.0046,0.0044,b7b6,b7b6,b7b6,b7b6,497.0,0.0064,-0.002,True,club,03_disagreements_b3,2265,2288,2288,False,True
5r1k/p3n1pp/1q2P3/7P/6P1/P4p2/QPr1pR2/4R1K1 b - - 2 34,68,091c40O1,b6d4,1989,803,b6b2,0.0436,0.0356,0.0345,0.0424,c2b2,c2b2,c2b2,c2b2,1129.0,0.0436,-0.0012,True,club,03_disagreements_b3,2265,2288,2288,False,True
8/r2k4/p3p3/1pRp1pp1/3P4/P3PPP1/1P2K1P1/8 b - - 4 32,64,i8KAVW6F,g5g4,-57,14,a7c7,0.0441,0.0271,0.0156,0.0063,a7c7,a7c7,a7c7,a7c7,408.0,0.0441,-0.0378,True,club,03_disagreements_b3,1943,1816,1816,False,True
2r2rk1/pp2R2p/1q1p2p1/3P1b2/2B2BP1/7P/P4PK1/2RQ4 b - - 0 24,48,FNUXk8w7,c8c7,-486,0,f5g4,0.0117,0.0091,0.0073,0.0072,f5e4,f5e4,f5g4,f5g4,259.0,0.0117,-0.0045,True,club,03_disagreements_b3,2164,2157,2157,False,True
2q3k1/5p2/1p4p1/3p3p/P2Pn3/3Bb3/1Q4PP/4B2K b - - 1 30,60,7ZP6Z97y,c8c6,353,50,c8c1,0.0315,0.0389,0.0413,0.0408,c8c1,c8c1,c8c1,c8c1,326.0,0.0413,0.0093,True,club,03_disagreements_b3,1951,1956,1956,False,True
8/1p1qBpkn/p2p2r1/P1pPp3/2P1P3/2N3Pr/1P1QBPK1/R7 b - - 0 26,52,R6PfacjL,h3h6,0,0,d7e7,0.0163,0.0154,0.0107,0.0077,d7e7,d7e7,d7e7,d7e7,474.0,0.0163,-0.0086,True,club,03_disagreements_b3,1903,1889,1889,False,True
1r5k/Q4n1p/2q1p1p1/4p3/1p2P3/1P3N2/2p2PPP/2Nr1RK1 b - - 5 34,68,3vvdk4Mf,b8f8,576,4,c6b7,0.0318,0.0308,0.0372,0.0409,d1f1,d1f1,d1f1,d1f1,108.0,0.0409,0.0091,True,club,03_disagreements_b3,2062,1922,1922,False,True
rn1qkb1r/pp3ppp/2p1pnb1/4P1B1/2PP4/2N5/PP4PP/R2QKBNR b KQkq - 0 8,16,6KHicGH1,d8a5,-138,115,h7h6,0.0135,0.0142,0.0111,0.0041,h7h6,h7h6,h7h6,h7h6,143.0,0.0142,-0.0094,True,club,03_disagreements_b3,1923,2058,2058,False,True
5k1r/3q2bp/3rnp2/p3p2Q/1PB1Pp2/P7/5PPP/R4RK1 b - - 0 28,56,tr3BTQBO,d7e8,134,41,a5a4,0.0017,0.0014,0.0012,0.0012,a5b4,a5b4,a5b4,a5b4,212.0,0.0017,-0.0005,True,club,03_disagreements_b3,1878,1868,1868,False,True
r7/pp4p1/2p1P3/8/5kb1/2P5/PP5K/6R1 b - - 0 28,56,9UMKZQpP,g7g5,651,11,g4f3,0.0107,0.0068,0.006,0.0082,g4e6,g4e6,g4e6,g4e6,110.0,0.0107,-0.0025,True,club,03_disagreements_b3,1900,1903,1903,False,True
rn4rk/7p/1q2Pp1Q/p1pP4/1pP1P3/1B3N1P/P5P1/R4R1K b - - 0 22,44,xGVkIwIV,b8d7,-714,16,b6d8,0.0301,0.0277,0.028,0.0275,g8g6,g8g6,g8g6,g8g6,201.0,0.0301,-0.0026,True,club,03_disagreements_b3,1980,1992,1992,False,True
1n1q3k/7p/1r2Ppr1/p1pPP3/BpP4Q/5N1P/P5P1/3R1R1K b - - 0 26,52,xGVkIwIV,b4b3,-812,50,b8a6,0.038,0.0247,0.0179,0.0158,d8g8,d8g8,d8g8,d8g8,127.0,0.038,-0.0222,True,club,03_disagreements_b3,1980,1992,1992,False,True
5q1k/7p/1r2PPr1/p1p5/BpP3NQ/7P/P5P1/3R1R1K b - - 0 30,60,xGVkIwIV,b4b3,-1148,4,b6e6,0.0086,0.0061,0.0055,0.0054,b6e6,b6e6,b6e6,b6e6,843.0,0.0086,-0.0032,True,club,03_disagreements_b3,1980,1992,1992,False,True
5rk1/1pbb1p2/p7/4r3/P2N1R2/2P1p2P/1PB3P1/4R1K1 b - - 1 26,52,1xgIjDo1,f7f5,-48,5,f8e8,0.0299,0.0299,0.0309,0.0373,e5g5,e5g5,e5g5,e5g5,134.0,0.0373,0.0074,True,club,03_disagreements_b3,2160,2210,2210,False,True
5r2/r3qpkn/2p5/p3pPP1/3p2Q1/5R2/PPPB4/5RK1 b - - 0 28,56,0w6nQ1z8,g7g8,-561,16,f7f6,0.018,0.0243,0.0241,0.0219,f7f6,f7f6,g7h8,f7f6,1420.0,0.0243,0.0039,True,club,03_disagreements_b3,2068,1937,1937,False,True
r4b1r/pp4p1/7p/2p2kp1/3p2N1/3P2B1/PPP2PPP/2KRR3 b - - 2 20,40,UxJPsqvl,h6h5,-331,151,f5g4,0.022,0.0143,0.0085,0.006,f5g4,f5g4,f5g4,f5g4,154.0,0.022,-0.016,True,club,03_disagreements_b3,1842,1809,1809,False,True
3rk2r/1ppq2pp/b1p2n2/b4p2/P2Pp3/N3P1P1/1BQ2PBP/R2R2K1 b k - 1 18,36,5rtfAeAD,h7h5,121,31,a6d3,0.0191,0.0279,0.0312,0.0196,a6d3,a6d3,a6d3,a6d3,209.0,0.0312,0.0005,True,club,03_disagreements_b3,1922,1866,1866,False,True
r7/pbb2p1k/5Brp/1pqp1Q2/3p1P2/P2P3P/BNP3P1/4RRK1 b - - 4 24,48,ELS9E6lM,c7d6,-340,54,c5c2,0.0081,0.0086,0.0089,0.0094,c5c2,c5c2,c5c2,c5c2,119.0,0.0094,0.0013,True,club,03_disagreements_b3,1811,1833,1833,False,True
r2qr1k1/1p3pBp/p1p3p1/3n1b2/PP1Q4/5NP1/4PPBP/4R1K1 b - - 3 18,36,mPRsVCd0,f5e4,247,31,d5c7,0.0182,0.0227,0.0286,0.0351,e8e4,e8e4,e8e4,e8e4,100.0,0.0351,0.0169,True,club,03_disagreements_b3,1901,1999,1999,False,True
r3r1k1/1p1b1p1p/p1p1nBp1/8/PP2P3/1N4P1/5PBP/4R1K1 b - - 2 22,44,mPRsVCd0,c6c5,287,99,e6g7,0.0397,0.0214,0.0153,0.0139,b7b5,e6g7,e6g7,b7b6,111.0,0.0397,-0.0258,True,club,03_disagreements_b3,1901,1999,1999,False,True
r3k2r/p1p1qp1p/bp1np3/3p4/1nPP2pN/1P2P1P1/P2N1PBP/RQ2K2R b KQkq - 3 14,28,LvxstsZC,c7c5,-87,30,e8c8,0.0274,0.0238,0.0265,0.0443,d5c4,d5c4,d5c4,d5c4,103.0,0.0443,0.0169,True,club,03_disagreements_b3,1857,1811,1811,False,True
r3r1k1/5p1p/b1p1pbp1/p1B5/4B3/1R6/P1P2PPP/1R4K1 b - - 3 20,40,5mp7Gqhd,e8d8,75,25,a6b5,0.0235,0.0147,0.0125,0.0163,a6c4,a6b5,a6b5,a6b5,100.0,0.0235,-0.0072,True,club,03_disagreements_b3,2142,2111,2111,False,True
r2qk2r/1b3pbp/p2pp1p1/2pP4/2B5/4BQ1P/PPP2PP1/R4RK1 b kq - 1 14,28,vZV8LIgB,d8h4,34,4,e8g8,0.0011,0.0007,0.0004,0.0003,g7b2,g7b2,g7b2,g7b2,529.0,0.0011,-0.0008,True,club,03_disagreements_b3,1829,1838,1838,False,True
1r5k/4B1bp/p3R1p1/1b4Q1/8/7P/P1q2PP1/3BR1K1 b - - 0 30,60,vZV8LIgB,c2f5,-627,42,c2a2,0.0225,0.0258,0.0259,0.0243,c2a2,c2a2,c2a2,c2a2,148.0,0.0259,0.0018,True,club,03_disagreements_b3,1829,1838,1838,False,True
2r2r1k/6pp/p4q2/1p1P4/5P2/3p2P1/Pb1Q2BP/1R2R1K1 b - - 1 26,52,9mGe7k9g,f6d4,301,64,c8c2,0.0405,0.0351,0.0355,0.0336,b2d4,c8c2,c8c2,c8c2,459.0,0.0405,-0.0069,True,club,03_disagreements_b3,1864,1943,1943,False,True
r2qr1k1/ppp2ppp/1b3n2/P2p4/2bP4/1NP1PN2/1B3PPP/R2QK2R b KQ - 0 14,28,bu7cOKlG,d8d7,-130,3,b6d4,0.0069,0.006,0.0056,0.0074,c4b3,c4b3,c4b3,c4b3,224.0,0.0074,0.0005,True,club,03_disagreements_b3,1968,1900,1900,False,True
6rk/4qn1p/1pn1pp2/3p1p2/3P4/1PPN1P2/3B1QPP/4R2K b - - 7 30,60,93u9Apj8,b6b5,-224,10,c6a5,0.037,0.0181,0.0082,0.0047,f7g5,f7g5,f7g5,f7g5,113.0,0.037,-0.0323,True,club,03_disagreements_b3,2445,2316,2316,False,True
r3r1k1/2q2pb1/p1p1b1pp/P2pN3/2pP4/2P2NP1/1P1QRPP1/R5K1 b - - 4 22,44,Eaje4zfQ,e8e7,66,16,a8b8,0.0367,0.039,0.0348,0.029,a8b8,a8b8,c6c5,c6c5,135.0,0.039,-0.0077,True,club,03_disagreements_b3,2133,2197,2197,False,True
1r2r1k1/2qb1pb1/p1p3pp/P2pN3/2pP1Q2/2P2NP1/1P2RPP1/4R1K1 b - - 8 24,48,Eaje4zfQ,e8f8,-79,104,f7f5,0.0306,0.0348,0.0357,0.0273,g7e5,g7e5,d7e6,d7e6,135.0,0.0357,-0.0033,True,club,03_disagreements_b3,2133,2197,2197,False,True
8/3b1k2/p1pb3p/P2p1p1N/2pP3N/2P2RP1/1r3PP1/6K1 b - - 1 32,64,Eaje4zfQ,d6c7,197,30,b2c2,0.0287,0.036,0.043,0.0456,b2b1,b2a2,b2a2,b2a2,106.0,0.0456,0.0169,True,club,03_disagreements_b3,2133,2197,2197,False,True
r1b1k1nr/pp2qpbp/2n3p1/3p4/1PpP4/P1B1P2P/3N1PP1/R2QKBNR b KQkq - 4 10,20,XqkWOk1v,a7a6,136,24,c6d4,0.0232,0.0327,0.0385,0.0274,g8f6,g8f6,c6d4,c6d4,130.0,0.0385,0.0042,True,club,03_disagreements_b3,1945,2038,2038,False,True
6k1/pp3p1p/3q1np1/6P1/1P6/P3PB2/2p2PP1/5QK1 b - - 0 30,60,XqkWOk1v,f6g4,639,24,d6d2,0.01,0.0076,0.0071,0.0075,f6d7,f6d7,f6d7,f6d7,223.0,0.01,-0.0025,True,club,03_disagreements_b3,1945,2038,2038,False,True
2k2b1r/pppr2p1/3pN1q1/3P1n2/2P1Np1p/5P1P/PPQ3P1/R3R1K1 b - - 4 22,44,1AWHC09C,d7e7,-287,23,f5e3,0.0333,0.0268,0.0223,0.0213,f5e3,f5e3,f5e3,f5e3,244.0,0.0333,-0.012,True,club,03_disagreements_b3,2141,2112,2112,False,True
2k2b1r/p1pr4/1P1pN3/P2P1q2/1P2Nppp/4nP1P/4Q1P1/R3R1K1 b - - 0 28,56,1AWHC09C,f5d5,-545,211,c8b7,0.0257,0.0234,0.0243,0.0308,c7b6,c7b6,c7b6,g4h3,1452.0,0.0308,0.0051,True,club,03_disagreements_b3,2141,2112,2112,False,True
3r4/1k6/2p2n2/PpBn1Q2/3P4/2q4P/5PP1/1R1R2K1 b - - 1 32,64,dF3oXRBe,d8a8,-566,61,d8g8,0.0132,0.0112,0.0097,0.0108,c3a5,c3a5,c3a5,c3a5,104.0,0.0132,-0.0024,True,club,03_disagreements_b3,1908,1909,1909,False,True
1r4n1/2pb1pbk/3p1npp/2qP4/4P3/P1BB1NNP/3Q1PPK/R7 b - - 0 32,64,zUm3k8u9,f6g4,214,185,g8e7,0.0101,0.0083,0.0077,0.0078,b8b3,b8b3,b8b3,b8b3,497.0,0.0101,-0.0023,True,club,03_disagreements_b3,1932,1920,1920,False,True
8/p7/4pp1p/5k1p/1PPn1P2/3N2PP/P4K2/8 b - - 0 32,64,vMGKVrTf,h5h4,-203,60,e6e5,0.0178,0.014,0.014,0.0135,f5e4,f5e4,f5e4,f5e4,112.0,0.0178,-0.0043,True,club,03_disagreements_b3,1944,1929,1929,False,True
r4rk1/1pqb2p1/2p1p1np/p4p1R/3P2PP/1PP2Q2/P1BB1P2/4R1K1 b - - 0 24,48,H9BRfz1G,c6c5,-154,17,c7d8,0.0431,0.035,0.0304,0.0333,f5g4,f5g4,f5g4,f5g4,238.0,0.0431,-0.0098,True,club,03_disagreements_b3,2248,2231,2231,False,True
r2qkb1r/ppp1pppp/2b5/4P3/6n1/5N2/PPPP2PP/RNBQ1RK1 b kq - 1 8,16,qdHzhrvY,g4e5,205,153,c6f3,0.0165,0.0129,0.0111,0.0087,c6f3,e7e6,e7e6,e7e6,186.0,0.0165,-0.0078,True,club,03_disagreements_b3,1973,1982,1982,False,True
rn3k1r/1bq2ppp/pp1b1n2/2pPN3/P1B2B2/2N5/1P2QPPP/R3R1K1 b - - 11 14,28,F8iiLYcW,h8g8,-445,4,b8d7,0.0028,0.0016,0.0007,0.0004,b8d7,b8d7,b8d7,b8d7,268.0,0.0028,-0.0024,True,club,03_disagreements_b3,2055,2005,2005,False,True
4r2r/1b1qbpk1/pp3n1p/2pPB1p1/P1B5/2N1RQ2/1P3PPP/4R1K1 b - - 5 22,44,F8iiLYcW,e7d8,-324,141,g5g4,0.0234,0.0293,0.0335,0.0394,b6b5,g7g6,g7g6,g7g6,447.0,0.0394,0.016,True,club,03_disagreements_b3,2055,2005,2005,False,True
r4rk1/pb2bppp/1pp5/8/4qBQ1/P6P/BPP3P1/4RR1K b - - 1 18,36,FZGJUINI,e4e1,-530,28,e4c2,0.0038,0.0039,0.0044,0.0056,e4c2,e4c2,e4c2,e4c2,117.0,0.0056,0.0018,True,club,03_disagreements_b3,1838,1865,1865,False,True
1B3rk1/pb2Rppp/1pp5/8/6Q1/P6P/BPq3P1/5R1K b - - 0 20,40,FZGJUINI,c2c5,-941,114,f8b8,0.0116,0.0104,0.0092,0.0088,f8b8,f8b8,f8b8,f8b8,1055.0,0.0116,-0.0028,True,club,03_disagreements_b3,1838,1865,1865,False,True
r1q2rk1/1p1bbppp/pBpp2n1/4n2N/4PN2/6PP/PPP2P2/R2QRBK1 b - - 3 18,36,esvvSmt0,f7f5,-34,24,c6c5,0.0088,0.013,0.0233,0.0475,g6f4,g6f4,g6f4,g6f4,252.0,0.0475,0.0387,True,club,03_disagreements_b3,2097,2042,2042,False,True
2k1r2r/ppqn4/2p3p1/3p3p/1P1P2n1/B2B1N2/P2Q1PP1/2R2RK1 b - - 0 22,44,BUB3E0FN,e8f8,-255,119,e8e4,0.0372,0.0311,0.0294,0.0305,h5h4,h5h4,h5h4,h5h4,202.0,0.0372,-0.0067,True,club,03_disagreements_b3,2073,2052,2052,False,True
r1b1k2r/3p1p1p/p4p2/1p2p3/P2nP3/2qB4/2PN1PPP/R2Q1RK1 b kq - 0 14,28,Ioj60w0j,h8g8,19,6,c8b7,0.0415,0.0409,0.0325,0.0174,b5b4,b5b4,b5b4,b5b4,113.0,0.0415,-0.0241,True,club,03_disagreements_b3,2104,2050,2050,False,True
rn2r1k1/pbp1qppp/1p2p3/3n4/2BP4/2N1PN1P/PP3PP1/2RQ1RK1 b - - 1 12,24,xl48CEYN,c7c6,-50,8,b8d7,0.0217,0.0188,0.0196,0.0153,d5c3,b8d7,b8d7,b8d7,179.0,0.0217,-0.0064,True,club,03_disagreements_b3,1998,2001,2001,False,True
2r5/6pk/1R2p2p/p1rbNp1q/P1P2P1P/4Q1P1/8/2R3K1 b - - 0 30,60,xl48CEYN,c5c4,108,78,d5c4,0.0319,0.0289,0.0282,0.0336,d5c4,d5c4,d5c4,d5c4,100.0,0.0336,0.0017,True,club,03_disagreements_b3,1998,2001,2001,False,True
r2q1rk1/3pbppp/2p1p3/8/p3N3/PbP3P1/1P1Q1PBP/R1BR2K1 b - - 2 16,32,jdfkIMv2,f7f5,60,14,b3d1,0.0041,0.0024,0.002,0.0021,b3d1,b3d1,b3d1,b3d1,208.0,0.0041,-0.002,True,club,03_disagreements_b3,1913,1946,1946,False,True
rnbq2k1/pp3pbp/3p2p1/2pP4/2B1rP2/5N2/PPQ3PP/R1B2RK1 b - - 1 12,24,aovtalvq,e4e7,203,38,d8e7,0.0449,0.0375,0.0303,0.024,c8f5,c8f5,c8f5,c8f5,203.0,0.0449,-0.0209,True,club,03_disagreements_b3,1974,2033,2033,False,True
r2qr1k1/pp1bbpp1/2n1pn1p/3pN3/3P1B2/2PB3P/PPQN1PP1/2KR3R b - - 3 12,24,vJL0WDJ2,c6d4,257,119,a8c8,0.0014,0.001,0.0008,0.0006,c6e5,c6e5,a8c8,a8c8,229.0,0.0014,-0.0008,True,club,03_disagreements_b3,1845,1844,1844,False,True
r2q1rk1/1p3p1p/p1bpN1p1/8/P1Bb2Q1/3Pp3/2P3PP/1R3RK1 b - - 3 20,40,WI192yH1,d8d7,74,62,f7e6,0.0327,0.0181,0.01,0.0063,f7e6,e3e2,e3e2,e3e2,769.0,0.0327,-0.0264,True,club,03_disagreements_b3,2017,2027,2027,False,True
2k3r1/1pN1r3/pPpp1n2/P2P4/2n2N1R/5PP1/2P2K1P/R7 b - - 0 34,68,LG4aCCHv,f6d7,-440,40,c6d5,0.0085,0.0094,0.0101,0.0116,c6d5,c6d5,c6d5,c6d5,194.0,0.0116,0.0031,True,club,03_disagreements_b3,1827,1904,1904,False,True
r1b1k2r/pp3ppp/2pq1n2/3p4/4P3/2N3P1/PPP2PBP/R2QR1K1 b kq - 0 12,24,OVH6h0UP,d6c7,-411,2,f6d7,0.0034,0.004,0.0032,0.0017,e8g8,e8g8,e8g8,d5d4,162.0,0.004,-0.0017,True,club,03_disagreements_b3,1969,1982,1982,False,True
4r1k1/q4p2/b1pr1Bp1/4P1Q1/8/P7/2P3PP/6RK b - - 0 30,60,5esia5GU,a7f2,464,6,d6f6,0.0398,0.0343,0.0306,0.0306,d6e6,d6e6,d6e6,d6e6,854.0,0.0398,-0.0092,True,club,03_disagreements_b3,2077,2012,2012,False,True
r7/7k/p1p1p3/PpPp1rp1/1Pq2nN1/5B1P/6PK/1Q6 b - - 5 34,68,Nm1mV0Ef,f4g6,616,45,a8f8,0.035,0.0364,0.0334,0.0245,a8f8,h7g7,h7g7,h7g7,166.0,0.0364,-0.0105,True,club,03_disagreements_b3,1970,1914,1914,False,True
r1q1r1k1/p3ppbp/1p1p1np1/8/2PP4/P4N1P/1PQ2PPB/R2R2K1 b - - 0 18,36,aFx41vVQ,a7a5,4,18,c8c6,0.0241,0.0226,0.0181,0.0156,d6d5,d6d5,d6d5,d6d5,136.0,0.0241,-0.0085,True,club,03_disagreements_b3,2127,2198,2198,False,True
2r1r1k1/2PRppbp/6p1/1N6/8/7P/1nR2PPB/6K1 b - - 2 32,64,aFx41vVQ,c8a8,-376,19,g7f6,0.0122,0.0107,0.0101,0.0102,b2a4,b2a4,b2a4,b2a4,117.0,0.0122,-0.002,True,club,03_disagreements_b3,2127,2198,2198,False,True
r2r2k1/5pp1/b3p2p/4P3/2pp4/7P/2P1BPP1/R4RK1 b - - 1 22,44,w7FHAqbb,a6b5,122,108,d4d3,0.0333,0.0291,0.0331,0.0418,d4d3,d4d3,d4d3,d4d3,121.0,0.0418,0.0085,True,club,03_disagreements_b3,1862,1941,1941,False,True
1r1q1rk1/pBp2p1p/6p1/4b3/8/2P2Q1P/PP3PP1/1R2K2R b K - 2 16,32,pxEEy5in,b8b7,438,435,c7c5,0.0411,0.0202,0.0104,0.0047,f8e8,f8e8,f8e8,f8e8,493.0,0.0411,-0.0364,True,club,03_disagreements_b3,2040,2042,2042,False,True
4r3/2q1p1kp/3pQp2/3P2pP/2P5/rP2R3/5PP1/4R1K1 b - - 1 34,68,oSeA8jj1,c7c8,-391,29,h7h6,0.0093,0.0057,0.0036,0.003,h7h6,h7h6,h7h6,h7h6,172.0,0.0093,-0.0063,True,club,03_disagreements_b3,1898,1867,1867,False,True
1r2k1nr/p1pp1ppp/1p3q2/3B4/3bP1n1/2P2PP1/PP5P/RNBQK2R b KQk - 0 12,24,5z2kHpZY,d4e3,-68,194,d4f2,0.0286,0.0284,0.0262,0.0243,g4f2,d4f2,d4f2,g4f2,278.0,0.0286,-0.0043,True,club,03_disagreements_b3,1985,1986,1986,False,True
1r2k3/p1pp1p1q/1p6/3QP3/5Bp1/2P1K1P1/PP1N4/7R b - - 3 26,52,5z2kHpZY,c7c6,-921,5,h7g7,0.0171,0.0125,0.0109,0.0089,h7c2,h7c2,h7c2,h7c2,1076.0,0.0171,-0.0082,True,club,03_disagreements_b3,1985,1986,1986,False,True
1r1n1rk1/ppBbqppp/8/2p5/1P6/P3PB2/2Q2PPP/R2R2K1 b - - 0 18,36,hjWbNpP8,d7a4,-201,180,b8c8,0.0059,0.0047,0.0038,0.0034,b8c8,b8c8,b8c8,b8c8,234.0,0.0059,-0.0025,True,club,03_disagreements_b3,2183,2089,2089,False,True
r1b1r1k1/2q2ppp/1p2p1n1/p2pP1B1/8/2P4Q/PPB2PPP/R3R1K1 b - - 0 18,36,zDlT7cyn,d5d4,-126,84,h7h6,0.0306,0.0268,0.0247,0.0225,h7h6,h7h6,h7h6,h7h6,130.0,0.0306,-0.0081,True,club,03_disagreements_b3,1938,1991,1991,False,True
r1b1r1k1/2q2p2/1p2p1nQ/p2pP3/8/2P5/PPB2PPP/R3R1K1 b - - 0 20,40,zDlT7cyn,e8d8,-372,36,c7e7,0.0081,0.0073,0.0062,0.0067,g6e5,c7e7,c7e7,c7e7,155.0,0.0081,-0.0014,True,club,03_disagreements_b3,1938,1991,1991,False,True
2r2rk1/pp6/3bp2p/5pp1/1n1Pp3/2P1B1PP/PP3PNK/R2R4 b - - 0 22,44,juJFBi9a,f5f4,291,55,b4c2,0.021,0.0142,0.008,0.0072,b4c2,b4d3,b4d3,b4d3,105.0,0.021,-0.0138,True,club,03_disagreements_b3,1819,1967,1967,False,True
2r5/6rk/4p3/pp3p1p/2PPpP2/6P1/PPR4K/2R5 b - - 0 32,64,juJFBi9a,c8c4,226,47,b5c4,0.0111,0.009,0.0065,0.0048,b5c4,b5c4,g7c7,g7c7,169.0,0.0111,-0.0063,True,club,03_disagreements_b3,1819,1967,1967,False,True
3r4/6rk/4p3/p4p1p/2RPpP2/6P1/PP5K/3R4 b - - 2 34,68,juJFBi9a,h5h4,239,35,d8g8,0.0488,0.0361,0.024,0.0154,d8g8,d8g8,g7d7,g7d7,140.0,0.0488,-0.0334,True,club,03_disagreements_b3,1819,1967,1967,False,True
2k1rb1r/pppn2pp/3q4/3p1b2/4nB2/2N2NP1/PPP1QPBP/2KR3R b - - 1 12,24,bOq1ruZN,d6g6,-51,41,e4c3,0.0348,0.0348,0.0353,0.031,d6c5,d6b6,d6b6,d6b6,158.0,0.0353,-0.0038,True,club,03_disagreements_b3,2032,1923,1923,False,True
5rk1/p2qbrpp/1p6/2p1QP2/1PPp2P1/P2P4/3B3P/1R3RK1 b - - 0 28,56,6rTroU8q,h7h5,-124,4,e7d6,0.0067,0.0053,0.0053,0.0082,e7d6,e7d6,e7d6,e7d6,112.0,0.0082,0.0015,True,club,03_disagreements_b3,2014,2031,2031,False,True
3r2k1/p1q2r1p/1p1bQp1B/2p5/1PPp2P1/P2P4/5R1P/5RK1 b - - 3 34,68,6rTroU8q,c7c8,-143,6,d6e5,0.0013,0.0009,0.0007,0.0006,d6h2,d6e5,d6e5,d6e5,115.0,0.0013,-0.0007,True,club,03_disagreements_b3,2014,2031,2031,False,True
rnb2rk1/pp2b1p1/2p1p1N1/q4p1Q/2pP1B2/2P1P3/P4PPP/2R2RK1 b - - 3 16,32,TxswPcIX,a5a3,-195,39,e7a3,0.0117,0.0104,0.0116,0.016,g8f7,g8f7,g8f7,a5d8,1800.0,0.016,0.0043,True,club,03_disagreements_b3,2071,2005,2005,False,True
r2q2kr/ppp1b1pp/2n1b3/3ppN2/8/5Q2/PPPPNPPP/R1B2RK1 b - - 9 10,20,xMcihJ11,e7g5,152,8,e5e4,0.0149,0.0131,0.0122,0.0123,e6f5,e6f5,e7f6,d8d7,188.0,0.0149,-0.0026,True,club,03_disagreements_b3,1868,1878,1878,False,True
6kr/pp2Q2p/6p1/3N4/2P1p3/1P3r1b/P2q1P1P/3R1RK1 b - - 3 24,48,xMcihJ11,f3f2,0,471,d2b2,0.0134,0.0087,0.0065,0.0054,d2g5,d2g5,d2g5,d2g5,804.0,0.0134,-0.008,True,club,03_disagreements_b3,1868,1878,1878,False,True
3r1k2/5p1p/6p1/4N3/2Pb4/3R3P/5PP1/5K2 b - - 0 32,64,QWphqE1D,d4b6,-258,63,f8e7,0.0112,0.0108,0.0115,0.0116,f8e7,f8e7,f8e7,f8e7,426.0,0.0116,0.0004,True,club,03_disagreements_b3,1979,1926,1926,False,True
r3q1k1/2p2p1p/2p1b1p1/1pNpPP2/1PnP2PQ/P1R4P/7K/2B5 b - - 0 32,64,HerOa8oa,e6f5,-537,8,e6c8,0.0231,0.0252,0.0242,0.0198,g6f5,g6f5,g6f5,e6c8,117.0,0.0252,-0.0033,True,club,03_disagreements_b3,2164,1933,1933,False,True
r4r2/ppq2p1k/3p1b1p/2pBpP1Q/2P5/1P1P2PP/P6K/4RR2 b - - 0 22,44,YXYm0Suq,h7g7,-184,49,a7a5,0.0166,0.0204,0.0247,0.0314,f8g8,f8g8,f8g8,f8g8,187.0,0.0314,0.0148,True,club,03_disagreements_b3,2051,2112,2112,False,True
5r2/1pq2p1k/3p1b1p/2pBpP1Q/2P3R1/1P1P2PP/r7/5R1K b - - 2 26,52,YXYm0Suq,a2a8,-266,206,a2d2,0.0277,0.0247,0.0201,0.0122,f8g8,f8g8,c7e7,c7e7,1719.0,0.0277,-0.0155,True,club,03_disagreements_b3,2051,2112,2112,False,True
3r2k1/5pp1/1p1P1n1p/p1p2P2/q1P2Q2/8/P2R2PP/3R2K1 b - - 1 30,60,jV18uQf9,g8h7,-304,54,d8d7,0.0154,0.0144,0.0118,0.0113,b6b5,b6b5,b6b5,b6b5,137.0,0.0154,-0.0041,True,club,03_disagreements_b3,1876,1894,1894,False,True
3rr3/1R3pkp/np1p2p1/1N1P4/1P6/3n4/P1N3PP/R5K1 b - - 0 26,52,AuhG0pvS,d8b8,-65,48,a6b4,0.0293,0.0314,0.0302,0.0258,a6b4,a6b4,a6b4,a6b4,311.0,0.0314,-0.0035,True,club,03_disagreements_b3,2131,2208,2208,False,True
r4rk1/4bpp1/pq1p3p/2pQ1P2/1pBn1PP1/4B3/PPP4P/1K1R3R b - - 2 18,36,gfW4IHOl,a8b8,-325,3,e7f6,0.0074,0.0046,0.0026,0.0015,a6a5,a6a5,e7f6,e7f6,207.0,0.0074,-0.0059,True,club,03_disagreements_b3,1918,1937,1937,False,True
8/5kp1/2q1pp1p/n1P5/3P4/2Q3PP/3N1P1K/8 b - - 5 34,68,FyldnbhB,c6a4,-62,83,a5b7,0.0257,0.0191,0.0153,0.0152,a5b7,a5b7,a5b7,a5b7,119.0,0.0257,-0.0105,True,club,03_disagreements_b3,1949,1935,1935,False,True
r2k4/ppq2rpp/3b1n2/1N6/6P1/5Q2/PPP5/2KR3R b - - 1 22,44,msFvKBAO,f7d7,-527,22,c7c6,0.0213,0.0238,0.0267,0.0246,c7c6,c7c6,c7c6,c7c6,117.0,0.0267,0.0033,True,club,03_disagreements_b3,1883,1885,1885,False,True
2rq1rk1/3b1ppp/4pn2/p7/4P3/Q1P1BP2/P5PP/R3KB1R b KQ - 1 16,32,uz8BZbV4,f6e4,-54,102,d8c7,0.0028,0.0021,0.0029,0.0069,d8c7,d8c7,d8c7,d8c7,147.0,0.0069,0.0041,True,club,03_disagreements_b3,2259,2256,2256,False,True
5r1k/2r3pp/2P5/p7/4b3/P1R2B2/5KPP/2R5 b - - 0 32,64,uz8BZbV4,h8g8,-206,36,g7g5,0.0037,0.0047,0.006,0.009,e4f3,e4f3,g7g5,g7g5,134.0,0.009,0.0053,True,club,03_disagreements_b3,2259,2256,2256,False,True
4Qr1k/6pp/p7/1p1p4/6K1/5PP1/Pq5r/4R3 b - - 1 34,68,EvZ7nx4x,h7h5,1987,1075,b2f6,0.0279,0.0289,0.0319,0.0484,b2b4,b2b4,b2b4,b2b4,867.0,0.0484,0.0205,True,club,03_disagreements_b3,1999,1914,1914,False,True
2rq1rk1/3nb2p/p4n2/1p1p1pp1/1PbPp3/P1N1P1PB/1B1QNP1P/2RR2K1 b - - 1 20,40,tbgDo9qO,d8e8,314,18,f6g4,0.0056,0.004,0.0027,0.0031,g5g4,g5g4,g5g4,g5g4,133.0,0.0056,-0.0025,True,club,03_disagreements_b3,1929,1953,1953,False,True
r6r/1p1q1kp1/p1n1pp2/3p2p1/1P1P2P1/P1P1Q1BP/5P2/2K1R2R b - - 1 24,48,JmRmqXG9,c6a7,177,14,h8e8,0.0149,0.0176,0.018,0.0133,a8e8,a8e8,a8e8,a8e8,129.0,0.018,-0.0016,True,club,03_disagreements_b3,1913,1844,1844,False,True
4r3/1p1q1kp1/p1n2P2/3pp3/1P1P3R/P1P1Q1B1/5P2/2K5 b - - 0 30,60,JmRmqXG9,f7f6,-232,83,e5d4,0.0349,0.0295,0.0223,0.0193,g7f6,g7f6,g7f6,g7f6,380.0,0.0349,-0.0156,True,club,03_disagreements_b3,1913,1844,1844,False,True
3r2k1/1b3p1p/B3p1p1/p4q2/Pb1Bp3/1P2P2P/4QPP1/2R3K1 b - - 0 26,52,CjC3gzTt,e6e5,17,105,b7d5,0.0125,0.01,0.0094,0.0124,b7a6,b7a6,b7a6,b7a6,111.0,0.0125,-0.0001,True,club,03_disagreements_b3,1857,1887,1887,False,True
r5k1/1b4p1/p3pB1p/2q5/1pP2P2/1P6/P1Q3PP/3R3K b - - 0 24,48,g9UyGbK8,c5f8,-113,56,a8f8,0.0003,0.0002,0.0001,0.0001,g7f6,g7f6,g7f6,g7f6,577.0,0.0003,-0.0002,True,club,03_disagreements_b3,2069,2027,2027,False,True
r1bqk2r/ppp2pp1/2n2n1p/2b1p3/2BpP2N/3P2N1/PPP2PPP/R1BQK2R b KQkq - 1 8,16,RGIRhuj8,c5b4,21,14,f6e4,0.0133,0.0114,0.0081,0.0085,e8g8,f6e4,f6e4,f6e4,355.0,0.0133,-0.0048,True,club,03_disagreements_b3,1979,1924,1924,False,True
4r1k1/2R2npp/p2r4/1p2p2P/3nB3/6B1/PP3PP1/4R1K1 b - - 6 28,56,5zOqqC29,g7g6,-148,66,f7g5,0.0379,0.0241,0.0206,0.0284,f7g5,f7g5,f7g5,f7g5,110.0,0.0379,-0.0095,True,club,03_disagreements_b3,2014,1945,1945,False,True
rnb2rk1/pp3ppp/2p2n2/q2p4/3P1B2/P1PQ1N2/2P1BPPP/R3K2R b KQ - 4 10,20,llLr4uQm,c8f5,144,85,f6e4,0.0038,0.0023,0.0018,0.0026,f6e4,f6e4,f6e4,f6e4,145.0,0.0038,-0.0012,True,club,03_disagreements_b3,1852,1860,1860,False,True
4rk2/pp3ppQ/7p/2qp4/8/P4P1P/2P1nP2/R4R1K b - - 0 30,60,llLr4uQm,c5c8,678,457,c5c3,0.0285,0.0361,0.0393,0.0415,e2f4,e2f4,e2f4,e2f4,942.0,0.0415,0.013,True,club,03_disagreements_b3,1852,1860,1860,False,True
2r1r1k1/6p1/5p1p/p1Rp4/3P1P2/P5P1/1P5P/5RK1 b - - 0 28,56,fCzrt8x6,a5a4,-108,24,c8c5,0.0159,0.0118,0.0106,0.0111,c8c5,c8c5,c8c5,c8c5,217.0,0.0159,-0.0048,True,club,03_disagreements_b3,1913,1836,1836,False,True
1r1q2k1/p1pn1ppp/5b2/2Pp4/3Pr3/QP3NP1/P2RBPP1/5K1R b - - 1 20,40,NEypMSvc,g7g6,-49,58,d8e7,0.0098,0.0069,0.0057,0.007,c7c6,c7c6,c7c6,c7c6,124.0,0.0098,-0.0028,True,club,03_disagreements_b3,1931,2009,2009,False,True
2kr2r1/1b1n1p1p/p4p2/1p1N4/2P1qB2/1P6/1P2R1PP/R2Q2K1 b - - 4 22,44,YP7R4qND,b7d5,-367,64,g8g2,0.0128,0.0167,0.021,0.0284,e4f5,e4g6,e4g6,e4g6,1632.0,0.0284,0.0156,True,club,03_disagreements_b3,2105,2069,2069,False,True
4kbnr/2p1p1pp/pp2Pp2/8/1N6/B1r4P/P4PP1/1R3RK1 b k - 0 22,44,4ZrsG4tD,g7g6,-386,10,c3a3,0.0008,0.0011,0.0015,0.0017,c3a3,c3a3,c3a3,c3a3,696.0,0.0017,0.0009,True,club,03_disagreements_b3,1862,1879,1879,False,True
2bq1rk1/2pn2bp/1p1p2p1/3Ppp1n/1PP1P3/2NBBP2/4N1PP/2Q1K2R b K - 1 14,28,momiDBAy,h5f4,53,92,f5f4,0.0145,0.0118,0.0094,0.0102,f5f4,f5f4,f5f4,f5f4,203.0,0.0145,-0.0043,True,club,03_disagreements_b3,1906,1941,1941,False,True
r1q3k1/R1nb2b1/1p1p1n2/1PpPp3/2P1Pp2/2NN1Pp1/2KBB1P1/Q7 b - - 12 34,68,momiDBAy,f6h5,-16,22,a8a7,0.0234,0.0182,0.0146,0.0124,a8a7,a8a7,a8a7,a8a7,159.0,0.0234,-0.011,True,club,03_disagreements_b3,1906,1941,1941,False,True
r2q1rk1/pppbppbp/2np1np1/8/3PPB1P/2N2P2/PPPQ2P1/2KR1BNR b - - 0 8,16,ypjsucRA,c6d4,-27,79,h7h5,0.0081,0.0044,0.0022,0.0014,e7e5,e7e5,f6h5,h7h5,147.0,0.0081,-0.0067,True,club,03_disagreements_b3,1944,2013,2013,False,True
3r2k1/pp3pb1/2p1bnp1/6Bp/N2pP2P/5P2/PPP3P1/1K3B1R b - - 1 18,36,ypjsucRA,e6c8,-6,0,d8c8,0.0033,0.0031,0.0027,0.0024,b7b5,b7b6,b7b6,b7b6,320.0,0.0033,-0.0009,True,club,03_disagreements_b3,1944,2013,2013,False,True
3r1rk1/1pq2ppp/pn3b2/4pP2/3pN3/1B1P1Q1P/PPP3P1/R4R1K b - - 1 18,36,8mknkMuW,b6c8,-70,7,c7e7,0.0041,0.0026,0.0016,0.0011,b6d5,b6d5,b6d5,b6d5,460.0,0.0041,-0.003,True,club,03_disagreements_b3,1894,1900,1900,False,True
5r1k/6p1/3q1pPp/1p2pP2/p2pQb1P/1PPPn3/P3R3/3B2RK b - - 0 34,68,8mknkMuW,e3d5,30,58,a4a3,0.0075,0.0073,0.0067,0.0069,a4b3,a4b3,a4b3,a4b3,213.0,0.0075,-0.0006,True,club,03_disagreements_b3,1894,1900,1900,False,True
rn3rk1/p3qppp/4p3/1NPpN3/4n3/8/PPQ2PPP/R4RK1 b - - 0 16,32,a7uwkK3j,a7a6,59,37,e4c5,0.0406,0.0363,0.0313,0.0291,e4c5,e7c5,e7c5,e7c5,227.0,0.0406,-0.0115,True,club,03_disagreements_b3,1867,1841,1841,False,True
2r2r1k/4q1pp/1p6/pQb2p2/8/3BP1P1/P4PP1/1RR3K1 b - - 2 32,64,yCFNmzgu,h7h5,3,8,f8d8,0.028,0.029,0.0271,0.0265,c5a3,e7g5,f8d8,f8d8,187.0,0.029,-0.0015,True,club,03_disagreements_b3,2013,1867,1867,False,True
2Br3k/5qpp/1p6/pQb5/8/4P1P1/P4PP1/1RR3K1 b - - 0 34,68,yCFNmzgu,d8f8,-489,45,d8c8,0.0079,0.0072,0.0067,0.0072,d8c8,d8c8,d8c8,d8c8,113.0,0.0079,-0.0007,True,club,03_disagreements_b3,2013,1867,1867,False,True
rnbq1rk1/1pp2pbp/3p1npB/p2Pp3/4P3/2N2P2/PPPQ2PP/R3KBNR b KQ - 0 8,16,sq4ET0aK,f6e4,240,301,g7h6,0.0005,0.0005,0.0019,0.0085,c7c6,c7c6,b8a6,b8a6,332.0,0.0085,0.008,True,club,03_disagreements_b3,2048,2016,2016,False,True
r1b1r1k1/p1ppq1pp/2p5/4P3/1bP5/8/P1PBQ1PP/3RKB1R b K - 2 16,32,Ltei06QP,d7d5,318,25,b4d2,0.0231,0.014,0.0111,0.0169,b4d2,b4d2,b4d2,e7e5,127.0,0.0231,-0.0062,True,club,03_disagreements_b3,1890,2128,2128,False,True
r1b1r1k1/p1p1q1pp/2pp4/4P3/2P1Q3/8/P1PK2PP/3R1B1R b - - 1 18,36,Ltei06QP,g7g6,206,20,e7e5,0.0012,0.0005,0.0002,0.0001,d6e5,e7e5,e7e5,e7e5,172.0,0.0012,-0.0011,True,club,03_disagreements_b3,1890,2128,2128,False,True
1n3rk1/1p3pp1/pq2p2P/3pPnB1/1P1P4/P2Q1N2/5PK1/2R5 b - - 0 22,44,TkCnrHLx,b8d7,-301,81,g7g6,0.0087,0.0055,0.0046,0.0066,f5h6,f5h6,f5h6,g7h6,100.0,0.0087,-0.0021,True,club,03_disagreements_b3,1852,1862,1862,False,True
6r1/1pQ3Bk/p3p1pP/3pPn2/1P1P4/P7/5PK1/3R4 b - - 0 30,60,TkCnrHLx,g6g5,-1129,83,f5h4,0.0225,0.0206,0.0228,0.0289,f5g7,f5g7,f5g7,f5g7,868.0,0.0289,0.0064,True,club,03_disagreements_b3,1852,1862,1862,False,True
r4b1r/2qkp1p1/p3pnQp/1p1n4/8/3BPN2/1P3PPP/R1B2RK1 b - - 0 18,36,pdcR3yDD,d7c6,-506,3,a8a7,0.0086,0.0088,0.0077,0.0065,d5b4,d5b4,d5b4,d5b4,102.0,0.0088,-0.0021,True,club,03_disagreements_b3,2078,2047,2047,False,True
1q3b1r/r2k2p1/p3pnQp/Bp1np3/4P3/3B1N2/1P3PPP/3R1RK1 b - - 0 22,44,pdcR3yDD,d7c6,-588,37,f6e4,0.0131,0.0084,0.0049,0.0028,d5f4,d5f4,d5f4,d5f4,773.0,0.0131,-0.0103,True,club,03_disagreements_b3,2078,2047,2047,False,True
r3br2/1R3pk1/p5p1/2p1N3/q6P/6Q1/5PP1/4R1K1 b - - 0 26,52,91rRf3zJ,g7g8,-482,103,e8c6,0.0243,0.023,0.0221,0.0192,a4a5,a4a5,a4a5,a4a5,635.0,0.0243,-0.0051,True,club,03_disagreements_b3,1805,1899,1899,False,True
2kr1b1r/1ppqpn2/p1n2p2/3p4/3P1BP1/2NBQP2/PPP4P/2KR3R b - - 2 14,28,2LQS7X01,e7e6,-223,21,c8b8,0.036,0.032,0.0309,0.0324,f8h6,e7e5,e7e5,e7e5,185.0,0.036,-0.0036,True,club,03_disagreements_b3,2056,2090,2090,False,True
rn2k2r/ppp2ppp/3bpn2/q7/3P2b1/2N2N2/PPPBBPPP/R2Q1RK1 b kq - 2 8,16,H37vHbRq,a5f5,-70,29,a5h5,0.0048,0.004,0.0032,0.002,c7c6,c7c6,a5h5,a5h5,123.0,0.0048,-0.0028,True,club,03_disagreements_b3,1803,1819,1819,False,True
4rk1r/ppp3p1/8/2N1b3/2n4P/2P3P1/P1B2P2/4RRK1 b - - 10 30,60,XmF1057O,e8e7,-335,8,c4d2,0.0054,0.0062,0.007,0.0084,e5c3,e5c3,e5c3,e5c3,174.0,0.0084,0.003,True,club,03_disagreements_b3,1967,1984,1984,False,True
r2q1rk1/1b3pp1/p2ppn1p/1p6/1n2P3/2N1PN1P/PP4P1/1BRQ1RK1 b - - 7 16,32,LazsNFG2,d8e7,214,1,d8b6,0.0072,0.0093,0.0117,0.0143,d6d5,d8b6,d8b6,d8b6,126.0,0.0143,0.0071,True,club,03_disagreements_b3,1857,1825,1825,False,True
4rr2/pp4k1/2p1b1pn/4Pp2/1PP4N/P2B3P/8/2K1R1R1 b - - 3 26,52,o38wZkOm,f8g8,-216,63,e6f7,0.0091,0.0083,0.0061,0.0041,e6f7,e6f7,e6f7,e6f7,131.0,0.0091,-0.005,True,club,03_disagreements_b3,2016,2051,2051,False,True
r3r1k1/pp2ppbp/1qn2np1/3p2B1/3P2b1/2PB1N1P/PPQN1PP1/2KR3R b - - 0 12,24,oNSaCiJO,c6b4,155,85,g4f3,0.0007,0.0005,0.0005,0.0005,g4f3,g4f3,g4d7,g4d7,138.0,0.0007,-0.0002,True,club,03_disagreements_b3,1810,1863,1863,False,True
r4r2/ppq2pk1/2p3bp/2n1P3/2P2pP1/2N4P/PP4Q1/2K1RB1R b - - 2 20,40,xvDgDspz,c7a5,395,14,c7d7,0.0169,0.0163,0.0183,0.0231,c5d3,c5d3,c5d3,c5d3,481.0,0.0231,0.0062,True,club,03_disagreements_b3,1873,1907,1907,False,True
r4r1k/ppp4p/2n1Bp2/8/1b1qNQ2/5P2/PPP2P1P/R4RK1 b - - 0 18,36,EGpgfDCK,f6f5,105,125,b4d6,0.0453,0.032,0.0237,0.0245,d4b2,b4d6,b4d6,b4d6,174.0,0.0453,-0.0208,True,club,03_disagreements_b3,1919,1978,1978,False,True
r3k2r/pp1bqpb1/2np1n1p/2p1pPp1/2P1P1P1/2NP2NP/PP4BK/R1BQ1R2 b kq - 2 14,28,0PSEEndQ,e7d8,-76,7,e8c8,0.0054,0.0077,0.0099,0.0087,e8c8,e8c8,e8c8,e8c8,138.0,0.0099,0.0033,True,club,03_disagreements_b3,2059,1932,1932,False,True
2r1k1nr/1p3ppp/p3p1b1/2qpP3/Q2N2P1/2P4P/PP1N1P2/R4RK1 b k - 4 16,32,Bw7QFCUo,e8d8,-102,4,e8f8,0.02,0.0122,0.0124,0.0238,b7b5,b7b5,b7b5,b7b5,183.0,0.0238,0.0038,True,club,03_disagreements_b3,2172,2028,2028,False,True
N1qk1r2/pp1n2Qp/3p4/5p1p/5P2/P7/1P6/1K1R4 b - - 3 28,56,1dokkqbd,c8c4,107,129,c8a8,0.0056,0.0038,0.004,0.0057,c8a8,c8a8,c8a8,c8a8,560.0,0.0057,0.0001,True,club,03_disagreements_b3,1928,1930,1930,False,True
r1bqk2r/pp2pp1p/2n3p1/1BpP4/4P3/2b2N2/P2B1PPP/R2QK2R b KQkq - 1 10,20,i0sResiZ,d8a5,-15,76,c3a1,0.0058,0.0068,0.0096,0.0182,c3a1,c3a1,c3a1,c3a1,362.0,0.0182,0.0124,True,club,03_disagreements_b3,1962,2036,2036,False,True
2B2r1k/1p4p1/8/p1b5/P5P1/5b1P/1P1q1R2/R4QK1 b - - 2 32,64,0EjEshfj,f3c6,1994,1,f8c8,0.0089,0.0138,0.0244,0.0443,c5f2,c5f2,f3e2,f3e2,1375.0,0.0443,0.0354,True,club,03_disagreements_b3,1915,1896,1896,False,True
2r1k2r/2qp1pp1/p3p1n1/1p6/1P2Pb1p/2P2Q1P/PB2BPP1/R4R1K b k - 4 22,44,kWIDz4HB,c7b7,70,4,f4e5,0.0031,0.0022,0.0016,0.0013,g6e5,g6e5,g6e5,g6e5,547.0,0.0031,-0.0018,True,club,03_disagreements_b3,1908,1879,1879,False,True
2r2bQR/2qpkp2/4p3/1P6/4P2p/2P4P/1B3PP1/5R1K b - - 0 34,68,kWIDz4HB,c7d6,-772,33,c7c4,0.0167,0.0169,0.0149,0.0162,c7c4,c7c4,c7c4,c7c4,722.0,0.0169,-0.0005,True,club,03_disagreements_b3,1908,1879,1879,False,True
r2q1r2/bpp2ppk/p6p/3NP3/P2P4/2N1B3/1P1Q1PPP/2n2RK1 b - - 0 18,36,j4TmPw95,c1a2,-175,205,c1b3,0.0083,0.0066,0.0055,0.0041,c1b3,c1b3,c1b3,c1b3,261.0,0.0083,-0.0042,True,club,03_disagreements_b3,2115,2135,2135,False,True
q1r1nbk1/1R3p2/1Qnp2p1/3P4/1P2PPP1/P3B3/4N3/1N4K1 b - - 0 28,56,2Nr3o376,c6b4,-363,53,c6e7,0.0079,0.0064,0.0062,0.0074,c6d8,c6e7,c6e7,c6d8,168.0,0.0079,-0.0005,True,club,03_disagreements_b3,1847,1855,1855,False,True
4r1k1/5pp1/p4n1p/8/P2N4/3K1Q2/1P3P2/RN2q3 b - - 2 28,56,Ob6rCSE6,e1c1,449,98,e1b4,0.0281,0.0294,0.034,0.0409,e1f1,e1f1,e1f1,e1f1,107.0,0.0409,0.0128,True,club,03_disagreements_b3,2028,1927,1927,False,True
r2q1rk1/pppn1ppp/4pb1B/4P2n/2BP4/1QN2P2/PP3P1P/R3K1R1 b Q - 0 12,24,MIaWLU9C,g8h8,-192,20,f6e5,0.0101,0.0132,0.0161,0.0215,f6h4,d7e5,d7e5,d7e5,118.0,0.0215,0.0114,True,club,03_disagreements_b3,1816,1805,1805,False,True
r2q2k1/1pnb2bp/1B1p2p1/3Pp3/pP2Pp2/P1NB1P2/2Q3PP/2R3K1 b - - 2 24,48,TY0ejfwb,d8b8,-181,147,a8c8,0.012,0.0096,0.0072,0.007,a8c8,a8c8,a8c8,a8c8,178.0,0.012,-0.005,True,club,03_disagreements_b3,1813,1864,1864,False,True
r1b5/n3r1k1/pp1pPqp1/2pP3p/2P1Q3/P3R3/1P3PPN/1B3RK1 b - - 1 26,52,TkkpONlU,c8e6,-564,10,c8b7,0.0284,0.0173,0.0097,0.0057,c8b7,c8b7,c8b7,c8b7,152.0,0.0284,-0.0227,True,club,03_disagreements_b3,1858,1812,1812,False,True
r7/nb2r1k1/p2pPqp1/1ppP3p/2P5/P4R2/1PQ2PPN/1B3RK1 b - - 1 28,56,TkkpONlU,e7e6,-558,51,f6g5,0.0065,0.0043,0.0036,0.0028,f6g5,f6g5,f6g5,f6g5,479.0,0.0065,-0.0037,True,club,03_disagreements_b3,1858,1812,1812,False,True
r1bqk2r/ppp1bppp/4pn2/4n1B1/2B2Q2/2NP4/PPP1NPPP/2KR3R b kq - 6 10,20,s4TKFMEM,f6d5,-46,28,e5g6,0.0023,0.0011,0.0004,0.0002,e5c4,e5c4,e5c4,e5c4,104.0,0.0023,-0.0021,True,club,03_disagreements_b3,2054,1959,1959,False,True
r4rk1/1ppb1ppp/p2p1q2/3npP2/8/3P3P/PPPBB1P1/R2Q1RK1 b - - 1 16,32,S7JRSP8R,d5f4,111,18,d7c6,0.0453,0.0423,0.0392,0.0329,d7f5,d7f5,d7f5,d7f5,111.0,0.0453,-0.0124,True,club,03_disagreements_b3,1865,1871,1871,False,True
r1bqk2r/pp1pnppp/2n5/4p1N1/2B1P3/2P5/P3QPPP/R1B2RK1 b kq - 1 10,20,iPha0VTk,h8f8,-347,70,e8g8,0.0098,0.0037,0.002,0.0036,e8g8,e8g8,e8g8,e8g8,148.0,0.0098,-0.0062,True,club,03_disagreements_b3,2089,2096,2096,False,True
2r2rk1/pp1b1p2/1q1p1pp1/7p/1P2P3/1B3PQ1/P1P2RPP/3R2K1 b - - 3 20,40,SZVo0MDC,d6d5,-52,186,g8g7,0.0057,0.0037,0.0027,0.0024,b6b4,b6b4,b6b4,b6b4,557.0,0.0057,-0.0033,True,club,03_disagreements_b3,2233,2137,2137,False,True
r1bqrbk1/p2p1p1p/2p1pnp1/6B1/4P3/2N5/PPPQBPPP/R4RK1 b - - 5 12,24,QdxVJuKK,e6e5,-130,8,f8e7,0.015,0.0167,0.0251,0.0414,f8g7,f8g7,f8g7,f8g7,283.0,0.0414,0.0264,True,club,03_disagreements_b3,1870,1854,1854,False,True
4r1k1/pp3p1p/8/8/3Nq3/PP4P1/3QP3/2R3K1 b - - 0 28,56,Tuq1Ip44,h7h6,-488,10,e8e5,0.002,0.0014,0.0009,0.001,e8d8,e8d8,e8d8,e8d8,388.0,0.002,-0.001,True,club,03_disagreements_b3,1812,2005,2005,False,True
r1b2n1k/pp3p1B/1b3p1Q/7N/8/5N1q/PP3P2/3RR1K1 b - - 1 26,52,FUeiQRp2,h3h5,-797,83,h3g4,0.0041,0.0024,0.0019,0.0021,h3g4,h3g4,h3g4,h3g4,170.0,0.0041,-0.002,True,club,03_disagreements_b3,1916,1868,1868,False,True
r1q2rk1/pbpn1nbp/1p1p2p1/1B1Np3/4P2B/5N1P/PPPQ1PP1/2KR3R b - - 5 14,28,YPiHZ5zv,g8h8,-34,66,b7d5,0.0258,0.0423,0.0427,0.0482,b7d5,b7d5,b7d5,b7d5,124.0,0.0482,0.0224,True,club,03_disagreements_b3,2038,2061,2061,False,True
4rrk1/pp4bp/3q2p1/2pNnb2/2P5/1Q1PpN1P/PP2B1P1/3R1RK1 b - - 7 18,36,HBbHdVU3,f5h3,398,23,b7b6,0.0309,0.0268,0.017,0.0109,e5f3,e5f3,b7b6,b7b6,157.0,0.0309,-0.02,True,club,03_disagreements_b3,2180,2074,2074,False,True
6k1/2p3p1/p4p2/2p1qp1Q/2P1nR2/1P2P1PP/P6K/R1Brr3 b - - 0 34,68,ZnkDjfvI,e5b2,1996,2,e1h1,0.0052,0.0051,0.0049,0.0048,e5a1,e5a1,e5a1,e5a1,3994.0,0.0052,-0.0004,True,club,03_disagreements_b3,1927,1891,1891,False,True
r4r2/2p1q1kp/3pp1p1/p2b1p2/1p1PnN2/PP2Q2P/1P1N1PP1/2R1R1K1 b - - 3 22,44,RzjIxXeC,e7f7,57,3,g6g5,0.002,0.0022,0.0025,0.0033,e4d2,e4d2,e4d2,d5b7,540.0,0.0033,0.0013,True,club,03_disagreements_b3,1891,1911,1911,False,True
rn1qkb1r/ppp2ppp/5n2/4p3/3PP3/2N2B2/PP3PPP/R1BQK2R b KQkq - 0 8,16,nBHlCgVA,b8c6,-54,12,d8d4,0.0442,0.0344,0.023,0.0095,e5d4,e5d4,e5d4,e5d4,151.0,0.0442,-0.0347,True,club,03_disagreements_b3,1929,1915,1915,False,True
rn2k2r/ppp2ppp/5n2/1N6/3pP3/5B2/PP1K1PPP/R6R b kq - 0 12,24,nBHlCgVA,c7c6,-262,48,b8a6,0.0452,0.0168,0.0085,0.0043,b8a6,b8a6,b8a6,b8a6,158.0,0.0452,-0.0409,True,club,03_disagreements_b3,1929,1915,1915,False,True
5rk1/pp1b2bp/4p1p1/2q5/3p4/1P2N3/P4PPP/1BR1Q1K1 b - - 1 28,56,i3N5mnmx,d4e3,533,410,c5b6,0.0107,0.0093,0.0091,0.0088,c5g5,c5b6,c5b6,c5b6,466.0,0.0107,-0.0019,True,club,03_disagreements_b3,1953,1903,1903,False,True
r2q2k1/1bbn3p/pp2prp1/1P2NpN1/P2PpP2/B3P1P1/4Q2P/R1R3K1 b - - 7 22,44,hepulvhs,c7b8,-333,68,d7f8,0.0068,0.0071,0.0066,0.006,a6b5,c7e5,c7e5,c7e5,123.0,0.0071,-0.0008,True,club,03_disagreements_b3,1940,1938,1938,False,True
r4nk1/1b5p/1p1qprp1/PQ2NpN1/3PpP2/2R1P1P1/7P/R5K1 b - - 0 26,52,hepulvhs,d6d8,-258,2,h7h6,0.0062,0.0044,0.003,0.0024,b7a6,b7a6,b7a6,b7a6,200.0,0.0062,-0.0038,True,club,03_disagreements_b3,1940,1938,1938,False,True
2r4k/p1r4p/6p1/4qp2/2PNpn2/1P5P/P1Q2PP1/3RR1K1 b - - 0 30,60,ICHlvFgl,c7g7,-112,6,a7a6,0.0124,0.0132,0.0139,0.0179,f4d3,f4d3,f4d3,f4d3,393.0,0.0179,0.0055,True,club,03_disagreements_b3,1938,1964,1964,False,True
2rr2k1/2q1bppp/p3bn2/1p1p4/3B4/PNN1Q2P/1PP2PP1/1R1R2K1 b - - 3 20,40,MDpUjqLc,d8e8,2,2,c7c6,0.039,0.0433,0.0428,0.0375,f6e4,f6e4,b5b4,b5b4,176.0,0.0433,-0.0015,True,club,03_disagreements_b3,2202,2106,2106,False,True
rnbqkb1r/ppp3pp/8/3p1pN1/3Pp2P/1B2P3/PPP2PP1/RN1QK2R b KQkq - 1 8,16,HZErEEI9,g7g6,-61,20,f8e7,0.0406,0.0332,0.0292,0.0305,h7h6,h7h6,h7h6,h7h6,431.0,0.0406,-0.0101,True,club,03_disagreements_b3,2151,2039,2039,False,True
r1r3k1/5pp1/p6P/P1p2q2/1pQ1p2P/4P3/1P6/2KR3R b - - 0 30,60,CH1LjkdO,c8d8,0,10,g7g6,0.0086,0.0079,0.0113,0.0265,g7h6,g7h6,g7h6,g7h6,436.0,0.0265,0.0179,True,club,03_disagreements_b3,1866,1858,1858,False,True
2rr2k1/1b3pb1/p1nq2p1/2p1p1Qp/2BpP2P/1NP2N2/PP3PP1/3R1RK1 b - - 5 20,40,HJ8IkqJ0,c8c7,33,6,d8d7,0.0354,0.0319,0.0288,0.0318,g7f6,d6f6,d6f6,d6f6,167.0,0.0354,-0.0036,True,club,03_disagreements_b3,1804,1937,1937,False,True
rn1q1rk1/ppn2ppp/3b4/2pP3b/4N3/3B1N1P/PP3PP1/R1BQ1RK1 b - - 4 12,24,Ul03EcHs,b8a6,-61,6,c7d5,0.0186,0.0174,0.0196,0.0346,c7d5,c7d5,c7d5,c7d5,117.0,0.0346,0.016,True,club,03_disagreements_b3,2299,1885,1885,False,True
rn2nrk1/1p1b1pb1/pq1p2pp/2pP4/4PP2/5N1P/PPP1N1B1/R1BQR1K1 b - - 1 16,32,gJgnj7Kg,a6a5,-189,13,e8f6,0.0124,0.0098,0.009,0.0099,g7b2,g7b2,g7b2,g7b2,255.0,0.0124,-0.0025,True,club,03_disagreements_b3,2029,1889,1889,False,True
r1b5/1pR2n2/pB3kp1/3p3p/5P2/1P3N1P/P1B3P1/6K1 b - - 1 34,68,xLW4CKWp,c8g4,-736,8,f7h6,0.0007,0.0005,0.0005,0.0004,f7d6,f7d6,f7d6,f7d6,1262.0,0.0007,-0.0003,True,club,03_disagreements_b3,1895,1901,1901,False,True
5k2/1p3prp/p1b2p1B/8/8/6P1/PP3K2/3R4 b - - 0 30,60,V4BvWUwo,c6e4,-469,8,f6f5,0.0155,0.0152,0.0182,0.0223,f8g8,f8g8,f8g8,f8g8,1529.0,0.0223,0.0068,True,club,03_disagreements_b3,1965,1950,1950,False,True
r1b2rk1/p4ppp/1p1p1n2/q3p1N1/1b1nPP2/2NB3P/P2B2P1/2RQR1K1 b - - 0 14,28,1mx9SMqG,c8e6,255,40,h7h6,0.0203,0.016,0.013,0.0114,c8a6,c8a6,c8a6,c8a6,208.0,0.0203,-0.0089,True,club,03_disagreements_b3,1937,1981,1981,False,True
r4rk1/p4pp1/bp3n2/q3p1B1/1b1nP3/2NB2RP/P5P1/2RQ2K1 b - - 0 18,36,1mx9SMqG,f6e8,246,17,f6h7,0.0101,0.0123,0.0182,0.0303,b4c3,b4c3,b4c3,b4c3,2239.0,0.0303,0.0202,True,club,03_disagreements_b3,1937,1981,1981,False,True
r4rk1/p6n/1p6/2bNp1B1/3nP3/2R3QP/q5PK/8 b - - 0 26,52,1mx9SMqG,d4f3,500,7,d4e2,0.0387,0.0374,0.0361,0.0376,d4e2,d4e2,h7g5,h7g5,584.0,0.0387,-0.0011,True,club,03_disagreements_b3,1937,1981,1981,False,True
5rk1/1r3pp1/b3pn1p/p1Npb3/2P1P3/PP2QB1P/5PPq/R1B1RK2 b - - 1 22,44,5dT97Wyc,b7b3,418,181,d5e4,0.0403,0.0258,0.0181,0.0155,e5a1,d5c4,d5c4,d5c4,288.0,0.0403,-0.0248,True,club,03_disagreements_b3,1867,1858,1858,False,True
2r3k1/1q3pp1/4p2p/p7/5B2/PP1Q3P/4KP2/R7 b - - 2 30,60,5dT97Wyc,e6e5,-274,66,b7b6,0.0361,0.0295,0.0305,0.036,g7g5,b7g2,b7g2,b7g2,137.0,0.0361,-0.0001,True,club,03_disagreements_b3,1867,1858,1858,False,True
r1bq1r2/pp1nppbk/3p1np1/2pP2Bp/2P1P2P/2N5/PP1QBPP1/2KR2NR b - - 4 10,20,Q8Bpv1rR,b7b5,140,94,d8a5,0.0032,0.003,0.0037,0.0088,d7e5,d7e5,d7e5,d7e5,148.0,0.0088,0.0056,True,club,03_disagreements_b3,1977,1967,1967,False,True
8/6k1/p4r2/1p2R2p/5P2/6KP/PP6/8 b - - 1 34,68,q2GDLXud,f6c6,-47,3,g7h6,0.0063,0.0071,0.0104,0.0168,g7g6,g7g6,g7g6,g7g6,236.0,0.0168,0.0105,True,club,03_disagreements_b3,2005,2007,2007,False,True
5Nk1/pp4pp/8/8/8/2P1q1PK/P1Pr3P/5R2 b - - 5 26,52,tNdJ0frF,e3g5,1993,5,e3h6,0.0015,0.001,0.0008,0.0008,e3h6,e3h6,e3h6,e3h6,1076.0,0.0015,-0.0007,True,club,03_disagreements_b3,1805,1850,1850,False,True
r2q2k1/ppp1brpp/2n5/2P2p2/Q1BPp3/P6P/1P3PP1/R1B1R1K1 b - - 2 18,36,SunjBvoI,d8d7,-312,24,d8d4,0.01,0.0089,0.0061,0.0053,c6d4,c6d4,c6d4,c6d4,131.0,0.01,-0.0047,True,club,03_disagreements_b3,2393,2325,2325,False,True
Q7/p1p1b1pp/6k1/2P1np2/3qp3/P6P/1P3PP1/R1B1R1K1 b - - 0 22,44,SunjBvoI,d4a4,-544,34,e5d3,0.0005,0.0002,0.0001,0.0001,e7c5,e7c5,e5d3,e7c5,115.0,0.0005,-0.0004,True,club,03_disagreements_b3,2393,2325,2325,False,True
8/p1p1Q1pp/7k/2P2p2/3qp3/P2n3P/1P2RPP1/R5K1 b - - 2 26,52,SunjBvoI,g7g6,-604,30,h6h5,0.0153,0.017,0.0172,0.0169,d3f4,d3f4,d3f4,d3f4,153.0,0.0172,0.0016,True,club,03_disagreements_b3,2393,2325,2325,False,True
rnbq1rk1/pp1n1ppp/4p3/2PpP3/1b3P2/2NB1N2/PPP3PP/R1BQK2R b KQ - 0 8,16,ilUYqD6I,h7h6,-48,22,d7c5,0.0005,0.0004,0.0004,0.0006,d7c5,d7c5,d7c5,d7c5,127.0,0.0006,0.0001,True,club,03_disagreements_b3,1858,1913,1913,False,True
r3k2r/1b5p/3p1nR1/pNqPp3/8/5N2/PPP1QPP1/2K4R b kq - 0 20,40,Q2TMna2s,h7g6,-227,200,e8f7,0.0469,0.0407,0.0438,0.0435,b7d5,b7d5,f6d5,f6d5,569.0,0.0469,-0.0034,True,club,03_disagreements_b3,2071,2029,2029,False,True
2r3k1/3b3p/p2p2pQ/1p3pN1/1PqN4/P6P/5PP1/5RK1 b - - 1 32,64,6DsVrPwT,c4f7,-999,121,c4d4,0.019,0.0146,0.0091,0.0058,c4d4,c8c7,c8c7,c8c7,988.0,0.019,-0.0132,True,club,03_disagreements_b3,1889,1970,1970,False,True
2r2rk1/p1q2ppp/bpN1p3/n5B1/2N3Q1/P5P1/1P4BP/3R2K1 b - - 10 22,44,HGE6EjiU,f7f5,213,9,a5c6,0.0077,0.0118,0.0231,0.0472,a6c4,a5c6,a5c6,a5c6,130.0,0.0472,0.0395,True,club,03_disagreements_b3,2393,2229,2229,False,True
r4r2/p4ppk/1qp2b1p/2p1p3/4P1Q1/3PB2P/PPP3P1/1R3RK1 b - - 5 16,32,hgieoddz,f6g5,-227,31,a7a5,0.0362,0.0249,0.0126,0.0053,b6a5,a8d8,a8d8,a8d8,353.0,0.0362,-0.0309,True,club,03_disagreements_b3,1982,1943,1943,False,True
1k5r/ppqnn1b1/2p3p1/3p4/4P1P1/1P3N1P/P1QN1PK1/2R2R2 b - - 0 22,44,SjpYK1eQ,d7f8,-160,37,d5d4,0.0036,0.0034,0.0034,0.0035,d5e4,d5e4,d7e5,d7e5,141.0,0.0036,-0.0001,True,club,03_disagreements_b3,2000,1896,1896,False,True
r5k1/4pr1p/p2p2p1/q1pRn3/4P3/2N5/PPP4Q/2K2B1R b - - 3 20,40,GLbSryz9,a8e8,-350,11,f7g7,0.0008,0.0008,0.0006,0.0005,a8f8,a8f8,a8f8,a8b8,149.0,0.0008,-0.0003,True,club,03_disagreements_b3,1931,1916,1916,False,True
r6k/4p1rp/p5p1/2p1Q3/1qB1P3/1PN5/P1P5/2K4R b - - 0 24,48,GLbSryz9,g6g5,-399,12,a6a5,0.0039,0.0018,0.0011,0.0011,b4a3,b4a3,b4a3,b4a3,506.0,0.0039,-0.0028,True,club,03_disagreements_b3,1931,1916,1916,False,True
5r1r/1ppkn3/3p4/2bPpp1p/1PP1P2P/5NP1/3Q1P2/1R2K2R b K - 0 24,48,s1QDU4iY,c5f2,-509,76,c5b6,0.0162,0.0139,0.0108,0.008,c5b6,c5b6,c5b6,c5b6,108.0,0.0162,-0.0082,True,club,03_disagreements_b3,2069,2121,2121,False,True
7r/2pkn3/2Pp4/4p2p/1P1bN2P/5rP1/2Q2P2/1R2K2R b K - 0 30,60,s1QDU4iY,d7e8,-535,41,e7c6,0.0099,0.0093,0.0089,0.0095,e7c6,e7c6,e7c6,e7c6,152.0,0.0099,-0.0004,True,club,03_disagreements_b3,2069,2121,2121,False,True
1k1r2r1/ppq2pp1/3b3p/2pP3P/6n1/2B2NP1/PPQ2P2/1K1RR3 b - - 2 22,44,k7DA7u4q,g7g5,-94,24,g7g6,0.04,0.0292,0.018,0.011,g7g6,f7f6,f7f6,f7f6,120.0,0.04,-0.029,True,club,03_disagreements_b3,2089,2287,2287,False,True
r2q1rk1/ppp2ppp/2n5/b2np3/1P2N1b1/P2P1N2/2P1BPPP/R1BQ1RK1 b - - 0 10,20,m26Gzhbm,f7f5,-2,131,a5b6,0.0008,0.0005,0.0007,0.0005,a5b6,a5b6,a5b6,a5b6,139.0,0.0008,-0.0003,True,club,03_disagreements_b3,1952,1947,1947,False,True
r1bq3r/pp1n1kp1/2pBpn1p/8/2PP4/2NB4/PP4PP/R2Q1RK1 b - - 0 12,24,K69Cp0M8,h6h5,-446,41,d8b6,0.0188,0.0129,0.0076,0.0038,h8e8,h8e8,h8e8,h8e8,196.0,0.0188,-0.015,True,club,03_disagreements_b3,1993,2082,2082,False,True
5rk1/p4r1p/1qp1b1p1/3pPn2/1P6/P1Q1PB1P/1B4P1/R3R1K1 b - - 1 26,52,o38CHKDM,h7h5,14,84,f5h4,0.0148,0.0111,0.0109,0.02,f5h4,f5h4,f5h4,f5h4,130.0,0.02,0.0052,True,club,03_disagreements_b3,1864,1902,1902,False,True
r4br1/ppp1n1pk/7p/4p2Q/3p3N/3P2R1/qPPB1P1P/3KR3 b - - 1 18,36,nhlit2jv,g7g6,-39,66,a2b2,0.0402,0.0322,0.0248,0.0219,a2b1,a2b1,a2b1,a2b1,113.0,0.0402,-0.0183,True,club,03_disagreements_b3,1891,1962,1962,False,True
r5k1/1p3pbp/pqb1p1p1/3rP3/2RNQP2/3P3P/1P1B2P1/1R4K1 b - - 0 24,48,JMI7NhUd,d5e5,321,121,d5b5,0.0021,0.0018,0.0015,0.0012,a8d8,a8d8,a8d8,a8d8,321.0,0.0021,-0.0009,True,club,03_disagreements_b3,1859,1864,1864,False,True
5rk1/p4ppp/2p4r/2Q1b2q/7P/2N3P1/PPP2P2/1R3RK1 b - - 0 22,44,93guioSq,e5c3,-43,102,h6g6,0.0172,0.0131,0.0105,0.0096,h6g6,h6g6,h6g6,h6g6,193.0,0.0172,-0.0076,True,club,03_disagreements_b3,1859,1948,1948,False,True
r2k1r2/ppqn4/2p2p1Q/2Pp1Bp1/3P1P2/P5P1/1P3PP1/4RRK1 b - - 2 22,44,DThZueg9,c7c8,-814,5,f8f7,0.0061,0.0049,0.0043,0.0047,g5f4,g5f4,g5f4,g5f4,108.0,0.0061,-0.0014,True,club,03_disagreements_b3,1860,1860,1860,False,True
5r1k/1Q4p1/5q2/5b1p/2B1p3/4R1P1/PP3P1P/R5K1 b - - 0 28,56,n0McfYi2,f5e6,-436,25,f5c8,0.0289,0.0234,0.0166,0.0116,h5h4,h5h4,h5h4,h5h4,131.0,0.0289,-0.0173,True,club,03_disagreements_b3,2102,2064,2064,False,True
r1bq1rk1/pp2b1p1/1n2p2p/2ppP3/3P4/3B1N1Q/PPP1N1PP/2KR1R2 b - - 3 16,32,cG8jqCaM,b6a4,-52,35,c5d4,0.0299,0.0133,0.0074,0.007,c5d4,c5d4,c5d4,c5d4,191.0,0.0299,-0.0229,True,club,03_disagreements_b3,1995,1916,1916,False,True
r1bq1rk1/pp4p1/1n2N1Bp/3pP1b1/8/5N1Q/PPP3PP/1K1R1R2 b - - 0 20,40,cG8jqCaM,g5e3,-376,67,d8e7,0.0007,0.0004,0.0003,0.0004,c8e6,c8e6,c8e6,c8e6,192.0,0.0007,-0.0003,True,club,03_disagreements_b3,1995,1916,1916,False,True
1r6/2q1k2p/1rp2p2/p1Npp1p1/3P2B1/2P3P1/PP2QK2/1R6 b - - 5 26,52,1jziXlrp,h7h5,-214,101,b8f8,0.0103,0.0046,0.0027,0.0023,e5e4,e5e4,e5e4,e5e4,123.0,0.0103,-0.008,True,club,03_disagreements_b3,1817,1867,1867,False,True
r7/pp1b3k/2p5/5p2/3P2r1/7K/PPP1R2P/4R3 b - - 3 30,60,9xs3yPxn,a8h8,1996,1192,a8g8,0.0304,0.0295,0.029,0.0305,g4d4,g4g7,g4g7,g4g7,1506.0,0.0305,0.0001,True,club,03_disagreements_b3,2219,2199,2199,False,True
r1b2r2/pp2qpbk/4pnpp/3pN3/3P1P2/2RBQNP1/P4P1P/2R3K1 b - - 3 22,44,1z73mujg,h7g8,-233,12,c8d7,0.0208,0.0158,0.0149,0.0152,c8d7,f6d7,f6e8,f6e8,219.0,0.0208,-0.0056,True,club,03_disagreements_b3,2001,2025,2025,False,True
r5k1/5ppp/3Np3/4P1b1/1R1Q4/7P/1P3PPK/2q5 b - - 3 30,60,6pcQgm2b,c1d2,-129,11,h7h6,0.0219,0.025,0.0316,0.0417,g5f4,g5f4,g5f4,g5f4,485.0,0.0417,0.0198,True,club,03_disagreements_b3,2004,1934,1934,False,True
r5k1/5pp1/3Np2p/4P1b1/1PRQ4/7P/5PPK/5q2 b - - 0 32,64,6pcQgm2b,f1e1,-201,30,a8a1,0.0116,0.0122,0.0111,0.0072,a8a2,a8a1,a8a1,a8a1,226.0,0.0122,-0.0044,True,club,03_disagreements_b3,2004,1934,1934,False,True
5rk1/1pp3pp/1p6/8/1Qp5/7P/P4qP1/4Rn1K b - - 20 34,68,jF0tyCpj,f2f4,925,4,f1g3,0.0217,0.023,0.0241,0.0254,f1g3,f1g3,f1e3,f1e3,264.0,0.0254,0.0037,True,club,03_disagreements_b3,1894,1871,1871,False,True
r5k1/1p4pp/p5p1/3p2q1/7b/P1P1Q1PP/1P1P1n1K/RNB5 b - - 1 22,44,Fzfkm7Wp,a8f8,427,28,g5e3,0.0144,0.0097,0.0074,0.0064,h4g3,h4g3,h4g3,h4g3,101.0,0.0144,-0.008,True,club,03_disagreements_b3,1843,1848,1848,False,True
r1bq1rk1/1pp1npbp/p1n1p1p1/P3P3/2BP4/2N2N2/1P3PPP/R1BQ1RK1 b - - 0 10,20,anWV9hgG,h7h6,-67,10,f7f6,0.0084,0.0067,0.0071,0.0141,b7b5,e7f5,e7f5,e7f5,110.0,0.0141,0.0057,True,club,03_disagreements_b3,1807,1817,1817,False,True
1r6/R5bk/p1pN2pp/P2n4/1P1p4/8/3B1PPP/6K1 b - - 6 30,60,anWV9hgG,c6c5,139,150,d5b4,0.0114,0.0063,0.0046,0.0045,d5b4,d5b4,d5b4,d5b4,152.0,0.0114,-0.0069,True,club,03_disagreements_b3,1807,1817,1817,False,True
1k1r1br1/ppp1np2/2np1q1p/4p3/2BPP3/2P1BN2/PP3PP1/R2Q1RK1 b - - 0 18,36,MZO7ZcZ6,d6d5,124,44,f6g6,0.0443,0.0342,0.029,0.0321,f6g6,f6g6,f6g6,e7g6,169.0,0.0443,-0.0122,True,club,03_disagreements_b3,1933,1976,1976,False,True
r4rk1/3q2pp/1pn1p2n/p2pP1P1/3P2P1/P2QB1N1/1P4K1/2R4R b - - 0 24,48,HrzjOROk,c6d4,-419,9,h6g4,0.0005,0.0004,0.0004,0.0004,h6g4,h6g4,h6g4,h6g4,151.0,0.0005,-0.0001,True,club,03_disagreements_b3,2195,2075,2075,False,True
r1b2rk1/pppp1ppp/8/3QP2q/8/1Bb2N2/P1P3PP/1RB2RK1 b - - 5 14,28,VmSsYe8B,a7a5,-457,0,d7d6,0.0061,0.0084,0.0132,0.0193,c7c6,c7c6,c7c6,c7c6,105.0,0.0193,0.0132,True,club,03_disagreements_b3,1890,1888,1888,False,True
3r1rk1/pp3ppp/2b2n2/2n2q2/4pB2/P1N1PP2/1PQ1B1PP/R2R2K1 b - - 0 20,40,QqnsnEBU,a7a5,-46,5,c5d3,0.0071,0.0046,0.0026,0.0021,d8d1,c5d3,c5d3,c5d3,399.0,0.0071,-0.005,True,club,03_disagreements_b3,1928,1886,1886,False,True
r2q1rk1/ppp2ppp/1b3n2/5b2/2PN4/6P1/PB3PBP/RN1Q1RK1 b - - 0 12,24,iNvLUiEl,f5e4,-309,61,b6d4,0.0271,0.0266,0.0282,0.0362,b6d4,b6d4,b6d4,b6d4,134.0,0.0362,0.0091,True,club,03_disagreements_b3,1866,1846,1846,False,True
6k1/pR3p1p/2p3p1/8/7P/2q3P1/P3rPQ1/5RK1 b - - 0 28,56,iNvLUiEl,h7h5,-481,5,e2a2,0.0091,0.0055,0.0037,0.0046,e2a2,e2a2,e2a2,e2a2,125.0,0.0091,-0.0045,True,club,03_disagreements_b3,1866,1846,1846,False,True
r1bqk2r/pp1p1ppp/5n2/4p3/1PBnP3/P1N1B3/5PPP/R2QK2R b KQkq - 1 10,20,H0T7Hd9S,a7a5,-45,23,d8c7,0.003,0.0015,0.0006,0.0001,d4c6,d4c6,d4c6,d4c6,141.0,0.003,-0.0029,True,club,03_disagreements_b3,2031,1918,1918,False,True
1k1rr3/1p4pp/p2p1p1n/3R4/3P4/2N5/PPP2PPP/R4K2 b - - 1 20,40,MkhphjpE,g7g6,-169,52,b8c7,0.0214,0.0222,0.0242,0.0209,h6g4,h6g4,h6g4,h6g4,151.0,0.0242,-0.0005,True,club,03_disagreements_b3,2280,2191,2191,False,True
r2qr1k1/1pp1b1pp/2np1p2/6P1/p3PP1P/P1P2Q2/1P1N4/2KR1B1R b - - 0 18,36,BwuTsqLO,g8h8,-279,7,d8d7,0.0057,0.0085,0.0128,0.0299,f6g5,f6g5,f6g5,f6g5,161.0,0.0299,0.0242,True,club,03_disagreements_b3,1951,1907,1907,False,True
r4r1k/ppp3pp/2b2q2/3B4/8/PN2P3/5PPK/R2Q1R2 b - - 0 20,40,5Y5rjJ2H,f6d6,126,22,f6e5,0.0386,0.0235,0.0139,0.0089,c6d5,f6h4,f6h4,a8d8,126.0,0.0386,-0.0297,True,club,03_disagreements_b3,1804,1801,1801,False,True
r1b1k2N/pppp2pp/8/4p3/2qn4/6P1/PPPP2K1/RNBQ3R b q - 2 12,24,Bbtr6bAL,b7b5,-240,36,c4d5,0.0025,0.0017,0.0016,0.0016,c4d5,c4d5,c4d5,c4d5,154.0,0.0025,-0.0009,True,club,03_disagreements_b3,2011,2012,2012,False,True
r1bqk2r/pppnbppp/4pn2/6B1/3P4/2NB1N2/PPP3PP/R2Q1RK1 b kq - 3 8,16,GpoXBZx1,c7c5,46,36,e8g8,0.0476,0.041,0.0274,0.029,e8g8,e8g8,e8g8,e8g8,105.0,0.0476,-0.0186,True,club,03_disagreements_b3,2004,2073,2073,False,True
4r1k1/2pq2pp/3p1p2/p2P1N2/6Q1/8/PPP1r1PP/3K1R2 b - - 1 24,48,J7xUEJtB,g8h8,454,70,d7b5,0.0077,0.0122,0.0196,0.0277,e2e4,e2e4,e2e4,e2e4,1059.0,0.0277,0.02,True,club,03_disagreements_b3,1936,2004,2004,False,True
r2qnrk1/2p1n1b1/1p1pP2p/pP2pp2/P1P5/2N5/2B2PPP/R1BQ1RK1 b - - 0 16,32,9gJZwlq4,c7c6,-210,11,d8c8,0.0338,0.0259,0.0147,0.0089,f8f6,f8f6,d8c8,d8c8,124.0,0.0338,-0.0249,True,club,03_disagreements_b3,2127,2189,2189,False,True
r3kbnr/1bp2ppp/p2p4/1p6/3Nq3/1B6/PPP1QPPP/RNB1K2R b KQkq - 1 10,20,d6KXPJiG,c7c5,-188,115,e4e2,0.009,0.0046,0.0052,0.0084,e4e2,e4e2,e4e2,e4e2,138.0,0.009,-0.0006,True,club,03_disagreements_b3,2061,1945,1945,False,True
r3kbnr/2p2ppp/p2p4/1p6/3N4/1B6/PPP1KPbP/RNB1R3 b kq - 1 12,24,d6KXPJiG,c7c5,-204,101,g8f6,0.0463,0.0294,0.0342,0.0435,e8c8,e8c8,e8c8,e8c8,128.0,0.0463,-0.0028,True,club,03_disagreements_b3,2061,1945,1945,False,True
5r2/5rpp/p1kp4/1p3n2/1B3P2/P1N5/1PPR1K1P/R7 b - - 2 26,52,d6KXPJiG,a6a5,-395,4,f8e8,0.0076,0.0049,0.0043,0.0052,f5h4,f5h4,f5h4,f5h4,107.0,0.0076,-0.0024,True,club,03_disagreements_b3,2061,1945,1945,False,True
4r1k1/1r4pp/5p2/p2p1P2/3N4/2P1P2P/qP1QRKP1/8 b - - 2 28,56,xFNBJeBY,a2b1,192,39,a5a4,0.0163,0.0193,0.0226,0.0231,e8b8,e8b8,e8b8,e8b8,143.0,0.0231,0.0068,True,club,03_disagreements_b3,1982,2075,2075,False,True
r2qk1nr/2p3pp/p1pbb3/3pN3/8/2P1P1B1/PP3PPP/RN1QK2R b KQkq - 0 10,20,xpyYP5Hc,d8b8,-151,5,e6d7,0.0115,0.0075,0.0055,0.0048,d6e5,d6e5,d6e5,d6e5,106.0,0.0115,-0.0067,True,club,03_disagreements_b3,1829,1917,1917,False,True
3r2k1/4q2p/bp2p1N1/p1r2p2/2P2P2/PP3PR1/7P/4Q1RK b - - 0 26,52,eaT5pOur,e7f6,-867,163,h7g6,0.0317,0.0222,0.0123,0.0075,h7g6,h7g6,h7g6,h7g6,177.0,0.0317,-0.0242,True,club,03_disagreements_b3,2055,2075,2075,False,True
r2qk1r1/ppp2p2/2npbp1p/2b1p3/2B1P1PB/3P3P/PPP2P2/R2QK1NR b KQq - 0 10,20,S0xxX2hc,d6d5,15,3,g8g6,0.0297,0.014,0.009,0.0085,e6c4,e6c4,e6c4,e6c4,104.0,0.0297,-0.0212,True,club,03_disagreements_b3,1861,1842,1842,False,True
4r3/pkp2r2/1b3N2/2P1B2p/1P1P4/P6P/6PK/5R2 b - - 0 34,68,bZrxtBgt,h5h4,-496,8,c7c6,0.0313,0.0225,0.0178,0.0162,e8f8,e8e5,e8e5,e8e5,151.0,0.0313,-0.0151,True,club,03_disagreements_b3,1987,1978,1978,False,True
1k1r3r/ppq1n1p1/3bppp1/PP1p1n2/Q2P4/2P2N1P/4NPP1/R1B2RK1 b - - 0 18,36,lf2kU2aO,c7d7,0,12,c7c4,0.0416,0.0458,0.0445,0.04,g6g5,g6g5,g6g5,c7c4,111.0,0.0458,-0.0016,True,club,03_disagreements_b3,1956,2104,2104,False,True
3B2k1/1p3p2/2bNpP1p/7q/3P1Qp1/8/4B2P/5RK1 b - - 2 32,64,0IzSpajq,c6d5,-807,3,h5h3,0.0094,0.0081,0.0092,0.0127,h5d5,h5d5,h5d5,h5d5,1176.0,0.0127,0.0033,True,club,03_disagreements_b3,1856,1933,1933,False,True
4r2r/bp1k1pp1/p1p5/7p/1P2PP1P/2P1N3/P1B5/R1B2K2 b - - 1 24,48,7DREC9vv,h8h6,-380,16,a7b8,0.0488,0.0355,0.0307,0.0334,a7e3,a7e3,g7g6,a7e3,115.0,0.0488,-0.0154,True,club,03_disagreements_b3,1809,1856,1856,False,True
1b2r2r/1k3pp1/pNp5/7p/PP2PP1P/2P1B3/2B5/R4K2 b - - 0 28,56,7DREC9vv,b8f4,-440,44,f7f5,0.0039,0.0027,0.0019,0.0013,b8c7,b8c7,f7f5,f7f5,118.0,0.0039,-0.0026,True,club,03_disagreements_b3,1809,1856,1856,False,True
7k/1pq3p1/p2r3p/5Q2/P4P2/7P/1PP2P1K/4R3 b - - 4 32,64,vAEAv2jD,c7c6,-197,102,c7d8,0.0069,0.0063,0.0065,0.0072,d6f6,d6f6,d6f6,d6d8,109.0,0.0072,0.0003,True,club,03_disagreements_b3,1884,1882,1882,False,True
rk2q1nr/1pp1b1p1/p1n1Q2p/4P2P/8/2N2N2/PP3PP1/R1BR2K1 b - - 0 16,32,My9oGifM,a6a5,-402,0,c6d8,0.0042,0.0016,0.0007,0.0005,b8a7,b8a7,b8a7,b8a7,186.0,0.0042,-0.0037,True,club,03_disagreements_b3,2020,1873,1873,False,True
r6r/1kpQ4/p1p4p/4P1pP/3N4/3RP3/qP4P1/3R2K1 b - - 1 28,56,My9oGifM,a8b8,-955,62,a8c8,0.0022,0.0018,0.0016,0.0019,a2b2,a2b2,a2b2,a2b2,1037.0,0.0022,-0.0003,True,club,03_disagreements_b3,2020,1873,1873,False,True
5rk1/pb6/2pb1q2/n3pP2/8/2NP1Q2/PPP2P1P/R3K2R b KQ - 0 18,36,JQczBjX8,f6g6,-426,47,f6f5,0.0004,0.0004,0.0004,0.0004,f6f5,f6f5,f6f5,f6f5,143.0,0.0004,0.0,True,club,03_disagreements_b3,2309,2127,2127,False,True
5r2/pb5k/2pb4/n3pq2/8/2NP2Q1/PPP2P1P/R3K1R1 b Q - 3 20,40,JQczBjX8,f5f2,-600,143,f8f7,0.008,0.0062,0.0043,0.0029,f8f7,f8f7,f8f7,f8f7,1398.0,0.008,-0.0051,True,club,03_disagreements_b3,2309,2127,2127,False,True
rn1q1rk1/pp2bpp1/2p2n1p/3p1b2/3P4/2N2PP1/PP1NP1BP/R1BQ1RK1 b - - 0 10,20,ihJ8SX65,c6c5,86,13,f8e8,0.0423,0.0242,0.0102,0.0074,b8d7,b8d7,b8d7,b8d7,108.0,0.0423,-0.0349,True,club,03_disagreements_b3,1884,1990,1990,False,True
3r1b1k/1q4pp/4Q3/8/3BRP2/2P4P/6PK/8 b - - 0 30,60,oUo14ZzZ,d8d7,-409,2,d8a8,0.0247,0.0244,0.0212,0.0175,h7h6,h7h6,h7h6,b7c7,211.0,0.0247,-0.0072,True,club,03_disagreements_b3,2192,2166,2166,False,True
r2qkbnr/1pp1p1p1/p5pp/3Pp3/2Bn2P1/2N1B2P/PPP2P2/R2QK2R b KQkq - 2 12,24,tEBipJ6K,e7e6,-196,10,c7c5,0.0455,0.0253,0.0125,0.0093,b7b5,b7b5,b7b5,b7b5,158.0,0.0455,-0.0362,True,club,03_disagreements_b3,1870,1874,1874,False,True
r3kb1r/4p1p1/p4qpp/3Pp3/2Qn2P1/4B2P/PPP2P2/2KR1R2 b kq - 0 20,40,tEBipJ6K,g6g5,-123,68,d4b5,0.0325,0.0271,0.0208,0.0171,d4b5,d4b5,d4b5,d4b5,259.0,0.0325,-0.0154,True,club,03_disagreements_b3,1870,1874,1874,False,True
1R6/2p3kp/2b3p1/2Pp4/5P2/2n1PPKP/8/8 b - - 0 28,56,Eqk7bSjU,d5d4,91,81,g7h6,0.0086,0.0059,0.0049,0.0057,c3e2,c3e2,c3e2,c3d1,142.0,0.0086,-0.0029,True,club,03_disagreements_b3,2063,2031,2031,False,True
4rk1r/4bqp1/Q3b2p/1p6/5P2/B1P5/P5PP/RN3R1K b - - 0 24,48,pTYo2tJT,b5b4,228,252,f8g8,0.0333,0.0188,0.0116,0.009,e7a3,e7a3,e7a3,e7a3,398.0,0.0333,-0.0243,True,club,03_disagreements_b3,1967,1827,1827,False,True
4r1k1/4r1p1/7p/5Q2/3R3N/2P3qP/P3b1P1/R6K b - - 6 34,68,pTYo2tJT,e2h5,338,275,e7f7,0.0136,0.0206,0.0222,0.0219,g3c3,g3c3,g3c3,g3c3,338.0,0.0222,0.0083,True,club,03_disagreements_b3,1967,1827,1827,False,True
r2qk1nr/1b4pp/p1nb1p2/1p2pP2/3pN1P1/PQ1P1N2/1P1BP1BP/2R1K2R b Kkq - 2 14,28,fU1Rwbwm,d8d7,-265,31,d6c7,0.0415,0.037,0.0339,0.0354,g8e7,g8e7,g8e7,g8e7,373.0,0.0415,-0.0061,True,club,03_disagreements_b3,1875,1831,1831,False,True
1r3r1k/p3n1pp/3b4/8/2BPQ1b1/6Pq/PPP2P1P/R1B1R1K1 b - - 4 20,40,GicASe92,f8f2,546,239,g4f3,0.0179,0.0096,0.0067,0.0072,g4f3,g4f3,g4f3,g4f3,229.0,0.0179,-0.0107,True,club,03_disagreements_b3,1968,2020,2020,False,True
1b3r1k/p5pp/2q5/3n3r/3B4/2PB1bP1/PP3P1P/R3RQK1 b - - 1 32,64,GicASe92,h5h2,521,156,c6h6,0.0176,0.02,0.0205,0.0202,c6h6,c6h6,c6h6,c6h6,319.0,0.0205,0.0026,True,club,03_disagreements_b3,1968,2020,2020,False,True
b1r3k1/4Qp1p/p3p1p1/3r4/BB1b4/8/5PPP/3R1RK1 b - - 7 26,52,S8aYciER,h7h6,-691,13,g8g7,0.0024,0.0018,0.0019,0.0027,c8c4,c8d8,c8d8,c8d8,440.0,0.0027,0.0003,True,club,03_disagreements_b3,1966,2075,2075,False,True
r5k1/1bpn1pb1/1p1p2pp/3P4/1PP1P3/2q2N1P/2B2PP1/R1QR2K1 b - - 0 32,64,ni1mMjtN,c3a1,445,94,a8a1,0.015,0.0123,0.0092,0.0073,a8a1,a8a1,a8a1,a8a1,115.0,0.015,-0.0077,True,club,03_disagreements_b3,1861,1909,1909,False,True
2k1rr2/3b4/2pq1p2/p2p3p/Pp1P2pP/1B2b3/1PP3P1/1KNR1Q1R b - - 5 28,56,O2LPNC19,c8b8,289,3,c8b7,0.0031,0.0043,0.005,0.0063,f6f5,f6f5,f6f5,e8e4,198.0,0.0063,0.0032,True,club,03_disagreements_b3,2448,2439,2439,False,True
4rr2/1kq5/2b2p2/p6R/Pp4pP/1B1Qb3/1PP3P1/1K5R b - - 0 34,68,O2LPNC19,e8e7,270,11,e3b6,0.0039,0.0047,0.0061,0.0081,c6g2,c6g2,c6g2,c6g2,251.0,0.0081,0.0042,True,club,03_disagreements_b3,2448,2439,2439,False,True
r2qkb1r/pp1b1ppp/5n2/nB1Pp1N1/Q7/2N5/PP3PPP/R1B1K2R b KQkq - 4 10,20,SirYhv3C,a8c8,-88,40,d7b5,0.0135,0.0093,0.0102,0.0181,d7b5,d7b5,d7b5,f8e7,149.0,0.0181,0.0046,True,club,03_disagreements_b3,1880,1807,1807,False,True
r2qkb1r/pp1n1ppp/8/nQ1Pp1N1/1P6/2N5/P4PPP/R1B1K2R b KQkq - 0 12,24,SirYhv3C,d8c8,-56,3,d8c7,0.0025,0.0011,0.0007,0.0008,a7a6,a7a6,a7a6,a7a6,312.0,0.0025,-0.0017,True,club,03_disagreements_b3,1880,1807,1807,False,True
r3k2r/3n1ppp/pq6/3Pp3/Q7/2b5/P2N1PPP/1R3RK1 b kq - 1 20,40,SirYhv3C,b6g6,121,16,b6d6,0.0234,0.0155,0.0101,0.0074,b6d6,b6d6,b6d6,b6d6,154.0,0.0234,-0.016,True,club,03_disagreements_b3,1880,1807,1807,False,True
r5kr/1R3Np1/pn2q2p/4p3/3b4/Q7/P4PPP/3R2K1 b - - 0 28,56,SirYhv3C,b6d5,308,26,b6c4,0.0182,0.0181,0.0208,0.031,e6f7,e6f7,e6f7,e6f7,308.0,0.031,0.0128,True,club,03_disagreements_b3,1880,1807,1807,False,True
r4r1k/1b2B1p1/p1qp3p/1ppn4/5p1P/P2P1R2/BPP2QP1/4R2K b - - 1 24,48,C6QXwuOr,f8f5,269,4,a8e8,0.0438,0.0342,0.0296,0.0356,d5e7,d5e7,d5e7,d5e7,171.0,0.0438,-0.0082,True,club,03_disagreements_b3,2185,2259,2259,False,True
5r1k/1b4p1/p1qp3p/1ppn4/5p1P/P2P1R2/BPP1Q1P1/4R2K b - - 1 26,52,C6QXwuOr,c6c8,-40,56,d5e3,0.0076,0.0052,0.0034,0.0022,d5e3,d5e3,d5e3,d5e3,174.0,0.0076,-0.0054,True,club,03_disagreements_b3,2185,2259,2259,False,True
7k/1b4p1/p1qp3p/1pp2r1P/5p2/P2PnR2/BPP1Q1P1/4R1K1 b - - 2 28,56,C6QXwuOr,c5c4,390,114,f5g5,0.0208,0.0133,0.0108,0.0118,f5h5,f5h5,f5h5,f5h5,725.0,0.0208,-0.009,True,club,03_disagreements_b3,2185,2259,2259,False,True
3q2k1/pp3ppp/5n2/1P1p2r1/P1r5/4P1NP/3B1P2/R2Q1RK1 b - - 2 20,40,TsQNYHDh,d8c8,0,0,f6h5,0.0078,0.005,0.0037,0.0036,c4h4,c4h4,c4h4,c4h4,161.0,0.0078,-0.0042,True,club,03_disagreements_b3,1959,2007,2007,False,True
r3k2r/pp2b1pp/2p2p2/q7/3Pp3/P3P1B1/1P3PPP/2RQ1RK1 b kq - 2 16,32,OUFjMwrJ,a5d5,-27,97,e8g8,0.0205,0.0282,0.0328,0.049,e8g8,e8g8,e8g8,e8g8,381.0,0.049,0.0285,True,club,03_disagreements_b3,1931,1848,1848,False,True
r3rb2/1b3p1k/p3q2p/np2p1PN/4R1P1/2P2Q2/PP3PN1/R1B3K1 b - - 4 26,52,g5WFmMFS,f8e7,27,17,e8e7,0.0209,0.0191,0.019,0.0243,b7e4,b7e4,b7e4,b7e4,320.0,0.0243,0.0034,True,club,03_disagreements_b3,2138,2084,2084,False,True
r4b1k/1b2rp2/p3qN1p/np2p1P1/4R1PN/2P2Q2/PP3P2/R1B3K1 b - - 8 28,56,g5WFmMFS,a8d8,-172,83,a5c4,0.0226,0.016,0.0165,0.0284,b7e4,b7e4,b7e4,b7e4,563.0,0.0284,0.0058,True,club,03_disagreements_b3,2138,2084,2084,False,True
2kr1b1r/ppp1pppp/2n1qn2/8/Q7/P1N1BN2/1P2BPPP/R3R1K1 b - - 11 16,32,fSE0dJ8h,e6g4,-570,25,f6g4,0.0119,0.0077,0.0045,0.0021,a7a6,a7a6,a7a6,a7a6,112.0,0.0119,-0.0098,True,club,03_disagreements_b3,2090,2014,2014,False,True
r2qk2r/pp1n1ppp/2p1pnb1/3p4/3P4/3BP1B1/PPPN1PPP/R2QK2R b KQkq - 2 10,20,uMfoevQ8,c6c5,7,7,d8e7,0.0166,0.0138,0.0166,0.022,f6e4,f6e4,f6e4,f6e4,111.0,0.022,0.0054,True,club,03_disagreements_b3,1959,1974,1974,False,True
2kq2rr/pp3p2/2p1pn2/2PpB1pp/1P1Pb3/3BP3/P4PPP/R2Q1RK1 b - - 0 18,36,uMfoevQ8,f6g4,-299,14,g5g4,0.0367,0.0212,0.0156,0.0097,h8h6,h8h6,h8h6,h8h6,118.0,0.0367,-0.027,True,club,03_disagreements_b3,1959,1974,1974,False,True
r2q1rk1/5ppp/2ppb3/p1p1n3/N1P1P3/1P3P2/PQ2B1PP/2R2RK1 b - - 2 20,40,JtUDJS8K,g7g5,-63,37,f7f5,0.0073,0.0035,0.0023,0.003,a8b8,a8b8,d8g5,a8b8,255.0,0.0073,-0.0043,True,club,03_disagreements_b3,2014,1956,1956,False,True
4r1k1/6pp/2pRb3/p1p1nr2/N1P4q/1P3PP1/PQ2B2P/5RK1 b - - 0 24,48,JtUDJS8K,f5g5,-110,108,h4h3,0.009,0.0085,0.0071,0.0052,h4h3,h4h3,h4h3,h4h3,154.0,0.009,-0.0038,True,club,03_disagreements_b3,2014,1956,1956,False,True
2b3B1/1p1k2bp/2pP2p1/2B1pp2/1P4P1/P4P2/5K1P/8 b - - 1 28,56,zilDhbfx,d7e8,-12,74,h7h5,0.0186,0.0098,0.0065,0.0077,h7h6,h7h6,h7h6,h7h6,204.0,0.0186,-0.0109,True,club,03_disagreements_b3,1801,1813,1813,False,True
2r3k1/2P2ppp/4pbN1/p7/5B2/P6P/5PP1/R5K1 b - - 0 26,52,M4H5ANRp,c8c7,-549,72,h7g6,0.0004,0.0001,0.0,0.0,f6a1,f6a1,f6a1,f6a1,251.0,0.0004,-0.0004,True,club,03_disagreements_b3,1988,1913,1913,False,True
rnbr2k1/pp3ppp/5q2/2P1p3/8/2PB1N2/PPQ2PPP/R3K2R b KQ - 1 12,24,0a7yUn2z,b8a6,-100,54,c8g4,0.0076,0.0034,0.0018,0.0013,g7g6,g7g6,g7g6,h7h6,120.0,0.0076,-0.0063,True,club,03_disagreements_b3,1915,1937,1937,False,True
r4rk1/5p1p/p3p1p1/1p4Q1/5R2/1P4PK/1P2q3/2R5 b - - 3 26,52,m4MPT3DT,a8d8,525,21,e2b2,0.0186,0.0154,0.0169,0.0214,e2b2,e2h5,e2h5,e2h5,170.0,0.0214,0.0028,True,club,03_disagreements_b3,1844,1914,1914,False,True
r4r2/5pkp/p3p1p1/1p4Q1/5R2/1P4PK/1q5R/8 b - - 3 28,56,m4MPT3DT,b2a1,489,4,b2c3,0.0044,0.0066,0.0148,0.0329,b2b3,b2b3,b2b3,b2b3,200.0,0.0329,0.0285,True,club,03_disagreements_b3,1844,1914,1914,False,True
r6r/5pkp/p3p1p1/1p4Q1/7R/1Pq3PK/5R2/8 b - - 7 30,60,m4MPT3DT,a8e8,369,46,f7f5,0.0055,0.0065,0.0066,0.007,c3b3,c3b3,h7h6,h7h6,199.0,0.007,0.0015,True,club,03_disagreements_b3,1844,1914,1914,False,True
b5k1/p1p1q1pp/4Pp2/5P1N/1rpQ4/1P6/P1P3PP/4R1K1 b - - 0 26,52,6baxvakI,a8c6,-321,17,c4b3,0.0195,0.013,0.0108,0.0119,c4b3,c4b3,c4b3,c4b3,153.0,0.0195,-0.0076,True,club,03_disagreements_b3,1887,1974,1974,False,True
r3kb1r/p2nqppp/8/8/Q4B2/5P2/PPP2P1P/2KRR3 b kq - 1 18,36,mAiGkzuY,a8d8,-895,263,e7e1,0.0468,0.0349,0.0277,0.0255,e7e1,e7e1,e7e1,e7e1,1104.0,0.0468,-0.0213,True,club,03_disagreements_b3,2217,2021,2021,False,True
rn1q2k1/1pp2rpn/pb1p3p/7b/2BP4/2N1BN1P/PP3PP1/R2Q1RK1 b - - 1 14,28,4kDP9D99,b6a5,-251,43,d6d5,0.0054,0.0023,0.0016,0.0016,h5f3,h5f3,h5f3,h5f3,251.0,0.0054,-0.0038,True,club,03_disagreements_b3,1830,1825,1825,False,True
q3kb1r/5ppp/2n5/1pP1p3/6b1/1QPP1N2/3N1PPP/2B2RK1 b k - 1 16,32,7YYmkl33,f8e7,-281,17,a8b7,0.0134,0.0219,0.0281,0.0242,f8c5,f8c5,f8c5,f8c5,112.0,0.0281,0.0108,True,club,03_disagreements_b3,1867,1880,1880,False,True
2q1r3/4kp2/p1r1b2Q/1p6/1P6/P2B4/5PP1/3R1RK1 b - - 0 28,56,f8Xs91KI,c8b8,-333,12,e8h8,0.0017,0.0019,0.0019,0.0018,e8h8,e8h8,e8h8,e8h8,202.0,0.0019,0.0001,True,club,03_disagreements_b3,1885,1810,1810,False,True
rn2kbnr/pp3ppp/2p1b3/4p3/4N2q/5B2/PPP1PP1P/R1BQK1NR b KQkq - 3 8,16,QZErEoeO,h4e7,244,21,f8b4,0.0204,0.0257,0.0242,0.0161,e6d5,e6d5,b8d7,b8d7,595.0,0.0257,-0.0043,True,club,03_disagreements_b3,1978,1981,1981,False,True
8/p6p/1p3k2/2b5/7R/2P2P2/P4r1P/R3K3 b - - 1 32,64,QZErEoeO,f6g6,-233,24,f2g2,0.0258,0.0269,0.0295,0.0332,f2f3,f2f3,f2f3,f2f3,127.0,0.0332,0.0074,True,club,03_disagreements_b3,1978,1981,1981,False,True
r5nk/1np1qr1p/p2p1p2/1b1PpP2/1P2P2Q/2N1B2R/P1B2KP1/7R b - - 1 26,52,cNuU67ch,c7c5,-384,6,c7c6,0.0454,0.0359,0.0377,0.0437,b7d8,b7d8,b7d8,b7d8,144.0,0.0454,-0.0017,True,club,03_disagreements_b3,2025,2060,2060,False,True
6k1/p2n3p/1p2p1p1/2bpP3/5PP1/7P/r1NR3K/2B5 b - - 4 34,68,w3JeNXua,g6g5,450,37,b6b5,0.0333,0.0139,0.0067,0.0054,c5e3,c5e3,c5e3,c5e3,659.0,0.0333,-0.0279,True,club,03_disagreements_b3,1856,1885,1885,False,True
rn5r/pN2kppp/2p1p3/8/2BP1n2/8/PPP2PPP/2KRR3 b - - 0 16,32,sx8Vnsbr,a7a5,-223,81,g7g6,0.0052,0.0107,0.0193,0.0245,f4g2,f4g2,f4g2,f4g2,115.0,0.0245,0.0193,True,club,03_disagreements_b3,1923,1930,1930,False,True
2r4k/ppr2pb1/4pBp1/4P2p/3PNQ1P/q7/6P1/5RK1 b - - 3 34,68,Uq9X0RHP,h8g8,0,0,a3f8,0.0349,0.0374,0.0343,0.031,c7c1,c7c1,c7c1,c7c1,1998.0,0.0374,-0.0039,True,club,03_disagreements_b3,2107,2063,2063,False,True
r1b2rk1/pp2qppp/2np4/4n3/2BN1P2/8/PPP3PP/RN1QR1K1 b - - 0 12,24,8JvbRr1y,d6d5,22,24,c6d4,0.0151,0.0096,0.0068,0.0051,c6d4,c6d4,c6d4,c8g4,112.0,0.0151,-0.01,True,club,03_disagreements_b3,1833,1911,1911,False,True
6k1/2pq1ppp/8/2QPp2b/2B1P3/r4P1P/6P1/3R2K1 b - - 0 30,60,s7DGQ9xo,d7d6,-67,107,a3a8,0.012,0.013,0.0133,0.0143,a3c3,a3c3,a3c3,a3c3,442.0,0.0143,0.0023,True,club,03_disagreements_b3,1818,1854,1854,False,True
2krr3/pp4p1/2p2p2/1B2qP2/PPQn2PB/7p/1P3P1P/R4R1K b - - 1 22,44,EVcwt1CR,e5f4,-258,47,d4b5,0.0389,0.0385,0.0383,0.0392,e5e4,e5e4,e5e4,e5e4,124.0,0.0392,0.0003,True,club,03_disagreements_b3,2397,2451,2451,False,True
r1b1k1nr/pp1n1ppp/1qp5/4P3/4P3/2B1bN2/PPP1Q1PP/RN2KB1R b KQkq - 8 10,20,3OK6vifm,d7f8,-219,50,g8h6,0.01,0.0115,0.0144,0.0258,d7c5,g8e7,g8e7,g8e7,204.0,0.0258,0.0158,True,club,03_disagreements_b3,1897,1895,1895,False,True
r4rk1/ppq2ppp/2pNb2n/4P3/4Pb2/2Q2N1P/PPP3P1/1K1R1B1R b - - 4 18,36,3OK6vifm,g8h8,-266,8,b7b5,0.0025,0.0049,0.0067,0.0077,a8d8,a8d8,a8d8,b7b5,117.0,0.0077,0.0052,True,club,03_disagreements_b3,1897,1895,1895,False,True
rn2k2r/1pq2pp1/2pbp3/p5Pp/2BPb1P1/2P1BN2/PP3PN1/R2Q1RK1 b kq - 0 16,32,cwPDZ42G,e4f3,507,218,h5g4,0.017,0.0052,0.0017,0.001,h5g4,h5g4,h5g4,h5g4,224.0,0.017,-0.016,True,club,03_disagreements_b3,2048,2054,2054,False,True
3r2k1/pp3pp1/4b2p/2P1Pp2/1Pq5/P1Nr4/5PPP/R1R1Q1K1 b - - 8 24,48,9bfLZga5,g8h7,60,6,c4d4,0.0018,0.0013,0.0008,0.0009,c4b3,c4d4,c4d4,c4d4,112.0,0.0018,-0.0009,True,club,03_disagreements_b3,1840,1801,1801,False,True
r7/2k2p2/3p4/2p1b1p1/P1PpP1K1/6P1/R3BP2/8 b - - 2 32,64,VnVWpPZZ,a8g8,-19,2,f7f6,0.0267,0.0214,0.0157,0.0153,f7f6,f7f6,f7f6,f7f6,117.0,0.0267,-0.0114,True,club,03_disagreements_b3,2312,2142,2142,False,True
2r4k/p4p1p/1p5q/2p1pP2/P2pPn2/2PP4/1P3PQ1/R3RK2 b - - 0 30,60,h8j0q4gq,h6h5,1989,1244,f4g2,0.0002,0.0001,0.0001,0.0001,f4g2,f4g2,f4g2,f4g2,1207.0,0.0002,-0.0001,True,club,03_disagreements_b3,2084,2078,2078,False,True
8/1p1k1p1p/p3p1p1/8/1PP2P2/3K2P1/P6P/8 b - - 0 32,64,FIEVMUUv,h7h6,-70,65,d7c6,0.0015,0.0014,0.0025,0.0032,d7c6,d7c6,d7c6,d7c6,168.0,0.0032,0.0017,True,club,03_disagreements_b3,1877,1919,1919,False,True
r3kb1r/2qn1p2/pp1p1n1p/2p2Pp1/2PPP3/1B2BQ1P/PP1N2P1/2R2RK1 b kq - 1 18,36,xWAfSWua,a8d8,-184,17,a8b8,0.009,0.0104,0.0136,0.0148,c5d4,e8c8,f8g7,f8g7,237.0,0.0148,0.0058,True,club,03_disagreements_b3,1868,1808,1808,False,True
8/5pk1/Q4n1p/5Pp1/2P5/1B1r3P/P4BP1/q4NK1 b - - 0 32,64,xWAfSWua,d3b3,201,504,a1e5,0.0273,0.036,0.0398,0.0433,d3d1,f6e4,f6e4,f6e4,522.0,0.0433,0.016,True,club,03_disagreements_b3,1868,1808,1808,False,True
rn2kbnr/pp2ppp1/2p3p1/3p4/3P1B2/2P1PN2/Pq3PPP/RN1Q1RK1 b kq - 1 8,16,HxXXSiLn,b8d7,-19,3,b2a1,0.0024,0.0039,0.0093,0.0275,b2a1,b2a1,b2a1,b2a1,181.0,0.0275,0.0251,True,club,03_disagreements_b3,2126,2173,2173,False,True
2r5/1RP3pk/r3ppp1/8/3P1bP1/5N2/2Q2PKP/8 b - - 0 30,60,HxXXSiLn,a6a1,-566,43,h7h6,0.0155,0.0137,0.014,0.0203,a6a8,a6a8,a6d6,a6d6,150.0,0.0203,0.0048,True,club,03_disagreements_b3,2126,2173,2173,False,True
2r5/1RP3p1/r3p1pk/5P2/3P1b1N/8/2Q2PKP/8 b - - 0 32,64,HxXXSiLn,c8c7,-671,45,g6f5,0.0108,0.0073,0.0048,0.0033,e6f5,e6f5,e6f5,g6f5,160.0,0.0108,-0.0075,True,club,03_disagreements_b3,2126,2173,2173,False,True
2r2rk1/pb3ppp/1p1qp3/1NP5/2Q2P2/4B3/PPP3PP/R5K1 b - - 1 18,36,J8WPgj0X,d6b8,251,68,d6c6,0.0137,0.0127,0.0126,0.0128,d6c6,d6c6,d6c6,d6c6,127.0,0.0137,-0.0009,True,club,03_disagreements_b3,1823,1828,1828,False,True
r3nrk1/pb1n2pp/1p1qp3/3p1p2/2pP4/2P1PB1P/PP1N1PPN/R2QR1K1 b - - 1 14,28,soE8Z69e,d6c7,6,6,e8f6,0.002,0.0013,0.001,0.0008,e8f6,e8f6,e8f6,e8f6,125.0,0.002,-0.0012,True,club,03_disagreements_b3,1903,1862,1862,False,True
2krr3/pppq1p2/5b1p/3pPbp1/8/2P1PN1P/PP2BPP1/R2QK2R b KQ - 0 14,28,yUrq5vAk,f6h8,-21,14,f6e5,0.0006,0.0006,0.0007,0.0008,f6e5,f6e5,f6e5,f6e5,100.0,0.0008,0.0002,True,club,03_disagreements_b3,1854,1828,1828,False,True
6nr/1kpq1rb1/ppn1p1bp/1P1pP1p1/P2P4/B1P1N2P/3NQPP1/R4RK1 b - - 0 22,44,EDDuyIX1,c6a7,134,139,c6b8,0.0185,0.0163,0.0139,0.0088,a6b5,a6b5,a6b5,a6b5,364.0,0.0185,-0.0097,True,club,03_disagreements_b3,1931,1871,1871,False,True
5rk1/pp2bpp1/b3p3/4N2Q/P2P4/1Pr4P/5PP1/4R1K1 b - - 0 24,48,Gmnt46dC,b7b6,-298,34,c3b3,0.0055,0.0043,0.0042,0.0057,c3b3,c3b3,c3b3,c3b3,119.0,0.0057,0.0002,True,club,03_disagreements_b3,1813,1842,1842,False,True
2kr3r/ppp2pp1/1bpqbn2/6Bp/4P3/2PP1N1P/PP2BPP1/R2QK2R b KQ - 4 12,24,qpfEn980,f6e4,55,311,d8e8,0.003,0.0024,0.0026,0.0056,d6c5,d8e8,d8e8,d8e8,404.0,0.0056,0.0026,True,club,03_disagreements_b3,1936,1968,1968,False,True
3r2k1/p2b2p1/1p3pnp/3Pq3/2R5/1P2N1NP/P4PP1/2Q3K1 b - - 1 34,68,FTsfIfBv,f6f5,4,194,d7b5,0.0345,0.0279,0.0271,0.0295,g6f4,g6f4,g6f4,g6f4,193.0,0.0345,-0.005,True,club,03_disagreements_b3,1891,1921,1921,False,True
rn2kbnr/2q2pp1/4p1p1/1p1pP1B1/p1pP3N/P1P4P/1PQN1PP1/R4RK1 b kq - 1 14,28,OYzAvJyd,e8d7,-98,8,b8c6,0.0041,0.0043,0.0038,0.0035,f8e7,f8e7,f8e7,f8e7,134.0,0.0043,-0.0006,True,club,03_disagreements_b3,1800,1802,1802,False,True
r3kbnr/3n1ppp/1Pp1b3/R3P3/2N1P3/1p6/5PPP/2BK1BNR b kq - 0 12,24,5sC8dwJC,a8d8,79,118,a8a5,0.0454,0.0356,0.0261,0.0234,a8a5,a8a5,a8a5,a8a5,120.0,0.0454,-0.022,True,club,03_disagreements_b3,2012,1998,1998,False,True
4r3/ppR2pk1/6p1/7p/2P2K1P/r5P1/8/8 b - - 0 28,56,gYRw85A5,a3e3,1991,1228,e8e3,0.0293,0.0269,0.0267,0.0374,b7b6,b7b6,b7b6,b7b6,1259.0,0.0374,0.0081,True,club,03_disagreements_b3,1872,1899,1899,False,True
r2qk2r/1pp2pp1/1pnpbn1p/4p3/3PP3/1BN2N2/PPP2PPP/R2Q1RK1 b kq - 0 10,20,GdpZ7NAv,e6g4,68,97,e6b3,0.0228,0.0279,0.0299,0.0324,e5d4,e5d4,e5d4,e5d4,109.0,0.0324,0.0096,True,club,03_disagreements_b3,1841,1866,1866,False,True
r4r2/1p3pk1/1p2q1p1/2pnP3/4NP2/1P4Q1/PP4PP/R2R2K1 b - - 0 24,48,GdpZ7NAv,f8d8,-316,12,d5e7,0.0397,0.0286,0.0254,0.0481,f8h8,f8h8,f8h8,f8h8,117.0,0.0481,0.0084,True,club,03_disagreements_b3,1841,1866,1866,False,True
5r1k/6pp/3RB3/3P4/1p6/r5P1/3P3P/6K1 b - - 0 28,56,oQeBMTRh,a3a8,486,51,f8b8,0.008,0.0077,0.0064,0.0057,b4b3,b4b3,b4b3,b4b3,324.0,0.008,-0.0023,True,club,03_disagreements_b3,1880,1915,1915,False,True
r1b1qr1k/ppp2p2/2np3p/8/2BPN3/2P5/P4PPP/R2QR1K1 b - - 0 16,32,zCR1A2JL,d6d5,-400,1,e8e7,0.0236,0.0103,0.0064,0.0037,f8g8,e8d8,e8d8,e8d8,342.0,0.0236,-0.0199,True,club,03_disagreements_b3,1830,1886,1886,False,True
r3k1r1/p4p2/1p2pBp1/1b2P3/3p1R2/1N1Pn3/PP4PP/R5K1 b q - 1 26,52,yMXcWWMa,g6g5,-79,54,b5d3,0.0317,0.0241,0.0184,0.0158,b5d3,b5d3,b5d3,b5d3,135.0,0.0317,-0.0159,True,club,03_disagreements_b3,2166,2101,2101,False,True
r2q3r/p3kNp1/1pnbp1Bp/2pb4/5P2/1P6/P1P3PP/R1BQ1RK1 b - - 3 16,32,Oh7r6vo2,d8b8,-455,0,d8d7,0.0183,0.0186,0.0176,0.0166,d8f8,d8f8,d8f8,d8f8,102.0,0.0186,-0.0017,True,club,03_disagreements_b3,1981,1992,1992,False,True
5r2/p5R1/kp6/2pb1B1p/6PK/1P6/P1P1n2P/8 b - - 3 34,68,Oh7r6vo2,d5f3,211,6,h5g4,0.0138,0.0108,0.0082,0.0099,h5g4,h5g4,h5g4,h5g4,165.0,0.0138,-0.0039,True,club,03_disagreements_b3,1981,1992,1992,False,True
rnb1kbnr/p1p1pppp/1p6/1N2N3/3Pq3/8/P1P1BPPP/1RBQK2R b Kkq - 4 10,20,6D9nTstZ,e4b7,-397,60,b8a6,0.0125,0.0214,0.0222,0.0212,e4g2,b8a6,b8a6,b8a6,240.0,0.0222,0.0087,True,club,03_disagreements_b3,2006,1990,1990,False,True
r2k1b1r/pp2p2p/6p1/2pPq3/Q1P2pB1/8/PP3P1P/R2K1R2 b - - 3 20,40,qrWQyQWU,b7b5,-65,21,e5d6,0.005,0.0032,0.002,0.0019,e5d4,e5d4,e5d4,e5d4,131.0,0.005,-0.0031,True,club,03_disagreements_b3,2037,2030,2030,False,True
r5k1/pb3ppp/3q3r/2p5/2Ppn1P1/1B6/PP3PP1/R2QRNK1 b - - 3 22,44,9LuktQda,e4f2,523,69,d6g6,0.0211,0.0232,0.0248,0.0317,d6f4,d6f4,d6f4,d6f4,175.0,0.0317,0.0106,True,club,03_disagreements_b3,1995,1914,1914,False,True
2r1kb1r/ppq1pppp/3p4/3P4/2B5/1P3Q1P/P2B1PP1/R4RK1 b k - 4 16,32,1sMyAFrP,c7d7,-592,1,g7g6,0.0175,0.0144,0.0139,0.0132,g7g6,g7g6,g7g6,g7g6,208.0,0.0175,-0.0043,True,club,03_disagreements_b3,1877,1866,1866,False,True
8/pp2Qpkp/2p2pp1/8/1P1P4/2q2NPP/5PK1/2b5 b - - 3 28,56,KDgAPdmP,c3c2,340,54,b7b6,0.0082,0.0057,0.0046,0.0047,c1a3,c1a3,c1a3,c1a3,205.0,0.0082,-0.0035,True,club,03_disagreements_b3,1950,1964,1964,False,True
rnq1r1k1/6bp/5pp1/pR2p3/3PP3/B1P3P1/2Q1NPBP/6K1 b - - 0 22,44,MZZePFc9,g7f8,-18,36,e5d4,0.036,0.03,0.0208,0.0188,e5d4,e5d4,e5d4,e5d4,107.0,0.036,-0.0172,True,club,03_disagreements_b3,1935,1929,1929,False,True
r1b2rk1/ppp2ppn/1b5p/3Pp3/2B1N1q1/PQ4P1/1P3P1P/R1B1R1K1 b - - 2 16,32,mgGZXj1Y,f7f5,352,164,c8f5,0.0163,0.0153,0.0128,0.0084,c8f5,c8f5,c8f5,c8f5,175.0,0.0163,-0.0079,True,club,03_disagreements_b3,1836,1806,1806,False,True
r1bq1rk1/2p1bppp/p3pn2/1p1P4/3P1P1P/2NQ1NP1/PPPB4/2KR3R b - - 0 14,28,XoR8YO1q,b5b4,114,23,f6d5,0.0323,0.0412,0.0455,0.039,e6d5,e6d5,f6d5,f6d5,185.0,0.0455,0.0067,True,club,03_disagreements_b3,1945,1920,1920,False,True
r1bq1rk1/2p1bp1p/p3p1p1/1p1n2N1/3PNP1P/3Q2P1/PPPB4/2KR3R b - - 1 16,32,XoR8YO1q,d5f6,-113,34,f7f5,0.0327,0.0376,0.0326,0.0168,c8b7,c8b7,c8b7,c8b7,183.0,0.0376,-0.0159,True,club,03_disagreements_b3,1945,1920,1920,False,True
4k3/pp3R1R/6p1/4rp2/4b3/7P/PP3PP1/6K1 b - - 0 28,56,RDXazwFt,e5c5,-531,45,e4d5,0.0258,0.0305,0.0374,0.0496,e4d5,e4d5,e4d5,e4d5,164.0,0.0496,0.0238,True,club,03_disagreements_b3,1841,1824,1824,False,True
3r4/6k1/p1R3p1/1pNr1p2/3P3p/2P5/P5PP/3R2K1 b - - 1 28,56,5NM1NuJI,g7f7,-500,7,a6a5,0.0246,0.0189,0.0162,0.0155,a6a5,a6a5,a6a5,a6a5,146.0,0.0246,-0.0091,True,club,03_disagreements_b3,1889,2037,2037,False,True
r3k2r/pp3ppp/8/8/3pP3/7P/PP1KBPP1/R7 b kq - 0 18,36,DaFAvfV9,a8c8,231,55,e8g8,0.0255,0.0195,0.032,0.0465,e8g8,e8g8,e8g8,e8g8,109.0,0.0465,0.021,True,club,03_disagreements_b3,1845,1928,1928,False,True
r3rb1k/pp3npp/2pq1p2/3p4/P2P1N2/BP4Q1/2P2PPP/R3R1K1 b - - 2 20,40,NaU64yUQ,d6a3,444,34,d6d7,0.0091,0.0072,0.0057,0.0056,d6d7,d6d7,d6d7,d6d7,626.0,0.0091,-0.0035,True,club,03_disagreements_b3,2070,2019,2019,False,True
4r1r1/ppQ2nkp/2p2p2/3p4/P2P4/1P5q/2PK1P2/R3R3 b - - 5 34,68,NaU64yUQ,h3f3,435,16,h3h6,0.0123,0.0126,0.0173,0.0295,h3h6,h3h6,h3h6,h3h6,141.0,0.0295,0.0172,True,club,03_disagreements_b3,2070,2019,2019,False,True
6r1/3q1pkp/3p4/3P3p/1r6/1pN2Q1P/1P3PP1/4R1K1 b - - 3 32,64,TVVzpEcA,f7f5,41,19,h5h4,0.0157,0.0142,0.015,0.0203,g7h8,g7h8,g7h8,g7h8,352.0,0.0203,0.0046,True,club,03_disagreements_b3,1917,1876,1876,False,True
r1b1rbk1/pp1n1p2/1qp1pn2/3pP1B1/2PP4/P1NB4/1P3PPP/R2Q1RK1 b - - 0 14,28,yctKKFku,f8g7,-351,3,d5c4,0.0049,0.0064,0.0088,0.0095,f6h7,f6h7,f6h7,f6h7,336.0,0.0095,0.0046,True,club,03_disagreements_b3,1873,1831,1831,False,True
3r2k1/1p6/p1bq1pp1/3P3p/3Q4/PP2N3/5PPP/R5K1 b - - 0 24,48,oII2t5iu,c6e8,-209,23,c6d5,0.0215,0.0171,0.0132,0.015,c6d5,c6d5,c6d5,c6d5,272.0,0.0215,-0.0065,True,club,03_disagreements_b3,1933,1980,1980,False,True
3r2k1/1p6/p4pp1/3N3p/3Q4/qP6/5PPP/3R2K1 b - - 0 26,52,oII2t5iu,d8f8,-691,1,a3b3,0.0036,0.0047,0.0062,0.0075,a3b3,a3b3,a3b3,a3b3,144.0,0.0075,0.0039,True,club,03_disagreements_b3,1933,1980,1980,False,True
5r2/1p3p1k/p1p1q1pp/8/3B2P1/2P2QP1/P1P5/5BK1 b - - 0 26,52,kPQBdYxG,b7b5,-218,27,f7f5,0.0384,0.0312,0.0258,0.02,e6a2,e6a2,e6a2,e6a2,1776.0,0.0384,-0.0184,True,club,03_disagreements_b3,1910,1861,1861,False,True
r4rk1/8/1qp1p1p1/3p1b2/pp1P3R/2P3QP/PP4P1/5R1K b - - 1 30,60,KG0oMQxV,b6b8,295,150,g8g7,0.0036,0.0046,0.0056,0.0075,b4c3,b4c3,b4c3,a8a7,295.0,0.0075,0.0039,True,club,03_disagreements_b3,1903,1974,1974,False,True
6k1/1p4p1/1p4pp/3p3r/3n2q1/4Q1P1/PP3K2/R4B2 b - - 3 26,52,bNRB3hDf,g4f5,828,203,h5h2,0.0194,0.0148,0.0127,0.0118,h5f5,h5f5,h5f5,h5f5,179.0,0.0194,-0.0076,True,club,03_disagreements_b3,1818,1801,1801,False,True
2r4k/pp4b1/6pp/P2R4/6P1/6BP/r4PK1/7R b - - 1 28,56,BCskspb0,c8e8,-40,9,g6g5,0.016,0.021,0.0275,0.0329,c8c2,c8c2,c8c2,c8c2,408.0,0.0329,0.0169,True,club,03_disagreements_b3,2296,2327,2327,False,True
5rk1/p2b1rpp/1q2p2P/1pppP3/5P2/2QBP3/PPP5/2K3RR b - - 0 20,40,JEl253IV,g7g5,-455,92,g7g6,0.002,0.0013,0.0012,0.0017,g7g6,g7g6,g7g6,g7g6,169.0,0.002,-0.0003,True,club,03_disagreements_b3,2563,2010,2010,False,True
3q1r1k/p2b1r2/4p1RP/1pppP3/5P2/4P1Q1/PPP5/2K4R b - - 4 24,48,JEl253IV,d7c8,-867,74,f7h7,0.0013,0.0011,0.0011,0.0014,f8g8,f8g8,f8g8,d8e7,1121.0,0.0014,0.0001,True,club,03_disagreements_b3,2563,2010,2010,False,True
5k1r/p4ppp/2p5/3pbN2/1Q2n1P1/1P5P/P4PK1/r7 b - - 9 28,56,PTrA5mxL,e5d6,-610,3552,f8g8,0.0465,0.0377,0.0301,0.0243,c6c5,c6c5,c6c5,c6c5,1384.0,0.0465,-0.0222,True,club,03_disagreements_b3,1943,1863,1863,False,True
r3r1kb/p2b3p/n1pp1npB/q3P3/1p2PNP1/5P2/PPPQ4/1K1R1BNR b - - 0 16,32,D3c3STWe,f6g4,-363,15,d6e5,0.0048,0.0038,0.0029,0.0024,d6e5,d6e5,d6e5,d6e5,256.0,0.0048,-0.0024,True,club,03_disagreements_b3,1865,1936,1936,False,True
r1b1k2r/ppp2ppp/1bnp4/8/3PPq2/2P2N2/PP1NBK1P/R5QR b kq - 2 14,28,ZRYtZiFK,c6d4,503,346,c8g4,0.0403,0.0259,0.0185,0.0161,c8g4,c8g4,c8g4,e8g8,355.0,0.0403,-0.0242,True,club,03_disagreements_b3,1930,1809,1809,False,True
5rk1/1p3ppp/p1r5/3Q4/Pq6/7P/1P4P1/4RR1K b - - 0 24,48,Hs62bcGf,c6f6,97,8,b4a4,0.0124,0.0121,0.0105,0.0102,b4b2,b4b2,b4b2,b4b2,2094.0,0.0124,-0.0022,True,club,03_disagreements_b3,1995,2152,2152,False,True
5rk1/pppq2p1/3p1n1p/3P4/2PQ3n/8/P4PPP/R3R1K1 b - - 1 20,40,VSUD0AQl,d7h3,434,97,d7g4,0.0072,0.0058,0.0042,0.0041,h4f5,h4f5,h4f5,h4f5,149.0,0.0072,-0.0031,True,club,03_disagreements_b3,2173,2164,2164,False,True
6k1/3Q2p1/5q1p/1p6/2b5/5BBP/r1P3PK/8 b - - 1 30,60,MZKqWkKR,f6f7,122,2,a2c2,0.008,0.0101,0.0113,0.0152,a2c2,a2c2,a2c2,a2c2,113.0,0.0152,0.0072,True,club,03_disagreements_b3,1863,1834,1834,False,True
r2qk2r/p2nbpp1/1pp1pn1p/2Pp1b2/1P1P4/2N1PN1P/P3BPPB/R2Q1RK1 b kq - 0 12,24,MYkxCzdN,d8c8,-110,11,b6b5,0.0031,0.0032,0.0026,0.0022,b6c5,b6c5,a7a5,a7a5,241.0,0.0032,-0.0009,True,club,03_disagreements_b3,1852,1826,1826,False,True
7r/2p3k1/3q2p1/p2Pp3/Pr6/8/2Q2PPP/2R2RK1 b - - 5 28,56,Txw8PWQl,h8d8,-143,29,b4b7,0.0015,0.0013,0.0013,0.0018,h8c8,h8c8,b4b7,b4b7,151.0,0.0018,0.0003,True,club,03_disagreements_b3,1910,1804,1804,False,True
r1b1k2r/1pb2pp1/p1nqpn2/3pN3/2PP3p/PP1B3P/1B1N1PP1/R2Q1RK1 b kq - 2 14,28,LXzg7kmm,c6d4,-134,31,h8h5,0.0484,0.0336,0.0264,0.0287,c6e5,c6e5,c6e5,c6e5,333.0,0.0484,-0.0197,True,club,03_disagreements_b3,1898,1895,1895,False,True
r1b1k3/1pb2pp1/pq2p3/3pP2r/2PPN2p/PP1B3P/1B4P1/R2Q1R1K b q - 0 18,36,LXzg7kmm,h5f5,-606,76,d5e4,0.0426,0.0242,0.0122,0.0081,d5e4,d5e4,d5e4,d5e4,297.0,0.0426,-0.0345,True,club,03_disagreements_b3,1898,1895,1895,False,True
3r2k1/pp2qppp/2b3n1/1Bp5/P3rP2/4BR1P/1PP2QP1/R6K b - - 7 20,40,VKJjH8U8,e7f6,12,1,d8e8,0.0054,0.0049,0.0047,0.0059,g6h4,c6b5,c6b5,g6h4,184.0,0.0059,0.0005,True,club,03_disagreements_b3,1929,1876,1876,False,True
r2qr1k1/ppbb1pp1/5n1p/4p3/1PN1Pn2/P4N1P/1B3PP1/1BRQR1K1 b - - 2 18,36,vEzzBlWE,d8b8,-67,8,f4g6,0.0085,0.0126,0.0232,0.0322,d7b5,d7b5,d7b5,d8e7,144.0,0.0322,0.0237,True,club,03_disagreements_b3,1870,1850,1850,False,True
2rr2k1/1p2qp2/p3p1p1/2P5/3nP3/1BQ4P/P4RP1/5RK1 b - - 1 28,56,oFkXEMs7,d8d7,163,14,c8c5,0.011,0.0123,0.0107,0.0087,c8c5,c8c5,c8c5,c8c5,162.0,0.0123,-0.0023,True,club,03_disagreements_b3,1834,2300,2300,False,True
r5r1/p2kqp1p/1p2p3/3pQ3/5P2/1P2P3/P1bP2PP/R1B2RK1 b - - 0 22,44,ksBi1qh3,g8g2,579,266,c2e4,0.002,0.0025,0.0036,0.0063,c2e4,c2e4,c2e4,c2e4,604.0,0.0063,0.0043,True,club,03_disagreements_b3,2079,2008,2008,False,True
3r2k1/pp3ppp/1b6/5b2/1P1n4/Pq2R2P/3B1PP1/RNK1N3 b - - 10 22,44,vue9tOxj,d4e2,1987,1044,d8c8,0.04,0.0304,0.0245,0.0186,b3c4,b3c4,b3c4,b3c4,879.0,0.04,-0.0214,True,club,03_disagreements_b3,1956,2014,2014,False,True
1r3rk1/2q1ppbp/R1n2n2/1p1pNp2/2pP1P2/2P1PN1P/1P4P1/2BQ1RK1 b - - 1 18,36,ILuEAZt5,c6a5,78,28,c6e5,0.0354,0.0288,0.028,0.037,c6e5,c6e5,c6e5,c6e5,132.0,0.037,0.0016,True,club,03_disagreements_b3,2115,2122,2122,False,True
r1bq1rk1/pp2p1bp/1np1P1p1/8/2P2Bn1/2N2N2/PP2Q1PP/2KR1B1R b - - 0 14,28,7HrdWM5v,b6d5,-36,160,d8e8,0.0182,0.0206,0.0237,0.0178,d8e8,d8e8,d8e8,d8e8,179.0,0.0237,-0.0004,True,club,03_disagreements_b3,2135,2043,2043,False,True
5rk1/pR3pbp/q1p3p1/8/P7/1Q6/6PP/1R5K b - - 3 30,60,i6E9ILlW,g7f6,-80,0,c6c5,0.0157,0.0119,0.009,0.0081,a6e2,a6e2,a6e2,a6e2,132.0,0.0157,-0.0076,True,club,03_disagreements_b3,2237,2269,2269,False,True
5rk1/pR3pbp/6p1/1Pp5/8/8/6PP/1R5K b - - 0 32,64,i6E9ILlW,g7e5,-240,4,c5c4,0.0098,0.0069,0.0048,0.004,f8a8,f8a8,f8a8,g7d4,124.0,0.0098,-0.0058,True,club,03_disagreements_b3,2237,2269,2269,False,True
3r4/p2Pq1k1/1pR1B1p1/4p2p/3pPp1b/1Q1P1P1P/6P1/7K b - - 2 34,68,KI8KrDsR,g7f8,-36,2,h4f6,0.0168,0.0136,0.0112,0.0103,d8d7,h4g3,h4g3,h4g3,137.0,0.0168,-0.0065,True,club,03_disagreements_b3,1995,2130,2130,False,True
8/pp3p1k/4pP1p/1p1pP2P/1P6/4KP1R/P1r5/8 b - - 4 34,68,fmrW4SEg,c2c8,0,0,c2a2,0.0007,0.0004,0.0003,0.0003,c2a2,c2a2,c2a2,c2a2,404.0,0.0007,-0.0004,True,club,03_disagreements_b3,1884,1905,1905,False,True
6k1/6pp/p1rbRr2/5P2/1pNp2P1/3P3P/P1P5/4R1K1 b - - 0 30,60,XVHQkxSs,d6c7,-342,1,d6g3,0.0017,0.0013,0.001,0.001,f6e6,f6e6,f6e6,f6e6,237.0,0.0017,-0.0007,True,club,03_disagreements_b3,2089,2020,2020,False,True
r2q1rk1/1b1p1pp1/pp2p2p/3P2b1/1P2P3/PnNB3P/RB3PP1/3R1QK1 b - - 4 18,36,Eisn7bCE,e6e5,-120,1,e6d5,0.0337,0.0358,0.0308,0.0202,b3d4,b3d2,b3d2,b3d2,200.0,0.0358,-0.0135,True,club,03_disagreements_b3,2086,1900,1900,False,True
5rk1/3pQp2/1p4Bp/3P4/1P6/P4R1P/5PPK/2q5 b - - 0 32,64,Eisn7bCE,c1g5,-947,266,c1c7,0.0217,0.019,0.015,0.0155,c1c7,c1c7,c1c7,c1c7,1034.0,0.0217,-0.0062,True,club,03_disagreements_b3,2086,1900,1900,False,True
4r2k/p3b1p1/1p5p/2p5/3pNp2/Pq1P3P/1P2QPP1/2R1R2K b - - 5 28,56,np4jNtsH,f4f3,-497,32,e8f8,0.0128,0.014,0.0144,0.0142,b3f7,b3f7,b3f7,b3f7,205.0,0.0144,0.0014,True,club,03_disagreements_b3,1868,1873,1873,False,True
2r3k1/p1r3p1/3p3p/1p1P1p2/1Pn1p3/PN2P2P/5PP1/R4RK1 b - - 0 24,48,GACj9wgX,g7g6,-40,5,c4b6,0.0228,0.0191,0.0157,0.0122,c4e5,c4e5,c4e5,c4e5,138.0,0.0228,-0.0106,True,club,03_disagreements_b3,1882,1970,1970,False,True
4r3/2p1k1p1/1p2P3/p1pP2rp/P1P5/1P5R/6P1/5RK1 b - - 4 30,60,D8n72brM,c7c6,-388,50,e8f8,0.0354,0.0165,0.0091,0.0062,e8f8,e8f8,e8f8,e8f8,222.0,0.0354,-0.0292,True,club,03_disagreements_b3,1972,2076,2076,False,True
2r5/1pqn1pk1/1r1bp1p1/pP1pN1Pp/3P1P1P/2PQ1R2/P2B4/1R4K1 b - - 2 26,52,RePumEtv,d6e7,0,0,d7f8,0.0206,0.0239,0.0241,0.0252,d7e5,d6e5,d6e5,d7f8,228.0,0.0252,0.0046,True,club,03_disagreements_b3,1985,1952,1952,False,True
3r2k1/5ppp/p3p3/2K4b/5Q2/1P2R3/P1P3q1/8 b - - 9 34,68,nQzx2psN,g2b7,845,177,g2c2,0.0059,0.0059,0.0051,0.0047,g2c2,g2c2,g2c2,g2c2,186.0,0.0059,-0.0012,True,club,03_disagreements_b3,1889,1901,1901,False,True
r2q1rk1/1b1n3p/p3pnpB/1ppP4/3b4/1BNP1Q1P/PPP3PN/R4R1K b - - 2 16,32,YtISx1bg,f6h5,-40,62,f8f7,0.0085,0.0086,0.0088,0.0067,f8f7,f8f7,f8f7,f8f7,360.0,0.0088,-0.0018,True,club,03_disagreements_b3,1900,1852,1852,False,True
r2q2k1/1b1n1r1p/p4npB/1ppN4/3b2N1/1B1P1Q1P/PPP3P1/R4R1K b - - 0 18,36,YtISx1bg,g8h8,-349,47,c5c4,0.0166,0.0209,0.0246,0.029,d4b2,b7d5,b7d5,b7d5,217.0,0.029,0.0124,True,club,03_disagreements_b3,1900,1852,1852,False,True
4rk2/3n1ppp/1bp2n2/pp1p1P2/5PB1/PN1Pr2P/1PP2B1R/2KR4 b - - 1 28,56,0hR1TnTe,h7h5,206,36,e3e7,0.0124,0.0085,0.0075,0.0118,e3e7,e3e7,e3e7,e3e7,205.0,0.0124,-0.0006,True,club,03_disagreements_b3,2012,1993,1993,False,True
b5r1/1q3p1k/p3p2p/1pr2n2/8/PBPP2B1/3Q1RPP/5RK1 b - - 0 28,56,qDvt2Nmu,b7c6,-13,0,g8g7,0.0279,0.0316,0.0359,0.0437,f5g3,f5g3,f5g3,f5g3,567.0,0.0437,0.0158,True,club,03_disagreements_b3,1896,1852,1852,False,True
r3k1nr/p4ppp/1q2p3/2NpP3/8/4BN2/PP3PbP/R2Q2K1 b kq - 1 14,28,Jhz7HU1E,g8e7,-226,12,g2f3,0.0058,0.0047,0.0032,0.0023,g2f3,g2f3,g2f3,g2f3,167.0,0.0058,-0.0035,True,club,03_disagreements_b3,1957,1846,1846,False,True
3r1rk1/1bq1bpp1/p1n1pn1p/1pp1P3/8/PBNP1NQP/1PP3P1/2R2RBK b - - 0 18,36,5OZDBGSF,c6d4,80,45,f6h7,0.031,0.0321,0.037,0.0385,f6h5,f6h5,f6h5,f6d5,246.0,0.0385,0.0075,True,club,03_disagreements_b3,2064,2054,2054,False,True
5rrk/5p2/p3p1p1/1p2P2p/3PR2P/PB1PbRQK/1P4P1/6q1 b - - 4 32,64,5OZDBGSF,e3d2,-105,6,e3d4,0.0325,0.0251,0.0249,0.0306,g1h1,g1h1,g1h1,g1h1,202.0,0.0325,-0.0019,True,club,03_disagreements_b3,2064,2054,2054,False,True
5k1r/r2q1Ppp/pQ1b4/1p6/3P4/2P3P1/PP1B3P/5RK1 b - - 6 22,44,RCZAoJzi,d7c7,441,149,h7h6,0.0374,0.0391,0.0429,0.0407,a7b7,d6c7,d6c7,d6c7,1119.0,0.0429,0.0033,True,club,03_disagreements_b3,1993,1947,1947,False,True
r2qk2r/1b1nn1b1/3p2pp/p1p2P2/1p1PP3/3BBN2/PPPQN3/2KR3R b kq - 0 16,32,4MqEpg3O,c5c4,-177,105,g6g5,0.0071,0.0099,0.0098,0.0075,g6f5,g6f5,g6f5,g6f5,189.0,0.0099,0.0004,True,club,03_disagreements_b3,1900,1915,1915,False,True
5r1k/p2rR1p1/2pp3p/5p2/6b1/2PB4/PPP2PPP/4R1K1 b - - 5 20,40,etyIWFBs,f5f4,-404,42,f8f7,0.0072,0.007,0.007,0.0061,d7e7,d7e7,d7e7,f8d8,139.0,0.0072,-0.0011,True,club,03_disagreements_b3,1944,1930,1930,False,True
rn1qk2r/pbpp1p2/1p5p/3Pp1p1/1bP5/2N3P1/PP3PP1/2RQKBNR b Kkq - 0 10,20,Bw6yCVG3,a7a5,36,14,d7d6,0.012,0.0061,0.0032,0.0052,d7d6,d7d6,d7d6,d7d6,380.0,0.012,-0.0068,True,club,03_disagreements_b3,2088,2137,2137,False,True
rn1qk2r/p1ppbppp/1p2pnb1/3P2B1/2P5/2NB1N2/PP3PPP/R2QK2R b KQkq - 3 8,16,Kyy5VGrI,g6h5,80,33,g6d3,0.0296,0.0355,0.0318,0.0163,e6d5,e6d5,e6d5,e6d5,121.0,0.0355,-0.0133,True,club,03_disagreements_b3,2111,2104,2104,False,True
r1b1Rq1k/1p5B/p1pp2Qp/3n2p1/8/2N5/PPP3PP/7K b - - 9 26,52,NJFQWupL,c8h3,-456,54,c8d7,0.0036,0.005,0.0056,0.0077,f8e8,f8e8,f8e8,c8f5,543.0,0.0077,0.0041,True,club,03_disagreements_b3,1824,1813,1813,False,True
r1b1kbnr/ppppq2p/5p2/4N1B1/2Bp4/8/PPP2PPP/RN1QR1K1 b kq - 0 10,20,oyZNfMhc,h7h5,-740,8,e7e5,0.0005,0.0005,0.001,0.0018,f6e5,f6e5,f6e5,f6e5,135.0,0.0018,0.0013,True,club,03_disagreements_b3,1828,1876,1876,False,True
1rb1R3/pp3kpp/1q6/8/8/2P2N2/PP3PPP/4R1K1 b - - 4 24,48,nTBNC0mq,b6d6,293,66,b6c7,0.0307,0.0336,0.039,0.0451,b6b2,b6b2,b6b2,b6b2,215.0,0.0451,0.0144,True,club,03_disagreements_b3,1969,1970,1970,False,True
1k4r1/pp2b2p/4p1r1/2q1Pp1Q/5P2/P1P3P1/2P3KP/3RR3 b - - 0 28,56,DAT0yDeR,g6g4,530,88,c5c3,0.0054,0.0038,0.0031,0.0032,c5c3,c5c3,c5c3,c5c3,108.0,0.0054,-0.0022,True,club,03_disagreements_b3,1826,1827,1827,False,True
2kr3r/1pp2p2/3bqn2/7p/2P1p1pP/2NPQ1P1/PP4P1/R3NRK1 b - - 1 20,40,ljbMd8FO,d6e5,61,171,b7b6,0.0121,0.0115,0.0122,0.0169,e6e5,b7b6,e4d3,e6e5,252.0,0.0169,0.0048,True,club,03_disagreements_b3,1943,2017,2017,False,True
rnb1kb1Q/ppppq2p/8/7n/3p4/8/PPP1BPPP/RNB1K1NR b KQq - 0 8,16,j8CJz9Hw,d7d5,-494,6,h5f4,0.028,0.0219,0.0144,0.0151,h5f6,h5f6,h5f6,h5f6,103.0,0.028,-0.0129,True,club,03_disagreements_b3,1892,1808,1808,False,True
3r2k1/8/N3p3/p4np1/2p1q3/2P3P1/PRP2P1P/5RK1 b - - 1 32,64,heXKOH1l,f5h4,1044,520,d8d2,0.0318,0.0389,0.0405,0.0319,d8d2,d8d2,d8d2,d8d2,528.0,0.0405,0.0001,True,club,03_disagreements_b3,1958,1953,1953,False,True
6k1/8/4N3/p4np1/2p5/2P2qP1/PRPr1P1P/5RK1 b - - 0 34,68,heXKOH1l,f3c6,335,0,f3g4,0.0032,0.0034,0.0037,0.0049,f5e3,f5e3,f5e3,f5e3,985.0,0.0049,0.0017,True,club,03_disagreements_b3,1958,1953,1953,False,True
r3k2r/pp1b1pp1/q2pp3/7p/P2PQN1P/2P1P3/1P1K1PP1/R6R b kq - 0 16,32,xnDtuSUZ,a8c8,-123,3,e8g8,0.0171,0.0173,0.023,0.0407,d7a4,d7c6,d7c6,d7c6,324.0,0.0407,0.0236,True,club,03_disagreements_b3,1847,1848,1848,False,True
1r2r1k1/1pq2ppp/p4n2/2b1p3/3N4/1PP2PPb/1P1B1Q1P/R1R3K1 b - - 7 24,48,zVrTXGUl,c5b6,664,8,c7b6,0.0049,0.0037,0.0029,0.0027,e5d4,e5d4,e5d4,e5d4,147.0,0.0049,-0.0022,True,club,03_disagreements_b3,1858,1961,1961,False,True
r1b2k1r/ppq2pp1/8/2b5/2P3p1/3P2P1/PP3P1P/RNBQR1K1 b - - 0 14,28,FtvVDWJ1,c5f2,551,665,c7c6,0.0127,0.0109,0.0116,0.0129,c7c6,c7c6,c7c6,c7c6,745.0,0.0129,0.0002,True,club,03_disagreements_b3,2172,2041,2041,False,True
r1b4r/pp2kpp1/2P5/8/6p1/1Q1PBqP1/PP1K1P2/R3R3 b - - 0 24,48,FtvVDWJ1,e7f6,-327,34,c8e6,0.0029,0.0047,0.0077,0.0107,b7c6,f3c6,f3c6,f3c6,516.0,0.0107,0.0078,True,club,03_disagreements_b3,2172,2041,2041,False,True
4r2r/pP1Q2pk/8/8/3B2p1/3P1qP1/PP1K1P2/R7 b - - 2 30,60,FtvVDWJ1,h8g8,-502,273,e8e2,0.0366,0.0262,0.0212,0.0252,f3e2,f3e2,f3e2,f3e2,395.0,0.0366,-0.0114,True,club,03_disagreements_b3,2172,2041,2041,False,True
2kr1b1r/pp2qppp/5nn1/2p5/2P5/P2pP1QP/1P1B1PP1/RN1BK2R b KQ - 5 14,28,lp5gFbTx,e7e6,146,47,f6e4,0.0289,0.0245,0.0201,0.019,f6e4,f6e4,f6e4,f6e4,156.0,0.0289,-0.0099,True,club,03_disagreements_b3,1880,1851,1851,False,True
1k1r4/pp2r1pp/8/2bB4/2P1Pp2/PQK2P2/4q3/1R6 b - - 3 34,68,lp5gFbTx,d8d5,1339,509,e2f3,0.0143,0.013,0.0159,0.0243,e2f3,e2f3,e2f3,e2f3,600.0,0.0243,0.01,True,club,03_disagreements_b3,1880,1851,1851,False,True
6k1/3p1p2/p2r1p1p/8/R2p4/P2K4/2P2PPP/8 b - - 1 26,52,F7fAQ1S0,d6e6,-113,7,g8f8,0.0479,0.028,0.0175,0.0162,f6f5,g8g7,g8g7,g8f8,163.0,0.0479,-0.0317,True,club,03_disagreements_b3,2230,2004,2004,False,True
r4rk1/pp1nppbp/1q1p2p1/5P2/4P1b1/2Pp2P1/PP1P2BP/R1B1QRNK b - - 0 14,28,8egdCLCR,e7e6,43,2,g6f5,0.0369,0.0308,0.0196,0.0112,d7e5,d7e5,d7e5,d7e5,121.0,0.0369,-0.0257,True,club,03_disagreements_b3,2163,2197,2197,False,True
r3r1k1/7p/1p1p1p1b/1N2nP2/6P1/1PPp3P/P2P2K1/R1B2R2 b - - 2 26,52,8egdCLCR,e5c6,-148,1,e5f7,0.0363,0.0259,0.0169,0.0113,a8a5,a8a5,h6f8,h6f8,201.0,0.0363,-0.025,True,club,03_disagreements_b3,2163,2197,2197,False,True
2r1kb1r/p3qpp1/4p2p/2NnPb2/3P1P2/BP2nN2/P2QB1PP/R1R4K b k - 0 20,40,CdgciEaI,f7f6,-396,19,g7g5,0.0392,0.0279,0.0229,0.0221,e7c7,e7c7,e7d8,e7d8,539.0,0.0392,-0.0171,True,club,03_disagreements_b3,1912,1975,1975,False,True
r1bq1rk1/ppp3pp/2nb1n2/4p1N1/3pP3/6P1/PPPNQPBP/R1B2RK1 b - - 1 10,20,gbl2PWmz,d8e8,105,38,h7h6,0.019,0.0204,0.0268,0.0407,c8g4,h7h6,h7h6,h7h6,248.0,0.0407,0.0217,True,club,03_disagreements_b3,2014,1964,1964,False,True
2kr1b1r/p1p2ppp/4n3/1p2N3/8/8/PPP2PPP/R1B1R1K1 b - - 0 16,32,HC54asBJ,f8c5,-5,65,d8d5,0.0454,0.0457,0.0481,0.0478,e6d4,h8g8,h8g8,h8g8,189.0,0.0481,0.0024,True,club,03_disagreements_b3,1921,1955,1955,False,True
1Q6/5ppk/1pr3qp/p2p1n2/3PbP2/P1P4P/1B3RP1/4R1K1 b - - 5 28,56,3FjHQDiV,c6e6,190,42,f5h4,0.0267,0.0254,0.026,0.0318,f5h4,f5h4,f5h4,f5h4,140.0,0.0318,0.0051,True,club,03_disagreements_b3,2046,2121,2121,False,True
r1bq4/p5kp/2pb1rp1/3P1p2/2P2N2/P5P1/5P1P/R1BQR1K1 b - - 0 18,36,6EtW75co,d8b6,-454,30,d6f4,0.0066,0.0058,0.0054,0.0054,c6d5,c6d5,c6d5,c6d5,133.0,0.0066,-0.0012,True,club,03_disagreements_b3,1962,1885,1885,False,True
1r6/5rbk/p2p3p/2pPp2q/1PP3p1/P1B1Q1P1/3R1PKP/R7 b - - 0 32,64,NUz07uk7,h5g6,-66,57,f7f3,0.005,0.0042,0.0033,0.0025,h5h3,h5h3,h5h3,h5h3,121.0,0.005,-0.0025,True,club,03_disagreements_b3,1941,1824,1824,False,True
3r2k1/r5q1/1pnnpb1p/3p2P1/p2P1P1P/P1PQBR2/1P1N4/5RK1 b - - 0 26,52,wH6Efcc4,d8f8,217,3,d6f5,0.008,0.006,0.0044,0.0042,h6g5,h6g5,h6g5,h6g5,150.0,0.008,-0.0038,True,club,03_disagreements_b3,1904,1940,1940,False,True
2r3k1/3R1p2/3Pp2p/3p1p2/3r1P2/5P1P/1R6/6K1 b - - 0 30,60,DJK65wUH,g8g7,257,204,d4f4,0.0138,0.0118,0.0124,0.0151,d4f4,d4f4,d4f4,d4f4,441.0,0.0151,0.0013,True,club,03_disagreements_b3,1846,1811,1811,False,True
r2qr1k1/ppp2ppp/3b2b1/8/4n1PP/2P2Q2/PPB2P2/R1B2K1R b - - 0 16,32,0JP9vSUP,e4g3,656,41,h7h6,0.0499,0.0426,0.0396,0.0375,h7h6,h7h6,h7h6,h7h6,103.0,0.0499,-0.0124,True,club,03_disagreements_b3,1926,1863,1863,False,True
r2qk2r/2pn1ppb/p1N1pn1p/1p6/2BP1bP1/2N4P/PPP1Q3/1K1R3R b kq - 1 14,28,0xgsKnHE,b5c4,197,170,d8c8,0.029,0.0275,0.0316,0.031,d8c8,d8c8,d8c8,d8c8,173.0,0.0316,0.002,True,club,03_disagreements_b3,1847,1903,1903,False,True
1r1qkb1r/1p3ppp/p1npbn2/4p1B1/P1N1P3/2N5/1PP2PPP/R2QKB1R b KQk - 0 10,20,lIsjHaVi,c6b4,-55,15,f8e7,0.0077,0.005,0.0043,0.007,f8e7,f8e7,f8e7,b7b5,203.0,0.0077,-0.0007,True,club,03_disagreements_b3,2337,2213,2213,False,True
r1b1r1k1/ppqn1pbp/5np1/2pP4/P1P5/3BPN2/1BQ2PPP/1R2R1K1 b - - 0 16,32,1RGGcb4E,f6h5,245,10,b7b6,0.0092,0.0076,0.0066,0.0079,d7e5,d7e5,d7e5,d7e5,127.0,0.0092,-0.0013,True,club,03_disagreements_b3,1941,1811,1811,False,True
r4rk1/ppp2ppp/1n6/1PP2b2/7q/3P4/P4PPP/RNBQ1RK1 b - - 0 14,28,tWqunbUY,h4d4,138,104,b6d7,0.0254,0.0263,0.0303,0.0486,b6d5,b6d5,b6d5,b6d5,109.0,0.0486,0.0232,True,club,03_disagreements_b3,2155,2295,2295,False,True
r2q1rk1/pppn1p1p/4pp1b/1Q3b2/3Pp3/2N4P/PPP2PP1/1K1R1BNR b - - 0 10,20,rTmuhne6,h6g7,43,9,d7b6,0.0077,0.0102,0.0092,0.0074,b7b6,d7b6,d7b6,d7b6,308.0,0.0102,-0.0003,True,club,03_disagreements_b3,2040,1930,1930,False,True
2r3k1/1pr2pb1/4p3/p2p2QP/3P4/P2B1N2/P7/1K1R4 b - - 0 28,56,rTmuhne6,e6e5,-725,12,c7c3,0.0112,0.006,0.0038,0.0031,c7c3,c7c3,c7c3,c7c3,1267.0,0.0112,-0.0081,True,club,03_disagreements_b3,2040,1930,1930,False,True
r1bq1rk1/ppp2ppp/1n1bp3/4n3/8/1BP4N/PP1PQPPP/RNB2RK1 b - - 2 10,20,gpNmX8Rs,e5d3,117,99,d8h4,0.0015,0.001,0.0009,0.0009,c8d7,c8d7,c8d7,e5g6,121.0,0.0015,-0.0006,True,club,03_disagreements_b3,2236,2026,2026,False,True
rq2k2r/1p1b1ppp/p2Bp3/3p3P/8/P1Nn4/1P2QPP1/2R1R1K1 b kq - 0 18,36,r9hN2SjF,d3c1,268,119,b8d6,0.037,0.0163,0.0116,0.0078,b8d6,b8d6,b8d6,b8d6,104.0,0.037,-0.0292,True,club,03_disagreements_b3,1938,1959,1959,False,True
r2qkbnr/5ppp/p3p3/2ppPbB1/3P4/5N2/PP3PPP/RN1Q1RK1 b kq - 1 10,20,UnzAXqts,d8d7,9,23,f8e7,0.0076,0.0046,0.0033,0.0026,f8e7,f8e7,d8b6,d8b6,185.0,0.0076,-0.005,True,club,03_disagreements_b3,1863,1910,1910,False,True
r2r2k1/ppp2pp1/2b1pq1p/4n3/8/2P2P2/PPB1QNPP/2KR3R b - - 12 16,32,A6jaJnkd,e5f3,315,75,e5g6,0.0072,0.0061,0.0059,0.005,d8d1,d8d1,d8d1,a7a6,116.0,0.0072,-0.0022,True,club,03_disagreements_b3,2066,2096,2096,False,True
8/8/p1k2pp1/1p2p1b1/8/1Q6/PP1q2PP/3R3K b - - 1 32,64,ECtcZRcy,d2d1,-600,26,d2e3,0.0166,0.0135,0.0106,0.0075,d2e2,d2e2,d2e2,d2e2,1395.0,0.0166,-0.0091,True,club,03_disagreements_b3,2047,2057,2057,False,True
r1bqkb1r/1p1n1ppp/p3pn2/3p4/3P1B2/4PN2/PP1N1PPP/2RQKB1R b Kkq - 2 8,16,rbwEzuUX,d7b8,-112,23,d8a5,0.0016,0.0012,0.0008,0.0007,f8b4,b7b5,b7b5,b7b5,123.0,0.0016,-0.0009,True,club,03_disagreements_b3,1990,1910,1910,False,True
r4rk1/p3npb1/1p2b2p/4p1BQ/8/2P4P/P1B2PPN/R5K1 b - - 0 20,40,dA6N83WP,e5e4,-564,8,e7f5,0.0077,0.004,0.0021,0.0011,h6g5,h6g5,h6g5,h6g5,1435.0,0.0077,-0.0066,True,club,03_disagreements_b3,2195,2126,2126,False,True
r6r/1p1b1pk1/5b2/p1BBqPp1/3P2P1/5Q2/PP4K1/2R4R b - - 0 28,56,hGtTtF92,e5d5,-216,87,e5f4,0.0058,0.0043,0.0032,0.0024,e5f4,e5f4,e5f4,e5f4,108.0,0.0058,-0.0034,True,club,03_disagreements_b3,2100,2077,2077,False,True
r2qr1k1/ppp2pb1/2np2p1/4P2p/5BnP/2PBP3/PPQN1PP1/R3K2R b KQ - 0 12,24,Lab9L6FS,d6d5,-15,2,d6e5,0.0004,0.0002,0.0001,0.0001,d6e5,d6e5,d6e5,d6e5,168.0,0.0004,-0.0003,True,club,03_disagreements_b3,1821,1805,1805,False,True
r3rk2/ppp2p1B/2n2q2/4p2R/6n1/2P1PN2/PPQ2PP1/R3K3 b Q - 0 18,36,Lab9L6FS,f6g7,-267,7,e5e4,0.0352,0.0273,0.0226,0.0265,e5e4,f8e7,f8e7,f8e7,129.0,0.0352,-0.0087,True,club,03_disagreements_b3,1821,1805,1805,False,True
r6k/2q1b1p1/2p1b2p/pp2pr2/8/1P2B2P/1PP1NPPQ/R2R2K1 b - - 1 22,44,H6HWMMSz,f5f6,62,13,e7g5,0.0129,0.0121,0.0073,0.0045,a8f8,a8f8,a8f8,a8f8,107.0,0.0129,-0.0084,True,club,03_disagreements_b3,1839,1846,1846,False,True
2r3k1/5pp1/pq2p2p/1p1pN2N/2r5/P2Q4/1P3PPP/R4RK1 b - - 4 22,44,7IRQIush,b6d8,-553,47,c4c2,0.0021,0.0017,0.0013,0.0009,c4d4,c4d4,c4d4,c4d4,232.0,0.0021,-0.0012,True,club,03_disagreements_b3,1970,1968,1968,False,True
r3k2r/pbqp1pp1/2p2n1p/1pb5/3pP2B/1BPP4/PP3PPP/RN1QR1K1 b kq - 1 12,24,Tv16cpIe,c7f4,-123,64,g7g5,0.0403,0.0327,0.0284,0.0324,e8c8,e8c8,e8c8,e8c8,150.0,0.0403,-0.0079,True,club,03_disagreements_b3,1995,1980,1980,False,True
3rn1k1/ppb1rppp/6n1/2N1Pq2/2Pp1P2/PP1P3P/6BK/R1BQ1R2 b - - 1 22,44,zkmmA79o,e7e5,-134,36,c7e5,0.002,0.0013,0.001,0.0011,b7b6,b7b6,b7b6,b7b6,133.0,0.002,-0.0009,True,club,03_disagreements_b3,1899,1907,1907,False,True
r3k1nr/p1qbppbp/2p3p1/3pP3/3B4/2NQ1N2/PPP2PPP/R4RK1 b kq - 3 12,24,oT52pxfa,d7g4,-108,2,e7e6,0.0412,0.0376,0.0267,0.0139,d7f5,d7f5,d7f5,e7e6,111.0,0.0412,-0.0273,True,club,03_disagreements_b3,2067,2027,2027,False,True
8/pp2r1k1/5pBp/3Kp2P/P1P3P1/1P3P2/8/8 b - - 0 32,64,ULXMZXra,e5e4,-184,52,g7f8,0.021,0.0117,0.0078,0.0071,e7d7,e7d7,e7d7,e7d7,227.0,0.021,-0.0139,True,club,03_disagreements_b3,1941,1925,1925,False,True
2kr2r1/p7/8/3n4/2Nb1p2/P5P1/1P3PK1/1RBR4 b - - 1 26,52,bf0IWXwd,d4f6,-222,47,d4f2,0.0482,0.041,0.0329,0.0355,f4g3,f4g3,f4g3,f4g3,153.0,0.0482,-0.0127,True,club,03_disagreements_b3,2083,2008,2008,False,True
2kr2r1/p7/8/3n4/2N5/P5p1/1P4K1/1RBR4 b - - 1 28,56,bf0IWXwd,g8g7,-365,1,d8f8,0.0187,0.0229,0.027,0.0295,d5f4,d5f4,d5f4,d5f4,251.0,0.0295,0.0108,True,club,03_disagreements_b3,2083,2008,2008,False,True
r1b1kbr1/ppppq1pp/8/4P3/4pB2/8/PPP2PPP/RN1QK2R b KQq - 1 8,16,2RoDajIo,e7f7,-13,42,g7g6,0.0152,0.0181,0.0265,0.0403,g7g5,g7g5,g7g5,g7g5,111.0,0.0403,0.0251,True,club,03_disagreements_b3,1935,1906,1906,False,True
2r1rn1k/1b3p1p/p4Ppq/3NpP2/4P1Q1/1PN3RP/P5BK/3R4 b - - 4 28,56,NxY5Apnf,a6a5,-504,24,c8c5,0.0291,0.0219,0.0165,0.0141,f8d7,f8d7,f8d7,f8d7,155.0,0.0291,-0.015,True,club,03_disagreements_b3,2039,2139,2139,False,True
r1b2rk1/p2n1ppp/2p2n2/R3p2q/1PNPP3/6PP/2QN1PB1/1R4K1 b - - 1 18,36,DstXnlRY,f6e8,-398,6,f8e8,0.0059,0.0065,0.0064,0.0056,e5d4,e5d4,e5d4,e5d4,150.0,0.0065,-0.0003,True,club,03_disagreements_b3,2051,2042,2042,False,True
r4rk1/ppq2ppp/2pb1nn1/4pb2/4PP2/1P4PP/PBPNN1BK/R2Q1R2 b - - 0 14,28,u1b5epNj,f5g4,-221,55,f5c8,0.0097,0.0079,0.0066,0.0052,f5e6,f5d7,f5d7,f5d7,101.0,0.0097,-0.0045,True,club,03_disagreements_b3,1998,1991,1991,False,True
2Rq1rk1/1b2bppp/p3pn2/1p1pn1B1/1N1P4/P2BP3/1P2QPPP/5RK1 b - - 0 16,32,OTdlnbr2,e5f3,-74,361,b7c8,0.0007,0.0032,0.0115,0.0269,d8c8,d8c8,d8c8,d8c8,332.0,0.0269,0.0262,True,club,03_disagreements_b3,1962,2040,2040,False,True
5rk1/3b1ppn/pb2p2p/1p1pP3/5PP1/P2BP3/1P2Q2P/2R4K b - - 0 24,48,OTdlnbr2,b5b4,-426,3,f7f6,0.0041,0.0022,0.0013,0.0009,f8c8,f7f6,f8c8,f8c8,113.0,0.0041,-0.0032,True,club,03_disagreements_b3,1962,2040,2040,False,True
r4k2/pp3Bp1/1qnb1p2/3pP2Q/3P3B/2P2N2/PP3PKP/R4R2 b - - 0 22,44,6UB8e4nA,b6a5,-1071,10,f8e7,0.0006,0.0003,0.0002,0.0002,f6e5,f6e5,f6e5,f6e5,927.0,0.0006,-0.0004,True,club,03_disagreements_b3,1818,1850,1850,False,True
k2n4/pp1Q4/5q2/3B4/3P4/2P5/PP3PKP/R7 b - - 1 34,68,6UB8e4nA,a8b8,-794,6,f6b6,0.0138,0.0096,0.0116,0.0262,f6g5,f6g5,f6g5,f6g5,189.0,0.0262,0.0124,True,club,03_disagreements_b3,1818,1850,1850,False,True
r2q1rk1/pp2ppbp/5np1/2pP4/1nP5/2N1PN2/PB1Q1PPP/R3K2R b KQ - 2 12,24,Vapmqykp,b7b5,67,130,f6e4,0.0214,0.0198,0.016,0.0162,e7e6,e7e6,e7e6,e7e6,202.0,0.0214,-0.0052,True,club,03_disagreements_b3,2152,2075,2075,False,True
r4rk1/2q1ppbp/n5p1/N2P4/2P5/P3PN2/3Q1PPP/1R2K2R b K - 0 18,36,Vapmqykp,a6b8,-132,116,a6c5,0.0174,0.0103,0.0052,0.0032,a6c5,a6c5,a6c5,a6c5,106.0,0.0174,-0.0142,True,club,03_disagreements_b3,2152,2075,2075,False,True
r1b2k1r/ppp1q1p1/3b1nQp/8/3pp3/1B6/PPPN1PPP/R1B2RK1 b - - 3 14,28,gyrHDKUq,c8g4,120,20,c8e6,0.0107,0.0113,0.0124,0.0159,c8e6,c8e6,c8e6,c8e6,132.0,0.0159,0.0052,True,club,03_disagreements_b3,1838,1853,1853,False,True
r1b2rk1/ppp2npp/5q2/3Q4/2B5/5N2/PPP2PPP/2KR3R b - - 2 14,28,pYit6NW9,g8h8,-203,51,c7c6,0.0287,0.0466,0.0432,0.0221,c8e6,c7c6,c7c6,c7c6,124.0,0.0466,-0.0066,True,club,03_disagreements_b3,1966,1917,1917,False,True
r4rk1/p4n1p/3R1p2/1ppB4/8/5P2/PPP2P1P/2K4R b - - 1 20,40,pYit6NW9,f8d8,-159,206,a8d8,0.0334,0.0192,0.0156,0.0125,a8d8,a8d8,a8d8,a8d8,277.0,0.0334,-0.0209,True,club,03_disagreements_b3,1966,1917,1917,False,True
rn3r2/pp3ppk/2p1b1q1/3pP1p1/3PN3/6P1/PP1Q2BP/4RRK1 b - - 5 18,36,6dx2YzbI,g5g4,-100,53,h7g8,0.0143,0.0118,0.0103,0.0087,d5e4,d5e4,d5e4,d5e4,359.0,0.0143,-0.0056,True,club,03_disagreements_b3,1968,1822,1822,False,True
8/3k2p1/5p1p/3N4/PPP5/3bB2P/5KP1/8 b - - 6 32,64,hBamzBmi,g7g5,-677,6,d7d6,0.0016,0.0008,0.0005,0.0005,d3c4,d3c4,d3c4,d3c4,169.0,0.0016,-0.0011,True,club,03_disagreements_b3,1820,1845,1845,False,True
r5k1/2q1rppb/p3p3/2p1P1pP/3p1P2/8/PPPQN3/R3K1R1 b Q - 1 24,48,HTi817Z2,d4d3,179,0,g5f4,0.0188,0.0148,0.0128,0.0121,g5f4,g5f4,g5f4,g5f4,190.0,0.0188,-0.0067,True,club,03_disagreements_b3,1991,1941,1941,False,True
1k5r/1p6/p2p4/N1p1p3/4PbR1/2P5/PP3P1p/3B3K b - - 0 30,60,9KiaX4LM,h8h7,-345,12,f4c1,0.0157,0.0183,0.0224,0.0275,b7b6,b7b6,b8c7,b8c7,239.0,0.0275,0.0118,True,club,03_disagreements_b3,1873,1865,1865,False,True
5rk1/2qb1ppp/4p3/p2pP3/P1pQ1P2/1rP4P/4B1PK/R2R4 b - - 4 22,44,CtMjH6u7,d7c6,195,16,b3b2,0.0205,0.0183,0.0153,0.0115,b3b2,f8b8,f8b8,f8b8,123.0,0.0205,-0.009,True,club,03_disagreements_b3,1832,1869,1869,False,True
r3k2r/pp2pp2/1qnp1bpp/2p2P1n/4P3/PB1PB2P/1PPN1QP1/R3K2R b KQkq - 0 16,32,dhDL1PGg,c6a5,-137,9,f6b2,0.031,0.0237,0.0203,0.0162,f6b2,f6b2,f6b2,f6b2,190.0,0.031,-0.0148,True,club,03_disagreements_b3,1819,1800,1800,False,True
4q3/5pk1/1Q4p1/3B3r/4P1Rb/2P5/PP6/6K1 b - - 0 34,68,8SPaEGUU,e8c8,41,40,e8e5,0.0138,0.0118,0.0117,0.0118,e8e5,e8e5,e8e5,e8e5,194.0,0.0138,-0.002,True,club,03_disagreements_b3,1973,2079,2079,False,True
r1bq1rk1/p1p1bppp/2p5/3pP3/3N2n1/8/PPP2PPP/RNBQR1K1 b - - 0 10,20,sGZxU89a,e7b4,135,13,e7c5,0.0203,0.0078,0.0032,0.0013,e7c5,e7c5,c6c5,c6c5,374.0,0.0203,-0.019,True,club,03_disagreements_b3,2104,2131,2131,False,True
4r1k1/2q1rppp/ppp1n2P/4P3/3P4/4B1P1/1P4QK/2R1R3 b - - 0 32,64,ZITGHicj,e7d7,-27,15,c6c5,0.0058,0.0065,0.0113,0.0175,g7g6,g7g6,g7g6,g7g6,207.0,0.0175,0.0117,True,club,03_disagreements_b3,2091,2083,2083,False,True
r1b2rk1/2b2ppp/1pn1p3/pP2P3/N1Pp2q1/P4N2/1B2QPPP/2R1R1K1 b - - 0 18,36,VeGsJy34,c8b7,-165,100,c6e7,0.0074,0.006,0.0059,0.0056,c6e7,c6e7,c6e7,c6e7,123.0,0.0074,-0.0018,True,club,03_disagreements_b3,1956,1992,1992,False,True
7q/1r2k3/pNpp1p2/P1n1p1p1/1QP1P1P1/3PPK2/6P1/1R6 b - - 9 34,68,jDtgqSR5,f6f5,0,51,h8h7,0.0049,0.0026,0.0019,0.0024,c5d3,c5d3,h8b8,h8b8,409.0,0.0049,-0.0025,True,club,03_disagreements_b3,1914,1975,1975,False,True
3r2k1/1p3ppp/p4n2/2q1bN2/P2P4/1B1Q1P2/5PKP/4R3 b - - 1 26,52,tM8LaW1q,g7g6,-65,36,c5c7,0.0096,0.0077,0.0068,0.0095,e5d4,e5d4,e5d4,e5d4,280.0,0.0096,-0.0001,True,club,03_disagreements_b3,2275,2374,2374,False,True
1b4k1/4rppp/8/1BPQ4/1P1p1qP1/7P/P4P2/3R1K2 b - - 12 32,64,91kxJDbM,f4c7,-578,51,b8c7,0.0186,0.0171,0.0152,0.0162,f4h2,f4h2,f4h2,f4h2,1420.0,0.0186,-0.0024,True,club,03_disagreements_b3,1888,1887,1887,False,True
r4n2/2p3kp/5q2/p2P1pp1/2P2p2/1N3Q2/P5PP/4R2K b - - 0 34,68,cTN27tsz,a8b8,32,21,a8a6,0.0105,0.0081,0.0073,0.0079,a5a4,f8g6,f8g6,f8g6,204.0,0.0105,-0.0026,True,club,03_disagreements_b3,1995,1916,1916,False,True
r4rk1/pb3ppp/4pb2/1p2P3/2p5/2P3B1/PPB2PPP/R2R2K1 b - - 0 16,32,uDW4sj8D,f6d8,13,26,f6g5,0.0165,0.0157,0.015,0.0142,f6g5,f6g5,f6g5,f6e7,448.0,0.0165,-0.0023,True,club,03_disagreements_b3,1991,1891,1891,False,True
2r3k1/p2R1p1p/1b2pP2/1p1b4/2p5/2P5/PPB1KBPP/8 b - - 0 26,52,uDW4sj8D,d5c6,-52,9,b6d8,0.0238,0.0201,0.019,0.0214,b6f2,b6f2,b6f2,b6f2,252.0,0.0238,-0.0024,True,club,03_disagreements_b3,1991,1891,1891,False,True
rnq1k2r/pp3pp1/2pb1n1p/3pN3/3P1B2/1Q1B1P2/PP4PP/2R2RK1 b kq - 4 14,28,OfgFAwxA,c8c7,-64,187,e8g8,0.042,0.0413,0.0295,0.0187,e8g8,e8g8,e8g8,e8g8,219.0,0.042,-0.0233,True,club,03_disagreements_b3,1919,1905,1905,False,True
8/n1qb1kp1/4p1n1/p2PPp2/1p1P1P2/bB3NP1/3NQB2/7K b - - 0 28,56,RpOW1SKs,f7f8,-350,25,c7c1,0.0006,0.0008,0.001,0.0011,d7b5,d7b5,d7b5,d7b5,201.0,0.0011,0.0005,True,club,03_disagreements_b3,1870,1870,1870,False,True
rb2k3/pp3pp1/8/2QPp3/2N3Bn/2PP4/PP4r1/R1B2KNq b q - 0 20,40,bIugwcs0,b8d6,-205,43,b8c7,0.0003,0.0004,0.0004,0.0006,g2g4,g2g4,g2g4,g2g4,335.0,0.0006,0.0003,True,club,03_disagreements_b3,2463,2308,2308,False,True
3qk2r/4bppp/3p1n2/4p3/rpb1P1PP/1P2BP2/P1PQ4/1KNR3R b k - 0 18,36,mKdaogKW,f6d7,38,3,d6d5,0.0005,0.0004,0.0004,0.0006,c4b3,c4b3,c4b3,c4b3,314.0,0.0006,0.0001,True,club,03_disagreements_b3,1912,1921,1921,False,True
5r1r/ppR4p/4k1p1/2p1N3/n7/6B1/P4PPP/1R4K1 b - - 0 30,60,lnCLAYPy,f8c8,-539,62,a4b6,0.0193,0.0202,0.0202,0.0205,a4c3,a4c3,a4c3,a4c3,150.0,0.0205,0.0012,True,club,03_disagreements_b3,1934,1898,1898,False,True
3r1r2/1pq2pk1/2pp2p1/pP1PpB2/P1Pb2QR/2n3P1/1K4P1/5R2 b - - 1 32,64,butFmuc3,c3e4,542,44,c6d5,0.0432,0.0476,0.044,0.045,c3a4,c3a4,c3a4,c3a4,134.0,0.0476,0.0018,True,club,03_disagreements_b3,1919,2073,2073,False,True
r4rk1/pp1b1ppp/1qn1p3/3pP3/PbnP4/2N2NPB/1P2RP1P/2BQ1RK1 b - - 12 14,28,NkOA3BIj,f8d8,6,3,f7f5,0.0019,0.0016,0.0015,0.0023,b4c3,c6a5,b4e7,a8c8,149.0,0.0023,0.0004,True,club,03_disagreements_b3,2292,1814,1814,False,True
4r1k1/1pb1qp1p/p1p3pr/2Pp1b2/1P3P1P/P2BP1P1/2QB2K1/4RR2 b - - 6 26,52,dibiqwTa,e7d7,37,11,f5d3,0.0292,0.0241,0.0206,0.0197,f5d3,f5d3,f5e4,f5e4,108.0,0.0292,-0.0095,True,club,03_disagreements_b3,2198,2133,2133,False,True
6k1/1pb2p2/p1p3pp/2Pp1r2/1P2rP1P/P1B1PKP1/8/4RR2 b - - 3 32,64,dibiqwTa,c7e5,-15,2,h6h5,0.0018,0.0015,0.0011,0.0011,h6h5,h6h5,h6h5,e4c4,145.0,0.0018,-0.0007,True,club,03_disagreements_b3,2198,2133,2133,False,True
2r5/pp2k3/4rqp1/3p3p/PP6/7Q/5PP1/3RRK2 b - - 3 28,56,y6YLUvHW,c8c4,14,14,e6e1,0.0403,0.0276,0.0227,0.02,e6e1,e6e1,e6e1,e6e1,119.0,0.0403,-0.0203,True,club,03_disagreements_b3,1814,1830,1830,False,True
3r4/ppk1n1pp/2b2p2/4pP2/4P3/2N2B1P/PP1r2P1/1R1R1K2 b - - 6 30,60,6SVzIdlp,d2d4,62,7,d2d1,0.01,0.0126,0.0146,0.0142,d2d1,d2d1,d2c2,e7c8,231.0,0.0146,0.0042,True,club,03_disagreements_b3,2209,2298,2298,False,True
r1b5/2q3kp/p1p2bp1/2Np4/3pP3/1P5P/P3Q1PN/5RK1 b - - 0 24,48,gPerkapZ,c7e7,136,68,d5e4,0.0219,0.0213,0.0261,0.0441,d5e4,d5e4,d5e4,d5e4,158.0,0.0441,0.0222,True,club,03_disagreements_b3,1805,1920,1920,False,True
r5k1/2q4p/p1p3p1/8/6Q1/1P5P/P5P1/5RK1 b - - 0 30,60,gPerkapZ,c7e5,-86,5,c7c8,0.0081,0.0118,0.0219,0.0404,a8f8,a8f8,a8f8,a8f8,133.0,0.0404,0.0323,True,club,03_disagreements_b3,1805,1920,1920,False,True
3r1rk1/ppp2ppp/2n5/4p3/2B2nPq/P1PP1Q2/1BP2PN1/R4RK1 b - - 8 18,36,aR2EzRTe,h4f6,-371,31,f4g2,0.0202,0.0184,0.0181,0.0177,f4h3,f4h3,f4h3,f4h3,113.0,0.0202,-0.0025,True,club,03_disagreements_b3,2130,2078,2078,False,True
r1bqk1n1/pppp1p1r/4pP2/5nPp/7P/2N2N2/PPP3B1/R2QK1R1 b Qq - 2 18,36,1lYFCRTU,g8f6,-300,87,c7c6,0.023,0.0262,0.0314,0.0235,f5e3,f5e3,f5e3,c7c6,161.0,0.0314,0.0005,True,club,03_disagreements_b3,1896,1828,1828,False,True
r2q3r/pp6/2p2nkp/6p1/3p4/1Q6/PPPN2PP/R4RK1 b - - 3 18,36,J0Db2Y3u,d4d3,-9,39,f6d5,0.0289,0.0124,0.0047,0.0024,b7b5,b7b5,b7b5,d8b6,988.0,0.0289,-0.0265,True,club,03_disagreements_b3,1838,1912,1912,False,True
r1b1kb2/pp3prp/1qn1pQ2/3pP3/3P4/2NB1N2/PP3PPP/R4RK1 b q - 2 14,28,OUrNyKCy,a7a6,-241,37,c6d4,0.002,0.004,0.0082,0.0182,c6d4,c6d4,c6d4,c6d4,132.0,0.0182,0.0162,True,club,03_disagreements_b3,2074,2164,2164,False,True
3r1rk1/p4p2/1p2pQ2/2p5/2P3q1/6P1/P6P/2R1R2K b - - 0 28,56,qjmGAk17,d8d3,153,16,d8d2,0.0231,0.0176,0.0159,0.0178,d8d2,d8d2,d8d2,d8d2,145.0,0.0231,-0.0053,True,club,03_disagreements_b3,1879,1865,1865,False,True
5rk1/p4p2/1p2pQ2/2p1R3/2P5/6PK/P2q3P/8 b - - 3 32,64,qjmGAk17,d2c2,-585,0,f8d8,0.0152,0.0138,0.0118,0.0103,d2a2,d2a2,d2d3,d2d3,131.0,0.0152,-0.0049,True,club,03_disagreements_b3,1879,1865,1865,False,True
2bR1rk1/p1Q2p1p/1p3np1/8/8/PB5P/1P3PP1/6K1 b - - 4 28,56,jPUiOpdX,c8d7,-756,65,c8e6,0.0093,0.0077,0.0071,0.0071,f8d8,f8d8,f8d8,f8d8,1242.0,0.0093,-0.0022,True,club,03_disagreements_b3,1902,1868,1868,False,True
rnbqk2r/1pp2ppp/p3p3/8/2BP4/1Qn2N2/P4PPP/R1B1R1K1 b kq - 1 10,20,ciWHUtp1,b7b5,-237,51,c3d5,0.0397,0.0294,0.0226,0.0102,c3d5,c3d5,c3d5,c3d5,305.0,0.0397,-0.0295,True,club,03_disagreements_b3,1814,1821,1821,False,True
r1bq1rk1/1pb2pp1/p1n1pn1p/2Pp4/3P4/3BBN1P/PP3PP1/RN1QR1K1 b - - 1 12,24,cS8bK1n8,f6e4,91,82,f8e8,0.0417,0.0383,0.0332,0.043,f8e8,f8e8,f8e8,f8e8,135.0,0.043,0.0013,True,club,03_disagreements_b3,2015,1979,1979,False,True
r3r2k/pp1bP1pp/3B4/q1p2p2/1n6/PQ2P3/1P1N1PPP/R3KB1R b KQ - 2 18,36,gzYSiBdW,f5f4,-520,31,d7a4,0.0072,0.0038,0.0027,0.0026,d7a4,d7a4,d7a4,d7a4,239.0,0.0072,-0.0046,True,club,03_disagreements_b3,2153,2104,2104,False,True
2kr3r/ppqn1pbp/P2p1np1/2p5/2P2P2/2NBBP2/1PQ4P/R3R1K1 b - - 0 16,32,oBMnGTGn,c8b8,-211,7,b7b6,0.0033,0.002,0.0013,0.0012,b7b6,b7b6,b7b6,b7b6,147.0,0.0033,-0.0021,True,club,03_disagreements_b3,1934,1929,1929,False,True
3r3r/2kn1pbp/Pp1p2p1/2p4n/QPP2P2/3BBP2/R6P/4R1K1 b - - 2 22,44,oBMnGTGn,f7f5,-584,78,h8e8,0.0107,0.0106,0.0137,0.0206,d8a8,d8a8,d8a8,d8a8,250.0,0.0206,0.0099,True,club,03_disagreements_b3,1934,1929,1929,False,True
r7/P1kn1p1p/1p1p2p1/2p5/QPPbBn2/5P2/R2K3P/2r5 b - - 1 28,56,oBMnGTGn,c1g1,-384,11,c1c3,0.0374,0.0379,0.0389,0.0406,c1c4,c1c4,c1c4,c1c4,207.0,0.0406,0.0032,True,club,03_disagreements_b3,1934,1929,1929,False,True
B7/P1kn1p1p/1p1p2p1/2p5/QnPb4/5P2/7P/3K4 b - - 1 34,68,oBMnGTGn,b6b5,-700,8,d7e5,0.0403,0.0372,0.0367,0.0411,d7e5,d7e5,d7e5,d7e5,460.0,0.0411,0.0008,True,club,03_disagreements_b3,1934,1929,1929,False,True
r1b1kb1r/ppp1pppp/8/8/3n1P2/2N5/PPP3PP/2KR1BNR b kq - 1 10,20,DvLgJKfo,e7e5,-26,36,c7c5,0.0199,0.0097,0.0053,0.0037,d4c6,d4c6,d4c6,d4c6,341.0,0.0199,-0.0162,True,club,03_disagreements_b3,1834,1837,1837,False,True
1k6/pp4p1/1n3p1p/5N1P/4N1P1/8/PPK2P2/5r2 b - - 7 32,64,aotNTzS6,b6d7,320,6,f1g1,0.0266,0.0283,0.0303,0.0373,b6d5,f1g1,f1g1,f1g1,145.0,0.0373,0.0107,True,club,03_disagreements_b3,2121,2242,2242,False,True
2r5/3k1r2/q1p1p1Q1/p2pP3/3P3p/1P2PN1P/P5PK/2R5 b - - 4 34,68,dqoQbvQ0,f7f3,-59,112,f7e7,0.0414,0.0302,0.0252,0.0221,c8f8,c8f8,c8f8,c8f8,139.0,0.0414,-0.0193,True,club,03_disagreements_b3,1870,1919,1919,False,True
r2q1k2/1p1np3/p2p2r1/2p3Np/2Pb1Pn1/2N5/PP4PP/R1BQ1R1K b - - 3 16,32,zhdHykTO,e7e6,-276,16,g4f2,0.0226,0.0158,0.0113,0.0097,g4f2,g4f2,g4f2,g4f2,209.0,0.0226,-0.0129,True,club,03_disagreements_b3,2152,2034,2034,False,True
2krr3/ppp2pBp/8/8/8/1P1B2bP/P1PP2b1/R2K2R1 b - - 1 18,36,EeuZCWFH,g3f2,497,486,g2f3,0.0126,0.0135,0.0168,0.0178,g2f3,g2f3,g2f3,g2f3,507.0,0.0178,0.0052,True,club,03_disagreements_b3,1901,1884,1884,False,True
3r3r/2qk1p2/1p2p1p1/pRb1P3/P1Pp1P1p/3BnQ1P/2PB2P1/4R2K b - - 3 24,48,e1,d7e8,14,124,d7e7,0.024,0.0258,0.0264,0.0246,e3f5,e3f5,e3f5,e3f5,138.0,0.0264,0.0006,True,elite,03_elite,2518,2571,2571,False,True
r3k2r/1pbnn1pp/p1p2p2/P3p3/2N1P3/3NB3/1PP1KPPP/R6R b kq - 0 14,28,e3,h7h5,-111,5,e8c8,0.0057,0.0051,0.0043,0.0049,e8g8,e8g8,e8g8,e8g8,113.0,0.0057,-0.0008,True,elite,03_elite,2616,2597,2597,False,True
rq3r2/3bppk1/p2p1np1/1pn3Qp/3NP3/1BN2P2/PPP3PP/1K1RR3 b - - 1 16,32,e4,e7e6,-34,83,b5b4,0.0101,0.0092,0.0087,0.0114,c5b3,c5b3,c5b3,a6a5,186.0,0.0114,0.0013,True,elite,03_elite,2568,2431,2431,False,True
r1bqk2r/1p2ppbp/p1np1np1/2p5/4P3/2PPB1PP/PP1Q1PB1/R2NK1NR b KQkq - 0 10,20,e5,a6a5,-52,4,e8g8,0.0021,0.0025,0.0024,0.0016,e8g8,e8g8,b7b5,b7b5,216.0,0.0025,-0.0005,True,elite,03_elite,2322,2504,2504,False,True
2kr3r/pp1bn1p1/4p1P1/3p1pBp/2q2N1P/b1NQ3B/2P1KP2/3RR3 b - - 3 22,44,e6,a3b4,-268,41,c4d3,0.043,0.0477,0.0492,0.0437,c4c5,c4c7,c4c7,c4c7,184.0,0.0492,0.0007,True,elite,03_elite,2696,2625,2625,False,True
2k4r/1ppq4/p1Rb2pp/Q2Pp3/4P2P/4Pr2/PP6/1KR5 b - - 1 26,52,e9,h8f8,469,22,b7c6,0.0142,0.0136,0.0168,0.0228,b7c6,b7c6,f3e3,f3e3,108.0,0.0228,0.0086,True,elite,03_elite,2440,2555,2555,False,True
r4rk1/1p2bpp1/p1n1b2p/qp1p3P/3P4/PQ3NB1/1P3PP1/1B2RK1R b - - 2 18,36,e11,a5a4,-91,182,f8e8,0.0424,0.0372,0.0322,0.0277,b5b4,e7f6,e7f6,e7f6,293.0,0.0424,-0.0147,True,elite,03_elite,2454,2537,2537,False,True
4r1k1/1p4p1/p6p/1p1pBB1P/3P1P2/b7/1q4PK/5Q1R b - - 0 28,56,e11,b2b3,-524,8,a3e7,0.03,0.0287,0.0256,0.0181,b5b4,b5b4,b5b4,b5b4,141.0,0.03,-0.0119,True,elite,03_elite,2454,2537,2537,False,True
r1q4r/p2k2bp/p2np1p1/4N3/2PPQ3/3P4/5P2/1R3K1R b - - 7 34,68,e14,d7e8,215,22,g7e5,0.0281,0.0244,0.0256,0.0346,g7e5,g7e5,g7e5,g7e5,117.0,0.0346,0.0065,True,elite,03_elite,2522,2382,2382,False,True
r3q1rk/1bnnb1p1/3p1pPp/p1pPpP1Q/P1P1P2P/3B4/7N/R1B1KNR1 b Q - 3 22,44,e23,e8g6,-818,204,e7f8,0.0021,0.0013,0.0008,0.0004,c7a6,c7a6,c7a6,d7f8,1178.0,0.0021,-0.0017,True,elite,03_elite,2523,2513,2513,False,True
8/1pQb1r1k/p4qpp/3P1p2/2Pp4/3P2P1/PP2R1BP/7K b - - 0 26,52,e24,h7g7,-246,38,g6g5,0.0129,0.0129,0.0133,0.0133,d7a4,d7a4,d7a4,d7a4,119.0,0.0133,0.0004,True,elite,03_elite,2519,2408,2408,False,True
8/1p1b2rk/1q1P1Q1p/p2B1pp1/2Pp4/3P2P1/PP2R2P/7K b - - 3 30,60,e24,b6b2,-795,54,a5a4,0.0248,0.0143,0.0092,0.0072,a5a4,a5a4,a5a4,a5a4,1201.0,0.0248,-0.0176,True,elite,03_elite,2519,2408,2408,False,True
b2rq1k1/p5p1/1p3p1p/2nP4/6Q1/4N1PP/P4PB1/2R3K1 b - - 5 32,64,e29,h6h5,-95,27,c5d3,0.0453,0.0368,0.0266,0.025,c5d3,c5d3,e8e5,e8e5,185.0,0.0453,-0.0203,True,elite,03_elite,2507,2415,2415,False,True
1r1q1rk1/1b2bppp/4p3/p3P3/3B2R1/1P3N2/P4PPP/2RQ2K1 b - - 2 20,40,e30,h7h5,26,42,d8d5,0.0196,0.0187,0.0187,0.0386,b7f3,b7f3,b7f3,b7f3,109.0,0.0386,0.019,True,elite,03_elite,2610,2430,2430,False,True
2r2rk1/5ppp/4p3/p2bP3/6R1/bP2BN1P/P4PP1/3R2K1 b - - 2 24,48,e30,h7h5,-22,37,f8d8,0.0372,0.0321,0.0269,0.0358,c8c2,c8c2,c8c2,c8c2,243.0,0.0372,-0.0014,True,elite,03_elite,2610,2430,2430,False,True
1rb2k2/3p1pb1/pq1Np1rp/3PPp1Q/P1B2P2/2P3R1/6PP/5R1K b - - 2 28,56,e36,b6d6,-596,74,e6d5,0.0031,0.0029,0.0031,0.0033,g6g3,g6g3,g6g3,g6g3,1403.0,0.0033,0.0002,True,elite,03_elite,2508,2525,2525,False,True
3r2k1/rp1n2p1/pNn1pp1p/P2p1b2/3P4/R3PN1P/1P2BPP1/2R3K1 b - - 1 20,40,e41,f5g6,-96,71,g8f7,0.0022,0.0019,0.0012,0.0008,d7b6,d7b6,d7b6,d7b6,111.0,0.0022,-0.0014,True,elite,03_elite,2725,2781,2781,False,True
2rn4/1p2k3/1P2pp1p/2Np2pB/3P4/r3P2P/5PP1/1RR3K1 b - - 5 34,68,e41,a3a8,-512,35,c8b8,0.0405,0.0407,0.04,0.0414,e7d6,e7d6,e7d6,e7d6,338.0,0.0414,0.0009,True,elite,03_elite,2725,2781,2781,False,True
r1bq1rk1/4ppbp/3p1np1/nppP4/1P2P3/P5P1/3NNPBP/R1BQ1RK1 b - - 0 12,24,e44,f6d7,17,5,a5b7,0.001,0.0013,0.0016,0.0037,c5b4,c5b4,c5b4,c5b4,282.0,0.0037,0.0027,True,elite,03_elite,2553,2657,2657,False,True
r4rk1/pp3ppp/1q1bb3/6B1/1n1PN3/Q4N2/PP3PPP/R3R1K1 b - - 2 16,32,e45,f8e8,-40,11,f7f6,0.002,0.0012,0.0005,0.0003,b4c2,b4c2,b4c2,b4c2,269.0,0.002,-0.0017,True,elite,03_elite,2775,2797,2797,False,True
r1r3k1/p4ppp/8/3P4/2N2Q2/1P3PP1/P1n3KP/8 b - - 2 24,48,e47,h7h6,-434,1,c2b4,0.0183,0.0142,0.0117,0.0118,c2e1,c2b4,c2b4,c2b4,153.0,0.0183,-0.0065,True,elite,03_elite,2590,2472,2472,False,True
8/4pk2/1pp1brpp/p1p1R1P1/P7/1P1PKN1P/2P5/8 b - - 0 28,56,e51,f6f3,-98,208,f6f5,0.0199,0.0211,0.0216,0.0323,h6g5,h6g5,h6g5,h6g5,396.0,0.0323,0.0124,True,elite,03_elite,2542,2536,2536,False,True
8/4p3/1pp3Nk/p1pb1K2/P7/1P1P3P/2P5/8 b - - 1 34,68,e51,d5f3,-270,91,d5g2,0.0245,0.0218,0.0223,0.0295,e7e6,e7e6,e7e6,e7e6,203.0,0.0295,0.005,True,elite,03_elite,2542,2536,2536,False,True
8/pp1b2k1/5p1p/2pBr2P/P3P3/1P6/6P1/R4RK1 b - - 0 30,60,e56,d7g4,-539,8,b7b6,0.0331,0.0275,0.0238,0.0259,e5h5,b7b6,b7b6,b7b6,132.0,0.0331,-0.0072,True,elite,03_elite,2444,2616,2616,False,True
5rk1/p1p2pp1/1p3b1p/3B4/3P1B2/2P3Q1/Pnq2PPP/4RK2 b - - 0 26,52,orph_34712,c7c5,-13,2,c2d3,0.0117,0.0135,0.0139,0.0188,b2d3,b2d3,b2d3,b2d3,440.0,0.0188,0.0071,True,elite,03_elite,3001,3046,3046,False,True
8/r2p2kp/P3npp1/2p5/3qN3/7P/5PP1/R3Q1K1 b - - 6 32,64,e77,d4e5,132,109,c5c4,0.0344,0.0443,0.0495,0.0452,f6f5,e6c7,d7d5,d7d5,251.0,0.0495,0.0108,True,elite,03_elite,2458,2555,2555,False,True
r1b1qrk1/1p2bppp/p2pp3/2n3PQ/3BP3/1BN3R1/PPP2P1P/R3K3 b Q - 0 14,28,e78,f7f5,-357,5,c5b3,0.0065,0.0086,0.011,0.0159,c5b3,c5b3,c5b3,c5b3,1629.0,0.0159,0.0094,True,elite,03_elite,2682,2608,2608,False,True
r1bq1rk1/pp4b1/2n4p/3p1pp1/8/1N2PBB1/P4PPP/2RQ1RK1 b - - 1 18,36,e82,g8h8,1,4,f5f4,0.0022,0.0041,0.0033,0.0012,c8e6,c8e6,c8e6,c8e6,133.0,0.0041,-0.001,True,elite,03_elite,2685,2450,2450,False,True
7k/p7/1p6/2bR2p1/P3Np2/5B1P/5PPK/2r5 b - - 6 34,68,e82,a7a5,-491,43,c1c2,0.0269,0.0198,0.0154,0.0133,c1c4,c1c4,c1c2,c5e7,188.0,0.0269,-0.0136,True,elite,03_elite,2685,2450,2450,False,True
r6r/pb3qk1/1p1pBp2/2pP4/2PbR2B/8/PP1Q2PP/5R1K b - - 6 24,48,e85,f7e6,-648,57,f7h5,0.0043,0.0035,0.0026,0.002,f7g6,f7g6,f7g6,f7g6,116.0,0.0043,-0.0023,True,elite,03_elite,2592,2447,2447,False,True
r3r1k1/1p2bppb/1qp1pn1p/p2p4/P3P3/1PPQ1NPP/1B1N1PB1/2R1R1K1 b - - 0 16,32,e88,f6e4,44,3,d5e4,0.0471,0.0443,0.0393,0.0304,d5e4,d5e4,d5e4,a8d8,190.0,0.0471,-0.0167,True,elite,03_elite,2612,2560,2560,False,True
5qk1/1p4p1/2p4p/Q7/2P1B3/6PP/p2N1P2/1b4K1 b - - 1 34,68,e88,b7b6,0,0,b1e4,0.0462,0.0312,0.0223,0.019,b1e4,b1e4,b1e4,b1e4,235.0,0.0462,-0.0272,True,elite,03_elite,2612,2560,2560,False,True
2rr2k1/4bppp/5n2/p2P4/qp2PB2/1RpN1P2/2Q3PP/1R4K1 b - - 1 30,60,e91,f6d5,438,24,e7f8,0.003,0.0024,0.002,0.0014,a4b5,a4b5,a4b5,a4b5,137.0,0.003,-0.0016,True,elite,03_elite,2312,2543,2543,False,True
4r1k1/4Rpb1/2qp2p1/3N4/7p/7P/1r3PPB/3Q1BK1 b - - 0 32,64,e94,e8c8,-345,11,e8b8,0.0142,0.0144,0.015,0.0164,e8e7,e8e7,e8e7,e8e7,445.0,0.0164,0.0022,True,elite,03_elite,2523,2497,2497,False,True
r1b1r1k1/1pqn1pbp/p2p1np1/3P4/P1p1PB2/2N2PN1/1P2B1PP/R2Q1R1K b - - 1 14,28,e95,h7h5,-7,1,a8b8,0.0194,0.0149,0.0122,0.0238,d7e5,d7e5,d7e5,d7e5,103.0,0.0238,0.0044,True,elite,03_elite,2524,2452,2452,False,True
1k1r4/p3b1p1/7p/3p4/B3n3/P7/1P1p2PP/R4R1K b - - 1 34,68,e104,b8c7,153,6,e7f6,0.0097,0.0068,0.0042,0.0038,e7c5,e7c5,e7c5,e7c5,111.0,0.0097,-0.0059,True,elite,03_elite,2737,2963,2963,False,True
5rk1/3q1rb1/1pp3np/p1p1pbp1/P4P2/1P1PNNP1/2P2Q1P/2B1R1RK b - - 3 30,60,e110,f5e6,285,19,e5f4,0.0181,0.013,0.0094,0.0088,e5f4,e5f4,e5f4,e5f4,108.0,0.0181,-0.0093,True,elite,03_elite,2529,2447,2447,False,True
8/4p1bp/6p1/1n1k1p2/3P4/1NBK2P1/1P5P/8 b - - 4 34,68,e112,g7h8,125,16,h7h5,0.0005,0.0004,0.0004,0.0007,e7e5,e7e5,e7e5,e7e5,125.0,0.0007,0.0002,True,elite,03_elite,2639,2624,2624,False,True
2b5/2q1bpk1/4p1p1/3r2P1/1p3P2/pP1BB1P1/P1PQ4/1K1R4 b - - 0 28,56,e116,e7f8,-15,2,c8a6,0.0062,0.0075,0.0088,0.01,c8a6,c8a6,c8a6,c8a6,250.0,0.01,0.0038,True,elite,03_elite,2602,2597,2597,False,True
r6r/pRp1k2p/2ppbb2/2q1pp2/2P4P/6Q1/PP1N1PP1/1K1R1B2 b - - 7 22,44,e120,c5d4,115,100,e7d7,0.0085,0.0048,0.0024,0.0015,e7d7,e7d7,e7d7,e7d7,564.0,0.0085,-0.007,True,elite,03_elite,2384,2529,2529,False,True
5k2/3brp1p/1p3bp1/3P4/2B5/B6P/1r3PP1/4R1K1 b - - 3 26,52,e122,b6b5,509,4,b2c2,0.0281,0.0289,0.0314,0.0333,b2c2,b2c2,b2c2,b2b4,822.0,0.0333,0.0052,True,elite,03_elite,2466,2557,2557,False,True
1rb2rk1/2ppqpb1/2n3pp/2p1P2P/p1P5/P1B2NPB/1P2QP2/2KRR3 b - - 0 20,40,e127,d7d5,-61,81,g6g5,0.005,0.0039,0.0028,0.0022,g6g5,g6g5,g6g5,g6g5,114.0,0.005,-0.0028,True,elite,03_elite,2690,2629,2629,False,True
4rrk1/ppp5/3p2q1/2PPn2p/1P2Npp1/P1Q2P2/4R1PP/3R3K b - - 1 30,60,e130,b7b6,-57,3,f8f7,0.0073,0.0045,0.003,0.0026,g4f3,g4f3,g4f3,g4f3,279.0,0.0073,-0.0047,True,elite,03_elite,2522,2447,2447,False,True
r1bqk2r/1p1nppb1/2pp2p1/p5Pp/PnPPPP1P/2N1BN2/1P2B3/R2QK2R b KQkq - 2 12,24,e131,d6d5,-31,15,c6c5,0.0307,0.021,0.0152,0.011,b7b6,b7b6,b7b6,e7e5,144.0,0.0307,-0.0197,True,elite,03_elite,2605,2555,2555,False,True
r2r2k1/5p2/3q1b1p/8/4p2P/pPp1B3/P3Q1R1/1K2R3 b - - 1 34,68,e132,g8h8,271,187,g8h7,0.0264,0.0237,0.0235,0.0337,g8f8,g8f8,g8f8,g8h7,212.0,0.0337,0.0073,True,elite,03_elite,2564,2549,2549,False,True
r4rk1/pb1qb3/1p2p1p1/3pBp2/3P2n1/2PB1NQ1/PP3PP1/2KR3R b - - 0 20,40,e135,a8c8,-402,31,e7f6,0.0157,0.0103,0.0082,0.0078,g8f7,g8f7,e7f6,e7f6,135.0,0.0157,-0.0079,True,elite,03_elite,2596,2587,2587,False,True
r3r1k1/1p1q1pp1/2pp1n1p/p4b2/P1PBnN2/1P3B2/2P2PPP/R2QR1K1 b - - 0 16,32,e137,f5h7,-46,11,a8d8,0.0068,0.014,0.0222,0.0283,c6c5,c6c5,c6c5,c6c5,114.0,0.0283,0.0215,True,elite,03_elite,2648,2633,2633,False,True
r3r1k1/1p1q1pp1/2pp1n1p/p4b2/P1PBnN2/1P3B2/2P2PPP/R2QR1K1 b - - 4 18,36,e137,f5h7,-44,7,a8d8,0.0068,0.014,0.0222,0.0283,c6c5,c6c5,c6c5,c6c5,115.0,0.0283,0.0215,True,elite,03_elite,2648,2633,2633,False,True
2bq1r1k/Q3b1pp/3p4/p2N2Pn/1p2PP2/8/PPP4P/1K1R1R2 b - - 1 22,44,e144,c8h3,-259,15,f8e8,0.0392,0.031,0.023,0.0275,f8e8,f8e8,f8e8,e7g5,258.0,0.0392,-0.0117,True,elite,03_elite,2763,2543,2543,False,True
2b2r1k/4q1pp/3R4/Q3P1Pn/1p3P2/8/PPP4P/1K3R2 b - - 0 28,56,e144,e7g5,-363,31,c8h3,0.0055,0.0054,0.0054,0.0056,h5f4,h5f4,h5f4,h5f4,108.0,0.0056,0.0001,True,elite,03_elite,2763,2543,2543,False,True
2rqkb1r/1b1n1ppp/pn1p4/Np2pPP1/4P2P/P1N1B3/1PP5/R2QKB1R b KQk - 3 14,28,e145,c8c3,187,258,b7a8,0.0094,0.0073,0.0066,0.0064,b7a8,b7a8,b7a8,b7a8,255.0,0.0094,-0.003,True,elite,03_elite,2636,2691,2691,False,True
6r1/3kn2p/R2b1p2/2pp1p2/5P2/PP1PPN2/1BP2K1P/8 b - - 0 32,64,e146,g8f8,-399,5,c5c4,0.0299,0.0338,0.0333,0.037,e7c6,d7e6,d7e6,d7e6,147.0,0.037,0.0071,True,elite,03_elite,2454,2598,2598,False,True
r2r3k/2pPNp1p/5Pp1/1pq5/4Q3/4R3/6PP/5RK1 b - - 2 34,68,e156,d8f8,-554,14,c7c6,0.001,0.0012,0.0014,0.0017,d8d7,d8d7,a8a4,a8a4,537.0,0.0017,0.0007,True,elite,03_elite,2655,2458,2458,False,True
3rr2k/1b4q1/p4p2/1pppbBpp/4P3/2PR2PP/PPQ1NPK1/3R4 b - - 1 26,52,e159,g7f7,-8,2,h5h4,0.0285,0.0292,0.0295,0.0321,d5d4,d5d4,d5d4,d5d4,279.0,0.0321,0.0036,True,elite,03_elite,2706,2570,2570,False,True
2r1nr1k/p4p1P/1n2p1pP/1p1pP1B1/3N4/q1P1QP2/P1P5/3K1R1R b - - 3 22,44,e162,h8h7,83,35,a3c3,0.0295,0.0361,0.0285,0.0256,c8c3,c8c3,c8c3,c8c3,113.0,0.0361,-0.0039,True,elite,03_elite,2463,2601,2601,False,True
2b4k/5p1p/3p2p1/p7/P4P2/5B2/2rr2PP/R3RK2 b - - 3 26,52,e163,c8h3,365,80,c8e6,0.0189,0.0152,0.0134,0.0136,d2f2,d2f2,d2f2,d2f2,152.0,0.0189,-0.0053,True,elite,03_elite,2589,2576,2576,False,True
R7/5pkp/3p2p1/p7/P4P2/1b3B2/3r2PP/5K2 b - - 3 30,60,e163,d2d4,288,231,b3a4,0.0348,0.0337,0.0367,0.0453,b3a4,b3a4,b3a4,b3a4,238.0,0.0453,0.0105,True,elite,03_elite,2589,2576,2576,False,True
2q4r/ppk1b2p/2n2p2/2p5/5Q2/2NP2PP/PP3P2/R4RK1 b - - 0 20,40,e165,c7d8,-470,16,e7d6,0.0364,0.0237,0.0195,0.02,e7d6,e7d6,e7d6,e7d6,144.0,0.0364,-0.0164,True,elite,03_elite,2500,2448,2448,False,True
5rk1/p2q1p1p/Q3bb2/5P2/3pp3/1N4P1/PPr1P2P/3R1RK1 b - - 0 22,44,e169,d7c8,465,211,e6b3,0.0016,0.0009,0.0005,0.0003,e6b3,e6b3,e6b3,e6b3,425.0,0.0016,-0.0013,True,elite,03_elite,2542,2687,2687,False,True
5r1k/p4p1p/2q2P2/6Q1/3Rp3/6P1/bPr1P2P/5RK1 b - - 0 26,52,e169,c6f6,-1224,773,f8g8,0.0083,0.0047,0.0027,0.0018,f8g8,f8g8,f8g8,f8g8,773.0,0.0083,-0.0065,True,elite,03_elite,2542,2687,2687,False,True
6k1/r4pp1/Pr1qp2p/2ppn3/R1p2Q1P/6P1/RP2PPB1/6K1 b - - 0 34,68,e172,f7f6,288,29,f7f5,0.0421,0.0356,0.0346,0.047,b6a6,b6a6,b6a6,b6a6,541.0,0.047,0.0049,True,elite,03_elite,2375,2965,2965,False,True
r3rbk1/p4pp1/2p2nnp/qp1ppQ2/4P3/P1PP2PP/1PBB1P1N/3R1RK1 b - - 0 22,44,e173,e8e6,-87,9,a8d8,0.0061,0.0057,0.0054,0.0047,d5e4,a5c7,a5c7,a5b6,133.0,0.0061,-0.0014,True,elite,03_elite,2446,2562,2562,False,True
5k1n/p1q1rpb1/2p1PN1p/1p3Q2/3p4/PB4PP/1P3P2/4R1K1 b - - 4 34,68,e173,c7d6,-501,29,f7e6,0.027,0.0316,0.0347,0.0386,g7f6,g7f6,g7f6,g7f6,359.0,0.0386,0.0116,True,elite,03_elite,2446,2562,2562,False,True
r2qr1k1/pppn1p1p/3p1bp1/3P1b2/2PB4/1PN5/P2QNPPP/R3R1K1 b - - 6 16,32,e175,a7a6,-56,1,d7c5,0.0178,0.0203,0.021,0.0373,f6d4,f6d4,d7e5,d7e5,100.0,0.0373,0.0195,True,elite,03_elite,2541,2462,2462,False,True
r1b1k2r/1p1nbppp/pq2p3/3pP3/3N1P2/P1N3P1/1PP3BP/R2QK2R b KQkq - 2 12,24,e190,d7b8,50,7,e8g8,0.0019,0.0018,0.0015,0.0015,b6b2,b6b2,b6b2,b6b2,422.0,0.0019,-0.0004,True,elite,03_elite,2372,2541,2541,False,True
1rr3k1/3b1ppp/4p3/3pP3/p2q1P2/1P4P1/2P3BP/1K1Q1R2 b - - 1 32,64,e190,d4a7,903,81,d4c5,0.0132,0.0136,0.0128,0.01,d4c3,d4c3,d4c3,d4c3,159.0,0.0136,-0.0032,True,elite,03_elite,2372,2541,2541,False,True
1r6/R3pp2/3p1kp1/2p5/4PPP1/1PR1K2p/1rB3bP/8 b - - 0 32,64,e192,b2c2,124,47,b8b4,0.0023,0.0023,0.0025,0.0029,g6g5,g6g5,b8b4,b8b4,124.0,0.0029,0.0006,True,elite,03_elite,2690,2539,2539,False,True
3r1rk1/3q2pp/1p2p3/pPp1b2Q/2P1B2P/3P2P1/1P3P2/R1B3K1 b - - 4 24,48,e194,g7g5,-141,23,g7g6,0.0004,0.0003,0.0002,0.0002,g7g6,g7g6,g7g6,g7g6,385.0,0.0004,-0.0002,True,elite,03_elite_b2,2566,2421,2421,False,True
r6r/BQ1nkppp/1p1p4/3Pp2q/1P2N3/8/P3bPPP/4R1K1 b - - 3 22,44,e195,h5g4,485,102,e2d3,0.0412,0.0365,0.0321,0.0339,e2d3,e2b5,e2b5,e2b5,177.0,0.0412,-0.0073,True,elite,03_elite_b2,2486,2505,2505,False,True
6k1/pp1bqpp1/2n1p2p/8/8/4P3/PP1NBPPP/2Q3K1 b - - 2 22,44,e196,d7e8,1,7,e7d8,0.0139,0.0185,0.0237,0.0311,c6b4,c6b4,c6b4,c6b4,233.0,0.0311,0.0172,True,elite,03_elite_b2,3009,2895,2895,False,True
r4rk1/1bqn1ppp/p2p1b2/3BpP2/1p2P3/2P2N2/PP2N1PP/R2Q1RK1 b - - 0 16,32,e198,c7c5,140,19,a6a5,0.0125,0.0068,0.0044,0.0041,b4c3,b7d5,b4c3,b4c3,120.0,0.0125,-0.0084,True,elite,03_elite_b2,2562,2545,2545,False,True
1k3rq1/1pp1r3/p1npp1bb/6p1/3PN1Pp/2P2P1P/PP1Q1NB1/K2RR3 b - - 22 32,64,e202,e7e8,92,1,e6e5,0.0033,0.0027,0.0025,0.0027,g6e4,g6e4,g6e4,g6e4,179.0,0.0033,-0.0006,True,elite,03_elite_b2,2505,2594,2594,False,True
r3kb1r/1p2pppp/p7/q2p4/1n1PbB2/PQ6/1PPRNPPP/2K2B1R b kq - 0 12,24,e204,e7e5,-233,33,e7e6,0.0249,0.0237,0.0249,0.0291,b4c6,b4c6,b4c6,b4c6,316.0,0.0291,0.0042,True,elite,03_elite_b2,2444,2505,2505,False,True
r3kb1r/1p3ppp/p3p1b1/q2p4/1n1P1B2/PQN2P2/1PPR2PP/2K2B1R b kq - 2 14,28,e204,a8c8,-188,26,b7b5,0.0261,0.0259,0.0361,0.0473,b4c6,b4c6,b4c6,b4c6,352.0,0.0473,0.0212,True,elite,03_elite_b2,2444,2505,2505,False,True
r1b2rk1/pp2q1pp/2pb1n2/3pNp2/P2P1P2/1QPBP3/6PP/R1B2RK1 b - - 2 14,28,e211,c6c5,-40,5,f6e4,0.0353,0.0174,0.0098,0.0076,f6e4,f6e4,f6e4,f6e4,162.0,0.0353,-0.0277,True,elite,03_elite_b2,2592,2551,2551,False,True
6r1/p6k/2p2r1p/Pp1pN1p1/3PpP2/2P1P1Pb/3K3P/R5R1 b - - 5 26,52,e211,g8c8,-95,21,h6h5,0.0058,0.008,0.0117,0.0193,g5f4,g5f4,g5f4,g5f4,230.0,0.0193,0.0135,True,elite,03_elite_b2,2592,2551,2551,False,True
6r1/p6k/2p2r2/Pp1pN1pp/3PpPb1/1KP1P1P1/7P/R5R1 b - - 3 28,56,e211,g4h3,-118,70,g4f3,0.0309,0.0345,0.0372,0.0411,g5f4,g5f4,g5f4,g5f4,255.0,0.0411,0.0102,True,elite,03_elite_b2,2592,2551,2551,False,True
r1bq1rk1/p3p1bp/2pp2pn/2p1Pp2/5P2/2NP1N2/PPP3PP/R1B1QRK1 b - - 0 10,20,e212,c8e6,-66,2,d6d5,0.0307,0.0256,0.0258,0.0318,d6e5,d6e5,d6e5,d6d5,199.0,0.0318,0.0011,True,elite,03_elite_b2,2548,2435,2435,False,True
6k1/pp4bp/4q1p1/2Prp1P1/1P1pQ2P/P2P4/1B6/4R1K1 b - - 0 32,64,e213,e6d7,-55,10,d5d8,0.0231,0.0319,0.0431,0.0497,e6h3,e6h3,e6h3,e6h3,923.0,0.0497,0.0266,True,elite,03_elite_b2,2518,2388,2388,False,True
1r3r2/4qbnk/1p3ppb/p3p3/PpNpP1QN/1P1P2PB/2P2PK1/R6R b - - 7 24,48,e223,f8h8,-86,31,f6f5,0.027,0.0318,0.0284,0.0199,g6g5,f7e6,f7e6,f7e6,1151.0,0.0318,-0.0071,True,elite,03_elite_b2,2511,2487,2487,False,True
r4rk1/1p1nqpp1/2p1pn1p/p2p1b2/1bPP4/1PN1QNPP/1B2PPB1/2RR2K1 b - - 1 16,32,e227,a5a4,240,63,f8e8,0.0419,0.0274,0.0155,0.0118,f8e8,f8e8,f8e8,f8e8,107.0,0.0419,-0.0301,True,elite,03_elite_b2,2629,2625,2625,False,True
3r3r/2p1kpp1/1pB1b2p/p1R1P3/P3P3/2P1B3/2P3PP/1R4K1 b - - 0 22,44,e230,f7f6,-490,0,b6c5,0.0035,0.0009,0.0003,0.0001,b6c5,b6c5,b6c5,b6c5,311.0,0.0035,-0.0034,True,elite,03_elite_b2,2532,2654,2654,False,True
r1bq1rk1/3nb1pp/2p2n2/p1Pp1p2/3PpPP1/2N1P2P/PBQNB3/2KR3R b - - 0 16,32,e231,f6e8,-18,16,a5a4,0.0214,0.025,0.0297,0.0468,f5g4,f5g4,f5g4,f5g4,260.0,0.0468,0.0254,True,elite,03_elite_b2,2656,2721,2721,False,True
r1bq1bk1/1p3p1p/1n3pp1/1NBP4/1P6/PB6/2Q2PPP/4R1K1 b - - 0 24,48,e234,c8d7,-243,6,c8f5,0.0167,0.0205,0.0274,0.0457,b6d5,b6d5,b6d5,b6d5,212.0,0.0457,0.029,True,elite,03_elite_b2,2556,2599,2599,False,True
1r6/1r2ppkp/3p2p1/8/b1PqP3/2RB1P2/P3Q1PP/K1R5 b - - 8 28,56,e235,e7e5,231,12,a4c6,0.0273,0.0216,0.0186,0.0174,b7b2,b7b2,b7b2,b7b2,134.0,0.0273,-0.0099,True,elite,03_elite_b2,2505,2467,2467,False,True
1r6/4ppkp/2bp2p1/4q3/r1P1P3/2RQ1P2/P3B1PP/KR6 b - - 16 32,64,e235,a4a3,595,274,b8a8,0.009,0.0053,0.0036,0.0031,b8b1,b8a8,b8a8,b8a8,460.0,0.009,-0.0059,True,elite,03_elite_b2,2505,2467,2467,False,True
3q1k1r/3n2pp/r2b1n2/p1pP4/1pN2P2/3B1Q2/1P4PP/R1B2RK1 b - - 6 20,40,e244,d8a8,-383,12,d8c7,0.0372,0.0305,0.0235,0.0227,a6a8,a6a8,a6a8,a6a8,176.0,0.0372,-0.0145,True,elite,03_elite_b2,2478,2521,2521,False,True
1r1k1b2/p1Nq1p2/5p2/Q2p1b2/1n1P3P/4p3/PP2PPBP/K1R4R b - - 1 20,40,e249,f8e7,-505,14,b4c6,0.0007,0.0006,0.0006,0.0006,b4c2,b4c2,b4c2,b4c2,127.0,0.0007,-0.0001,True,elite,03_elite_b2,2567,2652,2652,False,True
1q1r1rk1/1b1n1ppp/8/p1pPp1b1/Pp2P3/1P1BP1NP/2Q2RPN/5R1K b - - 2 24,48,e252,g5h4,-30,45,g5e3,0.0235,0.0171,0.0122,0.0091,g5e3,g5e3,g5e3,g5e3,125.0,0.0235,-0.0144,True,elite,03_elite_b2,2550,2454,2454,False,True
1q1r1rk1/1b1n1ppp/8/p1pPpN2/Pp1bP3/1P1B1R1P/2Q3PN/5R1K b - - 3 26,52,e252,g8h8,-174,148,f7f6,0.0103,0.0197,0.0285,0.0412,d7f6,d7f6,d7f6,d7f6,208.0,0.0412,0.0309,True,elite,03_elite_b2,2550,2454,2454,False,True
4rr1k/1bq4p/5n1N/pBpPp3/Pp2P3/1P2Q1R1/6PN/5R1K b - - 0 34,68,e252,c7e7,-638,15,e8d8,0.0183,0.0163,0.0171,0.021,e8e7,e8e7,e8e7,e8e7,1354.0,0.021,0.0027,True,elite,03_elite_b2,2550,2454,2454,False,True
5k2/1p3p2/p1p2n2/2Pp1P1p/1P1P3P/4KB2/1P6/8 b - - 2 34,68,e253,f6g8,-63,85,f8g7,0.0052,0.0036,0.0043,0.0082,f8g7,f8g7,f8g7,f8g7,103.0,0.0082,0.003,True,elite,03_elite_b2,2490,2506,2506,False,True
3r4/pp1rpk2/n1p2p2/7N/2P2p1P/1PB5/P3KP2/7R b - - 0 28,56,e257,f4f3,584,7,e7e5,0.0377,0.0326,0.0314,0.0289,e7e5,e7e5,e7e5,e7e5,110.0,0.0377,-0.0088,True,elite,03_elite_b2,2597,2662,2662,False,True
r1bqkb1r/7p/p4p2/4p3/2Bp1N2/8/PP2Q1PP/3RR1K1 b kq - 1 28,56,e260,d8d6,-266,71,h7h5,0.0093,0.0114,0.0154,0.0217,f8c5,f8c5,f8c5,f8c5,210.0,0.0217,0.0124,True,elite,03_elite_b2,2513,2515,2515,False,True
3r4/p4p1k/1p3rpp/P2p3n/1RpP1P2/B1P1P2q/5P1P/3Q2RK b - - 0 30,60,e262,h3f5,181,18,b6a5,0.0119,0.0166,0.0187,0.0173,b6a5,b6a5,b6a5,h5g7,153.0,0.0187,0.0054,True,elite,03_elite_b2,2372,2538,2538,False,True
r1b3q1/p1bknp2/1p2pB1r/3PP1N1/5P2/1P1Q1p2/7P/R5K1 b - - 0 26,52,e266,d7e8,352,5,e6d5,0.0133,0.0101,0.0064,0.0048,e7d5,e7d5,e7d5,e7d5,2351.0,0.0133,-0.0085,True,elite,03_elite_b2,2656,2561,2561,False,True
3r1nk1/1bqr2np/pp2pP2/2p2p2/2P5/3P1NP1/PB2QPB1/2RR2K1 b - - 0 24,48,e268,b7f3,-304,18,g7e8,0.0188,0.0271,0.0301,0.0231,g7h5,g7h5,g7h5,g7h5,156.0,0.0301,0.0043,True,elite,03_elite_b2,2643,2526,2526,False,True
1r3rk1/7p/1BRP2pP/1B2p3/p4pP1/8/PP6/2n2K2 b - - 0 34,68,e269,g8f7,-303,150,e5e4,0.0021,0.0013,0.0009,0.0012,c1a2,c1a2,c1a2,c1a2,399.0,0.0021,-0.0009,True,elite,03_elite_b2,2496,2516,2516,False,True
r3r1k1/p3bpp1/2pq3p/4pP1Q/1p2P3/3P1P1P/PP1B4/3R1R1K b - - 2 22,44,e271,g8f8,-15,98,e8f8,0.0084,0.0097,0.0098,0.0074,d6d3,d6d3,d6d3,d6d3,633.0,0.0098,-0.001,True,elite,03_elite_b2,2435,2532,2532,False,True
rn4k1/p3qpp1/1pp4p/8/8/3Q2P1/PP2rPBP/3R1RK1 b - - 3 18,36,e275,e7e8,-114,23,a7a5,0.0102,0.0132,0.0152,0.0178,e2b2,e2b2,e2b2,e2b2,145.0,0.0178,0.0076,True,elite,03_elite_b2,2511,2348,2348,False,True
rnQ4R/4qpp1/1pp1r1kp/p7/7P/5BP1/PP3P2/5RK1 b - - 0 24,48,e275,a5a4,-494,14,e7f6,0.0147,0.0136,0.0139,0.0149,e6e1,e6e1,e7a7,e7a7,120.0,0.0149,0.0002,True,elite,03_elite_b2,2511,2348,2348,False,True
6QR/5pp1/1pp1r1kp/p3n3/7P/6P1/Pq3P2/3B1RK1 b - - 2 28,56,e275,b2d2,-528,41,e5d3,0.0183,0.0204,0.0222,0.0263,b2a2,b2a2,b2a2,b2a2,276.0,0.0263,0.008,True,elite,03_elite_b2,2511,2348,2348,False,True
7R/5pp1/1pp1rk1p/p7/7P/3Q2P1/Pq3P2/3B1RK1 b - - 0 30,60,e275,b2b4,-758,16,b2a2,0.0174,0.0271,0.0367,0.045,b2a2,b2a2,b2a2,b2a2,1227.0,0.045,0.0276,True,elite,03_elite_b2,2511,2348,2348,False,True
2k2r2/rq2bN2/2nBP2p/1pQ3p1/3p4/6P1/PP3P1P/R3R1K1 b - - 0 24,48,e278,f8g8,-739,15,a7a6,0.0047,0.0039,0.0034,0.0036,e7d6,e7d6,e7d6,e7d6,208.0,0.0047,-0.0011,True,elite,03_elite_b2,2521,2521,2521,False,True
5r2/2k2N2/Q1n1P2p/6p1/1q1p4/6P1/PP3P1P/2R1R1K1 b - - 2 28,56,e278,b4e1,-985,11,c7b8,0.0202,0.0208,0.0211,0.0174,b4b6,b4b6,b4b6,b4b6,1004.0,0.0211,-0.0028,True,elite,03_elite_b2,2521,2521,2521,False,True
3q1rk1/p5b1/2Q4n/2NPpb2/2Pp1p2/7P/P5P1/R1B2RK1 b - - 2 22,44,e284,d8b6,-94,25,d8h4,0.0068,0.0058,0.0053,0.0049,d8g5,d8g5,d8g5,d8g5,179.0,0.0068,-0.0019,True,elite,03_elite_b2,2562,2485,2485,False,True
5rk1/p5b1/2QP3n/2N1p3/2Pp1p1q/7P/P7/R1B2RK1 b - - 0 24,48,e284,f4f3,0,293,h4g3,0.02,0.014,0.0117,0.0132,h4g3,h4g3,h4g3,h4g3,461.0,0.02,-0.0068,True,elite,03_elite_b2,2562,2485,2485,False,True
rn3rk1/pp2bp1p/2p3p1/8/3qB3/6PQ/PPP2P2/R1B1R1K1 b - - 1 14,28,e286,b8a6,30,29,e7f6,0.0352,0.0275,0.0227,0.0197,e7c5,e7c5,e7c5,e7c5,127.0,0.0352,-0.0155,True,elite,03_elite_b2,2482,2647,2647,False,True
6N1/5pbp/p3b1p1/7k/2q5/6Q1/5PPP/4R1K1 b - - 10 28,56,e287,c4c3,-92,132,g6g5,0.0281,0.0316,0.0343,0.0341,c4b4,c4b4,c4b4,c4b4,196.0,0.0343,0.006,True,elite,03_elite_b2,2470,2505,2505,False,True
4r1k1/rp3p2/2p3p1/3p2q1/pQ1Pb2p/P3P2P/1P3PP1/2R1RBK1 b - - 3 30,60,e288,e8e7,0,0,e4f5,0.0117,0.0145,0.0219,0.0341,e4f5,e4f5,e4f5,e8e6,151.0,0.0341,0.0224,True,elite,03_elite_b2,2560,2836,2836,False,True
rn1qr1k1/5pp1/1p1b1np1/2pNN3/3P2P1/4BQ1P/PP3P2/R3R1K1 b - - 0 18,36,e290,a8a4,-146,7,d6e5,0.0085,0.0037,0.002,0.0017,f6d5,d6e5,d6e5,d6e5,131.0,0.0085,-0.0068,True,elite,03_elite_b2,2591,2490,2490,False,True
rnb2rk1/ppNpppbp/5np1/8/3Nq3/2P1B3/PP3PPP/R2QKB1R b KQ - 1 10,20,e291,b7b6,-113,21,e7e5,0.0421,0.0461,0.0477,0.0328,f6g4,f6g4,f6g4,f6g4,137.0,0.0477,-0.0093,True,elite,03_elite_b2,2607,2514,2514,False,True
1r5r/1b1n1ppp/p2kp3/2p5/q1Pp1PQ1/1N1P4/PB4PP/1R3RK1 b - - 3 24,48,e294,b7a8,112,16,g7g6,0.0009,0.0011,0.0012,0.0016,g7g6,g7g6,g7g6,g7g6,207.0,0.0016,0.0007,True,elite,03_elite_b2,2515,2349,2349,False,True
8/1r2pp2/RP1p4/3P2kp/N2bP3/5K1P/1P3P2/8 b - - 1 34,68,e298,b7b8,-173,2,g5h4,0.019,0.014,0.0115,0.0164,g5h4,g5h4,g5h4,g5h4,109.0,0.019,-0.0026,True,elite,03_elite_b2,2567,2547,2547,False,True
r2qkb1r/1p3pp1/1np1p2p/4Nb2/p2P4/2P3P1/P3PPBP/R1BQR1K1 b kq - 0 14,28,e302,f5h7,-122,9,f8d6,0.006,0.0084,0.0103,0.0121,b6d5,b6d5,b6d5,f8e7,151.0,0.0121,0.0061,True,elite,03_elite_b2,2504,2468,2468,False,True
5k2/5p2/2p1rP1p/3p2P1/5P1P/3R4/5K2/8 b - - 0 30,60,e305,f8g8,-225,40,h6g5,0.0328,0.0335,0.0317,0.0446,h6g5,h6g5,h6g5,h6g5,115.0,0.0446,0.0118,True,elite,03_elite_b2,2500,2329,2329,False,True
r5k1/1q3pp1/5n1p/pP1pr3/P1pR4/2B3P1/2R1PP1P/3Q2K1 b - - 6 34,68,e308,e5g5,-129,2,e5f5,0.0351,0.0408,0.0374,0.0262,f6e4,f6e4,e5e6,e5e6,141.0,0.0408,-0.0089,True,elite,03_elite_b2,2967,2707,2707,False,True
3r2k1/7p/p3p1q1/2Rr1ppN/6P1/1P2QP2/P3P1KP/5R2 b - - 0 26,52,e309,d5d7,-547,35,d5c5,0.0034,0.0042,0.0051,0.007,f5g4,f5f4,f5f4,f5f4,106.0,0.007,0.0036,True,elite,03_elite_b2,2545,2560,2560,False,True
6k1/4Q2p/p3p3/5qp1/4N3/1P3P2/P5KP/8 b - - 6 34,68,e309,f5f7,-621,265,g8h8,0.0202,0.0207,0.0183,0.0195,g5g4,g5g4,g5g4,g5g4,1364.0,0.0207,-0.0007,True,elite,03_elite_b2,2545,2560,2560,False,True
r2r4/1kp1b1p1/1q3p2/1p2n2p/1P1RPP1P/1QB3P1/6B1/3R2K1 b - - 2 26,52,e317,c7c5,-19,123,d8d6,0.0161,0.0112,0.0077,0.0075,e5c6,e5c6,e5c6,e5c6,330.0,0.0161,-0.0086,True,elite,03_elite_b2,2524,2503,2503,False,True
r1r2k2/p4p1p/R1pPp1p1/8/1P6/3R3P/1bN3P1/7K b - - 3 32,64,e318,c8b8,154,3,e6e5,0.0071,0.0049,0.0038,0.0029,f8e8,f8e8,f8e8,f8e8,693.0,0.0071,-0.0042,True,elite,03_elite_b2,2653,2574,2574,False,True
7r/2p3k1/1p2q1pp/2rR4/p3PQn1/P5N1/1P4P1/1K3R2 b - - 3 32,64,e321,c5c4,41,7,c5c6,0.0205,0.0136,0.0093,0.0076,c5d5,c5d5,c5d5,c5d5,227.0,0.0205,-0.0129,True,elite,03_elite_b2,2565,2527,2527,False,True
4r1k1/3n1ppp/2p1q2r/2P1p3/1P2P3/P1N2PP1/4Q2P/3R1RK1 b - - 0 28,56,e322,h6g6,-279,17,d7f6,0.0153,0.0145,0.0115,0.0089,d7f6,d7f6,d7f6,d7f6,111.0,0.0153,-0.0064,True,elite,03_elite_b2,2698,2554,2554,False,True
2Q1bbk1/pp3p1p/n5p1/4N3/4pB2/P7/1q3PPP/3R2K1 b - - 1 24,48,e325,g6g5,-462,10,b2b3,0.0018,0.0008,0.0005,0.0005,e8a4,e8a4,e8a4,e8a4,798.0,0.0018,-0.0013,True,elite,03_elite_b2,2822,2551,2551,False,True
2Q2bk1/pp1N1p1p/n5pB/8/4p3/q2b4/5PPP/1R4K1 b - - 3 28,56,e325,d3b5,-1057,48,d3b1,0.0024,0.002,0.0016,0.0014,d3b1,d3b1,d3b1,d3b1,931.0,0.0024,-0.001,True,elite,03_elite_b2,2822,2551,2551,False,True
r5k1/r5p1/1n3pq1/2N1p3/pPP3b1/P1BP2Q1/5P1K/R4R2 b - - 1 32,64,e327,b6d7,-11,90,g8f7,0.0132,0.0097,0.0088,0.0111,g6h5,g6h5,g6h5,g6h5,178.0,0.0132,-0.0021,True,elite,03_elite_b2,2510,2502,2502,False,True
2r1nrk1/pp1qb1pp/1n2b3/2p1Pp2/5P2/1NPNBB1P/PP4P1/R2Q1RK1 b - - 2 18,36,e332,d7b5,-170,46,b6c4,0.0132,0.0141,0.0162,0.0164,c5c4,c5c4,c5c4,c5c4,275.0,0.0164,0.0032,True,elite,03_elite_b2,2629,2647,2647,False,True
rn2k2r/pp3ppp/2pb4/3p4/8/2PBB3/PPP2PPP/2KR3R b kq - 1 14,28,e334,b7b5,-106,25,e8g8,0.0112,0.0119,0.0089,0.0078,e8g8,e8g8,e8g8,e8g8,115.0,0.0119,-0.0034,True,elite,03_elite_b2,2592,2429,2429,False,True
r2qr1k1/1bp2ppp/p2p1bn1/1p1P1N2/4NP2/7P/PPP3P1/R1BQR1K1 b - - 0 16,32,e345,g6h4,1,19,g8h8,0.0431,0.042,0.0369,0.0326,f6h4,f6h4,f6h4,e8e4,143.0,0.0431,-0.0105,True,elite,03_elite_b2,2605,2817,2817,False,True
6k1/p4pp1/4b2p/1q6/3R1QP1/7P/P1rB2BK/4R3 b - - 6 34,68,e346,b5e8,-618,21,b5b2,0.0092,0.0093,0.0074,0.0049,c2a2,c2a2,c2a2,c2a2,1376.0,0.0093,-0.0043,True,elite,03_elite_b2,2508,2546,2546,False,True
6k1/p4pp1/2q4p/3n4/7P/1P3PB1/P2Q2PK/8 b - - 6 34,68,e350,c6b5,-219,7,c6e6,0.0167,0.0217,0.0254,0.0257,d5f6,d5f6,d5f6,d5f6,104.0,0.0257,0.009,True,elite,03_elite_b2,2506,2546,2546,False,True
r1bqk2r/5ppp/p1pbpn2/3p4/4P3/2NB1Q2/PPP2PPP/R1B1R1K1 b kq - 3 10,20,e353,d6e7,-71,46,d8c7,0.0025,0.0052,0.0087,0.0076,e8g8,e8g8,e8g8,e6e5,167.0,0.0087,0.0051,True,elite,03_elite_b2,2616,2459,2459,False,True
r1b4r/5pkp/p2p2p1/N1PPp3/N1P3n1/1R1B4/5P1q/1R2QK2 b - - 3 24,48,e354,h7h5,-177,7,e5e4,0.0029,0.0032,0.0053,0.0162,h2h1,h2h1,h2h1,h2h1,104.0,0.0162,0.0133,True,elite,03_elite_b2,2462,2519,2519,False,True
6k1/p1p1qp1p/1bB5/4B1p1/4Q3/2P3Pb/Pr2PP1P/3R2K1 b - - 0 20,40,e355,b6c5,-127,101,f7f6,0.0094,0.0081,0.0064,0.0058,b2a2,b2a2,f7f6,f7f5,346.0,0.0094,-0.0036,True,elite,03_elite_b2,2648,2635,2635,False,True
r3k2r/1R2bppp/p2pbn2/6B1/2BQP3/q1N5/P1P3PP/4K2R b Kkq - 2 14,28,e356,h7h6,-38,32,a8c8,0.032,0.0252,0.0194,0.0202,e6c4,e6c4,e6c4,e6c4,230.0,0.032,-0.0118,True,elite,03_elite_b2,2998,3010,3010,False,True
rnb2rk1/bp2qpp1/p4n1p/2NpN3/1P3B2/6P1/P2QPPBP/2R2RK1 b - - 0 16,32,e357,g7g5,67,110,f8d8,0.034,0.0272,0.0327,0.0442,a7c5,a7c5,a7c5,a7c5,181.0,0.0442,0.0102,True,elite,03_elite_b2,2529,2371,2371,False,True
r3r1k1/6pp/1q2pn2/p2p1P2/1b1P4/1PpQ2P1/P1N1R1BP/4R1K1 b - - 0 26,52,e359,a8c8,-134,7,e6e5,0.0288,0.0254,0.023,0.0175,e6f5,e6f5,e6f5,e6f5,245.0,0.0288,-0.0113,True,elite,03_elite_b2,2478,2518,2518,False,True
r4rk1/p4ppp/1pn1pn2/1Q6/3P1B2/P3P3/q2N1PPP/1R2KR2 b - - 2 16,32,e360,f6d5,191,111,c6a5,0.011,0.0106,0.0112,0.0097,c6a5,c6a5,c6a5,c6a5,159.0,0.0112,-0.0013,True,elite,03_elite_b2,2431,2552,2552,False,True
2r3k1/p4ppp/1p2pn2/3q4/2rPPB2/P4P2/1Q3KPP/1RR5 b - - 0 22,44,e360,d5d8,-3,12,d5c6,0.0061,0.005,0.0046,0.0043,d5d4,d5d4,d5d4,d5d4,689.0,0.0061,-0.0018,True,elite,03_elite_b2,2431,2552,2552,False,True
r1b1r1k1/5ppp/pp1p4/3Pnq2/P3R3/4P2P/1PB1QPP1/R3B1K1 b - - 0 22,44,e364,f5d7,-324,113,c8d7,0.0233,0.0221,0.0205,0.0176,f5g5,f5g5,f5g5,f5g5,196.0,0.0233,-0.0057,True,elite,03_elite_b2,2555,2612,2612,False,True
1qr2rk1/1b1nbppp/1p2pn2/8/1PNNP3/1Q4P1/1B3PBP/R2R2K1 b - - 2 22,44,e373,c8d8,-96,9,f8d8,0.0029,0.0014,0.0005,0.0002,b7e4,b7e4,b7e4,b7e4,199.0,0.0029,-0.0027,True,elite,03_elite_b2,3063,2782,2782,False,True
4r3/3n1qk1/pR1Q2p1/4p3/P1P5/1PN2PP1/6K1/8 b - - 1 34,68,e376,e8f8,159,176,d7b6,0.0287,0.0326,0.0363,0.0494,d7b6,d7b6,d7b6,d7b6,202.0,0.0494,0.0207,True,elite,03_elite_b2,2572,2539,2539,False,True
1R6/1p1bbpk1/1P1p2p1/3Pp1Pp/4P3/1r2B2P/5PK1/5B2 b - - 13 34,68,e377,d7h3,-237,33,e7g5,0.0236,0.025,0.0248,0.0229,d7b5,d7b5,d7b5,d7b5,226.0,0.025,-0.0007,True,elite,03_elite_b2,2433,2550,2550,False,True
r1q1r1k1/1b1R1pbp/p1n3p1/1pQ5/2p2B2/2P1PN2/PP2BPPP/3R2K1 b - - 4 20,40,e380,c6d4,-86,186,g7f8,0.0013,0.0014,0.0014,0.0014,g7f8,g7f8,g7f8,g7f8,225.0,0.0014,0.0001,True,elite,03_elite_b2,2645,2641,2641,False,True
r3r3/1pqb1nkn/p2p1pp1/2pP4/P3PP1p/R1N4P/1P1QBNP1/2R3K1 b - - 4 24,48,e381,c7a5,-65,27,a8b8,0.0337,0.026,0.0249,0.0282,g6g5,g6g5,g6g5,g6g5,120.0,0.0337,-0.0055,True,elite,03_elite_b2,2547,2476,2476,False,True
1rbqkb1r/5ppp/p1n1p3/3n4/Np3P2/8/PPPB1QPP/1K1R1BNR b k - 1 12,24,e386,d5c3,410,265,f8e7,0.035,0.0213,0.0115,0.0079,c8d7,c8d7,d8a5,d8a5,276.0,0.035,-0.0271,True,elite,03_elite_b2,2418,2528,2528,False,True
1rb1k2r/5ppp/p3p3/q3N3/1n3P2/bPp1B3/P1P2QPP/1K1R1B1R b k - 5 18,36,e386,a3c1,-171,109,e8g8,0.0084,0.0061,0.0051,0.0057,a3b2,a3b2,a3b2,a3b2,163.0,0.0084,-0.0027,True,elite,03_elite_b2,2418,2528,2528,False,True
3r2k1/ppq2bp1/5p2/2b5/PnN1R3/1Q1P2PP/1B5K/5B2 b - - 4 28,56,e390,c5g1,349,204,f7d5,0.0041,0.0046,0.0051,0.0056,f7g6,f7g6,f7d5,f7d5,201.0,0.0056,0.0015,True,elite,03_elite_b2,2659,2627,2627,False,True
1nk3rr/3q1pp1/1p2p2p/p2pPn1P/b1pP1PRN/P1P1B3/2PQB1P1/R3K3 b Q - 4 20,40,e397,a4c2,114,55,f5e3,0.0023,0.0025,0.0031,0.0051,f5h4,f5h4,f5h4,f5h4,135.0,0.0051,0.0028,True,elite,03_elite_b2,2473,2552,2552,False,True
r2qr1k1/1b2ppbp/p1pp1np1/3P2P1/1n2P3/2N1BN1P/1PPQBP2/2KR3R b - - 0 14,28,e398,d8a5,450,6,f6d7,0.0245,0.0176,0.0139,0.0115,f6d7,f6d7,f6d7,f6d7,257.0,0.0245,-0.013,True,elite,03_elite_b2,2475,2546,2546,False,True
r1b2rk1/p1p1q1pp/n1P2n2/P3pp2/1p1p4/1N1Q1PP1/1PP1PBBP/R4RK1 b - - 2 18,36,e400,e7e6,-95,30,a6c5,0.0259,0.0202,0.0142,0.0104,a6c5,a6c5,a6c5,a6c5,126.0,0.0259,-0.0155,True,elite,03_elite_b2,2554,2429,2429,False,True
r4rk1/p3nbb1/3p2pp/q1PP1p2/3B1P2/2P4N/P2Q2BP/2KR3R b - - 2 20,40,e403,f8b8,599,10,a5a3,0.0035,0.0029,0.0026,0.0033,d6c5,d6c5,d6c5,d6c5,376.0,0.0035,-0.0002,True,elite,03_elite_b2,2543,2693,2693,False,True
r1r3k1/3Q1pbp/6p1/3N4/P2Nn3/3pP2P/1B3qP1/R2R3K b - - 1 28,56,e405,c8e8,0,0,e4g3,0.0086,0.0101,0.0107,0.0111,f2b2,f2b2,f2b2,f2b2,393.0,0.0111,0.0025,True,elite,03_elite_b2,2718,2742,2742,False,True
2kr3r/1p4p1/1P6/5b1p/3B1n1P/2P2Pp1/PP4B1/R3R1K1 b - - 0 24,48,e406,f4g6,-256,10,h8e8,0.0066,0.0067,0.0066,0.0065,f4g2,f4g2,f4g2,f4g2,183.0,0.0067,-0.0001,True,elite,03_elite_b2,2415,2577,2577,False,True
2krr3/1p4p1/1P6/5b1p/7P/2PnBPp1/PP2R1B1/R5K1 b - - 4 26,52,e406,e8e7,145,8,d3f4,0.0197,0.0159,0.0132,0.0127,d3f4,d3f4,d3f4,d3f4,145.0,0.0197,-0.007,True,elite,03_elite_b2,2415,2577,2577,False,True
2krr3/1p4p1/1P6/5b1p/7P/2PnBPp1/PP2R1B1/R5K1 b - - 8 28,56,e406,e8e6,133,2,d3b2,0.0286,0.0291,0.0301,0.0322,d3f4,d3f4,d3f4,d3f4,127.0,0.0322,0.0036,True,elite,03_elite_b2,2415,2577,2577,False,True
2r2bk1/1p1q1pp1/2b2n1p/r2p4/p6B/2N1PN1P/PPR2PP1/2RQ2K1 b - - 23 28,56,e409,d7d6,-54,2,f6e8,0.0246,0.0253,0.0189,0.0126,a4a3,f6e4,f6e4,f6e4,328.0,0.0253,-0.012,True,elite,03_elite_b2,2834,2706,2706,False,True
r3k3/pb3p2/4p2b/2P1P3/1pp1N1P1/5K2/PP6/R2R4 b q - 0 28,56,e410,a8c8,-38,4,c4c3,0.0347,0.0317,0.0311,0.0314,f7f5,e8e7,e8e7,e8e7,201.0,0.0347,-0.0033,True,elite,03_elite_b2,3008,2930,2930,False,True
1b2B1k1/p3rpp1/7p/3p4/6Q1/qPB3P1/P4P2/3R1bK1 b - - 1 26,52,e411,d5d4,-292,140,f7f5,0.0116,0.014,0.016,0.0184,f1e2,b8e5,b8e5,b8e5,150.0,0.0184,0.0068,True,elite,03_elite_b2,2545,2612,2612,False,True
r3r3/pp2q1pk/2p1bp2/5n2/P3NQR1/3R4/1PP2PPP/6K1 b - - 1 24,48,e414,e8d8,403,2,f5h6,0.015,0.006,0.004,0.0058,f5h6,f5h6,f5h6,f5h6,141.0,0.015,-0.0092,True,elite,03_elite_b2,2429,2500,2500,False,True
6r1/1p1bkr2/p3p3/P2pB3/3N1P2/3B1K2/2P3P1/7R b - - 6 34,68,e415,g8g5,-516,80,g8c8,0.0236,0.0223,0.0214,0.0205,d7a4,d7a4,d7a4,d7a4,111.0,0.0236,-0.0031,True,elite,03_elite_b2,2387,2533,2533,False,True
r4kr1/1p3q2/p2bRBp1/2pQ1n1p/5P2/1P4P1/P1PP3P/5RK1 b - - 2 22,44,e416,f7c7,-179,156,g8g7,0.0062,0.0073,0.0092,0.0106,a8e8,a8e8,a8e8,a8e8,204.0,0.0106,0.0044,True,elite,03_elite_b2,2516,2556,2556,False,True
r3rnk1/3q1pb1/6pp/p1R1pn2/2P5/PQB3PP/3N1PK1/2N1R3 b - - 0 30,60,e418,f5h4,116,27,f8e6,0.0019,0.0013,0.0007,0.0004,f8e6,f5d4,f5d4,f5d4,116.0,0.0019,-0.0015,True,elite,03_elite_b2,2534,2542,2542,False,True
r2r2k1/3qbppp/2p1p3/1p2P2N/2nP4/P1Q5/1P3PPP/2BR1RK1 b - - 11 26,52,e426,c4e5,-102,2,g7g6,0.0048,0.0033,0.0021,0.0012,g7g6,d7d5,d7d5,d7d5,316.0,0.0048,-0.0036,True,elite,03_elite_b2,2548,2678,2678,False,True
3q1r1k/1p2bb1p/2p1Bnp1/p1P1Q3/P2B1N1P/1P2P3/8/5R1K b - - 4 32,64,e434,f7e8,-479,29,b7b6,0.0351,0.037,0.0341,0.0305,f7e6,f7e6,f7e6,h8g7,207.0,0.037,-0.0046,True,elite,03_elite_b2,2550,2457,2457,False,True
4rr1k/1pb3p1/1nb3Pp/p5R1/P1PR1p2/1P5Q/1B3P1P/2K5 b - - 5 28,56,e436,c6g2,-540,42,h8g8,0.0006,0.0005,0.0003,0.0002,e8e1,e8e1,e8e1,e8e1,578.0,0.0006,-0.0004,True,elite,03_elite_b2,2525,2562,2562,False,True
3r2k1/1pp1Rpb1/7p/p4bp1/3p4/3P2P1/1PPQ1PBP/q3N1K1 b - - 3 22,44,e437,g7f6,213,2,d8d7,0.0457,0.0266,0.0171,0.0174,a1b2,a1b2,a1b2,a1b2,234.0,0.0457,-0.0283,True,elite,03_elite_b2,2525,2656,2656,False,True
4R3/1Bpr1pbk/7p/p4bp1/3p4/3P2P1/1PPQ1P1P/q3N1K1 b - - 0 24,48,e437,d7d6,-18,9,a1b2,0.0136,0.0107,0.0092,0.0104,a1b2,a1b2,a1b2,a1b2,140.0,0.0136,-0.0032,True,elite,03_elite_b2,2525,2656,2656,False,True
2krr3/1p2p3/2p1b2p/p3Pp2/P1P2npP/1P6/1RPN1PP1/3RNK2 b - - 1 20,40,e438,e6f7,57,1,f4g6,0.0268,0.0235,0.0209,0.0249,f4g6,f4g6,f4g6,f4g6,116.0,0.0268,-0.0019,True,elite,03_elite_b2,2451,2515,2515,False,True
r3rb1k/2q4n/3p1P2/3n2PQ/p2B3P/1Pp4R/P1P1NN2/2R1K3 b - - 2 28,56,e440,e8e5,-511,16,e8e2,0.0038,0.0044,0.0056,0.0074,d5f4,d5f4,d5f4,d5f4,388.0,0.0074,0.0036,True,elite,03_elite_b2,2522,2358,2358,False,True
r2r2k1/2b2npp/p1q2p2/8/P4P2/2B4P/1P1N1QP1/4RR1K b - - 3 26,52,e442,d8e8,-79,14,c6a4,0.0494,0.0376,0.0287,0.0254,c6a4,c6a4,c6a4,c6a4,210.0,0.0494,-0.024,True,elite,03_elite_b2,2626,2572,2572,False,True
r3r1k1/2b2npp/p4p2/8/q3NP2/2B2Q1P/1P4P1/4RR1K b - - 3 28,56,e442,a4d7,-245,46,a8d8,0.0201,0.0247,0.0236,0.019,f6f5,f7d6,f7d6,f7d6,293.0,0.0247,-0.0011,True,elite,03_elite_b2,2626,2572,2572,False,True
3r2k1/1pp2ppp/2p1r3/p1P1P3/N6q/P3B2b/1PQ1BP2/R2R2K1 b - - 4 24,48,e447,d8d5,85,127,d8d1,0.0162,0.0138,0.0132,0.0182,e6g6,e6g6,e6g6,e6g6,125.0,0.0182,0.002,True,elite,03_elite_b2,2650,2556,2556,False,True
1k1r3r/3pq1p1/1pbNp3/pN5p/1bP1B1n1/1P5P/4QPP1/R2R2K1 b - - 0 24,48,e448,e7h4,34,16,d8f8,0.0113,0.0099,0.01,0.0139,c6e4,c6e4,c6e4,c6e4,1507.0,0.0139,0.0026,True,elite,03_elite_b2,2556,2532,2532,False,True
6k1/p3rpp1/7p/2pqBr2/3P2b1/2P1RN2/P1P1QPK1/1R6 b - - 4 24,48,e449,c5c4,65,6,d5c6,0.0111,0.0072,0.006,0.0054,c5d4,c5d4,c5d4,c5d4,283.0,0.0111,-0.0057,True,elite,03_elite_b2,2540,2643,2643,False,True
6k1/p4pp1/2q1r3/4Br1p/2pP2b1/2P1RN2/P1P2PK1/1R1Q4 b - - 3 28,56,e449,g4f3,463,129,c6d5,0.0327,0.0193,0.0105,0.0068,e6g6,e6g6,e6g6,e6g6,150.0,0.0327,-0.0259,True,elite,03_elite_b2,2540,2643,2643,False,True
6k1/p2rbp2/b3p2B/2p1P3/2P3Pp/R2BK3/P6P/8 b - - 7 30,60,e454,a6b5,-98,1,a6c8,0.0005,0.0004,0.0003,0.0003,a6b7,a6b7,a6b7,a6b7,122.0,0.0005,-0.0002,True,elite,03_elite_b2,2990,2705,2705,False,True
r2qr1k1/1p1n1ppp/3Nb2b/p1pnP3/P2p4/1P1Q1N2/1BP2PPP/R3RBK1 b - - 3 20,40,e462,d7e5,90,181,d5b4,0.0068,0.004,0.0026,0.0019,e8e7,e8e7,e8e7,e8e7,199.0,0.0068,-0.0049,True,elite,03_elite_b2,2584,2649,2649,False,True
2bq1rk1/1pp1b2p/3p1np1/2nP2N1/2P5/P4BP1/PBQ4P/4RRK1 b - - 1 18,36,e468,f6d7,-335,98,c8f5,0.0253,0.0192,0.0114,0.0068,c8f5,c8f5,c8f5,c8f5,138.0,0.0253,-0.0185,True,elite,03_elite_b2,2541,2663,2663,False,True
5bk1/qpp4p/3p1Bp1/3P4/2P5/P2n1BPK/P3Q2P/4RR2 b - - 0 24,48,e468,d3e5,-935,395,d3e1,0.027,0.0245,0.0222,0.0223,d3e1,d3e1,d3e1,d3e1,1064.0,0.027,-0.0047,True,elite,03_elite_b2,2541,2663,2663,False,True
r2q1rk1/1pp2ppn/p1n1b2p/3p2P1/3P1N1P/2NB1P2/PPPQ4/2KR3R b - - 2 14,28,e469,c6b4,-319,36,g8h8,0.0112,0.0085,0.0101,0.0135,h6g5,h6g5,h6g5,h6g5,489.0,0.0135,0.0023,True,elite,03_elite_b2,2585,2403,2403,False,True
1b3rk1/5p2/1p2p2p/p2p2q1/3P3p/1Q2RNP1/PP1r2P1/5RK1 b - - 6 28,56,e470,d2b2,33,33,d2g2,0.0035,0.0036,0.0033,0.0031,g5g3,g5g3,g5g3,g5g3,331.0,0.0036,-0.0004,True,elite,03_elite_b2,2702,2562,2562,False,True
3r4/P2Pk1pp/5p2/8/2p2P2/8/1KP3PP/3R4 b - - 2 28,56,e472,h7h6,-738,6,d8a8,0.0212,0.0212,0.0226,0.0263,d8a8,d8a8,d8a8,d8a8,126.0,0.0263,0.0051,True,elite,03_elite_b2,2587,2572,2572,False,True
8/pppk1p2/1b3B2/nP1b4/2p4P/2Pp3R/P3Nr2/RN4K1 b - - 1 22,44,e474,d3e2,1994,1320,f2e2,0.014,0.0095,0.0081,0.0088,f2f6,f2f6,f2f6,f2f6,1424.0,0.014,-0.0052,True,elite,03_elite_b2,2541,2545,2545,False,True
r2r4/pp2kppb/3Rp2p/2p1P3/2P1PPP1/P1B1K2P/8/3R4 b - - 0 28,56,e483,e7e8,-166,38,d8d6,0.0095,0.006,0.004,0.004,d8d6,d8d6,d8d6,d8d6,118.0,0.0095,-0.0055,True,elite,03_elite_b2,2685,2702,2702,False,True
r3k2r/pbppq1pp/np6/3P1p2/2P1n3/P4N2/1PQ1PP1P/R1B1KBR1 b Qkq - 0 12,24,e487,c7c6,-73,46,e7f6,0.0285,0.0099,0.0047,0.003,e8c8,e8c8,e8c8,a6c5,235.0,0.0285,-0.0255,True,elite,03_elite_b2,2453,2562,2562,False,True
r1bqk2r/pp1nppbp/2p3p1/3n2B1/3PP3/5N2/PP1N1PPP/R2QKB1R b KQkq - 0 8,16,e488,h7h6,-13,56,d5b6,0.0127,0.0069,0.0053,0.0053,d5f6,d5b6,d5b6,d5b6,109.0,0.0127,-0.0074,True,elite,03_elite_b2,2644,2581,2581,False,True
rn1qkb1r/pp3ppp/2p1pn2/5b2/8/1PN2N1P/PBPPQ1P1/R3KB1R b KQkq - 0 8,16,orph_39870,h7h5,96,15,f8e7,0.009,0.006,0.0045,0.0059,f8d6,f5c2,f5c2,f5c2,207.0,0.009,-0.0031,True,elite,03_elite_b2,2536,2477,2477,False,True
6k1/5p2/Q3p1p1/3pP2p/p2P3P/6K1/1q2NPP1/2b5 b - - 0 30,60,e498,c1h6,483,79,a4a3,0.0209,0.0256,0.0276,0.0388,a4a3,a4a3,a4a3,a4a3,278.0,0.0388,0.0179,True,elite,03_elite_b2,2511,2456,2456,False,True
2r3k1/5pp1/p3p3/3nP2p/2qP3P/P3B1P1/2pQ1P2/2R3K1 b - - 1 28,56,e505,d5e7,313,51,c4b3,0.0195,0.0186,0.0158,0.0143,c4b3,c4b3,c4b3,c4b3,109.0,0.0195,-0.0052,True,elite,03_elite_b2,2334,2586,2586,False,True
r2r2k1/5p2/1pp1n1p1/p3P1Pp/PnPB1P1q/4P3/3R2QN/3R2K1 b - - 5 34,68,e506,b4a6,-79,22,c6c5,0.0057,0.0038,0.0026,0.0024,c6c5,c6c5,c6c5,c6c5,165.0,0.0057,-0.0033,True,elite,03_elite_b2,2646,2626,2626,False,True
r1bqk2r/1p2bppp/p2p4/2pPn3/2P5/8/PPB1QPPP/RNB1R1K1 b kq - 1 12,24,e512,f7f5,-44,51,e8g8,0.0021,0.0015,0.0017,0.0025,e8g8,e8g8,e8g8,e8g8,235.0,0.0025,0.0004,True,elite,03_elite_b2,2404,2529,2529,False,True
r4rk1/p3ppbp/1qb3p1/3pN3/3Pn3/2N4P/PP3PP1/R1BQ1RK1 b - - 1 14,28,e514,f8d8,57,20,g7e5,0.0257,0.0247,0.0266,0.0363,e4c3,e4c3,e4c3,c6b7,214.0,0.0363,0.0106,True,elite,03_elite_b2,2506,2440,2440,False,True
2r2rk1/pp2bppp/1nnp4/5q2/2PP4/1Q3NBP/P2N1PP1/1R2R1K1 b - - 0 20,40,e516,f5a5,-153,14,f8e8,0.0061,0.0049,0.0045,0.0046,c6a5,c6a5,e7f6,e7f6,121.0,0.0061,-0.0015,True,elite,03_elite_b2,2692,2453,2453,False,True
5k2/3q1p1p/pB1P1bp1/1p1Q4/8/7P/P4PP1/6K1 b - - 1 34,68,e516,h7h5,-87,6,f8g7,0.047,0.0365,0.034,0.0421,f8g7,f8g7,f8g7,f8e8,272.0,0.047,-0.0049,True,elite,03_elite_b2,2692,2453,2453,False,True
4r1k1/1p3pP1/3p3p/p2N2bn/P5R1/1BP2R2/KP5P/4r3 b - - 2 28,56,e517,e8e4,-147,20,e8e6,0.046,0.0348,0.0267,0.0259,h5g7,h5g7,h5g7,h5g7,310.0,0.046,-0.0201,True,elite,03_elite_b2,2506,2430,2430,False,True
5rk1/pp1rbppp/4q3/2p5/2P1p3/1PBnP2P/P1Q2PP1/1N1R1RK1 b - - 3 20,40,e519,f7f5,168,45,f8d8,0.015,0.0197,0.0255,0.0356,f8d8,f8d8,f8d8,f8d8,106.0,0.0356,0.0206,True,elite,03_elite_b2,2606,2598,2598,False,True
5rk1/1p1R1pp1/2p4p/p3q3/Pn1QP3/4P1PP/1P2N2K/8 b - - 3 32,64,e526,e5e8,19,18,e5e6,0.0424,0.0366,0.0281,0.0223,e5d4,e5d4,e5d4,e5e6,150.0,0.0424,-0.0201,True,elite,03_elite_b2,2651,2620,2620,False,True
6k1/1b1qnp2/p3p1p1/1p1pPnNp/3P3P/1P4PB/P3NP2/2Q3K1 b - - 0 26,52,e527,a6a5,-133,19,d7c6,0.0449,0.0287,0.0181,0.0139,e7c6,e7c6,e7c6,e7c6,179.0,0.0449,-0.031,True,elite,03_elite_b2,2531,2413,2413,False,True
8/1p6/2p2kp1/1n5p/2K1Pp1P/5r2/8/5R1R b - - 1 34,68,e528,b5a3,443,22,f3f1,0.0112,0.0055,0.0037,0.0033,f3f1,f3f1,f3f1,f3f1,406.0,0.0112,-0.0079,True,elite,03_elite_b2,2569,2648,2648,False,True
2r4k/1p2q1p1/5p1p/1RnQ4/2B5/4PP2/5PKP/8 b - - 1 34,68,e529,g7g6,-77,33,e7e5,0.0097,0.0071,0.006,0.0092,c5a4,c5a4,c5a4,c8d8,457.0,0.0097,-0.0005,True,elite,03_elite_b2,2524,2510,2510,False,True
2bq1rnk/2n1p1bp/pr1pP1p1/2pP1p2/2P2PP1/2N1B2P/RPQNB3/5RK1 b - - 0 22,44,e538,c8e6,-212,21,f5g4,0.0057,0.0033,0.0019,0.0011,f5g4,f5g4,f5g4,g8h6,126.0,0.0057,-0.0046,True,elite,03_elite_b2,2413,2588,2588,False,True
3q1rnk/1bn1p1bp/pr1pP1p1/2pP4/2P2PP1/2N1BB2/RPQN4/5RK1 b - - 2 24,48,e538,d8c8,-243,73,d8b8,0.0125,0.0122,0.013,0.0115,g8f6,g8f6,g8f6,c7e8,141.0,0.013,-0.001,True,elite,03_elite_b2,2413,2588,2588,False,True
r2q1k1r/2p2p1p/p1Qb1n2/3p1N2/4n3/1P1B4/PB1P1PPP/R4RK1 b - - 0 20,40,e543,a8b8,-500,19,h8g8,0.0231,0.0184,0.016,0.0171,e4d2,h8g8,h8g8,d6h2,174.0,0.0231,-0.006,True,elite,03_elite_b2,2583,2557,2557,False,True
r2q1kr1/2p2p1p/p1Qb1B2/2np1N2/8/1P1B1P2/P2P2PP/R4RK1 b - - 0 22,44,e543,d8b8,-534,133,d8f6,0.0091,0.0077,0.0081,0.0092,d8f6,d8f6,d6h2,d6h2,340.0,0.0092,0.0001,True,elite,03_elite_b2,2583,2557,2557,False,True
r4rk1/pbq1bppp/1pnp4/2pP4/4N3/2PBPN2/P4PPP/1R1Q1RK1 b - - 0 14,28,e544,c6b8,-75,9,c6a5,0.0337,0.0293,0.0283,0.0484,c6e5,c6e5,c6e5,c6e5,235.0,0.0484,0.0147,True,elite,03_elite_b2,2464,2615,2615,False,True
r1b1kb1r/pp2pppp/2n5/4P3/3P4/3B1N2/Pq1B2PP/R2QK2R b KQkq - 3 12,24,e548,g7g6,-152,23,c8g4,0.0032,0.0026,0.0041,0.0125,c6d4,c6d4,c6d4,c6d4,183.0,0.0125,0.0093,True,elite,03_elite_b2,2692,2554,2554,False,True
r1b1kb1r/pp1q1ppp/4pn2/8/2BN4/8/PPP2PPP/R1BQ1RK1 b kq - 0 10,20,e549,d7c7,-45,1,a7a6,0.0154,0.0176,0.0164,0.0142,f8c5,f8c5,f8c5,f8c5,478.0,0.0176,-0.0012,True,elite,03_elite_b2,2507,2557,2557,False,True
r1bq1rk1/p1p1n1b1/Pp1p1n2/3Pp1pp/1P2Pp2/2N2P2/4BBPP/2RQNRK1 b - - 1 18,36,e554,g7h6,73,16,e7g6,0.0121,0.0115,0.0096,0.009,g5g4,g5g4,g5g4,g5g4,153.0,0.0121,-0.0031,True,elite,03_elite_b2,2545,2545,2545,False,True
r2qk3/ppp2p1Q/2np4/1N2b3/3pP1p1/6P1/PPP2P2/R3K1N1 b Qq - 3 18,36,e560,e8f8,206,34,a7a6,0.0016,0.001,0.0009,0.0016,a7a6,a7a6,a7a6,a7a6,116.0,0.0016,0.0,True,elite,03_elite_b2,2533,2402,2402,False,True
2rqk2r/1p2npp1/p1n1p1b1/b2p2Pp/3P1N1P/P1N1BP2/1PPQ4/1K1R1B1R b k - 4 16,32,e562,a5c3,248,21,c6a7,0.0195,0.0209,0.0213,0.0213,e7f5,e7f5,e7f5,e7f5,107.0,0.0213,0.0018,True,elite,03_elite_b2,2535,2446,2446,False,True
2r1k2r/npbqn1p1/p3ppP1/3p3p/1P1P3P/P1NBBP2/1KPQ4/4R2R b k - 3 22,44,e562,d7c6,-47,28,c7d6,0.0145,0.0146,0.0123,0.0082,f6f5,a7b5,a7b5,a7b5,213.0,0.0146,-0.0063,True,elite,03_elite_b2,2535,2446,2446,False,True
r4k1r/2q3pp/p2pPn2/3Pp1Q1/1p6/3R4/PPP3PP/2K2R2 b - - 1 20,40,e563,f8e8,190,104,c7e7,0.0326,0.0313,0.0252,0.0171,a8c8,c7e7,c7e7,c7e7,103.0,0.0326,-0.0155,True,elite,03_elite_b2,2538,2378,2378,False,True
r3r1k1/pR6/2n1b2p/2q2pp1/3p4/2PQ1PN1/2B3PP/5R1K b - - 0 24,48,e564,a8b8,56,4,c5c3,0.0399,0.032,0.0284,0.0309,d4c3,d4c3,e8e7,e8e7,189.0,0.0399,-0.009,True,elite,03_elite_b2,2539,2580,2580,False,True
r3r1k1/pR6/2n4p/5Np1/2bp4/2q2P2/2B3PP/3Q1R1K b - - 0 26,52,e564,g8h8,6,6,e8e6,0.004,0.0064,0.0089,0.0144,c4f1,c4f1,c4f1,c4f1,2004.0,0.0144,0.0104,True,elite,03_elite_b2,2539,2580,2580,False,True
8/1b1n4/1pn1kr1p/4pp2/6P1/1N1PN2B/5P2/R5K1 b - - 0 30,60,e565,f6g6,-2,1,f5g4,0.0422,0.0349,0.0263,0.0216,f5g4,f5g4,f5f4,f5f4,397.0,0.0422,-0.0206,True,elite,03_elite_b2,2408,2570,2570,False,True
r1bqkb1r/pp4pp/5n2/4p3/2P1Pp2/2Np1N2/PPnK1PPP/R1BQ1B1R b kq - 3 14,28,e571,f6e4,583,297,c2a1,0.0354,0.0364,0.0329,0.0246,c2a1,c2a1,c2a1,c2a1,323.0,0.0364,-0.0108,True,elite,03_elite_b2,2653,2650,2650,False,True
6k1/5ppp/R3b3/4p3/nP6/P2BKPP1/7r/4N3 b - - 3 34,68,e573,g8f8,-445,4,f7f5,0.0014,0.0017,0.002,0.0025,a4c3,a4c3,a4c3,a4b2,1553.0,0.0025,0.0011,True,elite,03_elite_b2,2555,2437,2437,False,True
6r1/ppp2kr1/2n1pp2/3p1n2/3P1NPp/2P2N1P/PP3P2/R4RK1 b - - 0 20,40,e574,g7g4,6,105,f5d6,0.0236,0.0225,0.0209,0.0197,f5h6,f5h6,f5h6,f5h6,260.0,0.0236,-0.0039,True,elite,03_elite_b2,2474,2550,2550,False,True
8/ppp1r3/2nk1Nr1/3ppR2/3P2Pp/2P4P/PP5K/4R3 b - - 5 30,60,e574,b7b5,-114,6,e7e6,0.0076,0.0034,0.0017,0.0014,e5d4,e5d4,e5d4,e5d4,1885.0,0.0076,-0.0062,True,elite,03_elite_b2,2474,2550,2550,False,True
r1br1bk1/5p1p/p5p1/1p1N2P1/3p4/1P6/1PP2PQP/2K3R1 b - - 0 24,48,e577,c8f5,-29,146,c8e6,0.0371,0.0374,0.0362,0.0334,c8b7,c8b7,c8b7,c8b7,469.0,0.0374,-0.0037,True,elite,03_elite_b2,2539,2551,2551,False,True
r2r1b2/5pkp/p3bNp1/1p4P1/3pQ3/1P6/1PP2P1P/2K3R1 b - - 4 26,52,e577,h7h6,-169,32,f8e7,0.0262,0.0176,0.0154,0.0195,a8c8,a8c8,a8c8,a8c8,118.0,0.0262,-0.0067,True,elite,03_elite_b2,2539,2551,2551,False,True
6rk/5p1p/p3bPpQ/1p1r4/1P1p4/8/1PP2P1P/2KR4 b - - 0 32,64,e577,d5d6,-135,17,e6f5,0.0097,0.0073,0.0056,0.0056,d5h5,d5h5,d5h5,d5h5,118.0,0.0097,-0.0041,True,elite,03_elite_b2,2539,2551,2551,False,True
r7/2p5/1p4pp/pP1Pk3/2P1p2P/P1K3Pb/4Br2/3RR3 b - - 6 30,60,e578,f2e2,107,12,a8f8,0.0013,0.0012,0.0009,0.0007,f2g2,a8f8,a8f8,a8f8,107.0,0.0013,-0.0006,True,elite,03_elite_b2,2547,2627,2627,False,True
4r1k1/1p3nBp/p2p2p1/2pP4/2P1q3/8/PP2B1PP/2RQ2K1 b - - 0 24,48,e581,e4e3,203,3,g8g7,0.0252,0.0149,0.0096,0.0076,g8g7,g8g7,e4e2,e4e2,203.0,0.0252,-0.0176,True,elite,03_elite_b2,2509,2555,2555,False,True
2r3k1/1p1r1ppp/p7/2bNq3/2P1P3/1P3N1P/P5P1/2R2RBK b - - 2 22,44,e584,e5e8,214,1,e5e4,0.0119,0.0136,0.014,0.0154,e5e4,e5e4,e5e4,e5e4,486.0,0.0154,0.0035,True,elite,03_elite_b2,2493,2572,2572,False,True
1r1r4/1p2qpk1/2pRp1pn/PnP1P2p/5PP1/P6P/3Q1BK1/3B3R b - - 0 30,60,e589,g7h7,-299,23,h5h4,0.002,0.0023,0.0025,0.0024,b5a3,b5d6,b5d6,h5g4,220.0,0.0025,0.0004,True,elite,03_elite_b2,2585,2494,2494,False,True
1r1r4/1p2qpk1/2pPp1pn/P1P5/P4PPp/7P/3Q1BK1/3B3R b - - 0 32,64,e589,g7h7,-404,9,e7d7,0.0024,0.0021,0.0024,0.003,e7f6,e7f6,e7f6,e7f6,253.0,0.003,0.0006,True,elite,03_elite_b2,2585,2494,2494,False,True
1rbr2k1/4bppp/p1ppp3/q3n3/P3PB2/2N3QP/1PP1BPP1/1R1R2K1 b - - 8 16,32,e590,g8h8,-44,1,b8b4,0.017,0.0307,0.0358,0.032,e5g6,e5g6,e5g6,e5g6,228.0,0.0358,0.015,True,elite,03_elite_b2,2602,2448,2448,False,True
3r2k1/1bq2p1p/3pp1p1/p1n1b2P/2B1P2Q/1P2B3/5PP1/2RR2K1 b - - 1 28,56,e590,d8f8,-269,11,d8b8,0.0118,0.0153,0.0166,0.014,c5e4,c5e4,b7e4,b7e4,177.0,0.0166,0.0022,True,elite,03_elite_b2,2602,2448,2448,False,True
1r4k1/1b3pbp/3pp1p1/p1n1P2P/4qP2/1P2B2Q/6P1/2RR1BK1 b - - 4 32,64,e590,a5a4,-297,31,e4b4,0.0015,0.0006,0.0003,0.0002,c5b3,c5b3,c5b3,c5b3,127.0,0.0015,-0.0013,True,elite,03_elite_b2,2602,2448,2448,False,True
rnb1qr1k/pp2b1pp/2p2n2/3P4/3Pp1P1/1QN1N3/PP2BP1P/R1B1K2R b KQ - 0 12,24,e591,b8a6,42,27,f6d5,0.0105,0.0095,0.0111,0.0226,c6d5,c6d5,c6d5,c6d5,141.0,0.0226,0.0121,True,elite,03_elite_b2,2533,2439,2439,False,True
rnb1r1k1/pp2bpp1/5n1p/2P5/3q3B/2NB1N2/PPQ2PPP/R3K2R b KQ - 1 12,24,e594,e7d8,12,5,d4c5,0.0065,0.0051,0.0044,0.0047,e7c5,e7c5,e7c5,e7c5,120.0,0.0065,-0.0018,True,elite,03_elite_b2,2641,2596,2596,False,True
1q3r2/p5pk/1b1r3p/4Qp2/2Bn4/PbN4P/1P1N1PP1/2R1R1K1 b - - 9 30,60,e594,d4c6,7,105,b6c7,0.0473,0.0427,0.0364,0.0297,b3c4,b3c4,b3c4,b3c4,163.0,0.0473,-0.0176,True,elite,03_elite_b2,2641,2596,2596,False,True
r3nbk1/ppp2r1p/3p1qp1/P1PPp2n/1PN1P3/2N1QPP1/5BK1/2R4R b - - 0 24,48,e599,f8h6,108,130,a7a6,0.0299,0.0247,0.0189,0.0161,e8g7,e8g7,e8g7,e8g7,321.0,0.0299,-0.0138,True,elite,03_elite_b2,2620,2461,2461,False,True
r3nbk1/2p2r1p/p1Pp1qp1/P3p2n/1PN1P3/2N1QPP1/5BK1/2R4R b - - 0 26,52,e599,f8h6,-39,167,f6e6,0.0177,0.0118,0.0074,0.0054,e8g7,e8g7,e8g7,h5g7,307.0,0.0177,-0.0123,True,elite,03_elite_b2,2620,2461,2461,False,True
r4rk1/p4ppp/1qn1bbn1/2N5/3p4/PN4BP/1PP2PP1/R2QRBK1 b - - 2 22,44,e600,f6e5,-227,14,f8e8,0.0261,0.0147,0.0057,0.0017,e6b3,e6b3,e6b3,e6b3,155.0,0.0261,-0.0244,True,elite,03_elite_b2,2628,2700,2700,False,True
2rr4/1b6/1q1kpnN1/p2p4/1n6/1P2P2P/1Q2NPP1/R1R3K1 b - - 2 30,60,e605,d5d4,-107,17,f6d7,0.0128,0.0112,0.013,0.0158,b4d3,b4d3,b4d3,b4d3,404.0,0.0158,0.003,True,elite,03_elite_b2,2587,2559,2559,False,True
2b1r3/3n2Q1/1qnkp1N1/p2p4/3N4/1P2P2P/5PP1/2R3K1 b - - 3 34,68,e605,d7c5,-227,80,c6d4,0.0148,0.0129,0.012,0.0126,c6d4,c6d4,c6d4,c6d4,203.0,0.0148,-0.0022,True,elite,03_elite_b2,2587,2559,2559,False,True
1rbq1rk1/1p2ppbp/p1np1np1/P1p5/2N1P3/5N2/1PPP1PPP/R1BQRBK1 b - - 7 12,24,e610,f6e4,69,30,c8e6,0.0064,0.0059,0.0048,0.0062,b7b5,b7b5,b7b5,b7b5,107.0,0.0064,-0.0002,True,elite,03_elite_b2,2591,2521,2521,False,True
rnb1kb1r/pp1p1ppp/3q4/2pNp3/2B1n3/8/PPP1QPPP/R1B1K1NR b KQkq - 1 8,16,e611,b7b5,127,95,e4f6,0.0225,0.0167,0.0147,0.0131,e4f6,e4f6,e4f6,e4f6,109.0,0.0225,-0.0094,True,elite,03_elite_b2,2553,2576,2576,False,True
r1b1kb1r/pp1p1ppp/2nq1n2/2pNp3/2B2B2/8/PPP1QPPP/2KR2NR b kq - 5 10,20,e611,b7b5,187,84,f6d5,0.0034,0.0022,0.0015,0.0009,f6d5,f6d5,f6d5,f6d5,128.0,0.0034,-0.0025,True,elite,03_elite_b2,2553,2576,2576,False,True
r5k1/pp3pp1/2p5/3p1b1p/N2P4/4P3/3N2PP/R5K1 b - - 1 22,44,e615,a7a5,-54,1,f7f6,0.0164,0.0134,0.0086,0.0055,a8e8,a8e8,a8e8,b7b6,183.0,0.0164,-0.0109,True,elite,03_elite_b2,2812,2744,2744,False,True
8/8/rpp1kpb1/p2p2p1/N2P3p/2N1P3/3K2PP/5R2 b - - 7 32,64,e615,e6e7,-77,2,e6f7,0.0206,0.0238,0.0273,0.0387,b6b5,b6b5,b6b5,a6a8,177.0,0.0387,0.0181,True,elite,03_elite_b2,2812,2744,2744,False,True
3r1rk1/1bp3b1/1p1q3p/4p1p1/pPPB2N1/P2B1PP1/7Q/1K2R2R b - - 0 30,60,e623,f8f3,210,210,d6d4,0.005,0.0038,0.0035,0.0045,d6d4,d6d4,d6d4,d6d4,718.0,0.005,-0.0005,True,elite,03_elite_b2,2525,2554,2554,False,True
2kr3r/1ppb2pp/2n1pp2/p1Rn4/P2P4/4PNPB/P2B1P1P/2R3K1 b - - 0 18,36,e625,d5b6,-70,3,g7g5,0.0216,0.0276,0.0336,0.0409,b7b6,b7b6,b7b6,b7b6,384.0,0.0409,0.0193,True,elite,03_elite_b2,3010,2860,2860,False,True
3rrn1k/pp2q2P/2p2b2/2PN4/3P4/4B3/PPB2Q1K/3R2R1 b - - 0 32,64,e628,f8h7,-818,45,d8d5,0.0145,0.0051,0.0018,0.0005,c6d5,c6d5,c6d5,d8d5,1181.0,0.0145,-0.014,True,elite,03_elite_b2,2604,2454,2454,False,True
2rr1nk1/2q2p1p/4p1p1/p2p2P1/1pB2Q2/1P1R3R/P1P1NP1P/2K5 b - - 1 28,56,e634,e6e5,231,147,c7f4,0.0309,0.0158,0.0094,0.0081,d5c4,d5c4,d5c4,d5c4,288.0,0.0309,-0.0228,True,elite,03_elite_b2,2528,2562,2562,False,True
2rr1nk1/5p1p/4p1p1/p5P1/1pP2N2/3R3R/P1P2P1P/2K5 b - - 0 30,60,e634,d8d7,186,77,f8d7,0.0166,0.016,0.0165,0.0217,c8c4,c8c4,c8c4,c8c4,565.0,0.0217,0.0051,True,elite,03_elite_b2,2528,2562,2562,False,True
rn1qk2r/p3bp1p/4p1p1/1p1bP1N1/2pP2Q1/2P2B2/5PPP/R1B1K2R b KQkq - 5 14,28,e643,a7a5,101,3,b8c6,0.0189,0.026,0.0302,0.0355,d5f3,d5f3,d5f3,d5f3,346.0,0.0355,0.0166,True,elite,03_elite_b2,2688,2611,2611,False,True
4k3/pp1r2r1/2pBbp1p/2P1p1pP/P3PnP1/2P2P2/1RK5/1R3B2 b - - 0 26,52,e645,a7a5,0,74,d7f7,0.0419,0.0361,0.0302,0.0269,e8d8,e8d8,e8d8,e8d8,245.0,0.0419,-0.015,True,elite,03_elite_b2,2516,2447,2447,False,True
8/6R1/2pk1p1p/P3p1pP/2B1PnP1/2P2P2/2K5/8 b - - 0 34,68,e645,f6f5,-956,4,d6c5,0.0039,0.0031,0.0043,0.0085,d6c5,d6c5,d6c5,d6c5,208.0,0.0085,0.0046,True,elite,03_elite_b2,2516,2447,2447,False,True
4r3/pp3kp1/7p/3p3Q/P7/1P2q2P/6PK/8 b - - 1 34,68,e647,f7f6,819,118,f7g8,0.0184,0.0178,0.0174,0.017,g7g6,f7g8,f7g8,f7f8,120.0,0.0184,-0.0014,True,elite,03_elite_b2,2525,2544,2544,False,True
r1rb4/1p5k/3p1np1/pB2q2p/P2Np2P/6P1/1PPQ4/1K2RR2 b - - 1 28,56,e649,e5e7,-187,11,h7g7,0.0009,0.0009,0.0008,0.0008,e5g3,d8b6,d8b6,d8b6,124.0,0.0009,-0.0001,True,elite,03_elite_b2,2781,2591,2591,False,True
8/R4pk1/1p2pp1p/8/1P6/P1n1PBP1/3r1P1P/6K1 b - - 0 28,56,e650,g7g6,-116,125,d2a2,0.0372,0.0213,0.0135,0.0144,d2a2,d2a2,d2a2,d2a2,241.0,0.0372,-0.0228,True,elite,03_elite_b2,2547,2701,2701,False,True
r6k/p4Q1p/2p1pp2/1p1q1np1/3P4/P1P2P2/P2n1BP1/R6K b - - 0 30,60,e651,d2c4,400,14,f5d6,0.0312,0.0328,0.0312,0.0266,d2f3,d5d8,d5d8,d5d8,137.0,0.0328,-0.0046,True,elite,03_elite_b2,2351,2536,2536,False,True
5rk1/ppR1pp1p/5bp1/n2P4/5PbN/6P1/P5BP/1R5K b - - 3 26,52,e653,e7e5,-189,34,a7a6,0.0285,0.0172,0.0111,0.0117,f6h4,f6h4,f6h4,f6h4,143.0,0.0285,-0.0168,True,elite,03_elite_b2,2395,2531,2531,False,True
5rk1/1p4p1/p3p2p/P2pP1p1/R1Nn2P1/2P4P/5PK1/8 b - - 0 32,64,e657,d4f3,277,23,d4c6,0.0392,0.0276,0.0212,0.02,d4b5,d4b5,d4b5,d4b5,188.0,0.0392,-0.0192,True,elite,03_elite_b2,2475,2527,2527,False,True
2b1k3/3p2p1/pp3nNp/8/2P4P/2PQn3/P3Kbq1/2R2R2 b - - 8 28,56,e660,f2g3,1991,915,f2g1,0.0208,0.0234,0.0262,0.0337,e3f1,e3f1,e3f1,e3f1,1362.0,0.0337,0.0129,True,elite,03_elite_b2,2607,2520,2520,False,True
3r1rk1/1pp1qpb1/p1nnb2p/P1N1p1p1/1P2P3/2P1N1B1/2Q1BPPP/R4RK1 b - - 4 20,40,e662,e7f6,-182,23,g8h8,0.0212,0.0154,0.0044,0.0008,e6c8,e6c8,e6c8,e6c8,168.0,0.0212,-0.0204,True,elite,03_elite_b2,2692,2630,2630,False,True
r1bq1rk1/1p3pb1/pn1pp2p/5np1/3P4/1BP2NB1/PP1NQPPP/R3R1K1 b - - 2 14,28,e663,g5g4,248,248,c8d7,0.0141,0.0089,0.0074,0.0069,f5g3,f5g3,f5g3,f5g3,315.0,0.0141,-0.0072,True,elite,03_elite_b2,2556,2539,2539,False,True
r4rk1/1pq2pb1/pn1p3p/5Q2/3PR3/2P3B1/PP3PPP/3R2K1 b - - 0 22,44,e663,c7c8,214,9,c7d7,0.0065,0.0091,0.0114,0.01,b6c4,a8e8,c7d7,c7d7,120.0,0.0114,0.0035,True,elite,03_elite_b2,2556,2539,2539,False,True
r4k2/1p1n1p2/p6p/8/3PR3/2P2P2/PP4PP/6K1 b - - 0 28,56,e663,a8c8,76,24,b7b5,0.0083,0.0061,0.0056,0.0075,a8e8,a8e8,a8e8,a8e8,148.0,0.0083,-0.0008,True,elite,03_elite_b2,2556,2539,2539,False,True
r1bq1rk1/2p2ppp/pbnp1n2/1p2p3/3PP3/1BP1BN1P/PP3PP1/RN1Q1RK1 b - - 2 10,20,e668,c6a5,-31,3,h7h6,0.0337,0.0442,0.0425,0.0345,e5d4,e5d4,e5d4,f6e4,278.0,0.0442,0.0008,True,elite,03_elite_b2,2691,2662,2662,False,True
8/pp1r1kp1/6p1/8/2r1R3/5P1P/P4PK1/4R3 b - - 2 32,64,e670,b7b5,-5,8,c4c2,0.0167,0.0154,0.0204,0.027,c4e4,c4e4,c4c2,c4c2,1992.0,0.027,0.0103,True,elite,03_elite_b2,2342,2521,2521,False,True
r5k1/1p3pbp/8/2P1pp2/1nq1p3/2P1P3/1BQN1PPP/5RK1 b - - 1 20,40,e679,c4f1,546,412,c4c5,0.0088,0.0181,0.0252,0.0287,b4c2,b4c2,b4c2,b4c2,614.0,0.0287,0.0199,True,elite,03_elite_b2,2556,2556,2556,False,True
r3k3/pp2b1p1/3qBrpp/8/1n1p4/P2P2PP/1P2QP2/2R1R1K1 b q - 0 24,48,e680,b4d3,364,108,b4c6,0.0191,0.0144,0.0104,0.0064,b4c6,b4c6,b4c6,b4c6,101.0,0.0191,-0.0127,True,elite,03_elite_b2,2470,2526,2526,False,True
r4k2/1p2b1p1/p1nqBrp1/2R4p/1P1p4/P2P2PP/4QP2/4R1K1 b - - 1 28,56,e680,f6e6,532,14,a8e8,0.0401,0.0257,0.0193,0.0151,c6d8,c6d8,b7b6,b7b6,337.0,0.0401,-0.025,True,elite,03_elite_b2,2470,2526,2526,False,True
1q2rk2/1p1Bb1p1/p1n2rp1/3R3p/1P1p4/P2P2PP/4QP2/4R1K1 b - - 5 30,60,e680,b8c7,92,32,f6f7,0.0276,0.0272,0.0265,0.0272,e8d8,e8d8,e8d8,e8d8,153.0,0.0276,-0.0004,True,elite,03_elite_b2,2470,2526,2526,False,True
6k1/7p/r1p3pB/p1Pp1p2/P3pNnP/4P1P1/2Q2PK1/4q3 b - - 5 34,68,e682,a6a7,478,120,g4h6,0.0211,0.0202,0.0239,0.0429,g4h6,g4h6,g4h6,g4h6,297.0,0.0429,0.0218,True,elite,03_elite_b2,2542,2499,2499,False,True
5r2/5pk1/3pbNp1/2p1p1P1/1BP1P3/1r1P4/7K/R1R5 b - - 0 28,56,e687,f8h8,216,216,c5b4,0.0194,0.0157,0.0105,0.0097,b3b4,b3b4,b3b4,b3b4,224.0,0.0194,-0.0097,True,elite,03_elite_b2,2541,2647,2647,False,True
5r2/5pk1/3pbNp1/4p1P1/1pP1P3/3P2K1/1r6/R2R4 b - - 3 30,60,e687,f8c8,-249,16,f8h8,0.0103,0.0099,0.0131,0.022,f8h8,f8h8,f8h8,f8h8,315.0,0.022,0.0117,True,elite,03_elite_b2,2541,2647,2647,False,True
r1bqr1k1/1pp2ppp/5n2/p3n3/2P5/P3BP1P/1PQ2KP1/4RBNR b - - 2 14,28,e688,f6h5,357,142,b7b6,0.0458,0.0465,0.0472,0.0395,g7g6,c8e6,c8e6,c8e6,329.0,0.0472,-0.0063,True,elite,03_elite_b2,2459,2565,2565,False,True
r1b1kb1r/pp2pp1p/1qn2np1/3p4/2pP1B2/2P1PP2/PPQN2PP/R3KBNR b KQkq - 0 8,16,e689,e7e5,224,132,f6h5,0.0046,0.0018,0.0008,0.0003,c8f5,c8f5,c8f5,c8f5,312.0,0.0046,-0.0043,True,elite,03_elite_b2,2523,2572,2572,False,True
r1b1r1k1/ppp2pp1/5q2/3p3Q/8/5R2/P1P2PPP/2B2RK1 b - - 4 16,32,e693,e8e5,149,174,f6g6,0.0285,0.0152,0.0074,0.0052,f6g6,f6g6,f6g6,f6g6,169.0,0.0285,-0.0233,True,elite,03_elite_b2,2535,2549,2549,False,True
r1b1r1k1/pp3pp1/2p3q1/2Q5/8/5R2/P1P2PPP/2B2RK1 b - - 1 18,36,e693,f7f6,-44,28,b7b6,0.0185,0.0146,0.0073,0.0057,c8g4,c8g4,c8g4,c8g4,333.0,0.0185,-0.0128,True,elite,03_elite_b2,2535,2549,2549,False,True
r1n1rnk1/N1Pq1pp1/4p2p/pN1p4/P7/1P2QP1P/2R3P1/2R3K1 b - - 8 32,64,e695,d5d4,-122,158,e6e5,0.0383,0.0326,0.0336,0.0389,c8a7,c8a7,c8a7,c8a7,187.0,0.0389,0.0006,True,elite,03_elite_b2,2649,2474,2474,False,True
r2qkb1r/pp1npppp/2p2n2/5b2/8/1PN2N1P/PBPPQ1P1/R3KB1R b KQkq - 0 8,16,e696,h7h5,93,10,e7e6,0.0086,0.0054,0.0042,0.0057,e7e6,f5c2,f5c2,f5c2,207.0,0.0086,-0.0029,True,elite,03_elite_b2,2534,2593,2593,False,True
r4rk1/p2nbpp1/2p1p1p1/qp5P/Pn2N1P1/1P6/2PPQ3/BK1R1B1R b - - 0 18,36,e696,d7e5,-309,29,b5a4,0.0032,0.0014,0.0006,0.0003,b5a4,b5a4,b5a4,b5a4,110.0,0.0032,-0.0029,True,elite,03_elite_b2,2534,2593,2593,False,True
4rr1k/4q2p/2p1nb2/p3p2Q/Pp2P2P/1B2BN2/1PP2P2/1K5R b - - 2 26,52,e699,e7f7,-198,43,e6d4,0.0371,0.0346,0.033,0.0489,e6g7,e6g7,e6f4,e6f4,275.0,0.0489,0.0118,True,elite,03_elite_b2,2513,2465,2465,False,True
r1b1r1k1/5ppp/pnpq1n2/1p1p4/3P1QPP/P4P2/1PP1N3/2KR1BNR b - - 2 14,28,e703,d6f8,71,17,d6e7,0.0046,0.0051,0.0067,0.0099,d6f4,d6f4,d6f4,d6f4,104.0,0.0099,0.0053,True,elite,03_elite_b2,2563,2545,2545,False,True
r1b1r1k1/4qppp/pnp2n2/3p4/1P1P1QPP/5PN1/1PP5/2KR1BNR b - - 0 16,32,e703,a6a5,291,154,e7b4,0.0244,0.0187,0.0119,0.0091,e7b4,e7b4,e7b4,e7b4,161.0,0.0244,-0.0153,True,elite,03_elite_b2,2563,2545,2545,False,True
r1b1r1k1/5ppp/p7/3p4/q1p3PP/2Q2PN1/1PP1N3/2K4R b - - 1 22,44,e703,e8e2,543,175,a8b8,0.0153,0.0106,0.0085,0.0087,a4a1,a4a1,a4a1,a4a1,289.0,0.0153,-0.0066,True,elite,03_elite_b2,2563,2545,2545,False,True
r2q1rk1/1p1nbpp1/p3pn1p/3p1b2/1P6/P1N1PN2/1B1P1PPP/R2QRBK1 b - - 1 12,24,e705,f5g4,23,13,a8c8,0.0139,0.0148,0.0116,0.0083,b7b5,b7b5,b7b5,b7b5,104.0,0.0148,-0.0056,True,elite,03_elite_b2,2603,2548,2548,False,True
5r2/bp1b2k1/p1n1pr1p/3p2p1/3P2P1/P2R1NN1/1P3PP1/1B2R1K1 b - - 4 26,52,e707,f6f7,62,18,d7e8,0.0086,0.0082,0.0066,0.0049,f6f4,f6f4,f6f4,f6f4,236.0,0.0086,-0.0037,True,elite,03_elite_b2,2505,2536,2536,False,True
2r3k1/1R3p1p/1p2pp2/8/1n3P2/4PRP1/3r3P/5BK1 b - - 3 26,52,e716,f6f5,146,33,d2d6,0.0036,0.0018,0.0009,0.0006,b4d5,b4d5,b4d5,b4d5,101.0,0.0036,-0.003,True,elite,03_elite_b2,2600,2553,2553,False,True
5r2/1R4pp/4kp2/8/P7/1P4PP/5PK1/8 b - - 0 34,68,e718,h7h5,-563,4,g7g5,0.0079,0.0074,0.0062,0.0063,f8f7,f8f7,f8f7,f8f7,253.0,0.0079,-0.0016,True,elite,03_elite_b2,2592,2533,2533,False,True
r2q1rk1/1p1b1pP1/p2p1np1/8/3pP1p1/2N2P2/PPPQ4/1K1R1B1R b - - 0 16,32,e721,f6d5,-958,1033,f6h5,0.0,0.0,0.0,0.0,g8g7,g8g7,g8g7,g8g7,1040.0,0.0,0.0,True,elite,03_elite_b2,2556,2483,2483,False,True
2kr1b1r/Bp3pp1/4pn2/3n3P/P7/qP3B2/2P1N3/1K1R2QR b - - 0 26,52,e724,d8d7,-254,25,f8b4,0.0139,0.0198,0.0244,0.025,d5c3,f8b4,f8b4,f8b4,128.0,0.025,0.0111,True,elite,03_elite_b2,2542,2407,2407,False,True
r4rk1/5pp1/p1npb2p/qp1Np3/4P3/2P1Q1P1/PP1RB2P/1K1R4 b - - 4 24,48,e732,f8b8,85,1,a8b8,0.0102,0.0122,0.014,0.0179,b5b4,b5b4,b5b4,b5b4,121.0,0.0179,0.0077,True,elite,03_elite_b2,2509,2415,2415,False,True
4r1k1/1pp1r1p1/3p3p/pB1P1p2/3B2bR/2N3P1/PPP2K2/8 b - - 1 28,56,e733,e8b8,-119,0,e8c8,0.0158,0.0215,0.0242,0.0212,e8f8,e8f8,e8f8,e7e1,213.0,0.0242,0.0054,True,elite,03_elite_b2,2990,2697,2697,False,True
r2qr1k1/1p2ppb1/p4n1p/3P2pb/2B3P1/2N1QN1P/PP3P2/3RR1K1 b - - 0 18,36,e736,d8c8,-93,130,h5g6,0.0002,0.0002,0.0002,0.0002,h5g6,h5g6,h5g6,h5g6,121.0,0.0002,0.0,True,elite,03_elite_b2,2561,2597,2597,False,True
8/p3rk2/1p2p1Rb/4Pn2/3P3q/1P3Q2/PB5P/6RK b - - 4 34,68,e737,e7d7,-708,32,f7e8,0.024,0.0218,0.0194,0.0175,h6f4,h6f4,h6f4,h6f4,1278.0,0.024,-0.0065,True,elite,03_elite_b2,2545,2528,2528,False,True
3qk2r/4bp1p/p2pp3/1p2rP1R/8/6Q1/PPP3PP/1K3B1R b k - 2 20,40,e743,d8b6,-65,32,e7f6,0.0063,0.007,0.008,0.0087,e5f5,e5f5,e5f5,e5f5,120.0,0.0087,0.0024,True,elite,03_elite_b2,2595,2652,2652,False,True
8/5k2/3ppb2/7P/8/3B4/1pP5/1K6 b - - 0 34,68,e743,f6c3,511,260,f7g7,0.0081,0.0094,0.0135,0.0225,f7g7,f7g7,f7g7,f7g7,289.0,0.0225,0.0144,True,elite,03_elite_b2,2595,2652,2652,False,True
b2r1nk1/2r2pp1/p4q1p/1pp5/4PP1P/1P1P1NQB/P2R3K/6R1 b - - 10 34,68,e751,f6g6,-106,22,g7g6,0.014,0.0127,0.0079,0.004,f8e6,a8e4,a8e4,a8e4,297.0,0.014,-0.01,True,elite,03_elite_b2,2546,2495,2495,False,True
2r2rk1/2qb2p1/p2pp1Q1/1p2b3/2nNP3/2N4P/PPP3B1/3R1R1K b - - 0 24,48,e754,e5d4,277,57,f8f1,0.0331,0.0257,0.0224,0.0212,c4e3,c4e3,c4e3,c4e3,196.0,0.0331,-0.0119,True,elite,03_elite_b2,2422,2507,2507,False,True
8/5kp1/Q2p4/1p2q3/P1n1P3/2P4P/2P3B1/7K b - - 0 32,64,e754,e5g5,-35,3,e5f4,0.001,0.0006,0.0004,0.0004,c4e3,c4e3,c4e3,c4e3,279.0,0.001,-0.0006,True,elite,03_elite_b2,2422,2507,2507,False,True
r3k2r/6pp/1qppP3/p7/1p6/3QR3/PP3PPP/R5K1 b - - 0 24,48,e763,b6c5,-424,18,d6d5,0.0326,0.0296,0.028,0.0345,d6d5,d6d5,d6d5,d6d5,130.0,0.0345,0.0019,True,elite,03_elite_b2,2603,2471,2471,False,True
r2q1rk1/2n2pb1/3p2p1/3p1b1p/1ppP1B1P/P3PB2/1P3PP1/RN1QR1K1 b - - 1 20,40,e766,a8a6,138,8,f5e4,0.0021,0.0022,0.0028,0.0052,b4b3,b4b3,b4b3,b4a3,168.0,0.0052,0.0031,True,elite,03_elite_b2,2623,2591,2591,False,True
3r2k1/5pb1/4n3/3p2q1/N2Pp3/4P1Bp/Q4PP1/4R1K1 b - - 1 32,64,e766,g5f5,173,74,g5g4,0.0044,0.0033,0.0028,0.0036,h3g2,h3g2,h3g2,h3g2,103.0,0.0044,-0.0008,True,elite,03_elite_b2,2623,2591,2591,False,True
4rrk1/2qnb3/pPb1p1p1/2p1Pp1p/2N2P1P/1PBP2P1/3NQ3/4RRK1 b - - 0 22,44,e769,c7d8,-131,6,c7c8,0.0019,0.0009,0.0004,0.0002,d7b6,d7b6,d7b6,d7b6,172.0,0.0019,-0.0017,True,elite,03_elite_b2,2556,2556,2556,False,True
2kr3r/ppbbq1pp/2n5/2pBp3/1PN1Pp2/P1P5/1BQ2PPP/R4RK1 b - - 10 16,32,e772,e7h4,45,4,f4f3,0.0112,0.0071,0.0051,0.0038,c5b4,c5b4,c5b4,c5b4,301.0,0.0112,-0.0074,True,elite,03_elite_b2,2639,2519,2519,False,True
2k2r1r/ppbb2p1/2n5/1PBBp3/4P2p/P1P1NpPq/2QR1P1P/R5K1 b - - 2 24,48,e772,c6a5,-35,55,c6d8,0.0452,0.0354,0.0231,0.0176,h4g3,h4g3,h4g3,h4g3,148.0,0.0452,-0.0276,True,elite,03_elite_b2,2639,2519,2519,False,True
5rk1/pbq1b1pp/1p2p3/2npPr2/3B3P/P1N4R/1PPQB1P1/1K1R4 b - - 8 18,36,e774,b7c6,-55,29,f5e5,0.0135,0.0161,0.0216,0.036,c5e4,c5e4,c5e4,c5d7,216.0,0.036,0.0225,True,elite,03_elite_b2,2515,2546,2546,False,True
r3r1k1/1b1n1pbp/p2q1np1/8/Np1P3B/3B4/PP2NPPP/2RQ1RK1 b - - 5 16,32,e775,g7h6,82,68,d6d5,0.0119,0.0103,0.0103,0.0137,d6d5,d6d5,f6g4,f6g4,279.0,0.0137,0.0018,True,elite,03_elite_b2,2657,2589,2589,False,True
3r3k/pp4p1/2p2q1r/4n3/2PR4/4P1R1/P1B1Q1PP/6K1 b - - 6 30,60,e777,f6e7,-200,2,d8e8,0.0038,0.0035,0.0037,0.004,d8d4,d8d4,d8d4,d8d4,105.0,0.004,0.0002,True,elite,03_elite_b2,2500,2414,2414,False,True
4r2k/pp4p1/5q1r/2p1n3/2P2R2/4P1RP/P1B1Q1P1/6K1 b - - 1 32,64,e777,f6d8,-247,13,f6d6,0.0333,0.0264,0.021,0.0188,f6e6,f6e6,f6e6,f6e6,101.0,0.0333,-0.0145,True,elite,03_elite_b2,2500,2414,2414,False,True
4r2k/pp4p1/3q3r/2p5/2P2R2/3BP1RP/P4QP1/6K1 b - - 0 34,68,e777,a7a6,-503,35,d6d3,0.0064,0.0049,0.0036,0.0031,d6d3,d6d3,d6d3,d6d3,1494.0,0.0064,-0.0033,True,elite,03_elite_b2,2500,2414,2414,False,True
rr3k2/1bqn1pbn/pp1p3p/2pPpNpP/PPP1P1P1/3NBP2/3Q2K1/1R1B3R b - - 0 30,60,e781,a6a5,-188,125,b7c8,0.0439,0.0286,0.022,0.0158,b7c8,b7c8,b7c8,b7c8,115.0,0.0439,-0.0281,True,elite,03_elite_b2,2472,2513,2513,False,True
r1b2k2/1rqn1pbn/pp1p3p/2pPpNpP/PPP1P1P1/3NBP2/1R1QB1K1/7R b - - 4 32,64,e781,a6a5,-213,11,a8b8,0.0345,0.0294,0.0272,0.0197,d7f6,d7f6,d7f6,f7f6,142.0,0.0345,-0.0148,True,elite,03_elite_b2,2472,2513,2513,False,True
2r1r1k1/p4qbp/2pPb1p1/2P1p3/4Qp2/B3P3/P3BPPP/3R1RK1 b - - 0 22,44,e782,h7h5,-306,13,e6d5,0.0015,0.0006,0.0003,0.0002,e6d5,e6d5,e6d5,e6d5,135.0,0.0015,-0.0013,True,elite,03_elite_b2,2584,2653,2653,False,True
rn3rk1/p3p1bp/4P1p1/1p1q1pN1/5P2/2P5/1P2Q1PP/R1B2RK1 b - - 2 18,36,e784,b5b4,0,21,h7h6,0.0313,0.0201,0.014,0.0107,b8c6,b8c6,b8c6,b8c6,105.0,0.0313,-0.0206,True,elite,03_elite_b2,2446,2585,2585,False,True
r3k2r/3nppb1/1qpp1np1/7p/pp1PP2P/4BP2/PPPQN1P1/1K1R1B1R b kq - 2 14,28,e786,a8b8,42,8,c6c5,0.0157,0.0142,0.0137,0.0136,b4b3,b4b3,b4b3,b4b3,124.0,0.0157,-0.0021,True,elite,03_elite_b2,2628,2529,2529,False,True
2r3k1/3n1pb1/1q1pp1p1/6Pp/1p2P2P/pPpP1P2/P1K1Q1N1/3R3R b - - 1 28,56,e786,d7b8,199,71,d7e5,0.0112,0.0182,0.0269,0.0325,b6d4,b6d4,b6d4,b6d4,124.0,0.0325,0.0213,True,elite,03_elite_b2,2628,2529,2529,False,True
r1br2k1/pp2ppbp/2n2np1/7q/2B5/1P2PN1P/PB1NQPP1/2R2RK1 b - - 2 14,28,e789,f6d7,-57,1,e7e5,0.01,0.0074,0.0045,0.0027,c8h3,c8h3,c8h3,c8h3,166.0,0.01,-0.0073,True,elite,03_elite_b2,2716,2760,2760,False,True
3r2k1/p3b2p/2p3p1/5p2/2P5/3N1P2/P1K3PP/3R4 b - - 5 30,60,e791,g8f8,-13,4,d8d4,0.0023,0.0029,0.0048,0.0083,e7f6,e7f6,e7f6,g8f7,138.0,0.0083,0.006,True,elite,03_elite_b2,2502,2515,2515,False,True
6k1/Rp3p1p/1n1n2p1/1P1pp3/8/3PPNP1/4BPKP/1r6 b - - 1 30,60,e792,b1b2,102,7,f7f6,0.0373,0.0336,0.0274,0.0231,b1b5,b1b5,b1b5,b1b5,118.0,0.0373,-0.0142,True,elite,03_elite_b2,2646,2525,2525,False,True
1r4k1/5pp1/P2p1bq1/1B1P1n2/2P1pP1p/4B2P/1P1Q2P1/R3K1R1 b Q - 0 26,52,e797,f6b2,-405,60,g6g3,0.0392,0.0252,0.0182,0.0143,g6g3,g6g3,g6g3,g6g3,166.0,0.0392,-0.0249,True,elite,03_elite_b3,2585,2436,2436,False,True
3q1rk1/1p2bpp1/1n2pnbp/1r6/p2QP3/P5P1/1B1NNPBP/R4RK1 b - - 1 20,40,e803,g6h5,333,87,e7c5,0.0134,0.0124,0.012,0.0128,d8d4,d8d4,d8d4,d8d4,203.0,0.0134,-0.0006,True,elite,03_elite_b3,2363,2500,2500,False,True
q5k1/5pp1/2p1p1p1/1p1n4/1P1P4/1NP4P/r4PP1/1QR3K1 b - - 3 32,64,e804,c6c5,205,20,a8a3,0.0018,0.0009,0.0006,0.0005,a2a3,a2a3,a8a3,a8a3,205.0,0.0018,-0.0013,True,elite,03_elite_b3,2535,2642,2642,False,True
8/1b1k4/3Pp3/5r2/4N1P1/8/1P6/1K1RR3 b - - 0 34,68,e811,b7e4,-754,33,f5b5,0.0446,0.0442,0.0413,0.0333,f5f4,f5f4,f5f4,f5f4,248.0,0.0446,-0.0113,True,elite,03_elite_b3,2500,2687,2687,False,True
r1bqk2r/pppn1pbp/3p2p1/6P1/3PPpB1/2N2N2/PPPQ1P1P/R3K2R b KQkq - 1 10,20,e812,d7e5,33,75,c7c6,0.0049,0.0038,0.0034,0.002,e8g8,d7b6,d7b6,d7b6,119.0,0.0049,-0.0029,True,elite,03_elite_b3,2612,2527,2527,False,True
r1bq1rk1/pp1n1pbp/2pQ2p1/6P1/3PP1B1/2N2N2/PPP2P1P/R3K2R b KQ - 0 12,24,e812,d7e5,-162,46,d8b6,0.0043,0.0029,0.0026,0.0021,d7b6,d7b6,d7b6,d7b6,168.0,0.0043,-0.0022,True,elite,03_elite_b3,2612,2527,2527,False,True
6k1/p7/P1p2pp1/3rp3/6P1/1bP2P2/1P6/2KB3R b - - 1 28,56,e813,d5d1,21,13,b3d1,0.0373,0.0301,0.0218,0.0187,d5a5,d5a5,d5a5,d5a5,551.0,0.0373,-0.0186,True,elite,03_elite_b3,2506,2429,2429,False,True
r1r3k1/1q3pbp/p3p1p1/1pBpP3/2nP1PP1/1QN5/PP5P/3R1RK1 b - - 2 22,44,e821,c8c5,223,150,c4e3,0.0051,0.0067,0.0099,0.0139,c4e3,c4e3,c4e3,c4e3,206.0,0.0139,0.0088,True,elite,03_elite_b3,2498,2528,2528,False,True
5k2/p2n1p1p/3P2pP/1p1Bp1P1/1r6/2r5/P2R1P2/K3R3 b - - 2 30,60,e823,f8e8,40,20,a7a5,0.0413,0.0267,0.0158,0.0161,b4g4,b4g4,b4g4,b4d4,504.0,0.0413,-0.0252,True,elite,03_elite_b3,2418,2509,2509,False,True
8/p2r1p1k/1p2b2B/q1p1p2Q/4P1r1/1PP3P1/P5BP/5RK1 b - - 4 32,64,e825,g4g7,-354,20,a5a6,0.0018,0.0014,0.001,0.0009,g4g6,g4g6,g4g6,g4g6,143.0,0.0018,-0.0009,True,elite,03_elite_b3,2706,2543,2543,False,True
5rnk/1p1r1qp1/p2pNb1p/2pPnP2/2P1B3/1P2B1R1/P2Q3P/6RK b - - 3 28,56,e827,f7e8,-249,4,f8e8,0.0017,0.0012,0.0009,0.0008,f8e8,f8e8,f8e8,f8e8,237.0,0.0017,-0.0009,True,elite,03_elite_b3,2646,2616,2616,False,True
r3nr1k/2qnNppp/3p4/5PP1/pQ2P3/4B3/bPP4P/2KR1B1R b - - 0 20,40,e838,f7f6,-149,23,d7e5,0.0265,0.0142,0.008,0.0072,a2b3,a2b3,a2b3,a2b3,117.0,0.0265,-0.0193,True,elite,03_elite_b3,2586,2526,2526,False,True
8/5ppp/4pk2/8/1p6/4RPP1/1r3PKP/8 b - - 0 32,64,e839,b2d2,373,36,b4b3,0.0102,0.0112,0.011,0.0123,b4b3,b4b3,b4b3,b4b3,160.0,0.0123,0.0021,True,elite,03_elite_b3,2442,2504,2504,False,True
rnb1k2r/ppp1qpp1/5n2/8/5B1P/3P4/PPP1P2P/RN1QKB1R b KQkq - 0 10,20,e840,f6d5,-72,24,e7b4,0.0245,0.0236,0.021,0.0199,h8h4,h8h4,h8h4,h8h4,169.0,0.0245,-0.0046,True,elite,03_elite_b3,2595,2611,2611,False,True
5r1k/6bp/R5p1/1p6/2b1q3/4B2P/1P1Q2P1/4R1K1 b - - 2 34,68,e845,e4e5,-310,41,f8e8,0.0183,0.0185,0.0187,0.0179,b5b4,b5b4,e4f5,e4f5,153.0,0.0187,-0.0004,True,elite,03_elite_b3,2403,2510,2510,False,True
2k4r/1b3p2/p2bP3/1p5p/2p2NpP/2P2BP1/P4P2/R2QR1K1 b - - 0 28,56,e850,h8d8,-1006,7,b7f3,0.0233,0.012,0.0084,0.0078,g4f3,g4f3,g4f3,g4f3,132.0,0.0233,-0.0155,True,elite,03_elite_b3,2675,2558,2558,False,True
r3k2r/1pqbbpp1/p2ppn1p/8/P1nNPPP1/2N4P/1PP3B1/R1BQR1K1 b kq - 2 14,28,e854,g7g5,39,37,c7b6,0.0205,0.0165,0.0158,0.0164,e6e5,e6e5,e6e5,e6e5,112.0,0.0205,-0.0041,True,elite,03_elite_b3,2591,2510,2510,False,True
r2qrnk1/pp2bp1n/2p1b2Q/3p4/3P4/P1NB1N1P/1PP1RPP1/4R1K1 b - - 2 18,36,e859,e7d6,150,16,e7f6,0.0143,0.0065,0.0039,0.0039,e7g5,e7g5,e7g5,e7g5,110.0,0.0143,-0.0104,True,elite,03_elite_b3,2664,2502,2502,False,True
R7/1Q1nkpb1/3pb3/1B2p3/7p/1pq1B2P/5PPK/5R2 b - - 0 28,56,e864,c3c2,-644,26,f7f5,0.0061,0.0056,0.0053,0.0056,b3b2,b3b2,b3b2,b3b2,1337.0,0.0061,-0.0005,True,elite,03_elite_b3,2425,2508,2508,False,True
3r3k/2Rb1q2/Q1p1p1pb/P1P1p2p/4N2P/5BP1/6K1/8 b - - 0 32,64,e865,h6f4,-478,12,h6e3,0.004,0.0029,0.002,0.0015,d8f8,d8f8,d8f8,d8f8,110.0,0.004,-0.0025,True,elite,03_elite_b3,2998,2538,2538,False,True
4B2n/p1k3p1/2p4p/4pp2/1P6/2P2KPP/P4P2/8 b - - 3 32,64,e866,c6c5,-183,75,c7d6,0.0057,0.0035,0.0028,0.003,g7g5,g7g5,g7g5,g7g5,261.0,0.0057,-0.0027,True,elite,03_elite_b3,2687,2632,2632,False,True
2r1k2r/1pq1bpp1/p2pb3/4p1Pn/4P3/2NQB2P/PPP2RB1/R5K1 b k - 4 18,36,e873,c7d8,186,77,h5f4,0.0307,0.032,0.0302,0.0335,h5g3,c7d7,c7d7,c7d7,126.0,0.0335,0.0028,True,elite,03_elite_b3,2584,2517,2517,False,True
rnbqk2r/ppp5/3b4/5p2/3P2Bp/2NQ1NP1/PPP1P2P/R3K2R b KQkq - 0 12,24,e880,d8f6,-323,64,f5g4,0.0037,0.0043,0.0041,0.0055,f5g4,f5g4,f5g4,f5g4,340.0,0.0055,0.0018,True,elite,03_elite_b3,2584,2645,2645,False,True
2b4k/2q4p/2R1p1r1/P1p1ppp1/2P3N1/7P/4QPP1/3R2K1 b - - 0 34,68,e883,c7d7,-887,3,c7c6,0.0022,0.0022,0.0025,0.0032,c7c6,c7c6,c7c6,c7c6,1104.0,0.0032,0.001,True,elite,03_elite_b3,2544,2519,2519,False,True
r2q1r2/ppp3bk/2n1B1pp/3P4/3p4/2P3P1/PP2P2P/R1BQR1K1 b - - 0 16,32,e886,d8e7,-62,11,d4c3,0.0029,0.0019,0.0014,0.0013,c6e5,c6e5,c6e5,c6e5,221.0,0.0029,-0.0016,True,elite,03_elite_b3,2754,2591,2591,False,True
2rq1rk1/2n2p2/3p2pQ/3P4/R1R1P3/2p2PN1/6PP/6K1 b - - 0 28,56,e890,c7d5,0,131,c7b5,0.0205,0.02,0.0244,0.0293,c7b5,c7b5,c7b5,c7b5,147.0,0.0293,0.0088,True,elite,03_elite_b3,2591,2527,2527,False,True
8/p1R5/6kp/1P1BKpp1/r5b1/6P1/7P/8 b - - 2 34,68,e897,h6h5,-79,306,a4b4,0.0112,0.0075,0.0049,0.0042,a4a5,a4a5,a4a5,a4a5,1912.0,0.0112,-0.007,True,elite,03_elite_b3,2692,2537,2537,False,True
r3rbk1/2q3p1/2p2pnp/1p1PpP2/3P4/2P1BP1P/1PBQ2K1/R3R3 b - - 0 26,52,e901,a8a1,0,0,g6h4,0.0137,0.0094,0.0071,0.0045,g6h4,g6h4,g6h4,g6h4,104.0,0.0137,-0.0092,True,elite,03_elite_b3,2513,2549,2549,False,True
1k1r3r/1p3Ppb/p6p/2Qp3P/7N/P1RqB1K1/6B1/8 b - - 0 34,68,e903,d3e3,-921,380,d3c3,0.0166,0.0162,0.0165,0.0173,d3d1,d3b5,d3b5,d3b5,1078.0,0.0173,0.0007,True,elite,03_elite_b3,2619,2746,2746,False,True
2b2rk1/6rp/pP1p1q2/1p1Pp1p1/1P6/R2B1PP1/2PQ4/4R1K1 b - - 0 28,56,e908,h7h5,-61,1,g5g4,0.0103,0.0095,0.007,0.0069,f6f3,f6f3,f6f3,f6f3,352.0,0.0103,-0.0034,True,elite,03_elite_b3,2964,2989,2989,False,True
2r1k2r/1bqnbpp1/p2ppn1p/1p6/3NPPPB/P1N5/1PP1Q1BP/1K1R3R b k - 1 14,28,e909,c7c4,-30,50,c7b6,0.0481,0.0457,0.035,0.0239,e8g8,d7c5,d7c5,d7c5,134.0,0.0481,-0.0242,True,elite,03_elite_b3,2417,2502,2502,False,True
2r2rk1/1q1nnpp1/p3p2p/1p2P1P1/3NN3/P7/1PP1Q2P/1K1R3R b - - 0 20,40,e909,b7b6,-291,2,h6g5,0.0032,0.0016,0.0008,0.0005,h6g5,h6g5,h6g5,h6g5,180.0,0.0032,-0.0027,True,elite,03_elite_b3,2417,2502,2502,False,True
r3k2r/pp2ppb1/2n1b3/q1p4p/2P3p1/P1N1P1P1/1PQNBPP1/2R2RK1 b kq - 1 16,32,e910,g7c3,79,89,h5h4,0.0325,0.0201,0.0106,0.0073,h5h4,h5h4,h5h4,e8c8,137.0,0.0325,-0.0252,True,elite,03_elite_b3,2592,2596,2596,False,True
k2r4/p4p2/2R5/N2p4/P7/4P1P1/1b3PK1/8 b - - 0 34,68,e910,f7f6,-353,6,b2e5,0.0206,0.0232,0.0259,0.0281,d5d4,d5d4,d5d4,d5d4,144.0,0.0281,0.0075,True,elite,03_elite_b3,2592,2596,2596,False,True
r4bk1/2r4n/pR1pq2p/2P2p2/4pP2/P3B3/2Q1B1PP/5RK1 b - - 0 28,56,e915,e6g6,-355,13,h7f6,0.0117,0.0139,0.0131,0.0111,a8c8,a8c8,h7f6,h7f6,284.0,0.0139,-0.0006,True,elite,03_elite_b3,2627,2461,2461,False,True
r4bk1/2r5/pR1pq2p/2Pn1p2/2B1pP2/P3B3/2Q3PP/3R2K1 b - - 4 30,60,e915,e6e8,-617,1,d5e3,0.0035,0.0027,0.0018,0.0014,c7c5,c7c5,c7c5,c7c5,157.0,0.0035,-0.0021,True,elite,03_elite_b3,2627,2461,2461,False,True
4k2r/rp4pp/p1p5/q1bpPb2/8/1Q2BN2/PP2KnPP/2R2B1R b k - 1 16,32,e916,f2d3,243,4,f2e4,0.0092,0.0079,0.0059,0.006,f2h1,c5e3,c5e3,c5e3,103.0,0.0092,-0.0032,True,elite,03_elite_b3,2543,2675,2675,False,True
r5k1/p2n1r2/1pn1p2p/2pp1qB1/3P1PR1/2P1PN2/PP4QP/6RK b - - 0 26,52,e924,h6h5,-457,12,f7g7,0.0277,0.0246,0.0214,0.0191,h6g5,h6g5,h6g5,h6g5,257.0,0.0277,-0.0086,True,elite,03_elite_b3,2497,2519,2519,False,True
r1bqr1k1/pppn2pp/2nbp3/3pNp2/3P1P2/3BP1B1/PPPN2PP/R2Q1RK1 b - - 1 10,20,e930,d6e7,-64,0,d7f6,0.0061,0.0117,0.02,0.0184,d7e5,d7e5,d7e5,d6e5,102.0,0.02,0.0123,True,elite,03_elite_b3,2517,2418,2418,False,True
3rr1k1/3qbppp/p3n1b1/1pP1PN2/3p2P1/7P/PPBB1P2/R2QR1K1 b - - 1 22,44,e932,d4d3,102,65,e7c5,0.0439,0.0378,0.039,0.048,e7c5,e7c5,e7c5,e7c5,140.0,0.048,0.0041,True,elite,03_elite_b3,2539,2689,2689,False,True
r1b1nrk1/2q3bn/p1Np2pp/3Ppp2/1PN1P3/4B1PP/R4P2/3QRBK1 b - - 1 28,56,e937,h7g5,-294,6,f5f4,0.0154,0.0153,0.0139,0.0124,f5e4,f5e4,f5e4,f5e4,100.0,0.0154,-0.003,True,elite,03_elite_b3,2680,2540,2540,False,True
r2r4/1bp1b1k1/1p2n3/p1p1Pqp1/P4p2/1P5P/2PNQBP1/3RNRK1 b - - 5 28,56,e940,b7c6,281,14,d8h8,0.004,0.0022,0.0013,0.0012,e6d4,e6d4,e6d4,e6d4,215.0,0.004,-0.0028,True,elite,03_elite_b3,2547,2997,2997,False,True
r2q1rk1/pp3pbp/2n1b1p1/2p1pN1n/2PpP3/3P2PP/PP1N1PB1/R1BQ1RK1 b - - 2 12,24,e944,g7f6,66,20,g6f5,0.0252,0.0243,0.0235,0.0218,g6f5,e6f5,e6f5,g6f5,108.0,0.0252,-0.0034,True,elite,03_elite_b3,2451,2506,2506,False,True
r2qkb1r/pp2nppp/4p3/1bPpP3/P7/2P1BN2/1P3PPP/RN1QK2R b KQkq - 0 10,20,e945,b5d7,-112,50,b5a6,0.0445,0.036,0.03,0.0399,b5a6,b5a6,b5a6,b5a6,164.0,0.0445,-0.0046,True,elite,03_elite_b3,2523,2566,2566,False,True
7r/1pk1bp2/4p3/PRP1P1p1/P1pB2P1/2P1KP2/7r/5R2 b - - 4 26,52,e945,h2c2,-204,121,h2a2,0.0414,0.0411,0.0366,0.0296,h2a2,h2a2,h2a2,h2a2,279.0,0.0414,-0.0118,True,elite,03_elite_b3,2523,2566,2566,False,True
1r6/1pk1bp2/P3p3/1RP1P1p1/P1pB2P1/2P1KP2/r7/1R6 b - - 0 28,56,e945,b7b6,-642,77,a2a4,0.0338,0.0219,0.0154,0.0135,a2a4,a2a4,a2a4,a2a4,1338.0,0.0338,-0.0203,True,elite,03_elite_b3,2523,2566,2566,False,True
2kr3r/pp2bppp/2p1bn2/q1np1NB1/7Q/2NB4/PPP2PPP/1K1RR3 b - - 13 14,28,e947,e7f8,-7,83,c5d3,0.0167,0.0209,0.0287,0.0497,c5d3,c5d3,c5d3,c5d3,217.0,0.0497,0.033,True,elite,03_elite_b3,2616,2457,2457,False,True
r2qrbk1/3n1ppp/bp3n2/2p1pN2/p2pP1P1/1P1P1Q1P/P1P2PB1/R1B1RNK1 b - - 0 16,32,e949,d7b8,83,59,e8e6,0.0042,0.0041,0.0042,0.0051,a4b3,a4b3,a4b3,a4b3,139.0,0.0051,0.0009,True,elite,03_elite_b3,2513,2612,2612,False,True
2r5/3k3p/p4p2/3P2p1/1prRpb2/5P1P/PP2K1P1/3RN3 b - - 2 30,60,e958,c4c2,352,265,e4f3,0.0362,0.0201,0.0111,0.008,e4f3,e4f3,e4f3,e4f3,247.0,0.0362,-0.0282,True,elite,03_elite_b3,2536,2431,2431,False,True
6k1/p5pp/8/4N3/2pB4/1r3BP1/2b3KP/8 b - - 0 34,68,e959,b3b5,-22,0,c2d3,0.0023,0.0016,0.0011,0.001,c4c3,c4c3,c4c3,c4c3,310.0,0.0023,-0.0013,True,elite,03_elite_b3,2521,2613,2613,False,True
1kr3r1/p7/1p2p3/P1q3p1/7p/2p1QP1P/6P1/2R1R1K1 b - - 2 34,68,e961,b6b5,457,10,c5e3,0.0173,0.0093,0.0063,0.0061,c5a5,c5e3,c5e3,c5e3,176.0,0.0173,-0.0112,True,elite,03_elite_b3,2598,2463,2463,False,True
r2brBk1/1p4pp/p1p5/2PppB1b/1P1P4/1N2P3/1P4PP/R4RK1 b - - 0 20,40,e964,e5d4,-292,4,g8f8,0.007,0.0074,0.0102,0.0159,e8f8,e8f8,e8f8,e8f8,156.0,0.0159,0.0089,True,elite,03_elite_b3,2538,2303,2303,False,True
2r2k2/pp3pp1/5n1p/2rp4/7P/1PP1PP2/3KB1P1/R6R b - - 5 22,44,e967,a7a5,-10,3,a7a6,0.0455,0.0462,0.0349,0.027,c5c3,c5c3,c5c3,c5c3,137.0,0.0462,-0.0185,True,elite,03_elite_b3,2989,2964,2964,False,True
r2qkb1N/5pp1/p1n1p3/3p2Pp/n1pP3P/1Pp1PP2/P1P2Q1B/2KR1B1R b q - 0 18,36,e971,d8a5,335,37,d8e7,0.0153,0.02,0.0235,0.0233,a4b2,a4b2,f8a3,f8a3,196.0,0.0235,0.008,True,elite,03_elite_b3,2412,2553,2553,False,True
2rr2k1/p3qpp1/bpn1pn1p/3p4/3P4/2N3P1/PPQ1PPBP/2RRB1K1 b - - 1 20,40,e977,a6c4,7,4,f6e4,0.012,0.0133,0.0158,0.0194,c6b4,c6b4,c6b4,c6b4,204.0,0.0194,0.0074,True,elite,03_elite_b3,2961,3010,3010,False,True
1R6/pR2rkbp/2p3p1/3n4/P4P2/8/5P1P/5BK1 b - - 0 32,64,e987,f7e6,-428,18,g7d4,0.0243,0.03,0.0369,0.0479,d5f4,d5f4,d5f4,d5f4,125.0,0.0479,0.0236,True,elite,03_elite_b3,2642,2621,2621,False,True
r5k1/pbq4p/1pnp1Q2/5p2/3P4/4R3/PP3PPP/6K1 b - - 1 28,56,e1001,c6e5,382,4,c7g7,0.001,0.0008,0.0007,0.0008,a8f8,c7g7,c7g7,c7g7,563.0,0.001,-0.0002,True,elite,03_elite_b3,2615,2529,2529,False,True
2r2k2/p1q2npQ/1p2p3/3pPr2/3Pp2B/2P3R1/PP5P/R5K1 b - - 8 26,52,e1004,g7g5,0,502,f7h6,0.0214,0.0226,0.0254,0.0234,f7h6,f7h6,f7h6,f7h6,661.0,0.0254,0.002,True,elite,03_elite_b3,2541,2504,2504,False,True
r1q1r1k1/p4p2/2p4p/2bpB2n/6p1/2NQ4/PPP2PPP/R3R1K1 b - - 1 20,40,e1005,c5f8,-24,4,c8e6,0.0041,0.006,0.0072,0.0117,f7f6,f7f6,f7f6,f7f6,291.0,0.0117,0.0076,True,elite,03_elite_b3,2613,2500,2500,False,True
2k1r3/1p1n2p1/p1r2pN1/8/P3p3/4B3/1PP2P1P/1K4R1 b - - 2 24,48,e1007,d7b6,268,69,b7b5,0.0283,0.0348,0.0346,0.0237,d7e5,d7e5,d7e5,d7e5,208.0,0.0348,-0.0046,True,elite,03_elite_b3,2567,2508,2508,False,True
6rk/1q2b2p/pP3p1Q/Pb2pP2/2p1Pp2/2R5/1PB2BrP/3R1K2 b - - 1 30,60,e1008,b5a4,272,52,b7c6,0.0037,0.0022,0.0014,0.0011,e7b4,e7b4,e7b4,e7b4,496.0,0.0037,-0.0026,True,elite,03_elite_b3,2799,2824,2824,False,True
2kr1b1r/1pp2ppp/p1nq1nb1/4P3/6P1/2N1BN1P/PPP1QPB1/R3K2R b KQ - 0 12,24,e1013,d6b4,-53,169,c6e5,0.0238,0.019,0.016,0.0137,c6e5,c6e5,c6e5,c6e5,201.0,0.0238,-0.0101,True,elite,03_elite_b3,2559,2434,2434,False,True
2kr1b1r/1pp2ppp/p2q1nb1/8/6P1/2N1BQ1P/PPP2PB1/3RK2R b K - 0 14,28,e1013,d6c6,-233,169,d6b4,0.0387,0.0443,0.0471,0.0355,d6b4,d6b4,d6b4,d6b4,212.0,0.0471,-0.0032,True,elite,03_elite_b3,2559,2434,2434,False,True
6k1/p4p1p/2R1p1p1/1P6/2P3P1/4P3/2rr1PKP/5R2 b - - 2 24,48,e1015,c2c3,-137,43,g8g7,0.0276,0.0301,0.0291,0.0232,g8g7,g8g7,g8g7,g8g7,100.0,0.0301,-0.0044,True,elite,03_elite_b3,2882,2827,2827,False,True
3r2k1/p4ppp/1q2p3/1p1nP3/1b2N3/1P1r2P1/PBQ1bPBP/R1R3K1 b - - 8 22,44,e1018,b4d2,33,378,d3e3,0.0148,0.0086,0.005,0.0031,d5e3,e2g4,e2g4,e2g4,475.0,0.0148,-0.0117,True,elite,03_elite_b3,2610,2653,2653,False,True
r1bq2r1/1pppb1kp/p4p2/7Q/n2P4/2N1R3/PPP2PPP/R5K1 b - - 9 16,32,e1025,d7d5,340,53,d8e8,0.0039,0.004,0.0056,0.0091,a4c3,a4c3,a4c3,a4c3,166.0,0.0091,0.0052,True,elite,03_elite_b3,2651,2796,2796,False,True
6rk/1pp1R2p/p4pq1/8/3P4/2P2QPb/P1P2P1P/6K1 b - - 0 24,48,e1025,g8f8,323,10,g6g5,0.005,0.0035,0.0031,0.0035,g6c2,g6c2,g6c2,g6c2,2321.0,0.005,-0.0015,True,elite,03_elite_b3,2651,2796,2796,False,True
2r2rk1/6b1/pq1p2QB/1p1Pp3/3nP3/2Nn4/PP4PP/R4R1K b - - 0 22,44,e1028,b6b7,302,5,b6c7,0.0423,0.0477,0.0429,0.0398,c8c7,c8c7,c8c7,c8c7,616.0,0.0477,-0.0025,True,elite,03_elite_b3,2686,2590,2590,False,True
1r3rk1/3b2pp/2p1p1q1/pp2Rp2/3P1P2/P4P2/BPQ3PP/1K1R4 b - - 3 22,44,e1029,g6f6,-133,1,a5a4,0.0487,0.0476,0.0417,0.0461,b5b4,b5b4,b5b4,b5b4,123.0,0.0487,-0.0026,True,elite,03_elite_b3,2546,2532,2532,False,True
1r3rk1/3b2pp/2p1p1q1/4Rp2/pP1P1P2/5P2/BPQ3PP/1K2R3 b - - 0 24,48,e1029,f8e8,-233,46,b8b4,0.0069,0.0055,0.0034,0.0022,b8b4,b8b4,b8b4,b8b4,157.0,0.0069,-0.0047,True,elite,03_elite_b3,2546,2532,2532,False,True
rn1qr1k1/p4pb1/2pBp1p1/1p1nP1Pp/3PN2P/3Q1N2/PPP5/2KR2R1 b - - 1 18,36,e1039,g8h8,-305,11,b8d7,0.0006,0.0006,0.0005,0.0004,d5f4,d5f4,a7a5,a7a5,166.0,0.0006,-0.0002,True,elite,03_elite_b3,2552,2537,2537,False,True
1r4k1/3qbpp1/5n1p/2Pp4/1P1P1B2/1Q5P/5PP1/R5K1 b - - 1 24,48,e1042,b8f8,-137,15,b8b7,0.0125,0.0114,0.008,0.0067,b8b7,b8b7,b8b7,b8b7,104.0,0.0125,-0.0058,True,elite,03_elite_b3,2509,2316,2316,False,True
3r1r1k/1p5q/2pb4/p2Pp2p/P1B1P1P1/7Q/3R2P1/3R3K b - - 1 30,60,e1043,d6b4,22,62,h5g4,0.016,0.0106,0.009,0.009,h5g4,h5g4,h5g4,h5g4,136.0,0.016,-0.007,True,elite,03_elite_b3,2592,2490,2490,False,True
5r2/p3Q1pk/2pN2p1/4n1Pp/6qn/4B3/PPP5/2KR4 b - - 2 28,56,e1045,g4g3,0,0,g4f3,0.007,0.0042,0.0029,0.002,f8f3,f8f3,f8f3,f8f3,354.0,0.007,-0.005,True,elite,03_elite_b3,2559,2374,2374,False,True
2r2rk1/p2pnppp/2b1p3/q2p2P1/Pp1P2N1/1PnBP3/2PN1P1P/2K2QRR b - - 6 18,36,e1047,e7g6,-29,80,c6a4,0.0188,0.0166,0.0108,0.0076,c6a4,c6a4,c6a4,c6a4,1963.0,0.0188,-0.0112,True,elite,03_elite_b3,2739,2867,2867,False,True
6rk/p2p1p1p/4pPnQ/3p2R1/qp1P4/1N1KP3/2P2P1P/8 b - - 0 28,56,e1047,g6f4,-887,1105,g6e5,0.0046,0.0024,0.0014,0.001,a4b5,a4b5,a4b5,a4b5,1107.0,0.0046,-0.0036,True,elite,03_elite_b3,2739,2867,2867,False,True
2r1k2r/ppqbbppp/2n1p2n/3pP3/PP3B2/2PB1N1P/4QPP1/RN2R1K1 b k - 2 14,28,e1053,c7d8,-222,20,f7f5,0.0207,0.0313,0.0374,0.0431,h6f5,h6f5,h6f5,h6f5,194.0,0.0431,0.0224,True,elite,03_elite_b3,2586,2651,2651,False,True
2rq1rk1/p2nbppp/bp3n2/3p4/2PN4/1P4P1/PBQN1PBP/R2R2K1 b - - 0 14,28,e1059,f8e8,-91,7,d8c7,0.0317,0.0214,0.0106,0.0089,d5c4,d5c4,d5c4,d5c4,182.0,0.0317,-0.0228,True,elite,03_elite_b3,2456,2586,2586,False,True
r5k1/3n1Nbp/pp1N2p1/4p3/8/1P2P1P1/PBr4P/R2R1K2 b - - 0 24,48,e1060,a8f8,-213,29,c2b2,0.0271,0.0227,0.0199,0.0174,c2b2,c2b2,c2b2,c2b2,117.0,0.0271,-0.0097,True,elite,03_elite_b3,2511,2461,2461,False,True
5R2/p4ppk/4p2p/4P2P/2q5/1p2Q1P1/1Pr2P1K/8 b - - 4 34,68,e1064,c4e2,390,361,c4g4,0.0478,0.0463,0.0446,0.0442,c4c7,c4c7,c4c7,c4c7,961.0,0.0478,-0.0036,True,elite,03_elite_b3,2548,2556,2556,False,True
3r1rk1/2q2pp1/p3p2p/1p1b4/3N1bQ1/2P4R/PPB2PPP/4R1K1 b - - 7 22,44,e1066,f8e8,118,17,b5b4,0.013,0.0067,0.0035,0.0036,f4g5,f4g5,f4g5,f4g5,118.0,0.013,-0.0094,True,elite,03_elite_b3,2628,2747,2747,False,True
1kbq3r/4bp2/1p1p3n/pPpPpPn1/2P1P3/P1N1B1QB/2K1N3/7R b - - 0 30,60,e1072,h6f5,193,238,f7f6,0.0085,0.0049,0.0032,0.0022,g5h3,g5h3,g5h3,g5h3,368.0,0.0085,-0.0063,True,elite,03_elite_b3,2567,2487,2487,False,True
5r2/p2R2n1/6pk/6Np/7P/5PK1/PP3P2/8 b - - 4 32,64,e1074,f8a8,-373,5,g7f5,0.0118,0.0148,0.0171,0.021,g7f5,g7f5,g7f5,g7f5,105.0,0.021,0.0092,True,elite,03_elite_b3,2569,2477,2477,False,True
5r2/R5n1/6pk/6Np/7P/5P1K/PP3P2/8 b - - 0 34,68,e1074,f8e8,-574,13,f8f4,0.025,0.0247,0.0274,0.0318,g7f5,g7f5,g7f5,g7f5,1425.0,0.0318,0.0068,True,elite,03_elite_b3,2569,2477,2477,False,True
r4rk1/p2b1ppp/1q2pn2/3pB3/8/2N2N1Q/PPP2bPP/1K1R3R b - - 3 14,28,e1077,b6d8,-59,2,f8c8,0.0131,0.0206,0.0238,0.0192,a8b8,a8b8,a8b8,f6e4,289.0,0.0238,0.0061,True,elite,03_elite_b3,2555,2493,2493,False,True
2r1kr2/pp4p1/6b1/2P1np1p/1P2p2P/4N1P1/P4P2/2KR1B1R b - - 0 20,40,e1082,a7a6,-110,1,f5f4,0.0123,0.0145,0.0187,0.021,b7b6,b7b6,b7b6,b7b6,119.0,0.021,0.0087,True,elite,03_elite_b3,2497,2605,2605,False,True
2r1k3/pp4p1/6b1/2P1n2p/1P2pr1P/4N3/P4P2/2KR1BR1 b - - 1 22,44,e1082,g6f7,-43,42,e8f7,0.0159,0.022,0.0248,0.0263,f4f2,f4f2,f4f2,e8f7,339.0,0.0263,0.0104,True,elite,03_elite_b3,2497,2605,2605,False,True
1r2r1k1/3b1p2/p5pp/2bp4/2PNn3/P6P/2B2PP1/B2RR1K1 b - - 2 24,48,e1085,b8c8,-7,12,c5a3,0.0054,0.0033,0.002,0.0014,d5c4,d5c4,d5c4,d5c4,302.0,0.0054,-0.004,True,elite,03_elite_b3,2358,2543,2543,False,True
1r1qr1k1/3p1pbp/2bQ2p1/4P3/2B2P2/1P6/PBP3PP/1K1RR3 b - - 0 24,48,e1090,b8a8,-491,7,d8h4,0.0398,0.0401,0.0339,0.0288,c6g2,c6g2,c6g2,g7f8,108.0,0.0401,-0.011,True,elite,03_elite_b3,2549,2469,2469,False,True
r3kbr1/1p3p2/4bBp1/p2pPpNp/1n1q4/PP2N3/5PPP/RQ3RK1 b q - 0 20,40,e1093,f5f4,-280,59,b4c6,0.0117,0.0079,0.0069,0.0093,b4c6,b4c6,b4c6,b4c6,123.0,0.0117,-0.0024,True,elite,03_elite_b3,2538,2589,2589,False,True
r3k1r1/1p2bp2/2n2Bp1/p2RPpNp/Pq6/3Q4/5PPP/R5K1 b q - 2 26,52,e1093,b4g4,-559,23,a8d8,0.0056,0.0058,0.0069,0.0082,e7f6,e7f6,e7f6,e7f6,151.0,0.0082,0.0026,True,elite,03_elite_b3,2538,2589,2589,False,True
r1b5/1p4pk/p1n1pb2/6P1/q1P2P1P/P3B2R/1P2Q3/R3K3 b Q - 0 24,48,e1097,a4a5,-364,45,f6e7,0.0277,0.0329,0.0328,0.03,f6b2,f6b2,f6d4,f6d4,625.0,0.0329,0.0023,True,elite,03_elite_b3,2794,2758,2758,False,True
r3k2r/pp1n1ppp/2pbpq2/8/3P4/2P2NP1/PPB2K2/R1BQR3 b kq - 0 16,32,e1098,f6e7,-289,28,h7h6,0.0082,0.0082,0.0064,0.0041,e8c8,e8c8,e8c8,e8c8,185.0,0.0082,-0.0041,True,elite,03_elite_b3,2751,2652,2652,False,True
r1bqr3/1pp2pk1/2np2p1/2n3Pp/p1PNPP1P/2N2B2/PP1Q4/2KR3R b - - 1 20,40,e1105,g7g8,-114,3,c6a5,0.0047,0.0044,0.0049,0.0091,c6d4,c6d4,c6d4,c6d4,109.0,0.0091,0.0044,True,elite,03_elite_b3,2488,2526,2526,False,True
3r2k1/1p3ppp/p3p3/2p3b1/8/1qPP1Q1P/RP3PP1/R5K1 b - - 3 26,52,e1109,g5e7,-5,3,g7g6,0.0184,0.0217,0.0267,0.0335,b3c2,b3c2,b3c2,b3c2,327.0,0.0335,0.0151,True,elite,03_elite_b3,2731,2724,2724,False,True
r4bk1/p4p2/3p4/2p3p1/P1N5/Ppn1R1P1/5B1P/6K1 b - - 1 32,64,e1110,d6d5,546,15,c3a4,0.0251,0.0217,0.0218,0.0255,c3a4,c3a4,c3a4,c3a4,204.0,0.0255,0.0004,True,elite,03_elite_b3,2537,2487,2487,False,True
r2q4/1p2b1pk/3N2R1/p4Q1p/5P2/5b2/PPP4P/2KR4 b - - 0 24,48,e1113,d8f8,-698,153,f3d1,0.0151,0.0121,0.0123,0.0141,f3d1,f3d1,f3d1,f3d1,1300.0,0.0151,-0.001,True,elite,03_elite_b3,2590,2697,2697,False,True
r1b2rk1/pp1n1pbp/2pp1npB/q3p3/3PP2P/2N2P2/PPPQN1P1/2KR1B1R b - - 0 10,20,e1116,d7b6,-108,56,e5d4,0.0383,0.0348,0.0323,0.0341,e5d4,e5d4,e5d4,e5d4,114.0,0.0383,-0.0042,True,elite,03_elite_b3,2590,2484,2484,False,True
8/2q2kpp/1n2p3/2p5/1r1bPP2/2p2NP1/RnQ3BP/1R5K b - - 1 30,60,e1117,f7g8,-156,14,b6c4,0.0035,0.0056,0.0066,0.0068,b6c4,b6c4,b6c4,b6c4,284.0,0.0068,0.0033,True,elite,03_elite_b3,2583,2499,2499,False,True
r3qrk1/3n2pp/p2p1b2/Np1Pp3/5n1P/4BP2/PPPQ4/1K1R1B1R b - - 0 18,36,e1120,e8h5,-54,12,f6d8,0.0352,0.0325,0.0297,0.0446,f4g6,f4g6,f4g6,f4g6,150.0,0.0446,0.0094,True,elite,03_elite_b3,2768,2992,2992,False,True
rq4k1/5r1p/3p2pP/p2Pp3/Qp3n2/5P2/PPPB1b2/1K1R1B1R b - - 1 28,56,e1120,b8c8,69,13,f2c5,0.012,0.0122,0.0129,0.0148,f4d5,f4d5,f4d5,f4d5,252.0,0.0148,0.0028,True,elite,03_elite_b3,2768,2992,2992,False,True
1r4k1/rp1R1p1p/6p1/p2Bp3/5b2/1PP5/1P3P1P/R5K1 b - - 3 26,52,e1122,g8h8,-83,29,g8g7,0.0219,0.0262,0.0211,0.0171,b8f8,b8f8,b8f8,b8f8,106.0,0.0262,-0.0048,True,elite,03_elite_b3,2743,2553,2553,False,True
r1b2rk1/5pp1/p3p2p/1pb1P3/2qNNR1P/4Q3/PPP3P1/5RK1 b - - 1 20,40,e1125,f7f6,-128,54,c5d4,0.0004,0.0001,0.0,0.0,c5d4,c5d4,c5d4,c5d4,156.0,0.0004,-0.0004,True,elite,03_elite_b3,2416,2574,2574,False,True
r1b2rk1/5p2/p3pp1p/1p2P3/2qR3P/4Q3/PPP3P1/5RK1 b - - 0 22,44,e1125,c4d4,-332,229,c4c2,0.0069,0.0138,0.0247,0.0396,c4c2,c4c2,c4c5,c4c5,1053.0,0.0396,0.0327,True,elite,03_elite_b3,2416,2574,2574,False,True
3rn3/1pq1k3/1n4p1/NB1p2P1/P1PQp3/8/1P5r/1K2RR2 b - - 2 30,60,e1131,b6d7,-587,4,h2h4,0.0116,0.011,0.0115,0.0145,d5c4,d5c4,d5c4,d5c4,1411.0,0.0145,0.0029,True,elite,03_elite_b3,2801,2588,2588,False,True
1rB1r1k1/qP3pp1/5n2/3p3p/3P1Q2/P4PP1/4p1KP/1RR5 b - - 0 34,68,e1134,e8d8,-335,30,h5h4,0.0058,0.0059,0.0059,0.0059,e2e1q,a7a3,a7a3,a7a3,209.0,0.0059,0.0001,True,elite,03_elite_b3,2828,2354,2354,False,True
3q2k1/1p4p1/2b4p/b1p1r3/p1PpNr1P/P2P1P2/KPQ3B1/3R1R2 b - - 0 32,64,e1135,g8h8,167,4,d8h4,0.001,0.0015,0.0015,0.0014,f4h4,f4h4,f4h4,f4h4,256.0,0.0015,0.0004,True,elite,03_elite_b3,2477,2569,2569,False,True
5rk1/r4ppp/B3p3/1p2P3/3R4/6P1/5P1P/R4K2 b - - 0 26,52,e1139,g7g5,-202,4,f8a8,0.004,0.0023,0.0018,0.003,f8a8,f8a8,f8a8,f8a8,170.0,0.004,-0.001,True,elite,03_elite_b3,2566,2494,2494,False,True
8/r3k2p/B2Rp3/1K2P1p1/8/6P1/2r4P/R7 b - - 0 34,68,e1139,a7c7,-333,17,c2h2,0.0335,0.0314,0.029,0.0402,c2b2,c2b2,c2h2,c2h2,138.0,0.0402,0.0067,True,elite,03_elite_b3,2566,2494,2494,False,True
r4rk1/pp1q1ppp/2p1p1b1/4Q3/3P2PP/1B6/PPP2P2/1K1R3R b - - 0 18,36,e1145,a8e8,-227,6,h7h6,0.0148,0.0054,0.0022,0.0012,h7h6,h7h6,h7h6,h7h6,131.0,0.0148,-0.0136,True,elite,03_elite_b3,2510,2667,2667,False,True
3r2r1/1pq2pk1/2p1p2p/p5bR/P2PB1P1/2P2Q2/1P3PK1/4R3 b - - 8 32,64,e1151,c6c5,-13,2,d8d7,0.0396,0.0237,0.0163,0.0148,c7f4,c7f4,c7f4,c7f4,154.0,0.0396,-0.0248,True,elite,03_elite_b3,2606,2989,2989,False,True
7r/2knn1p1/2p1bp2/1p2pP2/4P3/1PK1BN1P/r6P/3R1B1R b - - 0 20,40,e1155,e7f5,398,7,e6f7,0.029,0.028,0.026,0.0209,e6f7,e6f7,e6f7,e6f7,126.0,0.029,-0.0081,True,elite,03_elite_b3,2573,2464,2464,False,True
8/2p1n3/pp1p1p2/3Np2k/1PP1P3/3P2KP/1P6/8 b - - 1 30,60,e1159,e7g6,-291,84,e7d5,0.0474,0.0269,0.016,0.0149,e7d5,e7d5,e7d5,e7d5,223.0,0.0474,-0.0325,True,elite,03_elite_b3,2405,2528,2528,False,True
6k1/ppq2pp1/4p3/1B3rp1/Q2P4/8/PP2N1P1/2R1K3 b - - 5 24,48,e1164,c7b8,-553,11,c7h2,0.0152,0.0143,0.0157,0.0184,c7h2,c7h2,c7h2,c7h2,134.0,0.0184,0.0032,True,elite,03_elite_b3,2472,2566,2566,False,True
2q2rk1/1p3ppp/p3pn2/1b1n4/3Q4/PP2PN2/1B2BPPP/2R3K1 b - - 3 20,40,e1167,c8a8,-129,15,c8d8,0.0158,0.0153,0.014,0.0125,c8d7,c8d7,c8d7,c8d7,134.0,0.0158,-0.0033,True,elite,03_elite_b3,2507,2394,2394,False,True
r2r2k1/pp2qpp1/7p/4pb1Q/2Bn4/1P6/P2N1PPP/R3R1K1 b - - 3 22,44,e1170,g8h7,320,37,g7g6,0.006,0.0053,0.0033,0.0022,d4c2,d4c2,f5g6,f5g6,340.0,0.006,-0.0038,True,elite,03_elite_b3,2490,2547,2547,False,True
r5k1/pp1r1pq1/6p1/4pbN1/2B4Q/1P5P/P4PP1/R5K1 b - - 0 28,56,e1170,a8f8,138,75,a8d8,0.0187,0.0191,0.0146,0.0101,a8d8,a8d8,a8d8,a8d8,283.0,0.0191,-0.0086,True,elite,03_elite_b3,2490,2547,2547,False,True
6k1/p2q1p2/3p2pp/8/1P1QR3/1P4PP/2r2P1K/8 b - - 6 32,64,e1176,c2c1,5,5,a7a6,0.0169,0.0131,0.0122,0.0148,d7f5,d7f5,d7f5,d7f5,2003.0,0.0169,-0.0021,True,elite,03_elite_b3,2586,2546,2546,False,True
r1b3k1/1p2qr1p/p2pppn1/2p4Q/P3P3/2NR3R/BPP3PP/6K1 b - - 7 22,44,e1179,g6e5,138,86,f7g7,0.0449,0.0425,0.0413,0.0389,g6f4,f7g7,f7g7,f7g7,112.0,0.0449,-0.006,True,elite,03_elite_b3,2701,2562,2562,False,True
3r2k1/2R2pp1/7p/1rp5/8/5P2/P2p1NPK/3R4 b - - 3 32,64,e1180,f7f5,-152,122,b5b2,0.0497,0.0387,0.0283,0.0225,b5b2,b5b2,b5b2,b5b2,114.0,0.0497,-0.0272,True,elite,03_elite_b3,2425,2544,2544,False,True
3r2k1/5pp1/7p/2R5/4N3/5P2/r2p2PK/3R4 b - - 1 34,68,e1180,d8d3,-264,4,g7g6,0.0359,0.0372,0.0378,0.0357,g7g6,f7f5,f7f5,f7f5,144.0,0.0378,-0.0002,True,elite,03_elite_b3,2425,2544,2544,False,True
6k1/4bpp1/4p2p/1pp5/1n6/1P1P2P1/n1PN1PNP/B2K4 b - - 0 28,56,e1193,b4c6,13,6,e7f6,0.0258,0.0263,0.0258,0.0298,e7f6,e7f6,e7f6,e7f6,184.0,0.0298,0.004,True,elite,03_elite_b3,2507,2381,2381,False,True
rn3rk1/4bppp/1pbppn2/2p5/2P1P2N/2N3P1/PP3PBP/R1BR2K1 b - - 0 14,28,e1194,f6e8,20,1,f6d7,0.0054,0.0083,0.0092,0.0105,b8d7,b8d7,b8d7,b8d7,174.0,0.0105,0.0051,True,elite,03_elite_b3,2518,2506,2506,False,True
r4rk1/p4pbp/5qp1/1BpR4/7n/P1N1P3/1P2QP1P/R6K b - - 5 20,40,e1195,a8b8,113,33,a7a6,0.0209,0.0207,0.0254,0.0416,h4f3,h4f3,h4f3,h4f3,150.0,0.0416,0.0207,True,elite,03_elite_b3,2607,2667,2667,False,True
5r2/5pbk/6p1/5n1p/pNB1Q3/P2RP3/5PKP/4q3 b - - 8 34,68,e1195,f8e8,464,43,g7f6,0.0043,0.0026,0.0017,0.0013,f5h4,f5h4,e1e2,h5h4,499.0,0.0043,-0.003,True,elite,03_elite_b3,2607,2667,2667,False,True
r2q1r1k/1b2bpp1/p3p2B/1p2n2Q/3N4/1B5R/PPP3PP/R6K b - - 0 18,36,e1208,e7h4,-1303,486,g7g6,0.0029,0.0044,0.0059,0.0064,g7h6,g7h6,d8d4,d8d4,695.0,0.0064,0.0035,True,elite,03_elite_b3,2562,2388,2388,False,True
r3k2r/pp2b1pp/n1p1pp2/3n4/2NP4/1P1NP3/1P1BKPPP/R6R b kq - 1 14,28,e1210,d5c7,-79,1,e8d7,0.0065,0.0064,0.0069,0.0107,e8g8,e8g8,e8g8,e8g8,153.0,0.0107,0.0042,True,elite,03_elite_b3,2566,2568,2568,False,True
5r2/p4ppk/1bN5/1Pq5/2P5/2Q4P/4RPP1/6K1 b - - 0 30,60,e1211,g7g6,-333,6,f8e8,0.038,0.0359,0.0327,0.0388,a7a6,a7a6,a7a6,c5f5,127.0,0.0388,0.0008,True,elite,03_elite_b3,2590,2424,2424,False,True
2r5/pp3k2/5n1b/8/8/2P1r1B1/PK1N2RP/5R2 b - - 2 28,56,e1215,c8c6,-111,6,c8c3,0.0077,0.0095,0.0129,0.0164,e3c3,e3c3,e3c3,e3c3,345.0,0.0164,0.0087,True,elite,03_elite_b3,3062,2612,2612,False,True
3r3r/pp3pk1/2p2Nq1/4P3/5Q2/P2bR2P/1P3PP1/6K1 b - - 8 32,64,e1217,g6h6,60,507,g7f8,0.0138,0.0124,0.0114,0.0112,d3f5,d3f5,d3f5,d3f5,557.0,0.0138,-0.0026,True,elite,03_elite_b3,2544,2598,2598,False,True
2r1r1k1/p2b1pp1/1p2pn1p/8/P1PB2P1/3B1P2/2P2KP1/R3R3 b - - 0 20,40,e1221,e8d8,-113,3,d7c6,0.0252,0.0254,0.0235,0.0325,f6h7,f6h7,f6h7,f6h7,103.0,0.0325,0.0073,True,elite,03_elite_b3,2585,2441,2441,False,True
2r2nk1/p3r1p1/2b1pp1p/R7/2PB1PP1/3B4/2P2KP1/1R6 b - - 0 26,52,e1221,g8f7,-202,10,c8c7,0.0094,0.0078,0.0064,0.008,c8a8,c8a8,c8a8,c8c7,127.0,0.0094,-0.0014,True,elite,03_elite_b3,2585,2441,2441,False,True
2b1k2r/2q1npb1/p2pp2p/1r5P/1pnPPB2/1N3N2/BPP1Q1P1/1K1R3R b k - 8 20,40,e1222,b5b6,-154,16,e8g8,0.0046,0.0037,0.0028,0.0027,a6a5,a6a5,a6a5,a6a5,130.0,0.0046,-0.0019,True,elite,03_elite_b3,2483,2550,2550,False,True
4r3/ppk1r3/6p1/3b1nNn/4N1R1/P2P3P/1PP3B1/2K1R3 b - - 9 28,56,e1223,f5h6,-59,248,h5f6,0.0316,0.03,0.0281,0.0258,h5f6,h5f6,h5f6,h5f6,246.0,0.0316,-0.0058,True,elite,03_elite_b3,2657,2672,2672,False,True
3r2k1/p4pp1/1pn1p2p/1b1q4/1P6/2RPP3/2N2PPP/Q4BK1 b - - 6 24,48,e1227,a7a6,3,8,e6e5,0.0226,0.0338,0.0416,0.0421,b5d3,b5d3,b5d3,b5d3,443.0,0.0421,0.0195,True,elite,03_elite_b3,2506,2401,2401,False,True
8/5p1p/4pkp1/p2p4/2rP4/PRPK1PP1/7P/8 b - - 0 34,68,e1230,g6g5,0,0,c4c7,0.0234,0.0235,0.0304,0.0415,a5a4,a5a4,a5a4,a5a4,103.0,0.0415,0.0181,True,elite,03_elite_b3,2514,2451,2451,False,True
2kr3r/pp2npp1/2pqbp2/8/1PPP4/3B1PPp/P2QN2P/3R1RK1 b - - 0 18,36,e1231,h8e8,6,1,g7g5,0.0055,0.0049,0.0056,0.0121,e7f5,e7f5,e7f5,e7f5,202.0,0.0121,0.0066,True,elite,03_elite_b3,2604,2603,2603,False,True
2r2rk1/1p2nppp/p1n3q1/2Q1p3/4P3/2N1BbP1/PPPR1P1P/2K2BR1 b - - 4 16,32,e1238,b7b5,-169,21,f3e4,0.0272,0.0234,0.0233,0.0261,f3e4,f3e4,f3e4,f3e4,134.0,0.0272,-0.0011,True,elite,03_elite_b3,2635,2721,2721,False,True
3q1rk1/3pbppp/2p1p3/1p2P3/r1nPN3/P1PQ2P1/5P1P/R1B1R1K1 b - - 0 20,40,e1240,c4b6,124,10,f7f5,0.0322,0.0279,0.0207,0.0105,c4a3,e7a3,e7a3,e7a3,110.0,0.0322,-0.0217,True,elite,03_elite_b3,2500,2440,2440,False,True
r4rk1/p2R1p1p/1p4p1/2P5/4NQ2/4P3/qn3PPP/2R3K1 b - - 5 28,56,e1242,b2a4,-361,77,a2e6,0.0205,0.018,0.0144,0.011,b2d3,b2d3,b6c5,a2e6,127.0,0.0205,-0.0095,True,elite,03_elite_b3,2536,2611,2611,False,True
r4r2/p4pkp/1p1RqNp1/2P5/5Q2/4P3/1n3PPP/2R3K1 b - - 9 30,60,e1242,b6c5,-526,39,e6b3,0.0069,0.0037,0.0023,0.0016,e6b3,e6b3,e6f5,e6b3,264.0,0.0069,-0.0053,True,elite,03_elite_b3,2536,2611,2611,False,True
5rk1/q4pnp/2p3p1/p1ppP3/Pr4Rb/1P1P1Q2/2P3PN/2B2R1K b - - 3 26,52,e1243,f7f5,105,39,a7d7,0.0259,0.0136,0.0087,0.0076,b4g4,b4g4,b4g4,b4g4,105.0,0.0259,-0.0183,True,elite,03_elite_b3,2458,2535,2535,False,True
r1b3k1/4n1pp/3b4/pp1p1p2/2pP1P2/P1P1PN2/1PBK4/R6R b - - 5 28,56,e1246,a8b8,-151,8,c8d7,0.0166,0.015,0.0153,0.0195,b5b4,b5b4,b5b4,b5b4,277.0,0.0195,0.0029,True,elite,03_elite_b3,2848,2958,2958,False,True
1knr2r1/1q2b3/1pb1np1p/2p1p1pP/2N1P3/QNP1B1P1/1P3PB1/R3R1K1 b - - 5 26,52,e1249,b7a8,-126,31,e6f4,0.0007,0.0007,0.0008,0.0012,c8a7,b8c7,b8c7,b8c7,134.0,0.0012,0.0005,True,elite,03_elite_b3,2574,2446,2446,False,True
r1b2rk1/pp2qpp1/2n4p/3np3/3PN3/3B1P2/PP1QN1PP/R4RK1 b - - 0 16,32,e1250,f8d8,173,2,e5d4,0.0048,0.0039,0.0036,0.0038,e5d4,e5d4,e5d4,e5d4,129.0,0.0048,-0.001,True,elite,03_elite_b3,2387,2529,2529,False,True
r1bqk2r/bpp3p1/p1np1n2/5p2/2PP2Pp/2N2P1P/PP2N1B1/R1BQ1RK1 b kq - 0 12,24,e1265,f6h7,-119,6,c8e6,0.003,0.0032,0.0026,0.0019,f5g4,f5g4,f5g4,f5g4,198.0,0.0032,-0.0011,True,elite,03_elite_b3,2449,2577,2577,False,True
3r2k1/pp1rqp1p/n1p3p1/8/8/1P1NP1P1/P1QR1P1P/3R2K1 b - - 0 22,44,e1274,h7h5,4,4,e7e4,0.0088,0.0113,0.0161,0.0254,a6b4,a6b4,a6b4,a6b4,465.0,0.0254,0.0166,True,elite,03_elite_b3,2448,2555,2555,False,True
3rrbk1/2qb1pp1/2pp1nnp/1p6/1P1NPP2/2NQ2PP/2P2BB1/3RR1K1 b - - 1 20,40,e1277,g6e5,-7,46,d7c8,0.001,0.0009,0.0008,0.0006,c6c5,d7c8,d7c8,d7c8,274.0,0.001,-0.0004,True,elite,03_elite_b3,2654,2531,2531,False,True
6k1/p6p/4p1p1/8/8/3NpbPR/PPP2r2/4K3 b - - 4 32,64,e1279,f2d2,738,135,f2c2,0.0235,0.0192,0.0139,0.0102,f2c2,f2c2,f2c2,f2c2,305.0,0.0235,-0.0133,True,elite,03_elite_b3,2454,2602,2602,False,True
2r2b2/p4p1k/1qp3p1/3pPP1p/4p2P/1P4P1/P1PQ4/1K1RR3 b - - 0 26,52,e1282,b6c7,-64,52,f8g7,0.0168,0.0191,0.0209,0.0273,g6f5,f8b4,f8b4,f8b4,254.0,0.0273,0.0105,True,elite,03_elite_b3,2594,2793,2793,False,True
2r1b3/3nk2p/1r2p3/pp3pp1/8/1PP2P2/P1NRNKPP/4R3 b - - 1 30,60,e1283,h7h6,43,0,d7e5,0.0287,0.0292,0.0266,0.0172,h7h5,h7h5,h7h5,e6e5,177.0,0.0292,-0.0115,True,elite,03_elite_b3,2605,2992,2992,False,True
5rk1/p5p1/1p1p1p1p/5P1Q/2n1q3/P6P/6P1/2BR2K1 b - - 6 28,56,e1288,f8f7,372,5,d6d5,0.0025,0.0033,0.0051,0.0067,c4e3,c4e3,c4e3,c4e3,238.0,0.0067,0.0042,True,elite,03_elite_b3,2457,2550,2550,False,True
1rb1r3/p4k2/2p2pp1/3pq3/6P1/1P3Q2/P1P5/1K1R1B1R b - - 0 24,48,e1297,b8b7,-131,9,f7g7,0.005,0.0031,0.0023,0.002,f7g7,f7g7,f7g7,f7g7,243.0,0.005,-0.003,True,elite,03_elite_b3,2648,2669,2669,False,True
r2qkbr1/pp3p1p/4p3/6p1/2nPp3/2N3N1/PPP1QPPP/R3K2R b KQq - 2 14,28,e1298,d8c7,-121,13,c4b6,0.0144,0.0177,0.0184,0.0143,c4b2,c4b2,d8d4,d8d4,285.0,0.0184,-0.0001,True,elite,03_elite_b3,2605,2508,2508,False,True
r3kb1r/pp3ppp/2p1pn2/2np4/2P3PP/RPN1PP2/1P1P4/2B1KB1R b Kkq - 2 12,24,e1299,c5d7,0,42,c5a6,0.0191,0.0196,0.0194,0.0194,c5d3,c5d3,c5d3,c5d3,446.0,0.0196,0.0003,True,elite,03_elite_b3,2611,2464,2464,False,True
r3kb1r/pp3ppp/2p1pn2/2np4/2P3PP/RPN1PP2/1P1P4/2B1KB1R b Kkq - 6 14,28,e1299,c5d7,0,37,c5a6,0.0191,0.0196,0.0194,0.0194,c5d3,c5d3,c5d3,c5d3,448.0,0.0196,0.0003,True,elite,03_elite_b3,2611,2464,2464,False,True
3qb2r/1p2k1b1/2p1nn1p/1PPp1pp1/3Pp2P/1QN1P1P1/1B1KBPN1/7R b - - 4 22,44,e1307,e8d7,-38,15,f6g4,0.0102,0.0115,0.0148,0.0174,g5g4,g5g4,g5g4,g5g4,168.0,0.0174,0.0072,True,elite,03_elite_b3,2959,2846,2846,False,True
r5k1/p2b1pbp/1q1p1Pp1/4r2n/3N3Q/2PB4/PP4PP/R1B2RK1 b - - 0 20,40,e1313,b6d8,-204,45,g7f8,0.0194,0.0165,0.0156,0.0201,g7f6,h5f6,g7f8,g7f8,102.0,0.0201,0.0007,True,elite,03_elite_b3,2379,2535,2535,False,True
4r1k1/pp2qppp/3b1n2/3p1R2/1P6/PN1Pr1P1/R3P1BP/5QK1 b - - 4 20,40,e1315,e7c7,141,17,d6e5,0.0038,0.0038,0.0035,0.0032,e3e2,e3e2,e3e2,e3e2,109.0,0.0038,-0.0006,True,elite,03_elite_b3,2484,2538,2538,False,True
1r4k1/p1q1brpp/2pp4/2p1p3/2N4P/1PBP2Pb/P1P2P1K/R2QR3 b - - 5 20,40,e1319,f7f2,353,169,c7d7,0.0421,0.0294,0.0267,0.0303,h3e6,h3e6,h3e6,h3e6,169.0,0.0421,-0.0118,True,elite,03_elite_b3,2750,2654,2654,False,True
8/1p2q1pk/2r1p3/p5p1/Pb2N3/3P3P/1P6/1K1Q1R2 b - - 1 26,52,e1321,e7d8,-22,1,h7h6,0.0247,0.0269,0.0269,0.0285,g7g6,e6e5,e6e5,e6e5,554.0,0.0285,0.0038,True,elite,03_elite_b3,2578,2528,2528,False,True
2kr3r/1ppnbb1p/p2q1pp1/2pP4/2P1P3/P3BN2/1P1N1RPP/R2Q2K1 b - - 0 18,36,e1328,h8e8,-133,15,d8f8,0.0215,0.0092,0.0072,0.0178,d7e5,d7e5,d7e5,d7e5,138.0,0.0215,-0.0037,True,elite,03_elite_b3,2542,2576,2576,False,True
2rq1rk1/p4ppp/1p6/3n4/1b1RN3/1P3PP1/PQ2BP1P/R5K1 b - - 0 18,36,e1332,b4e7,-374,31,f7f5,0.0224,0.0218,0.0168,0.0159,b4c3,b4c3,b4c3,b4c3,122.0,0.0224,-0.0065,True,elite,03_elite_b3,2448,2629,2629,False,True
2bq1rk1/1pp3b1/n2p4/1N1Pp2p/1PP1Ppp1/3Q2P1/3B1PBP/R5K1 b - - 2 22,44,e1337,d8f6,64,18,h5h4,0.0065,0.0084,0.0111,0.0222,f4f3,f4f3,f4f3,f4f3,213.0,0.0222,0.0157,True,elite,03_elite_b3,2588,2556,2556,False,True
1n4qr/Rp4b1/3P2k1/3Qp3/1P2P1p1/5pP1/5P2/4BBK1 b - - 5 34,68,e1337,b8c6,-283,38,g8h7,0.0209,0.0215,0.0237,0.0314,g8h7,g8h7,g8h7,g8h7,257.0,0.0314,0.0105,True,elite,03_elite_b3,2588,2556,2556,False,True
r1b2rk1/1pq1bppp/p2ppn2/2n3B1/3NPP2/2NB1Q2/PPP3PP/1K1RR3 b - - 10 12,24,e1339,h7h6,-89,24,c5d3,0.0303,0.0254,0.0204,0.0169,b7b5,b7b5,b7b5,b7b5,107.0,0.0303,-0.0134,True,elite,03_elite_b3,2525,2389,2389,False,True
r1br2k1/1pq1bppp/p2ppn2/5PB1/3NP3/2NQ4/PPP3PP/1K1RR3 b - - 0 14,28,e1339,d8e8,-104,11,b7b5,0.0042,0.003,0.0024,0.0029,e6e5,e6e5,e6e5,e6e5,216.0,0.0042,-0.0013,True,elite,03_elite_b3,2525,2389,2389,False,True
r1br2k1/2q1b1pp/p2ppn2/1p4B1/3NP3/2N4Q/PPP3PP/1K1RR3 b - - 1 16,32,e1339,d8e8,-34,29,b5b4,0.0077,0.0061,0.004,0.0034,e6e5,e6e5,e6e5,e6e5,115.0,0.0077,-0.0043,True,elite,03_elite_b3,2525,2389,2389,False,True
8/pb3pk1/2pp1npp/4r3/8/1PNB1P1P/1PPK2P1/3R4 b - - 1 26,52,e1341,a7a5,-55,20,g7f8,0.0304,0.0315,0.0307,0.0278,d6d5,f6h5,f6h5,f6h5,164.0,0.0315,-0.0026,True,elite,03_elite_b3,2450,2532,2532,False,True
R1b1rk2/5p2/1p1p1npp/1Bp5/8/2N2P1P/1PPK2P1/8 b - - 3 32,64,e1341,c8b7,28,25,c8d7,0.016,0.0087,0.0056,0.006,e8d8,e8d8,e8d8,e8d8,258.0,0.016,-0.01,True,elite,03_elite_b3,2450,2532,2532,False,True
r1bqr1k1/ppp2pbp/5np1/1Nn1p3/5P2/2N1BB2/PPP3PP/R2Q1RK1 b - - 1 12,24,e1342,f6d7,93,76,c5e6,0.0406,0.0375,0.0342,0.0334,d8d1,d8d1,d8d1,d8d1,115.0,0.0406,-0.0072,True,elite,03_elite_b3,2620,2721,2721,False,True
r6r/1R4pp/pBpQ1b2/5k2/2P5/8/PP4P1/7K b - - 0 32,64,e1345,h8d8,-632,51,h8e8,0.0347,0.0292,0.0244,0.0221,h8e8,h8e8,h8e8,h8e8,143.0,0.0347,-0.0126,True,elite,03_elite_b3,2519,2327,2327,False,True
r1q2b1r/p2k4/2p1p2p/3ppbpB/P2P4/1QP1PN2/5PPP/R3K2R b KQ - 2 18,36,e1346,f8g7,-57,13,e5d4,0.023,0.0292,0.0295,0.0322,a8b8,a8b8,e5e4,e5e4,149.0,0.0322,0.0092,True,elite,03_elite_b3,2599,2401,2401,False,True
r5k1/pbq2ppn/2p2P2/1pb1p1P1/4P3/P1Nr1NQ1/1P1B2K1/R4R2 b - - 2 24,48,e1353,c7d7,-2,43,a8d8,0.0135,0.0142,0.0159,0.019,g7g6,g7g6,g7g6,g7g6,394.0,0.019,0.0055,True,elite,03_elite_b3,2360,2504,2504,False,True
3r1nk1/pbq2pp1/2p2P2/1pb1p1P1/4P3/P1Nr1NQ1/1P4K1/R1B4R b - - 6 26,52,e1353,d3d1,-480,1,f8g6,0.0043,0.0024,0.0016,0.0013,g7g6,g7g6,f8g6,f8g6,1510.0,0.0043,-0.003,True,elite,03_elite_b3,2360,2504,2504,False,True
r1b1kb1r/pp1np1pp/3p2p1/q1pP2N1/4P3/1R6/P1PN1PP1/3QKB1R b Kkq - 2 12,24,e1354,a7a6,-180,28,h7h6,0.0103,0.0172,0.0198,0.0219,d7e5,h7h6,d7f6,d7f6,191.0,0.0219,0.0116,True,elite,03_elite_b3,2523,2583,2583,False,True
1r5r/2k2Pp1/Q4b1p/2qp4/5p2/1RPR4/P1KN2P1/8 b - - 1 30,60,e1354,f6e7,-304,8,b8b3,0.0075,0.0055,0.005,0.0052,b8b3,b8b3,b8b3,b8b3,138.0,0.0075,-0.0023,True,elite,03_elite_b3,2523,2583,2583,False,True
6k1/pB1b2pp/2p1p2q/2P1Pr2/3r4/6Q1/P6P/2RR3K b - - 0 26,52,e1356,d4d2,330,11,h6f4,0.0283,0.028,0.0324,0.0423,d4d1,d4d1,d4d1,d4d1,149.0,0.0423,0.014,True,elite,03_elite_b3,2474,2610,2610,False,True
6rr/3bkp2/1q2p3/4P3/1p3Q2/1N1B4/PpP4P/1K1R4 b - - 0 30,60,e1359,h8h5,-40,26,f7f5,0.0203,0.0216,0.0245,0.0291,g8g1,g8g1,g8g1,g8g1,475.0,0.0291,0.0088,True,elite,03_elite_b3,2519,2424,2424,False,True
3br1k1/5p1p/1pp2P1B/p1n5/P3r3/2Q5/1PP3PP/5R1K b - - 4 26,52,e1361,g8h8,-387,11,e4g4,0.0153,0.0243,0.0359,0.0466,c5a4,c5a4,c5a4,c5a4,1610.0,0.0466,0.0313,True,elite,03_elite_b3,2451,2542,2542,False,True
1r1qkb1r/1p2nppp/p2p1n2/3Pp3/P1N3P1/8/1PP2P1P/R1BQKB1R b KQk - 0 12,24,e1363,h7h6,-78,8,d8c7,0.0374,0.0399,0.0339,0.0291,e7d5,e7d5,e7d5,e7d5,246.0,0.0399,-0.0083,True,elite,03_elite_b3,2462,2548,2548,False,True
r4rk1/2q1nppp/pp2p3/2p1P3/P6P/2P2QN1/1P3PP1/4RBK1 b - - 2 22,44,e1364,c5c4,206,76,e7c6,0.0468,0.0364,0.0312,0.0399,e7g6,e7g6,e7g6,e7g6,150.0,0.0468,-0.0069,True,elite,03_elite_b3,2725,2650,2650,False,True
8/2qN1kp1/1p2p2p/1Bp1np1P/P4Q2/2P3R1/1rr2PPK/8 b - - 3 34,68,e1364,c2e2,263,300,e5g4,0.0463,0.0391,0.0365,0.0414,c2f2,c2f2,c2f2,c2f2,597.0,0.0463,-0.0049,True,elite,03_elite_b3,2725,2650,2650,False,True
r3nrk1/pppq2bp/n2p2b1/3Pp1N1/2P3B1/2N1B2R/PP3PP1/R2QK3 b Q - 10 16,32,e1367,f8f5,-339,44,g6f5,0.0048,0.0044,0.0039,0.0029,d7e7,d7e7,d7e7,d7e7,172.0,0.0048,-0.0019,True,elite,03_elite_b3,2579,2550,2550,False,True
2rq1rk1/pp2bppp/4pn2/n2p4/P2P4/2P3P1/1P1N1P1P/R1BQRBK1 b - - 6 14,28,e1371,h7h6,-46,6,a7a6,0.0109,0.0095,0.0105,0.0114,a5c4,a5c4,a5c4,a5c4,102.0,0.0114,0.0005,True,elite,03_elite_b3,2636,2415,2415,False,True
r1b2rk1/pp2b1pp/nq2p3/1N1pN1P1/P1pPpB1P/2P1P3/1P3P2/R2QK2R b KQ - 1 14,28,e1372,f8f5,-193,128,a6b8,0.034,0.0244,0.0177,0.0096,a6c7,a6c7,a6c7,a6c7,248.0,0.034,-0.0244,True,elite,03_elite_b3,2691,2734,2734,False,True
r1b3k1/1p1nbNB1/1q2p1P1/1p1p1r2/P1pPp1QP/2P1P3/1P3P2/R3K2R b KQ - 0 20,40,e1372,b5a4,-195,55,g8g7,0.0074,0.0049,0.0048,0.0094,g8g7,g8g7,g8g7,g8g7,274.0,0.0094,0.002,True,elite,03_elite_b3,2691,2734,2734,False,True
r1b1knQQ/1p2br2/1q2p3/3p4/p1pPp1Q1/2P1P3/1P3P2/R3K2R b KQ - 0 26,52,e1372,f7f5,-695,42,b6b2,0.0014,0.0011,0.0008,0.0008,b6b2,b6b2,b6b2,b6b2,1300.0,0.0014,-0.0006,True,elite,03_elite_b3,2691,2734,2734,False,True
2k5/pp4Pp/2p5/2n4N/6P1/7P/bBP1r3/2KR4 b - - 0 26,52,e1373,b7b5,-303,7,a7a5,0.0373,0.0212,0.0149,0.016,e2e8,e2e8,e2e8,e2e8,127.0,0.0373,-0.0213,True,elite,03_elite_b3,2673,2566,2566,False,True
3rr1k1/1pq2pp1/2pp1bn1/7p/2P4P/1PN1P1P1/PB1Q1PK1/3R1R2 b - - 1 22,44,e1375,c7c8,-71,50,c7d7,0.0287,0.0366,0.044,0.0495,g6e5,g6e5,g6e5,g6e5,109.0,0.0495,0.0208,True,elite,03_elite_b3,2624,2341,2341,False,True
2r5/1pn1p1k1/p1np2p1/q5Np/P4r1P/2N5/1PP1Q1P1/2KR3R b - - 0 26,52,e1384,f4h4,254,122,c8f8,0.0284,0.01,0.0036,0.0014,c8f8,c8f8,a5e5,a5e5,119.0,0.0284,-0.027,True,elite,03_elite_b3,2545,2592,2592,False,True
3r1rk1/p2nbppp/2B1p3/2n5/PpN5/1P4P1/1BbNPP1P/R1R3K1 b - - 4 18,36,e1387,d7b8,65,82,c2b3,0.0028,0.0021,0.002,0.0031,c2b3,c2b3,c2b3,c2b3,105.0,0.0031,0.0003,True,elite,03_elite_b3,2535,2578,2578,False,True
3r2bk/3Bq1p1/1R1n3p/p1P5/3Qp3/P1PpP1P1/5PP1/4R1K1 b - - 0 34,68,e1388,d6b5,-291,82,d6c8,0.012,0.0093,0.0078,0.0071,d6c4,d6c4,d6c4,d6c4,308.0,0.012,-0.0049,True,elite,03_elite_b3,2438,2606,2606,False,True
8/5pk1/4p2p/p2r3P/1p1N3R/5P2/P4KP1/3b4 b - - 1 32,64,e1390,d1c2,407,53,a5a4,0.0198,0.016,0.0128,0.011,a5a4,a5a4,a5a4,a5a4,155.0,0.0198,-0.0088,True,elite,03_elite_b3,2571,2749,2749,False,True
r3r1k1/1p3bbp/1qpp1pp1/p1n5/1nP1P3/1P2NPN1/PB4PP/1BQR1R1K b - - 3 20,40,e1394,b6d8,-233,14,a5a4,0.0088,0.0105,0.0079,0.0042,a8d8,a8d8,a8d8,a8d8,140.0,0.0105,-0.0046,True,elite,03_elite_b3,2537,2730,2730,False,True
2r3k1/5p2/R1n5/2pp1qN1/6nQ/2RP4/6B1/6K1 b - - 2 30,60,e1396,f5f4,-269,73,c6d4,0.0119,0.0084,0.0059,0.0051,c6d4,c6d4,c6e5,c6e5,123.0,0.0119,-0.0068,True,elite,03_elite_b3,2591,2639,2639,False,True
2rq1rk1/1b2ppbp/p2p2p1/1pn2P1n/4P2P/PPNB1N2/1BP1Q1P1/2KR3R b - - 0 14,28,e1397,d8c7,385,70,h5g3,0.0108,0.0129,0.0181,0.03,h5g3,h5g3,h5g3,h5g3,113.0,0.03,0.0192,True,elite,03_elite_b3,2339,2628,2628,False,True
2r2r1k/1b2pp1p/p2p3Q/1p3pRP/1P2P3/P1NP4/1B3qP1/1K6 b - - 0 26,52,e1397,f2b2,-617,243,f2d4,0.0057,0.0094,0.0146,0.0239,f2f1,f2e1,f2e1,f7f6,1382.0,0.0239,0.0182,True,elite,03_elite_b3,2339,2628,2628,False,True
r3k1nr/pp2qp1p/2p3p1/2p1b3/4P3/2NP1QPP/PPP5/R1B2RK1 b kq - 1 12,24,e1399,h7h5,-70,10,e8c8,0.0264,0.0273,0.0283,0.0485,e8c8,e8c8,e8c8,e8c8,149.0,0.0485,0.0221,True,elite,03_elite_b3,2420,2511,2511,False,True
1q2r1k1/5pbp/3p2p1/1NpP4/Q4PP1/4n1BP/6B1/4R1K1 b - - 2 26,52,e1401,e8e7,-314,8,e3g2,0.0297,0.0368,0.0389,0.0386,g7d4,g7d4,g7d4,g7d4,143.0,0.0389,0.0089,True,elite,03_elite_b3,2515,2484,2484,False,True
rnbqr1k1/pp2b1p1/2p2nP1/3p1pQ1/2PPpB2/2N3P1/PP2PPB1/R3K2R b KQ - 4 14,28,e1404,e7d6,-44,118,c8e6,0.0347,0.0349,0.0344,0.0322,f6h7,b8d7,c8e6,c8e6,192.0,0.0349,-0.0025,True,elite,03_elite_b3,2720,2597,2597,False,True
rn3r2/pbp2ppk/1p2p3/8/2PP2Nq/4Q1R1/PP3P1P/2KR4 b - - 1 18,36,e1407,b7e4,-515,15,h7g8,0.0007,0.0008,0.0009,0.0009,f7f5,f7f5,f7f5,f7f5,227.0,0.0009,0.0002,True,elite,03_elite_b3,2683,2309,2309,False,True
r4rk1/pbpn1p2/1p2p1p1/8/2PP2N1/6RQ/PP3P1P/2K5 b - - 2 22,44,e1407,a7a5,-661,0,c7c5,0.0077,0.0042,0.0019,0.001,g8g7,g8g7,g8g7,g8g7,1336.0,0.0077,-0.0067,True,elite,03_elite_b3,2683,2309,2309,False,True
2k5/pp6/2n1p1r1/2NpP2Q/1P1p4/q2P4/6PP/5R1K b - - 0 32,64,e1408,a3b4,-534,82,g6g8,0.0371,0.0219,0.0154,0.0126,g6g8,g6g8,g6g8,g6g8,316.0,0.0371,-0.0245,True,elite,03_elite_b3,2618,2469,2469,False,True
r1b2rk1/pp2q1pp/5p2/2pp1p2/3PnP2/2P1PN2/PP1N2PP/R2Q1RK1 b - - 1 16,32,e1409,e4d6,95,58,b7b6,0.0042,0.0048,0.0056,0.007,c5d4,c5d4,c5d4,c8d7,104.0,0.007,0.0028,True,elite,03_elite_b3,2482,2500,2500,False,True
r5k1/3rq1pp/1pR2p2/p2p4/3PpP2/3bP3/PP1N2PP/2RQ2K1 b - - 7 26,52,e1409,a5a4,-92,4,a8b8,0.0101,0.0062,0.0046,0.0056,b6b5,b6b5,b6b5,b6b5,103.0,0.0101,-0.0045,True,elite,03_elite_b3,2482,2500,2500,False,True
1r6/3rq1kp/2R2pp1/2Rp4/pp1PpPQ1/P2bP1NP/1P4P1/6K1 b - - 1 32,64,e1409,g7f7,-303,53,b4a3,0.0145,0.023,0.0317,0.0422,b4a3,b4a3,b4a3,b4a3,338.0,0.0422,0.0277,True,elite,03_elite_b3,2482,2500,2500,False,True
r3kb1r/pp3ppp/2b1p3/2P3N1/1P2p3/2PnK3/P4PPP/R1B2B1R b kq - 9 14,28,e1420,a8d8,165,106,f7f5,0.0338,0.024,0.017,0.0128,d3c1,d3c1,d3c1,d3c1,118.0,0.0338,-0.021,True,elite,03_elite_b3,2544,2543,2543,False,True
r2R1rk1/pp3ppp/2n1b3/1N2b3/1PB1p3/P3n3/5PPP/1NBQK2R b K - 0 14,28,e1425,f8d8,324,7,e3d1,0.0114,0.0064,0.0045,0.0034,e3d1,e3d1,e3d1,e3d1,628.0,0.0114,-0.008,True,elite,03_elite_b3,2414,2521,2521,False,True
r7/1p1n1kp1/2p2p2/1p1p3P/1PnP4/P1PN1PK1/4R3/2B5 b - - 0 34,68,e1426,c4b6,51,7,a8e8,0.0051,0.0043,0.0038,0.005,c4a3,c4a3,c4a3,c4a3,443.0,0.0051,-0.0001,True,elite,03_elite_b3,2541,2511,2511,False,True
3rr1k1/2q2ppp/4p1P1/2bn3P/1p6/pP3Q1B/P1PBRP2/4R1K1 b - - 2 24,48,e1428,d8d6,-31,54,e6e5,0.0012,0.0008,0.0005,0.0003,h7g6,h7g6,h7g6,h7g6,142.0,0.0012,-0.0009,True,elite,03_elite_b3,2544,2574,2574,False,True
2rr2k1/4bppp/p3pn2/1p1q4/3N1B2/2P2QP1/PP3PKP/3RR3 b - - 6 22,44,e1431,b5b4,34,13,d5f3,0.0084,0.0043,0.0028,0.0027,d5a2,d5a2,d5a2,d5a2,347.0,0.0084,-0.0057,True,elite,03_elite_b3,2593,2451,2451,False,True
1k2r3/1p6/p3q2b/2pRpp2/2Q3p1/2P3P1/PP3P1P/3R2K1 b - - 1 30,60,e1432,h6g5,-399,29,e8c8,0.0148,0.0169,0.0173,0.0169,f5f4,h6f8,h6f8,h6f8,202.0,0.0173,0.0021,True,elite,03_elite_b3,2504,2644,2644,False,True
3r1r2/R5nk/1p3qpp/5p2/P2P4/5Q1P/BP4P1/4R1K1 b - - 0 28,56,e1433,d8e8,-112,13,f6d4,0.0119,0.0069,0.0038,0.0026,f6d4,f6d4,f6d4,f6d4,107.0,0.0119,-0.0093,True,elite,03_elite_b3,2725,2607,2607,False,True
6k1/5pb1/7p/BN4p1/P2P4/1r3P1P/5PK1/8 b - - 0 32,64,e1436,b3b2,112,10,b3b1,0.0288,0.03,0.0335,0.0441,b3d3,b3d3,b3d3,b3d3,190.0,0.0441,0.0153,True,elite,03_elite_b3,2429,2537,2537,False,True
2rq1rk1/1b2ppbp/p5p1/7P/1p1nP3/1P1B4/PB1Q2P1/1K1R2NR b - - 1 18,36,e1437,c8c3,150,43,d4b5,0.0033,0.0041,0.0058,0.0086,a6a5,a6a5,a6a5,a6a5,110.0,0.0086,0.0053,True,elite,03_elite_b3,2346,2613,2613,False,True
2rq1rk1/1b2ppb1/p5p1/8/4P2Q/1PpB4/P5P1/1K1R2NR b - - 1 22,44,e1437,d8d3,1987,1691,f8e8,0.0061,0.0064,0.0081,0.0123,c3c2,c3c2,c3c2,c3c2,2339.0,0.0123,0.0062,True,elite,03_elite_b3,2346,2613,2613,False,True
2r1r1k1/1b2ppb1/p5p1/q7/P3P2Q/1Pp5/2B3P1/1K1R2NR b - - 0 24,48,e1437,c8c4,525,111,a5b4,0.0071,0.0051,0.0033,0.0027,a5b4,a5b4,a5b4,a5b4,215.0,0.0071,-0.0044,True,elite,03_elite_b3,2346,2613,2613,False,True
3rk2r/ppp2pp1/4b2p/2p1Pn2/8/PPB2N1P/2P2PP1/3RR1K1 b - - 0 16,32,e1439,e6d5,14,8,f5e7,0.0276,0.0252,0.0149,0.0119,d8d1,e8e7,e8e7,e8e7,119.0,0.0276,-0.0157,True,elite,03_elite_b3,2525,2694,2694,False,True
r1bqkb1r/3n1ppp/p3pP2/1p6/8/2PB1N2/P4PPP/R1BQK2R b KQkq - 0 12,24,e1442,d7c5,144,18,d7f6,0.0008,0.0003,0.0002,0.0003,d7f6,d7f6,d7f6,d7f6,102.0,0.0008,-0.0005,True,elite,03_elite_b3,2461,2644,2644,False,True
8/1b4pB/p2kp1N1/3n4/P1r5/q1p5/4QPPP/4R1K1 b - - 6 26,52,e1442,c4c8,-82,4,a3a4,0.0082,0.0104,0.0146,0.0191,c3c2,c3c2,c3c2,c3c2,412.0,0.0191,0.0109,True,elite,03_elite_b3,2461,2644,2644,False,True
1r2k3/3n1p2/Q3pp1b/2p2q2/4N3/1P5P/P7/1K1RR3 b - - 2 24,48,e1443,b8d8,-356,39,d7e5,0.0234,0.0241,0.0212,0.0191,f5h3,f5h3,h6f8,h6f8,128.0,0.0241,-0.0043,True,elite,03_elite_b3,2446,2503,2503,False,True
2r2r2/p3qpkp/4bpp1/1p6/1PnN3Q/8/P3BPPP/3RR1K1 b - - 5 22,44,e1446,f8e8,50,27,a7a6,0.0172,0.0217,0.0207,0.0202,e7b4,e7b4,e7b4,e7b4,348.0,0.0217,0.003,True,elite,03_elite_b3,2521,2471,2471,False,True
2r2r2/4qpkp/p3bp2/1p4p1/1PnN2B1/6Q1/P4PPP/3RR1K1 b - - 1 24,48,e1446,g7h8,-97,205,c4e5,0.0044,0.0056,0.0051,0.0039,c4e5,c4e5,c4e5,c4e5,284.0,0.0056,-0.0005,True,elite,03_elite_b3,2521,2471,2471,False,True
r3kbnr/pp3ppp/q1n1p3/4P3/2N1Q3/P4N2/1P3PPP/R1B1K2R b KQkq - 2 12,24,e1451,c6a5,-89,29,b7b5,0.0478,0.0329,0.0206,0.0179,f8b4,f8b4,f8b4,f8b4,290.0,0.0478,-0.0299,True,elite,03_elite_b3,2506,2546,2546,False,True
r1q2k1r/ppp1bppp/B1n5/8/Q4B2/5P2/PP3PPP/R3R1K1 b - - 3 14,28,e1461,g7g5,-295,53,h7h6,0.0152,0.0173,0.0264,0.0444,b7a6,b7a6,b7a6,b7a6,102.0,0.0444,0.0292,True,elite,03_elite_b3,2647,2648,2648,False,True
8/2k3pp/2p1bp2/1p2r3/2p1P3/P1N1K2P/1PP1R1P1/8 b - - 3 32,64,e1462,e6d7,0,0,c7b6,0.0047,0.005,0.0055,0.0076,f6f5,f6f5,f6f5,f6f5,125.0,0.0076,0.0029,True,elite,03_elite_b3,2542,2488,2488,False,True
r5k1/2q3pp/pRp3n1/2Ppp3/2P5/P2P2P1/3NQ2P/6K1 b - - 0 26,52,e1465,a8f8,-3,21,a6a5,0.0405,0.0375,0.0339,0.031,d5d4,d5d4,d5d4,d5d4,235.0,0.0405,-0.0095,True,elite,03_elite_b3,2526,2426,2426,False,True
r3kb1r/1p1bpp2/p2p1p2/q2NnN1p/4P3/1B6/PPP2PPP/R2Q1RK1 b kq - 5 12,24,e1466,d7c6,-121,19,a8c8,0.0253,0.0351,0.0431,0.049,e7e6,e7e6,e7e6,e7e6,232.0,0.049,0.0237,True,elite,03_elite_b3,2526,2381,2381,False,True
r1b2r1k/bpp1qp2/p1np2nB/4p3/PPB1P3/2PP1N1P/5PP1/R2Q1R1K b - - 0 16,32,e1469,f7f6,0,0,e7f6,0.0012,0.0009,0.0009,0.0013,f8g8,f8g8,f8g8,f8g8,375.0,0.0013,0.0001,True,elite,03_elite_b3,2674,2988,2988,False,True
6k1/p4pp1/2B1p1b1/R7/2P3P1/1P6/P2r1r2/K5R1 b - - 4 30,60,e1473,e6e5,111,7,g6d3,0.0233,0.0173,0.0132,0.0127,d2b2,d2b2,d2b2,d2b2,283.0,0.0233,-0.0106,True,elite,03_elite_b3,2642,2653,2653,False,True
6k1/5p2/4p3/R5p1/2P3P1/1P6/P4r2/KB1r1bR1 b - - 1 34,68,e1473,f2e2,97,15,f7f6,0.014,0.0109,0.0099,0.0105,f1d3,f1d3,f1d3,f1d3,673.0,0.014,-0.0035,True,elite,03_elite_b3,2642,2653,2653,False,True
8/pk3p2/3p4/8/6np/2P2pr1/PP6/R3K2R b - - 3 30,60,e1476,g3g2,714,282,h4h3,0.0336,0.0369,0.0339,0.0341,f3f2,h4h3,h4h3,h4h3,271.0,0.0369,0.0005,True,elite,03_elite_b3,2551,2418,2418,False,True
2rq1rk1/1p1nbpp1/p1n1p1p1/2PpP3/8/P1P1BNNP/1P3PP1/R2QR1K1 b - - 0 16,32,e1477,d7e5,62,1,d7c5,0.0298,0.0288,0.0336,0.0468,e7c5,e7c5,e7c5,e7c5,103.0,0.0468,0.017,True,elite,03_elite_b3,2506,2616,2616,False,True
4k2r/p1r2pp1/1p2N2n/n2pP2Q/3P2P1/P1P1B3/4qP2/2R2RK1 b k - 0 24,48,e1483,c7c6,-208,123,c7e7,0.0313,0.0291,0.0293,0.0356,e2g4,e2g4,e2g4,e2g4,308.0,0.0356,0.0043,True,elite,03_elite_b3,2580,2453,2453,False,True
r6k/ppp4p/q3rp1P/3p2p1/2bB4/b1P2Q2/P1BK1PP1/4R2R b - - 1 26,52,e1486,a6d6,-524,24,a8f8,0.0134,0.0105,0.0098,0.0092,a8e8,a8e8,a8e8,a8e8,1473.0,0.0134,-0.0042,True,elite,03_elite_b3,2924,2508,2508,False,True
r2qr1k1/pp3ppp/3b4/8/3Npn2/1QP3Nb/PP3PP1/R3RBK1 b - - 1 18,36,e1488,e4e3,22,38,h3e6,0.0489,0.0281,0.0174,0.0104,h3g2,h3g2,h3g2,h3c8,167.0,0.0489,-0.0385,True,elite,03_elite_b3,2727,2758,2758,False,True
2r1rk2/1b3ppQ/pq2pb2/1pn5/1P6/P1N1PN2/5PPP/1BRR2K1 b - - 0 18,36,e1490,f8e7,-281,40,c5a4,0.0064,0.0061,0.0057,0.0057,c5b3,c5b3,c5b3,c5b3,1717.0,0.0064,-0.0007,True,elite,03_elite_b3,2512,2564,2564,False,True
2rq1rk1/pp1b2p1/2n1pb1p/3p4/5P2/P2BB2N/1P1Q2PP/4RRK1 b - - 3 20,40,e1492,d8a5,181,25,c6d4,0.0176,0.016,0.0155,0.0203,d5d4,d5d4,d5d4,d5d4,137.0,0.0203,0.0027,True,elite,03_elite_b3,2650,2497,2497,False,True
rn1qkb1r/pp4p1/2p1pn1p/3bN3/2BP2P1/3Q1P2/PPP4P/R1B1K2R b KQ - 2 12,24,e1503,d8c7,-101,23,e8e7,0.004,0.005,0.0051,0.0039,d5c4,d5c4,b8d7,b8d7,194.0,0.0051,-0.0001,True,elite,03_elite_b3,2625,2587,2587,False,True
5R2/p1k1r1p1/1np1p2p/P3P3/6P1/5P2/7P/1R4K1 b - - 4 34,68,e1503,b6c8,-482,30,b6c4,0.0326,0.0291,0.0251,0.0296,b6c4,b6c4,b6c4,b6c4,213.0,0.0326,-0.003,True,elite,03_elite_b3,2625,2587,2587,False,True
4rk2/1p2r1pp/2p2p2/p2p1b2/PqPPn3/1P1BRN1P/4RPP1/2Q3K1 b - - 5 28,56,e1505,f5e6,-5,0,g7g5,0.0013,0.0012,0.0011,0.0013,b4b3,b4b3,b4b3,b4b3,444.0,0.0013,0.0,True,elite,03_elite_b3,2972,2985,2985,False,True
r1b1rnk1/4bppp/2p5/qp1pB1PP/p2P4/2NBP3/PPQ2P2/2KR2R1 b - - 0 18,36,e1507,c8e6,-123,14,b5b4,0.0192,0.0194,0.0149,0.0135,b5b4,b5b4,b5b4,b5b4,199.0,0.0194,-0.0057,True,elite,03_elite_b3,2512,2458,2458,False,True
r1b1rnk1/4bppp/2p5/q2pB1PP/p2P4/1P1BP3/1PQ1NP2/2KR2R1 b - - 0 20,40,e1507,a4a3,74,91,a4b3,0.047,0.0275,0.0157,0.0101,a4b3,a4b3,a4b3,a4b3,125.0,0.047,-0.0369,True,elite,03_elite_b3,2512,2458,2458,False,True
r4nk1/4bppp/1rp1b3/q2pB1PP/3P4/2NBP3/1PQK1P2/3R2R1 b - - 6 24,48,e1507,b6b4,-86,30,f8d7,0.005,0.0049,0.0047,0.0043,e7b4,e7b4,e7b4,c6c5,225.0,0.005,-0.0007,True,elite,03_elite_b3,2512,2458,2458,False,True
r2r4/1b2kp1B/p3pb1Q/6p1/Np1q4/8/PP4PP/4RR1K b - - 11 26,52,e1521,a8c8,285,24,d8h8,0.021,0.014,0.0122,0.0137,d8h8,d8h8,d8h8,d8h8,285.0,0.021,-0.0073,True,elite,03_elite_b3,2522,2432,2432,False,True
r4rk1/4qp1p/2N1p2Q/2npp3/1p6/p2P4/PP4PP/1K1RR3 b - - 1 22,44,e1522,e7h4,-601,45,e7e8,0.0019,0.0015,0.0016,0.0018,e7d6,e7d6,e7d6,e7d6,1393.0,0.0019,-0.0001,True,elite,03_elite_b3,2551,2451,2451,False,True
r3k2r/pp2bpp1/1np1pn1p/1P3b2/2P5/P1N2NP1/4PPBP/R1BR2K1 b kq - 0 12,24,e1526,f6e4,9,73,a8c8,0.0031,0.0018,0.0011,0.0011,b6c4,b6c4,b6c4,b6c4,128.0,0.0031,-0.002,True,elite,03_elite_b3,2611,2577,2577,False,True
1q2kb1r/1r3pp1/p2pp2p/8/b1B3Q1/2P5/1PNB2PP/1K1N3R b k - 0 22,44,e1530,h6h5,-126,28,d6d5,0.0206,0.0118,0.0091,0.0129,d6d5,d6d5,d6d5,d6d5,175.0,0.0206,-0.0077,True,elite,03_elite_b3,2515,2478,2478,False,True
r1b2rk1/5pb1/3Q1np1/q5Np/1p2PN1P/pP3P2/P1P3P1/2KR1B1R b - - 2 18,36,e1533,a8a7,-123,131,c8b7,0.0218,0.0253,0.0269,0.0323,f6e8,f6e8,f6e8,f6e8,487.0,0.0323,0.0105,True,elite,03_elite_b3,2349,2608,2608,False,True
r4rk1/4p3/1q2N1p1/3PP3/1P2b3/1P3p2/p2Q4/K1R4R b - - 0 30,60,e1534,a8c8,-829,54,b6b8,0.0108,0.0101,0.0094,0.0086,f3f2,f3f2,f8f5,f8f5,1157.0,0.0108,-0.0022,True,elite,03_elite_b3,2701,2647,2647,False,True
5rk1/1b1q4/p2p2p1/1ppP2P1/P3P3/4Q1N1/1P4BK/8 b - - 2 34,68,e1539,d7e7,402,18,d7h7,0.0079,0.0092,0.0114,0.0159,d7h7,d7h7,d7h7,d7g4,130.0,0.0159,0.008,True,elite,03_elite_b3,2513,2533,2533,False,True
rn1q1rk1/pp3ppp/2p2n2/2b5/3pP1b1/3P1NP1/PP2NPBP/R1BQ1RK1 b - - 1 10,20,e1554,a7a5,-69,3,c5b6,0.0087,0.0072,0.005,0.0056,b8d7,b8d7,d8d7,d8d7,116.0,0.0087,-0.0031,True,elite,03_elite_b3,2591,2358,2358,False,True
7r/4bppp/4p3/1k6/1nN1N3/6P1/P3PPKP/2R5 b - - 1 30,60,e1557,h8d8,-181,49,b4a2,0.016,0.0178,0.0258,0.0362,b4a2,b4a2,b4a2,b4a2,140.0,0.0362,0.0202,True,elite,03_elite_b3,2647,2666,2666,False,True
r1br4/1pq2p1p/p3pnkB/8/8/1BP2Q2/PP3PPb/R3R2K b - - 0 18,36,e1561,f6h5,-27,79,h2e5,0.0151,0.0134,0.0165,0.0202,g6h6,g6h6,g6h6,g6h6,1955.0,0.0202,0.0051,True,elite,03_elite_b3,2395,2523,2523,False,True
1b4k1/6p1/p3p3/1p1pq2p/2r4P/P1N1P1P1/1P2QP2/3RB1K1 b - - 0 28,56,e1563,a6a5,-440,7,c4h4,0.0151,0.005,0.0018,0.0011,c4h4,c4h4,c4h4,c4h4,134.0,0.0151,-0.014,True,elite,03_elite_b3,2577,2761,2761,False,True
rnqr2k1/pp3pbp/4b1p1/2Pp4/N3n3/BP1B1N2/P4PPP/R2Q1RK1 b - - 2 14,28,e1564,e6g4,273,66,g7a1,0.0168,0.0126,0.0097,0.01,g7a1,g7a1,g7a1,g7a1,234.0,0.0168,-0.0068,True,elite,03_elite_b3,2601,2539,2539,False,True
r1qr2k1/pp1n1p1p/4b1p1/2Pp4/N3n3/BP1B1N2/P4PPP/Q1R3K1 b - - 2 16,32,e1564,c8c7,56,3,e6g4,0.0425,0.044,0.0375,0.0306,d7f6,d7f6,d7f6,d7f6,140.0,0.044,-0.0119,True,elite,03_elite_b3,2601,2539,2539,False,True
2Br2rk/pp3Q1p/1np3p1/8/4P3/2b5/PP4PP/5R1K b - - 0 24,48,e1568,c3g7,92,302,g8g7,0.013,0.0187,0.0249,0.0275,b6c8,b6c8,b6c8,b6c8,473.0,0.0275,0.0145,True,elite,03_elite_b3,2755,2727,2727,False,True
3r4/pp3Rrk/1np1B1p1/4b2p/4P3/1Q4P1/PP5P/7K b - - 2 28,56,e1568,d8d6,-241,54,d8d2,0.0368,0.0426,0.0479,0.0494,g7f7,g7f7,d8d2,d8d2,106.0,0.0494,0.0126,True,elite,03_elite_b3,2755,2727,2727,False,True
r1r5/3nk1pp/4p3/1p1P4/1q6/1P3Q1P/5PP1/1K1R1B1R b - - 0 22,44,e1569,b4a5,950,225,c8c3,0.0066,0.0051,0.0035,0.0025,c8c3,c8c3,c8c3,c8c3,950.0,0.0066,-0.0041,True,elite,03_elite_b3,2548,2582,2582,False,True
2rk4/6pp/3Pp3/1pn5/1q6/1P1B3P/Q4PP1/1K1R3R b - - 4 26,52,e1569,c5a4,-313,89,c5b3,0.0193,0.0255,0.0312,0.0323,c5b3,c5b3,c5b3,c5b3,117.0,0.0323,0.013,True,elite,03_elite_b3,2548,2582,2582,False,True
r2k4/6pB/3Pp3/1p6/1q6/1n5P/1Q3PP1/1K1R3R b - - 0 28,56,e1569,a8a3,-238,107,a8a1,0.0145,0.0131,0.0133,0.0135,a8a1,a8a1,a8a1,a8a1,119.0,0.0145,-0.001,True,elite,03_elite_b3,2548,2582,2582,False,True
r3r3/1b2kp1R/1p1pP1p1/2p5/P3P1n1/1PN2pN1/1B1K4/R4B2 b - - 0 28,56,e1574,e8h8,-594,2,e7e6,0.0379,0.0246,0.0202,0.0193,e7e6,e7e6,e7e6,e7e6,106.0,0.0379,-0.0186,True,elite,03_elite_b3,2356,2595,2595,False,True
3r2k1/pp2qpp1/8/6r1/P2pP3/1Q3PRp/1P1R3P/6K1 b - - 1 28,56,e1575,e7e5,514,174,g5g3,0.0324,0.035,0.0396,0.0425,g5g3,g5g3,g5g3,g5g3,347.0,0.0425,0.0101,True,elite,03_elite_b3,2518,2484,2484,False,True
1r1q1rk1/pbp1bpp1/4p2p/n2nP2P/2pPN3/P4N2/1PQ2PP1/2BRKB1R b K - 6 16,32,e1576,b7c6,-5,2,d8d7,0.0222,0.0143,0.0095,0.0073,b7a6,a5b3,a5b3,a5b3,135.0,0.0222,-0.0149,True,elite,03_elite_b3,2444,2542,2542,False,True
br3r1k/p1pq1pp1/4p2p/n1PnP2P/2p5/P4NR1/1PQ2PP1/2BRKB2 b - - 0 20,40,e1576,a8c6,-52,42,d7e7,0.017,0.0117,0.0093,0.0094,d7b5,d7b5,d7b5,d7b5,129.0,0.017,-0.0076,True,elite,03_elite_b3,2444,2542,2542,False,True
r4rk1/ppb3p1/2p2q1p/2PP1p1b/8/2N2N1P/PP3PP1/R2QR1K1 b - - 0 18,36,e1583,a8e8,-158,19,c7a5,0.0335,0.0203,0.0166,0.0175,c6d5,c6d5,a8d8,a8d8,123.0,0.0335,-0.016,True,elite,03_elite_b3,2659,2451,2451,False,True
5rk1/1b3pp1/pq2pb1p/1p2Nn1Q/8/P1P4P/1P2BPPB/3R2K1 b - - 0 24,48,e1585,f6h4,82,88,g7g6,0.0117,0.0101,0.0081,0.0065,f6e5,f6e5,f6e5,f6e5,103.0,0.0117,-0.0052,True,elite,03_elite_b3,2759,2632,2632,False,True
r1b2rk1/p2pbppp/2n5/2pQ4/2B2B2/2q1P3/P2N1PPP/3R1RK1 b - - 5 14,28,e1588,c3a3,-91,8,a7a5,0.0034,0.0024,0.0016,0.0016,c6b4,c6b4,c6b4,e7f6,427.0,0.0034,-0.0018,True,elite,03_elite_b3,2750,2711,2711,False,True
5k2/3Q1ppp/r1n2b2/p7/2N5/4P3/q4PPP/3R1RK1 b - - 0 24,48,e1588,c6a7,-539,36,a2c4,0.0004,0.0002,0.0001,0.0001,a2c4,a2c4,a2c4,a2c4,278.0,0.0004,-0.0003,True,elite,03_elite_b3,2750,2711,2711,False,True
r3k1r1/pppbbp2/2nqp3/2P2p1N/3P4/3B1N2/1PQK1PP1/R6R b q - 0 18,36,e1597,e7g5,17,10,d6d5,0.0132,0.0106,0.008,0.0045,d6d5,d6d5,d6d5,d6d5,116.0,0.0132,-0.0087,True,elite,03_elite_b3,2505,2418,2418,False,True
8/1Rpr1k2/4pp2/5pq1/1Q1P4/3B4/1PK1RP2/8 b - - 0 32,64,e1597,g5g2,-704,34,g5f4,0.0163,0.0135,0.0114,0.0106,g5f4,g5f4,g5f4,g5f4,108.0,0.0163,-0.0057,True,elite,03_elite_b3,2505,2418,2418,False,True
r3r1k1/pb1p1p2/1p3b2/2q4p/P2Nn3/R3B3/1PP3PP/3QRBK1 b - - 2 22,44,orph_53141,e4d6,-53,1,e4g5,0.0164,0.0159,0.0161,0.0146,f6d4,f6d4,f6d4,f6d4,200.0,0.0164,-0.0018,True,elite,03_elite_b3,2972,2960,2960,False,True
4k2r/ppp2pp1/2p1b2p/4Pn2/8/2N2N2/PPPR1PPP/6K1 b - - 0 16,32,e1601,a7a6,-28,1,g7g5,0.0101,0.0138,0.0106,0.005,e8e7,e8e7,e8e7,e8e7,374.0,0.0138,-0.0051,True,elite,03_elite_b3,2852,2995,2995,False,True
1k1r3r/pp2qp2/1npb1pp1/3p3p/3Pb2P/3NPBP1/PPPN1P2/2KRRQ2 b - - 17 16,32,e1602,b6a4,130,57,h8e8,0.0481,0.0347,0.0297,0.0268,e4f3,f6f5,f6f5,h8e8,120.0,0.0481,-0.0213,True,elite,03_elite_b3,2566,2594,2594,False,True
r1q1nrk1/pp3pp1/1np1P2p/3p2Nb/3P4/1QN3PP/PP3PB1/R3R1K1 b - - 0 16,32,e1603,e8c7,-31,4,f7e6,0.0084,0.0052,0.0029,0.002,h6g5,h6g5,h6g5,h6g5,112.0,0.0084,-0.0064,True,elite,03_elite_b3,2645,2508,2508,False,True
rr4k1/2p1pNb1/2npPpp1/p7/3P1P2/2Q2R2/qBP3P1/2KR4 b - - 3 22,44,e1606,a5a4,314,65,b8b2,0.0324,0.0266,0.0207,0.018,b8b2,b8b2,b8b2,b8b2,323.0,0.0324,-0.0144,True,elite,03_elite_b3,2363,2584,2584,False,True
r1bq1rk1/1p1nbppp/p1n1p3/2ppP3/P4B2/3P1NP1/1PP2PBP/RN1QR1K1 b - - 1 10,20,e1609,g7g5,82,91,a8b8,0.0145,0.0098,0.0098,0.014,f7f6,f7f6,b7b6,b7b6,125.0,0.0145,-0.0005,True,elite,03_elite_b3,2611,2706,2706,False,True
r3kb1r/1bq2ppp/p3p3/2p5/NP2nP2/4BB2/PP4PP/R2Q1RK1 b kq - 0 14,28,e1610,f8e7,-187,16,c5b4,0.0193,0.0185,0.0116,0.0071,c5b4,c5b4,c5b4,c5b4,220.0,0.0193,-0.0122,True,elite,03_elite_b3,2631,2495,2495,False,True
r1q2rk1/2pn1ppp/1pN1pn2/p2b4/1b1P1B2/5NP1/PPQ1PPBP/R2R2K1 b - - 7 16,32,e1612,f8e8,-94,3,f6h5,0.0266,0.0245,0.0257,0.0351,d5c6,d5c6,d5c6,d5c6,114.0,0.0351,0.0085,True,elite,03_elite_b3,2494,2530,2530,False,True
5rk1/r1p2pp1/1p1qpn1p/pQ1nN3/3P3P/P3P1P1/1PR2PB1/2R3K1 b - - 2 26,52,e1612,c7c5,-177,26,f8c8,0.0267,0.0161,0.0135,0.0141,f8c8,f8c8,f8c8,f8c8,310.0,0.0267,-0.0126,True,elite,03_elite_b3,2494,2530,2530,False,True
r1b1kb1r/1p1p1np1/p1qPpp1p/8/1PB2BP1/P2Q1N1P/5P2/3RR1K1 b kq - 5 22,44,e1615,f7d6,-379,35,e8d8,0.0483,0.025,0.0099,0.0033,b7b5,b7b5,b7b5,b7b5,267.0,0.0483,-0.045,True,elite,03_elite_b3,2628,2577,2577,False,True
r5k1/p1p1b1p1/Pp1np3/3p2P1/1P1PqP1r/2P1BR1p/7P/R4QNK b - - 2 28,56,e1619,e4f5,0,2,a8f8,0.0072,0.0045,0.0032,0.0029,d6f5,d6f5,d6f5,d6f5,273.0,0.0072,-0.0043,True,elite,03_elite_b3,3003,2951,2951,False,True
6k1/3b1pp1/2n1p3/3pP2Q/2pP1P2/2P3PP/qbB2R2/1N4K1 b - - 1 34,68,e1621,c6d4,-268,83,c6a5,0.0084,0.0092,0.0108,0.01,g7g6,g7g6,g7g6,g7g6,180.0,0.0108,0.0016,True,elite,03_elite_b3,2570,2426,2426,False,True
2Q4k/1p4p1/1b3q2/2p4p/3p1Nn1/6P1/1B3PBP/6K1 b - - 2 28,56,e1623,f6d8,-552,31,h8h7,0.0384,0.0375,0.0367,0.0395,h8h7,h8h7,h8h7,h8h7,157.0,0.0395,0.0011,True,elite,03_elite_b3,2588,2360,2360,False,True
r1bqkb1r/ppp2p1p/6p1/3pP3/1P3P2/3Q4/P1P3PP/RNB2RK1 b kq - 0 10,20,e1624,c7c6,95,35,c8f5,0.0209,0.0231,0.0326,0.0447,c8f5,c8f5,c8f5,f8b4,428.0,0.0447,0.0238,True,elite,03_elite_b3,2414,2512,2512,False,True
8/p3rp2/2k3pp/2p5/2P1P1PP/1R2PK2/P7/8 b - - 0 32,64,e1626,e7e6,-139,41,e7d7,0.0289,0.0346,0.034,0.0323,f7f6,f7f6,f7f6,e7b7,633.0,0.0346,0.0034,True,elite,03_elite_b3,2509,2566,2566,False,True
8/p3rp2/2k3pp/2p5/2P1P1PP/1R2PK2/P7/8 b - - 4 34,68,e1626,e7e6,-160,40,e7d7,0.0289,0.0346,0.034,0.0323,f7f6,f7f6,f7f6,e7b7,659.0,0.0346,0.0034,True,elite,03_elite_b3,2509,2566,2566,False,True
r1b2rk1/pp2nppp/2p2n2/2b5/2PN4/P1N1B2P/1P3PP1/2KR1B1R b - - 0 14,28,e1630,f8e8,-46,3,e7g6,0.0324,0.0358,0.0261,0.018,f8d8,c8f5,c8f5,e7f5,490.0,0.0358,-0.0144,True,elite,03_elite_b3,2551,2478,2478,False,True
1r3rk1/p1p2ppp/1p2bq2/8/4B3/5R2/P1PQ1PPP/4R1K1 b - - 5 18,36,e1631,b8d8,157,28,f6h4,0.026,0.0088,0.0041,0.0026,f6b2,f6e7,f6e7,f6e7,119.0,0.026,-0.0234,True,elite,03_elite_b3,2438,2612,2612,False,True
5k2/4q1pp/4b3/4Q3/4p2P/2P3P1/5P2/6K1 b - - 2 32,64,e1631,e6d7,396,32,e6f7,0.0272,0.0266,0.0282,0.0318,f8f7,f8f7,f8f7,e7f6,165.0,0.0318,0.0046,True,elite,03_elite_b3,2438,2612,2612,False,True
rr4k1/1q3ppp/2pp4/2n5/2pRPPPP/P6R/1PPQ4/1K1N4 b - - 7 26,52,e1641,d6d5,52,160,c5a4,0.0348,0.0292,0.0317,0.0402,c5a4,c5a4,c5a4,c5a4,252.0,0.0402,0.0054,True,elite,03_elite_b3,2483,2504,2504,False,True
3q1rk1/p2bp1n1/1p1p4/8/3PP3/6N1/PP2N3/2Q1K2R b K - 0 22,44,e1643,f8f6,-358,77,e7e5,0.0272,0.0293,0.0252,0.0192,d7g4,d7g4,d7g4,d7g4,209.0,0.0293,-0.008,True,elite,03_elite_b3,2516,2351,2351,False,True
5rk1/p2bq1n1/1p1p3Q/3Pp3/4P3/6N1/PP2N3/4K2R b K - 0 24,48,e1643,f8f3,-470,19,d7g4,0.0257,0.0245,0.0312,0.0466,g8f7,g8f7,e7f6,e7f6,212.0,0.0466,0.0209,True,elite,03_elite_b3,2516,2351,2351,False,True
4r1k1/q3rpb1/p2Q2p1/P7/3P4/4P1P1/5PB1/1R2B1K1 b - - 0 30,60,e1644,g7d4,-23,162,e7d7,0.0064,0.005,0.0045,0.0053,e7e6,e7e6,e7e6,e7e6,154.0,0.0064,-0.0011,True,elite,03_elite_b3,2596,2355,2355,False,True
4r1k1/2qr1pb1/pQB3p1/P7/3P4/4P1P1/5P2/1R2B1K1 b - - 4 32,64,e1644,e8e6,-417,34,e8d8,0.0158,0.0143,0.0136,0.0143,c7b6,c7b6,c7b6,c7b6,217.0,0.0158,-0.0015,True,elite,03_elite_b3,2596,2355,2355,False,True
4n3/p2prpkp/1pbR2p1/1P2r3/2BRpN1P/P3P1P1/5P2/5K2 b - - 0 26,52,e1651,e5b5,383,33,c6b5,0.0014,0.0016,0.0021,0.0034,e8d6,e8d6,e8d6,e8d6,277.0,0.0034,0.002,True,elite,03_elite_b3,2604,2881,2881,False,True
r2qr1k1/ppp2ppp/2n1bn2/6B1/7Q/P1N5/1PP1BPPP/R3K2R b KQ - 6 12,24,e1654,d8d4,-50,13,c6d4,0.0211,0.0217,0.0296,0.0257,c6d4,c6d4,c6d4,e6c4,451.0,0.0296,0.0046,True,elite,03_elite_b3,2573,2641,2641,False,True
r3r1k1/pp3p1p/4bp2/2p5/3n4/P1NB4/1PP2PPP/2KR3R b - - 1 16,32,e1654,g8g7,-56,1,f6f5,0.0046,0.0062,0.0062,0.0074,c5c4,a7a6,a7a6,a7a6,185.0,0.0074,0.0028,True,elite,03_elite_b3,2573,2641,2641,False,True
2b1kr2/2pn1p1Q/r3p1p1/p3q3/1p3N2/5P1N/PPP3PP/2KRR3 b - - 1 18,36,e1656,f8h8,37,7,e5h8,0.02,0.0119,0.008,0.007,e5f5,e5f5,e5f5,e5f6,228.0,0.02,-0.013,True,elite,03_elite_b3,2647,2696,2696,False,True
1rbq1r1k/2p2p2/pbnp1n1p/1p2p1p1/P3P3/1BPP1NB1/1P1N1PPP/R2QR1K1 b - - 4 14,28,e1660,f6h7,-29,7,g5g4,0.0079,0.018,0.0319,0.0296,b5b4,b5b4,b5b4,f6h5,173.0,0.0319,0.0217,True,elite,03_elite_b3,2924,3005,3005,False,True
4rr1k/1Bpb1p2/1b1p3p/1p2p1qn/1P2P1pN/2PP2B1/5PPP/R2Q1R1K b - - 2 24,48,e1660,e8e7,9,9,h5f4,0.0023,0.002,0.0021,0.0027,h5g3,h5g3,h5g3,h5g3,100.0,0.0027,0.0004,True,elite,03_elite_b3,2924,3005,3005,False,True
r3kb1r/7b/p1pp1n1p/2p1p3/2PnP3/2N1B1P1/PP3KNP/R2R4 b kq - 1 22,44,e1662,f8g7,585,12,f6e4,0.0064,0.0079,0.0076,0.0069,f6g4,f6g4,h7e4,h7e4,106.0,0.0079,0.0005,True,elite,03_elite_b3,2578,2712,2712,False,True
8/pp2br1k/2p1p2p/7q/3PP2P/6Q1/PPPN4/1K5R b - - 1 30,60,e1670,e7h4,-44,25,h5e2,0.0086,0.0047,0.0024,0.0014,f7g7,f7g7,h5e2,h5e2,779.0,0.0086,-0.0072,True,elite,03_elite_b3,2400,2500,2500,False,True
r1bq1rk1/3nppb1/p4n2/2pp3p/1p1P1BP1/4P1N1/PPPQ4/1K1R1BNR b - - 1 14,28,e1674,f6e4,-257,18,h5h4,0.019,0.0162,0.0107,0.0068,h5g4,h5g4,h5g4,h5g4,360.0,0.019,-0.0122,True,elite,03_elite_b3,2699,2658,2658,False,True
r4rk1/5p2/p7/2pRQPq1/1p5p/4PN2/PPP2n2/1K3B1R b - - 2 22,44,e1674,f2g4,-662,22,g5g3,0.0191,0.0164,0.0136,0.0133,g5g4,g5g4,g5g4,g5g4,169.0,0.0191,-0.0058,True,elite,03_elite_b3,2699,2658,2658,False,True
2r5/4pkb1/p2p4/1pr5/3N2R1/1P6/P1PQ4/1KB2q2 b - - 2 30,60,e1676,f1h1,257,14,g7f6,0.0101,0.0065,0.0047,0.0045,g7d4,g7d4,g7d4,g7d4,212.0,0.0101,-0.0056,True,elite,03_elite_b3,2353,2600,2600,False,True
2r5/4pk2/p2p1b2/1pr5/3N1R2/1P1Q4/P1P5/1KB3q1 b - - 6 32,64,e1676,g1g2,278,7,c8h8,0.0143,0.0116,0.009,0.0067,e7e5,e7e5,e7e5,e7e5,784.0,0.0143,-0.0076,True,elite,03_elite_b3,2353,2600,2600,False,True
5r2/1pp5/b1n4k/p3pBR1/4P3/1PP2N2/P6N/7K b - - 0 32,64,e1677,f8f5,-688,1311,f8d8,0.0142,0.0154,0.0165,0.0178,a6e2,a6e2,a6e2,a6e2,1311.0,0.0178,0.0036,True,elite,03_elite_b3,2417,2559,2559,False,True
r1b1k2r/2qnppb1/p1pp1npp/1p6/P2PP2P/2N1BP2/1PPQ2P1/1KNR1B1R b kq - 1 12,24,e1681,h6h5,-2,31,d7b6,0.0129,0.016,0.0197,0.0224,b5b4,b5b4,b5b4,b5b4,104.0,0.0224,0.0095,True,elite,03_elite_b3,2715,2602,2602,False,True
3r1r2/1pp3pk/1p1ppq1p/nP2p3/4P3/P1PPR2P/Q4PPN/5RK1 b - - 5 22,44,e1688,d8c8,-80,0,h6h5,0.0027,0.0021,0.0019,0.0017,d6d5,d6d5,d6d5,d6d5,196.0,0.0027,-0.001,True,elite,03_elite_b3,2505,2544,2544,False,True
r4r1k/2q1bpRp/2pp1n2/5PQP/p1pBP3/P1N2P2/1PP5/2K4R b - - 2 20,40,e1696,c7a7,-904,136,c7d8,0.0006,0.0004,0.0003,0.0003,f8g8,f8g8,f8g8,f8g8,1091.0,0.0006,-0.0003,True,elite,03_elite_b3,2582,2490,2490,False,True
r2qr1k1/pp3p1p/2pb1npB/5B2/3P4/2P5/PP1Q1PPP/R4RK1 b - - 0 14,28,e1698,d6f8,-132,7,d8a5,0.0074,0.017,0.0271,0.0199,g6f5,g6f5,g6f5,g6f5,1866.0,0.0271,0.0125,True,elite,03_elite_b3,2457,2527,2527,False,True
4r1k1/pp3p1p/2pb2pB/q7/3Pr3/2P4P/PP1Q1PP1/R3R1K1 b - - 2 18,36,e1698,a5a2,-15,115,a5d5,0.0002,0.0001,0.0001,0.0001,e4e1,e4e1,a5f5,a5f5,156.0,0.0002,-0.0001,True,elite,03_elite_b3,2457,2527,2527,False,True
1k1r3r/ppp2pp1/8/3qb1P1/4Np1p/P2P1Q1P/1PP2P1K/1R4R1 b - - 2 26,52,e1704,c7c6,38,22,g7g6,0.0028,0.0022,0.0019,0.0021,f7f6,f7f6,f7f5,f7f5,117.0,0.0028,-0.0007,True,elite,03_elite_b3,2413,2574,2574,False,True
r3k2r/pp1n1ppp/2p1pn2/2q4b/5B2/P1PB1N1P/P3QPP1/1R1R2K1 b kq - 2 14,28,e1709,f6d5,67,13,b7b6,0.0221,0.0211,0.0274,0.0317,b7b5,b7b6,b7b6,b7b6,184.0,0.0317,0.0096,True,elite,03_elite_b3,2358,2513,2513,False,True
2r1k2r/p4pp1/1pp1pnp1/2q3P1/2P5/3Q1N1P/P4P2/1R1R2K1 b k - 0 22,44,e1709,e8f8,-76,20,e8g8,0.0015,0.0012,0.001,0.0016,f6h5,f6h5,f6h5,f6h5,1921.0,0.0016,0.0001,True,elite,03_elite_b3,2358,2513,2513,False,True
4rrk1/pppb2pp/5q2/3P4/2P1NPnP/3B4/PP1Q4/2K2R1R b - - 4 20,40,e1710,f6e7,-168,26,f6b6,0.0366,0.032,0.0288,0.0286,f6d4,f6d4,f6d4,f6d4,153.0,0.0366,-0.008,True,elite,03_elite_b3,2371,2551,2551,False,True
3r1rk1/pp2ppb1/6p1/2nPPb1p/1q3B2/2N4P/PP3QP1/3RRB1K b - - 1 22,44,e1711,c5d7,-247,7,b7b6,0.0219,0.0283,0.0338,0.0298,c5e4,c5e4,c5e4,c5e4,145.0,0.0338,0.0079,True,elite,03_elite_b3,2615,2425,2425,False,True
5rk1/3nqp2/p4n2/P1b3P1/3pP1Pp/3P3P/3B2BK/1QR3N1 b - - 0 28,56,e1714,f6g4,-69,15,c5d6,0.0121,0.0103,0.0122,0.014,f6h7,f6h7,f6h7,f6h7,156.0,0.014,0.0019,True,elite,03_elite_b3,2603,2351,2351,False,True
r5k1/pp2bpp1/1q2pP2/1b6/3P2Q1/8/PPr3PP/R1B2RK1 b - - 1 20,40,e1715,c2g2,461,82,g7g6,0.0028,0.0045,0.0074,0.0091,e7f6,e7f6,e7f6,e7f6,109.0,0.0091,0.0063,True,elite,03_elite_b3,2559,2534,2534,False,True
6k1/pp3p2/4pBp1/1q6/3P1Q2/1P3PK1/P1r4P/8 b - - 5 30,60,e1715,b5b4,193,573,e6e5,0.0017,0.0011,0.0009,0.0008,b5h5,b5h5,b5h5,b5h5,2190.0,0.0017,-0.0009,True,elite,03_elite_b3,2559,2534,2534,False,True
3r1r1k/p5pn/1p3pq1/3P1NP1/2n1P3/P1B3Q1/6R1/4R1K1 b - - 0 28,56,e1724,d8d7,-480,20,h7g5,0.0022,0.0021,0.002,0.0023,h7g5,h7g5,h7g5,h7g5,170.0,0.0023,0.0001,True,elite,03_elite_b3,2478,2531,2531,False,True
3r1r2/p5p1/1p4k1/3Pp1n1/4P3/P2Q4/6R1/4R1K1 b - - 1 34,68,e1724,g6h7,-652,63,g6h5,0.0207,0.0202,0.0165,0.0136,f8f3,f8f3,f8f3,f8f3,1335.0,0.0207,-0.0071,True,elite,03_elite_b3,2478,2531,2531,False,True
3rr1k1/p2n1pb1/b1p2np1/q2p2Np/Pp1NPP1P/1B2B3/1PPQ1RP1/5RK1 b - - 0 18,36,e1729,a5c7,53,6,a6f1,0.0037,0.0032,0.004,0.006,a6f1,a6f1,a6f1,a6f1,196.0,0.006,0.0023,True,elite,03_elite_b3,2412,2517,2517,False,True
rr6/3qnk2/4p2p/p1QpPp1P/bppP1PpB/2P5/2P3P1/R2BK2R b - - 1 30,60,e1737,e7c8,335,136,b4b3,0.034,0.0258,0.0194,0.0186,b4b3,b4b3,b8b5,b8b5,351.0,0.034,-0.0154,True,elite,03_elite_b3,2554,2509,2509,False,True
r4r2/pp3p1k/2p1b1p1/4n2p/4Pp1P/3B1P2/PPP1N1PR/R3K3 b Q - 2 20,40,e1739,a8e8,-89,6,f7f5,0.0016,0.0009,0.0005,0.0005,e5d3,e5d3,e5d3,e5d3,107.0,0.0016,-0.0011,True,elite,03_elite_b3,2651,2610,2610,False,True
r2q1rk1/2n2pp1/b1p1pn1p/p7/3PPB2/P1QB1N2/5PPP/R4RK1 b - - 2 16,32,e1747,c7d5,39,5,a6d3,0.0016,0.0014,0.0017,0.0015,a6d3,a6d3,a6d3,a6d3,206.0,0.0017,-0.0001,True,elite,03_elite_b3,2519,2432,2432,False,True
r4b1k/pp4n1/3p1q2/2P1pN2/2B1PnQ1/8/PP4P1/3R2K1 b - - 4 28,56,e1748,d6d5,398,246,d6c5,0.0118,0.0108,0.0132,0.0165,d6c5,d6c5,d6c5,d6c5,1225.0,0.0165,0.0047,True,elite,03_elite_b3,2593,2422,2422,False,True
3r1b1k/pp3R2/6q1/2p1pN1n/2B1PnPQ/8/PP6/6K1 b - - 0 32,64,e1748,g6g5,213,213,d8d1,0.0004,0.0003,0.0002,0.0002,d8d1,d8d1,d8d1,d8d1,213.0,0.0004,-0.0002,True,elite,03_elite_b3,2593,2422,2422,False,True
3r4/4k1pp/8/p1pbN1P1/1p3P1P/P3P3/1P1RK3/8 b - - 1 30,60,e1750,h7h6,-219,23,c5c4,0.0335,0.0248,0.0173,0.0123,b4a3,b4a3,e7e6,e7e6,364.0,0.0335,-0.0212,True,elite,03_elite_b3,2595,2563,2563,False,True
r5kr/3b1p2/1q1npP1p/pp4p1/8/2QB1NP1/PPP4P/1K2RR2 b - - 3 28,56,e1751,d7c6,-196,30,b5b4,0.0315,0.0314,0.0317,0.0357,b5b4,b5b4,b5b4,a8c8,129.0,0.0357,0.0042,True,elite,03_elite_b3,2639,2633,2633,False,True
1r1q2kr/2Q1n3/3pb3/1p4pN/3P2P1/5B2/PP6/2R2RK1 b - - 0 28,56,e1756,e6f7,-361,10,d8c7,0.0097,0.0105,0.0097,0.0097,d8c7,d8c7,d8c7,d8c7,102.0,0.0105,0.0,True,elite,03_elite_b3,2497,2578,2578,False,True
1r3k2/p1p1npb1/8/4Pb2/4N2P/2P2R2/P4PP1/4R1K1 b - - 4 26,52,e1757,g7h6,-121,54,b8b6,0.0067,0.0045,0.003,0.0023,g7e5,g7e5,g7e5,g7e5,137.0,0.0067,-0.0044,True,elite,03_elite_b3,2829,2635,2635,False,True
r5rk/1pp3q1/p2b3n/3Ppb1p/PP2Np2/3B1N1P/1QR2PPK/6R1 b - - 0 30,60,e1759,a6a5,-75,4,h6g4,0.0161,0.0074,0.0035,0.0024,h6g4,h6g4,h6g4,h6g4,240.0,0.0161,-0.0137,True,elite,03_elite_b3,2444,2521,2521,False,True
3qr1k1/5pp1/2Q4p/pN1p4/P2b1PK1/6P1/5r1P/4R2R b - - 3 30,60,e1762,d4e3,332,50,h6h5,0.0189,0.0193,0.019,0.0188,h6h5,h6h5,f7f5,f7f5,452.0,0.0193,-0.0001,True,elite,03_elite_b3,2586,2608,2608,False,True
2k2b1r/pp1r1ppp/2n5/8/8/1P1BPNBP/q4PP1/3Q1RK1 b - - 0 18,36,e1766,c8d8,-85,7,a2a5,0.0023,0.0031,0.0052,0.0083,c6b4,c6b4,c6b4,c6b4,1910.0,0.0083,0.006,True,elite,03_elite_b3,2341,2525,2525,False,True
8/pp1k1pp1/1r2pb1p/3p4/P1rP4/R1P2N2/1PK2PPP/4R3 b - - 6 22,44,e1768,b6b4,-13,1,b6a6,0.0015,0.0012,0.0011,0.0009,f6e7,f6e7,f6e7,f6e7,325.0,0.0015,-0.0006,True,elite,03_elite_b3,2597,2577,2577,False,True
2k4r/1bq3pp/1p2pp2/2ppP3/Q2P4/2P1PN2/PP4PP/R3K2R b KQ - 1 18,36,e1769,h7h5,-508,8,h8f8,0.0055,0.0064,0.0069,0.007,b7c6,f6e5,f6e5,f6e5,157.0,0.007,0.0015,True,elite,03_elite_b3,2516,2367,2367,False,True
2rr1q2/pQ2n1kp/1b3pp1/4pn2/1P6/1BP2N2/P2B1PPP/3RR1K1 b - - 0 26,52,e1771,c8c6,90,257,c8c7,0.0052,0.0043,0.0042,0.0047,c8c7,c8c7,c8c7,c8c7,322.0,0.0052,-0.0005,True,elite,03_elite_b3,2485,2548,2548,False,True
4r1r1/pp3q2/3b3k/PPpNp1pP/2P1PpQn/3P1P2/4K2P/R3B1R1 b - - 12 32,64,e1774,d6c7,-403,24,f7h5,0.0041,0.0032,0.0024,0.0019,f7h5,f7h5,f7h5,f7h5,171.0,0.0041,-0.0022,True,elite,03_elite_b3,2551,2478,2478,False,True
5r1k/1q5p/3p2p1/1r2pp2/1PRbPP2/3P2P1/2QB2KP/5B2 b - - 2 28,56,e1775,g6g5,109,17,f8f7,0.0066,0.0027,0.0014,0.0012,f5e4,f5e4,f5e4,f5e4,120.0,0.0066,-0.0054,True,elite,03_elite_b3,2605,2633,2633,False,True
8/4qrkp/2R3p1/1r2pp2/1PQb1P2/3P1BP1/3B2KP/8 b - - 5 34,68,e1775,e7a7,-53,102,b5b7,0.0073,0.0064,0.0067,0.0072,b5b8,b5b8,b5b8,b5b8,423.0,0.0073,-0.0001,True,elite,03_elite_b3,2605,2633,2633,False,True
r1br2k1/pp3ppp/2n1pq2/8/1b2p3/1NN5/PPPBQPPP/R3R1K1 b - - 7 14,28,e1777,b4f8,99,10,a7a5,0.0005,0.0006,0.0009,0.0012,c6d4,c6d4,c6d4,c6d4,119.0,0.0012,0.0007,True,elite,03_elite_b3,2510,2496,2496,False,True
3r2k1/3r1pp1/3b3p/1p6/p7/P1BR1QPP/2P2P1K/8 b - - 0 32,64,e1777,g8h8,-572,27,d6a3,0.0023,0.0033,0.0035,0.0041,d6a3,d6a3,d6a3,d6a3,114.0,0.0041,0.0018,True,elite,03_elite_b3,2510,2496,2496,False,True
r2q1rk1/pp1bppbp/5np1/8/3NP3/2N1Q2P/PPP1B1P1/3R1RK1 b - - 0 14,28,e1778,e7e6,-3,17,d8b6,0.0257,0.02,0.0111,0.0061,d8b6,d8b6,d8b6,d8b6,145.0,0.0257,-0.0196,True,elite,03_elite_b3,2371,2516,2516,False,True
2kr4/ppqnp3/2p1n1pb/PP1pPb2/3P4/2N1B3/2P1N3/R1Q1K2B b Q - 0 20,40,e1780,e6d4,256,145,h6e3,0.0018,0.0015,0.0017,0.0022,h6e3,h6e3,h6e3,h6e3,124.0,0.0022,0.0004,True,elite,03_elite_b3,2443,2557,2557,False,True
1rb2r2/3n1pkp/p1pp1np1/qp2p2P/2PPP1P1/2N2P2/PP1QN3/2KR1B1R b - - 0 14,28,e1782,b8b7,-128,16,b5b4,0.0011,0.0007,0.0004,0.0002,b5c4,b5c4,b5c4,b5c4,131.0,0.0011,-0.0009,True,elite,03_elite_b3,2580,2631,2631,False,True
1r2k2r/8/b1p2QpP/2q1p3/1pP1P3/p2B4/1P1N4/2KR1R2 b - - 0 32,64,e1782,h8h7,-648,69,a3b2,0.0138,0.0134,0.0123,0.0133,a3b2,a3b2,a3b2,a3b2,231.0,0.0138,-0.0005,True,elite,03_elite_b3,2580,2631,2631,False,True
r1bq1rk1/1pp1pp2/2np3Q/p6n/2PRP2P/2N5/PP2BPP1/2K4R b - - 0 16,32,e1785,h5f4,-33,82,c6d4,0.0079,0.0045,0.0036,0.0039,h5g7,h5g7,h5g7,h5g7,491.0,0.0079,-0.004,True,elite,03_elite_b3,2715,2497,2497,False,True
r1bq1rk1/1pp5/3p3Q/p2Npp1B/2PRP2P/8/PP3PP1/2K5 b - - 0 20,40,e1785,f5f4,-465,98,e5d4,0.0031,0.0033,0.0043,0.0055,e5d4,e5d4,e5d4,e5d4,124.0,0.0055,0.0024,True,elite,03_elite_b3,2715,2497,2497,False,True
r1r2bk1/3b1pp1/pnN2q2/1p6/1P1Np2p/P1Q1P2P/2R2PP1/2R2BK1 b - - 1 30,60,e1786,f6g5,25,2,g7g6,0.0175,0.0191,0.0167,0.013,b6a4,b6c4,b6c4,b6c4,233.0,0.0191,-0.0045,True,elite,03_elite_b3,2708,2869,2869,False,True
r1r2bk1/3b1p2/pnN3p1/1p4q1/1P1Np2p/P3P2P/2RQ1PP1/2R2B1K b - - 3 32,64,e1786,g8h7,27,1,g5d5,0.0104,0.0125,0.0101,0.0067,b6c4,b6c4,b6c4,b6c4,222.0,0.0125,-0.0037,True,elite,03_elite_b3,2708,2869,2869,False,True
r1rq2k1/pb3p1n/4p2Q/1p1pP2P/3p2P1/3P4/PPP1RPB1/R5K1 b - - 1 22,44,e1790,c8c7,187,2,d8g5,0.0462,0.0203,0.0089,0.0067,d8g5,d8g5,d8g5,d8g5,101.0,0.0462,-0.0395,True,elite,03_elite_b3,2571,2504,2504,False,True
2rqr1k1/p4ppp/Qp6/2bpn3/5Bn1/1PN1P1P1/P4PBP/2R1R1K1 b - - 0 18,36,e1792,g4f2,-9,20,d5d4,0.0055,0.0092,0.0148,0.0178,d5d4,d5d4,d5d4,g7g5,328.0,0.0178,0.0123,True,elite,03_elite_b3,2568,2634,2634,False,True
1qr1r1k1/5pbp/P5p1/1N1b4/3pn3/R4N2/1P2BPPP/1Q1R2K1 b - - 0 22,44,e1796,e4f2,63,2,b8b6,0.0301,0.0355,0.041,0.0379,e4c5,e4c5,e4c5,e4c5,170.0,0.041,0.0078,True,elite,03_elite_b3,2580,2450,2450,False,True
b1r1r2k/P5bp/1q4p1/5p2/R2Nn3/3B1N2/1P3PPP/1Q1R2K1 b - - 0 26,52,e1796,e4f2,-24,90,e8d8,0.0069,0.0089,0.0123,0.0167,g7d4,e4c5,e4c5,e4c5,114.0,0.0167,0.0098,True,elite,03_elite_b3,2580,2450,2450,False,True
r2q2k1/p1p2pp1/Np1nb2p/3pB1b1/3P4/2P2Q2/PP3PPP/R4BK1 b - - 5 20,40,orph_55425,c7c6,-27,1,d8d7,0.0232,0.0209,0.0207,0.0217,d6e4,d6e4,d6e4,d6e4,364.0,0.0232,-0.0015,True,elite,03_elite_b3,2985,2986,2986,False,True
r1q2rk1/1p1bppbp/1Pn2np1/p7/4P3/N1P1BN1P/2Q1BPP1/R4RK1 b - - 2 16,32,e1805,f6e8,-104,29,h7h5,0.042,0.0354,0.0239,0.0177,d7h3,d7h3,d7h3,d7h3,124.0,0.042,-0.0243,True,elite,03_elite_b3,2571,2402,2402,False,True
r1b1r1kb/p4p1p/1q2nPp1/3p4/1p1P3N/2P1BB2/PP1Q3P/R4RK1 b - - 2 22,44,e1809,c8a6,52,4,c8b7,0.0457,0.0271,0.0199,0.0205,h8f6,h8f6,h8f6,h8f6,170.0,0.0457,-0.0252,True,elite,03_elite_b3,2634,2703,2703,False,True
r4nk1/pb3p1p/1qr2bpB/3p4/3P1Q2/2P2N1B/P6P/R4RK1 b - - 0 28,56,e1809,b6c7,124,175,c6c3,0.0128,0.013,0.0128,0.0129,c6c3,c6c3,c6c3,c6c3,584.0,0.013,0.0001,True,elite,03_elite_b3,2634,2703,2703,False,True
5b2/5pkp/6p1/R7/P7/3RP2P/1r4P1/6K1 b - - 1 30,60,e1810,f8e7,-402,14,b2a2,0.0143,0.0205,0.0241,0.0269,b2b1,b2b1,f8b4,f8b4,152.0,0.0269,0.0126,True,elite,03_elite_b3,2572,2479,2479,False,True
r3k2r/pp2bppp/3ppn2/q2P2B1/3Q4/5N2/PPP2PPP/2KRR3 b kq - 0 12,24,e1811,h7h6,-28,11,e6e5,0.0073,0.0056,0.0035,0.0018,a5a2,a5a2,a5d5,a5d5,265.0,0.0073,-0.0055,True,elite,03_elite_b3,2552,2493,2493,False,True
6k1/2qr1p1p/p1bpn1p1/6P1/1PP1PP1P/1P2Q3/1K1R4/3R4 b - - 0 32,64,e1814,e6f8,-167,1,c7b8,0.0182,0.0186,0.0181,0.0185,a6a5,a6a5,a6a5,a6a5,121.0,0.0186,0.0003,True,elite,03_elite_b3,2708,2521,2521,False,True
r2qrnk1/pb4pp/1p1bpp2/3p4/3P1PP1/2PB2BQ/PP1N3P/R4RK1 b - - 0 18,36,e1816,a7a5,-36,12,e6e5,0.0261,0.021,0.0164,0.0179,e6e5,e6e5,e6e5,e6e5,363.0,0.0261,-0.0082,True,elite,03_elite_b3,2520,2560,2560,False,True
8/5pkp/3R4/p1p1n1P1/P1P3P1/1Pr5/8/3K4 b - - 0 34,68,e1820,c3d3,762,250,c3b3,0.0268,0.0164,0.0118,0.0131,c3b3,c3b3,c3b3,c3b3,250.0,0.0268,-0.0137,True,elite,03_elite_b3,2695,2758,2758,False,True
rn1q1rk1/pb2bpp1/1p5p/2p1P2P/3p1B2/3P1NP1/PP3PB1/R2QR1K1 b - - 0 16,32,e1826,b7d5,-41,63,b8a6,0.0378,0.0448,0.0464,0.0456,b8d7,b8d7,b8d7,b8d7,164.0,0.0464,0.0078,True,elite,03_elite_b3,2599,2353,2353,False,True
2rq1rk1/pb2bp2/1p5Q/2p1P2P/3p1R2/P2PnNP1/1P3PB1/R5K1 b - - 4 22,44,e1826,c8c6,398,190,b7f3,0.0316,0.0268,0.0232,0.0245,e3g2,e3g2,e3g2,e3g2,2394.0,0.0316,-0.0071,True,elite,03_elite_b3,2599,2353,2353,False,True
r3r1k1/1pq2pp1/p1pbnn1p/P7/2B1P3/2N1B2P/1PQ2PP1/R3R1K1 b - - 1 18,36,e1829,c7e7,-46,5,d6b4,0.0051,0.0047,0.005,0.0061,d6h2,d6b4,d6b4,a8d8,275.0,0.0061,0.001,True,elite,03_elite_b3,2969,2745,2745,False,True
3rr1k1/1p3pp1/p1p4p/P2nP2q/1b3P2/2NB1RPP/1P3QK1/R7 b - - 2 30,60,e1829,g7g5,-85,80,b4e7,0.0298,0.0233,0.0218,0.0296,d5c3,d5c3,d5c3,d5c3,308.0,0.0298,-0.0002,True,elite,03_elite_b3,2969,2745,2745,False,True
r1q1r1k1/pbpn1pbp/1p1p1np1/4p3/2PPP3/2N1BNPP/PPQ2PB1/R2R2K1 b - - 1 12,24,e1830,f6e4,151,221,a7a5,0.0029,0.0013,0.0009,0.0007,e5d4,e5d4,e5d4,e5d4,220.0,0.0029,-0.0022,True,elite,03_elite_b3,2423,2526,2526,False,True
rnbq1rk1/1p2ppbp/3p2p1/2p5/pPPPn3/P4NP1/R3PPBP/1NBQ1RK1 b - - 1 10,20,e1831,c8f5,-28,9,f7f5,0.0264,0.0277,0.0298,0.033,c5b4,c5b4,c5d4,c5d4,101.0,0.033,0.0066,True,elite,03_elite_b3,2416,2524,2524,False,True
4r1k1/bp1r1pp1/8/8/pP1NqB2/P2QP1Pb/5R1P/3R2K1 b - - 2 28,56,e1832,d7d4,752,199,e4e7,0.0137,0.0167,0.0218,0.0338,e4d3,a7d4,a7d4,e4d5,435.0,0.0338,0.0201,True,elite,03_elite_b3,2474,2582,2582,False,True
r1b1k1nr/pp1p1ppp/8/2b1N3/8/2N1P3/PqPP1PPP/R2QKB1R b KQkq - 2 8,16,e1834,c5e7,-369,45,g8f6,0.0017,0.0014,0.0015,0.0022,c5b4,c5b4,c5b4,c5b4,121.0,0.0022,0.0005,True,elite,03_elite_b3,2528,2339,2339,False,True
6k1/3p1pp1/3q4/7Q/3Pn3/4P2P/P4PP1/R1R3K1 b - - 2 28,56,e1834,d6a6,-771,7,e4f6,0.0081,0.0071,0.0075,0.0085,g7g6,g7g6,g7g6,g7g6,372.0,0.0085,0.0004,True,elite,03_elite_b3,2528,2339,2339,False,True
r3kbnr/1p3pp1/pqn1p2p/2ppPb1P/3P4/2N1B3/PPPQNPP1/1R2KB1R b Kkq - 1 10,20,e1835,a8d8,100,18,c5d4,0.0065,0.006,0.0063,0.0064,c5d4,c5d4,c5d4,c5d4,128.0,0.0065,-0.0001,True,elite,03_elite_b3,2513,2483,2483,False,True
6k1/p1r2p1p/6p1/4q3/1Pp1nN2/4QPP1/P6P/2R3K1 b - - 0 30,60,e1838,e4g5,-10,368,g6g5,0.0229,0.0199,0.0162,0.0136,e5b2,e5b2,e5b2,e5b2,423.0,0.0229,-0.0093,True,elite,03_elite_b3,2505,2469,2469,False,True
r5k1/7p/1n2b1p1/2qpPpB1/2pn1P2/4N2R/2P3BP/1Q5K b - - 2 34,68,e1839,a8a7,239,9,d4c6,0.0154,0.0287,0.0418,0.0427,b6a4,b6a4,b6a4,b6a4,645.0,0.0427,0.0273,True,elite,03_elite_b3,2765,2765,2765,False,True
r1b3k1/1pp2r2/4pqnp/1NPp1p2/1P1Pn1p1/5PP1/2Q1P1BP/1R1RN1K1 b - - 0 20,40,e1841,c8d7,38,68,e4g5,0.0109,0.0056,0.0036,0.0034,g4f3,g4f3,g4f3,g4f3,108.0,0.0109,-0.0075,True,elite,03_elite_b3,2583,2486,2486,False,True
6k1/7p/p2b2p1/1p6/6P1/1P2RQ1P/P6q/5K2 b - - 2 34,68,e1842,d6f8,-476,5,d6c5,0.0025,0.0022,0.0021,0.0026,h2a2,h2a2,h2a2,h2a2,278.0,0.0026,0.0001,True,elite,03_elite_b3,2544,2604,2604,False,True
2r1r1k1/3q1pbp/p2p2p1/1p1n2B1/2nN3Q/1B6/PP3PPP/2R2RK1 b - - 1 24,48,e1848,d5b4,220,7,d5e7,0.0257,0.0213,0.0158,0.0116,c4b2,c4b2,c4b2,c4b2,540.0,0.0257,-0.0141,True,elite,03_elite_b3,2548,2361,2361,False,True
8/2pq1pk1/p1pb1p2/3N1P2/QP2R1Pr/P2R4/2P2P1r/5K2 b - - 6 28,56,e1850,d6g3,0,159,c6d5,0.0086,0.006,0.0055,0.0064,h2h1,h2h1,h2h1,h2h1,234.0,0.0086,-0.0022,True,elite,03_elite_b3,2477,2610,2610,False,True
q4rk1/p3ppbp/1p2b1p1/2P5/Q1n4N/B1P1P1P1/P4P1P/2R2RK1 b - - 2 16,32,e1851,b6b5,257,57,g6g5,0.0125,0.0112,0.0111,0.0106,c4a3,c4a3,c4a3,c4a3,300.0,0.0125,-0.0019,True,elite,03_elite_b3,2404,2576,2576,False,True
r1bqk2r/3n1p1p/p1p1p2b/1p1pP3/3PP2p/2NQ1N2/PPP1B1PP/R4RK1 b kq - 1 12,24,e1854,e8g8,-87,9,c8b7,0.0131,0.0064,0.0062,0.0098,h8g8,h8g8,h8g8,h8g8,272.0,0.0131,-0.0033,True,elite,03_elite_b3,2553,2707,2707,False,True
3r1rk1/p3qpb1/6pp/1B3p2/3NbNnP/4P1P1/PP3P2/R2Q1RK1 b - - 0 22,44,e1856,e4a8,329,116,g7d4,0.004,0.0057,0.0078,0.0101,g6g5,g6g5,g6g5,g6g5,107.0,0.0101,0.0061,True,elite,03_elite_b3,2446,2573,2573,False,True
5rk1/p4p2/6pp/1B3p2/Pr2bNnP/6P1/1P3P2/R4RK1 b - - 0 26,52,e1856,g4e5,168,115,e4f3,0.014,0.0169,0.0166,0.0149,b4b2,b4b2,b4b2,b4b2,144.0,0.0169,0.0009,True,elite,03_elite_b3,2446,2573,2573,False,True
2rqr1k1/1pp2pp1/3pb2p/p1bN4/2PnP3/PN1n2PP/1P3PBK/R1BQ1R2 b - - 4 20,40,e1859,d3f2,227,151,d4b3,0.031,0.0263,0.0263,0.0246,d3c1,d3c1,d4b3,d4b3,172.0,0.031,-0.0064,True,elite,03_elite_b3,2336,2531,2531,False,True
r3r1k1/b1pb1ppp/p1p5/P2np2q/1PP1B3/5N1P/3BQPP1/R4RK1 b - - 1 20,40,e1864,f7f5,-26,51,d5f4,0.0043,0.005,0.0095,0.0183,d5f4,d5f4,d5f4,d5f4,139.0,0.0183,0.014,True,elite,03_elite_b3,2670,2570,2570,False,True
r6k/b1p3pp/p1p1Q3/P1P5/1q3p2/8/5P2/2R2RK1 b - - 2 30,60,e1864,h7h6,-68,21,f4f3,0.0361,0.0252,0.0169,0.0133,a7c5,a7c5,a7c5,a7c5,304.0,0.0361,-0.0228,True,elite,03_elite_b3,2670,2570,2570,False,True
6k1/p1QP1p2/4p1pp/1r6/1P3P2/2P5/1q4PP/3RK3 b - - 0 32,64,e1865,b5f5,-777,13,b2g2,0.023,0.021,0.0194,0.021,b2g2,b2g2,b2g2,b2g2,1220.0,0.023,-0.002,True,elite,03_elite_b3,2352,2563,2563,False,True
r4rk1/1p1q3p/p1n3p1/2p5/P2pR3/6Q1/1PP2PPP/4RBK1 b - - 2 24,48,e1866,g8g7,-168,59,a8e8,0.0071,0.0088,0.0122,0.0151,a8e8,a8e8,a8e8,a8e8,267.0,0.0151,0.008,True,elite,03_elite_b3,2575,2395,2395,False,True
5rk1/2Q2pbp/3N2p1/p3p3/P3P2P/6PB/1PP2R1K/3q4 b - - 2 32,64,e1867,h7h5,-491,73,f7f5,0.0316,0.0267,0.0257,0.04,d1d4,d1d4,d1d4,d1d4,324.0,0.04,0.0084,True,elite,03_elite_b3,2375,2503,2503,False,True
r4rk1/bp1b1pp1/p2q1n1p/3p4/7Q/1P2PNP1/PB2BP1P/2RR2K1 b - - 6 20,40,e1869,f8c8,-102,4,f6e4,0.007,0.0047,0.0034,0.0032,f6e4,f6e4,f6e4,f6e4,293.0,0.007,-0.0038,True,elite,03_elite_b3,2502,2341,2341,False,True
r4b1r/ppk4p/n1p1bpp1/8/2P1NPn1/1PN2B2/PB2P2P/2KR3R b - - 0 16,32,e1873,f8h6,-114,0,f8e7,0.0245,0.0289,0.0327,0.0421,f6f5,f6f5,f6f5,f6f5,267.0,0.0421,0.0176,True,elite,03_elite_b3,2445,2550,2550,False,True
4r1k1/p4ppp/b2p4/b1pN4/q3PN2/Pr3P2/5QPP/2RR2K1 b - - 12 26,52,e1878,g8h8,42,5,a5d8,0.0004,0.0005,0.0007,0.0012,b3a3,b3a3,b3a3,b3a3,207.0,0.0012,0.0008,True,elite,03_elite_b3,2623,2581,2581,False,True
3b2rk/p4ppp/8/3Q3N/q3P3/r4P2/6PP/2RR3K b - - 0 32,64,e1878,h7h6,-171,3,f7f6,0.0444,0.04,0.0273,0.017,d8b6,a4e8,a4e8,a4e8,305.0,0.0444,-0.0274,True,elite,03_elite_b3,2623,2581,2581,False,True
2r2rk1/1p1nbpp1/p1p1p1bn/3pP1N1/1P1P1PP1/2P1B3/1P1NB3/R3K2R b KQ - 0 16,32,e1880,c8e8,-179,7,f8e8,0.0113,0.0107,0.0142,0.0336,e7g5,e7g5,e7g5,e7g5,244.0,0.0336,0.0223,True,elite,03_elite_b3,2513,2405,2405,False,True
5n1r/1p2b3/p1p1k1p1/3pP1P1/1P1P2K1/2P1B3/1P4N1/5R2 b - - 3 34,68,e1880,h8h7,-135,19,h8h2,0.0145,0.018,0.0228,0.0318,f8h7,f8h7,f8d7,f8d7,543.0,0.0318,0.0173,True,elite,03_elite_b3,2513,2405,2405,False,True
3rr1k1/p4pb1/1p1Bp3/nP2P2p/5P2/2P5/1P4BP/R2R2K1 b - - 2 26,52,e1883,d8c8,-307,21,g7h6,0.0098,0.0104,0.0129,0.0207,a5c4,a5c4,a5c4,a5c4,165.0,0.0207,0.0109,True,elite,03_elite_b3,2538,2495,2495,False,True
3r1r2/5kb1/2p2pp1/8/2P1NP2/1P2RN2/Q5PK/3q4 b - - 5 30,60,e1885,g7h6,147,89,f8h8,0.0206,0.0144,0.0116,0.0102,f8h8,f8h8,f8h8,f8h8,145.0,0.0206,-0.0104,True,elite,03_elite_b3,2346,2609,2609,False,True
3r1b1r/5k2/2p2pp1/8/1PP1NP2/4RNK1/Q5P1/3q4 b - - 0 32,64,e1885,h8h5,-35,20,f7g7,0.0051,0.0054,0.0056,0.0074,d1h1,d1h1,f7g7,f8b4,456.0,0.0074,0.0023,True,elite,03_elite_b3,2346,2609,2609,False,True
r2q1rk1/ppb2ppp/2n1pn2/2p4b/4P3/P1P2N1P/1P1N1PP1/R1BQRBK1 b - - 0 12,24,e1888,h7h6,48,10,h5g6,0.0164,0.0165,0.0195,0.0266,d8d6,d8d6,d8d6,d8d6,190.0,0.0266,0.0102,True,elite,03_elite_b3,2699,2475,2475,False,True
4rr1k/ppq3p1/3b3p/5p2/8/PQP1BN1P/5PP1/R4BK1 b - - 3 26,52,e1888,e8e3,-389,34,b7b6,0.0214,0.0221,0.0278,0.0355,f5f4,f5f4,f5f4,f5f4,104.0,0.0355,0.0141,True,elite,03_elite_b3,2699,2475,2475,False,True
r1k5/p1p3B1/1pp1p2p/4P3/4N1Pb/7P/PP4K1/8 b - - 0 30,60,e1889,c8d7,147,95,h4g5,0.0336,0.0302,0.0268,0.0257,c8b7,c8b7,h4g5,h4g5,146.0,0.0336,-0.0079,True,elite,03_elite_b3,2580,2496,2496,False,True
2r3k1/1p4b1/3p1n1p/1n1P1p1q/1P2pP2/4N2P/r1B2BP1/1R1QR1K1 b - - 4 28,56,e1890,c8c2,402,23,h5g6,0.0094,0.007,0.0058,0.0042,b5c3,b5c3,h5d1,h5d1,312.0,0.0094,-0.0052,True,elite,03_elite_b3,2611,2443,2443,False,True
2br1rk1/2p3b1/pp6/4n1N1/3N1pP1/1PP2P2/P5B1/2RR2K1 b - - 1 26,52,e1892,d8e8,-25,4,f8e8,0.017,0.019,0.0207,0.0197,c7c5,c7c5,c7c5,c7c5,147.0,0.0207,0.0027,True,elite,03_elite_b3,2363,2539,2539,False,True
3q1rk1/1p4pp/4pp2/1N1p4/Pbr1n3/5QB1/2P2PPP/R2R2K1 b - - 1 18,36,e1902,b4c5,399,59,d8e7,0.02,0.0234,0.0263,0.0309,c4c2,c4c2,c4c2,c4c2,128.0,0.0309,0.0109,True,elite,03_elite_b3,2443,2512,2512,False,True
6k1/5p2/7p/p2p3p/P4Q2/6P1/5P1K/1q6 b - - 3 32,64,e1904,b1b6,216,114,b1g6,0.0348,0.0313,0.0253,0.0221,b1g6,b1g6,b1g6,b1g6,126.0,0.0348,-0.0127,True,elite,03_elite_b3,2529,2479,2479,False,True
2r5/4kp2/4pp1p/1p1p4/3P4/2Nb1P2/4NKPP/2R5 b - - 1 30,60,e1905,e7d7,-232,4,b5b4,0.003,0.0036,0.0036,0.005,b5b4,b5b4,b5b4,b5b4,340.0,0.005,0.002,True,elite,03_elite_b3,2381,2568,2568,False,True
6k1/5pp1/6qp/R2QK3/8/3PP1P1/2r5/7R b - - 6 34,68,e1913,c2c6,0,188,g6g3,0.0045,0.0034,0.0028,0.0027,g6g3,g6g3,g6g3,g6g3,383.0,0.0045,-0.0018,True,elite,03_elite_b3,2604,2350,2350,False,True
1rb1n1k1/R5b1/p1p2p1p/Pp1p1PpP/1P1P2N1/3B4/K1P3P1/1N6 b - - 3 34,68,e1914,c8b7,28,170,g7f8,0.0435,0.0467,0.0441,0.0388,e8d6,e8d6,e8d6,e8d6,149.0,0.0467,-0.0047,True,elite,03_elite_b3,2531,2371,2371,False,True
6r1/Q2bqpk1/1p6/4Pp1p/1n4rP/4NN2/5PP1/R1R3K1 b - - 0 26,52,e1916,e7e8,-352,36,g4f4,0.0009,0.0008,0.0007,0.0008,b4d3,b4d3,b4d3,g4g6,118.0,0.0009,-0.0001,True,elite,03_elite_b3,2428,2589,2589,False,True
2k2r1r/pppnb1pp/2n1p3/2P1P3/1P1P4/P1N5/4BB1P/2R2RK1 b - - 0 20,40,e1918,f8f2,-101,98,e7g5,0.0151,0.0127,0.0143,0.0165,e7g5,e7g5,e7g5,e7g5,103.0,0.0165,0.0014,True,elite,03_elite_b3,2502,2366,2366,False,True
3k1r2/p1pB2pp/2P5/2P1P3/5r2/P1nRB3/7P/6K1 b - - 6 34,68,e1918,c3e4,-129,92,c3e2,0.0074,0.0037,0.0025,0.002,f4f1,f4f1,f4f1,f4f1,301.0,0.0074,-0.0054,True,elite,03_elite_b3,2502,2366,2366,False,True
2b2rk1/p2p1ppp/2p1p3/2b1P3/5P2/3B4/PrPN2PP/R4R1K b - - 0 16,32,e1919,b2b4,149,6,f7f6,0.02,0.0179,0.0134,0.0088,c5e3,c5d4,c5d4,c5e3,412.0,0.02,-0.0112,True,elite,03_elite_b3,2378,2541,2541,False,True
4rbk1/8/4rqpp/ppp1n1p1/4RnP1/3PN1BP/PPP3B1/4RQK1 b - - 1 26,52,e1925,e5f7,-51,5,f8g7,0.0049,0.0052,0.0059,0.0076,f4g2,f4g2,f8d6,f8d6,194.0,0.0076,0.0027,True,elite,03_elite_b3,2433,2539,2539,False,True
1r1bk2r/R4R2/1p3p2/2p1p2p/1pP4P/4B1P1/1P2PP2/6K1 b - - 0 34,68,e1932,b8a8,-172,74,b8c8,0.0016,0.001,0.0008,0.0009,h8f8,h8f8,h8f8,h8f8,212.0,0.0016,-0.0007,True,elite,03_elite_b3,2551,2628,2628,False,True
3rr1k1/pp2bp2/4P1p1/q3p3/8/1P2PBPp/PQ3P1P/2RR2K1 b - - 0 26,52,e1936,f7f5,-139,76,e7a3,0.0126,0.0139,0.0188,0.0246,d8d1,d8d1,f7e6,f7e6,151.0,0.0246,0.012,True,elite,03_elite_b3,2730,2963,2963,False,True
3rr1k1/2bq2pp/1pp2pn1/p1p2P2/P1N1P3/1P1PB2b/2PQ2NP/R5RK b - - 0 20,40,e1938,b6b5,7,126,g6e5,0.0032,0.0014,0.0007,0.0005,g6e5,g6e5,g6e5,g6e5,113.0,0.0032,-0.0027,True,elite,03_elite_b3,2568,2383,2383,False,True
1r6/RPr5/4p1k1/P2p1p2/6p1/3KP1P1/1R3P2/8 b - - 0 32,64,e1941,c7d7,-494,5,e6e5,0.0151,0.0119,0.0086,0.0069,g6f6,g6f6,g6f6,g6f6,119.0,0.0151,-0.0082,True,elite,03_elite_b3,2582,2565,2565,False,True
4r1k1/pp3p1p/6p1/8/1Q2p3/P3B2P/5PPK/1n1r4 b - - 3 34,68,e1942,h7h5,-131,59,e8d8,0.0265,0.0225,0.0167,0.0199,b7b6,b7b6,b7b6,b7b6,251.0,0.0265,-0.0066,True,elite,03_elite_b3,2358,2507,2507,False,True
r4rk1/qpp2pp1/3pbn1p/p7/B3P3/2p2N1P/PP4PK/R1B1QN2 b - - 0 16,32,e1946,d6d5,-50,0,a7c5,0.0201,0.0097,0.0055,0.0062,c3b2,c3b2,c3b2,c3b2,186.0,0.0201,-0.0139,True,elite,03_elite_b3,3047,3043,3043,False,True
3r2k1/ppp3pp/8/4b3/8/4PP1P/PP1BK3/2R5 b - - 4 24,48,e1950,d8d5,-31,3,c7c6,0.002,0.0013,0.0011,0.0015,e5b2,e5b2,e5b2,e5b2,141.0,0.002,-0.0005,True,elite,03_elite_b3,2517,2693,2693,False,True
r2q1rk1/pp3bb1/2pp4/3n2pp/2BPNpPn/1PP2P1P/PBNQRK2/R7 b - - 5 26,52,e1958,d5e3,168,67,h5g4,0.0262,0.0339,0.0418,0.041,h5g4,h5g4,h5g4,h5g4,103.0,0.0418,0.0148,True,elite,03_elite_b3,2380,2523,2523,False,True
r3k1nr/1b1p1pbp/p3p1p1/1p6/4P2q/1BNPB3/PP1Q1PPP/R3R1K1 b kq - 4 14,28,e1968,h7h6,-155,13,g8h6,0.0123,0.0125,0.0169,0.0407,g7e5,g8e7,g8e7,g8e7,284.0,0.0407,0.0284,True,elite,03_elite_b3,2513,2416,2416,False,True
b3kr2/4bN2/1R2p1pP/4P3/2p1pB2/2p1P2Q/1P3P1P/6K1 b - - 0 28,56,e1969,a8d5,-684,305,c3c2,0.0139,0.0147,0.0155,0.0184,e8f7,e8f7,e8f7,e8f7,1314.0,0.0184,0.0045,True,elite,03_elite_b3,2412,2630,2630,False,True
4Q3/p5bk/1p1q2pp/8/3PBN2/4P1P1/PP3P1K/2r5 b - - 15 34,68,e1971,c1c8,-819,22,d6f8,0.0283,0.0235,0.0174,0.012,c1f1,d6f6,d6f6,d6f6,1172.0,0.0283,-0.0163,True,elite,03_elite_b3,2686,2401,2401,False,True
r2r2k1/1p1q1p2/5Qbp/p7/2B5/1P5P/5PP1/4RNK1 b - - 0 24,48,e1973,d7c6,0,93,d7d6,0.016,0.0166,0.0174,0.017,d8e8,d8e8,d8e8,d8e8,550.0,0.0174,0.001,True,elite,03_elite_b3,2510,2361,2361,False,True
r2r1k2/1p6/4B1Qp/p7/5q2/1P4NP/5PP1/6K1 b - - 2 28,56,e1973,a8a6,393,161,f8e7,0.0248,0.0195,0.0165,0.0224,d8d1,d8d1,d8d1,d8d1,176.0,0.0248,-0.0024,True,elite,03_elite_b3,2510,2361,2361,False,True
2r1r1k1/Qp3pp1/6b1/2n3q1/1n2p3/2N1P3/PP1BBP2/1K1R3R b - - 3 22,44,e1975,b4c6,-52,29,g5f6,0.035,0.021,0.0103,0.0065,c8a8,c8a8,c8a8,c5d3,210.0,0.035,-0.0285,True,elite,03_elite_b3,2402,2526,2526,False,True
3rr1k1/2bq1pp1/R1p1bn1p/3pp3/1P2Pn2/3P1NNP/2QB1PP1/4RBK1 b - - 0 20,40,e1983,f4g6,-92,21,d5e4,0.0178,0.017,0.0165,0.0168,d5e4,d5e4,d5e4,d5e4,105.0,0.0178,-0.001,True,elite,03_elite_b3,2687,2517,2517,False,True
1b1rr1k1/3q1pp1/2R1bn2/1P2p3/4Pn1p/2R2N1P/2QBNPP1/5BK1 b - - 1 26,52,e1983,f4d3,-58,160,f6e4,0.0258,0.0266,0.0339,0.0474,f4e2,f4e2,f4e2,f4e2,227.0,0.0474,0.0216,True,elite,03_elite_b3,2687,2517,2517,False,True
2r3k1/pp1r1ppp/1qn1bn2/1B2p3/Q2P4/P3PP2/4N1PP/B1RR2K1 b - - 0 18,36,e1985,e5e4,-50,1,e5d4,0.0348,0.0318,0.0296,0.0296,e5d4,e5d4,e5d4,e5d4,103.0,0.0348,-0.0052,True,elite,03_elite_b3,2640,2578,2578,False,True
r4rk1/ppp2npp/2nbq3/1B1NpQ2/3pP3/1P4P1/PBPP3P/R4RK1 b - - 3 16,32,e1988,c6d8,30,53,e6f5,0.007,0.0069,0.0085,0.0146,e6f5,e6f5,e6f5,e6f5,100.0,0.0146,0.0076,True,elite,03_elite_b3,2486,2519,2519,False,True
3rr1k1/ppq2ppp/2p2nb1/3P4/2P1p3/1PN5/PB2BPPb/R2QR2K b - - 1 18,36,e1989,c7f4,526,77,h2e5,0.0345,0.0288,0.0322,0.0469,h2e5,h2e5,h2e5,h2e5,112.0,0.0469,0.0124,True,elite,03_elite_b3,2564,2495,2495,False,True
rnbq1rk1/1p4bp/6p1/1p1p4/p2Pp3/P1N1P1P1/1B3PBP/R2Q1RK1 b - - 1 16,32,e1990,b8a6,45,18,c8e6,0.016,0.0123,0.0115,0.0157,c8d7,c8d7,c8d7,c8d7,256.0,0.016,-0.0003,True,elite,03_elite_b3,2558,2527,2527,False,True
rn3rk1/1p4bp/6p1/2Np2q1/1p1Pp1b1/PQ2P1P1/1B3PBP/1R3RK1 b - - 4 20,40,e1990,f8f7,-67,72,f8f3,0.0208,0.0202,0.0194,0.0171,b8c6,b4a3,b4a3,b4a3,229.0,0.0208,-0.0037,True,elite,03_elite_b3,2558,2527,2527,False,True
6r1/1p5p/4k3/4bp2/1Pp1p2P/2P1P2B/rP1RKP2/7R b - - 4 26,52,e1991,g8g6,-9,10,b7b5,0.0054,0.0067,0.0078,0.0087,e5c3,e5c3,e5c3,e5c3,341.0,0.0087,0.0033,True,elite,03_elite_b3,2455,2518,2518,False,True
5rk1/1p4p1/1r5p/1PR2n2/3p1P2/5NPP/7K/3R4 b - - 1 34,68,e1992,b6e6,-21,1,f8d8,0.0156,0.014,0.0137,0.0167,f5e3,f5e3,f5e3,f5e3,134.0,0.0167,0.0011,True,elite,03_elite_b3,2573,2547,2547,False,True
2r2qk1/pb3ppp/1p2p3/4P3/2nN4/P5Q1/5PPP/R2R2K1 b - - 1 20,40,e1994,h7h6,-90,5,f8c5,0.0135,0.0174,0.0218,0.0351,c4b2,f8c5,f8c5,f8c5,306.0,0.0351,0.0216,True,elite,03_elite_b3,2468,2503,2503,False,True
5rk1/R4ppp/1p2p3/2qbQ1N1/7P/8/5PP1/3R2K1 b - - 0 26,52,e1994,c5c4,-451,14,f7f6,0.0166,0.0154,0.0141,0.0128,f7f6,c5c2,b6b5,b6b5,228.0,0.0166,-0.0038,True,elite,03_elite_b3,2468,2503,2503,False,True
5r1k/4R2p/5pp1/1p4q1/6Q1/5P2/5P2/R5K1 b - - 4 34,68,e1994,b5b4,-563,3,g5c5,0.0044,0.0021,0.0012,0.0011,g5c5,g5c5,g5c5,g5c5,1427.0,0.0044,-0.0033,True,elite,03_elite_b3,2468,2503,2503,False,True
1r1q2k1/1p1r2b1/1P1Nb1pp/Q1P1pp2/P2p4/3P2P1/5PBP/2R2RK1 b - - 0 26,52,e2001,g8h7,-345,24,g7f8,0.0321,0.0417,0.0448,0.0434,g7f8,g7f8,g7f8,g7f8,126.0,0.0448,0.0113,True,elite,03_elite_b3,2530,2532,2532,False,True
1r1q2k1/1p6/1P1r2pp/Q3Rb2/P7/3p2P1/5PBP/1R4K1 b - - 1 32,64,e2001,b8c8,-68,72,d3d2,0.0072,0.0056,0.0057,0.0098,d3d2,d3d2,d3d2,d3d2,119.0,0.0098,0.0026,True,elite,03_elite_b3,2530,2532,2532,False,True
r3nrk1/1b1n1ppp/3qp3/p2pN1P1/1PpP1P2/2P1PQ2/1PBN3P/R4RK1 b - - 0 18,36,e2003,d6e7,-236,85,a5b4,0.0009,0.0004,0.0002,0.0001,a5b4,a5b4,a5b4,a5b4,150.0,0.0009,-0.0008,True,elite,03_elite_b3,2526,2484,2484,False,True
r1b2rk1/ppp1qppp/5n2/8/2BB1P2/4P3/PPQ3PP/R3K2R b KQ - 2 14,28,e2005,f8d8,-15,1,f6e4,0.0348,0.0293,0.0241,0.0269,c8e6,c7c5,c7c5,c7c5,350.0,0.0348,-0.0079,True,elite,03_elite_b3,2564,2468,2468,False,True
r1bq1rk1/pp3ppp/5n2/4p3/3b4/1PN2B2/PBP2PPP/R2QR1K1 b - - 1 14,28,e2006,e5e4,43,40,f8e8,0.044,0.03,0.023,0.0122,f8e8,f8e8,d8b6,d8b6,146.0,0.044,-0.0318,True,elite,03_elite_b3,2736,2673,2673,False,True
r3r1k1/ppqb1ppp/5n2/2Q5/N7/1P3B2/P1P2PPP/R3R1K1 b - - 2 18,36,e2006,e8c8,-93,10,d7c6,0.0038,0.0037,0.0042,0.0051,c7c5,c7c5,c7c5,c7c5,199.0,0.0051,0.0013,True,elite,03_elite_b3,2736,2673,2673,False,True
5k2/1R3p2/1p1r2p1/4N2p/n1P4P/6P1/2P2P2/5K2 b - - 1 34,68,e2006,f7f5,-146,129,a4b2,0.0241,0.0187,0.0142,0.013,d6f6,d6f6,d6f6,d6f6,394.0,0.0241,-0.0111,True,elite,03_elite_b3,2736,2673,2673,False,True
6r1/1pq5/2pNpb1k/P3p1rp/P1P1Pp2/5Q1P/5PP1/3R2RK b - - 0 32,64,e2013,c6c5,-170,98,g8g7,0.0482,0.041,0.0322,0.0223,c7a5,c7a5,c7a5,c7a5,379.0,0.0482,-0.0259,True,elite,03_elite_b3,2704,2544,2544,False,True
r4rk1/1p2bp1p/2n2n2/2Ppp1p1/1P4P1/P4P1R/1B1NB1P1/2K4R b - - 0 20,40,e2016,f8b8,-154,15,g8g7,0.0079,0.0107,0.017,0.0235,d5d4,d5d4,d5d4,d5d4,154.0,0.0235,0.0156,True,elite,03_elite_b3,2608,2504,2504,False,True
3r1k1r/1p2Np1p/5n2/2P1n1B1/1PBp2P1/P4P1R/2K5/7R b - - 0 30,60,e2016,f6g4,-596,46,e5c4,0.0009,0.0008,0.0009,0.0011,f8e7,f8e7,f8e7,f8e7,159.0,0.0011,0.0002,True,elite,03_elite_b3,2608,2504,2504,False,True
2rq1r1k/p2n1pp1/1p2p2p/4P2P/2bN1PQ1/1NB5/PP5P/1K1R4 b - - 1 24,48,e2022,d8e8,329,4,d7c5,0.0089,0.0088,0.01,0.012,c4b3,c4b3,c4b3,c4b3,148.0,0.012,0.0031,True,elite,03_elite_b3,2737,2956,2956,False,True
r7/ppq1r1kp/2nR1pp1/2Q1p3/8/2P5/P1P2PBP/1R4K1 b - - 7 22,44,e2024,e5e4,225,45,a8c8,0.0488,0.0443,0.0412,0.0337,a8d8,a8d8,a8d8,a8c8,133.0,0.0488,-0.0151,True,elite,03_elite_b3,2511,2451,2451,False,True
2r3k1/1q2bppp/4p3/3bN3/1p1NnP2/3QP3/1P3PBP/R5K1 b - - 1 22,44,e2026,h7h6,60,12,e7f6,0.0116,0.0101,0.0083,0.0069,e4c5,e4c5,e4c5,e4c5,119.0,0.0116,-0.0047,True,elite,03_elite_b3,2617,2500,2500,False,True
r1bq1rk1/4npb1/p1n1p3/2Np3p/QP1P2p1/4P3/3BBPPP/R3NRK1 b - - 2 20,40,e2031,a8a7,-122,91,e6e5,0.005,0.0057,0.0061,0.0068,c8d7,c8d7,c8d7,c6b8,113.0,0.0068,0.0018,True,elite,03_elite_b3,2515,2466,2466,False,True
2r3k1/3q1pp1/1pp4p/3pBbb1/1N1Pn3/2PB1Q1P/1P3PP1/R5K1 b - - 1 28,56,e2045,g5h4,0,1,f5g6,0.0064,0.0057,0.0043,0.0032,c6c5,c6c5,c6c5,c6c5,467.0,0.0064,-0.0032,True,elite,03_elite_b3,2987,2969,2969,False,True
r3r1k1/ppp1qpb1/3pbnpp/1P3p2/P1PP4/3BPN2/2QN1PPP/1RR3K1 b - - 0 16,32,e2049,g7f8,-13,11,a7a5,0.003,0.0024,0.0019,0.0027,b7b6,b7b6,b7b6,g6g5,207.0,0.003,-0.0003,True,elite,03_elite_b3,2489,2643,2643,False,True
2rqrbk1/1p1b1p2/1p1p2pp/pN1P1p2/P1P1n3/1R1NP3/2Q2PPP/1R3BK1 b - - 15 26,52,e2049,h6h5,147,1,d8f6,0.0431,0.0237,0.0121,0.0145,e4c5,e4c5,e4c5,e4c5,117.0,0.0431,-0.0286,True,elite,03_elite_b3,2489,2643,2643,False,True
5rk1/1p1R1npp/8/7P/2P1r1P1/1PB2pK1/1P3P2/R7 b - - 4 34,68,e2053,g7g6,-521,12,b7b5,0.0078,0.0036,0.0019,0.0018,f7g5,f7g5,f7g5,f7g5,1475.0,0.0078,-0.006,True,elite,03_elite_b3,2629,2558,2558,False,True
2rq1rk1/pb3p1p/1p2p1p1/4N1b1/1nPP1n2/5N2/PB3PPP/RB1RQ1K1 b - - 5 18,36,e2063,f7f6,29,57,b4c6,0.0492,0.0392,0.0298,0.0261,b4c6,b4c6,b4c6,b4c6,240.0,0.0492,-0.0231,True,elite,03_elite_b3,2530,2416,2416,False,True
r3r1k1/pp3ppn/4b1n1/q2pP2Q/2pP4/P1P2P1p/2BBNRPP/R5K1 b - - 1 20,40,e2068,b7b5,-376,16,g6f8,0.0451,0.0329,0.0246,0.0275,h3g2,h3g2,h3g2,h3g2,129.0,0.0451,-0.0176,True,elite,03_elite_b3,2610,2606,2606,False,True
rn4k1/p1q2pp1/2p2pp1/8/8/3Q4/PPP1B2P/2KR4 b - - 1 20,40,e2069,g8f8,-105,167,g8h7,0.0058,0.0072,0.0139,0.0424,b8d7,b8d7,b8d7,b8d7,225.0,0.0424,0.0366,True,elite,03_elite_b3,2959,2734,2734,False,True
3r4/2qrbpk1/R3p1p1/B1pnPn1p/4NP2/1Q3NP1/1P5P/R5K1 b - - 1 30,60,e2071,d8b8,27,12,c7b8,0.0315,0.0315,0.034,0.0323,c7c8,c7c8,c7b7,c7b7,278.0,0.034,0.0008,True,elite,03_elite_b3,2506,2389,2389,False,True
5r1k/6pp/3p4/3Pb3/1PP1p2q/Q6P/4BP2/5R1K b - - 2 28,56,e2074,g7g5,447,10,g7g6,0.0489,0.0382,0.0282,0.0271,h4f4,h4f4,h4f4,h4f4,445.0,0.0489,-0.0218,True,elite,03_elite_b3,2598,2612,2612,False,True
r2r2k1/pp2qpp1/2pb1n1p/1Pn1p3/P1P1P1bN/B1N3P1/2Q2PBP/R3R1K1 b - - 8 16,32,e2077,c5d3,159,113,c5e6,0.0086,0.0076,0.0065,0.004,c6b5,c5e6,c5e6,c5e6,111.0,0.0086,-0.0046,True,elite,03_elite_b3,2437,2516,2516,False,True
4r2k/pp1qNpp1/3r3p/1P2QP2/P7/5KP1/7P/R3R3 b - - 2 30,60,e2077,e8e7,-17,274,d6d2,0.0125,0.0083,0.0067,0.0064,d6d3,d6d3,d6d3,d6d3,295.0,0.0125,-0.0061,True,elite,03_elite_b3,2437,2516,2516,False,True
r2qkb1r/pp3ppp/2n1p3/5nP1/3p1P2/1P1P1N2/PBPNQ2P/2KR3R b kq - 1 14,28,e2084,d8c7,80,7,f8b4,0.0064,0.0083,0.0114,0.0125,f5e3,f5e3,f5e3,f5e3,178.0,0.0125,0.0061,True,elite,03_elite_b3,2446,2533,2533,False,True
6k1/2pQ1pb1/2p1P1p1/2P4p/5q2/6rP/5B2/1R2RK2 b - - 0 32,64,e2087,g8h7,-275,166,f7e6,0.002,0.001,0.0006,0.0005,f4c4,f4c4,f4c4,f4c4,310.0,0.002,-0.0015,True,elite,03_elite_b3,2500,2559,2559,False,True
1r3k2/Rb3pp1/4p2p/1Pr5/2P5/4PP2/3NRKPP/8 b - - 2 26,52,e2088,e6e5,-420,18,f8e7,0.0487,0.0304,0.0213,0.0166,f8e7,f8e7,f8e7,f8e7,107.0,0.0487,-0.0321,True,elite,03_elite_b3,2532,2331,2331,False,True
2r5/1br2pp1/1k2p2p/1PP5/4P3/1NR2P2/4K1PP/2R5 b - - 0 34,68,e2088,b6a7,-722,37,b6b5,0.0478,0.0363,0.0317,0.0434,b6b5,b6b5,b6b5,b6b5,1272.0,0.0478,-0.0044,True,elite,03_elite_b3,2532,2331,2331,False,True
1n1r1rk1/pp1q1ppp/3p2b1/1P4Q1/2B4P/2B5/P4PP1/3RR1K1 b - - 0 20,40,e2096,d8c8,-197,45,d7f5,0.0215,0.0134,0.0087,0.0064,h7h6,h7h6,h7h6,h7h6,1798.0,0.0215,-0.0151,True,elite,03_elite_b3,2612,2620,2620,False,True
1r4k1/pp1n1ppp/3R4/1P1B1b2/1B5P/5P2/P5P1/6K1 b - - 0 26,52,e2096,h7h5,-81,22,d7f8,0.0272,0.0239,0.0204,0.0295,d7b6,d7b6,d7b6,d7b6,179.0,0.0295,0.0023,True,elite,03_elite_b3,2612,2620,2620,False,True
3r2k1/p1r2pb1/7p/1q6/4B2P/1N1p1QP1/PP3PK1/3R4 b - - 1 28,56,e2102,b5b6,112,7,d3d2,0.0015,0.0012,0.0009,0.0006,c7d7,c7d7,c7d7,c7d7,161.0,0.0015,-0.0009,True,elite,03_elite_b3,2732,2961,2961,False,True
1r4k1/5pb1/2p3p1/R3p2p/8/4B1P1/P3PP1P/6K1 b - - 0 24,48,e2103,g7f8,-53,36,b8b2,0.0257,0.0241,0.0257,0.035,b8b1,b8b1,b8b2,b8b2,148.0,0.035,0.0093,True,elite,03_elite_b3,2500,2464,2464,False,True
5k2/p4pp1/1p1b3p/2pP4/4R3/7P/PP3PK1/8 b - - 0 32,64,e2109,h6h5,-288,7,b6b5,0.0093,0.0065,0.0045,0.0045,f7f5,f7f5,f7f5,f7f5,155.0,0.0093,-0.0048,True,elite,03_elite_b3,2703,2659,2659,False,True
5k2/p4p2/3b2pp/1ppP4/4RP2/5K1P/PP6/8 b - - 1 34,68,e2109,a7a6,-295,2,a7a5,0.0245,0.0267,0.0213,0.0129,c5c4,a7a5,f7f5,f7f5,268.0,0.0267,-0.0116,True,elite,03_elite_b3,2703,2659,2659,False,True
r3kbnr/pp3pp1/2n1p3/2q1P2p/7P/2N2N2/PP2QPP1/R1B1K2R b KQkq - 1 12,24,e2120,c5a5,-122,14,g8h6,0.028,0.0277,0.0247,0.0242,e8c8,e8c8,g8e7,g8e7,175.0,0.028,-0.0038,True,elite,03_elite_b3,2579,2504,2504,False,True
2r5/pp3pk1/4q1np/7Q/7P/4N1P1/PP3P2/3R2K1 b - - 2 26,52,e2120,g7h7,-338,8,g6e7,0.0335,0.0391,0.0412,0.0333,e6a2,e6a2,e6a2,e6a2,358.0,0.0412,-0.0002,True,elite,03_elite_b3,2579,2504,2504,False,True
r1bqkb1r/p6p/2p1ppp1/2pp3n/3P3B/2P1P3/PP1N1PPP/R2QKB1R b KQkq - 1 10,20,e2121,a7a5,-7,1,f8e7,0.0068,0.0056,0.0044,0.0037,g6g5,g6g5,g6g5,g6g5,529.0,0.0068,-0.0031,True,elite,03_elite_b3,2511,2356,2356,False,True
7r/pp4k1/2p1qnp1/3bN2p/3P1R2/3Q2NP/PP4PK/8 b - - 3 28,56,e2124,e6e8,-40,105,h8h6,0.0093,0.0116,0.0145,0.0175,h8h6,h8h6,h8h6,h8h6,104.0,0.0175,0.0082,True,elite,03_elite_b3,2503,2353,2353,False,True
8/pp4k1/4qnpr/2pbN2p/3P1R2/2NQ3P/PP4PK/8 b - - 1 30,60,e2124,a7a6,-202,32,g6g5,0.0105,0.0108,0.0111,0.0137,c5d4,c5d4,c5d4,c5d4,103.0,0.0137,0.0032,True,elite,03_elite_b3,2503,2353,2353,False,True
r7/4b3/2bpp1k1/p5PN/1pR1P1QP/8/PPP2r1q/1K1R4 b - - 1 28,56,e2127,a8a6,-263,3,c6b5,0.013,0.0147,0.0162,0.0226,c6d7,c6d7,c6d7,c6d7,219.0,0.0226,0.0096,True,elite,03_elite_b3,2518,2378,2378,False,True
2R4r/4b3/3ppNk1/pb4P1/1p2P1QP/8/PPP2r1q/1K1R4 b - - 5 30,60,e2127,e7d8,-268,89,b5e2,0.0044,0.0033,0.0029,0.0034,h8c8,h8c8,h8c8,h8c8,1729.0,0.0044,-0.001,True,elite,03_elite_b3,2518,2378,2378,False,True
3r2k1/p2q1pbp/2R3p1/3Pr3/7P/3QB3/P4PP1/3R2K1 b - - 0 22,44,e2128,g7f8,-85,93,h7h5,0.0008,0.0005,0.0003,0.0003,e5d5,e5d5,e5d5,e5d5,591.0,0.0008,-0.0005,True,elite,03_elite_b3,2720,2756,2756,False,True
r1b3k1/4qr1p/3pNP2/1ppPp3/1p2P2P/5Q2/P7/R4R1K b - - 0 28,56,e2132,e7e6,-516,2,e7e8,0.0085,0.0097,0.0107,0.0117,f7f6,e7d7,e7d7,e7a7,443.0,0.0117,0.0032,True,elite,03_elite_b3,2513,2550,2550,False,True
6k1/4pp2/3p2pp/1NpP4/2B1Q3/7P/1rP2PPK/q7 b - - 3 22,44,e2134,a1a4,311,309,g8f8,0.0375,0.0405,0.0397,0.0384,b2b1,b2b1,b2b1,b2b1,671.0,0.0405,0.0009,True,elite,03_elite_b3,2588,2550,2550,False,True
2r1r1k1/p1qnBp1p/b3p1pP/2p1P3/2Pp1QN1/P2P1NP1/5PB1/2n1R1K1 b - - 0 26,52,e2135,f7f5,-397,18,e8e7,0.0052,0.0106,0.0233,0.0481,c1d3,c1d3,c1d3,c1d3,222.0,0.0481,0.0429,True,elite,03_elite_b3,2534,2498,2498,False,True
r1rq2k1/pp1n1pp1/4pnbp/2b5/4P3/2N2NP1/PP1B1PBP/RQ1R2K1 b - - 2 16,32,e2136,b7b5,188,10,d8e7,0.0096,0.0052,0.0028,0.0032,f6g4,d8b6,d8b6,d8b6,141.0,0.0096,-0.0064,True,elite,03_elite_b3,2560,2541,2541,False,True
2r3rk/p1q1b2p/2p2pb1/2ppp3/P3P2Q/1P1P1N1P/1BP3P1/R4RK1 b - - 5 20,40,e2140,c5c4,19,1,g8g7,0.0231,0.0141,0.0131,0.02,f6f5,f6f5,f6f5,f6f5,276.0,0.0231,-0.0031,True,elite,03_elite_b3,2815,2758,2758,False,True
6rk/p3b1rp/2p4Q/2pp1R2/P3p1P1/1P4qP/2P5/2B1RK2 b - - 3 28,56,e2140,g8f8,435,271,e7h4,0.038,0.0393,0.0421,0.0446,e7h4,e7h4,e7h4,e7h4,410.0,0.0446,0.0066,True,elite,03_elite_b3,2815,2758,2758,False,True
2b2rk1/5pp1/2Bp3p/p1nNp3/P1P4q/6P1/1r3P1P/R2Q1RK1 b - - 0 18,36,e2146,h4d8,168,21,h4c4,0.0194,0.0213,0.0237,0.0279,h4c4,h4c4,h4c4,h4c4,130.0,0.0279,0.0085,True,elite,03_elite_b3,2526,2526,2526,False,True
8/8/4pk2/p1r1p1p1/P3R1P1/5PK1/r3R3/8 b - - 1 34,68,e2146,c5c2,416,0,a2e2,0.0477,0.0337,0.0281,0.0309,a2a3,a2a3,a2a3,a2a3,317.0,0.0477,-0.0168,True,elite,03_elite_b3,2526,2526,2526,False,True
3rr1k1/ppqn1pbb/2p3pp/P3p3/1PN1P3/2BP3P/1Q2BPP1/3RR1K1 b - - 0 26,52,e2149,g6g5,-140,18,c6c5,0.0223,0.0212,0.025,0.0348,b7b5,b7b5,f7f5,f7f5,184.0,0.0348,0.0125,True,elite,03_elite_b3,2687,2498,2498,False,True
r1b2rk1/2p1bppp/p7/2PpNq2/3Pn3/8/PPQ2PPP/RNB1R1K1 b - - 6 14,28,e2151,f8e8,-128,3,e7c5,0.0092,0.0075,0.0069,0.0077,e7h4,e7h4,e7h4,f7f6,121.0,0.0092,-0.0015,True,elite,03_elite_b3,2514,2690,2690,False,True
r4rk1/2p3pp/p1N2p2/2Q5/3Pp2K/5q2/PP5P/RNB5 b - - 3 24,48,e2151,g8h8,1988,2,g7g5,0.002,0.0027,0.0039,0.0057,g7g5,g7g5,g7g5,g7g5,887.0,0.0057,0.0037,True,elite,03_elite_b3,2514,2690,2690,False,True
8/p4qk1/1p1Q2p1/P1p2p1p/2P2PnP/3B1KP1/8/8 b - - 0 34,68,e2154,f7e8,749,575,f7b7,0.0299,0.0341,0.0376,0.0495,b6a5,b6a5,f7b7,f7b7,573.0,0.0495,0.0196,True,elite,03_elite_b3,2618,2748,2748,False,True
1rbq1rk1/1p2p1b1/p2p1p1p/2pP2p1/P3PPnP/6B1/1PPQN1P1/R3RBK1 b - - 2 20,40,e2163,f6f5,101,122,g5h4,0.0379,0.0435,0.0422,0.0289,g5h4,g5h4,b7b5,b7b5,169.0,0.0435,-0.009,True,elite,03_elite_b3,2544,2559,2559,False,True
1rb1q1r1/4p2k/p2p1p1b/2pPnP1p/4PN1B/2P3P1/1P2Q1B1/1R2R2K b - - 7 30,60,e2163,a6a5,79,16,g8g4,0.0259,0.0128,0.0074,0.0061,h6f4,h6f4,h6f4,h6f4,105.0,0.0259,-0.0198,True,elite,03_elite_b3,2544,2559,2559,False,True
r3r3/ppQNkb2/7b/8/2P5/P7/1B3PPK/4q3 b - - 4 34,68,e2165,e8c8,710,21,h6f4,0.0178,0.0156,0.0104,0.0072,e1f2,e1f2,e1e6,e1e6,600.0,0.0178,-0.0106,True,elite,03_elite_b3,2427,2545,2545,False,True
5rk1/2p3pp/p1P1p1r1/3p4/1P1P1P2/4PP1q/4Q2P/R1R4K b - - 2 32,64,e2166,f8b8,22,55,h7h6,0.0181,0.0177,0.0219,0.0247,f8f5,f8f5,f8f5,f8f5,282.0,0.0247,0.0066,True,elite,03_elite_b3,2590,2445,2445,False,True
1k1r3r/pbpnqpb1/1p1pp2p/3P2p1/4P3/1BP2NP1/PPQN1PP1/2KRR3 b - - 0 16,32,e2167,h8e8,56,1,g5g4,0.013,0.01,0.0095,0.014,e6e5,e6e5,e6e5,e6e5,160.0,0.014,0.001,True,elite,03_elite_b3,2393,2542,2542,False,True
r4nk1/1ppq1rp1/5p1p/p1nPp2Q/2P4N/2R3B1/PP4PP/4R2K b - - 0 26,52,e2169,b7b6,124,28,e5e4,0.0258,0.0321,0.0341,0.0267,c5a4,a8e8,g8h7,g8h7,151.0,0.0341,0.0009,True,elite,03_elite_b3,2668,2690,2690,False,True
3r2k1/p4p2/3rp2p/1pb3p1/4P3/1B3N1P/PR1B1PP1/5K2 b - - 1 30,60,e2174,d8c8,-142,6,c5b6,0.002,0.0015,0.0012,0.0013,f7f5,f7f5,a7a5,a7a5,164.0,0.002,-0.0007,True,elite,03_elite_b3,3028,2763,2763,False,True
5rk1/p2b2b1/1pn2q1p/4p1pP/2PpQ3/5N2/P4PP1/1B1RR1K1 b - - 1 26,52,e2180,f8f7,-123,51,g5g4,0.015,0.0157,0.0124,0.0086,d7f5,d7f5,d7f5,d7f5,258.0,0.0157,-0.0064,True,elite,03_elite_b3,2566,2669,2669,False,True
5r2/p4kb1/1p2bq1p/4p2P/2B1Q1p1/8/P4PP1/3R1RK1 b - - 5 34,68,e2180,b6b5,-464,101,f7g8,0.0137,0.0056,0.0031,0.0024,e6c4,e6c4,e6c4,e6c4,135.0,0.0137,-0.0113,True,elite,03_elite_b3,2566,2669,2669,False,True
rnbk3r/p1p1ppbp/1p4p1/1B2p3/8/2P1BN2/PPP2PPP/R4RK1 b - - 1 10,20,e2181,e7e6,123,20,c7c6,0.0124,0.0104,0.0076,0.0038,c8b7,c8b7,c8b7,c8b7,346.0,0.0124,-0.0086,True,elite,03_elite_b3,2453,2519,2519,False,True
r2b2k1/1Q3pp1/4bn1p/2pNp3/q1P1P3/3B3P/3N1PP1/1R4K1 b - - 5 32,64,e2182,f6d7,6,18,a4a2,0.0255,0.0285,0.0318,0.0428,e6d5,e6d5,e6d5,e6d5,174.0,0.0428,0.0173,True,elite,03_elite_b3,2583,2606,2606,False,True
1r3rk1/6pp/p1p4q/2Q5/Pp2PpR1/1P1P4/5P2/2R3K1 b - - 1 28,56,e2185,b8d8,85,25,f8f6,0.0173,0.016,0.0203,0.0386,f4f3,f4f3,f4f3,f4f3,106.0,0.0386,0.0213,True,elite,03_elite_b3,2561,2525,2525,False,True
2bq1rk1/p2n1pp1/2p5/4p1PQ/1NPpP3/P2P3P/1r3PB1/R4K1R b - - 0 24,48,e2192,d8c7,252,32,d7c5,0.0022,0.0034,0.0069,0.0106,c6c5,c6c5,c6c5,c6c5,307.0,0.0106,0.0084,True,elite,03_elite_b3,2758,2714,2714,False,True
2kr1br1/p4q2/2p2p1p/1pp4b/5nN1/P2P1N1P/1PPB1PP1/R2QR1K1 b - - 3 18,36,e2193,f4g2,6,6,f4h3,0.0426,0.038,0.0358,0.0435,h5g4,h5g4,h5g4,h5g4,132.0,0.0435,0.0009,True,elite,03_elite_b3,2533,2521,2521,False,True
5r2/2pnk1p1/pbn1p1Pp/1p2p3/4P3/N1P3B1/PP2RPP1/2KR4 b - - 2 22,44,e2194,f8c8,-276,10,d7c5,0.0002,0.0003,0.0003,0.0004,f8f6,f8f6,f8f6,f8f6,170.0,0.0004,0.0002,True,elite,03_elite_b3,2575,2526,2526,False,True
r5k1/p4p1p/p1P3p1/8/5K1P/8/b3N3/2R5 b - - 0 24,48,e2197,g8f8,157,100,a2e6,0.0148,0.0151,0.016,0.025,a8c8,a8c8,a2e6,a2e6,201.0,0.025,0.0102,True,elite,03_elite_b3,2611,2755,2755,False,True
r2qkb1r/3n1ppp/p3p3/3b4/1p1QNB2/5N2/PPP2PPP/2KRR3 b kq - 3 14,28,e2203,d7b6,-216,70,a8c8,0.0262,0.0242,0.0263,0.0272,d5a2,d5a2,d5a2,d5a2,201.0,0.0272,0.001,True,elite,03_elite_b3,2359,2502,2502,False,True
r2qr1k1/p1p2pp1/1pn3p1/n1PN2b1/3P1N2/1P3P2/P2Q1BPP/2RR2K1 b - - 0 20,40,e2207,a8c8,-194,35,b6c5,0.0142,0.0122,0.0101,0.0115,g5f4,g5f4,d8d5,d8d5,219.0,0.0142,-0.0027,True,elite,03_elite_b3,2614,2544,2544,False,True
2rr2k1/1p2bppp/p3pn2/3pB3/6q1/P1N1R2Q/1PP1RPPP/6K1 b - - 5 20,40,e2212,d5d4,540,249,g4h3,0.0381,0.0177,0.0118,0.013,g4h3,g4h3,g4h3,g4h3,261.0,0.0381,-0.0251,True,elite,03_elite_b3,2363,2675,2675,False,True
1r3rk1/N1pqb1pp/n3p3/3p4/b2PpB2/1P2P1P1/2P2P1P/R2QRBK1 b - - 0 16,32,e2220,e6e5,-329,3,b8b7,0.0033,0.0031,0.0038,0.0046,a4b5,a4b5,a4b5,a4b5,142.0,0.0046,0.0013,True,elite,03_elite_b3,2646,2546,2546,False,True
1r4k1/N1pqb2p/4p3/3pB1p1/R2P4/2P1P1P1/1r3P1P/R1Q3K1 b - - 5 24,48,e2220,d7e8,-399,2,b8b7,0.0236,0.0269,0.0263,0.0209,b2b1,b2e2,b8f8,b8f8,260.0,0.0269,-0.0027,True,elite,03_elite_b3,2646,2546,2546,False,True
2N3k1/1r2b2p/4p3/2pqB1p1/3P4/1r2P1P1/R4P1P/R1Q3K1 b - - 1 28,56,e2220,d5e4,-504,59,e7f8,0.014,0.0118,0.0091,0.0071,c5d4,c5d4,c5d4,c5d4,295.0,0.014,-0.0069,True,elite,03_elite_b3,2646,2546,2546,False,True
R4bk1/7p/3Np3/2P1B1p1/8/1r2PqP1/1r3P1P/R4QK1 b - - 0 32,64,e2220,f3a8,-636,9,b2d2,0.0115,0.0087,0.0057,0.0038,b2c2,b2c2,b2c2,b2f2,408.0,0.0115,-0.0077,True,elite,03_elite_b3,2646,2546,2546,False,True
1k1r3r/1pqbbp2/p2ppp1p/5P2/3QP3/1BN5/PPP3PP/1K1R1R2 b - - 4 16,32,e2230,h6h5,-66,9,d8c8,0.0088,0.0073,0.0073,0.0091,e6e5,e6e5,e6e5,d7c6,239.0,0.0091,0.0003,True,elite,03_elite_b3,2747,2619,2619,False,True
r7/p2bk3/B1n5/5p2/1r2p3/RP2N1P1/6P1/2R3K1 b - - 3 34,68,e2235,e7e6,-56,1,e7f7,0.0177,0.0202,0.022,0.0247,c6d4,c6d4,c6d4,c6d4,409.0,0.0247,0.007,True,elite,03_elite_b3,2365,2549,2549,False,True
r2qr1k1/pp3b1p/1np3pP/3n1pP1/8/3P1BB1/PPPQN3/2KR3R b - - 2 22,44,e2239,d5c7,-160,30,d5e3,0.0135,0.0095,0.0051,0.0026,d5e3,d5e3,d5e3,d5e3,450.0,0.0135,-0.0109,True,elite,03_elite_b3,2501,2502,2502,False,True
r1r3k1/p3qpb1/2p2np1/N2p1bnp/N2Pp3/4P2P/P4PPB/2RQRBK1 b - - 6 22,44,e2241,f5h3,98,77,e7e8,0.0117,0.0121,0.0089,0.0051,f5d7,f5d7,f5d7,f5d7,166.0,0.0121,-0.0066,True,elite,03_elite_b3,2521,2506,2506,False,True
rn1qkb1r/pp3ppp/4pnb1/3pN3/3P2PP/2N5/PPP1QP2/R1B1KB1R b KQkq - 1 10,20,e2242,f8b4,-285,6,b8c6,0.0427,0.0266,0.0238,0.0175,h7h5,h7h6,h7h6,h7h5,105.0,0.0427,-0.0252,True,elite,03_elite_b3,2582,2555,2555,False,True
6k1/5pb1/QB2p1pp/2N2q2/P4P2/8/1n4PP/3r1R1K b - - 0 28,56,e2245,f5b1,702,392,f5f4,0.0143,0.0154,0.0201,0.0322,d1f1,d1f1,d1f1,d1f1,507.0,0.0322,0.0179,True,elite,03_elite_b3,2516,2443,2443,False,True
1r3r1k/2nq2b1/pn1p2pp/1bpP4/2B1NP2/1PNQ2B1/6PP/1R2R1K1 b - - 2 24,48,e2246,f8f5,40,8,b8e8,0.0169,0.0198,0.0293,0.0439,b5c4,b5c4,b5c4,b5c4,168.0,0.0439,0.027,True,elite,03_elite_b3,2531,2536,2536,False,True
4rr1k/2nq4/pn1p2pp/1bpP4/2BbNP2/1PNQ2B1/6PP/3RR2K b - - 6 26,52,e2246,b6d5,38,23,h8h7,0.0418,0.0411,0.0424,0.042,b5c4,b5c4,b5c4,b5c4,218.0,0.0424,0.0002,True,elite,03_elite_b3,2531,2536,2536,False,True
5r2/2nqr2k/pn1p2pp/1bpP4/2BbNP2/1PNQ2BP/6P1/3R1R1K b - - 2 28,56,e2246,b6d5,119,142,f8e8,0.0279,0.0293,0.0299,0.0287,b5c4,b5c4,b5c4,b5c4,248.0,0.0299,0.0008,True,elite,03_elite_b3,2531,2536,2536,False,True
r7/5pkp/1RN1b1p1/5p2/2P5/8/2R2PPP/r4BK1 b - - 2 28,56,e2247,a1e1,0,1,a1d1,0.0107,0.0117,0.0115,0.0107,e6c4,e6c4,a8a2,a8a2,494.0,0.0117,0.0,True,elite,03_elite_b3,2520,2377,2377,False,True
8/5pkp/1RN1b1p1/5p2/2P4P/8/2R2PPK/r2r1B2 b - - 2 30,60,e2247,f5f4,228,193,d1f1,0.0048,0.0026,0.0019,0.0032,d1f1,d1f1,d1f1,d1f1,189.0,0.0048,-0.0016,True,elite,03_elite_b3,2520,2377,2377,False,True
8/p3k2p/1p1r3P/b2B1p1R/Q3P3/8/3r1P2/5K2 b - - 1 32,64,e2253,d6f6,-582,72,f5e4,0.0117,0.0153,0.0188,0.0248,f5e4,f5e4,f5e4,f5e4,1409.0,0.0248,0.0131,True,elite,03_elite_b3,2562,2443,2443,False,True
3k4/p6Q/1p1r3P/b2B3R/8/8/3r1P2/5K2 b - - 0 34,68,e2253,b6b5,-694,13,d6d5,0.006,0.0041,0.0039,0.0053,d2d5,d2d5,d2d5,d2d5,504.0,0.006,-0.0007,True,elite,03_elite_b3,2562,2443,2443,False,True
r1b1k2r/2p1nppp/p7/2Pp4/5B2/2P2N2/P4PPP/R3K2R b KQkq - 0 14,28,e2255,c8g4,-42,6,c7c6,0.0258,0.0116,0.0077,0.006,c7c6,c7c6,c7c6,c7c6,202.0,0.0258,-0.0198,True,elite,03_elite_b3,2502,2453,2453,False,True
rn1qk2r/3bbppp/p2ppn2/1p6/3NP1P1/PBN1B3/1PP2P1P/R2QK2R b KQkq - 0 10,20,e2261,h7h5,-97,5,h7h6,0.0036,0.0029,0.0028,0.0058,b8c6,b8c6,b8c6,b8c6,148.0,0.0058,0.0022,True,elite,03_elite_b3,2712,2759,2759,False,True
8/2r1q1bk/pRr3pp/2P1pp2/P7/3QBP2/6PP/3R2K1 b - - 2 30,60,e2266,c6c5,18,184,e5e4,0.048,0.0287,0.0188,0.0147,c6b6,c6b6,c6b6,e5e4,180.0,0.048,-0.0333,True,elite,03_elite_b3,2508,2525,2525,False,True
1N1r2k1/p4ppp/B3p3/3n4/8/P5B1/2r2PPP/3R2K1 b - - 2 28,56,e2268,g7g5,-11,11,f7f6,0.0058,0.0044,0.0041,0.006,d8b8,d8b8,d8b8,d8b8,440.0,0.006,0.0002,True,elite,03_elite_b3,2497,2604,2604,False,True
r1r3k1/3q1ppp/1pn1pn2/p1pp4/Q2P4/P1P1PNP1/1P1N1PP1/R1R3K1 b - - 1 16,32,e2271,c6d4,126,102,c5c4,0.0259,0.0312,0.0427,0.0464,a8b8,a8b8,a8b8,a8b8,106.0,0.0464,0.0205,True,elite,03_elite_b3,2575,2599,2599,False,True
4b1r1/7k/1pn1p2p/p2pPp1q/3P2r1/2B2QRP/PP1N1P1K/5R2 b - - 4 32,64,e2275,b6b5,123,35,h5h4,0.0401,0.026,0.0234,0.035,g4g3,g4g3,c6d4,c6d4,123.0,0.0401,-0.0051,True,elite,03_elite_b3,2443,2518,2518,False,True
2kr3r/ppp1n1pp/1b3p2/4P3/2P1NPb1/5N2/PP1BK1PP/R6R b - - 0 14,28,e2276,d8d4,190,119,e7f5,0.0275,0.0197,0.0188,0.0223,f6e5,f6e5,f6e5,f6e5,206.0,0.0275,-0.0052,True,elite,03_elite_b3,2512,2393,2393,False,True
3r3k/p5b1/1p1n1q1p/2p2p1P/2bPpPp1/P7/1PB1NBP1/2KRQ3 b - - 1 32,64,e2285,d8e8,303,55,f6f7,0.003,0.0022,0.0019,0.0021,d6b5,c4e2,d6b5,d6b5,164.0,0.003,-0.0009,True,elite,03_elite_b3,2522,2376,2376,False,True
rn1qk2r/1b3ppp/p1p1pn2/1p6/PbpPP3/2N1BN2/1PQ1BPPP/R4RK1 b kq - 5 10,20,e2286,h7h6,37,9,b8d7,0.0357,0.0313,0.0354,0.0403,e8g8,e8g8,e8g8,e8g8,143.0,0.0403,0.0046,True,elite,03_elite_b3,2465,2537,2537,False,True
r1n2rk1/1b2qpp1/p1p1p2p/Pp1nP3/2pPN3/5N2/1PQ1BPPP/R4RK1 b - - 2 18,36,e2286,c6c5,121,87,d5f4,0.0065,0.0032,0.0027,0.005,d5b4,d5b4,d5b4,d5f4,181.0,0.0065,-0.0015,True,elite,03_elite_b3,2465,2537,2537,False,True
2r2rk1/3qbppp/p3b3/1p1pP3/3PP3/1B2B3/PP4PP/3RQRK1 b - - 4 20,40,e2288,f8d8,-150,19,h7h5,0.0173,0.0227,0.0274,0.0281,d5e4,d5e4,d5e4,d5e4,134.0,0.0281,0.0108,True,elite,03_elite_b3,2840,2597,2597,False,True
2rr2k1/q3bp2/p3b1p1/3PP1Bp/1p2p3/1B5P/PP1Q2P1/3R1R1K b - - 2 26,52,e2288,g8g7,-354,8,a7b7,0.0048,0.0028,0.0017,0.0012,e7g5,e7g5,e7g5,e7g5,186.0,0.0048,-0.0036,True,elite,03_elite_b3,2840,2597,2597,False,True
2rr2k1/4qp2/p3bRp1/3PP2p/1p2p3/1B5P/PP1Q2P1/3R3K b - - 1 28,56,e2288,e7c7,-459,14,e7b7,0.0113,0.0085,0.0064,0.0051,e6f5,e6f5,e6f5,e6f5,137.0,0.0113,-0.0062,True,elite,03_elite_b3,2840,2597,2597,False,True
2rr2k1/1q3p2/p2P1Rp1/4P2p/1p2p3/1P5P/1P1Q2P1/3R3K b - - 0 30,60,e2288,g8h7,-543,54,b7b5,0.0145,0.0143,0.0135,0.0138,c8c5,c8c5,c8c5,c8c5,139.0,0.0145,-0.0007,True,elite,03_elite_b3,2840,2597,2597,False,True
2rr2k1/5p2/p2P1Rp1/4P2p/1p2pQ2/1P5P/1P2q1P1/6RK b - - 4 32,64,e2288,h5h4,-620,15,e2b2,0.0008,0.0003,0.0001,0.0001,d8d7,d8d7,d8d7,d8d7,141.0,0.0008,-0.0007,True,elite,03_elite_b3,2840,2597,2597,False,True
r2r4/1p2bkpp/6b1/pP1pRp2/3P1PP1/7P/1P1B2B1/5RK1 b - - 2 28,56,e2294,f7f8,-171,72,e7f6,0.0024,0.0027,0.003,0.0031,f5g4,f5g4,f5g4,f5g4,247.0,0.0031,0.0007,True,elite,03_elite_b3,2659,2649,2649,False,True
r7/1pB3pp/5k2/1P1B1P1b/5P2/7P/1b5K/5R2 b - - 2 34,68,e2294,b2d4,-238,30,a8e8,0.033,0.0338,0.0339,0.0321,f6f5,f6f5,f6f5,f6f5,114.0,0.0339,-0.0009,True,elite,03_elite_b3,2659,2649,2649,False,True
5nk1/pp3pp1/7p/3pPb2/3q4/1P5P/P5P1/1BQ1N2K b - - 3 34,68,e2297,d4a1,465,113,f5b1,0.0034,0.0027,0.002,0.0014,f5b1,f5b1,f5b1,f5b1,141.0,0.0034,-0.002,True,elite,03_elite_b3,2505,2484,2484,False,True
r3q1k1/ppp1n1b1/3pp1pp/7P/3P4/2PB4/PP3P1B/1K1Q2R1 b - - 0 20,40,e2304,e8f7,-124,43,g6g5,0.0071,0.0044,0.0025,0.0024,g6g5,g6g5,g6g5,g6g5,144.0,0.0071,-0.0047,True,elite,03_elite_b3,2528,2371,2371,False,True
r6k/ppp1nqb1/3pp2p/7P/3P2Q1/2PB4/PP6/1KB3R1 b - - 4 24,48,e2304,c7c6,-164,49,a8g8,0.0029,0.0026,0.003,0.0035,a8g8,a8g8,a8g8,a8g8,370.0,0.0035,0.0006,True,elite,03_elite_b3,2528,2371,2371,False,True
6k1/1q2bpp1/4p2p/2np4/1p1N4/1P3PP1/PBQ1P2P/6K1 b - - 0 26,52,e2307,e7f8,75,26,b7a6,0.0026,0.0028,0.0033,0.0051,e7f6,e7f6,e7f6,e7f6,427.0,0.0051,0.0025,True,elite,03_elite_b3,2677,2546,2546,False,True
8/5p2/p3pk2/2R4p/PP6/6P1/4rPKP/8 b - - 1 32,64,e2311,h5h4,-99,8,f6g6,0.0241,0.0167,0.0155,0.0219,e2b2,e2b2,e2b2,e2b2,123.0,0.0241,-0.0022,True,elite,03_elite_b3,2613,2688,2688,False,True
3q2k1/5p2/p4p1p/3bpPrN/1p5Q/1P4RP/PPr3P1/6RK b - - 0 30,60,e2312,d8d6,257,21,g8f8,0.0156,0.0181,0.0228,0.0271,g5g3,g5g3,g5g3,g5g3,736.0,0.0271,0.0115,True,elite,03_elite_b3,2593,2718,2718,False,True
rn3rk1/pbpp1qpp/1p2pn2/5p2/P1PP1N2/2P1PPP1/6BP/R1BQ1RK1 b - - 0 12,24,e2315,b7a6,36,5,b8c6,0.0457,0.0301,0.0176,0.0107,d7d6,d7d6,a7a5,a7a5,139.0,0.0457,-0.035,True,elite,03_elite_b3,2561,2635,2635,False,True
3q4/4n1k1/p2pB1pp/1p2b3/3rb2P/P1N1B2Q/1P3PP1/R5K1 b - - 3 30,60,e2317,e4b7,-344,1,e4f5,0.0074,0.0093,0.0107,0.0136,d4d3,d4d3,d4d3,d4d3,181.0,0.0136,0.0062,True,elite,03_elite_b3,2551,2391,2391,False,True
r3rk2/1p2ppbp/2qp2p1/p1nN2B1/2P1P3/1P3P2/P4QPP/2RR2K1 b - - 3 20,40,e2320,b7b6,-129,3,h7h6,0.0142,0.0121,0.0087,0.0042,e7e6,e7e6,e7e6,e7e6,172.0,0.0142,-0.01,True,elite,03_elite_b3,2421,2521,2521,False,True
rn1qkb1r/pp3ppp/2p1pnb1/8/P1pP2P1/2N2N1P/1P2PPB1/R1BQK2R b KQkq - 2 8,16,e2321,b8a6,73,31,b8d7,0.0149,0.011,0.0092,0.0137,f8b4,f8b4,f8b4,f8b4,100.0,0.0149,-0.0012,True,elite,03_elite_b3,2450,2527,2527,False,True
1kr4r/4RB2/bq2Np1p/4pP2/p3P1P1/1Pp4Q/PP5P/1K5R b - - 0 28,56,e2324,b6b4,347,34,a4b3,0.0051,0.0044,0.0043,0.0059,c3c2,c3c2,c3c2,c3c2,370.0,0.0059,0.0008,True,elite,03_elite_b3,2548,2561,2561,False,True
r3r1k1/pp1n1pp1/3P1q1p/2p5/R3B3/Q5P1/PP1R1P1P/6K1 b - - 1 24,48,e2329,a8b8,-157,14,d7b6,0.0336,0.0372,0.0376,0.0319,a7a6,a7a6,a7a6,a7a6,110.0,0.0376,-0.0017,True,elite,03_elite_b3,2500,2321,2321,False,True
8/1p3p1k/3Q2pp/2p5/8/3B2P1/Pq3P1P/6K1 b - - 0 32,64,e2329,c5c4,-439,4,b2c1,0.0159,0.0113,0.0092,0.0115,b2a2,b2c1,b2c1,b2c1,118.0,0.0159,-0.0044,True,elite,03_elite_b3,2500,2321,2321,False,True
8/1p3p1k/3Q2pp/8/2p1B3/6P1/P4PKP/2q5 b - - 1 34,68,e2329,c1a1,-560,0,b7b5,0.0048,0.0035,0.0024,0.002,c4c3,c4c3,c4c3,c4c3,182.0,0.0048,-0.0028,True,elite,03_elite_b3,2500,2321,2321,False,True
r1bqr1k1/1p4bp/2ppn3/p3pP2/1PP5/P1NPB2P/3QNPK1/1R3R2 b - - 0 18,36,e2332,a5b4,98,7,e6d4,0.0114,0.0062,0.0059,0.0097,e6f8,e6f8,e6f4,e6f8,311.0,0.0114,-0.0017,True,elite,03_elite_b3,2474,2552,2552,False,True
r4rk1/2q1bpp1/b1p2n1p/p1n1p3/1P2P2B/2N1QN2/BPP2PPP/R2R2K1 b - - 0 16,32,e2336,f6g4,44,207,a5b4,0.005,0.0023,0.0013,0.0008,a5b4,a5b4,a5b4,a5b4,197.0,0.005,-0.0042,True,elite,03_elite_b3,2751,2686,2686,False,True
3q1k2/5p2/2p2p1p/4p3/B3P3/2r2P2/7P/4B1RK b - - 1 32,64,e2336,d8d3,560,70,c3f3,0.0035,0.0034,0.0037,0.0053,c3f3,c3f3,c3f3,c3f3,607.0,0.0053,0.0018,True,elite,03_elite_b3,2751,2686,2686,False,True
5r2/2pb2k1/1p1b3p/p1pNp1p1/2P1P3/3PBr2/PP3PKR/7R b - - 1 26,52,e2338,f8f6,-34,1,f3f6,0.0156,0.017,0.0184,0.0181,f8h8,f8h8,f8h8,f8h8,405.0,0.0184,0.0025,True,elite,03_elite_b3,2480,2604,2604,False,True
3r2r1/1pp1nk2/p2bpn2/4p1p1/P3P1Pp/1NPNBP1P/1P4K1/3R1R2 b - - 1 22,44,e2345,e7c6,-69,11,f6h7,0.048,0.0457,0.035,0.0225,b7b6,e7g6,e7g6,e7g6,155.0,0.048,-0.0255,True,elite,03_elite_b3,2644,2758,2758,False,True
r1rq1bk1/5pp1/1nn1p2B/3pP3/pp1P2NP/2PQ1NP1/1P3P2/R4RK1 b - - 0 24,48,e2347,c6e7,-145,103,b6c4,0.0075,0.0111,0.0155,0.0191,g7h6,g7h6,g7h6,g7h6,141.0,0.0191,0.0116,True,elite,03_elite_b3,2527,2454,2454,False,True
2rr2k1/3nbppp/p3pn2/qp6/3N4/1P2P1P1/PB1NQPKP/2R2R2 b - - 0 18,36,e2349,e7c5,25,7,f6d5,0.0041,0.0035,0.0027,0.0023,a5a2,a5a2,a5a2,a5a2,175.0,0.0041,-0.0018,True,elite,03_elite_b3,2416,2507,2507,False,True
3k4/2q3pp/pn2p3/1p3p2/3Pp3/P3P3/1P2BPPP/1N1K3R b - - 3 22,44,e2352,e6e5,435,11,b6d5,0.0231,0.0144,0.0115,0.0128,b6c4,b6c4,b6c4,b6c4,148.0,0.0231,-0.0103,True,elite,03_elite_b3,2568,2461,2461,False,True
r1b1kb1r/3n1ppp/p1n1p3/qpppP3/3P1P2/P1N1BN2/RPPQ2PP/4KB1R b Kkq - 2 10,20,e2353,a5c7,-25,0,a5b6,0.0079,0.0101,0.0117,0.0128,b5b4,b5b4,b5b4,c8b7,153.0,0.0128,0.0049,True,elite,03_elite_b3,2780,3060,3060,False,True
7r/1pkb1p1r/p2p2nP/8/3Qp3/8/PPP1B3/1K1R4 b - - 1 30,60,e2357,g6f8,-375,2,d7c6,0.0023,0.0015,0.0011,0.001,h7h6,h7h6,h7h6,h7h6,186.0,0.0023,-0.0013,True,elite,03_elite_b3,2725,2556,2556,False,True
2r3r1/1p2bQ2/p1k1P2p/3p4/3Pq3/1P3N1P/P1p3P1/2B2R1K b - - 2 32,64,e2360,e7b4,320,71,e4e2,0.0318,0.025,0.0199,0.0172,e4e2,c6d6,c6d6,c6d6,763.0,0.0318,-0.0146,True,elite,03_elite_b3,2556,2451,2451,False,True
r5k1/p4p2/2b3p1/2B2p2/1p5N/3Pn3/PPP3PP/R5K1 b - - 0 20,40,e2361,a8e8,-150,6,e3d5,0.0288,0.015,0.0091,0.0076,e3c2,e3c2,e3c2,e3c2,286.0,0.0288,-0.0212,True,elite,03_elite_b3,2655,2554,2554,False,True
r3kb1r/pp3pp1/2p1pP1p/q2p4/3P4/2Nb1P2/PPPQN1PP/R3K2R b KQkq - 0 12,24,e2362,d3c4,135,1,d3g6,0.0278,0.0155,0.0081,0.0059,d3e2,d3e2,d3e2,d3e2,104.0,0.0278,-0.0219,True,elite,03_elite_b3,2444,2503,2503,False,True
r1bqkbnr/pp3ppp/2n5/1N1Pp3/8/2P5/5PPP/R1BQKBNR b KQkq - 0 10,20,e2364,g8f6,-225,40,c6b8,0.0087,0.0068,0.0057,0.0026,c6e7,c6e7,c6e7,c6b8,214.0,0.0087,-0.0061,True,elite,03_elite_b3,2579,2504,2504,False,True
r1bq1bnr/p1Nk1ppp/p2P4/4p3/8/B1P5/5PPP/3QKBNR b K - 3 14,28,e2364,d8h4,-510,288,c8b7,0.0047,0.0036,0.0046,0.007,a8b8,a8b8,a8b8,a8b8,1487.0,0.007,0.0023,True,elite,03_elite_b3,2579,2504,2504,False,True
4rrk1/3q1p1p/2p2npQ/1p1pR1N1/p1nP1P2/P1P4P/2B3P1/R5K1 b - - 0 24,48,e2366,e8e7,84,43,c6c5,0.0046,0.004,0.0035,0.0032,c4e5,c4e5,c4e5,c4e5,2077.0,0.0046,-0.0014,True,elite,03_elite_b3,2528,2528,2528,False,True
1rb4r/ppN2kp1/6p1/2n1P3/4nP2/4B3/PPP3PP/R4RK1 b - - 2 18,36,e2368,b7b5,189,17,b7b6,0.0092,0.0047,0.0023,0.0018,c5e6,c5e6,c5e6,c5e6,453.0,0.0092,-0.0074,True,elite,03_elite_b3,2525,2682,2682,False,True
r1b2rk1/pp1n3p/2pbpq2/3p4/2PPp1p1/1P2P3/PB1NNPPP/R1Q2RK1 b - - 1 14,28,e2369,f8f7,125,18,h7h5,0.0254,0.0217,0.0147,0.012,f6h6,f6h4,f6h4,f6h4,110.0,0.0254,-0.0134,True,elite,03_elite_b3,2593,2585,2585,False,True
1r5k/5Q1p/p5pB/2q4P/2Bb4/1P5P/P4R2/5K2 b - - 2 32,64,e2375,c5d6,-654,3,c5e5,0.0023,0.0021,0.0022,0.0034,d4f2,d4f2,d4f2,d4f2,1345.0,0.0034,0.0011,True,elite,03_elite_b3,2721,2653,2653,False,True
r7/2k2p2/n1p1p3/1pPpPp1p/P2Pn3/1p2P2P/6P1/RR2B1K1 b - - 0 30,60,e2377,a6c5,22,255,b3b2,0.0137,0.0192,0.0289,0.0399,b5a4,b5a4,b5a4,b5a4,396.0,0.0399,0.0262,True,elite,03_elite_b3,2520,2534,2534,False,True
rn1q1rk1/pb2bppp/1p3n2/2pP4/8/2N2NP1/PP3PBP/R1BQR1K1 b - - 0 12,24,e2378,f8e8,-167,26,e7d6,0.0323,0.0314,0.0204,0.0169,f6d5,f6d5,f6d5,f6d5,308.0,0.0323,-0.0154,True,elite,03_elite_b3,2460,2624,2624,False,True
r3k2r/2p1nppp/pb2bq2/3p4/8/1N3N2/PPP1QPPP/R1B1R1K1 b kq - 7 14,28,e2386,e7f5,-15,38,h7h6,0.0193,0.0092,0.004,0.0013,e8g8,e8g8,e8g8,e8g8,414.0,0.0193,-0.018,True,elite,03_elite_b3,2567,2578,2578,False,True
r4rk1/p4pp1/2p1p2p/4Rq1n/8/P1Q5/PB3PPP/R5K1 b - - 7 22,44,e2387,h5f4,42,455,f5g6,0.0215,0.0153,0.0097,0.0046,f5g6,f5g6,f5g6,f5g6,464.0,0.0215,-0.0169,True,elite,03_elite_b3,2467,2532,2532,False,True
r5k1/5pp1/1qp1p3/p1bpP2Q/2P1r1NP/1P4P1/P4PK1/R6R b - - 2 22,44,e2389,c5e7,-42,48,a5a4,0.0122,0.0126,0.0121,0.0153,e4e2,e4e2,e4e2,e4e2,373.0,0.0153,0.0031,True,elite,03_elite_b3,2579,2584,2584,False,True
r4k2/5pp1/1qp1p3/2bpP1QP/p1P1r1N1/1P4P1/P4PK1/R6R b - - 0 24,48,e2389,b6d8,-37,61,c5e7,0.0128,0.0105,0.0082,0.0081,a4b3,e4g4,e4g4,e4g4,411.0,0.0128,-0.0047,True,elite,03_elite_b3,2579,2584,2584,False,True
r2r2k1/p3pp1p/B1n3p1/2P5/3P1P2/4K3/6PP/R1R5 b - - 0 22,44,e2391,a8b8,2,145,c6d4,0.0278,0.0311,0.0288,0.0211,c6d4,c6d4,d8d4,d8d4,531.0,0.0311,-0.0067,True,elite,03_elite_b3,2484,2623,2623,False,True
2r2rk1/5ppp/1pN5/1Qb1N3/8/P3q1P1/6BP/5R1K b - - 3 30,60,e2392,c8c7,-204,24,e3a3,0.0175,0.0209,0.0296,0.0421,e3a3,e3a3,e3a3,e3a3,138.0,0.0421,0.0246,True,elite,03_elite_b3,2476,2513,2513,False,True
3rr3/pp1nkp1p/4p1p1/6Nq/1P3Q2/8/P1P2PPP/3R1RK1 b - - 2 18,36,e2393,d7e5,-468,8,d7f6,0.0078,0.004,0.0023,0.0018,d7f6,d7f6,d7f6,d7f6,583.0,0.0078,-0.006,True,elite,03_elite_b3,2577,2429,2429,False,True
8/2P3kp/5pp1/8/PPQ5/2n1p1P1/3q1PKP/5R2 b - - 0 34,68,e2393,d2e2,-806,51,e3e2,0.0084,0.0066,0.0061,0.007,e3e2,e3e2,e3e2,e3e2,222.0,0.0084,-0.0014,True,elite,03_elite_b3,2577,2429,2429,False,True
5rk1/p3b1pp/2pp4/2p5/2P3Pn/1P1PP3/P6K/1R3R2 b - - 0 22,44,e2394,e7f6,351,18,h4f3,0.0164,0.0175,0.023,0.038,h4f3,h4f3,h4f3,h4f3,172.0,0.038,0.0216,True,elite,03_elite_b3,2474,2550,2550,False,True
r2q2k1/1p1b1pp1/pN3b1p/P1pP4/5Q1P/2N3P1/1P3PB1/6K1 b - - 2 30,60,e2403,f6d4,-93,3,a8a7,0.0081,0.0064,0.0061,0.0073,a8b8,a8b8,a8b8,a8b8,438.0,0.0081,-0.0008,True,elite,03_elite_b3,2552,2562,2562,False,True
3q2k1/rp1b1pp1/pN1Q3p/P1pP4/4N2P/6P1/1b3PB1/6K1 b - - 1 32,64,e2403,c5c4,-291,80,a7a8,0.0366,0.0322,0.0331,0.0344,b2d4,b2d4,b2d4,b2d4,100.0,0.0366,-0.0022,True,elite,03_elite_b3,2552,2562,2562,False,True
3r4/6kp/2p1B3/1p6/5KP1/4RP1P/1r6/8 b - - 0 34,68,e2417,d8e8,324,70,b2b4,0.0474,0.0474,0.0456,0.0441,b2b4,b2b4,b2b4,c6c5,184.0,0.0474,-0.0033,True,elite,03_elite_b3,2644,2484,2484,False,True
r2q1rk1/1p2ppBp/p2p2p1/8/Q1P1n3/2N4P/PP3PP1/R4RK1 b - - 0 14,28,e2422,e4c5,14,437,g8g7,0.0116,0.012,0.0169,0.0245,g8g7,g8g7,e4c3,e4c3,486.0,0.0245,0.0129,True,elite,03_elite_b3,2558,2516,2516,False,True
rn2k1nr/ppp1bppp/2b1p3/4q3/4NBQ1/P1N5/1PP2PPP/R3KB1R b KQkq - 3 10,20,e2428,h7h5,-16,32,g8h6,0.0299,0.0264,0.0227,0.018,e5d4,e5d4,e5d4,e5d4,292.0,0.0299,-0.0119,True,elite,03_elite_b3,2616,2511,2511,False,True
8/2k5/p2p1R2/2p5/7P/8/Pr3PP1/6K1 b - - 0 28,56,e2430,d6d5,92,75,c5c4,0.0128,0.0107,0.0126,0.0188,b2a2,b2a2,b2a2,b2a2,270.0,0.0188,0.006,True,elite,03_elite_b3,2760,2656,2656,False,True
1k1r4/pbp2R2/1p4p1/2n1P2p/P1P5/Bn4NB/6PP/6K1 b - - 1 26,52,e2435,b7c8,124,80,h5h4,0.0179,0.0243,0.0286,0.0396,d8d1,d8d1,d8d1,b3d4,473.0,0.0396,0.0217,True,elite,03_elite_b3,2426,2565,2565,False,True
1k1r4/pb6/1p4p1/P1p1P3/2P1n2p/B6B/3nN1PP/2R3K1 b - - 0 30,60,e2435,d2c4,373,185,d2b3,0.023,0.0185,0.015,0.0123,d2b3,d2b3,d2b3,d8d3,238.0,0.023,-0.0107,True,elite,03_elite_b3,2426,2565,2565,False,True
r1bq1rk1/6b1/pp1p3p/3Ppp2/P3P2p/1QN2P1P/1P4P1/2RRB1K1 b - - 0 22,44,e2437,g7f6,-102,43,a8b8,0.0253,0.0195,0.0186,0.0261,f5e4,f5f4,f5f4,d8g5,109.0,0.0261,0.0008,True,elite,03_elite_b3,2528,2444,2444,False,True
2n3k1/3b1pp1/P2p1n1p/N2Pp3/1q2P3/2N4P/5PP1/R1R3K1 b - - 3 28,56,e2441,g8h7,95,12,b4d4,0.0012,0.0016,0.0016,0.0028,c8a7,c8a7,c8a7,c8a7,114.0,0.0028,0.0016,True,elite,03_elite_b3,2411,2501,2501,False,True
2n3k1/5pp1/P1Pp1n1p/4p3/3qP3/2N4P/5PP1/R1R3K1 b - - 0 30,60,e2441,d4d2,-291,9,c8a7,0.0063,0.0038,0.0025,0.0025,c8a7,c8a7,c8a7,c8a7,234.0,0.0063,-0.0038,True,elite,03_elite_b3,2411,2501,2501,False,True
2r3rk/pp2b1pp/n2p1n2/3Pp1N1/4P3/P1N1B2q/1P2Q3/R2K2R1 b - - 1 22,44,e2443,g8f8,-583,25,h3h5,0.0005,0.0003,0.0003,0.0004,h3d7,h3d7,h3d7,h3d7,1416.0,0.0005,-0.0001,True,elite,03_elite_b3,2575,2742,2742,False,True
q1r2rk1/1b1nppbp/pp4p1/3pP3/P2Pn3/3B1N1P/1P1NQPPB/R3R1K1 b - - 2 18,36,e2446,d7b8,-113,17,g7h6,0.015,0.0171,0.0173,0.0159,e4d2,e4d2,e4d2,e4d2,164.0,0.0173,0.0009,True,elite,03_elite_b3,2515,2621,2621,False,True
5bk1/5p1p/1Q4q1/P7/6p1/6Pb/1P2rP1P/2RR2KB b - - 1 30,60,e2455,g6g7,-523,27,g6b6,0.0394,0.0343,0.0239,0.017,g6f5,g6f5,g6f5,g6f5,105.0,0.0394,-0.0224,True,elite,03_elite_b3,2443,2507,2507,False,True
rnq2rk1/4n1bp/p1p2pp1/Q1B1pb2/8/2N2NP1/PP2PPBP/R2R2K1 b - - 5 16,32,e2457,c8e8,-307,83,c8b7,0.0227,0.0128,0.01,0.0107,f8e8,f8e8,f8e8,f8e8,167.0,0.0227,-0.012,True,elite,03_elite_b3,2628,2511,2511,False,True
r5k1/p1q2p1p/1pnr1p2/3p1N1b/8/1P4PP/P3PPB1/2RQ1RK1 b - - 3 20,40,e2461,a8d8,-384,76,d6e6,0.0174,0.0125,0.0117,0.0127,d6e6,d6e6,d6e6,d6e6,147.0,0.0174,-0.0047,True,elite,03_elite_b3,2554,2469,2469,False,True
8/5ppk/2p5/1pn1P1Bp/8/1P6/P5PK/8 b - - 0 32,64,e2462,b5b4,242,63,h7g6,0.0053,0.0024,0.0024,0.003,h7g6,h7g6,h7g6,h7g6,177.0,0.0053,-0.0023,True,elite,03_elite_b3,2606,2469,2469,False,True
rnbkr3/pp4bp/6p1/5p2/4N3/6P1/PP2P1BP/R1B1NRK1 b - - 0 14,28,e2465,e8e4,-412,144,f5e4,0.0229,0.0281,0.0309,0.0288,f5e4,f5e4,f5e4,f5e4,150.0,0.0309,0.0059,True,elite,03_elite_b3,2457,2636,2636,False,True
2r2r1k/p4pb1/2n1pBp1/q2p3p/3P1N1P/1BP2P2/P2Q1P2/R3K1R1 b Q - 0 20,40,e2469,h8h7,-386,4,g7f6,0.0056,0.0051,0.0043,0.003,g7f6,g7f6,g7f6,g7f6,1610.0,0.0056,-0.0026,True,elite,03_elite_b3,2613,2519,2519,False,True
r1bq1r1k/pp2n1bp/2pp1np1/3Ppp2/2P1P1PP/2N1BP2/PP2B1K1/R2QNR2 b - - 1 14,28,e2473,b7b5,85,54,c6d5,0.0048,0.0015,0.0007,0.0008,f5f4,f5f4,f5f4,f5f4,200.0,0.0048,-0.004,True,elite,03_elite_b3,2583,2466,2466,False,True
7k/p5bp/3p4/3Pp1P1/1p2P2Q/5q2/PP2bB2/4R1K1 b - - 4 30,60,e2473,h8g8,-301,19,e2a6,0.0231,0.0243,0.0255,0.0327,e2d3,e2d3,e2d3,e2d3,270.0,0.0327,0.0096,True,elite,03_elite_b3,2583,2466,2466,False,True
6k1/1p6/2p1p3/2PpP1pq/PP1Pp2p/4P1nP/3B2P1/4Q1K1 b - - 0 34,68,e2479,h5e8,-76,14,g5g4,0.0133,0.0154,0.0202,0.027,g5g4,g5g4,g5g4,g5g4,367.0,0.027,0.0137,True,elite,03_elite_b3,2325,2509,2509,False,True
r2q1rk1/2n1ppbp/5np1/pp1PNb2/3P4/PBN5/1P3PPP/R1BQR1K1 b - - 8 14,28,e2483,f5d7,-214,2,b5b4,0.0012,0.0012,0.0011,0.0012,a5a4,f6d5,f6d5,f6d5,240.0,0.0012,0.0,True,elite,03_elite_b3,2662,2447,2447,False,True
r2q1rk1/p3bppp/1p2p3/2pnB3/3P4/4PN2/PP2QPPP/R2R2K1 b - - 1 14,28,e2484,d8e8,-54,16,c5d4,0.0061,0.0073,0.0093,0.0175,f7f6,f7f6,f7f6,f7f6,116.0,0.0175,0.0114,True,elite,03_elite_b3,2552,2373,2373,False,True
1rr4k/4qBb1/p3Pn1p/2p2Q2/1p6/1P4P1/PN3P1P/3RR1K1 b - - 4 28,56,e2485,f6g8,-507,14,c8d8,0.0351,0.0267,0.0202,0.0179,c8d8,f6h7,f6h7,c8d8,119.0,0.0351,-0.0172,True,elite,03_elite_b3,2570,2562,2562,False,True
2r1r1k1/3qbppp/ppbpp3/2pn4/P2P4/1QP1PN1P/1P2BPPB/R2R2K1 b - - 2 18,36,e2486,d7a7,-64,22,d7b7,0.0064,0.0095,0.0125,0.0171,b6b5,b6b5,b6b5,b6b5,299.0,0.0171,0.0107,True,elite,03_elite_b3,2492,2570,2570,False,True
4r1k1/p3rpp1/3q1n1p/1p6/5RPP/1B1P1Q2/PPP2RK1/8 b - - 0 24,48,e2487,d6d7,0,0,e7e3,0.0301,0.0264,0.0211,0.0187,e7e3,e7e3,e7e3,a7a5,142.0,0.0301,-0.0114,True,elite,03_elite_b3,2475,2620,2620,False,True
rnb2rk1/3n2pp/2p1pq2/p2p2N1/1pP4P/1P2P3/PNQPBP2/2KR3R b - - 1 16,32,e2488,f6h6,-233,129,g7g6,0.0204,0.019,0.0194,0.015,g7g6,g7g6,g7g6,g7g6,121.0,0.0204,-0.0054,True,elite,03_elite_b3,2515,2617,2617,False,True
1r4k1/4P3/2p2qp1/r5N1/P4P2/1P2P3/1NQP4/2KR3R b - - 0 28,56,e2488,b8e8,-858,68,c6c5,0.0288,0.0259,0.0209,0.0205,f6e7,f6e7,f6e7,f6e7,1138.0,0.0288,-0.0083,True,elite,03_elite_b3,2515,2617,2617,False,True
r4r2/pp3bkp/2nq4/3Np3/1PB1p3/2P2PP1/P2Q4/2KR3R b - - 1 24,48,e2493,h7h5,-241,3,f7d5,0.0057,0.0049,0.0049,0.0071,e4f3,e4f3,e4f3,e4f3,431.0,0.0071,0.0014,True,elite,03_elite_b3,2574,2584,2584,False,True
r4r2/pp1Q4/2n3B1/4p1k1/1P6/2P2pP1/P7/2K4R b - - 0 30,60,e2493,c6d4,-878,105,g5g6,0.0003,0.0002,0.0002,0.0002,g5g6,g5g6,g5g6,g5g6,1118.0,0.0003,-0.0001,True,elite,03_elite_b3,2574,2584,2584,False,True
1r6/4pb1k/3q2p1/p6p/P7/5P1P/3B2P1/2Q1R2K b - - 2 32,64,e2494,b8b7,-174,5,b8a8,0.0141,0.019,0.0287,0.0391,b8a8,b8a8,b8a8,b8d8,118.0,0.0391,0.025,True,elite,03_elite_b3,2681,2582,2582,False,True
5rk1/6pn/p5p1/2pPpq2/1pP4r/1P2B2P/P3RPQK/6R1 b - - 9 32,64,e2495,f5h5,103,24,h7f6,0.0463,0.0488,0.0452,0.0394,h7f6,h7f6,h7f6,h7f6,159.0,0.0488,-0.0069,True,elite,03_elite_b3,2525,2620,2620,False,True
r2q1rk1/2p2ppp/p2p1b2/Pp1Pn2b/8/2P2N1P/1P1N1PP1/R1BQR1K1 b - - 1 16,32,e2496,d8c8,174,64,e5d3,0.0051,0.006,0.0066,0.005,e5d3,e5d3,e5d3,e5d3,144.0,0.0066,-0.0001,True,elite,03_elite_b3,2515,2431,2431,False,True
r4rk1/2Q3pp/p7/P2Pp1qb/5p2/3R3P/1P3PP1/4RNK1 b - - 0 30,60,e2496,g5g6,-112,30,a8e8,0.0046,0.0037,0.0025,0.0017,f4f3,f4f3,f4f3,f4f3,113.0,0.0046,-0.0029,True,elite,03_elite_b3,2515,2431,2431,False,True
